"id","company_id","company_name","title","post_url","job_description","qualifications","preferred_qualifications","hiring_process","benefits","hiring_message","location","employment_type","salary","work_hours","posted_at","deadline_at","status","crawled_at","first_seen_at","is_active"
"1","7060","(주)다스콘","입사지원 | 채용공고 | 서울아산병원","https://recruit.amc.seoul.kr/recruit/career/list.do?codeFirst=T04005","입사지원 채용공고 검색 구분 --직군-- 의사직 일반직 --대직종-- --소직종-- 검색 검색 총 119건 입니다. 보안관리팀 보안원(기능) 모집 지원기간 : 2026.03.24(화) 14:00 ~ 2026.03.31(화) 23:00 D-7 임상시험센터 기능직(CTA) 모집 지원기간 : 2026.03.24(화) 13:00 ~ 2026.03.31(화) 23:00 D-7 특수검사팀 임상병리사 모집 지원기간 : 2026.03.24(화) 14:00 ~ 2026.03.29(일) 23:00 D-5 원무팀 사무직 모집 지원기간 : 2026.03.24(화) 12:00 ~ 2026.03.29(일) 23:00 D-5 [모집연장] 시설팀 기술직(자동화/통신) 모집 지원기간 : 2026.03.09(월) 15:00 ~ 2026.03.29(일) 23:00 D-5 [모집연장] 특수검사팀(장기이식센터) 간호사 모집 지원기간 : 2026.03.12(목) 14:00 ~ 2026.03.22(일) 23:00 마감 외래간호팀 간호사 모집 지원기간 : 2026.03.18(수) 12:00 ~ 2026.03.22(일) 23:00 마감 건진운영팀 기능직(조무) 모집 지원기간 : 2026.03.17(화) 14:00 ~ 2026.03.24(화) 23:00 D-0 [모집연장] 시설팀 기술직(설비) 모집 지원기간 : 2026.03.09(월) 15:00 ~ 2026.03.23(월) 23:00 마감 영상의학팀 간호사 모집 지원기간 : 2026.03.16(월) 15:00 ~ 2026.03.22(일) 23:00 마감 처음으로 이전페이지 1 2 3 4 5 6 7 8 9 10 다음페이지 마지막으로","","","","","","","","","","","","active","2026-03-24T14:55:45.188797","2026-03-24T14:55:45.188816","True"
"2","7060","(주)다스콘","입사지원 | 채용공고 | 서울아산병원","https://recruit.amc.seoul.kr/recruit/career/list.do","입사지원 채용공고 검색 구분 --직군-- 의사직 일반직 --대직종-- --소직종-- 검색 검색 총 135건 입니다. 보안관리팀 보안원(기능) 모집 지원기간 : 2026.03.24(화) 14:00 ~ 2026.03.31(화) 23:00 D-7 임상시험센터 기능직(CTA) 모집 지원기간 : 2026.03.24(화) 13:00 ~ 2026.03.31(화) 23:00 D-7 특수검사팀 임상병리사 모집 지원기간 : 2026.03.24(화) 14:00 ~ 2026.03.29(일) 23:00 D-5 원무팀 사무직 모집 지원기간 : 2026.03.24(화) 12:00 ~ 2026.03.29(일) 23:00 D-5 [모집연장] 시설팀 기술직(자동화/통신) 모집 지원기간 : 2026.03.09(월) 15:00 ~ 2026.03.29(일) 23:00 D-5 내과 당직전담(촉탁의사) 초빙 지원기간 : 2026.03.09(월) 18:00 ~ 2026.03.29(일) 18:00 D-5 서울아산병원 진료교수 초빙 지원기간 : 2026.03.09(월) 18:00 ~ 2026.03.29(일) 18:00 D-5 서울아산병원 입원전담전문의(Hospitalist) 초빙 지원기간 : 2026.03.09(월) 18:00 ~ 2026.03.29(일) 18:00 D-5 [모집연장] 특수검사팀(장기이식센터) 간호사 모집 지원기간 : 2026.03.12(목) 14:00 ~ 2026.03.22(일) 23:00 마감 2026년 임상강사 모집 (추가) 지원기간 : 2026.03.18(수) 16:00 ~ 2026.03.18(수) 19:00 마감 처음으로 이전페이지 1 2 3 4 5 6 7 8 9 10 다음페이지 마지막으로","","","","","","서울","","","","","","active","2026-03-24T14:55:51.894876","2026-03-24T14:55:51.894905","True"
"3","31697","SM C&amp;C","법인영업 담당 신입/경력직 채용","https://careers.smcultureandcontents.com/ko/o/129054","신규 고객사 ​발굴 ​및 영업(기업체 ​공개 입찰, ​PT참여) 출장 ​관련 고객사 관리/유지 ​및 컴플레인 ​응대, VIP CARE 서비스 등 영업 관련 전반적인 업무 고객사 출장지 맞춤 비자 안내 및 대행 서비스 고객사 월간·분기별 항공,비자,호텔 리포트 작성 ﻿연간 항공 트렌드 분석 리포트 작성","전문학사 ​이상 학위를 ​소지하신 분 신입 또는 관련 ​경력 ​1년 이상 ​12년 이하 이신 ​분 유관부서 및 ​외부 ​관계자들과 원활한 ​커뮤니케이션 ​역량 ​보유하신 분 (문서작성/PT포함) 해외출장에 ​결격사유가 ​없으신 분","영어 ​회화 ​가능하신 분","Search Jobs 법인영업 담당 신입/경력직 채용 구분 여행사업부문 마감기한 2026년 03월 30일, 14:59 D -6 직군 법인영업 경력사항 경력 무관 고용형태 정규직 근무지 (주)에스엠컬처앤콘텐츠 대한민국 서울특별시 성동구 왕십리로 83-21 📢 모집직무 법인영업 ​ 📢 ​","건강검진","","서울","정규직","","","2026-02-28","2026-03-30","active","2026-03-24T21:43:36.953539","2026-03-24T15:17:59.999932","True"
"4","31697","SM C&amp;C","광고기획(AE) 담당 경력직 채용","https://careers.smcultureandcontents.com/ko/o/203141","IMC/광고 ​캠페인 전략 ​수립 ​및 기획 클라이언트 ​커뮤니케이션 및 ​프로젝트 ​실행 미디어 집행 및 ​운영 관리 프로모션, ​SNS, Viral, OOH 및 디지털, 기타 캠페인 관련 콘텐츠 기획 및 운영 신규 광고주 개발을 위한 경쟁PT","학사 ​이상 ​학위를 소지하신 ​분 관련 경력 8년 이상 ​12년 ​이하 이신 ​분 광고대행사 AE 직무 ​경력 보유하신 ​분 경쟁PT ​및 IMC/광고캠페인 ​제안, ​실행 ​경험 보유하신 분 클라이언트 ​직접 ​응대 및 캠페인 ​진행 ​경험 ​보유하신 분","하며, 면접 시 관련 서류 제출 요청할 수 있습니다. 입사 시 제출 서류에 허위 사실이 있을 경우 채용이 취소될 수 있습니다. 제출하신 서류는 채용절차의 공정화에 관한 법률 제11조에 의거하여 추후 반환 청구 가능합니다. 단, 홈페이지 또는 전자우편으로 제출했거나 회사의 요구 없이 자발적으로 제출한 경우에는 반환 대상에서 제외됩니다. 공유하기 지원하기 광고기획(AE) 담당 경력직 채용 📢 모집직무 광고기획(AE) 📢 ​ 자격요건 학사 ​이상 ​학위를 소지하신 ​분 관련 경력 8년 이상 ​12년 ​이하 이신 ​분 광고대행사 AE 직무 ​경력 보유하신 ​분 경쟁PT ​및 IMC/광고캠페인 ​제안, ​실행 ​경험 보유하신 분 클라이언트 ​직접 ​응대 및 캠페인 ​진행 ​경험 ​보유하신 분 📢 담당업무 IMC/광고 ​캠페인 전략 ​수립 ​및 기획 클라이언트 ​커뮤니케이션 및 ​프로젝트 ​실행 미디어 집행 및 ​운영 관리 프로모션, ​SNS, Viral, OOH 및 디지털, 기타 캠페인 관련 콘텐츠 기획 및 운영 신규 광고주 개발을 위한 경쟁PT 📢 채용절차 서류전형 → 1차 면접 → 2차 면접 → 처우협의 → 건강검진 → 최종합격 전형 단계 추가 등 변동 있을 수 있으며, 전형 대상자에 한하여 별도의 증빙서류 제출을 요청할 수 있습니다. 📢 기타사항 서류전형은 공고 마감일로부터 최대 4주 소요될 수 있습니다. 본 채용 건은 정규직 채용 건이며, 입사 시 수습기간 3개월 적용될 예정입니다. 해외여행에 결격 사유가 없으며, 남성의 경우 군필자 또는 면제자에 한해서만 지원 가능합니다. 보훈대상자 및 장애인 등 취업보호대상자는 관계 법령에 따라 우대하며, 면접 시 관련 서류 제출 요청할 수 있습니다. 입사 시 제출 서류에 허위 사실이 있을 경우 채용이 취소될 수 있습니다. 제출하신 서류는 채용절차의 공정화에 관한 법률 제11조에 의거하여 추후 반환 청구 가능합니다. 단, 홈페이지 또는 전자우편으로 제출했거나 회사의 요구 없이 자발적으로 제출한 경우에는 반환 대상에서 제외됩니다. 구분 광고사업부문 마감기한 2026년 04월 02일, 14:59 D -9 직군 광고기획(AE) 경력사항 경력 4년 이상 고용형태 정규직 근무지 (주)에스엠컬처앤콘텐츠 대한민국 서울특별시 성동구 왕십리로 83-21 지원하기 공유하기 SM Culture & Contents © SM Culture & Contents. ALL RIGHTS RESERVED. 개인정보 처리방침 서비스 이용약관 made with Greeting","Search Jobs 광고기획(AE) 담당 경력직 채용 구분 광고사업부문 마감기한 2026년 04월 02일, 14:59 D -9 직군 광고기획(AE) 경력사항 경력 4년 이상 고용형태 정규직 근무지 (주)에스엠컬처앤콘텐츠 대한민국 서울특별시 성동구 왕십리로 83-21 📢 모집직무 광고기획(AE) 📢 ​","건강검진","","서울","정규직","","","2026-03-03","2026-04-02","active","2026-03-24T21:43:37.756528","2026-03-24T15:18:02.965401","True"
"5","31697","SM C&amp;C","광고전략(AP) 담당 신입/경력직 채용","https://careers.smcultureandcontents.com/ko/o/207733","경쟁 PT 커뮤니케이션 전략 수립 주요 광고주의 Annual 프로젝트 브랜드 진단 및 컨설팅 소비자 정량/정성 조사 설계 및 분석 영 타겟 트렌드 조사 및 분석","학사 ​이상 ​학위를 소지하신 ​분 신입 또는 관련 경력 ​6년 ​이하 이신 ​분 소비자 조사(정량/정성)에 ​대한 이해도가 ​있으신 ​분 조사 데이터, ​버즈량 ​등 ​빅데이터에 대한 이해도가 ​있으신 ​분 최신 트렌드, 라이프스타일, ​타겟 ​등에 ​대한 관심과 인사이트가 ​있으신 분 브랜드/커뮤니케이션 ​이론 ​및 업계 ​동향에 대한 ​이해도가 ​있으신 분 AI툴에 대한 ​이해 및 ​활용 경험 보유하신 분","브랜딩, 광고, 사회과학, 마케팅 관련 전공하신 분 광고대행사 업무 경력 보유하신 분","Search Jobs 광고전략(AP) 담당 신입/경력직 채용 구분 광고사업부문 마감기한 2026년 04월 02일, 14:59 D -9 직군 광고전략 경력사항 경력 무관 고용형태 정규직 근무지 (주)에스엠컬처앤콘텐츠 대한민국 서울특별시 성동구 왕십리로 83-21 📢 모집직무 광고전략(AP) 📢 ​","건강검진","","서울","정규직","","","2026-03-03","2026-04-02","active","2026-03-24T21:43:38.239510","2026-03-24T15:18:05.661432","True"
"6","31697","SM C&amp;C","SM C&C 채용","https://careers.smcultureandcontents.com/ko/guide2","About Process Search Jobs Job Openings 채용 공고 구분 여행사업부문 광고사업부문 직군 광고기획(AE) 법인영업 MICE/행사 광고전략 경력사항 경력 경력 무관 고용형태 정규직 근무지 (주)에스엠컬처앤콘텐츠 필터 광고전략(AP) 담당 신입/경력직 채용 광고사업부문 광고전략 경력 무관 정규직 (주)에스엠컬처앤콘텐츠 2026. 04. 02, 14:59까지 D -9 광고기획(AE) 담당 경력직 채용 광고사업부문 광고기획(AE) 경력 4년 이상 정규직 (주)에스엠컬처앤콘텐츠 2026. 04. 02, 14:59까지 D -9 MICE/행사 기획 및 운영 담당 채용 여행사업부문 MICE/행사 경력 무관 정규직 (주)에스엠컬처앤콘텐츠 2026. 04. 06, 14:59까지 D -13 법인영업 담당 신입/경력직 채용 여행사업부문 법인영업 경력 무관 정규직 (주)에스엠컬처앤콘텐츠 2026. 03. 30, 14:59까지 D -6 SM Culture & Contents © SM Culture & Contents.","","","Search Jobs Job Openings 채용 공고 구분 여행사업부문 광고사업부문 직군 광고기획(AE) 법인영업 MICE/행사 광고전략 경력사항 경력 경력 무관 고용형태 정규직 근무지 (주)에스엠컬처앤콘텐츠 필터 광고전략(AP) 담당 신입/경력직 채용 광고사업부문 광고전략 경력 무관 정규직 (주)에스엠컬처앤콘텐츠 2026. 04. 02, 14:59까지 D -9 광고기획(AE) 담당 경력직 채용 광고사업부문 광고기획(AE) 경력 4년 이상 정규직 (주)에스엠컬처앤콘텐츠 2026. 04. 02, 14:59까지 D -9 MICE/행사 기획 및 운영 담당 채용 여행사업부문 MICE/행사 경력 무관 정규직 (주)에스엠컬처앤콘텐츠 2026. 04. 06, 14:59까지 D -13 법인영업 담당 신입/경력직 채용 여행사업부문 법인영업 경력 무관 정규직 (주)에스엠컬처앤콘텐츠 2026. 03. 30, 14:59까지 D -6 SM Culture & Contents © SM Culture & Contents. ALL RIGHTS RESERVED. 개인정보 처리방침 서비스 이용약관 made with Greeting","","","","정규직","","","2026-03-03","2026-04-02","active","2026-03-24T21:43:43.545896","2026-03-24T15:18:06.829401","True"
"7","15","(주)이루온","주메뉴","http://www.inssys.co.kr/p/recruit","채용안내 Recruit Home > 고객지원 > 채용안내 채용절차 이루온의 꿈을 함께 이룰 분들을 찾습니다. 이루온은 언제나 여러분을 향해 열려 있습니다. 01 서류전형: 지원분야 및 희망 연봉 필히 기재 02 면접전형: 서류전형 합격자 개별통보 03 임원면접: 합격통보 자격/근무/복지 우대 및 공통 자격 요건 <공통 자격 요건> 컴퓨터, 전산, 통신 및 관련학과 졸업자 정보통신, IT, 모바일 분야 관심자 해외여행에 결격사유가 없는 자 남자의 경우 병역필 또는 면제자 <우대 요건> 유무선 통신솔루션 개발 및 운용 경력자 이동통신사 PM 및 Project 경험자 관련 자격증 소지자 복지제도 건강검진 지원 경조휴가 및 경조금 지원 선택적 복리후생 지원 (교육, 의료, 문화, 체육, 도서 등) 유류비, 통신비, 석식, 교통비, 워크샵 지원 명절 선물 및 기념일 지원 콘도미니엄, 까페테리아 운영 장기근속 포상금 및 포상휴가 지원 직무발명시 포상금 지급 근무시간 및 급여 주 5일 근무 09:00 - 18:00 연공 및 서열을 중시하기보다는 개인의 특성과 업적을 우대하는 제도 모집분야 및 자격요건 국내영업 -이동통신 솔루션 영업 경력 -IT분야 영업/기획/마케팅/프로젝트 관리 경력 해외영업 -유무선 통신 솔루션 개발 및 컨설팅 -IT서비스 기획 및 해외영업 -영어 의사소통 및 해외근무 가능 연구개발(R&D) -유무선 통신 솔루션 개발 -유무선 멀티미디어 서비스 개발 -통신 시스템 개발 및 PM -통신 Protocol 개발 -Linux/Unix 기반 C/C++ 개발 -네트워크, DB프로그래밍 개발 -Web 및 Java 프로그래밍 개발 -멀티미디어 플랫폼/서비스 개발 기술지원(SE) -유무선 통신 시스템 및 서비스 운용 관리 -IT Network Infra 운용 관리 -DB 시스템 운용 관리 -국내/외 고객사 운용 지원 입사지원 입사지원 방법 입사지원서를 다운받아 작성하신 후 이메일이나 우편으로 보내주시기 바랍니다. 지원문의 연락처 : 070-4489-1000 이메일 : jjh0920@eluon.com / kangsh@eluon.com 주의사항 입사지원서의 기재내용이 허위로 판명될 경우, 합격 및 입사가 취소됩니다.","<공통 자격 요건> 컴퓨터, 전산, 통신 및 관련학과 졸업자 정보통신, IT, 모바일 분야 관심자 해외여행에 결격사유가 없는 자 남자의 경우 병역필 또는 면제자 <우대 요건> 유무선 통신솔루션 개발 및 운용 경력자 이동통신사 PM 및 Project 경험자 관련 자격증 소지자 복지제도 건강검진 지원 경조휴가 및 경조금 지원 선택적","및 공통 자격 요건 <공통 자격 요건> 컴퓨터, 전산, 통신 및 관련학과 졸업자 정보통신, IT, 모바일 분야 관심자 해외여행에 결격사유가 없는 자 남자의 경우 병역필 또는 면제자 <우대 요건> 유무선 통신솔루션 개발 및 운용 경력자 이동통신사 PM 및 Project 경험자 관련 자격증 소지자 복지제도 건강검진 지원 경조휴가 및 경조금 지원 선택적","이루온의 꿈을 함께 이룰 분들을 찾습니다. 이루온은 언제나 여러분을 향해 열려 있습니다. 01 서류전형: 지원분야 및 희망 연봉 필히 기재 02 면접전형: 서류전형 합격자 개별통보 03 임원면접: 합격통보 자격/근무/복지 우대 및 공통 자격 요건 <공통 자격 요건> 컴퓨터, 전산, 통신 및 관련학과 졸업자 정보통신, IT, 모바일 분야 관심자 해외여행에 결격사유가 없는 자 남자의 경우 병역필 또는 면제자 <우대 요건> 유무선 통신솔루션 개발 및 운용 경력자 이동통신사 PM 및 Project 경험자 관련 자격증 소지자 복지제도 건강검진 지원 경조휴가 및 경조금 지원 선택적","건강검진, 경조사비, 경조휴가, 식대, 운동비","","","","","","","","active","2026-04-14T12:44:54.754719","2026-03-24T16:19:04.022322","True"
"8","38","아이티센","People & Culture","https://itcen.com/empmn/culture/page.do","People & Culture ITCEN GROUP ITCEN FAMILY 제품/서비스 인사이트 지속가능경영 뉴스룸 채용 People & Culture 채용정보 채용공고 창의, 열정, 봉사의 그룹 핵심가치에 기반해 개인의 개성과 다양성을 존중하며 창의적인 인재를 육성합니다. 지원하기 People & Culture 채용정보 안내 인재상 Creativity 다양한 시각과 열린 마음으로 기존 업무방식을 과감히 혁신하고, 지속적인 학습으로 새로운 가치개발을 위해 노력하는 인재 Energy 목표달성을 향하여 끊임없이 노력하고, 당면과제의 적극적인 해결을 위해 책임감 있게 업무에 최선을 다하는 인재 National Service 고객에 대한 자발적 행동으로 진심이 담긴 서비스를 제공하며, 나눔을 통한 사회 기여를 할 수 있도록 노력하는 인재 Core Perspective Credibility 신뢰할 수 있는 리더 축적된 경험과 전문화된 지식으로 고객의 디지털 전환을 가속하며 고객과의 신뢰를 리드합니다. Evolution 혁신적인기술 시장에 대한 폭 넓은이해를 통해 끊임없이 기술 진화를 실현하며 시장을 새롭게 혁신합니다. Next Value 지속 가능한 가치 복잡한 고객 니즈에 맞춰 새로운 경험을 구현하고 기업의 지속 가능한 시너지 창출을 통해미래가치를 발굴합니다. Culture People Life 워라벨 유연한 근무제도로 삶과 업무의 균형을 지원합니다. 유연근무제도 선택적 근로시간제를 도입하여 업무에 따라 근로시간을 자유롭게 설정할수 있어요 Family Day 운영 매월 2, 4번 째 금요일은 1시간 조기 퇴근해서 가족들과 즐거운 시간을 보낼 수 있도록 지원해요 휴양시설 운영 전국 각지에 있는 휴양소를 활용해 직원들의 Refresh를 지원해요 가족친화제도 가족 돌봄 휴직, 육아휴직, 임시 육아기 단축근무 제도를 운영해요 단체 휴무일 운영 징검다리 연휴를 단체 휴무일로 지정하여 직원들의 휴식을 지원해요 생활지원 편리한 일상을 위해 다양한 생활 복지 혜택을 제공합니다. 복지포인트 제도 쇼핑, 여행, 문화, 운동 등 자유롭게 쓸 수 있는 복지포인트 제도를 운영해요 통신비 지원 직군별 / 근무형태별로 매월 통신비를 지원해요 경조사 지원 경조사 발생 시 경조금과 경조 휴가를 지급해요 학자금 지원제도 고등학생, 대학생 자녀가 있는 임직원을 대상으로 분기별 교육비를 지원해요 내일채움공제 운영 사업기준을 충족하는 신입사원들을 대상으로 목돈 마련에 힘을 보태요 퇴직 연금 제도 임직원의 퇴직금 보호 및 관리를 위해 퇴직 연금에 가입했어요 명절 상여 지원 직원들의 행복한 명절 연휴를 응원하며 명절 상여를 年 2회 지급해요 보육수당 지원 5~7세 자녀를 양육하는 직원에게 자녀 수 제한 없이 수당을 지급해요 인센티브 제도 운영 성과가 있는 곳에 보상을! 수익을 직원들과 함께 나눠요 사내 카페 운영 그룹 내 장애인 표준사업장 '카페드센'을 통해 맛있는 음료를 저렴하게 이용할 수 있어요 건강 검진 지원 직급에 따른 건강검진을 지원하며, 복지포인트를 활용한 할인 혜택을 적용해요 육성지원 다양한 교육 프로그램으로 빠른 업무 적응과 역량 강화를 지원합니다. 우수 사원 포상 근무 성과가 우수하고 모범이 되는 직원은 포상금을 받아요 역량 개발 제도 개인별 자기주도적 경력개발을 위한 CDP(Career Development Plan) 제도를 시행해요 멘토링 프로그램 신입사원의 빠른 업무적응과 조직문화 내재화를 위해 밀착형 멘토 프로그램을 시행해요 Fast Track 운영 승진 포인트제도를 운영하여 고성과자들의 빠른 승진을 보장해요 자격 취득 축하금 지원 직무 유관 자격 취득에 필요한 비용을 지원해요 직무 전문가 보상 Cloud Expert제도, Architect Expert제도, PM등급 인증제도를 운영하며 직무전문가로 성장 시 직무 수당을 지급해요 사내 추천제도 회사 성장에 필요한 인력을 추천하여 입사할 경우 인재 추천 장려금을 지원해요 근무환경 쾌적한 업무 공간으로 일하기 좋은 환경을 조성합니다. 아이티센타워(과천) 아이티센타워(과천사옥) 피트니스센터(B1) 카페드센(1층/로비, 2호점) 다이닝라운지(2층) 제안센터/교육장(3층) 그랜드홀(15층) 아이티센빌딩(서초) 아이티센빌딩(서초사옥) 전산센터(B1층) 카페드센(1층) 거점오피스(2층) 하늘공원(7층) 알림","","","","건강검진, 경조사비, 경조휴가, 교육비, 상여금, 인센티브, 퇴직금","","","파트타임","","","","","active","2026-04-14T12:46:41.126173","2026-03-24T16:21:26.760095","True"
"9","16","웨이브글로벌","PI/PD","http://www.wave-global.com/recruitment-information.html#job-57cced74-1","4년제 대졸이상 석사우대 Chip Top 경험자 우대, Hierarchy Desing 경험,Blook partiton, Top CTS CPU/GPU DDR Hardening경험자 우대 P&R Experience Floorplan, Place& Route CTS,STA,DRC/LVS IR DROP 파운드리 공정 (TSMC, 삼성, GF 등 130nm ~28nm,14nm 이하 경험자 우대)","",", Hierarchy Desing 경험,Blook partiton, Top CTS CPU/GPU DDR Hardening경험자 우대 P&R Experience Floorplan, Place& Route CTS,STA,DRC/LVS IR DROP 파운드리 공정 (TSMC, 삼성, GF 등 130nm ~28nm,14nm 이하 경험자 우대)","","","","","","","","","","active","2026-04-14T12:45:28.086754","2026-03-24T16:22:48.849091","True"
"10","16","웨이브글로벌","SoC","http://www.wave-global.com/recruitment-information.html#job-a5cad1b3-2","4년제 대졸이상 석사우대 디지털 로직 구현을 위한 EDA Software의 이해 로직 합성과 타이밍 분석에 대한 개념 이해 TCL/C-shell 언어에 대한 경험 우선 VHDL or Verilog HDL 언어에 대한 이해와 경험","","","","","","","","","","","","active","2026-03-24T16:22:48.857492","2026-03-24T16:22:48.857516","True"
"11","56","인젠트","개인정보처리방침","https://www.inzent.com/recruit_jobintro.php","채용정보 인재상 복리후생 직무소개 FAQ 채용공고 내일을 함께할 IT Player 를 기다립니다 . 지원하고 싶은 분야를 선택해 주세요 . 개발 인젠트 IT Player 와 함께 하세요 . 디지털사업실 ECM사업팀 자사 솔루션(Xtorm 솔루션) 개발 외부/내부 프로젝트 수행(ECM 솔루션 기반) Web Service 또는 interface 개발 Data migration 자격 조건 Java, Web 개발자 - JSP, Java Script 우대사항 DB 및 WAS에 대한 기본적인 이해 PPR사업팀 Formula 솔루션 개발 - 솔루션 UI 및 Interface 모듈개발 - Java 기반 Unix용 전자서식 모듈 개발 Formula 솔루션 커스터마이징 전자서식 비즈니스 룰 관리 Core 개발 자격 조건 JSP, Java 웹 개발 경험 MFC, C++ 우대사항 Java JSP / C#, C++ 개발경험 퍼블리싱 가능자 금융사 PPR(전자창구) 구축 PJT경험 플랫폼사업실 iGate 사업팀 금융권 iGate 연계 사업 수행 - MCI/FEP 설계 및 구축 API G/W 사업 수행 - API G/W 설계 및 구축 iGate / APIM 기술지원 및 유지보수 자격 조건 Java, DBMS 필수 SQL 가능 우대사항 K8S이용 클라우드 개발 경험자 우대 프로토콜 (RESTful, SOCKET, SOAP, HTTP, HTTPs 등) 개발 경험자 우대 PM 가능자 우대 eCross 사업팀 eCross 사업팀 프로젝트 수행 - 데이터 연계/AP 연계 개발 - eCross 컴포넌트 및 제품 관련 모듈 개발 자격 조건 Java 개발자 SQL 가능 우대사항 K8S이용 클라우드 개발 경험자 우대 프로토콜 (RESTful, SOCKET, SOAP, HTTP, HTTPs 등) 개발 경험자 우대 PM 가능자 우대 APIM 사업팀 APIM 유지관리 및 개발 API G/W 거래생성 및 업무 연계 마이데이터, 오픈뱅킹 REST API 자격 조건 Java, HTTP Rest API, DBMS 필수 우대사항 HTML/ jQuery/ Vue.js/ React.js 우대 Digital Transfomation 이해자 우대 프로토콜 (RESTful, SOCKET, SOAP, HTTP, HTTPs 등) 개발 경험자 우대 문서중앙화 사업실 문서중앙화사업팀 자사 솔루션(XEDM 솔루션)사업 수행 기존 문서 migration Develop(자동화 프로그램 개발) 솔루션 개발 및 프로젝트 구축 관련 API 개발 문서중앙화 Filter 및 Plug-in 자격 조건 Java, jSP, 웹 개발 우대사항 퍼블리싱 가능자 우대 프로토콜 (RESTful, SOCKET, SOAP, HTTP, HTTPs 등) 개발 경험자 우대 문서중앙화 R&D XEDM Agent 웹뷰 화면 개발 XEDM 웹,관리자,모바일 화면 개발 SW52 사용자 프론트엔드 유지보수 개발 자격 조건 알고리즘,모바일 객체지향 설계 Vue.js 프레임워크 R&D Center eCross R&D EAI / ESB 기술을 바탕으로 한 미들웨어 솔루션 개발 이기종간의 데이터 전송을 위한 기술 개발 TCP, HTTP, SOAP, REST 등 다양한 메시지 처리를 위한 Gateway 개발 자격 조건 JAVA 필수 iGate R&D팀 솔루션 개발 프로젝트 기술지원 신기술 연구 자격 조건 Java / JavaScript / SQL 필수 MCI/EAI/FEP 개발 경험 우대사항 NoSQL(MongoDB) 개발 경험 우대 데이터 사업실 데이터사업1팀 PostgreSQL 유지보수 및 구축 프로젝트 수행 PostgreSQL DBMS Version release에 따른 R&D On-premise, Cloud 환경에서 eXperDB 구축 및 Migration 자격 조건 PostgreSQL 사용 가능 Oracle 사용 가능 우대사항 DBMS 관련 프로젝트 경험자 우대 DA, DBA 등 DBMS 관련 직무 경험자 우대 K8S이용 등 클라우드 경험자 우대 데이터사업2팀 PostgreSQL 유지보수 및 구축 프로젝트 수행 PostgreSQL DBMS Version release에 따른 R&D On-premise, Cloud 환경에서 eXperDB 구축 및 Migration 자격 조건 PostgreSQL 사용 가능 Oracle 사용 가능 우대사항 DBMS 관련 프로젝트 경험자 우대 DA, DBA 등 DBMS 관련 직무 경험자 우대 K8S이용 등 클라우드 경험자 우대 데이터플랫폼팀 솔루션 개발 및 유지보수, 모니터링 신규 개발, 클라우드 플랫폼 개발 솔루션 검증 및 프로세스 설계/ 개발지원, 제품관리 및 기술지원 신규 솔루션 개발 자격 조건 JAVA, DBMS 필수 Linux 환경 능숙 우대사항 K8S이용 클라우드 개발 경험자 우대 Golang, C/C++ 개발 가능자 우대 JS/SVG/Canvas 등 데이터 시각화 가능자 우대 지원하기 비개발 인젠트 IT Player 와 함께 하세요 . 지원하기","","DB 및 WAS에 대한 기본적인 이해 PPR사업팀 Formula 솔루션 개발 - 솔루션 UI 및 Interface 모듈개발 - Java 기반 Unix용 전자서식 모듈 개발 Formula 솔루션 커스터마이징 전자서식 비즈니스 룰 관리 Core 개발 자격 조건 JSP, Java 웹 개발 경험 MFC, C++ 우대사항 Java JSP / C#, C++ 개발경험 퍼블리싱 가능자 금융사 PPR(전자창구) 구축 PJT경험 플랫폼사업실 iGate 사업팀 금융권 iGate 연계 사업 수행 - MCI/FEP 설계 및 구축 API G/W 사업 수행 - API G/W 설계 및 구축 iGate / APIM 기술지원 및 유지보수 자격 조건 Java, DBMS 필수 SQL 가능 우대사항 K8S이용 클라우드 개발 경험자 우대 프로토콜 (RESTful, SOCKET, SOAP, HTTP, HTTPs 등) 개발 경험자 우대 PM 가능자 우대 eCross 사업팀 eCross 사업팀 프로젝트 수행 - 데이터 연계/AP 연계 개발 - eCross 컴포넌트 및 제품 관련 모듈 개발 자격 조건 Java 개발자 SQL 가능 우대사항 K8S이용 클라우드 개발 경험자 우대 프로토콜 (RESTful, SOCKET, SOAP, HTTP, HTTPs 등) 개발 경험자 우대 PM 가능자 우대 APIM 사업팀 APIM 유지관리 및 개발 API G/W 거래생성 및 업무 연계 마이데이터, 오픈뱅킹 REST API 자격 조건 Java, HTTP Rest API, DBMS 필수 우대사항 HTML/ jQuery/ Vue.js/ React.js 우대 Digital Transfomation 이해자 우대 프로토콜 (RESTful, SOCKET, SOAP, HTTP, HTTPs 등) 개발 경험자 우대 문서중앙화 사업실 문서중앙화사업팀 자사 솔루션(XEDM 솔루션)사업 수행 기존 문서 migration Develop(자동화 프로그램 개발) 솔루션 개발 및 프로젝트 구축 관련 API 개발 문서중앙화 Filter 및 Plug-in 자격 조건 Java, jSP, 웹 개발 우대사항 퍼블리싱 가능자 우대 프로토콜 (RESTful, SOCKET, SOAP, HTTP, HTTPs 등) 개발 경험자 우대 문서중앙화 R&D XEDM Agent 웹뷰 화면 개발 XEDM 웹,관리자,모바일 화면 개발 SW52 사용자 프론트엔드 유지보수 개발 자격 조건 알고리즘,모바일 객체지향 설계 Vue.js 프레임워크 R&D Center eCross R&D EAI / ESB 기술을 바탕으로 한 미들웨어 솔루션 개발 이기종간의 데이터 전송을 위한 기술 개발 TCP, HTTP, SOAP, REST 등 다양한 메시지 처리를 위한 Gateway 개발 자격 조건 JAVA 필수 iGate R&D팀 솔루션 개발 프로젝트 기술지원 신기술 연구 자격 조건 Java / JavaScript / SQL 필수 MCI/EAI/FEP 개발 경험 우대사항 NoSQL(MongoDB) 개발 경험 우대 데이터 사업실 데이터사업1팀 PostgreSQL 유지보수 및 구축 프로젝트 수행 PostgreSQL DBMS Version release에 따른 R&D On-premise, Cloud 환경에서 eXperDB 구축 및 Migration 자격 조건 PostgreSQL 사용 가능 Oracle 사용 가능 우대사항 DBMS 관련 프로젝트 경험자 우대 DA, DBA 등 DBMS 관련 직무 경험자 우대 K8S이용 등 클라우드 경험자 우대 데이터사업2팀 PostgreSQL 유지보수 및 구축 프로젝트 수행 PostgreSQL DBMS Version release에 따른 R&D On-premise, Cloud 환경에서 eXperDB 구축 및 Migration 자격 조건 PostgreSQL 사용 가능 Oracle 사용 가능 우대사항 DBMS 관련 프로젝트 경험자 우대 DA, DBA 등 DBMS 관련 직무 경험자 우대 K8S이용 등 클라우드 경험자 우대 데이터플랫폼팀 솔루션 개발 및 유지보수, 모니터링 신규 개발, 클라우드 플랫폼 개발 솔루션 검증 및 프로세스 설계/ 개발지원, 제품관리 및 기술지원 신규 솔루션 개발 자격 조건 JAVA, DBMS 필수 Linux 환경 능숙 우대사항 K8S이용 클라우드 개발 경험자 우대 Golang, C/C++ 개발 가능자 우대 JS/SVG/Canvas 등 데이터 시각화 가능자 우대","","","","","","","","","","active","2026-04-14T12:48:33.748262","2026-03-24T16:23:31.754655","True"
"12","1","앤비전","Test Job","http://test.com/test","","","","","","","","","","","","","active","2026-03-24T16:24:03.503056","2026-03-24T16:24:03.503084","True"
"13","83","넷앤드","채용 절차","https://www.netand.co.kr/home/recruit.php","채용 절차 회사소개 채용 절차 넷앤드 소개 연혁 인증/특허 채용 채용 절차 복지 제도 넷앤드에서 당신의 가능성을 펼쳐보세요. 넷앤드와 함께 통합 IT 보안관리의 새로운 기준을 만들어갈 당신을 기다립니다. 넷앤드에서는, 국내 최고의 IAM 전문가들과 함께 단순한 ‘일’이 아닌 새로운 ‘가치’ 를 창출하며 자신의 전문성을 한 단계 더 성장시킬 수 있습니다. 남부럽지 않은 복지제도와 합리적인 보상체계는 물론, 워라밸까지 지킬 수 있도록 적극 지원합니다. 최고의 기술력을 바탕으로 시장을 선도하며 계속 성장해 갈 업계 1위 회사로, 안정적으로 커리어를 만들어갈 수 있습니다. Team NETAND 채용 절차 01. 서류전형 채용 공고에 맞게 제출하신 이력서, 자기소개서, 포트폴리오 등을 토대로 지원 자격을 검토합니다. 넷앤드에서 현재 모집 중인 채용 공고는 사람인, 잡코리아 등 채용 사이트에서 확인 및 지원 할 수 있습니다. 지금 바로 ‘넷앤드’를 검색해 주세요! 02. 실무 면접 실무 면접은 질의응답 형식으로 지원자가 제출한 내용에 대해 검증합니다. 직무별, 상황에 따라 실무 면접은 최대 2차까지 진행될 수 있습니다. 실무 1차 면접에 참석해주신 지원자분께는 감사한 마음을 담아 기프티콘을 보내드립니다. 03. 임원 면접 임원 면접은 지원자의 핏이 맞는지 등을 확인하는 자리입니다. 팀 또는 포지션, 상황에 따라 임원 면접이 생략될 수 있습니다. 04. 최종 합격 최종 합격 시 처우 협의를 거쳐 입사가 확정되며, 경영지원실에서 합격자에게 입사절차를 안내합니다. 관련 서류는 사전에 준비해 입사 당일까지 제출해주시면 됩니다. 근무 형태는 채용 공고 상 별도의 안내가 없을 경우 모두 정규직이며, 신입사원의 경우 3개월의 수습 기간이 적용되는 점 참고해 주세요. 채용 FAQ Q. 서류 전형의 평가 기준은 무엇인가요? 서류 전형의 경우 지원자의 경력/경험과 지원 직무와의 관련성을 가장 중점적으로 봅니다. 신입의 경우 직무에 맞는 교육 과정 또는 경험이 있는지, 그리고 직무 관련 경험이 없더라도 자기소개서에 기재된 직무에 대한 관심과 포부 등이 주요 평가 기준이 됩니다. 경력직의 경우 지원한 직무와 경력기술서 상의 업무 적합성 여부가 가장 중요합니다. 아무래도 경력직의 경우 최대한 빠르게 실무를 수행하고, 다른 곳에서의 좋은 경험을 넷앤드에도 적용할 수 있기를 기대하기 때문이죠. Q. 실무 면접은 어떤 방식으로 이뤄지며 무엇을 준비해야 할까요? 실무 면접은 직무 인터뷰로, 지원하신 직무의 팀 리더 및 팀원들이 참석해 다대일 또는 다대다로 면접이 진행됩니다. 약 30분에서 1시간 정도 소요되며, 실질적으로 수행하게 될 업무에 대한 기존의 경력과 경험 등에 대해 검증합니다. 신입의 경우 자신이 공부한 내용 중 지원한 직무와 연관이 있는 부분을 복습해 오시는 것을 추천합니다! 특히, 학창시절에 경험한 일 중 인상 깊었던 것들에 대해서도 생각해 오시면 면접에 도움이 될 거에요. 경력직의 경우 자신이 맡았던 업무와 결과물(포트폴리오)에 대한 상세하고 솔직한 설명을 준비해주세요. Q. 실무 면접에서 직무별로 자주 나오는 질문들이 있나요? 실무 실무진 면접은 지원 직무에 따라 기술적인 질문이 포함될 수 있습니다. 개발직무의 경우 주 사용 언어, 알고리즘, 사용 가능 라이브러리 등에 대한 소프트웨어 개발 관련된 질문이 포함됩니다. 기술직무(시스템 엔지니어)의 경우 IT 인프라에 대한 지식이나 네트워크, 시스템 보안 등에 관한 질문이 있습니다. Q. 임원 면접은 어떤 방식으로 이뤄지며 무엇을 준비해야 할까요? 임원 면접은 임원진과 진행되는 인터뷰로, 인성적인 부분과 조직문화 적합성(culture-fit)을 검증하는 전형입니다. 주로 개인적인 경험이나 조직 문화와 관련한 내용을 주제로 자연스럽게 대화하는 형식의 면접이기 때문에 솔직하고 당당한 자세가 가장 중요하겠습니다. 회사만 지원자를 평가하는 것이 아닌, 지원자 본인도 넷앤드의 조직문화가 나와 잘 맞을지 생각해볼 수 있는 자리인 만큼 넷앤드에 궁금한 점들을 자유롭게 질문해주시기 바랍니다! Q. 서류 마감일로부터 최종합격 발표까지 소요되는 기간은 어느 정도 인가요? 서류 마감일로부터 최종 합격까지는 통상 3~4주 소요될 수 있습니다. 채용 절차는 가능한 빠르게 진행하고자 노력하고 있으며, 서류 접수 기간 중에도 수시로 접수된 서류를 검토해 면접 일정을 조율하고 있습니다. 면접 전형 결과는 일주일 이내로 발표하며, 결과 안내가 지연되는 경우 미리 연락드립니다. 전형 절차에 대한 문의사항은 채용 담당자(recruit@netand.co.kr)으로 연락해 주시면 빠른 시일 내에 답변드리도록 하겠습니다. Q. 넷앤드 채용을 준비하는 분들께 전하고 싶은 말이 있나요? 넷앤드는 완벽히 준비된 인재도 좋지만, 함께 성장해나갈 수 있는 분들도 기다리고 있습니다 :> 적극적으로 관심 가져주시면 넷앤드의 문은 항상 열려있으니 어려워마시고 많은 지원 부탁드립니다! (주)넷앤드 사업자 등록 번호 : 109-86-11375 (07333) 서울시 영등포구 의사당대로 1길 25 하남빌딩 10층 대표전화 02-2661-1410 Fax 02-2661-1420 E-MAIL : info@netand.co.kr 정보보안 및","을 검토합니다. 넷앤드에서 현재 모집 중인 채용 공고는 사람인, 잡코리아 등 채용 사이트에서 확인 및 지원 할 수 있습니다. 지금 바로 ‘넷앤드’를 검색해 주세요! 02. 실무 면접 실무 면접은 질의응답 형식으로 지원자가 제출한 내용에 대해 검증합니다. 직무별, 상황에 따라 실무 면접은 최대 2차까지 진행될 수 있습니다. 실무 1차 면접에 참석해주신 지원자분께는 감사한 마음을 담아 기프티콘을 보내드립니다. 03. 임원 면접 임원 면접은 지원자의 핏이 맞는지 등을 확인하는 자리입니다. 팀 또는 포지션, 상황에 따라 임원 면접이 생략될 수 있습니다. 04. 최종 합격 최종 합격 시 처우 협의를 거쳐 입사가 확정되며, 경영지원실에서 합격자에게 입사절차를 안내합니다. 관련 서류는 사전에 준비해 입사 당일까지 제출해주시면 됩니다. 근무 형태는 채용 공고 상 별도의 안내가 없을 경우 모두 정규직이며, 신입사원의 경우 3개월의 수습 기간이 적용되는 점 참고해 주세요. 채용","","회사소개 채용 절차 넷앤드 소개 연혁 인증/특허 채용 채용 절차 복지 제도 넷앤드에서 당신의 가능성을 펼쳐보세요. 넷앤드와 함께 통합 IT 보안관리의 새로운 기준을 만들어갈 당신을 기다립니다. 넷앤드에서는, 국내 최고의 IAM 전문가들과 함께 단순한 ‘일’이 아닌 새로운 ‘가치’ 를 창출하며 자신의 전문성을 한 단계 더 성장시킬 수 있습니다. 남부럽지 않은 복지제도와 합리적인 보상체계는 물론, 워라밸까지 지킬 수 있도록 적극 지원합니다. 최고의 기술력을 바탕으로 시장을 선도하며 계속 성장해 갈 업계 1위 회사로, 안정적으로 커리어를 만들어갈 수 있습니다. Team NETAND 채용 절차 01. 서류전형 채용 공고에 맞게 제출하신 이력서, 자기소개서, 포트폴리오 등을 토대로 지원 자격을 검토합니다. 넷앤드에서 현재 모집 중인 채용 공고는 사람인, 잡코리아 등 채용 사이트에서 확인 및 지원 할 수 있습니다. 지금 바로 ‘넷앤드’를 검색해 주세요! 02. 실무 면접 실무 면접은 질의응답 형식으로 지원자가 제출한 내용에 대해 검증합니다. 직무별, 상황에 따라 실무 면접은 최대 2차까지 진행될 수 있습니다. 실무 1차 면접에 참석해주신 지원자분께는 감사한 마음을 담아 기프티콘을 보내드립니다. 03. 임원 면접 임원 면접은 지원자의 핏이 맞는지 등을 확인하는 자리입니다. 팀 또는 포지션, 상황에 따라 임원 면접이 생략될 수 있습니다. 04. 최종 합격 최종 합격 시 처우 협의를 거쳐 입사가 확정되며, 경영지원실에서 합격자에게 입사절차를 안내합니다. 관련 서류는 사전에 준비해 입사 당일까지 제출해주시면 됩니다. 근무 형태는 채용 공고 상 별도의 안내가 없을 경우 모두 정규직이며, 신입사원의 경우 3개월의 수습 기간이 적용되는 점 참고해 주세요. 채용","","","서울","정규직","","","","","active","2026-04-14T12:49:07.901812","2026-03-24T16:25:46.813647","True"
"14","89","알티베이스","개인정보처리방침","https://www.altibase.com/kr/recruitment/pop_support.php?type=1#job-5381fd49-0","1. 개인정보의 수집 및 이용목적 가. 입사 지원자와의 원활한 의사소통을 통한 전형 진행 지원 나. 입사 지원자의 합격 여부 확인 시 지원자 본인 확인 다. 입사 지원 관련 문의 접수 및 처리결과 회신 라. 채용 발생 시 입사지원 응시 이력 활용 2. 수집하는 개인정보의 항목 및 수집방법 회사는 원활한 입사지원 업무를 위해 아래와 같은 개인정보를 수집하고 있습니다. 선택항목을 입력하시지 않았다 하여 입사지원에 제한은 없습니다. - 필수 항목 : 성명(한글,영문), 이메일 주소, 전화번호, 휴대폰, 사진, 주소, 희망연봉, 병역사항(병역구분이 군미필인 경우 복무계획만 입력) 보훈사항(보훈대상의 경우 보훈번호 포함), 학력(학력이 대학교 이상인 경우 학부/학과, 학점 포함), 학교, 입학연월 ,졸업(예정)연월, 소재지, 최종학력, 졸업구분 - 선택 항목 : 학력사항 내 편입여부, 어학사항, 경력사항, 자격사항, 수상내역, 자기소개 등 - 수집방법 : 입력한 정보는 이메일로 자동으로 정보 수집되고, 경우에 따라 출력된 형태의 종이문서로 수집 할 수 도 있습니다. 3. 개인정보의 보유 및 이용기간 이용자의 개인정보는 이용자로부터 수집되는 시점(작성중 저장 포함)부터 수집 및 이용목적만을 위하여 활용되며, 온라인으로 제출한 개인정보 메일은 1개월 이내 삭제하며 면접절차 진행중일 경우는 절차 종료 후 즉시 삭제합니다. 또, 1개월 이내 입사지원자가 개인정보의 삭제를 원하는 경우 지체 없이 삭제합니다. 4. 개인정보 처리 문의 hire@altibase.com","","","","","","","","","","","","active","2026-03-24T16:26:10.939658","2026-03-24T16:26:10.939691","True"
"15","91","티맥스소프트","직무 적응교육","https://www.tmaxsoft.com/kr/recruit#job-64cad620-4","신입/경력사원 입문 교육 OJT(on the job Training) 신입사원 멘토링 제도 운영 직무별 특성에 맞는 공통+특화 교육 제공(연구소/기술 지원/사업부/관리 등)","","","","","","","","","","","","active","2026-03-24T16:26:27.435625","2026-03-24T16:26:27.435651","True"
"16","91","티맥스소프트","채용절차","https://www.tmaxsoft.com/kr/recruit#job-0773abd2-11","다양한 분야의 전문가들과 함께 IT 전문가로서 새로운 미래를 만들어가세요. 서류전형 1차 실무면접 2차 임원면접 처우협의 및 입사 연구직군(신입)의 경우 코딩테스트 시행 단, 경력의 경우 상황​에 따라 코딩테스트 시행 가능​ 직군/직책에 따라 면접전형이 변경될 수 있음","","","","","","","","","","","","active","2026-03-24T16:26:27.439758","2026-03-24T16:26:27.439778","True"
"17","91","티맥스소프트","FAQ","https://www.tmaxsoft.com/kr/recruit#job-1fe917b0-12","Q. 입사 지원 방법은 어떻게 되나요? 현재 운영 중인 메인 채용사이트(https://tmaxsoft.recruiter.co.kr/app/jobnotice/list)에서 채용부문을 확인하고 지원서를 제출해 주시면 됩니다. 이 외에도 잡코리아, 사람인, 워크넷, 자소설닷컴 등 다양한 채널을 통해 티맥스소프트의 채용 공고를 확인하실 수 있습니다. Q. 제출한 지원서를 수정하려면 어떻게 해야하나요? 이미 제출 완료한 지원서는 수정이 불가능합니다. 따라서 최종 제출 전 기입하신 모든 정보를 한 번 더 확인하신 후 제출하여 주시기 바랍니다. 만일 제출 완료 후 수정이 반드시 필요한 경우에는 채용담당자에게 문의하여 주시기 바랍니다. Q. 입사지원 기록이 있어도 재지원이 가능한가요? 가능합니다. 다만 동일 기간 내 진행되는 동일 전형에 재지원은 불가합니다. 기존 지원 시 부족했던 부분을 채울 수 있는 노력을 통해 발전된 모습으로 재지원 했을 경우 언제든 기회는 열려 있습니다. Q. 온라인 지원서 작성 시 홈페이지 오류가 발생하면 어떻게 하나요? 작성하신 지원서를 저장하신 다음 로그아웃하신 후 재로그인하여 보시기 바랍니다 만일 계속해서 오류가 있을 경우 해당 채용플랫폼 헬프데스크를 이용하여 주시거나 채용 담당자에게 문의하여 주시기 바랍니다. Q. 면접 시 복장은 어떻게 되나요? 면접은 지원자와 회사가 처음으로 대면하는 자리이므로 좋은 이미지를 심어줄 수 있도록 본인과 어울리는 단정하고 깨끗한 복장을 권합니다. Q. 채용 전형 결과는 어떻게 알 수 있나요? 지원서 작성 시 기재해 주신 개인 이메일 주소를 통해 합격과 불합격 경우 모두 결과를 알려드리고 있습니다 또한, 필요에 따라 메일 외에도 전화나 문자 등으로 별도 안내해 드릴 수 있으 지원서 작성 시 개인 연락처 정보를 정확하게 기재 부탁드립니다. Q. 연봉 및 처우 수준은 어떠한가요? 지원자의 학력, 경력, 전문성에 따라 개인별 처우는 차이가 있습니다 또한 자신이 속한 조직의 성과에 따라 인센티브가 부여될 뿐 아니라 전 사원이 연봉제로 개인의 능력에 따라 차별화된 보상을 받고 있습니다. Q. 처우 이외의 복리후생에는 어떤 것들이 있나요? 4대보험 가입, 리프레쉬 휴가, 경조 휴가, 법정 휴가, 조기퇴근제도(트윙클데이), 복지포인트, 사내 포상(우수사원, 근속상), 경조금 지원, 건강관리실, 구내식당 등 다양한 복리 후생제도를 운영하고 있으며 지속적으로 추가하여 운영 중에 있습니다. 자세한 내용은 인사제도 소개란을 참고하여 주시기 바랍니다. Q. 전문연구요원(병역특례)로 지원이 가능한가요? 전문연구요원은 전산 관련 학과를 전공한 석사 이상의 학력자만이 지원할 수 있습니다. 단, 공익근무요원 판정을 받은 경우(신체검사 4급 이하)는 학사도 지원 가능합니다. 채용 절차 모두 동일하며 입사일 등에 의거하여 순차적으로 진행합니다. 단, 회사 사정 혹은 당해년도 병무청 T/O 소진 등으로 인해 편입이 불가할 수 있으니 지원서 제출 전 채용담당자를 통해 편입 가능 여부를 선 확인하여 주시기 바랍니다. *산업기능요원은 채용하지 않습니다. Q. 채용 기간은 어떻게 되나요? (신입/경력) 신입/경력 모두 충원 계획에 따라 필요에 의해 연중 수시 채용을 진행하고 있습니다. 신입의 경우 상황에 따라 연 1~2회 정도 공채를 진행하며 특별공채를 추가로 진행할 수 있습니다. Q. 공고된 채용부문의 선발 인원을 알 수 있나요? 공고된 채용부문은 지원자의 자질에 따라 선발 인원수는 조정될 수 있습니다. 따라서 사전에 선발 인원을 알려드리기는 어려운 점 양해 부탁드립니다. 채용인원과 상관 없이 지원자 본인이 꼭 합격할 수 있다는 자신감과 채용 활동에 필요한 준비를 하신다면 분명히 좋은 결과가 있을 것으로 생각합니다. Q. 계약직 혹은 인턴 채용 시 정규직 전환은 가능한가요? 필요에 따라 계약직 혹은 인턴(산학협력 체결한 대학) 수시 채용을 진행하고 있으며 업무 성과, 태도 등 다양한 방면을 고려 후 정규직 전환 가능성은 언제든지 열려 있습니다. Q. 컴퓨터나 전산관련 전공자가 아닌데 개발 관련 부문에 지원이 가능할까요? 컴퓨터, 전산 관련 전공자를 선호하지만 해당 분야에 열정을 가지고 다양한 교육과 경력을 쌓아오신 분이라면 지원 가능합니다. IT 분야에 관심이 있고 열정적으로 업무할 의욕이 있으신 분을 기다리고 있습니다. Q. 기타 문의는 어떻게 해야 하나요? 채용 관련하여 궁금증이 있으시다면 먼저 FAQ를 참고하여 주시고 그 외에 궁금하신 사항은 채용 담당자에게 개별 문의하시면 됩니다. Q. 신규 입사자에게는 어떤 교육의 기회가 있나요? 신규 입사자를 대상으로 조직에 빠르게 적응할 수 있도록 신규 입사자 오리엔테이션 및 제품교육과 멘토링 제도를 기본으로 실시하고 있습니다. 내부 전문가에 의한 사내 자체 교육 및 기술 세미나를 수시로 진행하고 있으며, 온/오프라인 직무교육을 통해 개인의 자질 향상과 능력개발을 향상 시킬 수 있는 기회를 제공하고 있습니다. 또한 리더 양성을 위해 임원 및 직책자를 대상으로 리더십 교육과정을 운영하고 있습니다. 자세한 내용은 인사제도 소개란을 참고하여 주시기 바랍니다.","","","모두 동일하며 입사일 등에 의거하여 순차적으로 진행합니다. 단, 회사 사정 혹은 당해년도 병무청 T/O 소진 등으로 인해 편입이 불가할 수 있으니 지원서 제출 전 채용담당자를 통해 편입 가능 여부를 선 확인하여 주시기 바랍니다. *산업기능요원은 채용하지 않습니다. Q. 채용 기간은 어떻게 되나요? (신입/경력) 신입/경력 모두 충원 계획에 따라 필요에 의해 연중 수시 채용을 진행하고 있습니다. 신입의 경우 상황에 따라 연 1~2회 정도 공채를 진행하며 특별공채를 추가로 진행할 수 있습니다. Q. 공고된 채용부문의 선발 인원을 알 수 있나요? 공고된 채용부문은 지원자의 자질에 따라 선발 인원수는 조정될 수 있습니다. 따라서 사전에 선발 인원을 알려드리기는 어려운 점 양해 부탁드립니다. 채용인원과 상관 없이 지원자 본인이 꼭 합격할 수 있다는 자신감과 채용 활동에 필요한 준비를 하신다면 분명히 좋은 결과가 있을 것으로 생각합니다. Q. 계약직 혹은 인턴 채용 시 정규직 전환은 가능한가요? 필요에 따라 계약직 혹은 인턴(산학협력 체결한 대학) 수시 채용을 진행하고 있으며 업무 성과, 태도 등 다양한 방면을 고려 후 정규직 전환 가능성은 언제든지 열려 있습니다. Q. 컴퓨터나 전산관련 전공자가 아닌데 개발 관련 부문에 지원이 가능할까요? 컴퓨터, 전산 관련 전공자를 선호하지만 해당 분야에 열정을 가지고 다양한 교육과 경력을 쌓아오신 분이라면 지원 가능합니다. IT 분야에 관심이 있고 열정적으로 업무할 의욕이 있으신 분을 기다리고 있습니다. Q. 기타 문의는 어떻게 해야 하나요? 채용 관련하여 궁금증이 있으시다면 먼저","경조사비, 경조휴가","","","","","","","","active","2026-04-14T12:52:33.199178","2026-03-24T16:26:27.443932","True"
"18","93","알서포트","알서포트는 여러분의 도전을","https://www.rsupport.com/ko-kr/career/recruit/saas","콘텐츠 바로가기 메뉴 바로가기 하단정보 바로가기 Rsupport 제품 리모트뷰 리모트뷰BOX 리모트콜 리모트VS 리모트미팅 Airepoto 콜라박스 리모트WOL 투자 투자 요약 기업지배구조 재무정보 실적발표 감사보고서 투자 공고 투자 질의응답 투자 뉴스 뉴스 언론 보도 홍보 영상 블로그 지원 공지사항 자주 묻는 질문 다운로드 Contact Us CI&BI 회사 회사 소개 회사 연혁 수상 및 인증 사회 공헌 기술 소개 파트너 사옥 온라인 제보 채용 채용 요약 팀 문화 스토리 역할과 책임 채용공고 인재풀 모바일 메뉴 kr en jp cn 모바일 메뉴 Home 채용 채용공고 알서포트는 여러분의 도전을 서포트합니다 SaaS 영업 담당자 (신입 또는 경력) 지원 마감 디데이 D-22 지원 가능일 2026-03-09 ~ 2026-05-11 직군 영업 경력사항 경력 고용형태 정규직 근무지 서울 본사 포지션 SaaS 영업 담당자 업무내용 B2B SaaS 신규 고객 발굴 인바운드/아웃바운드 프로세스 구축 및 파이프라인 관리 도입 문의 고객(인바운드 리드) 대상 상담 및 클로징을 통한 매출 생성 고객 대상 SaaS 상품 소개 프레젠테이션 진행 자격요건 및 우대사항 [ 자격요건 ] SaaS 서비스 영업 경험을 보유하신 분 세일즈 리드 수 및 고객 유입 단계별 전환율 개선을 위한 프로세스를 이해하며 수행이 가능하신 분 프레젠테이션 및 보고 문서 작성 능력을 보유하신 분 콜드콜, 이메일, 캠페인, 이벤트 등을 활용하여 영업하는데 어려움이 없으신 분 해결책을 주도적으로 설계할 수 있는 문제 해결력 및 실행력을 보유하신 분 주도적이며 도전적인 목표를 즐기고 집요하게 실행해내는 분 [ 우대사항 ] SaaS 상품, IT Solution 아웃바운드 및 인바운드 세일즈 경력이 있으신 분 지속적이고 안정적으로 매출목표를 달성한 경험을 보유하신 분 CRM 시스템 활용 경험이 있으신 분 (Salesforce 등) 기타사항 국가보훈해당자 및 장애인은 관련 법률에 의거 우대합니다. (증빙서류 제출자에 한함) 제출서류에 허위기재 또는 기재 착오, 구비서류 미제출 등으로 인한 불이익은 응시자 본인의 책임으로 합니다. 제출서류나 각종 증명서의 기재내용이 허위일 경우, 응시를 무효처리하며 합격을 취소합니다. 기타 문의사항은 채용관련 문의를 이용해 주시기 바라며, 제출된 서류는 개인정보 보호법에따라 관리됩니다. 목록 직군 영업 경력사항 경력 고용형태 정규직 근무지 서울 본사 지원하기 IR 투자 정보 받기 top RemoteCall RemoteView Ai:repoto COLABOX RemoteMeeting RemoteCall RemoteView Ai:repoto COLABOX RemoteMeeting 알서포트(주) 대표 서형수 (05203) 서울특별시 강동구 고덕비즈밸리로2가길 12 (고덕동) 사업자등록번호 114-86-82265 통신판매업 신고번호 제 2024-서울강동-1214호 문의 070-7011-3900 이메일 sales.kr@rsupport.com 팩스 02-479-4429 개인정보 처리방침 내부정보관리규정","및 우대사항 [ 자격요건 ] SaaS 서비스 영업 경험을 보유하신 분 세일즈 리드 수 및 고객 유입 단계별 전환율 개선을 위한 프로세스를 이해하며 수행이 가능하신 분 프레젠테이션 및 보고 문서 작성 능력을 보유하신 분 콜드콜, 이메일, 캠페인, 이벤트 등을 활용하여 영업하는데 어려움이 없으신 분 해결책을 주도적으로 설계할 수 있는 문제 해결력 및 실행력을 보유하신 분 주도적이며 도전적인 목표를 즐기고 집요하게 실행해내는 분 [ 우대사항 ] SaaS 상품, IT Solution 아웃바운드 및 인바운드 세일즈 경력이 있으신 분 지속적이고 안정적으로 매출목표를 달성한 경험을 보유하신 분 CRM 시스템 활용 경험이 있으신 분 (Salesforce 등) 기타사항 국가보훈해당자 및 장애인은 관련 법률에 의거 우대합니다. (증빙서류 제출자에 한함) 제출서류에 허위기재 또는 기재 착오, 구비서류 미제출 등으로 인한 불이익은 응시자 본인의 책임으로 합니다. 제출서류나 각종 증명서의 기재내용이 허위일 경우, 응시를 무효처리하며 합격을 취소합니다. 기타 문의사항은 채용관련 문의를 이용해 주시기 바라며, 제출된 서류는 개인정보 보호법에따라 관리됩니다. 목록 직군 영업 경력사항 경력 고용형태 정규직 근무지 서울 본사 지원하기 IR 투자 정보 받기 top RemoteCall RemoteView Ai:repoto COLABOX RemoteMeeting RemoteCall RemoteView Ai:repoto COLABOX RemoteMeeting 알서포트(주) 대표 서형수 (05203) 서울특별시 강동구 고덕비즈밸리로2가길 12 (고덕동) 사업자등록번호 114-86-82265 통신판매업 신고번호 제 2024-서울강동-1214호 문의 070-7011-3900 이메일 sales.kr@rsupport.com 팩스 02-479-4429 개인정보 처리방침 내부정보관리규정 COPYRIGHT © 2026 RSUPPORT CO., LTD. ALL RIGHTS RESERVED. 공식 SNS 채널 + Facebook youtube Blog Linkedin 알서포트 투자 실적 정보 받기 별도의 요청없이도 알서포트가 제공하는 투자와 관련된 상세 자료들을 간편하게 받아보실 수 있습니다. 팝업 닫기 투자실적 정보 받기 신청이 완료되었습니다. 입력해주신 메일 주소로 답변 드립니다. 확인 팝업 닫기","[ 자격요건 ] SaaS 서비스 영업 경험을 보유하신 분 세일즈 리드 수 및 고객 유입 단계별 전환율 개선을 위한 프로세스를 이해하며 수행이 가능하신 분 프레젠테이션 및 보고 문서 작성 능력을 보유하신 분 콜드콜, 이메일, 캠페인, 이벤트 등을 활용하여 영업하는데 어려움이 없으신 분 해결책을 주도적으로 설계할 수 있는 문제 해결력 및 실행력을 보유하신 분 주도적이며 도전적인 목표를 즐기고 집요하게 실행해내는 분 [ 우대사항 ] SaaS 상품, IT Solution 아웃바운드 및 인바운드 세일즈 경력이 있으신 분 지속적이고 안정적으로 매출목표를 달성한 경험을 보유하신 분 CRM 시스템 활용 경험이 있으신 분 (Salesforce 등) 기타사항 국가보훈해당자 및 장애인은 관련 법률에 의거 우대합니다. (증빙서류 제출자에 한함) 제출서류에 허위기재 또는 기재 착오, 구비서류 미제출 등으로 인한 불이익은 응시자 본인의 책임으로 합니다. 제출서류나 각종 증명서의 기재내용이 허위일 경우, 응시를 무효처리하며 합격을 취소합니다. 기타 문의사항은 채용관련 문의를 이용해 주시기 바라며, 제출된 서류는 개인정보 보호법에따라 관리됩니다. 목록 직군 영업 경력사항 경력 고용형태 정규직 근무지 서울 본사 지원하기 IR 투자 정보 받기 top RemoteCall RemoteView Ai:repoto COLABOX RemoteMeeting RemoteCall RemoteView Ai:repoto COLABOX RemoteMeeting 알서포트(주) 대표 서형수 (05203) 서울특별시 강동구 고덕비즈밸리로2가길 12 (고덕동) 사업자등록번호 114-86-82265 통신판매업 신고번호 제 2024-서울강동-1214호 문의 070-7011-3900 이메일 sales.kr@rsupport.com 팩스 02-479-4429 개인정보 처리방침 내부정보관리규정 COPYRIGHT © 2026 RSUPPORT CO., LTD. ALL RIGHTS RESERVED. 공식 SNS 채널 + Facebook youtube Blog Linkedin 알서포트 투자 실적 정보 받기 별도의 요청없이도 알서포트가 제공하는 투자와 관련된 상세 자료들을 간편하게 받아보실 수 있습니다. 팝업 닫기 투자실적 정보 받기 신청이 완료되었습니다. 입력해주신 메일 주소로 답변 드립니다. 확인 팝업 닫기","","","","서울","정규직","","","2026-02-07","2026-03-09","active","2026-04-20T03:07:51.671805","2026-03-24T16:26:53.102357","True"
"19","93","알서포트","알서포트는 여러분의 도전을","https://www.rsupport.com/ko-kr/career/recruit/ux","콘텐츠 바로가기 메뉴 바로가기 하단정보 바로가기 Rsupport 제품 리모트뷰 리모트뷰BOX 리모트콜 리모트VS 리모트미팅 Airepoto 콜라박스 리모트WOL 투자 투자 요약 기업지배구조 재무정보 실적발표 감사보고서 투자 공고 투자 질의응답 투자 뉴스 뉴스 언론 보도 홍보 영상 블로그 지원 공지사항 자주 묻는 질문 다운로드 Contact Us CI&BI 회사 회사 소개 회사 연혁 수상 및 인증 사회 공헌 기술 소개 파트너 사옥 온라인 제보 채용 채용 요약 팀 문화 스토리 역할과 책임 채용공고 인재풀 모바일 메뉴 kr en jp cn 모바일 메뉴 Home 채용 채용공고 알서포트는 여러분의 도전을 서포트합니다 UX기획자 (7년 이상) 지원 마감 디데이 D-22 지원 가능일 2026-03-09 ~ 2026-05-11 직군 마케팅 경력사항 경력 고용형태 정규직 근무지 서울 본사 포지션 UX 기획자 업무내용 제품 브랜드 사이트의 UI/UX 전략 수립, IA 설계, 와이어프레임 작성 마케팅 캠페인 관련 (랜딩페이지, 뉴스레터, 온드채널 등) UX 개선 기획 웹사이트 운영 및 개선 PM (콘텐츠 관리, 디자인, QA, 배포 등 전 과정 관리) SEO, AEO/GEO 대응 UX writing 및 메타 태그 관리 CJM 분석 및 시나리오 수립 → 데이터 분석으로 UI/UX 개선방안 도출 자격요건 및 우대사항 [ 자격요건 ] 웹 기반의 UI/UX 기획 경험 7년 이상이신 분 GA4, GSC, 히트맵 등 DATA 분석을 통한 UX/UI 개선 경험을 보유하신 분 영업, 마케팅, 디자인, 개발 등 유관부서와의 원활한 커뮤니케이션 경험을 보유하신 분 피그마 툴 숙련자, UX writing 능력, AI 활용 능력을 보유하신 분 ※ 포트폴리오 제출 필수 [ 우대사항 ] 높은 마케팅 이해도를 보유하며 메인/상세페이지·블로그 등 콘텐츠 작성이 가능하신 분 웹사이트 구축 전반(A to Z)을 모두 담당해보신 분 글로벌 (다국어) 웹사이트 기획 및 운영 경험을 보유하신 분 기타사항 국가보훈해당자 및 장애인은 관련 법률에 의거 우대합니다. (증빙서류 제출자에 한함) 제출서류에 허위기재 또는 기재 착오, 구비서류 미제출 등으로 인한 불이익은 응시자 본인의 책임으로 합니다. 제출서류나 각종 증명서의 기재내용이 허위일 경우, 응시를 무효처리하며 합격을 취소합니다. 기타 문의사항은 채용관련 문의를 이용해 주시기 바라며, 제출된 서류는 개인정보 보호법에따라 관리됩니다. 목록 직군 마케팅 경력사항 경력 고용형태 정규직 근무지 서울 본사 지원하기 IR 투자 정보 받기 top RemoteCall RemoteView Ai:repoto COLABOX RemoteMeeting RemoteCall RemoteView Ai:repoto COLABOX RemoteMeeting 알서포트(주) 대표 서형수 (05203) 서울특별시 강동구 고덕비즈밸리로2가길 12 (고덕동) 사업자등록번호 114-86-82265 통신판매업 신고번호 제 2024-서울강동-1214호 문의 070-7011-3900 이메일 sales.kr@rsupport.com 팩스 02-479-4429 개인정보 처리방침 내부정보관리규정","및 우대사항 [ 자격요건 ] 웹 기반의 UI/UX 기획 경험 7년 이상이신 분 GA4, GSC, 히트맵 등 DATA 분석을 통한 UX/UI 개선 경험을 보유하신 분 영업, 마케팅, 디자인, 개발 등 유관부서와의 원활한 커뮤니케이션 경험을 보유하신 분 피그마 툴 숙련자, UX writing 능력, AI 활용 능력을 보유하신 분 ※ 포트폴리오 제출 필수 [ 우대사항 ] 높은 마케팅 이해도를 보유하며 메인/상세페이지·블로그 등 콘텐츠 작성이 가능하신 분 웹사이트 구축 전반(A to Z)을 모두 담당해보신 분 글로벌 (다국어) 웹사이트 기획 및 운영 경험을 보유하신 분 기타사항 국가보훈해당자 및 장애인은 관련 법률에 의거 우대합니다. (증빙서류 제출자에 한함) 제출서류에 허위기재 또는 기재 착오, 구비서류 미제출 등으로 인한 불이익은 응시자 본인의 책임으로 합니다. 제출서류나 각종 증명서의 기재내용이 허위일 경우, 응시를 무효처리하며 합격을 취소합니다. 기타 문의사항은 채용관련 문의를 이용해 주시기 바라며, 제출된 서류는 개인정보 보호법에따라 관리됩니다. 목록 직군 마케팅 경력사항 경력 고용형태 정규직 근무지 서울 본사 지원하기 IR 투자 정보 받기 top RemoteCall RemoteView Ai:repoto COLABOX RemoteMeeting RemoteCall RemoteView Ai:repoto COLABOX RemoteMeeting 알서포트(주) 대표 서형수 (05203) 서울특별시 강동구 고덕비즈밸리로2가길 12 (고덕동) 사업자등록번호 114-86-82265 통신판매업 신고번호 제 2024-서울강동-1214호 문의 070-7011-3900 이메일 sales.kr@rsupport.com 팩스 02-479-4429 개인정보 처리방침 내부정보관리규정 COPYRIGHT © 2026 RSUPPORT CO., LTD. ALL RIGHTS RESERVED. 공식 SNS 채널 + Facebook youtube Blog Linkedin 알서포트 투자 실적 정보 받기 별도의 요청없이도 알서포트가 제공하는 투자와 관련된 상세 자료들을 간편하게 받아보실 수 있습니다. 팝업 닫기 투자실적 정보 받기 신청이 완료되었습니다. 입력해주신 메일 주소로 답변 드립니다. 확인 팝업 닫기","[ 자격요건 ] 웹 기반의 UI/UX 기획 경험 7년 이상이신 분 GA4, GSC, 히트맵 등 DATA 분석을 통한 UX/UI 개선 경험을 보유하신 분 영업, 마케팅, 디자인, 개발 등 유관부서와의 원활한 커뮤니케이션 경험을 보유하신 분 피그마 툴 숙련자, UX writing 능력, AI 활용 능력을 보유하신 분 ※ 포트폴리오 제출 필수 [ 우대사항 ] 높은 마케팅 이해도를 보유하며 메인/상세페이지·블로그 등 콘텐츠 작성이 가능하신 분 웹사이트 구축 전반(A to Z)을 모두 담당해보신 분 글로벌 (다국어) 웹사이트 기획 및 운영 경험을 보유하신 분 기타사항 국가보훈해당자 및 장애인은 관련 법률에 의거 우대합니다. (증빙서류 제출자에 한함) 제출서류에 허위기재 또는 기재 착오, 구비서류 미제출 등으로 인한 불이익은 응시자 본인의 책임으로 합니다. 제출서류나 각종 증명서의 기재내용이 허위일 경우, 응시를 무효처리하며 합격을 취소합니다. 기타 문의사항은 채용관련 문의를 이용해 주시기 바라며, 제출된 서류는 개인정보 보호법에따라 관리됩니다. 목록 직군 마케팅 경력사항 경력 고용형태 정규직 근무지 서울 본사 지원하기 IR 투자 정보 받기 top RemoteCall RemoteView Ai:repoto COLABOX RemoteMeeting RemoteCall RemoteView Ai:repoto COLABOX RemoteMeeting 알서포트(주) 대표 서형수 (05203) 서울특별시 강동구 고덕비즈밸리로2가길 12 (고덕동) 사업자등록번호 114-86-82265 통신판매업 신고번호 제 2024-서울강동-1214호 문의 070-7011-3900 이메일 sales.kr@rsupport.com 팩스 02-479-4429 개인정보 처리방침 내부정보관리규정 COPYRIGHT © 2026 RSUPPORT CO., LTD. ALL RIGHTS RESERVED. 공식 SNS 채널 + Facebook youtube Blog Linkedin 알서포트 투자 실적 정보 받기 별도의 요청없이도 알서포트가 제공하는 투자와 관련된 상세 자료들을 간편하게 받아보실 수 있습니다. 팝업 닫기 투자실적 정보 받기 신청이 완료되었습니다. 입력해주신 메일 주소로 답변 드립니다. 확인 팝업 닫기","","","","서울","정규직","","","2026-02-07","2026-03-09","active","2026-04-20T03:07:58.477134","2026-03-24T16:26:57.476793","True"
"20","93","알서포트","알서포트는 여러분의 도전을","https://www.rsupport.com/ko-kr/career/recruit/front_end_dev","콘텐츠 바로가기 메뉴 바로가기 하단정보 바로가기 Rsupport 제품 리모트뷰 리모트뷰BOX 리모트콜 리모트VS 리모트미팅 AI레포토 콜라박스 리모트WOL 투자 투자 요약 기업지배구조 재무정보 실적발표 감사보고서 투자 공고 투자 질의응답 투자 뉴스 뉴스 언론 보도 홍보 영상 블로그 지원 공지사항 자주 묻는 질문 다운로드 Contact Us CI&BI 회사 회사 소개 회사 연혁 수상 및 인증 사회 공헌 기술 소개 파트너 사옥 온라인 제보 채용 채용 요약 팀 문화 스토리 역할과 책임 복리후생 채용공고 인재풀 모바일 메뉴 kr en jp cn 모바일 메뉴 Home 채용 채용공고 알서포트는 여러분의 도전을 서포트합니다 프론트엔드 개발자 (3년 이상) 지원 마감 디데이 D-20 지원 가능일 2026-03-09 ~ 2026-04-13 직군 연구개발 경력사항 경력 고용형태 정규직 근무지 서울 본사 포지션 프론트엔드 개발자 업무내용 WebRTC 기반 프론트엔드 Application 개발 및 유지보수 자격요건 및 우대사항 [ 자격요건 ] 최신 React, 상태관리(Recoil / Zustand등), 번들러(webpack/vite등) 경험이 있으신분 AI Vibe Coding이 가능하신 분 AI를 적극적으로 활용해서 개발하시는 분 프론트엔드에 대한 지식이 많으신 분 원만한 커뮤니케이션 능력이 있으신 분 개발에 대한 열정이 넘치고 책임감이 강하신 분 [ 우대사항 ] WebRTC / Web Socket 개발 지식 보유 및 개발경험이 있으신 분 웹성능 최적화에 관심이 높으신 분 새로운 지식습득에 거부감이 없으신 분 기타사항 국가보훈해당자 및 장애인은 관련 법률에 의거 우대합니다. (증빙서류 제출자에 한함) 제출서류에 허위기재 또는 기재 착오, 구비서류 미제출 등으로 인한 불이익은 응시자 본인의 책임으로 합니다. 제출서류나 각종 증명서의 기재내용이 허위일 경우, 응시를 무효처리하며 합격을 취소합니다. 기타 문의사항은 채용관련 문의를 이용해 주시기 바라며, 제출된 서류는 개인정보 보호법에따라 관리됩니다. 목록 직군 연구개발 경력사항 경력 고용형태 정규직 근무지 서울 본사 지원하기 IR 투자 정보 받기 top RemoteCall RemoteView Ai:repoto COLABOX RemoteMeeting RemoteCall RemoteView Ai:repoto COLABOX RemoteMeeting 알서포트(주) 대표 서형수 (05203) 서울특별시 강동구 고덕비즈밸리로2가길 12 (고덕동) 사업자등록번호 114-86-82265 통신판매업 신고번호 제 2024-서울강동-1214호 문의 070-7011-3900 이메일 sales.kr@rsupport.com 팩스 02-479-4429 개인정보 처리방침 내부정보관리규정","및 우대사항 [ 자격요건 ] 최신 React, 상태관리(Recoil / Zustand등), 번들러(webpack/vite등) 경험이 있으신분 AI Vibe Coding이 가능하신 분 AI를 적극적으로 활용해서 개발하시는 분 프론트엔드에 대한 지식이 많으신 분 원만한 커뮤니케이션 능력이 있으신 분 개발에 대한 열정이 넘치고 책임감이 강하신 분 [ 우대사항 ] WebRTC / Web Socket 개발 지식 보유 및 개발경험이 있으신 분 웹성능 최적화에 관심이 높으신 분 새로운 지식습득에 거부감이 없으신 분 기타사항 국가보훈해당자 및 장애인은 관련 법률에 의거 우대합니다. (증빙서류 제출자에 한함) 제출서류에 허위기재 또는 기재 착오, 구비서류 미제출 등으로 인한 불이익은 응시자 본인의 책임으로 합니다. 제출서류나 각종 증명서의 기재내용이 허위일 경우, 응시를 무효처리하며 합격을 취소합니다. 기타 문의사항은 채용관련 문의를 이용해 주시기 바라며, 제출된 서류는 개인정보 보호법에따라 관리됩니다. 목록 직군 연구개발 경력사항 경력 고용형태 정규직 근무지 서울 본사 지원하기 IR 투자 정보 받기 top RemoteCall RemoteView Ai:repoto COLABOX RemoteMeeting RemoteCall RemoteView Ai:repoto COLABOX RemoteMeeting 알서포트(주) 대표 서형수 (05203) 서울특별시 강동구 고덕비즈밸리로2가길 12 (고덕동) 사업자등록번호 114-86-82265 통신판매업 신고번호 제 2024-서울강동-1214호 문의 070-7011-3900 이메일 sales.kr@rsupport.com 팩스 02-479-4429 개인정보 처리방침 내부정보관리규정 COPYRIGHT © 2026 RSUPPORT CO., LTD. ALL RIGHTS RESERVED. 공식 SNS 채널 + Facebook youtube Blog Linkedin 알서포트 투자 실적 정보 받기 별도의 요청없이도 알서포트가 제공하는 투자와 관련된 상세 자료들을 간편하게 받아보실 수 있습니다. 팝업 닫기 투자실적 정보 받기 신청이 완료되었습니다. 입력해주신 메일 주소로 답변 드립니다. 확인 팝업 닫기","[ 자격요건 ] 최신 React, 상태관리(Recoil / Zustand등), 번들러(webpack/vite등) 경험이 있으신분 AI Vibe Coding이 가능하신 분 AI를 적극적으로 활용해서 개발하시는 분 프론트엔드에 대한 지식이 많으신 분 원만한 커뮤니케이션 능력이 있으신 분 개발에 대한 열정이 넘치고 책임감이 강하신 분 [ 우대사항 ] WebRTC / Web Socket 개발 지식 보유 및 개발경험이 있으신 분 웹성능 최적화에 관심이 높으신 분 새로운 지식습득에 거부감이 없으신 분 기타사항 국가보훈해당자 및 장애인은 관련 법률에 의거 우대합니다. (증빙서류 제출자에 한함) 제출서류에 허위기재 또는 기재 착오, 구비서류 미제출 등으로 인한 불이익은 응시자 본인의 책임으로 합니다. 제출서류나 각종 증명서의 기재내용이 허위일 경우, 응시를 무효처리하며 합격을 취소합니다. 기타 문의사항은 채용관련 문의를 이용해 주시기 바라며, 제출된 서류는 개인정보 보호법에따라 관리됩니다. 목록 직군 연구개발 경력사항 경력 고용형태 정규직 근무지 서울 본사 지원하기 IR 투자 정보 받기 top RemoteCall RemoteView Ai:repoto COLABOX RemoteMeeting RemoteCall RemoteView Ai:repoto COLABOX RemoteMeeting 알서포트(주) 대표 서형수 (05203) 서울특별시 강동구 고덕비즈밸리로2가길 12 (고덕동) 사업자등록번호 114-86-82265 통신판매업 신고번호 제 2024-서울강동-1214호 문의 070-7011-3900 이메일 sales.kr@rsupport.com 팩스 02-479-4429 개인정보 처리방침 내부정보관리규정 COPYRIGHT © 2026 RSUPPORT CO., LTD. ALL RIGHTS RESERVED. 공식 SNS 채널 + Facebook youtube Blog Linkedin 알서포트 투자 실적 정보 받기 별도의 요청없이도 알서포트가 제공하는 투자와 관련된 상세 자료들을 간편하게 받아보실 수 있습니다. 팝업 닫기 투자실적 정보 받기 신청이 완료되었습니다. 입력해주신 메일 주소로 답변 드립니다. 확인 팝업 닫기","","","","서울","정규직","","","","","active","2026-03-24T16:27:00.605914","2026-03-24T16:27:00.605936","True"
"21","93","알서포트","알서포트는 여러분의 도전을","https://www.rsupport.com/ko-kr/career/recruit/back_end_dev","콘텐츠 바로가기 메뉴 바로가기 하단정보 바로가기 Rsupport 제품 리모트뷰 리모트뷰BOX 리모트콜 리모트VS 리모트미팅 Airepoto 콜라박스 리모트WOL 투자 투자 요약 기업지배구조 재무정보 실적발표 감사보고서 투자 공고 투자 질의응답 투자 뉴스 뉴스 언론 보도 홍보 영상 블로그 지원 공지사항 자주 묻는 질문 다운로드 Contact Us CI&BI 회사 회사 소개 회사 연혁 수상 및 인증 사회 공헌 기술 소개 파트너 사옥 온라인 제보 채용 채용 요약 팀 문화 스토리 역할과 책임 채용공고 인재풀 모바일 메뉴 kr en jp cn 모바일 메뉴 Home 채용 채용공고 알서포트는 여러분의 도전을 서포트합니다 백엔드 개발자 (3년이상) 지원 마감 디데이 D-10 지원 가능일 2026-03-09 ~ 2026-04-13 직군 연구개발 경력사항 경력 고용형태 정규직 근무지 서울 본사 포지션 백엔드 개발자 업무내용 당사 솔루션 개발 및 유지보수 Java Application 및 서비스 연동 개발 자격요건 및 우대사항 [ 자격요건 ] Spring 프레임워크(Spring Boot) 및 JPA 기반 Web Application 서비스 개발 경험이 있으신 분 MySQL(Maria DB), MS-SQL, ORACLE 등 RDBMS 경험이 있으신 분 원활한 커뮤니케이션 가능 및 배려심이 있으신 분 자기개발을 중시하며 기술에 대한 토론 및 공유에 적극적이신 분 AI Vibe Coding이 가능하신 분 AI를 적극적으로 활용해서 개발하시는 분 [ 우대사항 ] 솔루션 납품 개발 및 구축, 유지보수 경험이 있으신 분 JAVA 이외의 JVM 언어 및 기타 개발 언어에 경험이 있으신 분 MSA, WAF, Agile, TDD, CleanCode, 모듈 및 프레임워크 개발 등에 관심 및 경험이 있으신 분 기타사항 국가보훈해당자 및 장애인은 관련 법률에 의거 우대합니다. (증빙서류 제출자에 한함) 제출서류에 허위기재 또는 기재 착오, 구비서류 미제출 등으로 인한 불이익은 응시자 본인의 책임으로 합니다. 제출서류나 각종 증명서의 기재내용이 허위일 경우, 응시를 무효처리하며 합격을 취소합니다. 기타 문의사항은 채용관련 문의를 이용해 주시기 바라며, 제출된 서류는 개인정보 보호법에따라 관리됩니다. 목록 직군 연구개발 경력사항 경력 고용형태 정규직 근무지 서울 본사 지원하기 IR 투자 정보 받기 top RemoteCall RemoteView Ai:repoto COLABOX RemoteMeeting RemoteCall RemoteView Ai:repoto COLABOX RemoteMeeting 알서포트(주) 대표 서형수 (05203) 서울특별시 강동구 고덕비즈밸리로2가길 12 (고덕동) 사업자등록번호 114-86-82265 통신판매업 신고번호 제 2024-서울강동-1214호 문의 070-7011-3900 이메일 sales.kr@rsupport.com 팩스 02-479-4429 개인정보 처리방침 내부정보관리규정","및 우대사항 [ 자격요건 ] Spring 프레임워크(Spring Boot) 및 JPA 기반 Web Application 서비스 개발 경험이 있으신 분 MySQL(Maria DB), MS-SQL, ORACLE 등 RDBMS 경험이 있으신 분 원활한 커뮤니케이션 가능 및 배려심이 있으신 분 자기개발을 중시하며 기술에 대한 토론 및 공유에 적극적이신 분 AI Vibe Coding이 가능하신 분 AI를 적극적으로 활용해서 개발하시는 분 [ 우대사항 ] 솔루션 납품 개발 및 구축, 유지보수 경험이 있으신 분 JAVA 이외의 JVM 언어 및 기타 개발 언어에 경험이 있으신 분 MSA, WAF, Agile, TDD, CleanCode, 모듈 및 프레임워크 개발 등에 관심 및 경험이 있으신 분 기타사항 국가보훈해당자 및 장애인은 관련 법률에 의거 우대합니다. (증빙서류 제출자에 한함) 제출서류에 허위기재 또는 기재 착오, 구비서류 미제출 등으로 인한 불이익은 응시자 본인의 책임으로 합니다. 제출서류나 각종 증명서의 기재내용이 허위일 경우, 응시를 무효처리하며 합격을 취소합니다. 기타 문의사항은 채용관련 문의를 이용해 주시기 바라며, 제출된 서류는 개인정보 보호법에따라 관리됩니다. 목록 직군 연구개발 경력사항 경력 고용형태 정규직 근무지 서울 본사 지원하기 IR 투자 정보 받기 top RemoteCall RemoteView Ai:repoto COLABOX RemoteMeeting RemoteCall RemoteView Ai:repoto COLABOX RemoteMeeting 알서포트(주) 대표 서형수 (05203) 서울특별시 강동구 고덕비즈밸리로2가길 12 (고덕동) 사업자등록번호 114-86-82265 통신판매업 신고번호 제 2024-서울강동-1214호 문의 070-7011-3900 이메일 sales.kr@rsupport.com 팩스 02-479-4429 개인정보 처리방침 내부정보관리규정 COPYRIGHT © 2026 RSUPPORT CO., LTD. ALL RIGHTS RESERVED. 공식 SNS 채널 + Facebook youtube Blog Linkedin 알서포트 투자 실적 정보 받기 별도의 요청없이도 알서포트가 제공하는 투자와 관련된 상세 자료들을 간편하게 받아보실 수 있습니다. 팝업 닫기 투자실적 정보 받기 신청이 완료되었습니다. 입력해주신 메일 주소로 답변 드립니다. 확인 팝업 닫기","[ 자격요건 ] Spring 프레임워크(Spring Boot) 및 JPA 기반 Web Application 서비스 개발 경험이 있으신 분 MySQL(Maria DB), MS-SQL, ORACLE 등 RDBMS 경험이 있으신 분 원활한 커뮤니케이션 가능 및 배려심이 있으신 분 자기개발을 중시하며 기술에 대한 토론 및 공유에 적극적이신 분 AI Vibe Coding이 가능하신 분 AI를 적극적으로 활용해서 개발하시는 분 [ 우대사항 ] 솔루션 납품 개발 및 구축, 유지보수 경험이 있으신 분 JAVA 이외의 JVM 언어 및 기타 개발 언어에 경험이 있으신 분 MSA, WAF, Agile, TDD, CleanCode, 모듈 및 프레임워크 개발 등에 관심 및 경험이 있으신 분 기타사항 국가보훈해당자 및 장애인은 관련 법률에 의거 우대합니다. (증빙서류 제출자에 한함) 제출서류에 허위기재 또는 기재 착오, 구비서류 미제출 등으로 인한 불이익은 응시자 본인의 책임으로 합니다. 제출서류나 각종 증명서의 기재내용이 허위일 경우, 응시를 무효처리하며 합격을 취소합니다. 기타 문의사항은 채용관련 문의를 이용해 주시기 바라며, 제출된 서류는 개인정보 보호법에따라 관리됩니다. 목록 직군 연구개발 경력사항 경력 고용형태 정규직 근무지 서울 본사 지원하기 IR 투자 정보 받기 top RemoteCall RemoteView Ai:repoto COLABOX RemoteMeeting RemoteCall RemoteView Ai:repoto COLABOX RemoteMeeting 알서포트(주) 대표 서형수 (05203) 서울특별시 강동구 고덕비즈밸리로2가길 12 (고덕동) 사업자등록번호 114-86-82265 통신판매업 신고번호 제 2024-서울강동-1214호 문의 070-7011-3900 이메일 sales.kr@rsupport.com 팩스 02-479-4429 개인정보 처리방침 내부정보관리규정 COPYRIGHT © 2026 RSUPPORT CO., LTD. ALL RIGHTS RESERVED. 공식 SNS 채널 + Facebook youtube Blog Linkedin 알서포트 투자 실적 정보 받기 별도의 요청없이도 알서포트가 제공하는 투자와 관련된 상세 자료들을 간편하게 받아보실 수 있습니다. 팝업 닫기 투자실적 정보 받기 신청이 완료되었습니다. 입력해주신 메일 주소로 답변 드립니다. 확인 팝업 닫기","","","","서울","정규직","","","2026-02-07","2026-03-09","active","2026-04-04T03:13:18.150211","2026-03-24T16:27:03.599472","True"
"22","93","알서포트","알서포트는 여러분의 도전을","https://www.rsupport.com/ko-kr/career/recruit/csleader","콘텐츠 바로가기 메뉴 바로가기 하단정보 바로가기 Rsupport 제품 리모트뷰 리모트뷰BOX 리모트콜 리모트VS 리모트미팅 Airepoto 콜라박스 리모트WOL 투자 투자 요약 기업지배구조 재무정보 실적발표 감사보고서 투자 공고 투자 질의응답 투자 뉴스 뉴스 언론 보도 홍보 영상 블로그 지원 공지사항 자주 묻는 질문 다운로드 Contact Us CI&BI 회사 회사 소개 회사 연혁 수상 및 인증 사회 공헌 기술 소개 파트너 사옥 온라인 제보 채용 채용 요약 팀 문화 스토리 역할과 책임 채용공고 인재풀 모바일 메뉴 kr en jp cn 모바일 메뉴 Home 채용 채용공고 알서포트는 여러분의 도전을 서포트합니다 SaaS 갱신영업팀 팀장 (5년 이상) 지원 마감 디데이 D-22 지원 가능일 2026-03-09 ~ 2026-05-11 직군 영업 경력사항 경력 고용형태 정규직 근무지 서울 본사 포지션 SaaS 갱신 영업 담당자_팀장 업무내용 고객 이탈을 방지하기 위한 사전 대응 및 이탈 위험 고객에 대한 맞춤형 대응을 통한 매출 창출 고객의 비즈니스 요구를 이해하고 적합한 추가 서비스 및 제품을 제안하여 매출 증대 고객의 요구사항을 지속적으로 모니터링하고, 서비스 사용 경험을 최적화할 수 있도록 지원 고객의 사용 패턴 및 피드백을 분석해 서비스 개선 및 향후 영업전략 수립 고객의 피드백을 수집하고 내부 제품 팀과 협업하여 서비스 개선사항 도출 자격요건 및 우대사항 [ 자격요건 ] 관계자 간 원활한 커뮤니케이션 능력을 보유하신 분 고객 중심의 문제 해결 능력을 보유하신 분 프레젠테이션 및 보고 문서 작성 능력을 보유하신 분 바람직한 인성과 성실하고 적극적인 성격을 보유하신 분 [ 우대사항 ] SaaS 비즈니스 모델에 대한 이해 및 영업 경험을 보유하신 분(경력) IT 또는 관련 분야에 대한 이해도를 보유하신 분 PC 기본 활용능력이 우수하신 분 기타사항 국가보훈해당자 및 장애인은 관련 법률에 의거 우대합니다. (증빙서류 제출자에 한함) 제출서류에 허위기재 또는 기재 착오, 구비서류 미제출 등으로 인한 불이익은 응시자 본인의 책임으로 합니다. 제출서류나 각종 증명서의 기재내용이 허위일 경우, 응시를 무효처리하며 합격을 취소합니다. 기타 문의사항은 채용관련 문의를 이용해 주시기 바라며, 제출된 서류는 개인정보 보호법에따라 관리됩니다. 목록 직군 영업 경력사항 경력 고용형태 정규직 근무지 서울 본사 지원하기 IR 투자 정보 받기 top RemoteCall RemoteView Ai:repoto COLABOX RemoteMeeting RemoteCall RemoteView Ai:repoto COLABOX RemoteMeeting 알서포트(주) 대표 서형수 (05203) 서울특별시 강동구 고덕비즈밸리로2가길 12 (고덕동) 사업자등록번호 114-86-82265 통신판매업 신고번호 제 2024-서울강동-1214호 문의 070-7011-3900 이메일 sales.kr@rsupport.com 팩스 02-479-4429 개인정보 처리방침 내부정보관리규정","및 우대사항 [ 자격요건 ] 관계자 간 원활한 커뮤니케이션 능력을 보유하신 분 고객 중심의 문제 해결 능력을 보유하신 분 프레젠테이션 및 보고 문서 작성 능력을 보유하신 분 바람직한 인성과 성실하고 적극적인 성격을 보유하신 분 [ 우대사항 ] SaaS 비즈니스 모델에 대한 이해 및 영업 경험을 보유하신 분(경력) IT 또는 관련 분야에 대한 이해도를 보유하신 분 PC 기본 활용능력이 우수하신 분 기타사항 국가보훈해당자 및 장애인은 관련 법률에 의거 우대합니다. (증빙서류 제출자에 한함) 제출서류에 허위기재 또는 기재 착오, 구비서류 미제출 등으로 인한 불이익은 응시자 본인의 책임으로 합니다. 제출서류나 각종 증명서의 기재내용이 허위일 경우, 응시를 무효처리하며 합격을 취소합니다. 기타 문의사항은 채용관련 문의를 이용해 주시기 바라며, 제출된 서류는 개인정보 보호법에따라 관리됩니다. 목록 직군 영업 경력사항 경력 고용형태 정규직 근무지 서울 본사 지원하기 IR 투자 정보 받기 top RemoteCall RemoteView Ai:repoto COLABOX RemoteMeeting RemoteCall RemoteView Ai:repoto COLABOX RemoteMeeting 알서포트(주) 대표 서형수 (05203) 서울특별시 강동구 고덕비즈밸리로2가길 12 (고덕동) 사업자등록번호 114-86-82265 통신판매업 신고번호 제 2024-서울강동-1214호 문의 070-7011-3900 이메일 sales.kr@rsupport.com 팩스 02-479-4429 개인정보 처리방침 내부정보관리규정 COPYRIGHT © 2026 RSUPPORT CO., LTD. ALL RIGHTS RESERVED. 공식 SNS 채널 + Facebook youtube Blog Linkedin 알서포트 투자 실적 정보 받기 별도의 요청없이도 알서포트가 제공하는 투자와 관련된 상세 자료들을 간편하게 받아보실 수 있습니다. 팝업 닫기 투자실적 정보 받기 신청이 완료되었습니다. 입력해주신 메일 주소로 답변 드립니다. 확인 팝업 닫기","[ 자격요건 ] 관계자 간 원활한 커뮤니케이션 능력을 보유하신 분 고객 중심의 문제 해결 능력을 보유하신 분 프레젠테이션 및 보고 문서 작성 능력을 보유하신 분 바람직한 인성과 성실하고 적극적인 성격을 보유하신 분 [ 우대사항 ] SaaS 비즈니스 모델에 대한 이해 및 영업 경험을 보유하신 분(경력) IT 또는 관련 분야에 대한 이해도를 보유하신 분 PC 기본 활용능력이 우수하신 분 기타사항 국가보훈해당자 및 장애인은 관련 법률에 의거 우대합니다. (증빙서류 제출자에 한함) 제출서류에 허위기재 또는 기재 착오, 구비서류 미제출 등으로 인한 불이익은 응시자 본인의 책임으로 합니다. 제출서류나 각종 증명서의 기재내용이 허위일 경우, 응시를 무효처리하며 합격을 취소합니다. 기타 문의사항은 채용관련 문의를 이용해 주시기 바라며, 제출된 서류는 개인정보 보호법에따라 관리됩니다. 목록 직군 영업 경력사항 경력 고용형태 정규직 근무지 서울 본사 지원하기 IR 투자 정보 받기 top RemoteCall RemoteView Ai:repoto COLABOX RemoteMeeting RemoteCall RemoteView Ai:repoto COLABOX RemoteMeeting 알서포트(주) 대표 서형수 (05203) 서울특별시 강동구 고덕비즈밸리로2가길 12 (고덕동) 사업자등록번호 114-86-82265 통신판매업 신고번호 제 2024-서울강동-1214호 문의 070-7011-3900 이메일 sales.kr@rsupport.com 팩스 02-479-4429 개인정보 처리방침 내부정보관리규정 COPYRIGHT © 2026 RSUPPORT CO., LTD. ALL RIGHTS RESERVED. 공식 SNS 채널 + Facebook youtube Blog Linkedin 알서포트 투자 실적 정보 받기 별도의 요청없이도 알서포트가 제공하는 투자와 관련된 상세 자료들을 간편하게 받아보실 수 있습니다. 팝업 닫기 투자실적 정보 받기 신청이 완료되었습니다. 입력해주신 메일 주소로 답변 드립니다. 확인 팝업 닫기","","","","서울","정규직","","","2026-02-07","2026-03-09","active","2026-04-20T03:08:04.027093","2026-03-24T16:27:06.883294","True"
"23","93","알서포트","알서포트는 여러분의 도전을","https://www.rsupport.com/ko-kr/career/recruit/saascs","콘텐츠 바로가기 메뉴 바로가기 하단정보 바로가기 Rsupport 제품 리모트뷰 리모트뷰BOX 리모트콜 리모트VS 리모트미팅 Airepoto 콜라박스 리모트WOL 투자 투자 요약 기업지배구조 재무정보 실적발표 감사보고서 투자 공고 투자 질의응답 투자 뉴스 뉴스 언론 보도 홍보 영상 블로그 지원 공지사항 자주 묻는 질문 다운로드 Contact Us CI&BI 회사 회사 소개 회사 연혁 수상 및 인증 사회 공헌 기술 소개 파트너 사옥 온라인 제보 채용 채용 요약 팀 문화 스토리 역할과 책임 채용공고 인재풀 모바일 메뉴 kr en jp cn 모바일 메뉴 Home 채용 채용공고 알서포트는 여러분의 도전을 서포트합니다 SaaS 갱신영업 팀원 (신입~경력 5년 이하) 지원 마감 디데이 D-22 지원 가능일 2026-03-09 ~ 2026-05-11 직군 영업 경력사항 무관 고용형태 정규직 근무지 서울 본사 포지션 SaaS 갱신 영업 담당자_팀원 업무내용 고객 이탈을 방지하기 위한 사전 대응 및 이탈 위험 고객에 대한 맞춤형 대응을 통한 매출 창출 고객의 비즈니스 요구를 이해하고 적합한 추가 서비스 및 제품을 제안하여 매출 증대 고객의 요구사항을 지속적으로 모니터링하고, 서비스 사용 경험을 최적화할 수 있도록 지원 고객의 사용 패턴 및 피드백을 분석해 서비스 개선 및 향후 영업전략 수립 고객의 피드백을 수집하고 내부 제품 팀과 협업하여 서비스 개선사항 도출 자격요건 및 우대사항 [ 자격요건 ] 관계자 간 원활한 커뮤니케이션 능력을 보유하신 분 고객 중심의 문제 해결 능력을 보유하신 분 프레젠테이션 및 보고 문서 작성 능력을 보유하신 분 바람직한 인성과 성실하고 적극적인 성격을 보유하신 분 [ 우대사항 ] SaaS 비즈니스 모델에 대한 이해 및 영업 경험을 보유하신 분(경력) IT 또는 관련 분야에 대한 이해도를 보유하신 분 PC 기본 활용능력이 우수하신 분 기타사항 국가보훈해당자 및 장애인은 관련 법률에 의거 우대합니다. (증빙서류 제출자에 한함) 제출서류에 허위기재 또는 기재 착오, 구비서류 미제출 등으로 인한 불이익은 응시자 본인의 책임으로 합니다. 제출서류나 각종 증명서의 기재내용이 허위일 경우, 응시를 무효처리하며 합격을 취소합니다. 기타 문의사항은 채용관련 문의를 이용해 주시기 바라며, 제출된 서류는 개인정보 보호법에따라 관리됩니다. 목록 직군 영업 경력사항 무관 고용형태 정규직 근무지 서울 본사 지원하기 IR 투자 정보 받기 top RemoteCall RemoteView Ai:repoto COLABOX RemoteMeeting RemoteCall RemoteView Ai:repoto COLABOX RemoteMeeting 알서포트(주) 대표 서형수 (05203) 서울특별시 강동구 고덕비즈밸리로2가길 12 (고덕동) 사업자등록번호 114-86-82265 통신판매업 신고번호 제 2024-서울강동-1214호 문의 070-7011-3900 이메일 sales.kr@rsupport.com 팩스 02-479-4429 개인정보 처리방침 내부정보관리규정","및 우대사항 [ 자격요건 ] 관계자 간 원활한 커뮤니케이션 능력을 보유하신 분 고객 중심의 문제 해결 능력을 보유하신 분 프레젠테이션 및 보고 문서 작성 능력을 보유하신 분 바람직한 인성과 성실하고 적극적인 성격을 보유하신 분 [ 우대사항 ] SaaS 비즈니스 모델에 대한 이해 및 영업 경험을 보유하신 분(경력) IT 또는 관련 분야에 대한 이해도를 보유하신 분 PC 기본 활용능력이 우수하신 분 기타사항 국가보훈해당자 및 장애인은 관련 법률에 의거 우대합니다. (증빙서류 제출자에 한함) 제출서류에 허위기재 또는 기재 착오, 구비서류 미제출 등으로 인한 불이익은 응시자 본인의 책임으로 합니다. 제출서류나 각종 증명서의 기재내용이 허위일 경우, 응시를 무효처리하며 합격을 취소합니다. 기타 문의사항은 채용관련 문의를 이용해 주시기 바라며, 제출된 서류는 개인정보 보호법에따라 관리됩니다. 목록 직군 영업 경력사항 무관 고용형태 정규직 근무지 서울 본사 지원하기 IR 투자 정보 받기 top RemoteCall RemoteView Ai:repoto COLABOX RemoteMeeting RemoteCall RemoteView Ai:repoto COLABOX RemoteMeeting 알서포트(주) 대표 서형수 (05203) 서울특별시 강동구 고덕비즈밸리로2가길 12 (고덕동) 사업자등록번호 114-86-82265 통신판매업 신고번호 제 2024-서울강동-1214호 문의 070-7011-3900 이메일 sales.kr@rsupport.com 팩스 02-479-4429 개인정보 처리방침 내부정보관리규정 COPYRIGHT © 2026 RSUPPORT CO., LTD. ALL RIGHTS RESERVED. 공식 SNS 채널 + Facebook youtube Blog Linkedin 알서포트 투자 실적 정보 받기 별도의 요청없이도 알서포트가 제공하는 투자와 관련된 상세 자료들을 간편하게 받아보실 수 있습니다. 팝업 닫기 투자실적 정보 받기 신청이 완료되었습니다. 입력해주신 메일 주소로 답변 드립니다. 확인 팝업 닫기","[ 자격요건 ] 관계자 간 원활한 커뮤니케이션 능력을 보유하신 분 고객 중심의 문제 해결 능력을 보유하신 분 프레젠테이션 및 보고 문서 작성 능력을 보유하신 분 바람직한 인성과 성실하고 적극적인 성격을 보유하신 분 [ 우대사항 ] SaaS 비즈니스 모델에 대한 이해 및 영업 경험을 보유하신 분(경력) IT 또는 관련 분야에 대한 이해도를 보유하신 분 PC 기본 활용능력이 우수하신 분 기타사항 국가보훈해당자 및 장애인은 관련 법률에 의거 우대합니다. (증빙서류 제출자에 한함) 제출서류에 허위기재 또는 기재 착오, 구비서류 미제출 등으로 인한 불이익은 응시자 본인의 책임으로 합니다. 제출서류나 각종 증명서의 기재내용이 허위일 경우, 응시를 무효처리하며 합격을 취소합니다. 기타 문의사항은 채용관련 문의를 이용해 주시기 바라며, 제출된 서류는 개인정보 보호법에따라 관리됩니다. 목록 직군 영업 경력사항 무관 고용형태 정규직 근무지 서울 본사 지원하기 IR 투자 정보 받기 top RemoteCall RemoteView Ai:repoto COLABOX RemoteMeeting RemoteCall RemoteView Ai:repoto COLABOX RemoteMeeting 알서포트(주) 대표 서형수 (05203) 서울특별시 강동구 고덕비즈밸리로2가길 12 (고덕동) 사업자등록번호 114-86-82265 통신판매업 신고번호 제 2024-서울강동-1214호 문의 070-7011-3900 이메일 sales.kr@rsupport.com 팩스 02-479-4429 개인정보 처리방침 내부정보관리규정 COPYRIGHT © 2026 RSUPPORT CO., LTD. ALL RIGHTS RESERVED. 공식 SNS 채널 + Facebook youtube Blog Linkedin 알서포트 투자 실적 정보 받기 별도의 요청없이도 알서포트가 제공하는 투자와 관련된 상세 자료들을 간편하게 받아보실 수 있습니다. 팝업 닫기 투자실적 정보 받기 신청이 완료되었습니다. 입력해주신 메일 주소로 답변 드립니다. 확인 팝업 닫기","","","","서울","정규직","","","2026-02-07","2026-03-09","active","2026-04-20T03:08:09.573977","2026-03-24T16:27:11.451149","True"
"24","93","알서포트","알서포트는 여러분의 도전을","https://www.rsupport.com/ko-kr/career/recruit/uxd","콘텐츠 바로가기 메뉴 바로가기 하단정보 바로가기 Rsupport 제품 리모트뷰 리모트뷰BOX 리모트콜 리모트VS 리모트미팅 Airepoto 콜라박스 리모트WOL 투자 투자 요약 기업지배구조 재무정보 실적발표 감사보고서 투자 공고 투자 질의응답 투자 뉴스 뉴스 언론 보도 홍보 영상 블로그 지원 공지사항 자주 묻는 질문 다운로드 Contact Us CI&BI 회사 회사 소개 회사 연혁 수상 및 인증 사회 공헌 기술 소개 파트너 사옥 온라인 제보 채용 채용 요약 팀 문화 스토리 역할과 책임 채용공고 인재풀 모바일 메뉴 kr en jp cn 모바일 메뉴 Home 채용 채용공고 알서포트는 여러분의 도전을 서포트합니다 UX 디자이너 (10년 이상) 지원 마감 디데이 D-27 지원 가능일 2026-03-09 ~ 2026-05-11 직군 마케팅 경력사항 경력 고용형태 정규직 근무지 서울 본사 포지션 UX 디자이너 업무내용 회사 주요 웹 기반 서비스의 (홈페이지, 뉴스레터, 온드채널 등) UI/UX 전략 수립 및 디자인 전반 진행 브랜드 아이덴티티에 기반한 O2O 디자인 시스템 수립 및 관리 (가이드라인 제작, KV 개발, UI 컴포넌트 고도화) 사용자 여정 등의 데이터 기반 플랫폼별 (웹/모바일) 디자인 개선 및 best practice 도출 비주얼 asset의 AI 프롬프트 템플릿 마련 및 AI 자동화로 업무 효율성 강화 자격요건 및 우대사항 [ 자격요건 ] 웹 기반의 UI/UX 디자인 경력 10년 이상 디자인 시스템 구축 및 웹/모바일 기반 UI/UX 설계 경험 보유 브랜딩 또는 마케팅 캠페인 관련 디자인 경험 + 프린트물 디자인 제작 경험 보유 Figma, Adobe CC 등 디자인 툴 숙련자 및 AI 활용 역량 필수 디자인 포트폴리오 및 AI 활용 능력 보유자 (실무면접시 실기 테스트 진행) [ 우대사항 ] 회사의 목표에 디자인 업무 싱크를 맞춰보신 분 B2B 또는 IT 솔루션 업계에서의 UI/UX 디자인 경험을 보유하신 분 데이터 기반 UX 리서치 혹은 A/B 테스트 설계 경험을 보유하신 분 AI를 활용하여 실제 모델을 만들어보신 분 글로벌 (다국어) 디자인 경험을 보유하신 분 기타사항 국가보훈해당자 및 장애인은 관련 법률에 의거 우대합니다. (증빙서류 제출자에 한함) 제출서류에 허위기재 또는 기재 착오, 구비서류 미제출 등으로 인한 불이익은 응시자 본인의 책임으로 합니다. 제출서류나 각종 증명서의 기재내용이 허위일 경우, 응시를 무효처리하며 합격을 취소합니다. 기타 문의사항은 채용관련 문의를 이용해 주시기 바라며, 제출된 서류는 개인정보 보호법에따라 관리됩니다. 목록 직군 마케팅 경력사항 경력 고용형태 정규직 근무지 서울 본사 지원하기 IR 투자 정보 받기 top RemoteCall RemoteView Ai:repoto COLABOX RemoteMeeting RemoteCall RemoteView Ai:repoto COLABOX RemoteMeeting 알서포트(주) 대표 서형수 (05203) 서울특별시 강동구 고덕비즈밸리로2가길 12 (고덕동) 사업자등록번호 114-86-82265 통신판매업 신고번호 제 2024-서울강동-1214호 문의 070-7011-3900 이메일 sales.kr@rsupport.com 팩스 02-479-4429 개인정보 처리방침 내부정보관리규정","및 우대사항 [ 자격요건 ] 웹 기반의 UI/UX 디자인 경력 10년 이상 디자인 시스템 구축 및 웹/모바일 기반 UI/UX 설계 경험 보유 브랜딩 또는 마케팅 캠페인 관련 디자인 경험 + 프린트물 디자인 제작 경험 보유 Figma, Adobe CC 등 디자인 툴 숙련자 및 AI 활용 역량 필수 디자인 포트폴리오 및 AI 활용 능력 보유자 (실무면접시 실기 테스트 진행) [ 우대사항 ] 회사의 목표에 디자인 업무 싱크를 맞춰보신 분 B2B 또는 IT 솔루션 업계에서의 UI/UX 디자인 경험을 보유하신 분 데이터 기반 UX 리서치 혹은 A/B 테스트 설계 경험을 보유하신 분 AI를 활용하여 실제 모델을 만들어보신 분 글로벌 (다국어) 디자인 경험을 보유하신 분 기타사항 국가보훈해당자 및 장애인은 관련 법률에 의거 우대합니다. (증빙서류 제출자에 한함) 제출서류에 허위기재 또는 기재 착오, 구비서류 미제출 등으로 인한 불이익은 응시자 본인의 책임으로 합니다. 제출서류나 각종 증명서의 기재내용이 허위일 경우, 응시를 무효처리하며 합격을 취소합니다. 기타 문의사항은 채용관련 문의를 이용해 주시기 바라며, 제출된 서류는 개인정보 보호법에따라 관리됩니다. 목록 직군 마케팅 경력사항 경력 고용형태 정규직 근무지 서울 본사 지원하기 IR 투자 정보 받기 top RemoteCall RemoteView Ai:repoto COLABOX RemoteMeeting RemoteCall RemoteView Ai:repoto COLABOX RemoteMeeting 알서포트(주) 대표 서형수 (05203) 서울특별시 강동구 고덕비즈밸리로2가길 12 (고덕동) 사업자등록번호 114-86-82265 통신판매업 신고번호 제 2024-서울강동-1214호 문의 070-7011-3900 이메일 sales.kr@rsupport.com 팩스 02-479-4429 개인정보 처리방침 내부정보관리규정 COPYRIGHT © 2026 RSUPPORT CO., LTD. ALL RIGHTS RESERVED. 공식 SNS 채널 + Facebook youtube Blog Linkedin 알서포트 투자 실적 정보 받기 별도의 요청없이도 알서포트가 제공하는 투자와 관련된 상세 자료들을 간편하게 받아보실 수 있습니다. 팝업 닫기 투자실적 정보 받기 신청이 완료되었습니다. 입력해주신 메일 주소로 답변 드립니다. 확인 팝업 닫기","[ 자격요건 ] 웹 기반의 UI/UX 디자인 경력 10년 이상 디자인 시스템 구축 및 웹/모바일 기반 UI/UX 설계 경험 보유 브랜딩 또는 마케팅 캠페인 관련 디자인 경험 + 프린트물 디자인 제작 경험 보유 Figma, Adobe CC 등 디자인 툴 숙련자 및 AI 활용 역량 필수 디자인 포트폴리오 및 AI 활용 능력 보유자 (실무면접시 실기 테스트 진행) [ 우대사항 ] 회사의 목표에 디자인 업무 싱크를 맞춰보신 분 B2B 또는 IT 솔루션 업계에서의 UI/UX 디자인 경험을 보유하신 분 데이터 기반 UX 리서치 혹은 A/B 테스트 설계 경험을 보유하신 분 AI를 활용하여 실제 모델을 만들어보신 분 글로벌 (다국어) 디자인 경험을 보유하신 분 기타사항 국가보훈해당자 및 장애인은 관련 법률에 의거 우대합니다. (증빙서류 제출자에 한함) 제출서류에 허위기재 또는 기재 착오, 구비서류 미제출 등으로 인한 불이익은 응시자 본인의 책임으로 합니다. 제출서류나 각종 증명서의 기재내용이 허위일 경우, 응시를 무효처리하며 합격을 취소합니다. 기타 문의사항은 채용관련 문의를 이용해 주시기 바라며, 제출된 서류는 개인정보 보호법에따라 관리됩니다. 목록 직군 마케팅 경력사항 경력 고용형태 정규직 근무지 서울 본사 지원하기 IR 투자 정보 받기 top RemoteCall RemoteView Ai:repoto COLABOX RemoteMeeting RemoteCall RemoteView Ai:repoto COLABOX RemoteMeeting 알서포트(주) 대표 서형수 (05203) 서울특별시 강동구 고덕비즈밸리로2가길 12 (고덕동) 사업자등록번호 114-86-82265 통신판매업 신고번호 제 2024-서울강동-1214호 문의 070-7011-3900 이메일 sales.kr@rsupport.com 팩스 02-479-4429 개인정보 처리방침 내부정보관리규정 COPYRIGHT © 2026 RSUPPORT CO., LTD. ALL RIGHTS RESERVED. 공식 SNS 채널 + Facebook youtube Blog Linkedin 알서포트 투자 실적 정보 받기 별도의 요청없이도 알서포트가 제공하는 투자와 관련된 상세 자료들을 간편하게 받아보실 수 있습니다. 팝업 닫기 투자실적 정보 받기 신청이 완료되었습니다. 입력해주신 메일 주소로 답변 드립니다. 확인 팝업 닫기","","","","서울","정규직","","","","","active","2026-04-14T12:50:24.941738","2026-03-24T16:27:14.941315","True"
"25","93","알서포트","인재풀 등록","https://www.rsupport.com/ko-kr/career/talent","Home 채용 인재풀 인재풀 등록 원하는 채용공고가 없으신가요? 희망하는 포지션으로 인재풀에 등록해주시면, 관련 채용 진행시 우선적으로 검토됩니다. 기본정보 성명 필수 이메일 필수 연락처 필수 제출서류 이력서&경력기술서 * 필수 파일첨부 파일 선택 포트폴리오 필수 파일첨부 파일 선택 기타첨부파일 필수 파일첨부 파일 선택 추가링크 추가적인 업무 성과를 보여줄 수 있는 링크가 있다면 입력해 주세요. 링크 경로 추가 [필수] 본인은 만 14세 이상이며, 개인정보 수집 및 이용 에 동의합니다. * [개인정보 수집 및 이용 안내문] * 수집하는 항목 : (필수)성명, 이메일, 연락처, (선택)지원자가 업로드한 제출서류에 포함된 개인정보(첨부파일 내 민감정보와 고유식별정보가 포함될 경우 수집될 수 있음) * 수집 및 이용목적 : 채용가능 자원의 관리 목적(회사의 인력풀에 저장되어 채용이 필요한 경우 이용됩니다.) * 보유 및 이용기간 : 1년 ※ 개인정보 수집 및 이용에 대한 동의를 거부할 권리가 있습니다. 그러나 동의를 거부할 경우, 인재풀 등록을 하실 수 없습니다. ※ 자세한 내용은","","","","","","","","","","","","active","2026-03-24T16:27:19.278883","2026-03-24T16:27:19.278935","True"
"26","93","알서포트","최고의 성과를 위해","https://www.rsupport.com/ko-kr/career/roles","Home 채용 역할과 책임 최고의 성과를 위해 역할과 책임을 다합니다. 경영지원본부 국내영업본부 기술지원본부 마케팅본부 연구개발본부 품질경영본부 SaaS영업본부 대표이사직속 경영지원본부 기업의 핵심 사업 활동을 뒷받침하는 전사적 지원 업무를 총괄 합니다. 경영지원본부의 핵심 은 각 사업부문이 본연의 업무에 집중할 수 있도록 안정적이고 효율적인 경영 환경을 제공하며, 기업의 지속가능한 성장과 경쟁력 강화를 위한 종합적 지원 체계를 구축·운영하는 것입니다. 기업의 백오피스 기능을 통합 관리하여 전사적 시너지를 창출하고, 경영 효율성을 극대화하는 역할을 담당합니다. 주요 업무 · 전략적 의사결정 지원 경영진의 의사결정에 필요한 정보 분석 및 제공, 경영 전략 수립 지원 · 경영 인프라 구축 조직 운영에 필요한 제도, 시스템, 프로세스 구축 및 관리 · 리스크 관리 법적, 재무적, 운영적 리스크 식별 및 대응 체계 구축 · 자원 관리 인적·물적·금융 자원의 효율적 배분 및 관리 · 컴플라이언스 각종 법규 준수 및 내부통제 시스템 운영 · 조직 문화 건전한 조직 문화 조성 및 임직원 만족도 향상 조직 구성 경영관리 경영진의 의사결정을 지원하기 위해 재무적·비재무적 정보를 수집·분석하여 인사이트를 제공하고, 내부통제를 통해 재무제표의 정확성과 신뢰성을 확보하여 준법경영과 투명한 재무보고를 실현합니다. 경영관리 · 내부회계관리제도의 설계, 운영, 평가, 보고 절차의 수행 · 상근감사 또는 감사위원회의 워활한 운영과 역할 수행을 위해 실무적으로 지원 및 보고 · 내부감사의 이벤트 발생 시, 내부감사 수행 자금 회사 자금의 입출금관리, 자금의 운영, 조달 등 자금과 관련된 일체의 업무를 관장, 관리, 기록함으로써, 회사 금융자산의 보호 및 증대에 이바지하는 것을 목적으로 합니다. 자금 · 은행계좌의 개설, 관리, 폐쇄 · 입금, 출금의 확인, 관리, 기록 · 기간별 자금계획의 수립과 예실의 비교, 분석 · 기간별 자금의 운용, 조달 · 외화의 수급 모니터링과 헷지 · 법인카드의 운영 및 관리 법무 회사를 법적 리스크로부터 보호하고, 경영진의 의사결정에 법률 자문을 제공하여 안전한 사업 운영을 지원합니다. 컴플라이언스 확보를 통해 건전한 기업 경영을 뒷받침하고, 법적 분쟁을 예방하며 회사의 이익을 보호하는 역할을 담당합니다. 법무 · 계약서 검토 및 작성 · 법률 자문 제공, 소송 및 분쟁 관리 · 대내외 발생 이슈 및 리스크 대응 · 컴플라이언스 점검 · 법적 리스크 관리 및 규제 대응 · 지적재산권 보호 및 임직원 법률 교육 · 대외협력 및 인장 관리 총무 회사의 경영자원의 전반적인 부분을 관리합니다. 임직원 복지, 조직문화 활성, 구매 및 자산관리, 사옥 운영 및 시설관리, IT 인프라 유지보수를 담당하며 지역사회 공헌활동 등을 통해 조직 운영을 지원합니다. 총무 · 임직원복지/조직문화 활성 · 지식재산권, 전산용품, SW License, 렌탈 관리 · 사옥관리 : 식당, 외주용역업체, 건물, 인허가 관리 · 사무환경관리, 차량관리, 외부자산관리 · 지역사회 공헌, 공유오피스 운영 인사 회사의 인사제도 및 인적자원과 관련된 전반적 업무를 담당하며, 주요 업무로는 평가 및 보상, 인사정책 수립, 우수인재 유치, 교육, 조직 내 소통 활성화를 담당하고 있습니다. 인사 · 인력 채용 및 관리 · 평가제도의 수립 및 운영 · 평가와 연동된 보상제도 수립 및 운영 · 직무, 리더십 역량 향상을 위한 교육 수립 및 운영 · 조직 문화 구축 · 조직 내 소통 활성화 회계 경영진이 올바른 의사결정을 내릴 수 있도록정확하고 신뢰할 수 있는 회계정보를 제공합니다. 장부 관리, 세무신고, 예산관리, 매출/매입 관리 등 기업의 재무 전반을 담당합니다. 회계 · 일일 회계기록 및 거래내역 확인 · 재무제표(재무상태표, 현금흐름표 등) 작성 · 외부감사, 세무조사 대응 · 회계시스템 구축 및 운영 · 부가가치세, 법인세 등 세금신고업무 정보보안 회사의 정보자산을 보호하기 위해 법률적·관리적·기술적 측면에서 보안 전략을 수립하고, 정보보호 정책 관리, 취약점 진단 및 대응, 보안시스템 설계·구성, 네트워크 보안 관리, 정책 감사 등을 통해 종합적인 정보보호 체계를 운영합니다. 정보보안 · 정보보호 및 개인정보보호 정책 관리 및 개선 · 보안 취약점 진단 수행과 대응 · 정보보호의 기술적.물리적.관리적 보호조치 · 정보보안 연계한 네트워크 및 정보보호 시스템 설계 구성 · 보안시스템 및 정책 관리.감사 국내영업총괄본부 영업본부는 기업의 매출 창출과 시장 확대를 담당하는 핵심 조직으로, 고객과의 접점에서 비즈니스 성과를 직접 창출하는 역할 을 수행합니다. 국내영업총괄본부의 핵심 은 고객 중심의 가치 창출을 통해 지속적이고 안정적인 매출 성장을 실현하며, 시장에서의 경쟁우위를 확보하고 브랜드 가치를 제고하는 것입니다. 기업과 고객을 연결하는 가교 역할을 통해 상호 윈-윈할 수 있는 비즈니스 생태계를 구축하고, 장기적 관점에서 기업의 성장 동력을 창출하는 핵심 엔진 역할을 담당합니다. 주요 업무 · 매출 목표 달성 전사 매출 목표 수립 및 달성을 위한 영업 전략 실행과 성과 관리 · 시장 확장 신규 고객 발굴, 기존 고객 관계 강화, 새로운 시장 진출을 통한 사업 영역 확대 · 고객 관계 관리 고객 생애주기 전반에 걸친 맞춤형 서비스 제공 및 장기적 파트너십 구축 · 영업 프로세스 최적화 효율적인 영업 활동을 위한 체계적 프로세스 구축 및 지속적 개선 · 시장 정보 수집 고객 니즈 파악, 경쟁사 동향 분석, 시장 트렌드 모니터링을 통한 사업 인사이트 제공 · 솔루션 제안 고객의 문제 해결을 위한 최적의 제품·서비스 조합 및 맞춤형 솔루션 개발 조직 구성 공공영업 공공기관을 대상으로 회사의 주요 솔루션을 제안하고 공급합니다. 요구 분석부터 제안, 수주, 납품까지 전 과정을 책임지고 수행하며, 관련 예산과 인력도 함께 관리합니다. 공공영업 · 프로젝트 제안, 비용 산정 및 계약 조건 협상 · 계약서 작성, 수금 처리 · 제품 사용 방법 및 문제 해결 지원 · 솔루션 공급 완료 후 시스템 검수 및 유지보수 이행 · 공공기관 행사, 세미나 참가 및 홍보 관리 기업영업 기업 고객을 대상으로 제품 및 솔루션을 제안하고, 수요 발굴부터 계약, 공급, 사후관리까지 전 과정을 수행합니다. 또한, 시장 동향과 경쟁사 정보를 분석해 영업 전략을 수립하고 매출 목표를 달성합니다. 기업영업 · 신규 영업대상 발굴 및 관계 형성 · 고객 대상 제품 및 솔루션 제안 · 수요 발굴, 계약 체결, 납품 관리 등 영업 전 과정 수행 · 시장 동향 및 경쟁사 분석을 통한 영업 전략 수립 · 매출 목표 설정 및 실적 관리 · 고객 피드백 기반 개선사항 도출 및 전달 세일즈마케팅 매출 향상을 위한 프로모션, 이메일 마케팅, 광고를 기획·운영하고, 세일즈킷 제작과 전시회 운영을 통해 제품 홍보를 지원합니다. 외부 업체 협업이나 행사 기획·디자인·운영도 함께 담당합니다. 세일즈마케팅 · 제품 프로모션 계획, 실행, 관리 · 이메일 마케팅 계획, 실행, 관리 · 영업용 제품 세일즈킷 제작 · 전시회 기획, 준비, 운영 관리 · 외부 업체 관리 및 업무협업 글로벌기술지원본부 글로벌기술지원본부는 기업의 기술적 역량을 바탕으로 고객과 내부 조직에 전문적인 기술 서비스를 제공 하며, 제품·서비스의 기술적 완성도를 높이는 핵심 조직입니다. 글로벌기술지원본부의 핵심 은 우수한 기술력을 기반으로 고객 만족도를 극대화하고, 지속적인 기술 혁신을 통해 시장에서의 기술적 리더십을 확보하며, 기업의 기술 경쟁력을 강화하는 것입니다. 고객과의 기술적 신뢰 관계를 구축하고, 내부 조직의 기술 역량을 향상시켜 전사적 기술 생태계를 조성함으로써 기업의 지속가능한 기술 발전을 이끄는 핵심 동력 역할을 담당합니다. 주요 업무 · 고객 기술 지원 제품·서비스 도입, 운영, 장애 해결 등 고객의 기술 요구사항에 대한 전문적 지원 · 기술 컨설팅 고객의 기술 환경 분석 및 최적화 방안 제시, 기술 도입 전략 수립 지원 · 제품 기술 개발 기존 제품·서비스의 기술적 개선 및 신기술 적용을 통한 경쟁력 강화 · 기술 교육 및 전수 고객 및 내부 직원 대상 기술 교육, 매뉴얼 작성, 기술 지식 전파 · 품질 관리 제품·서비스의 기술적 품질 보증, 성능 최적화, 안정성 확보 · 기술 혁신 신기술 연구 개발, 기술 트렌드 분석, 차세대 기술 솔루션 기획 및 구현 조직 구성 기술지원 회사 제품의 전문 기술지원 체제를 갖추고 납품, 고객 요청에 따라 장애 처리, 시스템 개선 및 정기 점검 등을 수행하고 관리합니다. 국내 및 글로벌 클라이언트들의 기술문제를 대응/지원합니다. 기술지원 · 시스템 인프라 구축 및 운영 · 시스템 연동, 보안이슈 대응 · SI 사업 및 프로젝트 관리 · SaaS,솔루션 제품 유지보수 · 신규 사업 제안 지원 마케팅본부 브랜드 가치 제고와 시장 점유율 확대를 통해 기업의 성장을 견인하는 전략적 조직으로, 고객과의 접점에서 브랜드 경험을 창조하고 관리 하는 역할을 수행합니다. 마케팅본부의 핵심 은 창조적이고 차별화된 마케팅 활동을 통해 브랜드 인지도와 선호도를 높이고, 글로벌 시장에서의 경쟁력을 강화하여 지속적인 고객 확보와 매출 성장을 실현하는 것입니다. 시장과 고객의 변화를 선도적으로 감지하고 대응하여 기업의 미래 성장 기회를 창출하며, 브랜드 가치 극대화를 통해 기업의 장기적 경쟁우위를 구축하는 전략적 성장 엔진 역할을 담당합니다. 주요 업무 · 브랜드 전략 수립 브랜드 포지셔닝, 브랜드 아이덴티티 구축, 통합적 브랜드 커뮤니케이션 전략 기획 및 실행 · 시장 분석 및 인사이트 시장 동향 분석, 소비자 행동 연구, 경쟁사 분석을 통한 마케팅 전략 수립 · 글로벌 시장 진출 진출: 해외 시장 진입 전략 수립, 현지화 마케팅, 글로벌 파트너십 구축 및 관리 · UX/UI 설계 사용자 경험 연구 및 설계, 인터페이스 최적화, 사용성 테스트를 통한 고객 만족도 향상 · 디지털 플랫폼 구축 웹사이트 개발 및 운영, 모바일 플랫폼 관리, 디지털 터치포인트 최적화 · 마케팅 커뮤니케이션 통합 마케팅 커뮤니케이션 기획, 광고·홍보 활동, 이벤트 및 캠페인 운영 조직 구성 글로벌사업 해외 시장 전반을","","","","컨퍼런스참가비","","","계약직","","","","","active","2026-04-20T03:07:14.405554","2026-03-24T16:27:26.415690","True"
"27","94","엠투소프트","인재채용","https://www.m2soft.co.kr/bbs/content.php?co_id=0505recruit#job-d9e5c3d5-1","인재채용 미래 IT세상을 이끌어갈 최고의 인재를 모집합니다. 지난 20여년간 전자문서·리포팅 솔루션 분야에 독보적인 기술력을 통해 국내 1위의 전자문서·리포팅 솔루션 전문 기업으로 확고히 자리매김한 엠투소프트가 미래 IT세상을 이끌어갈 최고의 인재를 모집합니다. 대한민국 최고의 인재에게 어울리는 대한민국 대표 전자문서·리포팅 솔루션 기업 엠투소프트에 인재 여러분의 많은 지원 바랍니다. 인재모집 모집인원 각 부문별 0명(신입/경력) 모집 부문 연구 개발 C++(MFC), C# Windows App 개발자 Front-End(Javascript/HTML5) 개발자 Back-End(Java/C#) 개발자 Android/iOS App 개발자 Python AI 개발자 기술 사원 DB, SQL 사용 가능자(중급이상 사용자 우대) Web Script Language(ASP,JSP)사용 가능자 Windows C++사용 가능 국내외 영업 IT Solution(S/W)관련 영업 경험자 공통사항 병역필 또는 면제자 해외출장에 결격사유가 없는 자 외국어 가능자 우대(영어/일어/중국어) 관련 자격증 소지자 우대 전형방법 온라인 접수 1차 서류심사(심사 후 합격자에 한하여 개별 면접 통보) 2차 담당 부서장 면접 3차 임원진 면접 모집형태 신입/경력 수시 채용 제출 서류 온라인 접수시 신입/경력 : 이력서, 자기소개서(MS-Word 사용 권장) 면접시 신입 : 졸업증명서, 성적증명서, 자격증 사본 경력 : 경력증명서, 자격증 사본 서류제출처 제출처 : recruit@m2soft.co.kr 홈페이지 : https://www.m2soft.co.kr 문의전화 : 02-2188-8500 (대표) / FAX : 02-2188-8508 본사에 접수된 지원서는 일체 반환되지 않으며, 접수된 자료는 채용 이외의 용도로 활용되지 않습니다.","",") Web Script Language(ASP,JSP)사용 가능자 Windows C++사용 가능 국내외 영업 IT Solution(S/W)관련 영업 경험자 공통사항 병역필 또는 면제자 해외출장에 결격사유가 없는 자 외국어 가능자 우대(영어/일어/중국어) 관련 자격증 소지자 우대 전형방법 온라인 접수 1차 서류심사(심사 후 합격자에 한하여 개별 면접 통보) 2차 담당 부서장 면접 3차 임원진 면접 모집형태 신입/경력 수시 채용","","","","","","","","","","active","2026-04-14T12:50:13.706711","2026-03-24T16:27:43.179196","True"
"28","105","두나무","개발직군 인재풀 | 두나무","https://careers.dunamu.com/detail/80","개발직군 인재풀 [개발직군 인재풀 등록하기] 현재 나에게 맞는 포지션이 없더라도 인재풀에 이력서를 제출해주세요. 희망하시는 포지션 오픈 시 채용팀에서 이력서 확인 후 연락 드릴 수 있도록 하겠습니다. 가까운 시일 내에 두나무의 미래를 함께 만들 수 있는 기회가 열리기를 바랍니다. [두나무 소개] 두나무가 이직하기 좋은 기업인 이유 채용공고 목록 직군 Talent Pool 경력사항 무관 마감일자 상시채용 근무지역 보기 지원하기 지원서 이어서 작성하기 TOP 두나무 주식회사 대표 오경석 서울시 서초구 강남대로 369 사업자등록번호 119-86-54968 채용 문의 jobs@dunamu.com","","","","","","서울","","","","","","active","2026-03-24T16:28:26.509038","2026-03-24T16:28:26.509101","True"
"29","105","두나무","일반직군 인재풀 | 두나무","https://careers.dunamu.com/detail/22","일반직군 인재풀 [일반직군 인재풀 등록하기] 현재 나에게 맞는 포지션이 없더라도 인재풀에 이력서를 제출해주세요. 희망하시는 포지션 오픈 시 채용팀에서 이력서 확인 후 연락 드릴 수 있도록 하겠습니다. 가까운 시일 내에 두나무의 미래를 함께 만들 수 있는 기회가 열리기를 바랍니다. [두나무 소개] 두나무가 이직하기 좋은 기업인 이유 채용공고 목록 직군 Talent Pool 경력사항 무관 마감일자 상시채용 근무지역 보기 지원하기 지원서 이어서 작성하기 TOP 두나무 주식회사 대표 오경석 서울시 서초구 강남대로 369 사업자등록번호 119-86-54968 채용 문의 jobs@dunamu.com","","","","","","서울","","","","","","active","2026-03-24T16:28:27.796823","2026-03-24T16:28:27.796845","True"
"30","105","두나무","브랜드 경험 및 컬처 담당자 | 두나무","https://careers.dunamu.com/detail/563","브랜드 경험 및 컬처 담당자 조직소개 우리 조직은 다양한 활동을 통해 두나무의 브랜드 정체성과 핵심 가치를 내외부에 전달하고, 브랜드에 대한 긍정적인 인식과 로열티를 높이고자 합니다. 브랜드 경험(BX)은 기업이 다양한 접점에서 관계를 맺는 방식이며, 조직의 성장과 연결되는 중요한 요소입니다. 우리는 내부 구성원과 외부 이해관계자가 두나무의 비전과 가치를 자연스럽게 경험할 수 있도록 다양한 내외부 브랜딩 프로그램을 기획하고 운영합니다. 우리 조직에서는 다음과 같은 경험을 할 수 있습니다. 두나무의 비전과 핵심 가치를 조직 내 프로그램과 커뮤니케이션에 연결하며, 조직문화와 브랜드 경험을 함께 다루는 역할을 수행할 수 있습니다. 전사 단위 프로젝트를 기획하고 실행을 주도하며, 다양한 이해관계자와 협업하는 경험을 쌓을 수 있습니다. 빠르게 변화하는 환경 속에서 문화·브랜드 관련 주요 과제를 맡아 실질적인 임팩트를 만들어볼 수 있습니다. 경영진의 방향성과 메시지를 프로그램, 콘텐츠, 캠페인 등 구체적인 실행으로 구현하는 전략적 기획 역량을 발전시킬 수 있습니다. 대외 브랜드 경험과 내부 조직문화 설계를 아우르는 경험을 통해, 기업 브랜딩 전반을 통합적으로 설계하는 역할을 수행합니다. 주요업무 사내 문화 진단 및 개선 과제 운영 사내 문화 진단(서베이, 인터뷰 등)을 기획·운영하고 주요 인사이트를 도출 진단 결과를 바탕으로 개선 과제를 정의하고 실행을 주도 관련 지표를 관리하며 개선 방향을 지속적으로 점검 핵심 가치 내재화 및 학습 프로그램 기획 핵심 가치 및 일하는 방식 내재화를 위한 프로그램 기획 및 운영 리더십 프로그램, 스터디, 지식 공유 세션 등 학습·문화 프로그램을 기획하고 실행 프로그램 운영 결과를 바탕으로 개선안을 도출하고 고도화 전사 커뮤니케이션 기획 및 실행 타운홀, 뉴스레터 등 내부 커뮤니케이션 채널 기획 및 운영 주요 메시지를 효과적으로 전달하기 위한 콘텐츠 기획 및 제작 전사 문화 캠페인 및 참여형 이벤트를 기획하고 실행 조직 내 소통 및 참여 프로그램 운영 경영진–구성원 간 소통 프로그램 기획 및 운영 지원 사내 동호회 및 참여 프로그램 운영 체계 관리 구성원 참여를 높이기 위한 개선 아이디어 제안 및 실행 대외 브랜드 경험 기획 및 운영 브랜드 전략과 행사 목적에 부합하는 대외 브랜드 경험 기획 컨퍼런스, 전시, 세미나 등 행사 기획 및 운영 행사 결과를 분석하고 개선 포인트 도출 자격요건 조직/사내 문화, 내부 커뮤니케이션, 브랜드 경험 등 관련 분야에서 5~7년 내외의 경력을 보유하신 분 조직 또는 전사 단위 프로그램을 기획하고 주도적으로 운영한 경험이 있으신 분 내부 브랜딩 또는 사내 문화 프로그램을 직접 기획·실행해 본 경험이 있으신 분 대규모 행사(300명 이상) 또는 정기 프로그램 운영 경험이 있으신 분 타운홀, 뉴스레터 등 내부 커뮤니케이션 채널 운영 경험이 있으신 분 데이터 기반으로 프로그램 성과를 점검하고 개선해 본 경험이 있으신 분 다양한 이해관계자와 협업하며 원활하게 커뮤니케이션할 수 있으신 분 우대사항 IT/스타트업 등 빠르게 변화하는 환경에서 근무한 경험이 있으신 분 블록체인 및 핀테크 업계에 대한 기본적인 이해가 있으신 분 조직/사내 문화 관련 서베이 설계 및 분석 경험이 있으신 분 여러 이해관계자가 참여하는 프로젝트를 체계적으로 일정과 리소스를 관리해 본 경험이 있으신 분 문서 작성 및 콘텐츠 기획 역량을 갖추고 메시지를 명확하게 정리할 수 있으신 분 맡은 업무를 책임감 있게 완수하고 세부 사항을 꼼꼼하게 관리할 수 있으신 분 지원서 작성 방법 이력서 및 경력기술서 (포트폴리오)는 필수 입니다. 특히, 본인이 50% 이상 주도적으로 기여한 프로젝트 및 업무를 중심으로 상세히 기술해 주세요. 단순 참여가 아닌, 기획·의사결정·실행 등에서의 구체적인 역할과 책임 범위, 그리고 성과가 드러나도록 작성해 주세요. 유의사항 재직 이력은 빠짐없이 정확하게 작성해 주시고, 휴직 이력이 있다면 기간과 사유를 구체적으로 기재해 주세요. 채용 과정에서 전/현직 직장의 영업 비밀이 침해되지 않도록 유의해 주세요. 주민번호, 현재 연봉, 희망 연봉 등 민감한 정보는 삭제하거나 마스킹 후 제출해 주세요. 공통 지원자격 해외 여행에 결격 사유가 없으신 분 [채용절차] 서류전형 → 1차면접 → 2차면접 → 처우협의 → 최종합격 전형은 상황 및 일정에 따라 변경될 수 있습니다. 지원서 내용 중 허위사실이 있는 경우에는 지원이 취소될 수 있습니다. 국가 유공자 및 장애인 등 취업 보호 대상자는 관계 법령에 따라 우대합니다. 최종 전형 전, 인성검사를 진행합니다. 본 포지션에 합격하시는 경우, 3개월의 수습 기간을 적용합니다. [채용정보] 채용인원 : 0명 고용형태 : 정규직 채용유형 : 경력직 근무지역 : 서울특별시 서초구 강남대로 369, DF Tower 공고기간 : 상시채용 (채용 완료 시 조기에 마감될 수 있습니다.) [두나무 소개] 두나무가 이직하기 좋은 기업인 이유 채용공고 목록 직군 People 경력사항 경력 고용형태 정규직 마감일자 상시채용 근무지역 보기 지원하기 지원서 이어서 작성하기 TOP 두나무 주식회사 대표 오경석 서울시 서초구 강남대로 369 사업자등록번호 119-86-54968 채용 문의 jobs@dunamu.com","조직/사내 문화, 내부 커뮤니케이션, 브랜드 경험 등 관련 분야에서 5~7년 내외의 경력을 보유하신 분 조직 또는 전사 단위 프로그램을 기획하고 주도적으로 운영한 경험이 있으신 분 내부 브랜딩 또는 사내 문화 프로그램을 직접 기획·실행해 본 경험이 있으신 분 대규모 행사(300명 이상) 또는 정기 프로그램 운영 경험이 있으신 분 타운홀, 뉴스레터 등 내부 커뮤니케이션 채널 운영 경험이 있으신 분 데이터 기반으로 프로그램 성과를 점검하고 개선해 본 경험이 있으신 분 다양한 이해관계자와 협업하며 원활하게 커뮤니케이션할 수 있으신 분 우대사항 IT/스타트업 등 빠르게 변화하는 환경에서 근무한 경험이 있으신 분 블록체인 및 핀테크 업계에 대한 기본적인 이해가 있으신 분 조직/사내 문화 관련 서베이 설계 및 분석 경험이 있으신 분 여러 이해관계자가 참여하는 프로젝트를 체계적으로 일정과 리소스를 관리해 본 경험이 있으신 분 문서 작성 및 콘텐츠 기획 역량을 갖추고 메시지를 명확하게 정리할 수 있으신 분 맡은 업무를 책임감 있게 완수하고 세부 사항을 꼼꼼하게 관리할 수 있으신 분 지원서 작성 방법 이력서 및 경력기술서 (포트폴리오)는 필수 입니다. 특히, 본인이 50% 이상 주도적으로 기여한 프로젝트 및 업무를 중심으로 상세히 기술해 주세요. 단순 참여가 아닌, 기획·의사결정·실행 등에서의 구체적인 역할과 책임 범위, 그리고 성과가 드러나도록 작성해 주세요. 유의사항 재직 이력은 빠짐없이 정확하게 작성해 주시고, 휴직 이력이 있다면 기간과 사유를 구체적으로 기재해 주세요. 채용 과정에서 전/현직 직장의 영업 비밀이 침해되지 않도록 유의해 주세요. 주민번호, 현재 연봉, 희망 연봉 등 민감한 정보는 삭제하거나 마스킹 후 제출해 주세요. 공통 지원자격 해외 여행에 결격 사유가 없으신 분 [채용절차] 서류전형 → 1차면접 → 2차면접 → 처우협의 → 최종합격 전형은 상황 및 일정에 따라 변경될 수 있습니다. 지원서 내용 중 허위사실이 있는 경우에는 지원이 취소될 수 있습니다. 국가 유공자 및 장애인 등 취업 보호 대상자는 관계 법령에 따라 우대합니다. 최종 전형 전, 인성검사를 진행합니다. 본 포지션에 합격하시는 경우, 3개월의 수습 기간을 적용합니다. [채용정보] 채용인원 : 0명 고용형태 : 정규직 채용유형 : 경력직 근무지역 : 서울특별시 서초구 강남대로 369, DF Tower 공고기간 : 상시채용 (채용 완료 시 조기에 마감될 수 있습니다.) [두나무 소개] 두나무가 이직하기 좋은 기업인 이유","IT/스타트업 등 빠르게 변화하는 환경에서 근무한 경험이 있으신 분 블록체인 및 핀테크 업계에 대한 기본적인 이해가 있으신 분 조직/사내 문화 관련 서베이 설계 및 분석 경험이 있으신 분 여러 이해관계자가 참여하는 프로젝트를 체계적으로 일정과 리소스를 관리해 본 경험이 있으신 분 문서 작성 및 콘텐츠 기획 역량을 갖추고 메시지를 명확하게 정리할 수 있으신 분 맡은 업무를 책임감 있게 완수하고 세부 사항을 꼼꼼하게 관리할 수 있으신 분 지원서 작성 방법 이력서 및 경력기술서 (포트폴리오)는 필수 입니다. 특히, 본인이 50% 이상 주도적으로 기여한 프로젝트 및 업무를 중심으로 상세히 기술해 주세요. 단순 참여가 아닌, 기획·의사결정·실행 등에서의 구체적인 역할과 책임 범위, 그리고 성과가 드러나도록 작성해 주세요. 유의사항 재직 이력은 빠짐없이 정확하게 작성해 주시고, 휴직 이력이 있다면 기간과 사유를 구체적으로 기재해 주세요. 채용 과정에서 전/현직 직장의 영업 비밀이 침해되지 않도록 유의해 주세요. 주민번호, 현재 연봉, 희망 연봉 등 민감한 정보는 삭제하거나 마스킹 후 제출해 주세요. 공통 지원자격 해외 여행에 결격 사유가 없으신 분 [채용절차] 서류전형 → 1차면접 → 2차면접 → 처우협의 → 최종합격 전형은 상황 및 일정에 따라 변경될 수 있습니다. 지원서 내용 중 허위사실이 있는 경우에는 지원이 취소될 수 있습니다. 국가 유공자 및 장애인 등 취업 보호 대상자는 관계 법령에 따라 우대합니다. 최종 전형 전, 인성검사를 진행합니다. 본 포지션에 합격하시는 경우, 3개월의 수습 기간을 적용합니다. [채용정보] 채용인원 : 0명 고용형태 : 정규직 채용유형 : 경력직 근무지역 : 서울특별시 서초구 강남대로 369, DF Tower 공고기간 : 상시채용 (채용 완료 시 조기에 마감될 수 있습니다.) [두나무 소개] 두나무가 이직하기 좋은 기업인 이유","","","","서울","정규직","","","","","active","2026-04-14T12:52:03.362810","2026-03-24T16:28:31.158935","True"
"31","105","두나무","브랜드 행사 기획 및 운영 담당자 | 두나무","https://careers.dunamu.com/detail/564","브랜드 행사 기획 및 운영 담당자 조직소개 우리 조직은 다양한 활동을 통해 두나무의 브랜드 정체성과 핵심 가치를 내외부에 전달하고, 브랜드에 대한 긍정적인 인식과 로열티를 높이고자 합니다. 브랜드 경험(BX)은 기업이 다양한 접점에서 관계를 맺는 방식이며, 조직의 성장과 연결되는 중요한 요소입니다. 우리는 내부 구성원과 외부 이해관계자가 두나무의 비전과 가치를 자연스럽게 경험할 수 있도록 다양한 내외부 브랜딩 프로그램을 기획하고 운영합니다. 우리 조직에서는 다음과 같은 경험을 하실 수 있습니다. 기술과 금융이 결합된 산업에서 브랜드 경험을 기획하며, 전문성과 브랜딩을 동시에 확장할 수 있습니다. 대규모 컨퍼런스, 전시, 세미나 등 다양한 접점에서 브랜드 경험을 설계하며, 프로젝트의 스케일과 영향력을 확장할 수 있습니다. 경영진의 방향성과 사업 전략을 이해하고, 이를 외부 이해관계자에게 효과적으로 전달하는 경험을 쌓을 수 있습니다. 에이전시, 파트너사, 연사 등 다양한 외부 이해관계자와 협업하여 프로젝트 리딩 및 매니징 역량을 강화할 수 있습니다. 빠르게 변화하는 산업 환경 속에서 브랜드 경험을 기획하며, 산업 트렌드와 기업 브랜딩을 함께 이해하는 시야를 넓힐 수 있습니다. 주요업무 대외 브랜드 경험 기획 브랜드 전략과 행사 목적에 부합하는 대외 브랜드 경험 기획 컨퍼런스, 전시, 세미나 등 온·오프라인 행사 콘셉트 및 세션 구성 기획 브랜드 메시지를 공간, 콘텐츠, 프로그램으로 구체화 프로젝트 운영 총괄 및 매니징 행사 운영 계획 수립 및 실행 관리 예산, 일정, 리스크 관리 및 운영 프로세스 설계 에이전시 및 협력사 커뮤니케이션 리딩 프로젝트 수행에 필요한 A to Z 업무 관리 (홍보, 연사 및 세션 운영, 등록 시스템, 인쇄물, 전시, 식음료 등) 성과 분석 및 개선 성과 데이터 분석 및 리포트 작성 개선 방향 도출 및 향후 기획에 반영 대내 브랜드 경험 업무 지원 전사 문화 행사 및 캠페인 운영 기획 협업 구성원 참여형 이벤트 및 사내 문화 캠페인 기획 및 실행 자격요건 브랜드 경험(BX), 마케팅, 행사·프로모션 기획 등 관련 분야에서 3년 이상의 실무 경험이 있으신 분 온·오프라인 브랜드 경험 프로그램을 기획하고 운영해 본 경험이 있으신 분 다양한 내·외부 이해관계자와 협업하여 프로젝트를 주도적으로 실행한 경험이 있으신 분 제안서 및 기획서 작성 역량을 갖추고, 브랜드 메시지를 구조화하여 명확하게 전달할 수 있으신 분 예산·일정·리스크를 체계적으로 관리하며 프로젝트를 완수한 경험이 있으신 분 맡은 업무를 책임감 있게 추진하고 세부 사항을 꼼꼼하게 관리할 수 있으신 분 우대사항 IT/테크, 금융, 블록체인 등 산업군에서 브랜드 또는 행사 PM 경험이 있으신 분 대규모 행사(300명 이상) 또는 정기 브랜드 이벤트를 운영해 본 경험이 있으신 분 에이전시 또는 외부 파트너를 리딩한 경험이 있으신 분 콘텐츠(영상, 디자인, 스토리텔링 등) 기획 경험이 있으신 분 글로벌 행사 또는 해외 파트너와 협업 경험이 있으신 분 비즈니스 영어 커뮤니케이션이 가능하신 분 블록체인 및 핀테크 산업에 대한 이해가 있으신 분 지원서 작성 방법 이력서 및 경력기술서 (포트폴리오)는 필수 입니다. 특히, 본인이 50% 이상 주도적으로 기여한 프로젝트 및 업무를 중심으로 상세히 기술해 주세요. 단순 참여가 아닌, 기획·의사결정·실행 등에서의 구체적인 역할과 책임 범위, 그리고 성과가 드러나도록 작성해 주세요. 유의사항 재직 이력은 빠짐없이 정확하게 작성해 주시고, 휴직 이력이 있다면 기간과 사유를 구체적으로 기재해 주세요. 채용 과정에서 전/현직 직장의 영업 비밀이 침해되지 않도록 유의해 주세요. 주민번호, 현재 연봉, 희망 연봉 등 민감한 정보는 삭제하거나 마스킹 후 제출해 주세요. 공통 지원자격 해외 여행에 결격 사유가 없으신 분 [채용절차] 서류전형 → 1차면접 → 2차면접 → 처우협의 → 최종합격 전형은 상황 및 일정에 따라 변경될 수 있습니다. 지원서 내용 중 허위사실이 있는 경우에는 지원이 취소될 수 있습니다. 국가 유공자 및 장애인 등 취업 보호 대상자는 관계 법령에 따라 우대합니다. 최종 전형 전, 인성검사를 진행합니다. 본 포지션에 합격하시는 경우, 3개월의 수습 기간을 적용합니다. [채용정보] 채용인원 : 0명 고용형태 : 계약직 (해당 포지션의 고용형태는 1년 후 계약이 종료되는 계약직이며, 업무 평가 결과에 따라 계약이 연장되거나 정규직으로 전환될 수 있습니다.) 채용유형 : 경력직 근무지역 : 서울특별시 서초구 강남대로 369, DF Tower 공고기간 : 상시채용 (채용 완료 시 조기에 마감될 수 있습니다.) [두나무 소개] 두나무가 이직하기 좋은 기업인 이유 채용공고 목록 직군 Marketing 경력사항 경력 고용형태 계약직 마감일자 상시채용 근무지역 보기 지원하기 지원서 이어서 작성하기 TOP 두나무 주식회사 대표 오경석 서울시 서초구 강남대로 369 사업자등록번호 119-86-54968 채용 문의 jobs@dunamu.com","브랜드 경험(BX), 마케팅, 행사·프로모션 기획 등 관련 분야에서 3년 이상의 실무 경험이 있으신 분 온·오프라인 브랜드 경험 프로그램을 기획하고 운영해 본 경험이 있으신 분 다양한 내·외부 이해관계자와 협업하여 프로젝트를 주도적으로 실행한 경험이 있으신 분 제안서 및 기획서 작성 역량을 갖추고, 브랜드 메시지를 구조화하여 명확하게 전달할 수 있으신 분 예산·일정·리스크를 체계적으로 관리하며 프로젝트를 완수한 경험이 있으신 분 맡은 업무를 책임감 있게 추진하고 세부 사항을 꼼꼼하게 관리할 수 있으신 분 우대사항 IT/테크, 금융, 블록체인 등 산업군에서 브랜드 또는 행사 PM 경험이 있으신 분 대규모 행사(300명 이상) 또는 정기 브랜드 이벤트를 운영해 본 경험이 있으신 분 에이전시 또는 외부 파트너를 리딩한 경험이 있으신 분 콘텐츠(영상, 디자인, 스토리텔링 등) 기획 경험이 있으신 분 글로벌 행사 또는 해외 파트너와 협업 경험이 있으신 분 비즈니스 영어 커뮤니케이션이 가능하신 분 블록체인 및 핀테크 산업에 대한 이해가 있으신 분 지원서 작성 방법 이력서 및 경력기술서 (포트폴리오)는 필수 입니다. 특히, 본인이 50% 이상 주도적으로 기여한 프로젝트 및 업무를 중심으로 상세히 기술해 주세요. 단순 참여가 아닌, 기획·의사결정·실행 등에서의 구체적인 역할과 책임 범위, 그리고 성과가 드러나도록 작성해 주세요. 유의사항 재직 이력은 빠짐없이 정확하게 작성해 주시고, 휴직 이력이 있다면 기간과 사유를 구체적으로 기재해 주세요. 채용 과정에서 전/현직 직장의 영업 비밀이 침해되지 않도록 유의해 주세요. 주민번호, 현재 연봉, 희망 연봉 등 민감한 정보는 삭제하거나 마스킹 후 제출해 주세요. 공통 지원자격 해외 여행에 결격 사유가 없으신 분 [채용절차] 서류전형 → 1차면접 → 2차면접 → 처우협의 → 최종합격 전형은 상황 및 일정에 따라 변경될 수 있습니다. 지원서 내용 중 허위사실이 있는 경우에는 지원이 취소될 수 있습니다. 국가 유공자 및 장애인 등 취업 보호 대상자는 관계 법령에 따라 우대합니다. 최종 전형 전, 인성검사를 진행합니다. 본 포지션에 합격하시는 경우, 3개월의 수습 기간을 적용합니다. [채용정보] 채용인원 : 0명 고용형태 : 계약직 (해당 포지션의 고용형태는 1년 후 계약이 종료되는 계약직이며, 업무 평가 결과에 따라 계약이 연장되거나 정규직으로 전환될 수 있습니다.) 채용유형 : 경력직 근무지역 : 서울특별시 서초구 강남대로 369, DF Tower 공고기간 : 상시채용 (채용 완료 시 조기에 마감될 수 있습니다.) [두나무 소개] 두나무가 이직하기 좋은 기업인 이유","IT/테크, 금융, 블록체인 등 산업군에서 브랜드 또는 행사 PM 경험이 있으신 분 대규모 행사(300명 이상) 또는 정기 브랜드 이벤트를 운영해 본 경험이 있으신 분 에이전시 또는 외부 파트너를 리딩한 경험이 있으신 분 콘텐츠(영상, 디자인, 스토리텔링 등) 기획 경험이 있으신 분 글로벌 행사 또는 해외 파트너와 협업 경험이 있으신 분 비즈니스 영어 커뮤니케이션이 가능하신 분 블록체인 및 핀테크 산업에 대한 이해가 있으신 분 지원서 작성 방법 이력서 및 경력기술서 (포트폴리오)는 필수 입니다. 특히, 본인이 50% 이상 주도적으로 기여한 프로젝트 및 업무를 중심으로 상세히 기술해 주세요. 단순 참여가 아닌, 기획·의사결정·실행 등에서의 구체적인 역할과 책임 범위, 그리고 성과가 드러나도록 작성해 주세요. 유의사항 재직 이력은 빠짐없이 정확하게 작성해 주시고, 휴직 이력이 있다면 기간과 사유를 구체적으로 기재해 주세요. 채용 과정에서 전/현직 직장의 영업 비밀이 침해되지 않도록 유의해 주세요. 주민번호, 현재 연봉, 희망 연봉 등 민감한 정보는 삭제하거나 마스킹 후 제출해 주세요. 공통 지원자격 해외 여행에 결격 사유가 없으신 분 [채용절차] 서류전형 → 1차면접 → 2차면접 → 처우협의 → 최종합격 전형은 상황 및 일정에 따라 변경될 수 있습니다. 지원서 내용 중 허위사실이 있는 경우에는 지원이 취소될 수 있습니다. 국가 유공자 및 장애인 등 취업 보호 대상자는 관계 법령에 따라 우대합니다. 최종 전형 전, 인성검사를 진행합니다. 본 포지션에 합격하시는 경우, 3개월의 수습 기간을 적용합니다. [채용정보] 채용인원 : 0명 고용형태 : 계약직 (해당 포지션의 고용형태는 1년 후 계약이 종료되는 계약직이며, 업무 평가 결과에 따라 계약이 연장되거나 정규직으로 전환될 수 있습니다.) 채용유형 : 경력직 근무지역 : 서울특별시 서초구 강남대로 369, DF Tower 공고기간 : 상시채용 (채용 완료 시 조기에 마감될 수 있습니다.) [두나무 소개] 두나무가 이직하기 좋은 기업인 이유","","","","서울","정규직","","","","","active","2026-04-14T12:53:55.580702","2026-03-24T16:28:37.415830","True"
"32","31697","SM C&amp;C","MICE/행사 기획 및 운영 담당 채용","https://careers.smcultureandcontents.com/ko/o/130797","기업체 단체 여행 ​프로그램 기획 ​및 제안서 준비 기업체 국내 및 해외 인센티브 투어 기획 및 운영 기업체 국내 및 해외 행사 신규 엽업 및 기존 고객사 관리 국내 및 해외 행사 출장 업무","전문학사 이상 학위를 ​소지하신 ​분 관련 경력 ​1년 이상 5년 ​이하 이신 ​분 ​ PPT 기획 ​및 ​디자인 ​작업 능숙하신 분 MS ​Office ​프로그램 사용이 능숙하신 ​분 협업 ​및 ​커뮤니케이션이 원활하신 분 해외 ​출장에 결격사유가 ​없으신 ​분","영어회화 상급자이신 ​분","Search Jobs MICE/행사 기획 및 운영 담당 채용 구분 여행사업부문 마감기한 2026년 04월 06일, 14:59 D -13 직군 MICE/행사 경력사항 경력 무관 고용형태 정규직 근무지 (주)에스엠컬처앤콘텐츠 대한민국 서울특별시 성동구 왕십리로 83-21 📢 모집직무 MICE/행사 ​기획 ​및 ​운영 담당 ​ 📢","건강검진, 인센티브","","서울","정규직","","","2026-03-07","2026-04-06","active","2026-03-24T21:43:37.310925","2026-03-24T19:23:58.254300","True"
"33","3","이노시스아이티","채용정보","http://www.innosysit.co.kr/homepage/index.html#job-500d8a0b-4","이노시스아이티는 창의적이고 열정적인 인재를 찾고 있습니다. 지원방법 온라인 입사지원","","","서류전형 및 면접 2차 면접 및 직무능력 건강검진 최종합격 자격조건 - 남자의 경우 병역필 또는 면제자 - 해외여행에 결격사유가 없는자 - 지원부서에 부합하는 직무능력을 갖춘자 - 창의적이고 도전적인 마인드를 갖춘자 제출서류 - 입사지원서, 자기소개서 - 경력증명서(경력이 있을 경우) - 자격증사본(자격증이 있을 경우)","건강검진","","","","","","","","active","2026-04-14T12:45:11.406176","2026-03-24T21:42:46.749239","True"
"34","1","앤비전","채용","https://www.envision.co.kr/ko/envision/recruit.asp","채용 앤비젼이 구성원들에게 제공하는 가장 큰 가치는 “의미 있고 도전적인 일을 완수하면서 느끼는 성장체험 ” 입니다 앤비젼이 구성원들에게 제공하는 가장 큰 가치는 “의미 있고 도전적인 일을 완수하면서 느끼는 성장체험 ” 입니다 채용 프로세스 앤비젼은 별도의 채용사이트를 운영하고 있으며 채용지원 및 자세한 정보를 확인하실 수 있습니다. 채용 사이트 접속 지원서 접수 서류 전형 AI역량 검사 면접전형 (실무/인사/CEO) 최종합격 앤비젼 인재상 앤비젼은 지식이나 기능에만 치우치지 아니하고 균형 잡힌 전인 육성에 초점을 맞추고 있습니다. Envision is COMPANY 주목 받는 전문 분야의 히든 챔피언 머신비젼은 대한민국의 국가 전략 산업인 디스플레이와 반도체 산업의 품질 경쟁력 확보에 필요한 핵심 분야입니다. 앤비젼은 국내 머신비젼 솔루션 공급 기업 중 매출액, 시장 점유율, 기술력, 인력규모 측면 모두 1위로서 시장을 선도하고 있는 히든챔피언입니다. 앤비젼이 제공하는 제품과 솔루션에는 유독 ‘세계 최초’, ‘유일한’, ‘독보적인’이라는 수식어가 많이 붙습니다. 앤비젼은 세계 그 어느 누구도 해결하지 못한 문제들을 컴퓨터비전기술과 광학기술을 통해 해결하는 독보적 솔루션기업입니다. WORK 혁신가들의 꿈 을 대중의 일상으로 실현시키는 일 앤비젼의 고객사들은 세계 최고의 혁신기업들입니다. 혁신가들은 새로운 기술과 혁신을 꿈꾸고, 이를 현실화시켜 대중의 일상에 더 큰 가치와 행복을 주기 위해 노력합니다. 세계를 선도하는 차세대 디스플레이, 반도체, 스마트폰, 자율주행 자동차 등 혁신 제품들의 제조과정에서 발생되는 다양한 난제들과 품질 이슈들을 해결하여, 혁신가들이 꿈꾸던 제품들을 대중의 일상으로 실현시키는데 기여하고 있습니다. CULTURE 건강한 기업문화를 바탕으로 성장하는 일하기 좋은 기업 “일하기 좋은 기업”이란 의미 있는 목적을 추구하는 일을 최고의 동료들과 함께 완수하며 성장체험을 할 수 있는 곳 입니다. 앤비젼은 최고의 인재들이 훌륭한 동료들과 탁월한 성과를 낼 수 있는 업무환경과 기업문화를 만들기 위해 끊임없이 노력하고 있으며, 그 결과 2년 연속으로 '아시아 일하기 좋은 기업'으로 선정되었습니다. 혜택과 복지 보상 앤비젼은 동종업계 대기업 수준의 연봉에 벤처기업 특유의 성과급을 더해 업계 최고 인재들에 걸맞은 최고의 보상을 하고 있습니다. 글로벌 인사조직 컨설팅기업인 Mercer (https://www.mercer.co.kr/) 가 국내 100여개 High-Tech 기업들의 보상 데이터를 분석하여 제공하는 리포트를 바탕으로 최고의 인재에 걸맞는 경쟁력 있는 보상수준이 유지되도록 지속적으로 점검하고 있습니다. 복지 임직원 및 가족까지 생각하는 가족친화 워라밸 추구 리프레쉬 데이 매주 금요일 1시간 조기퇴근 (8시 출근 기준, 4시 퇴근) 선택 출퇴근제 개인별 선택적 출퇴근제 실시 카페테리아식 복지포인트 임직원의 자기계발 및 건강증진을 위한 포인트 지급 연말휴가 12월 25일 - 1월 1일까지 연차사용 장려, 전사 임시 휴무 수평적 조직 문화 직책에 관계없이 상호간 영어이름으로 호칭 동호회 활동 지원 취미 공유를 통한 조직 내 친목 및 화합 도모 러빙룸 지원 거실을 서재로 꾸밀 수 있도록 최대 300만원 지원 장기근속 포상 장기근속 장려 및 포상제도 운영 도서지원 업무에 필요한 도서 구입비 무제한 지원 캔미팅 진행 업무를 일찍 마친 후 HUB에서 식사와 함께 레저 모임 진행 다양한 개발 지원 외부 교육 및 국내/외 학회, 세미나 지원 경조사 지원 결혼기념일, 출산 등 각종 경조사와 휴가 지원금 제공 인터뷰 보러 가기 채용 사이트 가기","","","","도서구입비, 인센티브, 컨퍼런스참가비","","","","300만원","","","","active","2026-04-14T12:43:49.053003","2026-04-04T02:58:30.920865","True"
"35","4","이노솔루텍","채용정보","http://www.innost.co.kr/kor/careers/menu_04.html","채용공고 총 6 개 정렬 : 최신순 최신순 조회순 글번호 제목 첨부파일 작성자 조회수 등록일 6 공지 공공기관 상주근무 인력 모집 N (주)이노솔루텍 1,329 2022-04-01 5 공지 제안부문 팀장 모집(SI, SM사업 제안) N (주)이노솔루텍 341 2022-04-01 4 공지 2022년 신입사원 모집 N (주)이노솔루텍 757 2022-04-01 3 공지 본사 기술지원 인력 모집(서버) N (주)이노솔루텍 269 2022-04-01 2 공지 본사 기술지원 인력 모집(네트워크/보안) N (주)이노솔루텍 326 2022-03-01 1 공지 영업부문 팀장 모집(SI, SM사업 영업) N (주)이노솔루텍 209 2022-01-01 1 제목 제목 내용 작성자 검색","","","","","","","","","","2022-03-02","2022-04-01","active","2026-04-14T12:44:25.138492","2026-04-04T02:59:01.565200","True"
"36","6","뉴로센스","Recruitment","http://www.neurosense.co.kr/kor/recruitement/index.html","IoT 센서 하드웨어 설계 기술문서 검토 및 제품 신뢰성 테스트 필요경력 전자회로/ 임베디드 시스템 지식 및 경험 기술문서 검토 경험","","HW 지식보유 우대 IoT 센서 개발 관련 경력자 우대 Hardware Engineer (경력) ○명 4년제 대졸이상 전기전자, 컴퓨터계열 주요업무 산업용 IoT 센서 하드웨어 설계 Radar 하드웨어 설계 필요경력 2년 이상 6년 미만 전자설계관련 업무 경력자 전자회로/ 임베디드 시스템 지식 및 경험 블루투스 및 와이파이 회로 설계 경험 Radar 회로 설계 경험 우대사항 회로 작성 및 Artwork 개발 경력자 우대 IoT 센서 개발 관련 경력자 우대 Radar 관련 경력자 우대 RF 안테나 설계 경험자 우대 Firmware Engineer (신입/경력) ○명 4년제 대졸이상 전기전자, 컴퓨터계열 주요업무 IoT 센서 Firmware 설계 필요경력 전자설계관련 업무 경력자 전자회로/ 임베디드 시스템 지식 및 경험 Arm Cortex 코딩 경험 블루투스 Firmware 개발 경험 우대사항 HW/SW 지식보유 우대 IoT 센서 개발 관련 경력자 우대 Arm Cortex 경험자 우대 블루투스, 와이파이 경험자 우대 채용문의 연락하기 Tel: +82) 02 - 6275 - 6700 Email : info@neurosense.co.kr Attachments Browse","","","","경기","계약직","","","","","active","2026-04-14T12:41:43.162290","2026-04-04T02:59:28.117377","True"
"37","8","소올아이티","주메뉴","http://soarit.net/sub/sub04_03.php","최고의 IT 전문회사 소올아이티는 전문성과 리더십을 갖춘 능력 있는 분들 과 함께 하기 위해 수시채용을 진행 하고 있습니다. 소올아이티와 함께 미래를 만들어갈 의욕적인 인재를 찾습니다. 제출 및 입사관련 문의 : huh20000@soarit.net 구분 경력 분야 소프트웨어 개발 모집 수시채용 우대사항 정보통신 관련학과 졸업자 정보처리기사 자격증 소지자 공통사항 군필자 혹은 면제자 해외 여행 결격사유가 없는 자 제출서류 이력서, 자기소개서(경력은 수행업무 업적 중심으로 기재), 경력증명서 및 자격증 사본 채용절차 서류전형 → 실무면접 → 임원면접 (주)소올아이티 주소 : 서울시 금천구 가산디지털1로 16, 519호 (가산동 673, SK V1 AP TOWER 5층) 사업자등록번호 : 738-86-01715 TEL : 02-6138-2020 E-mail : huh20000@soarit.net ©","","정보통신 관련학과 졸업자 정보처리기사 자격증 소지자 공통사항 군필자 혹은 면제자 해외 여행 결격사유가 없는 자 제출서류 이력서, 자기소개서(경력은 수행업무 업적 중심으로 기재), 경력증명서 및 자격증 사본 채용절차 서류전형 → 실무면접 → 임원면접 (주)소올아이티 주소 : 서울시 금천구 가산디지털1로 16, 519호 (가산동 673, SK V1 AP TOWER 5층) 사업자등록번호 : 738-86-01715 TEL : 02-6138-2020 E-mail : huh20000@soarit.net © COPYRIGHT 2021 (주)소올아이티. ALL RIGHTS RESERVED. 홈페이지제작 website.co.kr (주)소올아이티 주소 : 서울시 금천구 가산디지털1로 16, 519호 (가산동 673, SK V1 AP TOWER 5층) 사업자등록번호 : 738-86-01715 TEL : 02-6138-2020 E-mail : huh20000@soarit.net © COPYRIGHT 2021 (주)소올아이티. ALL RIGHTS RESERVED. 홈페이지제작 website.co.kr","서류전형 → 실무면접 → 임원면접 (주)소올아이티 주소 : 서울시 금천구 가산디지털1로 16, 519호 (가산동 673, SK V1 AP TOWER 5층) 사업자등록번호 : 738-86-01715 TEL : 02-6138-2020 E-mail : huh20000@soarit.net ©","","","서울","","","","","","active","2026-04-20T03:06:31.045407","2026-04-04T02:59:49.470240","True"
"38","9","진네트웍스","채용정보 – (주)진네트웍스","https://jinnetworks.com/about-jin-3","자격 경력여부 영업 공공, 학교, 기업, 분야 네트워크 영업 경력자 지원시 해당분야 2년 이상 경험자 신입/경력 기술 네트워크 보안시스템 구축 (DDoS 대응시스템 구축) 네트워크 설계/구축/컨설팅 네트워크 보안시스템 구축 네트워크 보안시스템 구축 신입/경력 전형방법 정기채용 1차 2차 3차 서류전형 (제출서류 : 표준양식) 면접전형 신체검사 수시채용 1차 2차 3차 서류전형 (제출서류 : 표준양식) 면접전형 신체검사 접수처 접수문의 경영지원팀 문의처 : 02-6949-2345","","","채용정보 Home 채용정보 사업목표 회사연혁 채용정보 주요고객 오시는 길 사업목표 회사연혁 채용정보 주요고객 오시는 길 회사소개 채용정보 (주)진네트웍스 는 기술중심 의 회사로 성장 발전하고 있는 IT전문 기업 입니다. (주)진네트웍스 는 기술중심 의 회사로 성장 발전하고 있는 IT전문 기업 입니다. 모집 개요 구분 업무내용 자격 경력여부 영업 공공, 학교, 기업, 분야 네트워크 영업 경력자 지원시 해당분야 2년 이상 경험자 신입/경력 기술 네트워크 보안시스템 구축 (DDoS 대응시스템 구축) 네트워크 설계/구축/컨설팅 네트워크 보안시스템 구축 네트워크 보안시스템 구축 신입/경력 전형방법 정기채용 1차 2차 3차 서류전형 (제출서류 : 표준양식) 면접전형 신체검사 수시채용 1차 2차 3차 서류전형 (제출서류 : 표준양식) 면접전형 신체검사 접수처 접수문의 경영지원팀 문의처 : 02-6949-2345","","","","","","","","","active","2026-04-14T12:41:53.425096","2026-04-04T03:00:14.370744","True"
"39","10","버츄얼드림","(주)버츄얼드림 - Total IT & Mobile Agency","http://www.virtualdream.co.kr/vd.do?menu_id=0501000000","(주)버츄얼드림에서는 역량 있는 인재와 함께하기 위해 수시모집을 하고 있습니다. 고객 요구 분석, 제안서 작성, 사이트 구조 설계, 컨텐츠 개발이 가능하며 클라이언트와 원활한 커뮤니케이션이 가능하고 효율적인 업무처리 능력과 책임감을 갖춘 자. (주)버츄얼드림에서는 역량 있는 인재와 함께하기 위해 수시모집을 하고 있습니다. 경력 5년이상(웹에이젼시 경력자 우대) - 과장급 / 경력 2년이상(웹에이젼시 경력자 우대) - 대리급 웹표준 및 웹접근 코딩 가능하며, 디자인에 대한 완성도를 추구하는 열정을 가진자 경력 5년이상(웹에이젼시 경력자 우대) - 과장급 / 경력 2년이상(웹에이젼시 경력자 우대) - 대리급 프로그램 구조 및 설계 가능하며, 디자인과 개발에 대한 의도 분석과 그에 따른 개발 능력이 우수한자 경력 5년이상(웹에이젼시 경력자 우대) - 과장급 / 경력 2년이상(웹에이젼시 경력자 우대) - 대리급","",") - 과장급 / 경력 2년이상(웹에이젼시 경력자 우대) - 대리급 웹표준 및 웹접근 코딩 가능하며, 디자인에 대한 완성도를 추구하는 열정을 가진자 경력 5년이상(웹에이젼시 경력자 우대) - 과장급 / 경력 2년이상(웹에이젼시 경력자 우대) - 대리급 프로그램 구조 및 설계 가능하며, 디자인과 개발에 대한 의도 분석과 그에 따른 개발 능력이 우수한자 경력 5년이상(웹에이젼시 경력자 우대) - 과장급 / 경력 2년이상(웹에이젼시 경력자 우대) - 대리급","","","","","","","","","","active","2026-04-14T12:43:49.049865","2026-04-04T03:00:27.389633","True"
"53","13","아이티벨리","(주)아이티벨리","https://www.itballey.com/kor/company/careers.php","채용정보 공채 및 수시채용 매년 상하반기 정기공채 및 수시모집으로 나누어 채용이 진행되며, 모집공고는 홈페이지 및 기타 채용site를 이용하여 그 내용을 공고합니다. 공고 내용을 토대로 응시하실 경우 이력서를 작성하신 후, 우편 또는 E-Mail로 지원하실 수 있습니다. 전형방법 서류전형 → 면접전형 제출서류 1. 입사지원서(사진, 긴급연락처 기재) 2. 최종학력 졸업증명서, 성적증명서 3. 자격증 사본(소지자) 4. 경력증명서(경력자) 제출방법 및 제출처 우편접수 : 서울특별시 금천구 가산디지털1로 19, 705호 (가산동, 대륭테크노타운18차) E-Mail 접수 : seohappy@itballey.com 기타사항 1. 1차 서류전형 합격자에 한하여 면접일정을 개별 통지하오니 반드시 비상연락처를 기재하시기 바랍니다. 2. 보훈대상자, 각종자격증 소지자는 채용 전형시 우대하며, 응시하신 서류는 일체 반환하지 않습니다. 3. 회사소개 : 홈페이지 참조(www.itballey.com) 4. 기타 문의사항은 아래의 E-Mail로 문의하시거나, ㈜아이티벨리 경영기획부(02-833-2550)로 연락바랍니다. 채용관련 입사지원 및 세부문의 : E-Mail : seohappy@itballey.com","","하며, 응시하신 서류는 일체 반환하지 않습니다. 3. 회사소개 : 홈페이지 참조(www.itballey.com) 4. 기타 문의사항은 아래의 E-Mail로 문의하시거나, ㈜아이티벨리 경영기획부(02-833-2550)로 연락바랍니다. 채용관련 입사지원 및 세부문의 : E-Mail : seohappy@itballey.com","","","","서울","","","","","","active","2026-04-14T12:43:49.054169","2026-04-04T03:02:29.839268","True"
"54","28","더존비즈온","더존ICT그룹","https://www.douzone.com/job/benefits.jsp","채용 더존ICT그룹은 창조적이고, 도전적이며, 변화를 두려워하지 않는 인재를 찾고 있습니다. 단체상해보험 직원들의 안정된 근무여건 조성을 위해 기본 4대 사회보험 외에 단체상해보험 가입을 지원합니다. 건강관리 직원들의 건강관리를 위해 정기 건강검진을 실시합니다. 경조지원 경조사 발생시 경조휴가 및 화환, 경조금 지급 등을 시행합니다. 교육지원 직원들의 자기계발을 위해 정기교육 및 개인별 교육, 도서구매 등을 지원합니다. 동호회지원 직원들의 여가생활 활성화를 위해 사내동호회(축구, 야구, 농구, 헬스 등) 활동을 지원합니다. 휴가제도 경조휴가 외에도 하계휴가, 연차휴가, 출산전후휴가와 비정기 단체휴가 등을 실시합니다. 복리후생시설 카페테리아, 사내식당(조,중,석식 제공), 헬스케어센터(필라테스), 사내어린이집 (강촌캠퍼스), 통근버스 운영 각종행사 전 직원 워크샵과 체육대회, 축하공연 등의 이벤트 행사를 실시합니다.","","","","식대, 운동비","","","","","","","","active","2026-04-14T12:45:40.039296","2026-04-04T03:03:56.860309","True"
"55","28","더존비즈온","더존ICT그룹","https://www.douzone.com/job/process.jsp","채용 더존ICT그룹은 창조적이고, 도전적이며, 변화를 두려워하지 않는 인재를 찾고 있습니다. 채용방법 더존ICT그룹은 정기 공채와 각 계열사별, 부서별 수시모집, 그리고 상시모집을 병행하고 있습니다. 희망하시는 채용공고에 입사지원 해 주시면 채용 절차에 따라 입사전형이 진행됩니다. 채용절차 더존ICT그룹의 채용공고는 기본적으로 온라인 채용사이트와 당사 홈페이지의 채용공고에 공지됩니다. 필요에 따라 방송매체, 인쇄매체 등에도 동일 내용이 게재될 수 있습니다. 입사지원서 접수 1. 채용공고에 명시된 자격조건에 부합되는 경우 성별, 연령, 장애, 국적 등의 차별없이 지원이 가능합니다. 2. 입사지원서를 작성할 때에는 사실에 입각하여 가능한 모든 항목들을 입력바랍니다. 3. 입사지원서에 허위사항을 기재하시면, 입사 취소 및 해고의 사유가 될 수 있습니다. 서류전형 1. 입사지원서의 입력사항을 충실하게 작성하였는지 확인합니다. 2. 채용공고에 명시한 자격조건과 부합되는지 등을 검토합니다. 3. 서류전형 후(後) 면접전형 대상자들에 한해 개별 연락을 드립니다. 인/적성검사 1. 서류전형에 합격한 사람에 한해 온라인으로 실시합니다. 2. 인/적성검사 결과와 별개로 면접을 실시 할 수 있습니다. 면접전형 1. 면접은 일반적으로 1차 실무면접과 2차 임원면접으로 이루어집니다. 2. 입사지원자의 역량과 인성 등을 종합적으로 고려하여 합격자를 선정합니다. 3. 최종면접 시에는 입사지원서의 내용을 증명할 수 있는 서류의 제출을 요구할 수 있습니다. (예: 경력증명서, 건강보험자격득실확인서, 국민연금가입자가입증명서, 졸업/성적증명서, 자격증 사본 등) 채용검진 1. 처우산정에 회사와 본인이 동의한 경우, 채용검진을 실시합니다. 2. 채용검진 실시 후 검진결과를 미제출하거나 결격사유가 확인된 경우, 불합격 처리가 될 수도 있습니다. 최종합격 1. 서류/면접전형과 처우산정/채용검진의 결과를 종합 평가하여 최종합격자를 선발합니다. 2. 최종합격자에 한해 개별 연락을 드립니다.","","","에 따라 입사전형이 진행됩니다. 채용절차 더존ICT그룹의 채용공고는 기본적으로 온라인 채용사이트와 당사 홈페이지의 채용공고에 공지됩니다. 필요에 따라 방송매체, 인쇄매체 등에도 동일 내용이 게재될 수 있습니다. 입사지원서 접수 1. 채용공고에 명시된 자격조건에 부합되는 경우 성별, 연령, 장애, 국적 등의 차별없이 지원이 가능합니다. 2. 입사지원서를 작성할 때에는 사실에 입각하여 가능한 모든 항목들을 입력바랍니다. 3. 입사지원서에 허위사항을 기재하시면, 입사 취소 및 해고의 사유가 될 수 있습니다. 서류전형 1. 입사지원서의 입력사항을 충실하게 작성하였는지 확인합니다. 2. 채용공고에 명시한 자격조건과 부합되는지 등을 검토합니다. 3. 서류전형 후(後) 면접전형 대상자들에 한해 개별 연락을 드립니다. 인/적성검사 1. 서류전형에 합격한 사람에 한해 온라인으로 실시합니다. 2. 인/적성검사 결과와 별개로 면접을 실시 할 수 있습니다. 면접전형 1. 면접은 일반적으로 1차 실무면접과 2차 임원면접으로 이루어집니다. 2. 입사지원자의 역량과 인성 등을 종합적으로 고려하여 합격자를 선정합니다. 3. 최종면접 시에는 입사지원서의 내용을 증명할 수 있는 서류의 제출을 요구할 수 있습니다. (예: 경력증명서, 건강보험자격득실확인서, 국민연금가입자가입증명서, 졸업/성적증명서, 자격증 사본 등) 채용검진 1. 처우산정에 회사와 본인이 동의한 경우, 채용검진을 실시합니다. 2. 채용검진 실시 후 검진결과를 미제출하거나 결격사유가 확인된 경우, 불합격 처리가 될 수도 있습니다. 최종합격 1. 서류/면접전형과 처우산정/채용검진의 결과를 종합 평가하여 최종합격자를 선발합니다. 2. 최종합격자에 한해 개별 연락을 드립니다.","","","","","","","","","active","2026-04-14T12:46:28.884675","2026-04-04T03:04:02.521225","True"
"56","32","다우데이타","APPLICANTS","https://www.daoudata.co.kr/ko/applicants/recruitment","Recruit 다우데이타人 의 성공 키워드! 함께 할 당신을 기다립니다 고객의 성공을 키우는 다우데이타의 채용공고를 확인해보세요 번호 제목 마감일 진행상태 28 [경력] 리스크관리팀장 채용 관리직 경력 정규직 2026.02.08 채용마감 27 [경력] Ansys 전자기장 해석 엔지니어 채용 기술직 경력 정규직 2026.02.08 채용마감 26 [경력] VAN 법인영업 채용 영업직 경력 정규직 2026.02.08 채용마감 25 [경력] Apple 기술지원 엔지니어 채용 기술직 경력 정규직 2026.02.08 채용마감 24 [신입] SW 기술영업 채용 영업직 신입 정규직 2026.02.08 채용마감 23 [신입] PG WEB 서비스 개발 채용 개발직 신입 정규직 2026.02.08 채용마감 22 [신입] PG 영업지원 담당자(계약) 채용 관리직 신입 계약직 2026.02.26 채용마감 21 [경력] 선불 결제서비스 기획자 채용 관리직 경력 정규직 2025.12.15 채용마감 20 [경력] 선불 결제서비스 영업 담당자 채용 영업직 경력 정규직 2025.12.15 채용마감 19 [경력] IT본부 선불 결제서비스 APP 개발자 채용 개발직 경력 정규직 2025.12.15 채용마감 chevron 이전 1 2 3 다음 chevron","","","","","","","정규직","","","2026-01-09","2026-02-08","active","2026-04-04T03:05:13.650962","2026-04-04T03:05:13.650984","True"
"57","32","다우데이타","APPLICANTS","https://www.daoudata.co.kr/ko/applicants/info","Recruit 다우데이타人 의 성공 키워드! 함께 할 당신을 기다립니다 고객의 성공을 키우는 다우데이타의 인재상을 소개합니다 01 유연하게 생각의 한계, 직급의 경계를 넘어 자신만의 의견을 펼칠 수 있는 사람 02 용감하게 도전 앞에서 요동치고 실패에 의연한 강심장을 가진 사람 03 매력적이게 고객이 다가가고 싶은 사람 동료가 함께하고 싶은 사람 04 당당하게 비윤리적인 일에는 단호하게 NO! 언제나 당당할 수 있는 사람 05 확실하게 Job Done! 잘된 일도 잘못된 일도 확실한 마침표를 찍고 넘어가는 사람 06 전문적이게 내 손을 거쳐간 일은 항상 최고라고 자부할 수 있는 사람 *'매력적이게', '전문적이게'는 국립국어원에서 표준 어법으로 인정한 표현입니다. Process 다우데이타 채용 절차 고객의 성공을 키우는 다우데이타의 인재 채용절차를 소개합니다 신입공채 0 1 서류전형 0 2 1차 면접 0 3 역량검사 0 4 2차 면접 0 5 처우협의 0 6 최종합격 경력공채 0 1 서류전형 0 2 1차 면접 0 3 역량검사 0 4 2차 면접 0 5 평판조회 0 6 처우협의 0 7 최종합격 * 코딩테스트는 개발자 채용에 한하여 시행하며, 서류전형 이후 별도 안내 * 상기 절차는 기본적인 채용 절차이며, 상황에 따라 추가적인 절차가 발생할 수 있습니다. * 장애, 보훈 등 취업보호대상자는 관계 법령에 따라 우대합니다. * 입사지원 과정에서 허위 사실이 판명될 경우 합격 절차가 취소될 수 있습니다. Recruit 자주 묻는 질문 다우데이타 채용에 대해서 궁금하신 사항을 확인해보세요 Q. 서류, 면접 결과는 언제 발표되나요? chevron 공개채용은 공고에 안내된 서류와 면접 합격 발표일에 안내됩니다. 수시채용의 경우 지원시점으로 최대 2주일 내에 서류 결과가 발표되며, 면접 결과는 면접을 마치고 대략적인 발표 일정을 직접 안내 드리고 있습니다. 다만, 내부 사정에 따라 발표 일정이 다소 변동될 수 있습니다. 서류 및 면접 결과는 합격, 불합격 여부와 상관없이 모든 지원자분들께 안내 드립니다. Q. 여러 포지션에 복수지원 또는 재지원도 가능한가요? chevron 복수 포지션에 지원하신 분은 작성하신 지원서 내용을 바탕으로 지원자 분의 역량과 적성, 실무 부서와의 융화 등을 고려하여 가장 적합한 포지션을 개별적으로 제안 드리고 있습니다. 또한, 동일한 포지션으로 재지원하신 경우 결과 발표일 기준 6개월이 경과한 분들을 대상으로 재검토하며, 이에 따른 불이익은 없음을 안내 드립니다. Q. 최종합격 후 추가로 제출하는 서류가 있나요? chevron 최종합격 후 입사 전까지 개인 신상명세서, 성적, 졸업증명서, 자격증 사본 등 당사 인사 운영에 필요한 서류를 요청 드리고 있습니다.","","합니다. * 입사지원 과정에서","다우데이타 채용 절차 고객의 성공을 키우는 다우데이타의 인재 채용절차를 소개합니다 신입공채 0 1 서류전형 0 2 1차 면접 0 3 역량검사 0 4 2차 면접 0 5 처우협의 0 6 최종합격 경력공채 0 1 서류전형 0 2 1차 면접 0 3 역량검사 0 4 2차 면접 0 5 평판조회 0 6 처우협의 0 7 최종합격 * 코딩테스트는 개발자 채용에 한하여 시행하며, 서류전형 이후 별도 안내 * 상기 절차는 기본적인 채용 절차이며, 상황에 따라 추가적인 절차가 발생할 수 있습니다. * 장애, 보훈 등 취업보호대상자는 관계 법령에 따라 우대합니다. * 입사지원 과정에서 허위 사실이 판명될 경우 합격 절차가 취소될 수 있습니다. Recruit","","","","","","","","","active","2026-04-14T12:46:05.545695","2026-04-04T03:05:20.545402","True"
"58","38","아이티센","채용공고","https://itcen.com/user/recruit/BD_recruitListView.do","본문 바로가기 주메뉴 바로가기 하단 메뉴 바로가기 한국어 English 日本語 ITCEN GROUP 그룹 소개 소개 경영철학 연혁 CI CEO 메시지 오시는길 ITCEN FAMILY ITCEN GLOBAL ITCEN ENTEC ITCEN CTS ITCEN CLOIT ITCEN PNS ITCEN CORE ITCEN IN4U CPLATFORM WITHCEN 한국금거래소 한국금거래소 디지털에셋 크레더 제품/서비스 제품/서비스별 보기 이벤트/프로모션 문의하기 인사이트 인사이트 리포트 기술백서 고객경험 자료실 e브로슈어 뉴스레터 매뉴얼·규격서 지속가능경영 지속가능경영 윤리경영 사회공헌 클린센터 뉴스룸 언론보도 홍보영상 공지사항 FAQ 채용 People & Culture 채용정보 채용공고 통합검색 검색어 입력 추천검색어 : 채용공고 ITCEN GROUP ITCEN FAMILY 제품/서비스 인사이트 지속가능경영 뉴스룸 채용 People & Culture 채용정보 채용공고 채용공고 검색 정렬 기준 최신등록순 최신등록순 공고마감일 수시모집순 등록된 데이터가 없습니다. 더보기 TOP 문의하기 클린센터 ITCEN 로고","","","","","","경기","","","","","","active","2026-04-04T03:05:50.360159","2026-04-04T03:05:50.360180","True"
"59","38","아이티센","People & Culture","https://itcen.com/empmn/info/page.do","People & Culture ITCEN GROUP ITCEN FAMILY 제품/서비스 인사이트 지속가능경영 뉴스룸 채용 People & Culture 채용정보 채용공고 정기 공채와 수시 채용을 통해 인재를 선발합니다. 다양한 IT 분야의 전문가들과 함께 당신의 꿈을 펼쳐보세요.","People & Culture ITCEN GROUP ITCEN FAMILY 제품/서비스 인사이트 지속가능경영 뉴스룸 채용 People & Culture 채용정보 채용공고 정기 공채와 수시 채용을 통해 인재를 선발합니다. 다양한 IT 분야의 전문가들과 함께 당신의 꿈을 펼쳐보세요. 지원하기 People & Culture 채용정보 안내 채용 절차 안내 신입 STEP 01 서류전형 STEP 02 면접전형 STEP 03 인적성 & 역량평가 STEP 04 채용확정교육 STEP 05 채용검진 STEP 06 최종입사 경력 STEP 01 서류전형 STEP 02 1차 면접(실무) STEP 03 2차 면접(임원, 필요시 진행) STEP 04 채용검진 STEP 05 최종입사 Key Point 직군에 따라 필요한 역량이 다르기 때문에 세부적인 전형 프로세스에는 약간의 차이가 있습니다. 신입 개발직은 그룹 공채로 진행되며 직무 이해도 및 기초자질 검증에 초점을 두고 전형을 운영합니다. 전형 합격자를 대상으로 채용확정교육을 실시하여 당사에 필요한 직무 역량을 Skill-Up할 수 있는 기회를 부여하며, 교육 수료 후 각 법인별 채용 수요에 따라 인력을 배정하는 채용 프로세스가 진행됩니다. 일반직 및 경력 개발직은 부서별 채용 수요에 따라 상시 채용을 진행하고 있으며, 직무 능력 검증 및 성과 창출 가능성에 중점을 두어 전형을 진행합니다. 채용 절차 Q&A 구분 상세내용 더보기 알림","","안내 신입 STEP 01 서류전형 STEP 02 면접전형 STEP 03 인적성 & 역량평가 STEP 04 채용확정교육 STEP 05 채용검진 STEP 06 최종입사 경력 STEP 01 서류전형 STEP 02 1차 면접(실무) STEP 03 2차 면접(임원, 필요시 진행) STEP 04 채용검진 STEP 05 최종입사 Key Point 직군에 따라 필요한 역량이 다르기 때문에 세부적인 전형 프로세스에는 약간의 차이가 있습니다. 신입 개발직은 그룹 공채로 진행되며 직무 이해도 및 기초자질 검증에 초점을 두고 전형을 운영합니다. 전형 합격자를 대상으로 채용확정교육을 실시하여 당사에 필요한 직무 역량을 Skill-Up할 수 있는 기회를 부여하며, 교육 수료 후 각 법인별 채용 수요에 따라 인력을 배정하는 채용 프로세스가 진행됩니다. 일반직 및 경력 개발직은 부서별 채용 수요에 따라 상시 채용을 진행하고 있으며, 직무 능력 검증 및 성과 창출 가능성에 중점을 두어 전형을 진행합니다. 채용 절차 Q&A 구분 상세내용 더보기 알림","","","","","","","","","active","2026-04-14T12:45:52.389484","2026-04-04T03:05:55.374927","True"
"60","39","씨에스텍","원하는 인재상","http://www.cstlab.co.kr/page/sub4_1#job-b4e05ce9-0","열정과 책임감을 가지고 함께 성장하며 즐겁게 일할 유능한 인재를 모집하고 있습니다. 모집분야 근무조건 근무형태 : 정규직 (신입사원은 수습기간 3개월) 근무일시 : 주 5일 (09:00 ~ 18:00) 우대사항: 전기 / 전자 / 정보통신 관련 전공자, KS Q ISO/IEC 17025 및 측정불확도 교육 이수, 합격자 복리후생 성과급 식사제공 유류비 지원 기숙사 지원 경조사 지원 기념일 선물(생일, 명절) 업무 관련 교육비 지원 퇴직연금 4대 보험 채용절차 채용문의 Tel : 031-493-2001 / E-mail : webmaster@cstlab.co.kr","","전기 / 전자 / 정보통신 관련 전공자, KS Q ISO/IEC 17025 및 측정불확도 교육 이수, 합격자","채용문의 Tel : 031-493-2001 / E-mail : webmaster@cstlab.co.kr","교육비, 인센티브, 퇴직금","","","정규직","","","","","active","2026-04-14T12:47:10.190797","2026-04-04T03:06:03.489144","True"
"61","39","씨에스텍","근무조건","http://www.cstlab.co.kr/page/sub4_1#job-d607350a-2","근무형태 : 정규직 (신입사원은 수습기간 3개월) 근무일시 : 주 5일 (09:00 ~ 18:00) 우대사항: 전기 / 전자 / 정보통신 관련 전공자, KS Q ISO/IEC 17025 및 측정불확도 교육 이수, 합격자","","전기 / 전자 / 정보통신 관련 전공자, KS Q ISO/IEC 17025 및 측정불확도 교육 이수, 합격자","","","","","정규직","","","","","active","2026-04-14T12:47:10.200234","2026-04-04T03:06:03.493197","True"
"62","43","인포바인","사람이 중심이 되는 세상을 준비합니다.","https://www.infovine.co.kr/m61.php","본문 바로가기(Skip Contents) HOME · CONTACT US · SITEMAP | KOREAN · ENGLISH CEO 인사말 HISTORY CONTACT US UBIKEY ONEKEEPER 블랙박스분석 부동산레터 GAMES / ENTERTAINMENT SUPERPASS 공시정보 인재상&복리후생 인재채용 사람이 중심이 되는 세상을 준비합니다. 인재상&복리후생 인재채용 인재상&복리후생 인포바인은 인재들의 다양성과 개성을 존중 하고 능력과 업적에 따라 대우받고 역할을 수행할 수 있는 제도의 정착에 최선을 다합니다. ""올바른 가치관을 지닌 사회인 "" 개인적인 능력을 앞세우기 보다는 더불어 일하는 조직의 구성원으로서 서로 신뢰하고 존중하는 가운데 자신의 역할과 책임을 다하는 사람이야 말로 ""인포바인""에서 꼭 필요로 하는 인재입니다 ""최고를 목표로 도전하는 전문인 "" 현재 수준에 만족하기 보다는 스스로가 해당분야의 전문가라는 인식을 가지고, 끊임없이 공부하며, 호기심과 도전의욕을 가지고 보다 높은 목표로 도전하는 전문인이 ""인포바인""이 꿈꾸는 인재입니다. ""새로운 가치를 창출하는 창조인 "" 새로운 가치와 아이디어를 창출해낼 수 있으며, 정형화된 틀 안에서 사고하고 행동하기 보다는 창의적인 발상으로 새로운 가치를 창출하는 사람이야 말로 ""인포바인""의 인재상입니다. 복리후생제도 경조휴가 및 경조금 지원 결혼, 상조 등의 경조사 발생 시 경조금 지급 선택적 복리후생제도 임직원 개개인의 관심사에 맞게 자유롭게 복리후생 플랜을 설계하여 자기 계발, 문화/레저 등 자유롭게 사용 가능 휴가 및 콘도지원 건전한 여가선용 및 휴식을 위해 전국 주요관광지 콘도 임직원 할인 지원 자기계발 지원 업무에 필요한 자격증 취득을 위한 교육비 및 도서 구입비를 지원 포상제도/각종 기념일 선물 지급 매년 말 우수사원 표창 선발 및 포상 설, 추석, 생일 등에 소정의 선물을 지급, 근속1년 피복비 지원 종합건강검진 및 독감예방접종 지원 매년 임직원의 건강유지를 위해 종합건강검진과 독감 예방 접종을 실시 연말행사 문화행사의 일환으로 뮤지컬, 콘서트 등 단체관람 실시 사내대출제도 주택 구입 또는 임차 시, 생활 보조가 필요할 때 일정 한도 내에서 낮은 금리로 자금을 지원 COMPANY CEO 인사말 HISTORY CONTACT US BUSINESS UBIKEY ONEKEEPER 블랙박스분석 부동산레터 GAMES / ENTERTAINMENT SUPERPASS R&D IR 공시정보 NOTICE RECRUIT 인재상&복리후생 인재채용 개인정보보호취급정책 찾아오시는길 (우) 07320 서울특별시 영등포구 여의대로 24, 40층 (여의도동,전국경제인연합회회관) 대표이사 권성준 | 대표번호 02-3775-3366 | FAX 02-718-1610 | 사업자등록번호 106-81-86362","","","","건강검진, 경조사비, 경조휴가, 교육비, 도서구입비","","서울","계약직","","","","","active","2026-04-14T12:47:13.025011","2026-04-04T03:06:29.798022","True"
"63","43","인포바인","사람이 중심이 되는 세상을 준비합니다.","https://www.infovine.co.kr/m62.php","본문 바로가기(Skip Contents) HOME · CONTACT US · SITEMAP | KOREAN · ENGLISH CEO 인사말 HISTORY CONTACT US UBIKEY ONEKEEPER 블랙박스분석 부동산레터 GAMES / ENTERTAINMENT SUPERPASS 공시정보 인재상&복리후생 인재채용 사람이 중심이 되는 세상을 준비합니다. 인재상&복리후생 인재채용 인재채용 인포바인의 채용절차를 확인 하실 수 있습니다. 인재를 소중히 여기는 인포바인에서 여러분의 역량을 마음껏 발휘해 보시기 바랍니다. 채용 프로세스 채용 유형에 따라 세부 프로세스 및 내용에 일부 차이가 있을 수 있으나, 대부분 아래와 같은 절차를 거쳐 채용이 진행됩니다. 입사지원 서류심사 1차면접(실무면접) 2차면접(임원) 최종합격 지원 방법 입사 지원 양식에 맞추어 해당 항목들을 기입하셔서 이메일로 제출하시면 됩니다. 입사 지원서 양식 다운로드 채용 문의 채용에 관해 문의가 필요하신 경우, recruit@infovine.co.kr 로 연락 주시면 답변 드리겠습니다. 참고 사항 모집 부문, 전화번호는 반드시 기재하셔야 합니다. 제출된 서류는 반환하지 않습니다. 입사 지원 ﻿ COMPANY CEO 인사말 HISTORY CONTACT US BUSINESS UBIKEY ONEKEEPER 블랙박스분석 부동산레터 GAMES / ENTERTAINMENT SUPERPASS R&D IR 공시정보 NOTICE RECRUIT 인재상&복리후생 인재채용 개인정보보호취급정책 찾아오시는길 (우) 07320 서울특별시 영등포구 여의대로 24, 40층 (여의도동,전국경제인연합회회관) 대표이사 권성준 | 대표번호 02-3775-3366 | FAX 02-718-1610 | 사업자등록번호 106-81-86362","","","를 확인 하실 수 있습니다. 인재를 소중히 여기는 인포바인에서 여러분의 역량을 마음껏 발휘해 보시기 바랍니다. 채용 프로세스 채용 유형에 따라 세부 프로세스 및 내용에 일부 차이가 있을 수 있으나, 대부분 아래와 같은 절차를 거쳐 채용이 진행됩니다. 입사지원 서류심사 1차면접(실무면접) 2차면접(임원) 최종합격","","","서울","계약직","","","","","active","2026-04-14T12:46:59.226089","2026-04-04T03:06:36.255988","True"
"64","44","케이티클라우드","채용 | kt cloud","https://career.ktcloud.com/faq.html","FAQ 자격요건 지원서 작성 전형 정보 기타 연령, 학력, 경력 등에 제한이 있나요? 신입사원은 4년제 학사 이상(졸업예정 포함)이라면 지원할 수 있으며, 나이와 경력에는 제한이 없습니다. 경력사원은 나이와 학력 제한이 없으며, 필요한 경력 기간은 직무마다 다르니 채용 공고를 확인해 주세요. 전공, 학점, 공인어학점수에 제한이 있나요? 지원 시 전공, 학점이나 공인어학점수 기준은 별도로 두고 있지 않습니다. 따라서 일정 학점이나 어학점수가 없어도 지원 가능합니다. 다만, 직무 특성에 따라 관련 전공이나 어학 능력은 우대 요건으로 적용될 수 있으니, 세부 사항은 채용 공고를 꼭 확인해 주세요. KT그룹 계열사와 중복 지원이 가능한가요? KT그룹 계열사와의 중복지원을 제한하고 있지 않습니다. 다만 타 그룹사의 지원 요건은 상이할 수 있으니, 지원하시는 채용 공고를 확인해 주시기 바랍니다. kt cloud의 다른 채용 공고와 중복 지원이 가능한가요? kt cloud에서 동시에 진행 중인 여러 채용 공고에는 중복 지원할 수 없습니다. 지원자는 한 번에 하나의 공고에만 지원할 수 있으며, 추후 다른 공고가 열리면 다시 지원하실 수 있습니다. 외국인도 지원 가능한가요? 네, 국적에 관계없이 지원 가능합니다. 다만, 입사 시 취업에 필요한 비자 등 법적 요건을 충족해야 합니다. 면접은 원칙적으로 한국어로 진행되니 참고해주세요. 최종 제출 후 지원서 수정, 제출 취소가 가능한가요? 최종 제출 후에는 지원서를 수정 및 취소할 수 없습니다. 제출 전에 반드시 신중히 확인한 뒤 제출해 주세요. 접수 마감 후 제출한 지원서를 열람할 수 있나요? 접수 마감 후에는 지원서를 확인할 수 없습니다. 마감 전에 반드시 저장 및 제출 여부를 확인해 주세요. 지원서가 정상적으로 제출되었는지 확인 가능한가요? 지원서 제출이 완료되면 기재하신 이메일 주소로 접수 완료 메일이 발송됩니다. 메일을 확인해 주시기 바라며, 메일을 받지 못한 경우에는 KT그룹 채용 홈페이지 1:1문의를 통해 문의해 주세요. 지원서 작성 중 오류가 발생한 경우 어떻게 해야 하나요? 지원서 작성 중 오류가 발생하면 KT그룹 채용 홈페이지의 1:1문의 메뉴를 통해 문의해 주시기 바랍니다. 확인 후 빠르게 안내드리겠습니다. 지원했는데 진행 중 공고 목록에서 조회되지 않습니다. 영입이 종료된 건가요? 공고 진행 상태에 따라 시스템에서 일시적으로 조회되지 않거나 표시 방식이 달라질 수 있습니다. 이는 지원서 제출 여부와 무관하니 걱정하지 않으셔도 됩니다. 지원서가 정상 제출된 경우, 서류 검토 후 결과를 기재하신 이메일로 안내드리니 메일을 확인해 주세요. 만약 접수 완료 메일을 받지 못했거나 오류가 계속될 경우에는 KT그룹 채용 홈페이지 1:1문의를 통해 문의해 주시기 바랍니다. 면접 참가확인서를 받으려면 어떻게 해야 하나요? 면접 참가확인서가 필요하신 경우, KT그룹 채용 홈페이지의 1:1문의 메뉴를 통해 요청해 주시기 바랍니다. 확인 후 발급 방법을 안내해 드립니다. 개인적인 사정으로 인하여 전형을 중도에 포기할 경우, 추후 지원 관련 불이익이 있나요? 전형을 중도에 포기하실 경우, 해당 전형은 자동 불합격 처리되지만 추후 다른 채용 공고 지원시 불이익은 없습니다. 면접 복장을 어떻게 입어야 하나요? 면접 복장에 대한 별도 규정을 두고 있지 않습니다. 단정하면서도 지원자님이 편안하게 면접을 응시하실 수 있는 복장을 선택해 주시면 좋습니다. 면접은 어떤 방식으로 진행되나요? 원칙적으로 대면 면접으로 진행되며, 필요 시 온라인(비대면)으로 전환될 수 있습니다. 또한, 일부 채용은 AI 면접이 포함될 수 있으니, 세부 전형 방식은 반드시 채용 공고를 확인해 주세요. 면접 일정 변경이 가능한가요? 면접 일정은 원칙적으로 변경이 불가합니다. 부득이한 사정이 있는 경우, 반드시 사전에 문의해 주세요. 전형 관련 피드백을 받을 수 있나요? 전형 결과는 내부 심사 기준에 따라 종합적으로 결정되며, 개별 피드백은 제공이 어렵습니다. 지원자분들의 양해 부탁드립니다. 전형 소요 기간은 얼마나 걸리나요? 전형별 일정은 채용 공고와 개별 안내에 따라 달라질 수 있습니다. 정기 채용의 경우, 서류전형부터 최종 합격 발표까지 일반적으로 약 6~10주 정도 소요됩니다. 다만, 상시채용의 경우에는 모집 직무와 시점에 따라 진행 기간이 더 길어질 수 있습니다. 코딩테스트는 어떤 형식으로 출제되나요? 코딩테스트는 직무에 따라 온라인 플랫폼을 통해 진행되며, 알고리즘 문제 풀이 또는 직무 관련 실무형 과제가 출제될 수 있습니다. 구체적인 출제 형식과 응시 방법은 채용 공고 및 안내 메일을 통해 별도로 안내드립니다. 합격/불합격 발표는 어떻게 하나요? 각 전형 결과는 합격 여부와 관계없이 모두 기재하신 이메일로 안내드립니다. 다만, 내부 사정에 따라 발표가 다소 지연될 수 있습니다. 결과 안내 메일은 전형 종료 후 순차적으로 발송되니 꼭 확인해 주시기 바랍니다. 입사 후 수습기간이 있나요? 공고에 별도 명시된 경우 수습기간이 적용되며, 명시되지 않은 경우에는 수습기간이 운영되지 않습니다. 연봉이나 처우는 어떻게 결정되나요? 연봉 및 처우는 회사 내규와 직무·경력·역량 등을 종합적으로 고려하여 개별 산정됩니다. 장애인·보훈대상자 우대가 있나요? 관련 법령에 따라 장애인 및 보훈대상자는 전형 과정에서 우대합니다. 계약직으로 입사할 경우 근무기간은 어떻게 되나요? 계약직의 최초 계약기간은 1년입니다. 다만, 프로젝트 계약직의 경우에는 프로젝트 기간에 따라 계약기간이 달라질 수 있습니다. 기타 궁금한 점은 어느 경로로 문의하면 되나요? KT그룹 채용 홈페이지 1:1문의를 통해 문의해 주시기 바랍니다. Top 이동","지원서 작성 전형 정보 기타 연령, 학력, 경력 등에 제한이 있나요? 신입사원은 4년제 학사 이상(졸업예정 포함)이라면 지원할 수 있으며, 나이와 경력에는 제한이 없습니다. 경력사원은 나이와 학력 제한이 없으며, 필요한 경력 기간은 직무마다 다르니 채용 공고를 확인해 주세요. 전공, 학점, 공인어학점수에 제한이 있나요? 지원 시 전공, 학점이나 공인어학점수 기준은 별도로 두고 있지 않습니다. 따라서 일정 학점이나 어학점수가 없어도 지원 가능합니다. 다만, 직무 특성에 따라 관련 전공이나 어학 능력은 우대 요건으로 적용될 수 있으니, 세부 사항은 채용 공고를 꼭 확인해 주세요. KT그룹 계열사와 중복 지원이 가능한가요? KT그룹 계열사와의 중복지원을 제한하고 있지 않습니다. 다만 타 그룹사의 지원 요건은 상이할 수 있으니, 지원하시는 채용 공고를 확인해 주시기 바랍니다. kt cloud의 다른 채용 공고와 중복 지원이 가능한가요? kt cloud에서 동시에 진행 중인 여러 채용 공고에는 중복 지원할 수 없습니다. 지원자는 한 번에 하나의 공고에만 지원할 수 있으며, 추후 다른 공고가 열리면 다시 지원하실 수 있습니다. 외국인도 지원 가능한가요? 네, 국적에 관계없이 지원 가능합니다. 다만, 입사 시 취업에 필요한 비자 등 법적 요건을 충족해야 합니다. 면접은 원칙적으로 한국어로 진행되니 참고해주세요. 최종 제출 후 지원서 수정, 제출 취소가 가능한가요? 최종 제출 후에는 지원서를 수정 및 취소할 수 없습니다. 제출 전에 반드시 신중히 확인한 뒤 제출해 주세요. 접수 마감 후 제출한 지원서를 열람할 수 있나요? 접수 마감 후에는 지원서를 확인할 수 없습니다. 마감 전에 반드시 저장 및 제출 여부를 확인해 주세요. 지원서가 정상적으로 제출되었는지 확인 가능한가요? 지원서 제출이 완료되면 기재하신 이메일 주소로 접수 완료 메일이 발송됩니다. 메일을 확인해 주시기 바라며, 메일을 받지 못한 경우에는 KT그룹 채용 홈페이지 1:1문의를 통해 문의해 주세요. 지원서 작성 중 오류가 발생한 경우 어떻게 해야 하나요? 지원서 작성 중 오류가 발생하면 KT그룹 채용 홈페이지의 1:1문의 메뉴를 통해 문의해 주시기 바랍니다. 확인 후 빠르게 안내드리겠습니다. 지원했는데 진행 중 공고 목록에서 조회되지 않습니다. 영입이 종료된 건가요? 공고 진행 상태에 따라 시스템에서 일시적으로 조회되지 않거나 표시 방식이 달라질 수 있습니다. 이는 지원서 제출 여부와 무관하니 걱정하지 않으셔도 됩니다. 지원서가 정상 제출된 경우, 서류 검토 후 결과를 기재하신 이메일로 안내드리니 메일을 확인해 주세요. 만약 접수 완료 메일을 받지 못했거나 오류가 계속될 경우에는 KT그룹 채용 홈페이지 1:1문의를 통해 문의해 주시기 바랍니다. 면접 참가확인서를 받으려면 어떻게 해야 하나요? 면접 참가확인서가 필요하신 경우, KT그룹 채용 홈페이지의 1:1문의 메뉴를 통해 요청해 주시기 바랍니다. 확인 후 발급 방법을 안내해 드립니다. 개인적인 사정으로 인하여 전형을 중도에 포기할 경우, 추후 지원 관련 불이익이 있나요? 전형을 중도에 포기하실 경우, 해당 전형은 자동 불합격 처리되지만 추후 다른 채용 공고 지원시 불이익은 없습니다. 면접 복장을 어떻게 입어야 하나요? 면접 복장에 대한 별도 규정을 두고 있지 않습니다. 단정하면서도 지원자님이 편안하게 면접을 응시하실 수 있는 복장을 선택해 주시면 좋습니다. 면접은 어떤 방식으로 진행되나요? 원칙적으로 대면 면접으로 진행되며, 필요 시 온라인(비대면)으로 전환될 수 있습니다. 또한, 일부 채용은 AI 면접이 포함될 수 있으니, 세부 전형 방식은 반드시 채용 공고를 확인해 주세요. 면접 일정 변경이 가능한가요? 면접 일정은 원칙적으로 변경이 불가합니다. 부득이한 사정이 있는 경우, 반드시 사전에 문의해 주세요. 전형 관련 피드백을 받을 수 있나요? 전형 결과는 내부 심사 기준에 따라 종합적으로 결정되며, 개별 피드백은 제공이 어렵습니다. 지원자분들의 양해 부탁드립니다. 전형 소요 기간은 얼마나 걸리나요? 전형별 일정은 채용 공고와 개별 안내에 따라 달라질 수 있습니다. 정기 채용의 경우, 서류전형부터 최종 합격 발표까지 일반적으로 약 6~10주 정도 소요됩니다. 다만, 상시채용의 경우에는 모집 직무와 시점에 따라 진행 기간이 더 길어질 수 있습니다. 코딩테스트는 어떤 형식으로 출제되나요? 코딩테스트는 직무에 따라 온라인 플랫폼을 통해 진행되며, 알고리즘 문제 풀이 또는 직무 관련 실무형 과제가 출제될 수 있습니다. 구체적인 출제 형식과 응시 방법은 채용 공고 및 안내 메일을 통해 별도로 안내드립니다. 합격/불합격 발표는 어떻게 하나요? 각 전형 결과는 합격 여부와 관계없이 모두 기재하신 이메일로 안내드립니다. 다만, 내부 사정에 따라 발표가 다소 지연될 수 있습니다. 결과 안내 메일은 전형 종료 후 순차적으로 발송되니 꼭 확인해 주시기 바랍니다. 입사 후 수습기간이 있나요? 공고에 별도 명시된 경우 수습기간이 적용되며, 명시되지 않은 경우에는 수습기간이 운영되지 않습니다. 연봉이나 처우는 어떻게 결정되나요? 연봉 및 처우는 회사 내규와 직무·경력·역량 등을 종합적으로 고려하여 개별 산정됩니다. 장애인·보훈대상자 우대가 있나요? 관련 법령에 따라 장애인 및 보훈대상자는 전형 과정에서 우대합니다. 계약직으로 입사할 경우 근무기간은 어떻게 되나요? 계약직의 최초 계약기간은 1년입니다. 다만, 프로젝트 계약직의 경우에는 프로젝트 기간에 따라 계약기간이 달라질 수 있습니다. 기타 궁금한 점은 어느 경로로 문의하면 되나요? KT그룹 채용 홈페이지 1:1문의를 통해 문의해 주시기 바랍니다. Top 이동","요건으로 적용될 수 있으니, 세부 사항은 채용 공고를 꼭 확인해 주세요. KT그룹 계열사와 중복 지원이 가능한가요? KT그룹 계열사와의 중복지원을 제한하고 있지 않습니다. 다만 타 그룹사의 지원 요건은 상이할 수 있으니, 지원하시는 채용 공고를 확인해 주시기 바랍니다. kt cloud의 다른 채용 공고와 중복 지원이 가능한가요? kt cloud에서 동시에 진행 중인 여러 채용 공고에는 중복 지원할 수 없습니다. 지원자는 한 번에 하나의 공고에만 지원할 수 있으며, 추후 다른 공고가 열리면 다시 지원하실 수 있습니다. 외국인도 지원 가능한가요? 네, 국적에 관계없이 지원 가능합니다. 다만, 입사 시 취업에 필요한 비자 등 법적 요건을 충족해야 합니다. 면접은 원칙적으로 한국어로 진행되니 참고해주세요. 최종 제출 후 지원서 수정, 제출 취소가 가능한가요? 최종 제출 후에는 지원서를 수정 및 취소할 수 없습니다. 제출 전에 반드시 신중히 확인한 뒤 제출해 주세요. 접수 마감 후 제출한 지원서를 열람할 수 있나요? 접수 마감 후에는 지원서를 확인할 수 없습니다. 마감 전에 반드시 저장 및 제출 여부를 확인해 주세요. 지원서가 정상적으로 제출되었는지 확인 가능한가요? 지원서 제출이 완료되면 기재하신 이메일 주소로 접수 완료 메일이 발송됩니다. 메일을 확인해 주시기 바라며, 메일을 받지 못한 경우에는 KT그룹 채용 홈페이지 1:1문의를 통해 문의해 주세요. 지원서 작성 중 오류가 발생한 경우 어떻게 해야 하나요? 지원서 작성 중 오류가 발생하면 KT그룹 채용 홈페이지의 1:1문의 메뉴를 통해 문의해 주시기 바랍니다. 확인 후 빠르게 안내드리겠습니다. 지원했는데 진행 중 공고 목록에서 조회되지 않습니다. 영입이 종료된 건가요? 공고 진행 상태에 따라 시스템에서 일시적으로 조회되지 않거나 표시 방식이 달라질 수 있습니다. 이는 지원서 제출 여부와 무관하니 걱정하지 않으셔도 됩니다. 지원서가 정상 제출된 경우, 서류 검토 후 결과를 기재하신 이메일로 안내드리니 메일을 확인해 주세요. 만약 접수 완료 메일을 받지 못했거나 오류가 계속될 경우에는 KT그룹 채용 홈페이지 1:1문의를 통해 문의해 주시기 바랍니다. 면접 참가확인서를 받으려면 어떻게 해야 하나요? 면접 참가확인서가 필요하신 경우, KT그룹 채용 홈페이지의 1:1문의 메뉴를 통해 요청해 주시기 바랍니다. 확인 후 발급 방법을 안내해 드립니다. 개인적인 사정으로 인하여 전형을 중도에 포기할 경우, 추후 지원 관련 불이익이 있나요? 전형을 중도에 포기하실 경우, 해당 전형은 자동 불합격 처리되지만 추후 다른 채용 공고 지원시 불이익은 없습니다. 면접 복장을 어떻게 입어야 하나요? 면접 복장에 대한 별도 규정을 두고 있지 않습니다. 단정하면서도 지원자님이 편안하게 면접을 응시하실 수 있는 복장을 선택해 주시면 좋습니다. 면접은 어떤 방식으로 진행되나요? 원칙적으로 대면 면접으로 진행되며, 필요 시 온라인(비대면)으로 전환될 수 있습니다. 또한, 일부 채용은 AI 면접이 포함될 수 있으니, 세부 전형 방식은 반드시 채용 공고를 확인해 주세요. 면접 일정 변경이 가능한가요? 면접 일정은 원칙적으로 변경이 불가합니다. 부득이한 사정이 있는 경우, 반드시 사전에 문의해 주세요. 전형 관련 피드백을 받을 수 있나요? 전형 결과는 내부 심사 기준에 따라 종합적으로 결정되며, 개별 피드백은 제공이 어렵습니다. 지원자분들의 양해 부탁드립니다. 전형 소요 기간은 얼마나 걸리나요? 전형별 일정은 채용 공고와 개별 안내에 따라 달라질 수 있습니다. 정기 채용의 경우, 서류전형부터 최종 합격 발표까지 일반적으로 약 6~10주 정도 소요됩니다. 다만, 상시채용의 경우에는 모집 직무와 시점에 따라 진행 기간이 더 길어질 수 있습니다. 코딩테스트는 어떤 형식으로 출제되나요? 코딩테스트는 직무에 따라 온라인 플랫폼을 통해 진행되며, 알고리즘 문제 풀이 또는 직무 관련 실무형 과제가 출제될 수 있습니다. 구체적인 출제 형식과 응시 방법은 채용 공고 및 안내 메일을 통해 별도로 안내드립니다. 합격/불합격 발표는 어떻게 하나요? 각 전형 결과는 합격 여부와 관계없이 모두 기재하신 이메일로 안내드립니다. 다만, 내부 사정에 따라 발표가 다소 지연될 수 있습니다. 결과 안내 메일은 전형 종료 후 순차적으로 발송되니 꼭 확인해 주시기 바랍니다. 입사 후 수습기간이 있나요? 공고에 별도 명시된 경우 수습기간이 적용되며, 명시되지 않은 경우에는 수습기간이 운영되지 않습니다. 연봉이나 처우는 어떻게 결정되나요? 연봉 및 처우는 회사 내규와 직무·경력·역량 등을 종합적으로 고려하여 개별 산정됩니다. 장애인·보훈대상자 우대가 있나요? 관련 법령에 따라 장애인 및 보훈대상자는 전형 과정에서 우대합니다. 계약직으로 입사할 경우 근무기간은 어떻게 되나요? 계약직의 최초 계약기간은 1년입니다. 다만, 프로젝트 계약직의 경우에는 프로젝트 기간에 따라 계약기간이 달라질 수 있습니다. 기타 궁금한 점은 어느 경로로 문의하면 되나요? KT그룹 채용 홈페이지 1:1문의를 통해 문의해 주시기 바랍니다. Top 이동","","","","","계약직","","","","","active","2026-04-14T12:46:50.734837","2026-04-04T03:06:52.017164","True"
"65","44","케이티클라우드","kt cloud 채용","https://career.ktcloud.com/recruit.html","모든 채용 전형은 직군 단위로 평가 가 진행되며, 입사 후 배치 분야는 전형 결과와 회사의 인력 수요, 적합도 등을 종합적으로 고려하여 최종 결정됩니다. IT 직군 Biz 직군 Engineering 직군 Staff 직군 IT 직군 SW개발 주요 수행업무 클라우드 서비스 개발 (Cloud Native, AI, DevOps분야) 대규모 웹 어플리케이션 및 서버 개발 클라우드 자동화 플랫폼 개발","정규 4년제 대학 졸업자 또는 졸업예정자(2026년 2월) 해외여행 및 체류에 결격 사유가 없는 자 남성의 경우 병역필 또는 면제자","컴퓨터공학, 정보통신, AI 등 IT 관련 전공자 Cloud보안 주요 수행업무 Cloud 보안서비스 기획 및 상품화 Cloud 보안인프라 설계, 구축 및 운영 Cloud 보안서비스 Software 개발 및 자동화 우대사항 보안, 컴퓨터 공학 등 관련 전공자 IT인프라운영 주요 수행업무 사내 시스템 (그룹웨어, ERP 등) 구축 및 운영 사내 보안 시스템 운영 및 정보보호 체계 수립 우대사항 컴퓨터 공학, 정보보호 등 관련 전공자 Biz 직군 영업/컨설팅 주요 수행업무 Cloud 및 Data Center 사업 분야 영업/컨설팅 전략 수립 신규 시장 발굴 전략 수립 및 고객 맞춤형 서비스 제안 B2B 고객 관리, 신규 고객 확보, 제안서 작성 채널, 기술파트너 발굴 및 협업 기획 등 우대사항 Cloud/Data Center 사업에 대한 전반적인 이해 서비스 기획 및 보고서 작성 역량 비즈니스 영어 가능자 사업관리 주요 수행업무 Cloud 및 Data Center 사업계획 및 전략 수립 고객 요구사항 분석 및 사업 성과 관리 상품기획 및 출시, 사업 운영 관리 우대사항 Cloud/Data Center 사업에 대한 전반적인 이해 비즈니스 영어 가능자 Engineering 직군 DC 기술 주요 수행업무 DC운용 품질 향상 및 구축 프로세스 관리 DC 인프라에 대한 전반적인 운용 및 관리 우대사항 전기, 네트워크 관련 전공자 유관 자격증 보유 (전기, 냉동공조, 네트워크 등) Staff 직군 경영기획 주요 수행업무 Cloud/Data Center 시장 분석을 기반으로 한 사업전략 수립 전사 경영계획 수립 및 손익 관리 전사 매출, 비용 구조 분석 경영진 의사결정 지원 (회의체 관리, 보고서 작성 등) 기타 대내/외 커뮤니케이션 우대사항 경영학, 경제학, 통계학 관련 전공 Cloud/DataCenter 사업에 대한 전반적인 이해 모집전형","서류전형 10월 AI역량검사 / AI면접 10월 통합 원데이면접 11월 채용검진 12월 입사 1월 IT직군의 경우 AI역량검사/AI 면접 전형 시 코딩테스트가 포함되어 있습니다. 상기 전형 및 세부 일정은 상황에 따라 변동될 수 있으며, 전형별 대상자에게 별도 공지 예정입니다. 모집기간 ‘25년 9월 8일(월) ~ 9월 24일(수) 17:00 까지 주의사항 본 채용은 직군 단위로 평가 가 진행되며, 1개의 직군을 선택하여 지원하실 수 있습니다. 직군 내 선택하신 세부 분야는 지원자의 관심 및 희망을 확인하기 위한 참고용이며, 실제 배치 부서는 당사 인력 계획에 따라 결정됩니다. 접수 마감 이후에는 지원서 조회가 불가 하오니, 최종 제출 전 입사지원서를 반드시 저장하시기 바랍니다. KT그룹 계열사 간 중복지원이 가능합니다. (단, kt cloud의 타 채용 공고와 중복지원 불가) 입사지원서 기재사항이 허위로 판명되거나 채용 청탁 등 채용과 관련하여 부정행위가 확인될 경우 합격 또는 채용이 취소되며, 향후 kt cloud 채용에 응시할 수 없습니다. 접수 마감 시간에는 접속 인원이 증가할 수 있으니, 사전에 지원서를 제출해 주시기 바랍니다. 학력, 자격, 어학, 수상, 경력 등은 증빙 가능한 서류가 있는 경우에만 입력하시기 바랍니다. 본 채용의 최종 합격자에게는 학위나 경력에 관계없이 동일한 신입사원 처우를 제공합니다. 장애인 및 국가보훈 대상자는 관련 법령에 의거하여 우대합니다. 채용 오픈채팅 상담회 채용담당자에게 궁금한 점을 물어보세요! 2025.09.18(목) 15:00~16:00 참여방법 카카오톡오픈채팅방 “kt cloud 2025년 신입사원 채용 상담회” 검색 참여코드: 신입사원 지원 접수 마감일 6자리 (ex. 250101) 세션 시작시간 30분 전부터 입장 가능합니다. 오픈채팅 바로가기 지원 마감까지 00 일 00 시간 00 분 00 초 지원하러 가기 kt cloud 채용","","","서울","","","","2025-08-09","2025-09-08","active","2026-04-14T12:46:50.937754","2026-04-04T03:06:55.556275","True"
"66","50","윈스","CS센터","http://winssystem.com/board/board_view?code=notice&no=1","회사소개 Oracle DellEMC Solution SI & ITO 고객사 회사소개 연혁 찾아오시는 길 조직도 Oracle DellEMC Solution 채용공고 고객사 SI & ITO 채용공고 CS센터 02-306-1118~9 FAX 02-354-0987 E-MAIL help@winssystem.com 채용공고 Home > SI & ITO > 채용공고 제목 우리카드 마이데이터 SI 개발 정직원 및 프리랜서 채용 관리자 / 2020-12-28 +사업명: 우리카드 마이데이터 SI 개발 +모집분야 및 투입기간 1) JAVA(중급~고급): 2021년 2월중순~(6~7개월) +근무지: 마포구 상암동 (*경력증빙 필수) +지원방법 하기 메일로 기술이력서 제출. hr@winssystem.com 목록 회사소개 오시는길 주식회사 윈스 대표이사: 신희선 소재지: 서울시 서대문구 응암로 89 (북가좌동, 한오빌딩 4층) 사업자등록번호: 110-81-97572 대표번호: 02-306-1118~9 팩스번호: 02-354-0987 이메일: help@winssystem.com 주식회사 윈스 Inc.","","","","","","서울","","","","2020-11-28","2020-12-28","active","2026-04-04T03:07:14.322705","2026-04-04T03:07:14.322723","True"
"67","50","윈스","CS센터","http://winssystem.com/board/board_view?code=notice&no=2","회사소개 Oracle DellEMC Solution SI & ITO 고객사 회사소개 연혁 찾아오시는 길 조직도 Oracle DellEMC Solution 채용공고 고객사 SI & ITO 채용공고 CS센터 02-306-1118~9 FAX 02-354-0987 E-MAIL help@winssystem.com 채용공고 Home > SI & ITO > 채용공고 제목 우리은행 스마트뱅킹 전담반 SM 유지보수 프리랜서 채용 관리자 / 2021-02-05 +사업명: 우리은행 스마트뱅킹 전담반 SM 유지보수 프리랜서 채용 +모집분야 및 투입기간 1) JAVA(중급): 2021년 2월중순~(*연단위 계약) +근무지: 중구 회현동 (*경력증빙 필수) +지원방법 하기 메일로 기술이력서 제출. hr@winssystem.com 목록 회사소개 오시는길 주식회사 윈스 대표이사: 신희선 소재지: 서울시 서대문구 응암로 89 (북가좌동, 한오빌딩 4층) 사업자등록번호: 110-81-97572 대표번호: 02-306-1118~9 팩스번호: 02-354-0987 이메일: help@winssystem.com 주식회사 윈스 Inc.","","","","","","서울","계약직","","","2021-01-06","2021-02-05","active","2026-04-04T03:07:20.101346","2026-04-04T03:07:20.101375","True"
"68","50","윈스","CS센터","http://winssystem.com/board/board_view?code=notice&no=3","회사소개 Oracle DellEMC Solution SI & ITO 고객사 회사소개 연혁 찾아오시는 길 조직도 Oracle DellEMC Solution 채용공고 고객사 SI & ITO 채용공고 CS센터 02-306-1118~9 FAX 02-354-0987 E-MAIL help@winssystem.com 채용공고 Home > SI & ITO > 채용공고 제목 2022년 신입사원 정규직 채용(영업지원) 관리자 / 2022-04-20 [수행업무] 1) 영업지원 -IT개발자 Outsourcing B2C 영업지원 (고객응대/계약/고객관리) -IT솔루션(Oracle DBMS 등) B2B 영업지원 (견적/계약/검수/대금청구) 2) 내부관리 -내부문서 작성 (Word, Excel) -이메일, 서류 발송 -고객지원 [필수요건] -초대졸 이상 [우대요건] -컴퓨터공학, IT계열 전공자 -커뮤니케이션 능력 우수자 -MS Office 능숙자 목록 회사소개 오시는길 주식회사 윈스 대표이사: 신희선 소재지: 서울시 서대문구 응암로 89 (북가좌동, 한오빌딩 4층) 사업자등록번호: 110-81-97572 대표번호: 02-306-1118~9 팩스번호: 02-354-0987 이메일: help@winssystem.com 주식회사 윈스 Inc.","초대졸 이상 [우대요건] -컴퓨터공학, IT계열 전공자 -커뮤니케이션 능력 우수자 -MS Office 능숙자 목록 회사소개 오시는길 주식회사 윈스 대표이사: 신희선 소재지: 서울시 서대문구 응암로 89 (북가좌동, 한오빌딩 4층) 사업자등록번호: 110-81-97572 대표번호: 02-306-1118~9 팩스번호: 02-354-0987 이메일: help@winssystem.com 주식회사 윈스 Inc.","회사소개 Oracle DellEMC Solution SI & ITO 고객사 회사소개 연혁 찾아오시는 길 조직도 Oracle DellEMC Solution 채용공고 고객사 SI & ITO 채용공고 CS센터 02-306-1118~9 FAX 02-354-0987 E-MAIL help@winssystem.com 채용공고 Home > SI & ITO > 채용공고 제목 2022년 신입사원 정규직 채용(영업지원) 관리자 / 2022-04-20 [수행업무] 1) 영업지원 -IT개발자 Outsourcing B2C 영업지원 (고객응대/계약/고객관리) -IT솔루션(Oracle DBMS 등) B2B 영업지원 (견적/계약/검수/대금청구) 2) 내부관리 -내부문서 작성 (Word, Excel) -이메일, 서류 발송 -고객지원 [필수요건] -초대졸 이상 [우대요건] -컴퓨터공학, IT계열 전공자 -커뮤니케이션 능력 우수자 -MS Office 능숙자 목록 회사소개 오시는길 주식회사 윈스 대표이사: 신희선 소재지: 서울시 서대문구 응암로 89 (북가좌동, 한오빌딩 4층) 사업자등록번호: 110-81-97572 대표번호: 02-306-1118~9 팩스번호: 02-354-0987 이메일: help@winssystem.com 주식회사 윈스 Inc. All Rights Reserved.","","","","서울","정규직","","","2022-03-21","2022-04-20","active","2026-04-14T12:48:38.047029","2026-04-04T03:07:26.290146","True"
"69","50","윈스","CS센터","http://winssystem.com/board/board_list?code=notice","회사소개 Oracle DellEMC Solution SI & ITO 고객사 회사소개 연혁 찾아오시는 길 조직도 Oracle DellEMC Solution 채용공고 고객사 SI & ITO 채용공고 CS센터 02-306-1118~9 FAX 02-354-0987 E-MAIL help@winssystem.com 채용공고 Home > SI & ITO > 채용공고 게시글 검색 제목 내용 작성자 아이디 검색어를 입력하세요. 총 게시물 6 개 게시글 내용 번호 제목 6 IBK시스템 공식협력사 선정 5 코스콤 공식협력사 선정 4 삼성SDS 공식협력사 선정 (2025~) 3 2022년 신입사원 정규직 채용(영업지원) 2 우리은행 스마트뱅킹 전담반 SM 유지보수 프리랜서 채용 1 우리카드 마이데이터 SI 개발 정직원 및 프리랜서 채용 회사소개 오시는길 주식회사 윈스 대표이사: 신희선 소재지: 서울시 서대문구 응암로 89 (북가좌동, 한오빌딩 4층) 사업자등록번호: 110-81-97572 대표번호: 02-306-1118~9 팩스번호: 02-354-0987 이메일: help@winssystem.com 주식회사 윈스 Inc.","","","","","","서울","정규직","","","","","active","2026-04-04T03:07:32.398147","2026-04-04T03:07:32.398193","True"
"70","54","포시에스","인재채용","https://kr.forcs.com/careers",", 개발 프로필, 보유기술 등을 상세히 작성) 당사 홈페이지 소정양식 다운로드 후 작성 (희망연봉 및 지원분야 꼭 명시 요망) *신입일 경우에는 최종학교 성적증명서 첨부 채용 포털사이트 또는 당사 채용공고를 통해서, 온라인 지원 양식에 맞추어 제출하시면 됩니다. 접수 방법 : insa@forcs.com (이메일 접수) 접수 문의 : 경영기획실 채용담당자 (Tel. 02-6188-8409 | Fax. 02-6188-8480) 입사지원서 다운로드 top test 댓글 로드중... 댓글 달기... 이메일 (필수) 이름 (필수) 웹사이트","","","","","","","","","","","","active","2026-04-04T03:07:52.423115","2026-04-04T03:07:52.423141","True"
"71","56","인젠트","개인정보처리방침","https://www.inzent.com/recruit_talent.php","채용정보 인재상 복리후생 직무소개 FAQ 채용공고 인젠트 IT Player와 함께 하세요 . 우리 모두를 위한 변화와 그 변화를 위한 기술을 함께 만드는 것이 바로 IT Player, 인젠트 가 일하는 방식입니다. 인젠트 IT Player들이 일하는 방식 인젠트 IT Player는 전문성을 기반으로한 창의적인 업무 방식을 선호하고, 지속적으로 개인의 역량을 강화해 회사에 기여합니다. 혼자 진행하기 어려운 목표는 함께 모여 인젠트가 나아갈 방향을 함께 고민하고 협력해 고객에게 가장 어울리는 결과를 제공합니다. IT Player, 수평적 문화 유연한 사고방식 자율적인 업무 관리 투명한 업무 공유 적극적 교육 참여","","","","","","","","","","","","active","2026-04-04T03:08:28.061272","2026-04-04T03:08:28.061334","True"
"72","56","인젠트","개인정보처리방침","https://www.inzent.com/board/board.php?bo_table=recruit&idx=67","채용정보 인재상 복리후생 직무소개 FAQ 채용공고 인젠트의 다양한 소식을 전합니다 . 마감 [공공영업본부] 영업직 경력채용 2023-12-05 . . 공공영업본부 영업직 채용 . 우리 모두를 위한 변화, 당신과 가장 가까운 인젠트의 스마트한 기술을 만나보세요. 인젠트의 데이터와 AI기술 노하우를 혁신적인 비즈니스 서비스로 한층 더 진화 시켰습니다. 풍부한 경험과 전문기술을 기반으로 금융, 공공, 통신, 유통 등 다양한 산업에서 기업이 필요한 디지털 혁신 솔루션을 제공합니다. 인젠트는 국내 대표 IT 솔루션 기업으로 기술 개발을 선도하기 위해 지속적으로 노력하고 있습니다. 주요업무 ㆍ 공공기관/ SI / 솔루션 영업 ㆍ 고객 관리 , 신규 고객사 발굴 지원자격 및 우대조건 ㆍ 관련종사자 및 솔루션 영업 5년 이상 경력자 ㆍ 컴퓨터 활용능력 우수한 자 ㆍ 제안서 및 문서작성 우수한 자 ㆍ 정보처리기사자격증 소지자 우대 ㆍ 커뮤니케이션 능통한 자 채용절차 및 기타 지원 유의사항 [ 복리후생 ] ㆍ 패밀리데이: 매주2,4째주 금요일은 조기퇴근!! ㆍ 휴양시설 지원: 대명리조트 및 해외리조트 회원권 가격으로 이용가능!! ㆍ 건강검진 지원: 기본 건강검진 이외 추가 지원금 제공!! ㆍ 교육지원: 직무역량 강화를 위해서라면 얼마든지!! ㆍ 출산 휴가 및 육아휴직: 가족과 함께 할 수 있도록 충분한 휴식을 드립니다!! ㆍ 경조금 및 경조휴가 ㆍ 장기근속자 및 우수사원에게 어마어마한 포상을!! 이 외에도 다양한 복지제도를 운영중이며, 새로운 복지를 지속적으로 찾고 있습니다. [ 채용절차 ] ㆍ 서류전형 →1차 인터뷰 → 2차 인터뷰 → 처우 협의 → 최종합격 ※ 절차는 변경될 수 있습니다. [ 지원 시 주의사항 ] ㆍ 신입/경력 무관하게 3개월의 수습 기간이 있습니다. ※ 단, 신입의 경우 수습 기간 동안 급여의 80% 지급됩니다. ㆍ 포트폴리오 제출 시, 10MB 초과할 경우에는 링크를 기재해주세요. [ 참고사항 ] ㆍ 서류 합격자에 한해 연락 드립니다. ㆍ 본 채용은 수시 진행으로 우수 인재 채용 시 마감될 수 있습니다. 지원하기","","ㆍ 관련종사자 및 솔루션 영업 5년 이상 경력자 ㆍ 컴퓨터 활용능력 우수한 자 ㆍ 제안서 및 문서작성 우수한 자 ㆍ 정보처리기사","","건강검진, 경조휴가","","","","","","2023-11-05","2023-12-05","active","2026-04-04T03:08:33.769109","2026-04-04T03:08:33.769123","True"
"73","56","인젠트","개인정보처리방침","https://www.inzent.com/board/board.php?bo_table=recruit&idx=69","ㆍ 인젠트 APIM 솔루션 유지관리 및 개발 ㆍ API G/W 거래생성 및 업무 연계 ㆍ API 연계 거래 테스트 ㆍ 마이데이터, 오픈뱅킹 REST API 구축 ㆍ API Manager 커스텀 화면 개발 (Vue.js)","ㆍ 유관 경력 1년 이상","ㆍ 해당 직무(개발) 경험자 ㆍ Digital Transformation에 대한 이해도 높으신 분","및 기타 지원 유의사항","건강검진, 경조휴가","","","","","","2023-11-05","2023-12-05","active","2026-04-14T12:47:32.993729","2026-04-04T03:08:45.129970","True"
"74","56","인젠트","개인정보처리방침","https://www.inzent.com/board/board.php?bo_table=recruit&idx=70","채용정보 인재상 복리후생 직무소개 FAQ 채용공고 인젠트의 다양한 소식을 전합니다 . 마감 [전략기획실] 경영기획부분 경력직 채용 2023-12-05 전략기획실- 경영기획부분 경력채용 . 우리 모두를 위한 변화, 당신과 가장 가까운 인젠트의 스마트한 기술을 만나보세요. 인젠트의 데이터와 AI기술 노하우를 혁신적인 비즈니스 서비스로 한층 더 진화 시켰습니다. 풍부한 경험과 전문기술을 기반으로 금융, 공공, 통신, 유통 등 다양한 산업에서 기업이 필요한 디지털 혁신 솔루션을 제공합니다. 인젠트는 국내 대표 IT 솔루션 기업으로 기술 개발을 선도하기 위해 지속적으로 노력하고 있습니다. . 주요업무 ㆍ 전사 회의체 운영 ㆍ 사업 계획 수립 및 분석 ㆍ 경영 활용 자료 작성 . 자격요건 ㆍ (필수) 관련경력 3년 이상 혹은 이에 준하는 역량 ㆍ 통계분석 능숙한 자 ㆍ 컴퓨터 활용능력 / 문서작성 우수한 자 . 우대조건 ㆍ 관련업종 경력자 ㆍ 커뮤니케이션 능통자 . 채용절차 및 기타 지원 유의사항 [ 복리후생 ] ㆍ 패밀리데이: 매주2,4째주 금요일은 조기퇴근!! ㆍ 휴양시설 지원: 대명리조트 및 해외리조트 회원권 가격으로 이용가능!! ㆍ 건강검진 지원: 기본 건강검진 이외 추가 지원금 제공!! ㆍ 교육지원: 직무역량 강화를 위해서라면 얼마든지!! ㆍ 출산 휴가 및 육아휴직: 가족과 함께 할 수 있도록 충분한 휴식을 드립니다!! ㆍ 경조금 및 경조휴가 ㆍ 장기근속자 및 우수사원에게 어마어마한 포상을!! 이 외에도 다양한 복지제도를 운영중이며, 새로운 복지를 지속적으로 찾고 있습니다. [ 채용절차 ] ㆍ 서류전형 →1차 인터뷰 → 2차 인터뷰 → 처우 협의 → 최종합격 ※ 절차는 변경될 수 있습니다. [ 지원 시 주의사항 ] ㆍ 신입/경력 무관하게 3개월의 수습 기간이 있습니다. ※ 단, 신입의 경우 수습 기간 동안 급여의 80% 지급됩니다. ㆍ 포트폴리오 제출 시, 10MB 초과할 경우에는 링크를 기재해주세요. [ 참고사항 ] ㆍ 서류 합격자에 한해 연락 드립니다. ㆍ 본 채용은 수시 진행으로 우수 인재 채용 시 마감될 수 있습니다. 지원하기","ㆍ (필수) 관련경력 3년 이상 혹은 이에 준하는 역량 ㆍ 통계분석 능숙한 자 ㆍ 컴퓨터 활용능력 / 문서작성 우수한 자 .","ㆍ 관련업종 경력자 ㆍ 커뮤니케이션 능통자 .","","건강검진, 경조휴가","","","","","","2023-11-05","2023-12-05","active","2026-04-04T03:08:51.110740","2026-04-04T03:08:51.110759","True"
"75","93","알서포트","알서포트는 여러분의 도전을","https://www.rsupport.com/ko-kr/career/recruit/page/2","콘텐츠 바로가기 메뉴 바로가기 하단정보 바로가기 Rsupport 제품 리모트뷰 리모트뷰BOX 리모트콜 리모트VS 리모트미팅 Airepoto 콜라박스 리모트WOL 투자 투자 요약 기업지배구조 재무정보 실적발표 감사보고서 투자 공고 투자 질의응답 투자 뉴스 뉴스 언론 보도 홍보 영상 블로그 지원 공지사항 자주 묻는 질문 다운로드 Contact Us CI&BI 회사 회사 소개 회사 연혁 수상 및 인증 사회 공헌 기술 소개 파트너 사옥 온라인 제보 채용 채용 요약 팀 문화 스토리 역할과 책임 채용공고 인재풀 모바일 메뉴 kr en jp cn 모바일 메뉴 Home 채용 채용공고 알서포트는 여러분의 도전을 서포트합니다 아낌없는 R&D 투자로 직원과 함께 성장하는 원격기업 알서포트 알서포트는 임직원 과반수 이상을 R&D 인력으로 구성하여 원격 제어 기술의 세계 최고를 향해 나아가고 있습니다. 직무별 역할과 책임 알아보기 재생 전형절차 서류전형 과제전형 (개발자) 1차 면접 (실무진) 2차 면접 (임원/본부장) 처우 협의 및 입사 일정 조율 제출서류 및 접수방법 이력서, 경력기술서(경력의 경우), 포트폴리오(마케팅, 영업, 디자인, 개발직군) 접수방법 : 이력서 & 경력기술서 및 추가 첨부자료 첨부 검색 전체직군(8) 연구개발(1) 기술지원(2) 영업(4) 마케팅(1) 품질 경영지원 글로벌사업 경력사항 무관 신입 경력 고용형태 정규직 계약직 인턴 프리랜서 소프트웨어 기술지원 엔지니어 (3년 이상) 기술지원 경력 정규직 이전 1 2 인재풀 Close IR 투자 정보 받기 top RemoteCall RemoteView Ai:repoto COLABOX RemoteMeeting RemoteCall RemoteView Ai:repoto COLABOX RemoteMeeting 알서포트(주) 대표 서형수 (05203) 서울특별시 강동구 고덕비즈밸리로2가길 12 (고덕동) 사업자등록번호 114-86-82265 통신판매업 신고번호 제 2024-서울강동-1214호 문의 070-7011-3900 이메일 sales.kr@rsupport.com 팩스 02-479-4429 개인정보 처리방침 내부정보관리규정","","","콘텐츠 바로가기 메뉴 바로가기 하단정보 바로가기 Rsupport 제품 리모트뷰 리모트뷰BOX 리모트콜 리모트VS 리모트미팅 Airepoto 콜라박스 리모트WOL 투자 투자 요약 기업지배구조 재무정보 실적발표 감사보고서 투자 공고 투자 질의응답 투자 뉴스 뉴스 언론 보도 홍보 영상 블로그 지원 공지사항 자주 묻는 질문 다운로드 Contact Us CI&BI 회사 회사 소개 회사 연혁 수상 및 인증 사회 공헌 기술 소개 파트너 사옥 온라인 제보 채용 채용 요약 팀 문화 스토리 역할과 책임 채용공고 인재풀 모바일 메뉴 kr en jp cn 모바일 메뉴 Home 채용 채용공고 알서포트는 여러분의 도전을 서포트합니다 아낌없는 R&D 투자로 직원과 함께 성장하는 원격기업 알서포트 알서포트는 임직원 과반수 이상을 R&D 인력으로 구성하여 원격 제어 기술의 세계 최고를 향해 나아가고 있습니다. 직무별 역할과 책임 알아보기 재생 전형절차 서류전형 과제전형 (개발자) 1차 면접 (실무진) 2차 면접 (임원/본부장) 처우 협의 및 입사 일정 조율 제출서류 및 접수방법 이력서, 경력기술서(경력의 경우), 포트폴리오(마케팅, 영업, 디자인, 개발직군) 접수방법 : 이력서 & 경력기술서 및 추가 첨부자료 첨부 검색 전체직군(8) 연구개발(1) 기술지원(2) 영업(4) 마케팅(1) 품질 경영지원 글로벌사업 경력사항 무관 신입 경력 고용형태 정규직 계약직 인턴 프리랜서 소프트웨어 기술지원 엔지니어 (3년 이상) 기술지원 경력 정규직 이전 1 2 인재풀 Close IR 투자 정보 받기 top RemoteCall RemoteView Ai:repoto COLABOX RemoteMeeting RemoteCall RemoteView Ai:repoto COLABOX RemoteMeeting 알서포트(주) 대표 서형수 (05203) 서울특별시 강동구 고덕비즈밸리로2가길 12 (고덕동) 사업자등록번호 114-86-82265 통신판매업 신고번호 제 2024-서울강동-1214호 문의 070-7011-3900 이메일 sales.kr@rsupport.com 팩스 02-479-4429 개인정보 처리방침 내부정보관리규정 COPYRIGHT © 2026 RSUPPORT CO., LTD. ALL RIGHTS RESERVED. 공식 SNS 채널 + Facebook youtube Blog Linkedin 알서포트 투자 실적 정보 받기 별도의 요청없이도 알서포트가 제공하는 투자와 관련된 상세 자료들을 간편하게 받아보실 수 있습니다. 팝업 닫기 투자실적 정보 받기 신청이 완료되었습니다. 입력해주신 메일 주소로 답변 드립니다. 확인 팝업 닫기","재택근무","","서울","정규직","","","","","active","2026-04-20T03:07:26.931857","2026-04-04T03:12:50.617466","True"
"76","93","알서포트","알서포트는 여러분의 도전을","https://www.rsupport.com/ko-kr/career/recruit/compliance","콘텐츠 바로가기 메뉴 바로가기 하단정보 바로가기 Rsupport 제품 리모트뷰 리모트뷰BOX 리모트콜 리모트VS 리모트미팅 Airepoto 콜라박스 리모트WOL 투자 투자 요약 기업지배구조 재무정보 실적발표 감사보고서 투자 공고 투자 질의응답 투자 뉴스 뉴스 언론 보도 홍보 영상 블로그 지원 공지사항 자주 묻는 질문 다운로드 Contact Us CI&BI 회사 회사 소개 회사 연혁 수상 및 인증 사회 공헌 기술 소개 파트너 사옥 온라인 제보 채용 채용 요약 팀 문화 스토리 역할과 책임 채용공고 인재풀 모바일 메뉴 kr en jp cn 모바일 메뉴 Home 채용 채용공고 알서포트는 여러분의 도전을 서포트합니다 내부통제팀장 (10년 이상) 지원 마감 디데이 D-10 지원 가능일 2026-03-30 ~ 2026-04-13 직군 경영지원 경력사항 경력 고용형태 정규직 근무지 서울 본사 포지션 내부통제팀장 업무내용 내부회계관리제도 연간 운영 계획 수립 내부회계관리제도 운영, 평가, 보고 및 관련 공시지원 내부회계관리제도 변화관리 및 설계지원 내부통제 설계 및 운영지원 상근감사 지원 자격요건 및 우대사항 [ 자격요건 ] 아래 경력사항이 해당되시는 분 재무회계 경력 3-7년 경력자 내부회계관리제도 기초 실무 3년 내외 경험자 내부감사 실무 3년 내외 경험자 내부회계관리 또는 내부통제에 관하여 깊은 관심이 있거나 관련 커리어를 쌓고싶으신 분 ※ 직접 경험이 없더라도 상급자가 모두 교육, 관리하여 전문가로 육성 예정 [ 우대사항 ] IAP(국제내부감사실무사), CIA(공인내부감사사) 등 관련분야 자격증 소유자 회계 관련 자격을 보유하신 분 의사소통, 독해력, 문해력, 이해력이 뛰어나신 분 영어 능력이 우수하신 분 기타사항 국가보훈해당자 및 장애인은 관련 법률에 의거 우대합니다. (증빙서류 제출자에 한함) 제출서류에 허위기재 또는 기재 착오, 구비서류 미제출 등으로 인한 불이익은 응시자 본인의 책임으로 합니다. 제출서류나 각종 증명서의 기재내용이 허위일 경우, 응시를 무효처리하며 합격을 취소합니다. 기타 문의사항은 채용관련 문의를 이용해 주시기 바라며, 제출된 서류는 개인정보 보호법에따라 관리됩니다. 목록 직군 경영지원 경력사항 경력 고용형태 정규직 근무지 서울 본사 지원하기 IR 투자 정보 받기 top RemoteCall RemoteView Ai:repoto COLABOX RemoteMeeting RemoteCall RemoteView Ai:repoto COLABOX RemoteMeeting 알서포트(주) 대표 서형수 (05203) 서울특별시 강동구 고덕비즈밸리로2가길 12 (고덕동) 사업자등록번호 114-86-82265 통신판매업 신고번호 제 2024-서울강동-1214호 문의 070-7011-3900 이메일 sales.kr@rsupport.com 팩스 02-479-4429 개인정보 처리방침 내부정보관리규정","및 우대사항 [ 자격요건 ] 아래 경력사항이 해당되시는 분 재무회계 경력 3-7년 경력자 내부회계관리제도 기초 실무 3년 내외 경험자 내부감사 실무 3년 내외 경험자 내부회계관리 또는 내부통제에 관하여 깊은 관심이 있거나 관련 커리어를 쌓고싶으신 분 ※ 직접 경험이 없더라도 상급자가 모두 교육, 관리하여 전문가로 육성 예정 [ 우대사항 ] IAP(국제내부감사실무사), CIA(공인내부감사사) 등 관련분야 자격증 소유자 회계 관련 자격을 보유하신 분 의사소통, 독해력, 문해력, 이해력이 뛰어나신 분 영어 능력이 우수하신 분 기타사항 국가보훈해당자 및 장애인은 관련 법률에 의거 우대합니다. (증빙서류 제출자에 한함) 제출서류에 허위기재 또는 기재 착오, 구비서류 미제출 등으로 인한 불이익은 응시자 본인의 책임으로 합니다. 제출서류나 각종 증명서의 기재내용이 허위일 경우, 응시를 무효처리하며 합격을 취소합니다. 기타 문의사항은 채용관련 문의를 이용해 주시기 바라며, 제출된 서류는 개인정보 보호법에따라 관리됩니다. 목록 직군 경영지원 경력사항 경력 고용형태 정규직 근무지 서울 본사 지원하기 IR 투자 정보 받기 top RemoteCall RemoteView Ai:repoto COLABOX RemoteMeeting RemoteCall RemoteView Ai:repoto COLABOX RemoteMeeting 알서포트(주) 대표 서형수 (05203) 서울특별시 강동구 고덕비즈밸리로2가길 12 (고덕동) 사업자등록번호 114-86-82265 통신판매업 신고번호 제 2024-서울강동-1214호 문의 070-7011-3900 이메일 sales.kr@rsupport.com 팩스 02-479-4429 개인정보 처리방침 내부정보관리규정 COPYRIGHT © 2026 RSUPPORT CO., LTD. ALL RIGHTS RESERVED. 공식 SNS 채널 + Facebook youtube Blog Linkedin 알서포트 투자 실적 정보 받기 별도의 요청없이도 알서포트가 제공하는 투자와 관련된 상세 자료들을 간편하게 받아보실 수 있습니다. 팝업 닫기 투자실적 정보 받기 신청이 완료되었습니다. 입력해주신 메일 주소로 답변 드립니다. 확인 팝업 닫기","[ 자격요건 ] 아래 경력사항이 해당되시는 분 재무회계 경력 3-7년 경력자 내부회계관리제도 기초 실무 3년 내외 경험자 내부감사 실무 3년 내외 경험자 내부회계관리 또는 내부통제에 관하여 깊은 관심이 있거나 관련 커리어를 쌓고싶으신 분 ※ 직접 경험이 없더라도 상급자가 모두 교육, 관리하여 전문가로 육성 예정 [ 우대사항 ] IAP(국제내부감사실무사), CIA(공인내부감사사) 등 관련분야 자격증 소유자 회계 관련 자격을 보유하신 분 의사소통, 독해력, 문해력, 이해력이 뛰어나신 분 영어 능력이 우수하신 분 기타사항 국가보훈해당자 및 장애인은 관련 법률에 의거 우대합니다. (증빙서류 제출자에 한함) 제출서류에 허위기재 또는 기재 착오, 구비서류 미제출 등으로 인한 불이익은 응시자 본인의 책임으로 합니다. 제출서류나 각종 증명서의 기재내용이 허위일 경우, 응시를 무효처리하며 합격을 취소합니다. 기타 문의사항은 채용관련 문의를 이용해 주시기 바라며, 제출된 서류는 개인정보 보호법에따라 관리됩니다. 목록 직군 경영지원 경력사항 경력 고용형태 정규직 근무지 서울 본사 지원하기 IR 투자 정보 받기 top RemoteCall RemoteView Ai:repoto COLABOX RemoteMeeting RemoteCall RemoteView Ai:repoto COLABOX RemoteMeeting 알서포트(주) 대표 서형수 (05203) 서울특별시 강동구 고덕비즈밸리로2가길 12 (고덕동) 사업자등록번호 114-86-82265 통신판매업 신고번호 제 2024-서울강동-1214호 문의 070-7011-3900 이메일 sales.kr@rsupport.com 팩스 02-479-4429 개인정보 처리방침 내부정보관리규정 COPYRIGHT © 2026 RSUPPORT CO., LTD. ALL RIGHTS RESERVED. 공식 SNS 채널 + Facebook youtube Blog Linkedin 알서포트 투자 실적 정보 받기 별도의 요청없이도 알서포트가 제공하는 투자와 관련된 상세 자료들을 간편하게 받아보실 수 있습니다. 팝업 닫기 투자실적 정보 받기 신청이 완료되었습니다. 입력해주신 메일 주소로 답변 드립니다. 확인 팝업 닫기","","","","서울","정규직","","","2026-02-28","2026-03-30","active","2026-04-04T03:13:48.486579","2026-04-04T03:13:48.486599","True"
"77","93","알서포트","알서포트는 여러분의 도전을","https://www.rsupport.com/ko-kr/career/recruit","콘텐츠 바로가기 메뉴 바로가기 하단정보 바로가기 Rsupport 제품 리모트뷰 리모트뷰BOX 리모트콜 리모트VS 리모트미팅 Airepoto 콜라박스 리모트WOL 투자 투자 요약 기업지배구조 재무정보 실적발표 감사보고서 투자 공고 투자 질의응답 투자 뉴스 뉴스 언론 보도 홍보 영상 블로그 지원 공지사항 자주 묻는 질문 다운로드 Contact Us CI&BI 회사 회사 소개 회사 연혁 수상 및 인증 사회 공헌 기술 소개 파트너 사옥 온라인 제보 채용 채용 요약 팀 문화 스토리 역할과 책임 채용공고 인재풀 모바일 메뉴 kr en jp cn 모바일 메뉴 Home 채용 채용공고 알서포트는 여러분의 도전을 서포트합니다 아낌없는 R&D 투자로 직원과 함께 성장하는 원격기업 알서포트 알서포트는 임직원 과반수 이상을 R&D 인력으로 구성하여 원격 제어 기술의 세계 최고를 향해 나아가고 있습니다. 직무별 역할과 책임 알아보기 재생 전형절차 서류전형 과제전형 (개발자) 1차 면접 (실무진) 2차 면접 (임원/본부장) 처우 협의 및 입사 일정 조율 제출서류 및 접수방법 이력서, 경력기술서(경력의 경우), 포트폴리오(마케팅, 영업, 디자인, 개발직군) 접수방법 : 이력서 & 경력기술서 및 추가 첨부자료 첨부 검색 전체직군(8) 연구개발(1) 기술지원(2) 영업(4) 마케팅(1) 품질 경영지원 글로벌사업 경력사항 무관 신입 경력 고용형태 정규직 계약직 인턴 프리랜서 SaaS 갱신영업 팀원 (신입~경력 5년 이하) 영업 무관 정규직 SaaS 갱신영업팀 팀장 (5년 이상) 영업 경력 정규직 UX기획자 (7년 이상) 마케팅 경력 정규직 SaaS 영업 담당자 (신입 또는 경력) 영업 경력 정규직 클라우드 시스템 엔지니어 (3년 이상) 연구개발 경력 정규직 Solution 웹 Full Stack 개발 (3년 이상) 기술지원 경력 정규직 제품 기술영업 [on-Premise] (3년 이상) 영업 경력 정규직 1 2 다음 인재풀 Close IR 투자 정보 받기 top RemoteCall RemoteView Ai:repoto COLABOX RemoteMeeting RemoteCall RemoteView Ai:repoto COLABOX RemoteMeeting 알서포트(주) 대표 서형수 (05203) 서울특별시 강동구 고덕비즈밸리로2가길 12 (고덕동) 사업자등록번호 114-86-82265 통신판매업 신고번호 제 2024-서울강동-1214호 문의 070-7011-3900 이메일 sales.kr@rsupport.com 팩스 02-479-4429 개인정보 처리방침 내부정보관리규정","","","콘텐츠 바로가기 메뉴 바로가기 하단정보 바로가기 Rsupport 제품 리모트뷰 리모트뷰BOX 리모트콜 리모트VS 리모트미팅 Airepoto 콜라박스 리모트WOL 투자 투자 요약 기업지배구조 재무정보 실적발표 감사보고서 투자 공고 투자 질의응답 투자 뉴스 뉴스 언론 보도 홍보 영상 블로그 지원 공지사항 자주 묻는 질문 다운로드 Contact Us CI&BI 회사 회사 소개 회사 연혁 수상 및 인증 사회 공헌 기술 소개 파트너 사옥 온라인 제보 채용 채용 요약 팀 문화 스토리 역할과 책임 채용공고 인재풀 모바일 메뉴 kr en jp cn 모바일 메뉴 Home 채용 채용공고 알서포트는 여러분의 도전을 서포트합니다 아낌없는 R&D 투자로 직원과 함께 성장하는 원격기업 알서포트 알서포트는 임직원 과반수 이상을 R&D 인력으로 구성하여 원격 제어 기술의 세계 최고를 향해 나아가고 있습니다. 직무별 역할과 책임 알아보기 재생 전형절차 서류전형 과제전형 (개발자) 1차 면접 (실무진) 2차 면접 (임원/본부장) 처우 협의 및 입사 일정 조율 제출서류 및 접수방법 이력서, 경력기술서(경력의 경우), 포트폴리오(마케팅, 영업, 디자인, 개발직군) 접수방법 : 이력서 & 경력기술서 및 추가 첨부자료 첨부 검색 전체직군(8) 연구개발(1) 기술지원(2) 영업(4) 마케팅(1) 품질 경영지원 글로벌사업 경력사항 무관 신입 경력 고용형태 정규직 계약직 인턴 프리랜서 SaaS 갱신영업 팀원 (신입~경력 5년 이하) 영업 무관 정규직 SaaS 갱신영업팀 팀장 (5년 이상) 영업 경력 정규직 UX기획자 (7년 이상) 마케팅 경력 정규직 SaaS 영업 담당자 (신입 또는 경력) 영업 경력 정규직 클라우드 시스템 엔지니어 (3년 이상) 연구개발 경력 정규직 Solution 웹 Full Stack 개발 (3년 이상) 기술지원 경력 정규직 제품 기술영업 [on-Premise] (3년 이상) 영업 경력 정규직 1 2 다음 인재풀 Close IR 투자 정보 받기 top RemoteCall RemoteView Ai:repoto COLABOX RemoteMeeting RemoteCall RemoteView Ai:repoto COLABOX RemoteMeeting 알서포트(주) 대표 서형수 (05203) 서울특별시 강동구 고덕비즈밸리로2가길 12 (고덕동) 사업자등록번호 114-86-82265 통신판매업 신고번호 제 2024-서울강동-1214호 문의 070-7011-3900 이메일 sales.kr@rsupport.com 팩스 02-479-4429 개인정보 처리방침 내부정보관리규정 COPYRIGHT © 2026 RSUPPORT CO., LTD. ALL RIGHTS RESERVED. 공식 SNS 채널 + Facebook youtube Blog Linkedin 알서포트 투자 실적 정보 받기 별도의 요청없이도 알서포트가 제공하는 투자와 관련된 상세 자료들을 간편하게 받아보실 수 있습니다. 팝업 닫기 투자실적 정보 받기 신청이 완료되었습니다. 입력해주신 메일 주소로 답변 드립니다. 확인 팝업 닫기","재택근무","","서울","정규직","","","","","active","2026-04-20T03:07:11.904949","2026-04-04T03:14:03.062740","True"
"78","105","두나무","두나무를 소개합니다! | 두나무","https://www.dunamu.com/careers/jobs/842","채용 함께 만드는 더 가치있는 미래 채용공고 두나무 이야기 채용공고 새로운 미래를 만드는 여정에 함께할 최고의 동료를 찾습니다 두나무를 소개합니다! 2023.06.09 서비스 분야 소개 블록체인 서비스 ­ - 가장 신뢰받는 디지털 자산 거래소 <업비트> ­ - 신뢰할 수 있는 NFT 거래 플랫폼 <업비트 NFT> ­ - 국내 최초 디지털 자산 인덱스 <UBCI> 증권 서비스 - 국민 증권 애플리케이션 <증권플러스> 비전 & 경쟁력 Connect & Unlock Value 세상에 없던 새로운 가치를 발굴하며 앞선 기술력으로 경계없는 확장을 만들어 갑니다. 평균수명 상승과 동시에 자산관리에 대한 인식이 점점 높아지고 있는 현시대에 발맞추어 두나무는 블록체인, 증권 분야 등에서 최초의 서비스들을 세상에 내보였고 업계 선두를 달리고 있습니다. 두나무의 모든 서비스는 ‘이용자 편의’와 ‘안정성’을 최우선으로 고려하여 만들고 있기 때문에 이용자들의 높은 ‘신뢰성’을 쌓을 수 있었고 이것이 곧 두나무의 경쟁력이 되었습니다. 앞으로도 두나무는 변화의 기류를 포착하고 ‘앞선 기술력’과 ‘안정성’을 기반으로 세상에 없던 새로운 가치를 발굴하고 확장해 나갈 것입니다. 핵심가치 Trust & Drive Trust 두나무의 모두는 각 분야의 전문가입니다. 서비스에 대한 신뢰를 최우선으로 생각하고, 서로의 전문성을 인정하며 의견과 결정을 존중합니다. 편리하고 안전하게 이용할 수 있는 서비스를 만들고, 신뢰를 바탕으로 수평적인 소통을 합니다. Drive 선두에 있지만 더 빠르게 나아갑니다. 기회를 놓치지 않고, 실패를 두려워하지 않으며, 목표에 몰입하고, 혁신을 주도합니다. 모든 의사 결정의 중심은 고객입니다. 항상 고객을 위해 해야 할 일을 고민하고, 발견하며, 실행합니다. 의사결정권자는 수평적인 소통을 바탕으로 빠르고 정확한 결정을 내립니다. 인재상 2.0 Passion & Performance-Oriented (열정과 성과지향) 최고의 성과를 목표로 도전합니다. 변화의 흐름을 예측하고, 고객의 관심사를 끊임 없이 탐구하며, 실패의 경험도 기회로 삼는 열정 가득한 인재입니다. Diversity & Decisiveness (다양성과 결단력) 서로 다른 경험과 지식을 이해하고 다양한 의견을 주고 받으며 때로는 건설적인 대안을 제시하면서 최선의 결정을 내릴 수 있도록 합니다. 정해진 결정을 수용하고 적극적으로 실행합니다. Respectful & Considerate (존중과 배려) 존중과 배려의 중요성을 이해합니다. 회사 동료 및 파트너사와 협업 과정에서 겸손한 태도를 갖고 상대의 업무, 경험, 일 하는 방식을 존중합니다. Integrity & Completeness (진정성과 책임감) 서비스를 향한 진심으로, 주어진 일의 시작부터 끝까지 책임감을 갖고 임합니다. 회사와 서비스를 위해 무엇이 최선인지 동료들과 함께 고민하고 토론하여 신뢰와 성실이 고객에게 전해질 수 있도록 노력합니다. (인재상은 지속적으로 성장하는 두나무의 사업과 서비스에 맞추어 변화할 수 있습니다) 업무환경 유연하고 역동적인 문화 다양한 배경의 구성원들이 모여있고 각자의 전문분야는 다르지만, 두나무만의 문화는 직원들이 함께 자율적으로 만들어 가고 있습니다. 이런 자율적인 문화를 바탕으로 조직별 색깔도 조금씩 다를 수 있지만, 이를 서로 존중하고 수용하면서 두나무 전체의 문화를 만들고 있습니다. 서로를 존중하는 좋은 동료들 Respectful & Considerate(존중과 배려)를 기반으로 수평적 커뮤니케이션을 하고 있습니다. 각자 가지고 있는 전문성은 다르지만 서로에게 눈높이 커뮤니케이션을 하면서 한 번 더 배려합니다. 어려움이 발생했을 때 나서서 도움을 주는 좋은 동료들이 주변에 많아 해결해 나가는 과정에서 서로의 성장을 도모할 수 있습니다. 아낌없는 지원 두나무는 직원의 역량 향상과 개인의 성장을 위해서라면 아낌없이 지원하고 있습니다. 지원하고 있는 분야도 Work, Life, Refresh 등 카테고리별로 세심하게 나누어져 있는 것이 특징입니다. 업무에서나 업무 외적으로나 지원해주고 있는 것들이 다양하기 때문에 업무에 좀 더 집중할 수 있고 이를 통해 성장하고 있는 자신을 발견할 수 있습니다. (아래 복지혜택 참조) 복지혜택 Work 점심 식대 매월 30만원/저녁 식대/팀별 회식비 지원 통신비 매월 5만원 지원 비포괄 임금제 운영(초과근로수당 지급) 국내외 컨퍼런스/교육 참여 도서(e-book 포함) 대여 및 구매 지원 최고의 업무 장비 지원 우수 인재 추천금 지원 Life 직원 본인 포함 본인/배우자 가족(직계 존비속 포함) 실손 의료보험(치과 진료까지 보장) 가입 지원 직원 본인의 생명보험 가입 지원 매년 100만원 상당의 종합 건강검진 지원(본인 포함 가족 3인까지 총 300만원 지원) 주택자금 목적의 사내대출 지원 경조사 휴가 및 경조비/물품 지원 설/추석 연 2회 명절선물 지급 직장 어린이집 운영 Refresh 국내 최고급 휴양소(아난티, 안토 등) 이용 지원 (멤버십 할인가 적용) 근속 3년 마다 안식 휴가 10일 부여 (휴무/휴일 제외) 연간 500만원 한도의 복지카드 제공 Tech-driven 사내 웰니스 센터 운영(크라이오테라피, 고압산소테라피, 그룹 회복 클래스 등) (두나무 이야기 및 복지 페이지 바로가기) 채용공고 보기","","채용 함께 만드는 더 가치있는 미래 채용공고 두나무 이야기 채용공고 새로운 미래를 만드는 여정에 함께할 최고의 동료를 찾습니다 두나무를 소개합니다! 2023.06.09 서비스 분야 소개 블록체인 서비스 ­ - 가장 신뢰받는 디지털 자산 거래소 <업비트> ­ - 신뢰할 수 있는 NFT 거래 플랫폼 <업비트 NFT> ­ - 국내 최초 디지털 자산 인덱스 <UBCI> 증권 서비스 - 국민 증권 애플리케이션 <증권플러스> 비전 & 경쟁력 Connect & Unlock Value 세상에 없던 새로운 가치를 발굴하며 앞선 기술력으로 경계없는 확장을 만들어 갑니다. 평균수명 상승과 동시에 자산관리에 대한 인식이 점점 높아지고 있는 현시대에 발맞추어 두나무는 블록체인, 증권 분야 등에서 최초의 서비스들을 세상에 내보였고 업계 선두를 달리고 있습니다. 두나무의 모든 서비스는 ‘이용자 편의’와 ‘안정성’을 최우선으로 고려하여 만들고 있기 때문에 이용자들의 높은 ‘신뢰성’을 쌓을 수 있었고 이것이 곧 두나무의 경쟁력이 되었습니다. 앞으로도 두나무는 변화의 기류를 포착하고 ‘앞선 기술력’과 ‘안정성’을 기반으로 세상에 없던 새로운 가치를 발굴하고 확장해 나갈 것입니다. 핵심가치 Trust & Drive Trust 두나무의 모두는 각 분야의 전문가입니다. 서비스에 대한 신뢰를 최우선으로 생각하고, 서로의 전문성을 인정하며 의견과 결정을 존중합니다. 편리하고 안전하게 이용할 수 있는 서비스를 만들고, 신뢰를 바탕으로 수평적인 소통을 합니다. Drive 선두에 있지만 더 빠르게 나아갑니다. 기회를 놓치지 않고, 실패를 두려워하지 않으며, 목표에 몰입하고, 혁신을 주도합니다. 모든 의사 결정의 중심은 고객입니다. 항상 고객을 위해 해야 할 일을 고민하고, 발견하며, 실행합니다. 의사결정권자는 수평적인 소통을 바탕으로 빠르고 정확한 결정을 내립니다. 인재상 2.0 Passion & Performance-Oriented (열정과 성과지향) 최고의 성과를 목표로 도전합니다. 변화의 흐름을 예측하고, 고객의 관심사를 끊임 없이 탐구하며, 실패의 경험도 기회로 삼는 열정 가득한 인재입니다. Diversity & Decisiveness (다양성과 결단력) 서로 다른 경험과 지식을 이해하고 다양한 의견을 주고 받으며 때로는 건설적인 대안을 제시하면서 최선의 결정을 내릴 수 있도록 합니다. 정해진 결정을 수용하고 적극적으로 실행합니다. Respectful & Considerate (존중과 배려) 존중과 배려의 중요성을 이해합니다. 회사 동료 및 파트너사와 협업 과정에서 겸손한 태도를 갖고 상대의 업무, 경험, 일 하는 방식을 존중합니다. Integrity & Completeness (진정성과 책임감) 서비스를 향한 진심으로, 주어진 일의 시작부터 끝까지 책임감을 갖고 임합니다. 회사와 서비스를 위해 무엇이 최선인지 동료들과 함께 고민하고 토론하여 신뢰와 성실이 고객에게 전해질 수 있도록 노력합니다. (인재상은 지속적으로 성장하는 두나무의 사업과 서비스에 맞추어 변화할 수 있습니다) 업무환경 유연하고 역동적인 문화 다양한 배경의 구성원들이 모여있고 각자의 전문분야는 다르지만, 두나무만의 문화는 직원들이 함께 자율적으로 만들어 가고 있습니다. 이런 자율적인 문화를 바탕으로 조직별 색깔도 조금씩 다를 수 있지만, 이를 서로 존중하고 수용하면서 두나무 전체의 문화를 만들고 있습니다. 서로를 존중하는 좋은 동료들 Respectful & Considerate(존중과 배려)를 기반으로 수평적 커뮤니케이션을 하고 있습니다. 각자 가지고 있는 전문성은 다르지만 서로에게 눈높이 커뮤니케이션을 하면서 한 번 더 배려합니다. 어려움이 발생했을 때 나서서 도움을 주는 좋은 동료들이 주변에 많아 해결해 나가는 과정에서 서로의 성장을 도모할 수 있습니다. 아낌없는 지원 두나무는 직원의 역량 향상과 개인의 성장을 위해서라면 아낌없이 지원하고 있습니다. 지원하고 있는 분야도 Work, Life, Refresh 등 카테고리별로 세심하게 나누어져 있는 것이 특징입니다. 업무에서나 업무 외적","","건강검진, 식대, 컨퍼런스참가비","","","","30만원","","2023-05-10","2023-06-09","active","2026-04-14T12:52:36.874231","2026-04-04T03:15:46.625486","True"
"79","105","두나무","채용공고 | 두나무","https://www.dunamu.com/careers/jobs","채용 함께 만드는 더 가치있는 미래 채용공고 두나무 이야기 채용공고 새로운 미래를 만드는 여정에 함께할 최고의 동료를 찾습니다 채용 프로세스는 상황 및 일정에 따라 변경될 수 있습니다. 전형 중 경력자에 한하여 레퍼런스체크가 진행될 수 있으며, 지원자의 사전 동의를 받고 진행됩니다. 전체(undefined) 전체 ( ) 두나무를 소개합니다! Notice 두나무를 만드는 사람들의 이야기 Notice 자주 하는 질문 (FAQ) Notice STR 모니터링 담당자 - Compliance 준법감시(내부통제) 담당자 - Compliance 공공·비영리 디지털자산 연계 사업 기획/운영 담당자 - Communication 사회공헌 교육사업 기획/운영 담당자 - Communication 브랜드 행사 기획 및 운영 담당자 - Marketing 브랜드 경험 및 컬처 담당자 - People 일반직군 인재풀 - Talent Pool 개발직군 인재풀 - Talent Pool","","","","","","","","","","","","active","2026-04-14T12:53:22.275886","2026-04-04T03:15:49.149029","True"
"80","105","두나무","두나무 이야기 | 두나무","https://www.dunamu.com/careers/story","채용 함께 만드는 더 가치있는 미래 두나무 이야기 두나무 이야기 채용공고 최고의 인재들과 함께 글로벌 핀테크 산업의 미래를 선도합니다 두나무 이야기 최고의 미래를 만드는 최고의 환경을 지원합니다 Work Life Refresh 최고의 업무 장비 업무용 주변 기기, 최고 사양 장비와 허리 건강을 위한 모션 데스크, 휴먼스케일 의자 제공 식사 지원 점심, 저녁 식대 지원 팀빌딩을 위한 팀별 회식비 지원 비포괄 임금제 실제 연장근무에 따른 연장근무수당 지급 자기 개발 성장을 위한 국내외 콘퍼런스 참여 및 도서 구매 지원 통신비 지원 원활한 업무활동을 위한 통신비 지원 우수 인재 추천금 최고의 동료와 함께 일할 수 있도록 우수 인재 추천금 지원 지금, 최고의 팀에 합류하세요 채용공고 보기","","","","식대","","","","","","","","active","2026-04-04T03:15:53.062170","2026-04-04T03:15:53.062191","True"
"81","110","직방","채용서류 반환 안내","https://career.zigbang.com/give-back","직무소개 Business Communication Data Design Hardware Development Management Product Software Development 채용공고 지원안내 합류절차 자주 묻는 질문 채용서류 반환 안내 KR EN KR EN 지원안내 채용서류 반환 안내 직방은 지원서 및 채용 진행과 관련된 모든 서류를 온라인에서 제출받고 있습니다. 다만, 전형 과정에서 불가피하게 실물로 서류를 제출하신 경우 “채용절차의 공정화에 관한 법률(채용절차법)”에 근거하여 해당 서류의 반환을 요청하실 수 있습니다. • 안내 대상 최종 합격자를 제외한 지원자 • 대상 서류 전형 과정에서 직접 제출하신 각종 서류 및 자료 일체 • 신청 방법 채용서류 반환청구서를 채용 여부가 확정된 날을 기준으로 180일 이내에 작성하여 이메일 (recruit@zigbang.com)로 제출해 주시면, 반환 청구서가 수신된 날로부터 14일 이내에 우편(수신자 부담)으로 반환해 드립니다. ※ 채용사이트 또는 전자우편으로 제출한 경우와 당사의 요구 없이 구직자가 자발적으로 제출한 서류는 채용서류 반환 의무가 면제됩니다. ※ 이메일 제목은 [채용서류 반환 청구_성함] 으로 작성 부탁드립니다. ※ 반환 청구서는 고용노동부 지정 양식인 ‘채용절차의 공정화에 관한 법률 시행규칙[별지제3호 서식]’을 사용해주시면 됩니다. 직방은 채용 여부가 확정된 날을 기준으로 180일까지 제출하신 서류를 보관하며 그 이후에는 개인정보보호법에 따라 파기합니다. 직방 기업 소개 뉴스룸 채용 채용공고 합류절차 자주 묻는 질문 채용서류 반환 안내 채용 관련 문의 recruit@zigbang.com © Zigbang Co., Ltd.","","","의 공정화에 관한 법률(채용절차법)”에 근거하여 해당 서류의 반환을 요청하실 수 있습니다. • 안내 대상 최종 합격자를 제외한 지원자 • 대상 서류 전형 과정에서 직접 제출하신 각종 서류 및 자료 일체 • 신청 방법 채용서류 반환청구서를 채용 여부가 확정된 날을 기준으로 180일 이내에 작성하여 이메일 (recruit@zigbang.com)로 제출해 주시면, 반환 청구서가 수신된 날로부터 14일 이내에 우편(수신자 부담)으로 반환해 드립니다. ※ 채용사이트 또는 전자우편으로 제출한 경우와 당사의 요구 없이 구직자가 자발적으로 제출한 서류는 채용서류 반환 의무가 면제됩니다. ※ 이메일 제목은 [채용서류 반환 청구_성함] 으로 작성 부탁드립니다. ※ 반환 청구서는 고용노동부 지정 양식인 ‘채용절차의 공정화에 관한 법률 시행규칙[별지제3호 서식]’을 사용해주시면 됩니다. 직방은 채용 여부가 확정된 날을 기준으로 180일까지 제출하신 서류를 보관하며 그 이후에는 개인정보보호법에 따라 파기합니다. 직방 기업 소개 뉴스룸 채용 채용공고 합류절차","","","","","","","","","active","2026-04-14T12:51:23.388746","2026-04-04T03:16:22.721235","True"
"82","110","직방","직방 채용","https://career.zigbang.com/jobs/software-development","직무소개 Business Communication Data Design Hardware Development Management Product Software Development 채용공고 지원안내 합류절차","","","","","","","","","","","","active","2026-04-14T12:52:25.282616","2026-04-04T03:16:29.363367","True"
"83","110","직방","직방 채용","https://career.zigbang.com/jobs/Product","직무소개 Business Communication Data Design Hardware Development Management Product Software Development 채용공고 지원안내 합류절차","","","","","","","","","","","","active","2026-04-14T12:52:38.888490","2026-04-04T03:16:32.358582","True"
"84","110","직방","직방 채용","https://career.zigbang.com/jobs/management","직무소개 Business Communication Data Design Hardware Development Management Product Software Development 채용공고 지원안내 합류절차","","","","","","","","","","","","active","2026-04-14T12:52:51.314155","2026-04-04T03:16:36.870880","True"
"85","110","직방","직방 채용","https://career.zigbang.com/jobs/hardware-development","직무소개 Business Communication Data Design Hardware Development Management Product Software Development 채용공고 지원안내 합류절차","","","","","","","","","","","","active","2026-04-14T12:53:21.882067","2026-04-04T03:16:41.811937","True"
"86","110","직방","직방 채용","https://career.zigbang.com/jobs/data","직무소개 Business Communication Data Design Hardware Development Management Product Software Development 채용공고 지원안내 합류절차","","","","","","","","","","","","active","2026-04-14T12:53:36.278421","2026-04-04T03:16:47.390329","True"
"87","110","직방","직방 채용","https://career.zigbang.com/jobs/design","직무소개 Business Communication Data Design Hardware Development Management Product Software Development 채용공고 지원안내 합류절차","","","","","","","","","","","","active","2026-04-14T12:53:07.249563","2026-04-04T03:16:50.410314","True"
"88","110","직방","직방 채용","https://career.zigbang.com/jobs/communication","직무소개 Business Communication Data Design Hardware Development Management Product Software Development 채용공고 지원안내 합류절차","","","","","","","","","","","","active","2026-04-14T12:53:51.932716","2026-04-04T03:16:53.542829","True"
"89","110","직방","직방 채용","https://career.zigbang.com/jobs/business","직무소개 Business Communication Data Design Hardware Development Management Product Software Development 채용공고 지원안내 합류절차","","","","","","","","","","","","active","2026-04-14T12:50:39.317346","2026-04-04T03:16:56.880580","True"
"90","122","당근마켓","Trust & Safety Manager | 중고거래","https://about.daangn.com/jobs/6685198003","Trust & Safety Manager | 중고거래 당근 정규직 경력 영입정보 지원하기 중고거래실을 소개해요 중고거래실은 한국 1등 중고거래 서비스를 만드는 팀으로, 이웃 간의 거래를 따뜻하면서도 편리하게 경험할 수 있게 해요. 우리는 단순히 기능을 개발하는 데 그치지 않고, 사용자의 문제를 깊이 이해하고 기술적 도전을 통해 새로운 해결책을 만들어내요. 또한 데이터 기반 실험과 빠른 검증을 통해 서비스를 발전시키며, 한국을 넘어 캐나다, 미국, 일본 등 수천만 명의 유저에게 신뢰할 수 있는 중고거래 경험을 제공해요. 이런 일을 해요 중고거래 플랫폼, 신규 기능을 위한 정책을 수립하고 운영 대응 체계를 마련해요 운영 데이터를 분석해 문제 패턴을 찾고, 서비스 개선과 정책 고도화를 제안하고 적용해요 사기, 전문 판매업자, 가품 등 리스크 이슈에 대해 관련 부서와 협업해 대응해요 팀의 전략과 상황에 맞춰 운영 우선순위를 관리하고 핵심 이슈를 선제적으로 대응해요 이런 분을 찾고 있어요 서비스 리스크를 사전에 파악하고, 데이터를 기반으로 문제를 분석해 선제적으로 대응할 수 있는 분 운영 매니저로서 5년 이상의 경험을 바탕으로, 프로덕트팀과 함께 서비스를 운영·관리하며 성장시켜보신 분 다양한 조직(운영, CS, 프로덕트, PR, GR 등)과 원활히 협업하며 합의를 이끌어낼 수 있는 분 반복적이고 비효율적인 과정을 발견했을 때, 자동화나 프로세스 개선을 통해 효율을 만들어내는 분 이런 분이면 더 좋아요! 스스로 문제를 정의, 기획하고 진행하는 데 즐거움을 느끼는 분 플랫폼 서비스의 고객 운영 정책을 수립하거나 운영 리스크 대응 경험이 있으신 분 데이터 추출, 분석 및 해석 능력을 가지신 분 고객의 문제에 공감하며 해결하는 데 희열을 느끼고 문제의 크기와 중요성을 객관적으로 볼 수 있는 분 참고해 주세요 정규직 채용의 경우 3개월의 수습기간이 있어요 ‘장애인고용촉진 및 직업재활법’, ‘국가유공자 등 예우 및 지원에 관한 법률’에 따라 장애인 및 보훈대상자는 채용 전형 시 우대하고 있어요 직무 인터뷰에서 수행하신 사전 과제에 대해 질의응답하는 시간이 있어요 이렇게 합류해요 1. 서류 전형 → 2. 화상 인터뷰 → 3. 직무 인터뷰 (과제) → 4. 컬처핏 인터뷰 및 레퍼런스 체크 → 5. 처우협의 → 6. 최종 합격 및 입사 👉 당근 합류 여정 가이드 바로가기 (🔗) 지원하기 자주묻는질문 목록으로 돌아가기","","하고 있어요 직무 인터뷰에서 수행하신 사전 과제에 대해 질의응답하는 시간이 있어요 이렇게 합류해요 1. 서류 전형 → 2. 화상 인터뷰 → 3. 직무 인터뷰 (과제) → 4. 컬처핏 인터뷰 및 레퍼런스 체크 → 5. 처우협의 → 6. 최종 합격 및 입사 👉 당근 합류 여정 가이드 바로가기 (🔗) 지원하기 자주묻는질문 목록으로 돌아가기","","","","","정규직","","","","","active","2026-04-04T03:17:39.608619","2026-04-04T03:17:39.608642","True"
"91","122","당근마켓","Software Engineer, iOS","https://about.daangn.com/jobs/5282170003","Software Engineer, iOS 당근 정규직 경력 영입정보 지원하기 iOS 엔지니어를 소개해요 당근은 소속 팀과 공통된 직군끼리 묶인 챕터로 구성되어 있어요. iOS 엔지니어들은 모두 소속팀 뿐만 아니라 iOS 챕터에 소속되어 활동하게 돼요. iOS 챕터에서는 완성도 높은 앱을 만드는 것을 가장 중요하게 생각해요. 당근 서비스를 사용하는 분들이 제일 먼저 마주하게 되는 곳이기 때문에 안정성과 완성도 높은 서비스를 제공하도록 큰 책임감을 가지고 일을 하고 있어요. iOS 챕터는 회사의 성장 뿐만 아니라 개인의 성장도 중요하게 생각해요. 엔지니어링 데이, 코드 리뷰, 테크톡 등의 활동을 통해 서로의 기술과 도메인 지식을 공유하고 개선방안을 같이 고민해요. 이 외에도 챕터 내 스터디, 세미나 등 iOS 개발에 대한 이야기를 하는 자리를 만들어 더 나은 개발문화와 개인의 성장을 돕는 시간을 가지고 있어요. 이런 일을 해요 [중고거래실] 중고거래실은 한국과 글로벌의 유저를 타겟으로 지역 기반 중고거래 서비스를 만들고 있어요. 전 세계에서 천 만 명이 넘는 제품을 관리하며 유저의 문제를 해결하거나 회사의 목표를 달성할 수 있는 프로덕트를 만들어요. 최고의 중고거래 사용자 경험을 위해 데이터를 바탕으로 다양한 아이디어를 실험하며 서비스를 발전시키는 일을 해요. [모바일실] 당근마켓이 최고의 로컬 앱이 될 수 있도록, 신규 서비스나 사내 공통 서비스들을 운영하고 있어요. 다양한 서비스를 쉽게 개발할 수 있도록 지원하며, 개발 환경 개선을 통해 생산성을 높이기 위해 노력해요. 슈퍼앱을 만들기 위해 지속·확장 가능한 구조를 설계하고, 다양한 기술적 과제에 도전해 나가요. [공통] iOS 챕터에 소속되어 ‘엔지니어링 데이’, ‘테크톡’ 등 활동에 참여해요 그 외에 당근 서비스에 기여하는 다양한 기능들을 개발해요 이런 분을 찾고 있어요 iOS 개발 경력 3년 이상에 준하는 실력을 보유하신 분 새로운 기능을 설계하고 구현하는 것을 즐기시는 분 기술 중심 보다는 사용자 중심의 사고를 가지고 제품을 만들어 갈 수 있으신 분 자기 주도적으로 일하는 걸 즐기고, 커뮤니케이션이 원활하신 분 Testable 한 코드 작업에 익숙하신 분 이런 분이면 더 좋아요! 대규모 서비스를 개발해 보신 분 iOS 와 관련된 오픈 소스에 기여해 보셨거나, 개인 오픈소스 프로젝트를 보유하신 분 글로벌 서비스 경험 있으신 분 DI(Dependency Injection)을 활용한 코드 설계 경험이 있는 분 참고해 주세요 정규직 채용의 경우 3개월의 수습기간이 있어요 ‘장애인고용촉진 및 직업재활법’, ‘국가유공자 등 예우 및 지원에 관한 법률’에 따라 장애인 및 보훈대상자는 채용 전형 시 우대하고 있어요 현재 당근이 사용 중인 기술들이에요 Modular Architecture SwiftUI , KarrotListKit , KarrotCodableKit , RxSwift , FlexLayout Tuist , GitHub Actions , Firebase , fastlane GitHub , Slack , Linear , Figma 새로운 기술을 찾거나 시도하는 것을 적극 격려하고 응원해요 이렇게 합류해요 1. 서류 전형 → 2. 과제 전형 → 3. 직무 인터뷰 → 4. 컬처핏 인터뷰 및 레퍼런스 체크 → 5. 처우협의 → 6. 최종 합격 및 입사 👉 당근 합류 여정 가이드 바로가기 (🔗) 지원하기 자주묻는질문 목록으로 돌아가기","","하고 있어요 현재 당근이 사용 중인 기술들이에요 Modular Architecture SwiftUI , KarrotListKit , KarrotCodableKit , RxSwift , FlexLayout Tuist , GitHub Actions , Firebase , fastlane GitHub , Slack , Linear , Figma 새로운 기술을 찾거나 시도하는 것을 적극 격려하고 응원해요 이렇게 합류해요 1. 서류 전형 → 2. 과제 전형 → 3. 직무 인터뷰 → 4. 컬처핏 인터뷰 및 레퍼런스 체크 → 5. 처우협의 → 6. 최종 합격 및 입사 👉 당근 합류 여정 가이드 바로가기 (🔗) 지원하기 자주묻는질문 목록으로 돌아가기","","컨퍼런스참가비","","","정규직","","","","","active","2026-04-14T12:54:02.280893","2026-04-04T03:17:48.972162","True"
"92","122","당근마켓","Software Engineer, Machine Learning | 검색 (품질)","https://about.daangn.com/jobs/6610455003","Software Engineer, Machine Learning | 검색 (품질) 당근 정규직 경력 영입정보 지원하기 검색품질팀을 소개해요 검색 품질팀은 당근의 검색 경험을 혁신하기 위해 머신러닝과 자연어 처리 기술을 기반으로 사용자 맞춤형 결과를 제공하는 데 집중하고 있어요. 동네 생활의 다양한 맥락을 이해하고, 개인화된 경험을 통해 유저가 빠르고 정확하게 원하는 정보를 찾을 수 있도록 돕는 것이 우리의 미션이에요. 검색 품질 고도화를 위해 팀은 Search Vertical, Search Fleamarket, Search Place 세 파트로 구성되어 있어요. 각 파트의 ML 엔지니어들은 중고거래, 동네생활, 지도 등 다양한 도메인에 특화된 모델을 연구·개발하고 있어요. 🥕 정답이 없는 세계에서 최적의 균형점을 향해 간다는 건 🥕 당근의 성공을 견인하는 첫 화면의 비밀 🥕 대규모 트래픽 위에서 스카이넷은 어떻게 두 달 만에 탄생했을까? 이런 일을 해요 사용자의 검색 의도를 파악하여 맞춤형 키워드, 컬렉션, 상품 등을 추천해요 자연어처리, 그래프 기반 모델, 개인화 알고리즘을 활용해 검색 품질을 향상시켜요 모델의 실시간 서빙을 위한 경량화 및 아키텍처를 설계해요 컬렉션 랭킹, 지식그래프, 키워드 제안 등의 모델 개선 실험과 운영을 담당해요 이런 분을 찾고 있어요 머신러닝 기반 추천/검색/랭킹 시스템을 실제로 설계·운영해본 경험이 있는 분 자연어처리(NLP) 또는 그래프 기반 추천 시스템 개발 경험이 있는 분 Python 기반의 머신러닝 훈련 파이프라인 구축 경험이 있는 분 대용량 데이터를 활용한 실험 설계 및 A/B 테스트 경험이 있는 분 모델 서빙과 성능 최적화를 고려한 시스템 구현 경험이 있는 분 이런 분이면 더 좋아요! 검색어 자동완성, 연관검색어, 오타교정 등 검색어 제안에 대한 모델링 경험이 있는 분 실시간으로 딥러닝 모델 추론을 활용한 서빙 경험이 있는 분 ML 엔지니어 팀에서 오너십을 갖고 특정 도메인(랭킹/추천 등)을 리딩해본 경험이 있는 분 참고해 주세요 역량에 따라 온보딩 내용과 담당 영역은 조정될 수 있어요 정규직 채용의 경우 3개월의 수습기간이 있어요 ‘장애인고용촉진 및 직업재활법’, ‘국가유공자 등 예우 및 지원에 관한 법률’에 따라 장애인 및 보훈대상자는 채용 전형 시 우대하고 있어요 이렇게 합류해요 1. 서류 전형 → 2. 화상 면접 → 3. 직무 면접 → 4. 컬처핏 면접 → 5. 최종 합격 → 6. 최종 합격 및 입사 👉 당근 합류 여정 가이드 바로가기 (🔗) 지원하기 자주묻는질문 목록으로 돌아가기","","Software Engineer, Machine Learning | 검색 (품질) 당근 정규직 경력 영입정보 지원하기 검색품질팀을 소개해요 검색 품질팀은 당근의 검색 경험을 혁신하기 위해 머신러닝과 자연어 처리 기술을 기반으로 사용자 맞춤형 결과를 제공하는 데 집중하고 있어요. 동네 생활의 다양한 맥락을 이해하고, 개인화된 경험을 통해 유저가 빠르고 정확하게 원하는 정보를 찾을 수 있도록 돕는 것이 우리의 미션이에요. 검색 품질 고도화를 위해 팀은 Search Vertical, Search Fleamarket, Search Place 세 파트로 구성되어 있어요. 각 파트의 ML 엔지니어들은 중고거래, 동네생활, 지도 등 다양한 도메인에 특화된 모델을 연구·개발하고 있어요. 🥕 정답이 없는 세계에서 최적의 균형점을 향해 간다는 건 🥕 당근의 성공을 견인하는 첫 화면의 비밀 🥕 대규모 트래픽 위에서 스카이넷은 어떻게 두 달 만에 탄생했을까? 이런 일을 해요 사용자의 검색 의도를 파악하여 맞춤형 키워드, 컬렉션, 상품 등을 추천해요 자연어처리, 그래프 기반 모델, 개인화 알고리즘을 활용해 검색 품질을 향상시켜요 모델의 실시간 서빙을 위한 경량화 및 아키텍처를 설계해요 컬렉션 랭킹, 지식그래프, 키워드 제안 등의 모델 개선 실험과 운영을 담당해요 이런 분을 찾고 있어요 머신러닝 기반 추천/검색/랭킹 시스템을 실제로 설계·운영해본 경험이 있는 분 자연어처리(NLP) 또는 그래프 기반 추천 시스템 개발 경험이 있는 분 Python 기반의 머신러닝 훈련 파이프라인 구축 경험이 있는 분 대용량 데이터를 활용한 실험 설계 및 A/B 테스트 경험이 있는 분 모델 서빙과 성능 최적화를 고려한 시스템 구현 경험이 있는 분 이런 분이면 더 좋아요! 검색어 자동완성, 연관검색어, 오타교정 등 검색어 제안에 대한 모델링 경험이 있는 분 실시간으로 딥러닝 모델 추론을 활용한 서빙 경험이 있는 분 ML 엔지니어 팀에서 오너십을 갖고 특정 도메인(랭킹/추천 등)을 리딩해본 경험이 있는 분 참고해 주세요 역량에 따라 온보딩 내용과 담당 영역은 조정될 수 있어요 정규직 채용의 경우 3개월의 수습기간이 있어요 ‘장애인고용촉진 및 직업재활법’, ‘국가유공자 등 예우 및 지원에 관한 법률’에 따라 장애인 및 보훈대상자는 채용 전형 시 우대하고 있어요 이렇게 합류해요 1. 서류 전형 → 2. 화상 면접 → 3. 직무 면접 → 4. 컬처핏 면접 → 5. 최종 합격 → 6. 최종 합격 및 입사 👉 당근 합류 여정 가이드 바로가기 (🔗) 지원하기 자주묻는질문 목록으로 돌아가기","","","","","정규직","","","","","active","2026-04-20T03:09:00.247562","2026-04-04T03:17:59.651776","True"
"93","122","당근마켓","Software Engineer, Machine Learning | ML 인프라","https://about.daangn.com/jobs/7498021003","Software Engineer, Machine Learning | ML 인프라 당근 정규직 경력 영입정보 지원하기 ML인프라팀을 소개해요 ""더 단순하게, 더 빠르게, 하지만 안정적으로"" 당근은 수많은 프로덕트들이 한데 모여있다보니 마치 하나의 스타트업 생태계처럼 각 프로덕트들마다의 Stage와 고민이 달라요. 당근 ML 인프라팀은 이 모든 걸 연결하는 복잡성을 각 제품팀이나 개발자가 직접 감당하지 않게 하려고 해요. 당근의 모든 팀들이 ML과 LLM 기반 서비스를 만들 때, “이렇게까지 간단해도 되나?”라는 와우 포인트를 설계해요. 기술의 복잡함을 플랫폼이 대신 책임지게 만들고, 구성원들은 사용자 문제와 제품 아이디어에 더 집중할 수 있도록 해요. 이를 위해 자체 개발한 LLM 라우터, 대규모 학습 파이프라인, 그리고 실험부터 배포까지의 흐름을 연결하는 ML 메타데이터 시스템을 만들고 있어요. 🥕 당근의 GenAI 플랫폼 🥕 서버리스 ML 훈련 인프라 구축하기: Vertex AI Pipelines & TFX 🥕 ML Infrastructure with GCP | 2025 당근 GCP 밋업 이런 일을 해요 사내 프롬프트 스튜디오와 에이전트 시스템을 지원하는 LLM 라우터를 개발하고 있어요. 단순한 프록시를 넘어서, 다양한 LLM의 기능과 특성을 자연스럽게 활용할 수 있도록 추상화하고 확장하고 있어요 ML 메타데이터 관리 및 조회 시스템을 자체 개발하고 있어요. 단순한 관리 도구를 넘어서 AI 에이전트 기반으로 실험과 운영을 분석하고, 자동화하는 방향으로 발전시키고 있어요 여러 학습 프레임워크를 위한 머신러닝 모델 배포 시스템을 운영/개발하고 있어요. 사내 배포 시스템(Kontrol)과 긴밀하게 연동해, 누구나 쉽고 안정적으로 모델을 서빙하고 관리할 수 있는 환경을 만들고 있어요 그 외에도 당근에서 머신러닝과 AI를 더 잘 활용할 수 있다면, 문제의 크기나 형태에 관계없이 필요한 모든 것을 만들어가고 있어요 이런 분과 함께하고 싶어요 당근에서 다루는 문제들은 뚜렷한 정답이나 레퍼런스가 없는 경우가 많아요. 새로운 문제를 정의하고 해결하는 과정을 즐기시는 분과 함께하고 싶어요 머신러닝과 AI를 통해 더 나은 당근 서비스에 기여하고 싶은 열정적인 분을 찾고 있어요. 기술 자체보다, 실제 문제를 해결하고 사용자 가치를 만드는 데에 관심이 있는 분이면 좋아요 파이썬을 주요 언어로 사용하고 있어요. 파이썬 기반의 개발 환경에 익숙하거나, 사용하는 데에 부담이 없는 분이면 잘 맞아요 특정 도메인 경험보다 문제 해결 능력을 더 중요하게 생각해요. 이미 다른 영역에서 복잡한 문제를 잘 풀어오신 분이라면, ML이나 LLM이라는 새로운 분야에서도 빠르게 성장하실 수 있다고 믿어요 백엔드 시스템이나 머신러닝 시스템을 개발해본 경험이 있다면, 팀에 더 빠르게 적응하실 수 있어요 실무에서 약 3년 이상 문제를 풀어오신 분을 기대하고 있어요 (미드 레벨) 실무에서 약 5년 이상 문제를 풀어오신 분을 기대하고 있어요 (시니어 레벨) 이런 분이면 더 좋아요 당근 ML 인프라팀은 단순히 인프라를 운영하는 팀이라기보다, 당근의 AI 개발 방식 자체를 새롭게 설계하는 팀에 가까워요 그래서 이 팀에서는 문제를 발견하면 우선 임시방편으로 덮기보다 구조적으로 풀고 싶어 하고, 반복되는 불편을 보면 개인의 노하우로 남기기보다 공통 시스템으로 만들고 싶어 하며, 복잡한 기술을 다루더라도 결국 다른 팀에게는 더 단순한 경험으로 전달하고 싶어 하는 분과 잘 맞아요 조금 더 구체적으로는 이런 분이면 좋아요. 작더라도 실제 서비스 운영 과정에서 생기는 현실적인 문제를 직접 다뤄본 분 확장성, 안정성, 성능 같은 주제를 말로만이 아니라 실제 구조 개선으로 연결해본 분 여러 팀이 함께 쓸 플랫폼, 공통 도구, 내부 시스템을 고민해본 분 ML 시스템(서빙, 학습 파이프라인 등)이나 LLM 기반 서비스의 흐름을 이해하고 있거나, 빠르게 배우며 실제 문제에 적용해본 분 정답이 없는 환경에서 오히려 더 재미를 느끼고, 팀과 함께 기준을 만들어가는 분 이 팀에서의 일은 종종 눈에 잘 보이지 않을 수 있어요. 하지만 우리가 만든 구조 하나가 다른 팀의 속도를 바꾸고, 더 많은 AI 서비스를 가능하게 만들어요. 겉으로 드러나는 기능보다, 그 기능이 가능해지는 기반을 만드는 일에 보람을 느끼는 분이라면 잘 맞을 거예요 참고해 주세요 정규직 채용의 경우 3개월의 수습기간이 있어요 장애인고용촉진 및 직업재활법’, ‘국가유공자 등 예우 및 지원에 관한 법률’에 따라 장애인 및 보훈대상자는 채용 전형 시 우대하고 있어요 이렇게 합류해요 1. 서류 전형 → 2. 화상 인터뷰 → 3. 직무 인터뷰→ 4. 컬처핏 인터뷰 및 레퍼런스 체크 → 5. 처우협의 → 6. 최종 합격 및 입사 👉 당근 합류 여정 가이드 바로가기 (🔗) 지원하기 자주묻는질문 목록으로 돌아가기","","하고 있어요 이렇게 합류해요 1. 서류 전형 → 2. 화상 인터뷰 → 3. 직무 인터뷰→ 4. 컬처핏 인터뷰 및 레퍼런스 체크 → 5. 처우협의 → 6. 최종 합격 및 입사 👉 당근 합류 여정 가이드 바로가기 (🔗) 지원하기 자주묻는질문 목록으로 돌아가기","","","","","정규직","","","","","active","2026-04-04T03:18:09.926127","2026-04-04T03:18:09.926153","True"
"94","122","당근마켓","Software Engineer, Machine Learning","https://about.daangn.com/jobs/5248527003","Software Engineer, Machine Learning 당근 정규직 경력/신입 영입정보 지원하기 Software Engineer, Machine Learning을 소개해요 당근의 Software Engineer, Machine Learning은 머신러닝을 활용해서 당근의 다양한 서비스들을 고도화하고 당근 사용자들의 만족을 끌어올려요. 더 나아가 동네 주민들의 연결을 강화하여 따뜻한 지역 사회를 만드는 것에 기여해요. 홈 피드, 상세 페이지 등에 개인화된 흥미로운 콘텐츠를 추천하기도 하고 누구나 쉽고 간편하게 광고를 통해서 효율적으로 동네 주민들에게 홍보할 수 있도록 돕기도 해요. 이런 일을 해요 [피드 품질팀] 피드에서의 사용자 Engagement, 다양하고 우연한 발견을 촉진하기 위한 ML 모델들을 개발하고 개선해요 데이터를 분석하고 분석된 데이터에 기반해 가설을 세워 이론적 근거에 기반한 개선점을 찾아요. 온라인 실험으로 검증하고 실질적인 서비스 임팩트를 만들어요 유저와 컨텐츠를 깊게 이해하기 위한 모델들을 개발하고 개선해요 LLM을 다양한 방식으로 활용하여 개인화 추천을 개선해요 [광고추천팀] 광고 추천과 랭킹을 위한 CTR, CVR 예측 모델과 자동 입찰, 타겟팅, 페이싱 모델을 개발하고 개선해요 사용자 행동 데이터와 광고 성과를 분석하고, 데이터 기반의 가설을 세워 A/B 테스트로 검증하며 광고 효율과 사용자 경험을 동시에 향상시켜요 개인화를 고려한 후보 광고 추출과 광고 랭킹 모델을 통해 사용자에게 의미 있는 광고를 추천해요 LLM과 최신 AI 기술을 활용하여 광고 타겟팅의 정확도를 높이고, 사용자와 광고 콘텐츠를 더 깊이 이해해요 🥕 정답이 없는 세계에서 최적의 균형점을 향해 간다는 건 🥕 당근의 성공을 견인하는 첫 화면의 비밀 🥕 대규모 트래픽 위에서 스카이넷은 어떻게 두 달 만에 탄생했을까? 이런 분을 찾고 있어요 머신러닝 이론과 기본기가 탄탄하신 분 딥러닝에 대한 깊은 이해가 있으신 분 (Recommendation, NLP, Graph Neural Net, Reinforcement Learning, Vision 중 하나 이상) 효율적인 코드 아키텍처를 구상하고 가독성 뛰어난 코드 작성에 경험이 있으신 분 이런 분이면 더 좋아요! 데이터 드리븐 환경에서 머신러닝을 통해 사용자 서비스에 실질적인 임팩트를 만들어 보신 분 최신 머신러닝, 딥러닝 트렌드에 관심이 있고 관련 논문 읽는 것을 즐기시는 분 ML 기반 추천 시스템, 광고 시스템에 경험이 있으신 분 머신러닝 모델 및 시스템을 large-scale 프로덕션 환경에 구축하고 사용해 보신 분 BigQuery, Cloud Dataflow, Kubeflow, TFX, TF Serving에 경험이 있으신 분 참고해 주세요 정규직 채용의 경우 3개월의 수습기간이 있어요 ‘장애인고용촉진 및 직업재활법’, ‘국가유공자 등 예우 및 지원에 관한 법률’에 따라 장애인 및 보훈대상자는 채용 전형 시 우대하고 있어요 화상 면접에서 라이브 코딩 테스트와 간단한 ML 기초 지식 테스트가 진행될 예정이에요. 면접 전 원활한 테스트를 위한 PC 환경 조성을 부탁드리며, 지원자분께 편하고 익숙한 장비를 사용하시길 권장드려요 직무 면접에서는 ML 모델 설계를 주제로 면접이 진행될 예정이에요 이렇게 합류해요 1. 서류 전형 → 2. 화상 인터뷰 → 3. 직무 인터뷰 → 4. 컬처핏 인터뷰 및 레퍼런스 체크 → 5. 처우협의 → 6. 최종 합격 및 입사 👉 당근 합류 여정 가이드 바로가기 🔗 지원하기 자주묻는질문 목록으로 돌아가기","","하고 있어요 화상 면접에서 라이브 코딩 테스트와 간단한 ML 기초 지식 테스트가 진행될 예정이에요. 면접 전 원활한 테스트를 위한 PC 환경 조성을 부탁드리며, 지원자분께 편하고 익숙한 장비를 사용하시길 권장드려요 직무 면접에서는 ML 모델 설계를 주제로 면접이 진행될 예정이에요 이렇게 합류해요 1. 서류 전형 → 2. 화상 인터뷰 → 3. 직무 인터뷰 → 4. 컬처핏 인터뷰 및 레퍼런스 체크 → 5. 처우협의 → 6. 최종 합격 및 입사 👉 당근 합류 여정 가이드 바로가기 🔗 지원하기 자주묻는질문 목록으로 돌아가기","","","","","정규직","","","","","active","2026-04-20T03:09:11.421988","2026-04-04T03:18:17.153351","True"
"95","122","당근마켓","Software Engineer, Frontend | 커뮤니티 (모임)","https://about.daangn.com/jobs/7689088003","를 해내기 위해 다른 개발자뿐만 아니라 PM, 디자이너 등 다양한 팀원들과 함께 소통해요 사용자의 목소리를 기반으로 빠른 개발 주기를 가지고, 그 과정에서 상황에 맞게 적절한 기술을 결정해요 프로덕트를 지탱하는 플랫폼(컴포넌트, 프레임워크 등)을 개발해요 프로덕트를 안정적으로 성장시키기 위한 각종 시스템 이슈를 발견하고 해결해요 이런 분과 함께하고 싶어요 개발 경험 3년 이상 또는 이에 준하는 실력을 가지고 계신 분 비즈니스 상황에 맞는 최적의 기술/아키텍처를 고민하고 선택 경험이 있으신 분 서로 다른 직군과 의사소통 및 협업을 통해 문제를 해결하는 것에 능숙하신 분 사용자 중심으로 사고하며, 사용자 경험을 우선으로 프로덕트를 개발하시는 분 자기주도성, 적극적인 커뮤니케이션, 빠른 실행력이 있으신 분 React 등 SPA 기반 프레임워크 사용이 능숙하신 분 SSR 기반 웹 서비스의 개발 경험이 있으신 분 HTML, CSS, JavaScript, TypeScript에 이해가 깊으신 분 이런 분이면 더 좋아요 모바일 앱 내 웹뷰 개발 경험이 있으신 분 프론트엔드 개발부터 배포까지의 경험이 있으신 분 AI를 활용한 데이터 분석, 자동화 경험이 있으신 분 A/B 테스트 설계 및 분석 결과를 바탕으로 한 프로덕트 개선 경험이 있으신 분 퍼포먼스 및 에러 모니터링 등 중요한 지표들을 측정하고 개선 경험이 있으신 분 Webpack, Vite 등 번들러 사용에 능숙하신 분 이력서나 포트폴리오에 있으면 좋은 내용이에요 프로젝트별로 어떤 부분에 어느 정도 기여를 했는지 명확히 있으면 좋아요 사용자 문제나 팀의 비효율적인 요소를 판단하고 개선하기 위해 노력했던 경험과 그 결과가 같이 있으면 좋아요 특정 기술/아키텍처를 비판적으로 검토 후 적절히 도입한 사례가 있다면 알려주세요 모임팀이 사용하는 기술이에요 React, TypeScript Tanstack Query vanilla-extract Yarn berry Vite fastify와 react-dom/server 기반의 Streaming SSR 당근에서는 자율과 책임의 문화를 중요하게 생각해요. 스스로 상황에 맞게 필요하거나 도입하고 싶은 기술이 있다면 언제든지 적용할 수 있어요. 참고해 주세요 정규직 채용의 경우 3개월의 수습기간이 있어요 '장애인고용촉진 및 직업재활법', '국가유공자 등 예우 및 지원에 관한 법률'에 따라 장애인 및 보훈대상자는 채용 전형 시 우대하고 있어요 이렇게 합류해요 1. 서류 전형 → 2. 화상 인터뷰 → 3. 직무 인터뷰 → 4. 컬처핏 인터뷰 및 레퍼런스 체크 → 5. 처우협의 → 6. 최종 합격 및 입사 👉 당근 합류 여정 가이드 바로가기(🔗) 지원하기 자주묻는질문 목록으로 돌아가기","","하고 있어요 이렇게 합류해요 1. 서류 전형 → 2. 화상 인터뷰 → 3. 직무 인터뷰 → 4. 컬처핏 인터뷰 및 레퍼런스 체크 → 5. 처우협의 → 6. 최종 합격 및 입사 👉 당근 합류 여정 가이드 바로가기(🔗) 지원하기 자주묻는질문 목록으로 돌아가기","","","","","정규직","","","","","active","2026-04-20T03:09:14.766784","2026-04-04T03:18:21.767861","True"
"96","122","당근마켓","Software Engineer, Frontend | 커머스","https://about.daangn.com/jobs/6692173003","Software Engineer, Frontend | 커머스 당근 정규직 경력 영입정보 지원하기 커머스팀을 소개해요 커머스팀은 당근 안에서 새로운 쇼핑 경험을 만들어가는 조직이에요. 우리는 단순히 온라인 쇼핑몰을 만드는 것이 아니라, 당근만의 방식으로 로컬 커머스를 재정의하고 있어요. 2,000만 당근 사용자들이 이미 익숙한 환경에서 자연스럽게 쇼핑을 즐길 수 있도록, 중고거래, 커뮤니티, 동네지도 등 당근의 다양한 서비스들과 유기적으로 연결되는 커머스 플랫폼을 구축하고 있어요. 우리가 만들어갈 커머스는 지역 기반이라는 당근의 DNA를 그대로 이어받아요. 동네 이웃들과 함께하는 공동구매, 우리 동네만의 특별한 로컬 MD 등 기존 이커머스에서는 경험할 수 없었던 새로운 가치를 만들어낼 거예요. 이웃과의 연결이 쇼핑을 더 특별하게 만드는, 그런 커머스를 꿈꾸고 있어요. 커머스팀은 초기 스타트업처럼 일해요. 모두가 PM이 되고, 모두가 리서처가 되어 고객의 문제에 집착해요. 직군의 경계를 넘어 누구나 아이디어를 제안하고, 직접 실험하며, 그 결과로부터 배워나가요. 우리에게는 빠른 실행력과 실패로부터 배우는 자세가 무엇보다 중요해요. 이런 일을 해요 지금은 상품 관리, 결제, 배송, 주문, 기획전 등 커머스의 기본 기능을 탄탄하게 구축하는 데 집중하고 있어요. 하지만 머지않아 당근만의 색깔을 입힌 혁신적인 커머스 기능들을 하나씩 추가해나갈 거예요. 이 과정에서 여러분의 아이디어와 실행력이 서비스의 방향을 결정짓는 중요한 역할을 하게 될 거예요. 매력적인 커머스 사용자 경험을 만들어요 상품 탐색부터 구매 완료까지 직관적인 인터페이스를 설계하고 구현해요 웹뷰와 웹사이트에서 일관된 쇼핑 경험을 제공하며, 이벤트/기획전 페이지를 빠르게 배포해요 빠르게 실험하고 학습해요 전통적인 커머스 기능을 넘어 다양한 실험적 기능들을 빠르게 구현하고 테스트해요 A/B 테스트를 일상적으로 진행하며, 데이터 기반으로 사용자 경험을 지속적으로 개선해요 판매자를 위한 효율적인 관리 도구를 개발해요 상품 등록, 주문/재고 관리, 정산 등 판매자 페이지를 구축해요 데이터 시각화로 판매 성과를 한눈에 볼 수 있는 대시보드를 제공해요 AI를 활용해 개발 속도를 극대화해요 Claude Code, Cursor 등으로 UI 컴포넌트를 빠르게 구현하고 프로토타입을 제작해요 반복 작업은 AI로 자동화하고, 확보한 시간을 사용자 경험 혁신에 투자해요 이런 분과 함께 하고 싶어요 4년 이상의 프론트엔드 개발 경험을 보유하신 분 고객 문제 해결에 집착하며, 오너십을 가지고 끝까지 완수하시는 분 새로운 기술 스택에 빠르게 적응하며, 빠른 실행과 확장성을 균형있게 고려하시는 분 다양한 직군과 열린 마음으로 협업하며, 실패로부터 배우는 자세를 가지신 분 비즈니스 의사결정 전이라도 엔지니어링 관점에서 자율적으로 판단하고 실행할 수 있는 분 AI 도구(Claude Code, Cursor 등)를 적극 활용해 생산성을 높이고 비즈니스 임팩트에 집중하시는 분 이런 분이면 더 좋아요! TypeScript, React를 활용한 개발 경험이 있으신 분 이커머스 도메인에 대한 이해와 경험이 있으신 분 복잡한 상태 관리(Recoil, Zustand 등)를 다뤄보신 분 GraphQL 기반 아키텍처를 이해하고, Relay를 활용한 개발 경험이 있으신 분 실행 환경(웹브라우저, 인앱 웹뷰 등)과 환경의 정책을 이해하고 있으신 분 참고해 주세요 정규직 채용의 경우 3개월의 수습기간이 있어요 ‘장애인고용촉진 및 직업재활법’, ‘국가유공자 등 예우 및 지원에 관한 법률’에 따라 장애인 및 보훈대상자는 채용 전형 시 우대하고 있어요 이렇게 합류해요 1. 서류 전형 → 2. 화상 인터뷰 → 3. 직무 인터뷰 → 4. 컬처핏 인터뷰 및 레퍼런스 체크 → 5. 처우협의 → 6. 최종 합격 및 입사 👉 당근 합류 여정 가이드 바로가기 (🔗) 지원하기 자주묻는질문 목록으로 돌아가기","","하고 있어요 이렇게 합류해요 1. 서류 전형 → 2. 화상 인터뷰 → 3. 직무 인터뷰 → 4. 컬처핏 인터뷰 및 레퍼런스 체크 → 5. 처우협의 → 6. 최종 합격 및 입사 👉 당근 합류 여정 가이드 바로가기 (🔗) 지원하기 자주묻는질문 목록으로 돌아가기","","","","","정규직","","","","","active","2026-04-04T03:18:29.793441","2026-04-04T03:18:29.793468","True"
"97","122","당근마켓","Software Engineer, Frontend | 알림","https://about.daangn.com/jobs/7668837003","Software Engineer, Frontend | 알림 당근 정규직 경력/신입 영입정보 지원하기 Notifications를 소개해요 Notifications 팀은 당근의 알림 경험을 만들어가는 팀이에요. 알림은 당근에서 유저를 앱 바깥에서 다시 연결할 수 있는 가장 강력한 채널이에요. 유저의 폰 잠금화면에 직접 닿는 이 접점은, MAU 2,000만 명의 행동을 바꿀 수 있는 강력한 터치포인트이기도 해요. 우리는 단순히 알림을 보내는 팀이 아니라, 유저가 당근으로 다시 돌아오고 다음 행동으로 이어지는 순간을 설계해요. 알림 경험은 푸시 한 번으로 끝나지 않아요. 푸시를 통해 채팅방이나 게시글로 바로 이어지기도 하고, 앱 안의 알림함에서 놓친 흐름을 다시 발견하기도 해요. 푸시가 행동을 만들어내는 장치라면, 알림함은 관계와 맥락을 다시 이어가는 공간이에요. 우리 팀은 이 두 경험을 함께 설계하며, 당근 안팎의 연결을 만들고 있어요. 당근에는 중고거래, 알바, 부동산, 커뮤니티 등 성장 단계가 서로 다른 15개 이상의 서비스가 함께 있어요. Notifications 팀은 이 모든 서비스 위에서, 알림이 유저에게 더 의미 있게 도달하고 자연스럽게 행동으로 이어지는 경험 전체를 만들고 있어요. 지금 우리는 기존 공식을 넘어, 새로운 실험을 통해 당근의 다음 성장 공식을 만들어가고 있어요. 작은 팀에서 엔지니어는 구현을 넘어 문제 정의, 방향 제안, 실험 설계까지 함께하며 제품의 미래를 만들어가요. 이런 일을 해요 알림함을 새롭게 만들어요. 15개 이상의 서비스에서 쌓이는 알림을 유저가 빠르게 파악하고 바로 행동으로 이어갈 수 있도록, 목록 구조, 그룹핑, 읽음/안읽음 상태, 개인화/필터링 등 알림함 지면의 프론트엔드를 설계하고 구현해요 푸시를 탭한 유저가 채팅방, 게시글, 특정 서비스 페이지 등 맥락에 맞는 화면에 빠르고 자연스럽게 도착하는 진입 경험을 구현해요 유저 세그먼트, 배너, 이벤트 플로우 등 알림을 정밀하게 타겟하고 운영하는 도구의 프론트엔드를 개발해요. 팀이 더 빠르게 실험할 수 있는 기반을 만드는 일이에요 클릭률, 전환율, 증분 효과를 측정할 수 있는 실험 환경을 함께 구축하고, A/B 테스트를 빠르게 돌릴 수 있는 구조를 만들어요 PM, 디자이너와 긴밀하게 협업하며, 기술적 가능성과 제약을 바탕으로 제품의 방향에 함께 의견을 내요 이런 분과 함께하고 싶어요 3년 이상의 프론트엔드 개발 경험이 있는 분 모바일 웹뷰 기반의 개발 경험이 있는 분 유저에게 보이는 경험의 품질에 높은 기준을 가지고 있는 분 제품의 목표와 맥락을 이해하고, 구현을 넘어 더 나은 방법을 함께 고민할 수 있는 분 빠른 실험과 반복이 필요한 환경에서 유연하게 움직일 수 있는 분 이런 분이면 더 좋아요! 푸시 알림, 인앱 메시지, 알림함 등 유저 커뮤니케이션 채널의 프론트엔드를 개발해 본 경험이 있는 분 A/B 테스트 인프라를 구축하거나, 실험 기반 개발 사이클에 익숙한 분 디자인 시스템을 활용하거나 컴포넌트 설계에 경험이 있는 분 다양한 서비스와 연동되는 공통 지면이나 플랫폼성 프론트엔드를 개발해 본 분 성능 최적화, 로딩 전략, 리스트 렌더링 등 대규모 사용자 환경에서의 FE 경험이 있는 분 참고해 주세요 정규직 채용의 경우 3개월의 수습기간이 있어요 ‘장애인고용촉진 및 직업재활법’, ‘국가유공자 등 예우 및 지원에 관한 법률’에 따라 장애인 및 보훈대상자는 채용 전형 시 우대하고 있어요 이렇게 합류해요 1. 서류 전형 → 2. 화상 인터뷰(라이브 코딩 테스트) → 3. 직무 인터뷰 → 4. 컬처핏 인터뷰 및 레퍼런스 체크 → 5. 처우협의 → 6. 최종 합격 및 입사 👉 당근 합류 여정 가이드 바로가기 (🔗) 지원하기 자주묻는질문 목록으로 돌아가기","","하고 있어요 이렇게 합류해요 1. 서류 전형 → 2. 화상 인터뷰(라이브 코딩 테스트) → 3. 직무 인터뷰 → 4. 컬처핏 인터뷰 및 레퍼런스 체크 → 5. 처우협의 → 6. 최종 합격 및 입사 👉 당근 합류 여정 가이드 바로가기 (🔗) 지원하기 자주묻는질문 목록으로 돌아가기","","","","","정규직","","","","","active","2026-04-04T03:18:39.096729","2026-04-04T03:18:39.096752","True"
"98","122","당근마켓","Software Engineer, Frontend | 당근페이","https://about.daangn.com/jobs/5919465003","Software Engineer, Frontend | 당근페이 당근페이 정규직 경력 영입정보 지원하기 Software Engineer, Frontend를 소개해요 당근페이 Software Engineer, Frontend는 최고의 사용자 경험을 제공하는 핀테크 서비스를 목표로 프론트엔드 기술을 활용하여 다양한 도전을 이어가고 있어요. 유저와 직접 만나는 UI/UX를 개발하고 당근페이를 통해 사용자들이 더 편리하고 안전한 금융 경험을 누릴 수 있게 만들어요. 프론트엔드 챕터는 하나의 팀처럼 협업하며 주기적으로 기술 토픽을 공유하고 코드 리뷰를 진행하며, 함께 성장하는 문화를 만들어가요. 우리는 서비스 내 다양한 기능과 화면을 설계하고 개발하며, 사용자에게 안전하고 직관적인 경험을 제공하는 데 집중하고 있어요. 디자인 시스템과 긴밀히 협업하며 일관된 사용자 경험을 구현하고, 이를 통해 당근페이의 가치를 더욱 확장하고 있어요. 🥕 당근페이 Frontend 개발자들이 일하는 방식을 소개해요 🥕오늘도 엔지니어가 된다고 말했다 - 당근페이 이용 내역 개편기 🥕 2026 당근페이 라이브톡 이런 일을 해요 당근페이의 웹 및 모바일 앱내 웹뷰의 UI/UX를 설계하고 개발해요 React, TypeScript 등을 활용해 네이티브앱처럼 직관적이고 반응성이 뛰어난 인터페이스를 구현해요 사용자 행동 데이터를 분석하고 성능을 최적화해요 자기주도성, 빠른 실행력을 갖고 당근페이의 성장을 함께 만들어요 사용자 임팩트를 최우선으로 생각하며 일해요. 빠르게 출시하고 고도화하며 프로덕트를 개선해요 안정적인 금융 서비스를 제공하기 위해 안정성, 보안, 접근성을 고려하며 개발해요 이런 분과 함께하고 싶어요 5년 이상의 프론트엔드 개발 경험 또는 그에 준하는 역량을 보유하신 분 React 등 SPA 프레임워크 사용에 능숙하신 분 HTML, CSS 및 JavaScript 생태계에 익숙하신 분 코드 개선과 논의에 열린 자세를 갖고 이해가 쉬운 코드 작성을 선호하시는 분 PM, 디자이너, 엔지니어 등 동료들과 명확하고 원활한 커뮤니케이션을 하시는 분 복잡한 비즈니스 요구사항을 빠르게 이해하고 구현하기 위한 적절한 기술적 의사결정을 하시는 분 단순히 주어진 업무를 해내는데 그치지 않고, 주도적으로 문제를 발견하고 분석해 문제를 해결하는 분 이런 분이면 더 좋아요! 대규모 핀테크 서비스 개발 및 운영 경험이 있으신 분 결제, 송금, 포인트 시스템 등 금융 트랜잭션 UI/UX 구현 경험이 있으신 분 하나의 서비스에 대해서 오너십을 갖고 운영해 보신 분 모바일 앱 내 웹뷰 개발 경험이 있으신 분 리팩토링, 테스트 코드 작성에 익숙하신 분 프론트엔드 아키텍처 설계 및 기술 의사결정 경험이 있으신 분 AI 도구를 활용하여 업무 생산성을 향상시키고, 이러한 개선을 주도적으로 추진해보신 분 참고해 주세요 정규직 채용의 경우 3개월의 수습기간이 있어요 ‘장애인고용촉진 및 직업재활법’, ‘국가유공자 등 예우 및 지원에 관한 법률’에 따라 장애인 및 보훈대상자는 채용 전형 시 우대하고 있어요 이렇게 합류해요 1. 서류 전형 → 2. 화상 인터뷰 → 3. 직무 인터뷰 → 4. 컬처핏 인터뷰 및 레퍼런스 체크 → 5. 처우협의 → 6. 최종 합격 및 입사 👉 당근 합류 여정 가이드 바로가기 (🔗) 지원하기 자주묻는질문 목록으로 돌아가기","","하고 있어요 이렇게 합류해요 1. 서류 전형 → 2. 화상 인터뷰 → 3. 직무 인터뷰 → 4. 컬처핏 인터뷰 및 레퍼런스 체크 → 5. 처우협의 → 6. 최종 합격 및 입사 👉 당근 합류 여정 가이드 바로가기 (🔗) 지원하기 자주묻는질문 목록으로 돌아가기","","","","","정규직","","","","","active","2026-04-20T03:09:34.235771","2026-04-04T03:18:49.337565","True"
"99","122","당근마켓","Software Engineer, Frontend | 광고","https://about.daangn.com/jobs/7484161003","Software Engineer, Frontend | 광고 당근 정규직 경력 영입정보 지원하기 광고 프론트엔드팀을 소개해요 광고실 프론트엔드 팀은 소상공인이 쉽고 간편하게 광고를 집행할 수 있는 간편모드 웹, 웹뷰 서비스와 전문적인 광고 집행을 원하는 광고주들을 위한 전문가모드 웹 서비스를 개발하고 있어요. 광고 서비스를 통해서 건전한 수익 구조 구축이라는 목표에 기여하고 수익을 넘어서 광고가 앱의 방해요소가 아닌 기능 중 하나로써 공존할 수 있도록 팀원들과 함께 고민하고 개선하고 새로운 시도들을 끊임없이 해보고 있어요. 이런 일을 해요 광고 도메인을 잘 모르는 소상공인, 자영업자 분들도 당근 앱에서 쉽고 간편하게 광고할 수 있는 웹, 웹뷰 서비스를 만들어요 전문 마케터분들이 보다 효과적으로 광고를 집행하고 성과를 관리할 수 있는 PC 웹 서비스를 만들어요 당근 앱 내의 다양한 서비스와 광고를 연결하는 공통 모듈과 API를 설계하고 관리해요 광고 서비스가 당근의 다른 서비스와 원활하게 연결될 수 있도록 돕는 패키지를 개발하고 유지보수해요 다양한 가설을 세우고 이를 검증하기 위해 함께 고민하고 실험해요. 실험 데이터에 기반해 합리적인 의사결정을 내리고 다음 액션 아이템을 도출해요. 개발 문화에 관심을 갖고 지속 가능하고 안정적인 개발 환경을 만들기 위해 노력해요 이런 분과 함께하고 싶어요 개발 경험 3년 이상 또는 이에 준하는 실력을 가지고 있으신 분 HTML, CSS 및 JavaScript, TypeScript에 능숙하신 분 React 등 SPA 기반 프레임워크를 이용해 프로젝트를 진행한 경험이 있으신 분 Zustand, Redux 등 다양한 상태관리 패턴을 사용한 경험이 있으신 분 Vite, Webpack 등 모듈 번들러에 대한 이해가 깊으신 분 자기주도성, 적극적인 커뮤니케이션, 빠른 실행력이 있으신 분 이런 분이면 더 좋아요! 개발 환경부터 전체 플로우를 주도할 수 있는 분 제품의 안정성 및 성능을 모니터링하고 개선해본 경험이 있는 분 새로운 기술에 대한 끊임없는 도전과 삽질 속에서 얻은 경험을 공유하고 함께 성장하는것을 즐기시는 분 하나의 서비스에 대해서 오너십을 갖고 운영해 보신 분 본인만의 NPM 패키지를 출판해보신 분 Next.js, Remix 등 React Framework을 이용한 SSR 프로젝트 경험이 있으신 분 Relay, GraphQL 사용 경험이 있으신 분 이력서는 이렇게 작성해주시면 좋아요 단순한 기술 나열보다는 문제 해결과정과 성장을 보고싶어요 기술이나 도구의 선택에 있어서 왜 그런 판단을 했는지 궁금해요 병목현상을 해결한 경험이 있으면 적어주세요 데이터에 기반한 의사결정을 통해 유의미한 성과를 낸 경험이 있다면 들려주세요 참고해 주세요 정규직 채용의 경우 3개월의 수습기간이 있어요 ‘장애인고용촉진 및 직업재활법’, ‘국가유공자 등 예우 및 지원에 관한 법률’에 따라 장애인 및 보훈대상자는 채용 전형 시 우대하고 있어요 이렇게 합류해요 1. 서류 전형 → 2. 화상 인터뷰 → 3. 직무 인터뷰 → 4. 컬처핏 인터뷰 및 레퍼런스 체크 → 5. 처우협의 → 6. 최종 합격 및 입사 👉 당근 합류 여정 가이드 바로가기 (🔗) 지원하기 자주묻는질문 목록으로 돌아가기","","하고 있어요 이렇게 합류해요 1. 서류 전형 → 2. 화상 인터뷰 → 3. 직무 인터뷰 → 4. 컬처핏 인터뷰 및 레퍼런스 체크 → 5. 처우협의 → 6. 최종 합격 및 입사 👉 당근 합류 여정 가이드 바로가기 (🔗) 지원하기 자주묻는질문 목록으로 돌아가기","","","","","정규직","","","","","active","2026-04-04T03:19:00.597866","2026-04-04T03:19:00.597893","True"
"100","122","당근마켓","Software Engineer, Frontend (인턴) | 커뮤니티 (당근 모임)","https://about.daangn.com/jobs/7689021003","를 해내기 위해 다른 개발자뿐만 아니라 PM, 디자이너 등 다양한 팀원들과 함께 소통해요 사용자의 목소리를 기반으로 빠른 개발 주기를 가지고, 그 과정에서 상황에 맞게 적절한 기술을 결정해요 프로덕트를 지탱하는 플랫폼(컴포넌트, 프레임워크 등) 개발에 참여해요 프로덕트를 안정적으로 성장시키기 위한 각종 시스템 이슈를 발견하고 해결하는 과정에 함께해요 이런 분과 함께하고 싶어요 React 등 SPA 기반 프레임워크 사용 경험이 있으신 분 HTML, CSS, JavaScript 및 TypeScript에 기본적인 이해가 있으신 분 서로 다른 직군과 의사소통 및 협업을 통해 문제를 해결하는 것을 즐기는 분 사용자 중심으로 사고하며, 사용자 경험을 우선으로 프로덕트를 개발하시는 분 자기주도적으로 문제를 파악하고 능동적으로 해결하려는 분 이런 분이면 더 좋아요 SSR 기반 웹 서비스의 개발 경험이 있으신 분 모바일 앱 내 웹뷰 개발 경험이 있으신 분 A/B 테스트 설계 및 분석 결과를 바탕으로 프로덕트를 개선한 경험이 있으신 분 AI를 활용한 개발, 자동화 경험이 있으신 분 이력서나 포트폴리오에 꼭 담아주세요 모임팀에서 함께하고 싶은 분은, 직접 만든 무언가가 실제 사용자와 닿은 경험이 있는 분이에요. 서비스를 스스로 기획하고 구현해서 세상에 내놓아 본 적이 있다면, 그 이야기를 꼭 담아주세요. 얼마나 많은 사용자를 만났는지, 어떤 문제를 풀려고 했는지, 그 결과가 어땠는지가 궁금해요. 완성도나 규모보다는, 문제를 직접 정의하고 실행에 옮긴 경험이 담겨 있는지를 봐요. 모임팀이 사용하는 기술이에요 React, TypeScript Tanstack Query vanilla-extract Yarn berry Vite fastify와 react-dom/server 기반의 Streaming SSR 당근에서는 자율과 책임의 문화를 중요하게 생각해요. 스스로 상황에 맞게 필요하거나 도입하고 싶은 기술이 있다면 언제든지 적용할 수 있어요. 참고해 주세요 3개월 근무 후 평가에 따라 3개월 연장 여부를 결정하는 체험형 인턴 이에요 '장애인고용촉진 및 직업재활법', '국가유공자 등 예우 및 지원에 관한 법률'에 따라 장애인 및 보훈대상자는 채용 전형 시 우대하고 있어요 서류는 4월 12일 일요일 23시 59분 마감 예정이며, 상황에 따라 조기 마감 혹은 연장될 수 있어요 최종 합격 시 5월 4일 입사 예정 이며, 입사일은 변경될 수 있어요 이렇게 합류해요 1. 서류 전형 → 2. 직무 인터뷰(라이브 코딩 테스트 포함) → 3. 최종합격 👉 당근 합류 여정 가이드 바로가기(🔗) 지원하기 자주묻는질문 목록으로 돌아가기","","하고 있어요 서류는 4월 12일 일요일 23시 59분 마감 예정이며, 상황에 따라 조기 마감 혹은 연장될 수 있어요 최종 합격 시 5월 4일 입사 예정 이며, 입사일은 변경될 수 있어요 이렇게 합류해요 1. 서류 전형 → 2. 직무 인터뷰(라이브 코딩 테스트 포함) → 3. 최종합격 👉 당근 합류 여정 가이드 바로가기(🔗) 지원하기 자주묻는질문 목록으로 돌아가기","","","","","인턴","","","","","active","2026-04-04T03:19:04.894832","2026-04-04T03:19:04.894852","True"
"101","122","당근마켓","Software Engineer, Frontend (인턴) | 로컬 잡스","https://about.daangn.com/jobs/5816257003","Software Engineer, Frontend (인턴) | 로컬 잡스 당근 인턴 경력/신입 영입정보 지원하기 Local Jobs 팀을 소개해요 Local Jobs는 국내에는 존재하지 않던 마켓플레이스를 만드는 팀이에요. 우리는 일자리를 찾는 방식을 완전히 새롭게 정의하고 있어요. 이웃과 이웃이 만나 동네라는 공간이 새로운 가능성이 되도록, 프로덕트 전문가들이 모여 당근의 비전을 이루기 위한 도전을 하고 있어요. 🥕 Local Jobs 팀원을 소개해요 이렇게 일해요 🥕 당근 블로그, <Local Jobs 엔지니어는 어떻게 사고하고 결정할까> 🥕 당근 블로그, <Local Jobs 엔지니어는 어떻게 행동하고 협업할까> 🥕 당근 테크밋업, <GraphQL Schema 기반 협업으로 생산성을 높이는 Local Jobs 엔지니어링 문화> 🥕 당근 테크밋업, <Local Jobs 초기 엔지니어링 전략: 빠르게, 빠르게, 더 빠르게> 🥕 Local Jobs 디자이너 인터뷰, <하나의 가설로 극한의 성과를> 🥕 Local Jobs PM 인터뷰, <당근의 동력은 오너십> 🥕 Local Jobs 리더 인터뷰, <서비스 성장을 가속하는 팀워크를 만드는 법> 이런 일을 해요 서비스 전반에 흩어져 있는 기존 UI 컴포넌트를 신규 디자인 시스템 기반으로 마이그레이션해요 단순 치환이 아니라, 스펙 차이로 발생하는 문제를 정의하고 해결 방향을 주도적으로 설계해요 필요 시 디자인 시스템 팀과 협업해 컴포넌트 구조·인터페이스 개선에 기여해요 대규모 코드 변경 과정에서 발생할 수 있는 문제를 줄이기 위해, 자동화 도구(예: Playwright, MCP, 에이전트 기반 브라우저 등)를 활용한 검증/마이그레이션 전략을 고민하고 적용해요 에이전트가 UI를 안정적으로 생성·수정할 수 있도록, 디자인 시스템 기반의 일관된 프론트엔드 구조를 구축하는 데 기여해요 이런 분과 함께하고 싶어요 React 기반 환경에서 컴포넌트 단위로 UI를 설계·구현해본 경험이 있으신 분 단순 구현을 넘어, 기존 코드 구조를 이해하고 개선 방향을 고민해본 경험이 있으신 분 반복적인 작업을 줄이기 위해 스크립트, 자동화, 또는 실험적인 도구를 활용해본 경험이 있으신 분 문제를 주어졌을 때 기다리기보다, 정의하고 해결 방향을 스스로 제안해본 경험이 있으신 분 이런 분이면 더 좋아요! 디자인 시스템, 컴포넌트 아키텍처, 또는 UI 일관성 문제에 관심이 있으신 분 Playwright, 테스트 자동화, 코드 변환(codemod) 등에 흥미가 있으신 분 LLM, 에이전트 등을 활용해 개발 생산성을 높여본 경험이 있거나 관심이 있으신 분 대규모 변경 작업에서 정확성과 속도를 동시에 확보하는 방법을 고민해보신 분 참고해 주세요 서류 전형에서는 지원자 분의 이야기를 듣기 위한 3개의 사전 질문 이 준비되어 있어요 UI 컴포넌트 또는 디자인 시스템 관련 마이그레이션 경험이 있다면 들려주세요 디자인 시스템, 자체 컴포넌트, 개별 스타일드 컴포넌트가 혼재된 상황에서, 이를 하나의 디자인 시스템으로 마이그레이션하기 위한 전략을 제안해주세요 UI 마이그레이션 이후 동작 및 스타일의 안정성을 어떤 방식으로 검증할 수 있을까요? 직무 인터뷰 진행 방식도 미리 알려드리고 있어요 사전 질문에 대한 응답을 중심으로, 문제를 어떻게 정의하고 해결하는지에 집중해요 이력서에 대한 질문보다는, 실제 하게 될 작업 맥락과 연결된 내용 위주로 이야기를 나눌 예정이에요 특히 UI 구현과 관련된 CSS 이해도를 중요하게 보고 있어요 서류는 4월 5일 일요일 오후 11시 59분 마감 예정이며, 상황에 따라 조기 마감 혹은 연장될 수 있어요 마감 직전에는 접속이 몰려 지원서가 제대로 접수되지 않을 수 있으니, 최소 30분 이상의 여유를 두고 지원하시는 것을 권장드려요 이 포지션은 3개월 근무 후 평가에 따라 3개월 연장 여부를 결정하는 체험형 인턴 이에요 ‘장애인고용촉진 및 직업재활법’, ‘국가유공자 등 예우 및 지원에 관한 법률’에 따라 장애인 및 보훈대상자는 채용 전형 시 우대하고 있어요 최종 합격 시 4월 27일 입사 예정 이며, 입사일은 변경될 수 있어요 이렇게 합류해요 1. 서류 전형(사전질문) → 2. 직무 인터뷰 → 3. 최종합격 👉 당근 합류 여정 가이드 바로 가기 (🔗) 지원하기 자주묻는질문 목록으로 돌아가기","","하고 있어요 최종 합격 시 4월 27일 입사 예정 이며, 입사일은 변경될 수 있어요 이렇게 합류해요 1. 서류 전형(사전질문) → 2. 직무 인터뷰 → 3. 최종합격 👉 당근 합류 여정 가이드 바로 가기 (🔗) 지원하기 자주묻는질문 목록으로 돌아가기","","","","","인턴","","","","","active","2026-04-04T03:19:14.482173","2026-04-04T03:19:14.482194","True"
"102","122","당근마켓","Software Engineer, Data","https://about.daangn.com/jobs/4300801003","Software Engineer, Data 당근 정규직 경력 영입정보 지원하기 데이터 가치화 팀을 소개해요 당근 팀은 동네 안에서 연결되지 못한 가치있는 정보를 발견하고, 지역 생활 속의 불편함을 해결하기 위해 모였어요. 이러한 사용자 가치를 만들어내기 위해서는 사용자들에 대한 믿을 수 있는 정보를 손쉽게 접근해서 의사결정에 반영할 수 있어야 해요. 당근은 의사결정에 수많은 데이터를 이미 활용하고 있지만, 당근의 데이터의 가치를 극대화하기 위해서는 많은 변화가 필요해요. 데이터 가치화 팀의 비전은 ""매일 데이터를 통해 사용자를 위한 의사결정을 한다""예요. 이 비전을 실현하기 위해 데이터 가치화의 문제를 주도적으로 고민하고, 이를 해결하는 데 앞장서요. Software Engineer, Data를 소개해요 Software Engineer, Data는 데이터를 가치화하는 과정에서 발생하는 문제들을 소프트웨어 엔지니어링을 통해 해결해요. 빠르게 성장하는 당근에 발맞추어 미래에 병목이 되지 않을 데이터 시스템을 설계하고, 자동화된 테스트와 시스템에 대한 관측성 확보를 통해 데이터의 신뢰성을 지켜내요. 또한 당근의 구성원들이 데이터를 통해 사용자를 이해하는 과정에서 생기는 기술적 문제를 해결 하고, 데이터 제품(지표 플랫폼, 실험 플랫폼 등)을 통해 당근의 데이터 기반 의사결정(Data-informed decision-making)을 폭발적으로 성장시켜요. 견고한 소프트웨어 엔지니어링을 기반으로 당근에서 고품질의 데이터가 병목 없이 흐르며 가치를 만들어낼 수 있도록 하는 것이 데이터 가치화 팀 엔지니어들의 미션이에요. 🥕 당근과 함께 성장해온 데이터 가치화 팀의 여정 알아보기 (구글 데이터 웨비나) 🥕 당근 지표 플랫폼 KarrotMetrics 알아보기 🥕 당근이 DBT와 Airflow를 도입하며 마주한 7가지 문제들 🥕 당근의 데이터 엔지니어가 알려주는 DBT로 쉽게 모델링하는 방법 (2024 데이터야 놀자 컨퍼런스) 🥕 당근 데이터 지도를 그리다: 컬럼 레벨 리니지 구축기 🥕 매번 다 퍼올 필요 없잖아? 당근의 MongoDB CDC 구축기 🥕 당근은 왜 User Activation을 전사 공통 데이터 레이어로 만들었을까? 이런 일을 해요 고성능의 확장 가능한 데이터 처리 시스템(배치/스트리밍)을 설계해요 안정적이고 테스트 가능한 데이터 파이프라인을 설계하고 운영해요 구성원들이 이벤트를 쉽게 추가할 수 있도록 자동화된 이벤트 로깅을 구현하고, 대용량의 이벤트를 유실 없이 안정적으로 수집할 수 있는 로그 시스템을 만들어요 전사 구성원들의 데이터 기반 의사결정을 돕는 데이터 제품(지표 플랫폼, 실험 플랫폼 등)을 개발하고 지속적으로 개선해요 전사 구성원들이 데이터를 신뢰하고 사용할 수 있도록 데이터 시스템의 관측성(Observability)을 지속적으로 확보하고, 자동화된 데이터 품질(Quality) 체크를 통해 문제를 조기에 발견하고 해결해요 이런 분을 찾고 있어요 하나 이상의 프로그래밍 언어에 능숙하신 분 (Python / Java / Scala / Kotlin / Go 등) 대규모 트래픽 처리를 위한 확장 가능한 데이터 아키텍처의 구성에 대한 관심이 있으신 분 AWS, GCP 등 클라우드 환경 에서 개발/운영 경험이 있거나 그에 준하는 지식을 갖추신 분 이런 분이라면 더 좋아요! Spark, Flink, Beam, BigQuery 등 빅데이터 프레임워크 사용 경험이 있으신 분 분산 환경에서 대용량 데이터 처리(배치/스트리밍) 경험이 있으신 분 Kubernetes 등 컨테이너 오케스트레이션 시스템을 활용한 운영 경험이 있으신 분 AWS, GCP 등 클라우드 환경에서 IaC를 활용한 데이터 인프라 설계 및 운용 경험이 있으신 분 참고해 주세요 정규직 채용의 경우 3개월의 수습기간이 있어요 ‘장애인고용촉진 및 직업재활법’, ‘국가유공자 등 예우 및 지원에 관한 법률’에 따라 장애인 및 보훈대상자는 채용 전형 시 우대하고 있어요 Software Engineer, Data 포지션은 화상/직무 면접에서 라이브 코딩 테스트가 예정되어 있어요 이렇게 합류해요 1. 서류 전형 → 2. 화상 인터뷰 → 3. 직무 인터뷰 → 4. 컬처핏 인터뷰 및 레퍼런스 체크 → 5. 처우협의 → 6. 최종 합격 및 입사 👉 당근 합류 여정 가이드 바로가기 (🔗) 지원하기 자주묻는질문 목록으로 돌아가기","","","","","","","정규직","","","","","active","2026-04-04T03:19:18.796896","2026-04-04T03:19:18.796919","True"
"103","122","당근마켓","Software Engineer, Backend | 커머스","https://about.daangn.com/jobs/6688872003","Software Engineer, Backend | 커머스 당근 정규직 경력 영입정보 지원하기 커머스팀을 소개해요 커머스팀은 당근 안에서 새로운 쇼핑 경험을 만들어가는 조직이에요. 2,000만 당근 사용자들이 이미 익숙한 환경에서 자연스럽게 쇼핑할 수 있도록, 중고거래·커뮤니티·당근페이 등 당근의 서비스들과 연결된 커머스 플랫폼을 구축하고 있어요. 단순히 쇼핑 기능을 더하는 것이 아닌, 당근 안의 일상적 경험 위에 새로운 구매 흐름을 설계하는 일을 해요. 동네 커뮤니티 글을 보다가 괜찮은 물건을 발견하고, 그 자리에서 바로 결제하고, 며칠 뒤 집 앞에서 받는 경험. 당근 사용자라면 이미 반쯤 와 있는 그 흐름을, 우리는 끝까지 완성하려고 해요. 지금은 기존 당근의 거래를 신뢰할 수 있는 결제 구조로 전환하고, 스토어를 고객에게 명확히 인식시키고, 당근 스토어만의 정체성과 브랜드 가치를 강화하는 여정의 시작점에 있어요. 그래서 커머스팀은 초기 스타트업처럼 일해요. 이미 있는 플레이북이 아닌 당근만의 색깔로 이 여정을 그려나가려고 해요. 모든 팀원이 직군 경계 없이 고객 문제에 몰입하고, 아이디어를 제안하고 실험할 수 밖에 없는 구조에요. 이 환경에서 같이 일하고 싶은 분들을 찾아요. 이런 일을 해요 현재는 상품 관리, 결제, 배송, 주문, 기획전 등 커머스의 기본 기능을 안정적으로 구축하는 데 집중하고 있어요. 탄탄한 기반 위에서 앞으로는 당근만의 색깔이 담긴 새로운 커머스 경험을 점차 확장해나갈 거예요. 이 과정에서 여러분의 아이디어와 실행력은 서비스의 방향을 만들어가는 중요한 힘이 되어요. 커머스 플랫폼의 기반을 만들어요 상품, 주문, 결제, 배송 등 커머스 핵심 도메인의 백엔드 시스템을 설계하고 구현해요 트래픽 증가에도 안정적으로 대응할 수 있는 확장 가능한 아키텍처를 구축해요 당근의 다양한 서비스와 연결해요 중고거래, 동네생활, 비즈프로필, 당근페이 등과 자연스럽게 연동되는 시스템을 구현해요 다른 팀들과 협업하며 커머스가 당근 생태계 안에서 자연스럽게 연결되도록 만들어요 빠르게 실험하고 개선해요 고객 피드백을 바탕으로 빠르게 개발하고 배포해요 실험과 A/B 테스트를 통해 지속적으로 개선해요 기술 부채를 적절히 관리하며 현재의 속도와 미래의 확장성 사이의 균형을 맞춰요 AI를 활용해 생산성을 극대화해요 Claude Code, Cursor 같은 AI 도구를 활용해 반복 작업을 줄이고 개발 속도를 높여요 확보한 시간은 비즈니스 로직과 아키텍처 설계처럼 더 중요한 문제 해결에 집중해요 이런 분과 함께 하고 싶어요 3년 이하의 백엔드 개발 경험이 있으신 분 고객 문제 해결에 깊이 몰입하고, 오너십을 갖고 끝까지 해내시는 분 새로운 기술과 도구를 빠르게 익히고, 실행 속도와 확장성의 균형을 고민하시는 분 다양한 직군과 유연하게 협업하고, 실패를 통해 배우며 더 나은 방향을 찾아가시는 분 AI 도구(Claude Code, Cursor 등)를 적극 활용해 생산성을 높이고, 더 큰 고객 가치에 집중하시는 분 이런 분이면 더 좋아요! Kotlin, Spring Framework를 활용한 개발 경험이 있으신 분 이커머스 도메인에 대한 이해와 경험이 있으신 분 대규모 트래픽 처리 및 성능 최적화 경험이 있으신 분 MySQL과 같은 RDBMS 및 Redis, Kafka 등을 활용한 시스템 설계 경험이 있으신 분 참고해 주세요 정규직 채용의 경우 3개월의 수습기간이 있어요 ‘장애인고용촉진 및 직업재활법’, ‘국가유공자 등 예우 및 지원에 관한 법률’에 따라 장애인 및 보훈대상자는 채용 전형 시 우대하고 있어요 이렇게 합류해요 1. 서류 전형 → 2. 화상 인터뷰 → 3. 직무 인터뷰 → 4. 컬쳐핏 인터뷰 및 레퍼런스 체크 → 5. 처우협의 → 6. 최종 합격 및 입사 👉 당근 합류 여정 가이드 바로가기 (🔗) 지원하기 자주묻는질문 목록으로 돌아가기","","하고 있어요 이렇게 합류해요 1. 서류 전형 → 2. 화상 인터뷰 → 3. 직무 인터뷰 → 4. 컬쳐핏 인터뷰 및 레퍼런스 체크 → 5. 처우협의 → 6. 최종 합격 및 입사 👉 당근 합류 여정 가이드 바로가기 (🔗) 지원하기 자주묻는질문 목록으로 돌아가기","","","","","정규직","","","","","active","2026-04-04T03:19:27.473282","2026-04-04T03:19:27.473306","True"
"104","122","당근마켓","Software Engineer, Backend | 서비스 코어 (Location Intelligence)","https://about.daangn.com/jobs/5046753003","Software Engineer, Backend | 서비스 코어 (Location Intelligence) 당근 정규직 경력 영입정보 지원하기 Location Intelligence 팀을 소개해요 Location Intelligence 팀은 당근이 로컬 슈퍼앱으로 나아가는데 기반이 되는 다양한 위치와 공간 데이터를 관리하고 분석해서 얻은 인사이트로 서비스를 풍부하게 만드는 역할을 하고 있어요. 복잡하고 대용량의 공간 데이터를 안전하고 효율적으로 다루기 위해, 지속 가능하고 확장성 있는 플랫폼을 추구해요. 꾸준히 성장하고 글로벌로 확장하는 서비스를 개발하면서 마주하는 다양한 기술적 도전들을 함께 해결해나갈 분을 찾고 있어요. 당근 테크밋업 발표 영상 바로가기 🥕 우리 동네 어디까지 좁아지는 거예요? 자연경계로 좁혀보는 우리 동네 🥕 복잡한 공간 데이터를 가볍고 빠르게 서빙하기 이런 일을 해요 당근의 동네인증 시스템, 영역 관리 시스템을 관리하고, 사내 마이크로서비스들이 의존하는 플랫폼 서비스를 안정적으로 설계하고 개발, 운영해요 당근 사용자들 간의 연결을 더 강화하며, 더 나아가 새로운 연결을 만들어낼 수 있는 방법을 찾아요 당근이 위치 기반 서비스로서 합리적으로 동작할 수 있게끔 정책을 세우고 공용 프레임워크를 구축해요 당근의 다양한 위치 정보를 안전하고 효율적으로 보관/활용 할 수 있는 대용량 데이터 시스템을 만들어요 이런 분과 함께하고 싶어요 정형화되지 않은 상황에서도 문제를 정의하고, 이를 주도적으로 해결하는 과정에서 배우는 것을 즐기시는 분 테스트 코드 작성, 코드 리뷰, 문서화를 개발의 핵심 과정으로 여기고 이를 적극적으로 실천하시는 분 관계형 데이터베이스 모델링, 인덱싱, 트랜잭션 처리를 이해하고 활용할 수 있으신 분 비동기 프로그래밍에 대해 이해하며, 동시성 및 일관성 이슈에 대한 해결책을 도출해낼 수 있는 분 REST API 혹은 RPC 통신 구조에 대한 기본적인 이해와 활용 경험이 있으신 분 상호 존중을 바탕으로, 논리적인 근거에 기반해 서비스를 개선하기 위해 적극적으로 커뮤니케이션하시는 분 이런 분이면 더 좋아요! Golang을 활용한 개발 경험이 있으신 분 마이크로서비스 아키텍쳐 기반의 서비스 경험이 있으신 분 대용량의 공간정보, 사용자 위치정보 데이터 파이프라인에 대한 경험, 혹은 이에 준하는 지식을 갖추신 분 Geographic Information System 관련 지식이 있거나 관련 프로젝트 경험이 있으신 분 참고해 주세요 정규직 채용의 경우 3개월의 수습기간이 있어요 ‘장애인고용촉진 및 직업재활법’, ‘국가유공자 등 예우 및 지원에 관한 법률’에 따라 장애인 및 보훈대상자는 채용 전형 시 우대하고 있어요 포트폴리오 혹은 경력기술서 등은 PDF 로 제출해주시고, 프로젝트 별 실질적인 기여도 를 표기해주세요 화상 인터뷰에서 라이브 코딩 테스트와 백엔드 개발 관련 질문을 드릴 예정이에요 직무 인터뷰에서 시스템 디자인 테스트가 있을 예정이에요 이렇게 합류해요 1. 서류 전형 → 2. 화상 인터뷰(라이브코딩테스트) → 3. 직무 인터뷰(시스템 디자인) → 4. 컬처핏 인터뷰 및 레퍼런스 체크 → 5. 처우협의 → 6. 최종 합격 👉 당근 합류 여정 가이드 바로가기 (🔗) 지원하기 자주묻는질문 목록으로 돌아가기","","하고 있어요 포트폴리오 혹은 경력기술서 등은 PDF 로 제출해주시고, 프로젝트 별 실질적인 기여도 를 표기해주세요 화상 인터뷰에서 라이브 코딩 테스트와 백엔드 개발 관련 질문을 드릴 예정이에요 직무 인터뷰에서 시스템 디자인 테스트가 있을 예정이에요 이렇게 합류해요 1. 서류 전형 → 2. 화상 인터뷰(라이브코딩테스트) → 3. 직무 인터뷰(시스템 디자인) → 4. 컬처핏 인터뷰 및 레퍼런스 체크 → 5. 처우협의 → 6. 최종 합격 👉 당근 합류 여정 가이드 바로가기 (🔗) 지원하기 자주묻는질문 목록으로 돌아가기","","","","","정규직","","","","","active","2026-04-04T03:19:35.347375","2026-04-04T03:19:35.347407","True"
"105","122","당근마켓","Software Engineer, Backend | 서비스 코어 (Identity Service)","https://about.daangn.com/jobs/5046759003","Software Engineer, Backend | 서비스 코어 (Identity Service) 당근 정규직 경력 영입정보 지원하기 Identity Service 팀을 소개해요 Identity Service 팀은 당근의 회원과 인증을 책임지고 있는 팀이에요. 모든 고객이 안전하고 원활하게 서비스를 이용할 수 있도록 인증과 회원 관리에 관련된 다양한 기능을 제공하는 서비스를 개발하고 있어요. 우리는 당근의 성장에 발맞춰 확장 가능하고 안전한 회원 서비스를 통해 모든 로컬 서비스가 당근 하나로 연결되는 세상을 꿈꾸고 있어요. 이를 달성하기 위해 더 나은 사용자 경험을 제공하면서 동시에 개인정보 보호와 고객의 안전을 지키는 방법을 고민해요. Identity Service 팀은 이렇게 일해요 더 나음을 위해 건강하게 충돌해요 더 좋은 결과를 위해 의견 충돌을 두려워하지 않아요. 서로를 존중하며 솔직하게 토론하고, 더 나은 결정을 만들어요. 목적을 먼저, 수단은 나중에 선택해요 무엇을 달성하려는지가 가장 중요해요. 목표에 맞는 수단을 선택하며, 수단이 목적이 되지 않도록 경계해요. 팀을 넘어 전사 임팩트를 고민해요 단순한 문제 해결을 넘어, 조직 전체에 더 큰 가치를 만드는 방향을 계속 고민해요. 지금뿐만 아니라 10배 성장 이후를 봐요 당장의 해법에 그치지 않고, 크게 성장해도 지속 가능한 선택을 해요. Identity Service 팀에서는 이런 기술을 사용해요. Go, gRPC, gRPC-Gateway MySQL, Redis, Kafka k8s, Istio 🥕 당근 테크밋업 발표 #1 당근의 회원 시스템을 마이크로서비스로 분리하기 #2 MSA로 분리 후 행복하게 살았답니다?: Go Server의 성장기 #3 달리는 자동차의 잠금장치 교체하기: 인증 시스템의 중앙화 🥕 당근 테크 블로그 #1 회원 시스템 MSA 전환 도전기: MAU 1,900만 당근 유저를 위한 선택 이런 일을 해요 2,100만 MAU 규모의 대규모 인증 트래픽을 안정적으로 수용하기 위해 고가용성 아키텍처를 설계하고 운영해요. 가입, 로그인, 인증 플로우를 설계하고 개선하여 안정적이고 매끄러운 사용자 경험을 제공해요. 가입 전환율 등 핵심 전환지표를 기반으로 문제를 정의하고, 기술적 개선을 통해 실제 지표를 향상시켜요. 당근의 모든 서비스가 공통으로 활용하는 유저 플랫폼을 설계하여 전사적인 확장성을 책임져요. OAuth 2.0, OpenID Connect(OIDC) 과 같은 표준 인증 프로토콜을 활용해 인증 서버를 구축해요. 개인정보 보호와 보안을 최우선으로 고려한 계정, 인증, 권한 관리 시스템을 설계하고 개선해요. 이런 분과 함께하고 싶어요 하나 이상의 프로그래밍 언어와 백엔드 프레임워크에 능숙하신 분 RESTful API, gRPC 등의 통신 모델을 이해하고 확장성 있는 인터페이스를 설계 및 개발할 수 있는 분 분산 처리 시스템 또는 마이크로서비스 아키텍처에 대한 이해도가 높으신 분 문제를 정의하고 해결책을 찾아가는 과정을 즐거워하며 기술적인 성장을 갈구하는 마음을 가진 분 자기주도적이고 커뮤니케이션이 원활하며, 빠른 실행력이 있는 분 이런 분이면 더 좋아요 3년 이상의 백엔드 개발 경험 또는 그에 준하는 엔지니어링 역량을 가지신 분 Golang을 활용한 프로덕션 서비스 개발 및 운영 경험이 있으신 분 대용량 데이터를 위한 스토리지에 대한 경험이 있으신 분 사용자 경험, 서비스 백오피스 운영 도구의 중요성에 대한 이해가 있으신 분 참고해 주세요 정규직 채용의 경우 3개월의 수습기간이 있어요 ‘장애인고용촉진 및 직업재활법’, ‘국가유공자 등 예우 및 지원에 관한 법률’에 따라 장애인 및 보훈대상자는 채용 전형 시 우대하고 있어요 화상인터뷰에서 라이브 코딩 테스트를 진행해요 이렇게 합류해요 1. 서류 전형 → 2. 화상 인터뷰(라이브 코딩 테스트) → 3. 직무 인터뷰 → 4. 컬처핏 인터뷰 및 레퍼런스 체크 → 5. 처우협의 → 6. 최종 합격 👉 당근 합류 여정 가이드 바로가기 (🔗) 지원하기 자주묻는질문 목록으로 돌아가기","","","","","","","정규직","","","","","active","2026-04-04T03:19:42.043704","2026-04-04T03:19:42.043735","True"
"106","122","당근마켓","Software Engineer, Backend | 로컬 잡스 (Lessons & Tutoring)","https://about.daangn.com/jobs/7675338003","Software Engineer, Backend | 로컬 잡스 (Lessons & Tutoring) 당근 정규직 경력 영입정보 지원하기 Local Jobs를 소개해요 Local Jobs는 누구나, 언제든지 필요한 일손과 일자리를 구할 수 있도록 동네이웃들을 효율적이고, 안전하게 연결하고자 해요. 동네에서 일어나는 연결점을 강화함으로써 따뜻하고 활발한 교류가 있는 지역사회를 만들려는 당근의 비전을 이루기 위한 도전을 하고 있어요. 우리는 단순히 구인공고와 구직자를 연결하는 것에서 나아가, 좋은 사장님과 좋은 알바생이 더 돋보일 수 있는 공간을 만들고 있어요. 빠르게 성장하는 서비스를 꼼꼼하게 챙기고, 같이 개선할 분을 찾고 있어요. 🥕 Local Jobs 팀원을 소개해요 Lessons & Tutoring 팀을 소개해요 Local Jobs는 단순한 구인구직을 넘어, 동네 이웃이 서로의 어려움을 해결할 수 있도록 따뜻하고 활발한 연결을 만들어가고 있어요. 그 중 Lessons & Tutoring 팀은 많은 어려움 중 이웃끼리 경험과 지식을 나눌 수 있는 로컬 학습 시장에 집중하며, 새로운 형태의 이웃 연결을 만들어가고 있어요. Local Jobs는 이렇게 일해요 창업을 해봤거나 창업을 꿈꾸는 멤버들로 모두가 Entrepreneurship 을 가지고 일해요 AI 를 적극 활용하여 개인과 팀의 생산성을 과거보다 x3배 이상 높여가고 있어요 초기멤버 4명으로 시작해 5년 동안 소수정예 멤버로 유지되어 왔어요 PM, 디자이너, 엔지니어 모두 2가지 이상의 직군 역량을 수행하며 끊임없이 고민하고 치열하게 토론해가며 유저의 문제를 해결해요 당근알바는 이웃 간의 직접적인 만남으로 연결되기 때문에, 온라인뿐만이 아니라 오프라인까지의 전체 경험을 함께 고민해요 뾰족하게 문제를 정의하고, 가장 단순하고 정확하게 해결할 수 있는 빠르고 효율적인 방법을 고민하고 실행해요 사용자와 가까워지기 위해 정량/정성 데이터를 적극적으로 활용하며, 이를 통해 임팩트 있는 액션을 만들기 위해 노력해요 Local Jobs 팀원들의 이야기가 더 궁금하다면 🥕 당근 블로그, <Local Jobs 엔지니어는 어떻게 사고하고 결정할까> 🥕 당근 블로그, <Local Jobs 엔지니어는 어떻게 행동하고 협업할까> 🥕 당근 테크밋업, <GraphQL Schema 기반 협업으로 생산성을 높이는 Local Jobs 엔지니어링 문화> 🥕 당근 테크밋업, <Local Jobs 초기 엔지니어링 전략: 빠르게, 빠르게, 더 빠르게> 🥕 Local Jobs 디자이너 인터뷰, <하나의 가설로 극한의 성과를> 🥕 Local Jobs PM 인터뷰, <당근의 동력은 오너십> 🥕 Local Jobs 리더 인터뷰, <서비스 성장을 가속하는 팀워크를 만드는 법> 이런 일을 해요 GraphQL API 를 단순한 엔드포인트가 아닌, 유연하고 강력한 인터페이스로 설계하고 구축해요 초당 수천 개의 요청과 메시지 트래픽을 효율적이고 안정적으로 처리하는 Event-Driven 아키텍처를 고민해요 복잡한 인프라 환경에서 일어나는 동시성 이슈, 지연 시간 최적화, 당근 내 다양한 Microservice 간 연결, Downtime 없는 migration 등 어려운 문제들을 해결해요 OOP, FP, Resolver 패턴을 적재적소에 활용하여 구인구직 도메인의 복잡한 문제를 해결해요 구인구직 서비스의 운영을 자동화하고, 데이터 기반 의사결정을 돕는 효율적인 백오피스를 구축해요 다양한 실험을 통해 데이터 기반의 의사결정을 해요 이런 분과 함께하고 싶어요 내가 만드는 제품을 통해 유저에게 가치를 전달하는 것에 동기부여가 되시는 분 제품 중심으로 생각하며 그에 맞는 문제 정의 및 해결책을 도출 하시는 분 자기주도적이며 빠른 실행력을 가지신 분 하나 이상의 프로그래밍 언어를 깊게 탐구해 보신 분 RDBMS, NoSQL 등 데이터베이스를 활용해본 경험이 있으며 이에 대한 이해가 있으신 분 개발 경력 3년 이상 7년 이하이신 분 이런 분이면 더 좋아요! Node.js, Go를 활용해본 경험이 있으신 분 GraphQL을 활용해본 경험이 있으시거나 관심이 있으신 분 React 기반 클라이언트 개발이 가능하신 분 참고해 주세요 정규직 채용의 경우 3개월의 수습기간이 있어요 ‘장애인고용촉진 및 직업재활법’, ‘국가유공자 등 예우 및 지원에 관한 법률’에 따라 장애인 및 보훈대상자는 채용 전형 시 우대하고 있어요 이렇게 합류해요 1. 서류 전형 → 2. 화상 인터뷰 → 3. 직무 인터뷰 → 4. 컬처핏 인터뷰 및 레퍼런스 체크 → 5. 처우협의 → 6. 최종 합격 및 입사 👉 당근 합류 여정 가이드 바로가기 (🔗) 지원하기 자주묻는질문 목록으로 돌아가기","","하고 있어요 이렇게 합류해요 1. 서류 전형 → 2. 화상 인터뷰 → 3. 직무 인터뷰 → 4. 컬처핏 인터뷰 및 레퍼런스 체크 → 5. 처우협의 → 6. 최종 합격 및 입사 👉 당근 합류 여정 가이드 바로가기 (🔗) 지원하기 자주묻는질문 목록으로 돌아가기","","","","","정규직","","","","","active","2026-04-04T03:19:53.650703","2026-04-04T03:19:53.650731","True"
"107","122","당근마켓","Software Engineer, Backend | 당근페이","https://about.daangn.com/jobs/4511184003","Software Engineer, Backend | 당근페이 당근페이 정규직 경력 영입정보 지원하기 당근페이팀을 소개해요 당근페이팀은 동네에서 이루어지는 다양한 거래를 연결하는 것을 목표를 가지고 있어요. 중고 거래 송금뿐만 아니라, 동네 결제를 통해 동네의 일상에 스며드는 핀테크 서비스가 되고자 해요. 당근페이팀은 이렇게 일해요 당근페이팀은 사용자의 문제를 해결하는 서비스팀과, 이를 위해 핵심이 되는 공통 서비스를 만드는 코어팀으로 구성되어 있어요 서비스팀은 PM, 디자이너, 엔지니어로 구성된 5~7명의 파트로 구성되어 있어요. 각 파트는 기능 단위가 아닌 사용자의 문제를 해결하며 실질적인 가치를 전달하는 하나의 작은 스타트업처럼 움직여요. 최고의 서비스를 만들기 위해 직군과 상관없이 누구나 아이디어를 내고 실행까지 해볼 수 있어요 코어팀은 서비스팀이 당근의 사용자에게 효율적으로 비즈니스적 가치를 제공할 수 있도록 공통으로 사용하는 코어 서비스를 만들어요. 당근페이의 핵심이 되는 공통 서비스와 도구에 대해 오너십을 가지고 개발 및 운영해요. 서비스를 위한 공통의 요구사항을 발견하고 이를 해결하기 위한 플랫폼을 제공해요 사용자에게 가치를 제공하는 기능이라면 고정된 릴리즈 주기 없이 빠르게 개발하고 배포해요 외부 요청, 개선 등 공통 작업에는 망설임 없이 백로그를 만들고 이슈를 주도적으로 해결해요 각자가 고민하고 있는 복잡한 상황이 있다면 공유하고 함께 이해해요 문제가 생기면 동료와 함께 힘을 모아 해결해요. 문제를 통해서 학습하고 해결하는 과정을 통해 성장해요 無知(모르는 것)를 두려워하지 않고 신뢰하며 배워 나가요. 간단하고 사소한 실수라도 기록하고 공유해요 합류하면 함께 할 업무에요 서비스 개발팀 엔지니어는 서비스를 성장시키기 위해 사용자 입장에서 고민하고 기술을 활용해 사용자의 문제를 해결해요 서비스 코어팀 엔지니어는 안정적이고 확장 가능한 서비스 제공을 위해 API Gateway, 계정, 인증, 메시지 플랫폼 그리고 데이터 기반 의사결정을 돕는 효율적인 백오피스를 만들어요 REST API, gRPC, GraphQL, TCP 등 다양한 네트워크 프로토콜과 인터페이스를 다뤄요 안정적이고 신뢰 높은 금융 서비스를 제공하기 위해 내결함성(Fault Tolerance)과 탄력성(Resilience)을 갖춘 시스템을 만들어요 MSA 환경에서 분산 트랜잭션을 처리하며 동시성 환경에서도 금융 데이터의 정합성을 유지해요 이런 경험을 할 수 있어요 Mission Critical 환경에서 문제 해결을 잘하는 엔지니어로 성장할 수 있어요 송금 및 결제와 같은 실시간 트랜잭션 처리를 포함한 Mission Critical 환경에서 내결함성(Fault Tolerance)과 탄력성(Resilience)을 기반으로 결함을 예측하고 대처할 수 있는 시스템을 만들고 있어요 금융 데이터의 정합성을 유지하면서 안전하고 신뢰성 있는 시스템을 구축하는 경험을 통해 복잡한 문제를 해결할 수 있는 엔지니어로 성장할 수 있어요. 어떠한 장애 상황에서도 신속하게 대처하는 방법을 배우면서 사용자에게 안정적인 서비스를 제공하는 역량과 실전 기술력을 키울 수 있어요 리더십, 팀워크, 몰입을 경험할 수 있어요 문제를 스스로 발굴하고 목표를 달성하기 위해 필요한 Task를 정의하고, 최종 결과물을 완성시키는 A부터 Z까지의 모든 경험을 할 수 있어요. 제품이나 특정 기능을 밑바닥부터 출시까지 스스로 주도적으로 관리하고 완성하는 경험을 통해 전반적인 프로젝트 관리 능력을 향상시킬 수 있어요 이때 혼자가 아닌 팀으로서 PM, 디자이너, 엔지니어 등 다양한 직군과 긴밀한 협업을 통해 동료들의 성장에 기여하고, 필요에 따라 각자 리더십을 발휘하여 팀 전체의 성과를 높이는 경험을 할 수 있어요 언제든지 원하는 작업이나 아이디어를 제안하고 기여할 수 있는 환경에서, 문제 해결과 새로운 기능 개발에 몰입할 수 있어요 이런 분과 함께하고 싶어요 3년 이상의 서버 개발 경험, 혹은 이에 준하는 역량을 보유하신 분 JVM 생태계(Kotlin, Spring, JPA), RDBMS에 대한 이해도가 높으신 분 자기주도적이고 커뮤니케이션이 원활하며 빠른 실행력이 있는 분 변화를 두려워하지 않고 새로운 기술에 빠르게 적응하며 지속적으로 성장하고자 하는 분 이런 분이면 더 좋아요! 사용자 중심의 사고를 가지고 프로덕트를 만들어 갈 수 있으신 분 분산 컴퓨팅 환경에서 동시성 문제와 대규모 트래픽 처리에 대한 이해가 있으신 분 금융 및 핀테크 서비스에 대한 경험이 있으신 분 이런 기술을 사용해요 Kotlin, Spring Boot, Spring Batch, JPA, HTTP, gRPC, GraphQL, Netty MySQL, Redis, Kafka, Central Dogma, Apache Flink Grafana, Sentry, Datadog AWS, Kubernetes, Argo CD, Argo Workflow, Github Actions 참고해 주세요 정규직 채용의 경우 3개월의 수습기간이 있어요 ‘장애인고용촉진 및 직업재활법’, ‘국가유공자 등 예우 및 지원에 관한 법률’에 따라 장애인 및 보훈대상자는 채용 전형 시 우대하고 있어요 당근페이는 당근마켓의 자회사로, 채용시 당근페이 소속으로 채용돼요. 근무 조건 및 복지는 당근마켓과 동일해요 직무 인터뷰 단계에 따라 라이브 코딩 테스트와 시스템 디자인 인터뷰를 진행해요 이렇게 합류해요 1. 서류 전형 → 2. 화상 인터뷰 → 3. 직무 인터뷰 → 4. 컬처핏 인터뷰 및 레퍼런스 체크 → 5. 처우협의 → 6. 최종 합격 및 입사 👉 당근 합류 여정 가이드 바로가기 (🔗) 🔴 Tech LIVE: 당근페이 테크 채용 세션 🔴 Tech Meetup: 테크 밋업 당근페이 세션 당근페이의 최신 소식이 궁금하시다면? 🥕 당근페이 공식홈페이지 바로가기 🥕 당근페이 입사 후 비로소 알게 된 것들 🥕 당근페이는 왜 더 좁은 지역의 카드 혜택을 고수했을까? 🥕 당근페이 엔지니어링 데이 1회 🥕 매일 배포하는 팀이 되는 여정(1) — 브랜치 전략 개선하기 🥕 매일 배포하는 팀이 되는 여정(2) — Feature Toggle 활용하기 🥕 효율적인 테스트를 위한 Stub 객체 사용법 🥕 확장성 있는 TCP 통신 시스템 구축하기 🥕 당근페이 금융 거래 내역 Aggregator 개발기 🥕 당근페이 재무 결산 사례로 보는 백엔드와 데이터의 만남 🥕 당근페이 백엔드 아키텍처가 걸어온 여정 지원하기 자주묻는질문 목록으로 돌아가기","","","","","","","정규직","","","","","active","2026-04-04T03:19:57.824576","2026-04-04T03:19:57.824596","True"
"108","122","당근마켓","Software Engineer, Backend | 나의당근","https://about.daangn.com/jobs/7659289003","Software Engineer, Backend | 나의당근 당근 정규직 경력 영입정보 지원하기 나의 당근 팀을 소개해요 나의 당근 팀은 '나의 당근' 탭을 당근 서비스 전반의 Engagement를 높이는 핵심 지면으로 만들어가는 팀이에요. 당근 유저는 한 번 액션을 한 뒤 '나의 당근' 탭으로 진입해 후속 행동을 이어가는 패턴을 보이고 있어요. 우리 팀은 이 흐름에 주목해, '나의 당근'이 단순한 마이페이지가 아니라 사용자의 다음 행동을 이어주는 개인화된 허브가 될 수 있다고 믿고 있어요. 당근은 동네 기반의 하이퍼로컬 서비스를 중심으로 중고거래, 알바, 부동산, 커뮤니티 등 다양한 경험을 만들어가고 있어요. 서비스마다 서로 다른 성장 단계와 전략을 가지고 있지만, 유저의 동네 생활이라는 하나의 맥락 안에서 연결돼 있어요. 우리 팀은 이러한 서비스의 맥락과 유저의 활동을 연결해, 유저에게 지금 필요한 행동과 정보를 적절한 순간에 보여주는 경험을 고민하고 있어요. 장기적으로 우리는 '나의 당근'이 관계와 거래, 활동의 기록이 쌓이고 다음 활동을 더 쉽게 시작할 수 있는 공간이 되기를 바라요. 당근 안의 여러 서비스를 더 유기적으로 연결하고, 유저가 당근 안에서 자연스럽게 다음 행동을 이어갈 수 있도록 만드는 것이 나의 당근 팀의 가장 큰 목표예요. 이런 일을 해요 '나의 당근' 탭을 구성하는 Server Driven UI(SDUI) 서버를 설계하고 개발해요 유저의 행동 패턴에 맞게 '나의 당근' 탭 UI를 실험할 수 있는 환경을 만들어요 여러 서비스의 맥락과 유저 활동을 연결해 '나의 당근' 경험을 구성하는 시스템을 만들어요 기존 나의 당근 관련 레거시 서비스를 디컴포지션하고 트래픽을 점진적으로 이관해요 이런 분과 함께하고 싶어요 사용자 중심의 사고를 가지고 프로덕트를 만들어 갈 수 있는 분 자기주도적이고 커뮤니케이션이 원활하며 빠른 실행력이 있는 분 유저의 행동 데이터와 지표를 살펴보며 문제를 발견하고 개선해본 경험이 있는 분 AI·LLM을 활용해 개발 생산성을 높이거나 새로운 방식의 문제 해결을 시도해본 경험이 있는 분 3년 이상의 백엔드 개발 경험 또는 이에 준하는 엔지니어링 역량을 갖추신 분 이런 분이면 더 좋아요! Kotlin, Spring Boot, RDBMS 기반의 서비스를 설계하고 운영한 경험이 있으신 분 RDBMS, Redis, Kafka를 활용한 시스템 설계 경험이 있으신 분 참고해 주세요 정규직 채용의 경우 3개월의 수습기간이 있어요 ‘장애인고용촉진 및 직업재활법’, ‘국가유공자 등 예우 및 지원에 관한 법률’에 따라 장애인 및 보훈대상자는 채용 전형 시 우대하고 있어요 이렇게 합류해요 1. 서류 전형 → 2. 화상 인터뷰 → 3. 직무 인터뷰 → 4. 컬쳐핏 인터뷰 및 레퍼런스 체크 → 5. 처우협의 → 6. 최종 합격 및 입사 👉 당근 합류 여정 가이드 바로가기 (🔗) 지원하기 자주묻는질문 목록으로 돌아가기","","","","","","","정규직","","","","","active","2026-04-20T03:10:14.945308","2026-04-04T03:20:01.384940","True"
"109","122","당근마켓","Software Engineer, Backend | 광고","https://about.daangn.com/jobs/6640363003","Software Engineer, Backend | 광고 당근 정규직 경력 영입정보 지원하기 광고실을 소개해요 광고실은 당근의 수익 모델의 핵심인 광고 서비스 전반을 책임지고 있는 조직이에요. 당근의 1,900만 MAU를 대상으로 하는 광고 플랫폼을 운영하고 있어요. 지역 기반의 광고 솔루션을 제공함으로써 소상공인과 대기업 모두에게 효과적인 광고 기회를 제공하고 있어요. 우리의 작은 개선이 광고주의 성과와 당근의 수익에 큰 영향을 미칠 수 있어, 항상 데이터 기반의 의사결정과 끊임없는 실험을 통해 서비스를 발전시키고 있어요. 광고실은 사용자 경험과 광고 효과 사이의 균형을 맞추는 중요한 역할을 해요. 사용자들에게 유용하고 관련성 높은 광고를 제공하면서도, 당근의 핵심 가치인 이웃 간 소통과 거래 경험을 해치지 않도록 주의 깊게 전략을 수립해요. 이를 위해 다양한 광고 포맷과 타겟팅 옵션을 개발하고, 머신러닝 기술을 활용해 광고 최적화에 힘쓰고 있어요. 또한, 광고실은 전사적 관점에서 중요한 의사결정에 참여해요. 광고가 앱의 여러 지면에 노출되기 때문에, 단순히 광고 성과뿐만 아니라 전체 서비스의 건강성과 사용자 만족도를 고려해야 해요. 따라서 우리는 광고주의 니즈, 사용자 경험, 그리고 회사의 비즈니스 목표를 모두 고려한 통합적인 접근 방식을 취하고 있어요. 광고실에서는 새로운 광고 상품 개발, 광고 플랫폼 개선, 광고 성과 분석 및 최적화, 광고주 관리 등 다양한 업무를 수행해요. 혁신적인 아이디어와 분석적 사고를 바탕으로 빠르게 성장하는 광고 시장에서 임팩트를 만들고 싶다면, 광고실이 최고의 선택이 될 거예요. 🥕 당근 광고실을 소개해요! 이런 일을 해요 대규모 광고 트래픽을 다루는 전문가로 성장할 수 있어요 당근마켓은 1,900만 MAU를 보유한 거대 플랫폼이에요. 이런 대규모 환경에서 광고 시스템을 안정적으로 운영하는 것은 큰 도전이자 기회예요. 광고실에 합류하면 하루 수억건의 광고 요청을 처리하는 시스템을 다루게 될 거예요. 여기서 발생하는 다양한 장애 상황에 대처하는 방법을 배우면서, 고가용성 시스템 구축 능력과 실전 문제 해결 능력을 키울 수 있어요. 특히 서빙팀에서는 실시간 입찰(RTB) 시스템을 다루게 될 텐데, 밀리초 단위의 응답 시간을 요구하는 이 시스템을 통해 초저지연 분산 시스템 설계와 구현 능력을 획득할 수 있어요. DSP팀에서는 대용량 광고 데이터 처리를 위한 성능 최적화와 확장성 있는 아키텍처 설계 능력을 키울 수 있죠. 데이터 기반의 의사결정과 최적화 경험을 쌓을 수 있어요 광고실 개발자로 방대한 양의 사용자 데이터와 광고 성과 데이터를 다루게 돼요. 이 데이터를 효율적으로 수집, 처리, 분석하는 파이프라인을 구축하고 최적화하는 경험을 할 수 있어요. 빅데이터 처리 기술, 데이터 웨어하우징, 실시간 데이터 스트리밍 등 다양한 데이터 엔지니어링 스킬을 향상시킬 수 있죠. 또한, 머신러닝 모델을 실제 광고 시스템에 적용하는 경험도 할 수 있어요. 사용자 타겟팅, 광고 효과 예측, 실시간 입찰가 결정 등 다양한 영역에서 AI/ML 기술을 활용하여 광고 시스템을 지속적으로 개선하는 과정에 참여할 수 있어요. 지속적으로 성장하는 서비스의 기술적 도전을 해결하는 경험을 할 수 있어요 당근은 끊임없이 성장하고 있어요. 이에 따라 광고 시스템도 지속적으로 확장되고 새로운 기능이 추가되고 있죠. 새로운 광고 상품 출시, 타겟팅 옵션 확대, 광고 효과 측정 방식 개선 등 다양한 변화에 맞춰 시스템을 발전시키는 경험을 할 수 있어요. 예를 들어, DSP팀에서는 새로운 광고 포맷에 맞는 로직을 개발하고, 새로운 데이터 소스를 통합하며, 서빙팀에서는 새로운 광고 노출 방식을 구현하는 등 다양한 도전 과제를 해결하게 될 거예요. 이 과정에서 최신 기술 트렌드를 학습하고 적용하면서 기술적 역량을 크게 향상시킬 수 있어요. 마이크로서비스 아키텍처를 직접 설계하고 운영하는 경험을 할 수 있어요 광고실은 마이크로서비스 아키텍처를 채택하고 있어요. DSP, DMP, 추천시스템등 각 영역별로 독립적인 마이크로서비스를 설계하고 구현하는 경험을 할 수 있어요. 이 과정에서 서비스 간 통신, API 설계, 분산 트랜잭션 처리 등 마이크로서비스 아키텍처의 핵심 개념들을 실제로 적용해볼 수 있죠. 또한, 각 마이크로서비스의 독립적인 배포와 운영, 모니터링 시스템 구축, 장애 격리(Fault Isolation) 전략 수립 등을 통해 대규모 시스템의 안정적인 운영 노하우를 쌓을 수 있어요. 광고실의 백엔드 개발자로서, 최고의 광고 기술을 다루면서 동시에 실제 비즈니스 임팩트를 만들어내는 특별한 경험을 하게 될 거예요. 대규모 트래픽 처리, 데이터 기반 의사결정, 지속적인 기술 혁신, 마이크로서비스 아키텍처 등 다양한 영역에서의 경험을 통해 폭넓고 깊이 있는 기술력을 갖춘 엔지니어로 성장할 수 있어요. 이런 분을 찾고 있어요 5년 이상의 서버 개발 경험, 혹은 이에 준하는 역량을 보유하신 분 하나 이상의 프로그래밍 언어에 능숙하신 분 스스로 데이터베이스를 설계하고 개발/운영해 본 경험이 있으신 분 마이크로서비스 아키텍쳐와 REST, gRPC 등 서비스 간 통신에 대한 높은 이해가 있으신 분 코드 리뷰에 긍정적이고, 테스트 및 이해하기 쉬운 좋은 코드 작성에 관심이 많으신 분 이런 분이면 더 좋아요! Code Level Architecture (layered architecture, clean architecture 등)에 대한 이해가 있으신 분 대용량 데이터 처리를 위한 효율적인 애플리케이션 아키텍처 및 데이터베이스 구성에 대한 이해도가 있으신 분 Kubernetes, AWS, GCP 등 클라우드 환경에서의 운영 경험이 있으신 분 간단한 백오피스 개발이 가능하신 분 자기주도성, 적극적인 커뮤니케이션, 빠른 실행력을 갖추신 분 데이터 파이프라인 구축/운영을 실제로 경험했거나 높은 이해도가 있으신 분 참고해 주세요 정규직 채용의 경우 3개월의 수습기간이 있어요 ‘장애인고용촉진 및 직업재활법’, ‘국가유공자 등 예우 및 지원에 관한 법률’에 따라 장애인 및 보훈대상자는 채용 전형 시 우대하고 있어요 이렇게 합류해요 1. 서류 전형 → 2. 화상 인터뷰 → 3. 직무 인터뷰 → 4. 컬처핏 인터뷰 및 레퍼런스 체크 → 5. 처우협의 → 6. 최종 합격 👉 당근 합류 여정 가이드 바로가기 (🔗) 지원하기 자주묻는질문 목록으로 돌아가기","","","","","","","정규직","","","","","active","2026-04-04T03:20:08.068144","2026-04-04T03:20:08.068187","True"
"110","122","당근마켓","Security Engineer | 인프라 (보안, Detection & Response)","https://about.daangn.com/jobs/6043519003","Security Engineer | 인프라 (보안, Detection & Response) 당근 정규직 경력 영입정보 지원하기 보안팀을 소개해요 보안팀은 당근이 안전하게 서비스를 제공하는 걸 목표로 하고 있어요. 외부로부터의 공격을 방어하고 내부의 소중한 정보가 외부로 유출되는 걸 예방해요. 이 모든 활동은 다양한 정보보호 관련 법률과 규정을 준수하면서 이루어지고 있어요. 당근의 비즈니스 모델을 이해하고 적재적소에 명확한 기준을 제공하며, 그 기준에 맞게 기술적으로 적용해요. 이런 노력들을 통해서 이용자들이 신뢰할 수 있는 당근 서비스를 만들어 가고 있어요. 이런 일을 해요 대고객 서비스 환경과 내부 오피스 환경 전반에서 발생하는 보안 이벤트를 분석하고 대응해요 침해사고 및 보안 이슈를 효과적으로 탐지하기 위한 탐지 체계와 관련 활동을 설계·운영·고도화해요 보안 이벤트 탐지 또는 침해사고 발생 시 조사를 수행하여 침해 경로와 발생 원인을 분석하고 재발 방지 대책을 수립·이행해요 사고 대응 과정에서 도출된 개선 사항을 바탕으로 탐지 룰, 자동화, 운영 프로세스를 지속적으로 개선해요 이런 분과 함께하고 싶어요 침해사고 또는 보안 이벤트 대응 실무 경험 3년 이상이신 분 멀티 클라우드 및 SaaS 등 복합적인 서비스 환경에서 보안 이벤트 분석과 침해사고 대응을 수행한 경험이 있으신 분 주어진 범위 내의 대응에 그치지 않고, 침해사고 대응과 운영 개선을 주도적으로 추진할 수 있는 분 다양한 이해관계자와 협업하며 사고 대응 및 개선을 이끌어갈 수 있는 분 이런 분이면 더 좋아요! 외부 보안 사고 및 보안 이슈에 대해 지속적으로 관심을 가지고, CVE, 보안 동향 리포트 등을 참고하며 업무에 반영해 온 분 OSINT, CTI, Attack Surface 정보 활용 경험이 있으신 분 업무 효율화를 위한 자동화, AI를 활용해 분석·대응 업무를 개선해 본 경험이 있으신 분 IT기업 또는 대규모 서비스 환경에서의 침해사고 대응 경험이 있으신 분 SIEM 또는 오케스트레이션 플랫폼 구축 및 운영 경험이 있으신 분 서비스 어뷰징 대응 경험이 있으신 분 참고해 주세요 정규직 채용의 경우 3개월의 수습기간이 있어요 ‘장애인고용촉진 및 직업재활법’, ‘국가유공자 등 예우 및 지원에 관한 법률’에 따라 장애인 및 보훈대상자는 채용 전형 시 우대하고 있어요 이렇게 합류해요 1. 서류 전형 → 2. 화상 인터뷰 → 3. 직무 인터뷰 → 4. 컬처핏 인터뷰 및 레퍼런스 체크 → 5. 처우협의 → 6. 최종 합격 및 입사 👉 당근 합류 여정 가이드 바로가기 (🔗) 지원하기 자주묻는질문 목록으로 돌아가기","","하고 있어요 이렇게 합류해요 1. 서류 전형 → 2. 화상 인터뷰 → 3. 직무 인터뷰 → 4. 컬처핏 인터뷰 및 레퍼런스 체크 → 5. 처우협의 → 6. 최종 합격 및 입사 👉 당근 합류 여정 가이드 바로가기 (🔗) 지원하기 자주묻는질문 목록으로 돌아가기","","","","","정규직","","","","","active","2026-04-04T03:20:15.921859","2026-04-04T03:20:15.921881","True"
"111","122","당근마켓","Security Engineer | 인프라 (보안, AI Security)","https://about.daangn.com/jobs/7655325003","Security Engineer | 인프라 (보안, AI Security) 당근 정규직 경력 영입정보 지원하기 보안팀을 소개해요 보안팀은 당근이 안전하게 서비스를 제공하는 걸 목표로 하고 있어요. 외부로부터의 공격을 방어하고 내부의 소중한 정보가 외부로 유출되는 걸 예방해요. 이 모든 활동은 다양한 정보보호 관련 법률과 규정을 준수하면서 이루어지고 있어요. 당근의 비즈니스 모델을 이해하고 적재적소에 명확한 기준을 제공하며, 그 기준에 맞게 기술적으로 적용해요. 이런 노력들을 통해서 이용자들이 신뢰할 수 있는 당근 서비스를 만들어 가고 있어요. 이런 일을 해요 AI/ML 기반 서비스 환경에서 발생할 수 있는 보안 리스크를 점검하고 개선조치를 수행해요 학습 데이터, 모델 파일, API, 인프라 등 AI 서비스 구성 요소의 접근통제와 보안 설정을 점검하고 운영해요 LLM 및 생성형 AI 환경에서 발생할 수 있는 보안 이슈(Prompt Injection, 데이터 유출 등)를 모니터링하고 대응해요 AI 서비스 로그를 분석하여 이상 행위를 탐지하고, 보안 이벤트 발생 시 원인을 분석하고, 문제를 해결해요 모델 배포 및 운영 과정에서 보안 취약점 점검 및 조치 업무를 수행해요 보안 가이드라인 및 정책을 수립하고, 이를 운영하고 지속적으로 개선해요 이런 분과 함께하고 싶어요 취약성 점검 또는 모의해킹, 침해사고 대응 경험이 있으신 분 LLM 사용 경험이 있고, 프롬프트 기반 서비스의 동작 방식을 이해하고 계신 분 클라우드(AWS, GCP, Azure 등) 기본 구조(IAM, 네트워크, 스토리지)에 대한 이해가 있으신 분 AI/ML 또는 LLM 서비스 구조에 대한 기본적인 이해가 있으신 분 로그 분석 및 문제 원인 파악 경험이 있으신 분 보안 이슈를 발견했을 때 단순 공유에 그치지 않고 개선까지 고민하는 분 이런 분이면 더 좋아요! ML 파이프라인(데이터 수집 → 학습 → 배포 → 모니터링)에 대한 이해가 있으신 분 Docker, Kubernetes 등 컨테이너 환경 경험이 있으신 분 보안, 클라우드, 백엔드, ML 엔지니어링 중 하나 이상의 분야에서 1년 이상 경험이 있으신 분 보안 자동화 또는 간단한 스크립트로 반복 업무를 개선해 본 경험이 있으신 분 새로운 AI 보안 이슈나 보안 동향을 꾸준히 학습하고 공유해 본 경험이 있으신 분 참고해 주세요 정규직 채용의 경우 3개월의 수습기간이 있어요 ‘장애인고용촉진 및 직업재활법’, ‘국가유공자 등 예우 및 지원에 관한 법률’에 따라 장애인 및 보훈대상자는 채용 전형 시 우대하고 있어요 이렇게 합류해요 1. 서류 전형 → 2. 화상 인터뷰 → 3. 직무 인터뷰 → 4. 컬처핏 인터뷰 및 레퍼런스 체크 → 5. 처우협의 → 6. 최종 합격 및 입사 👉 당근 합류 여정 가이드 바로가기 (🔗) 지원하기 자주묻는질문 목록으로 돌아가기","","하고 있어요 이렇게 합류해요 1. 서류 전형 → 2. 화상 인터뷰 → 3. 직무 인터뷰 → 4. 컬처핏 인터뷰 및 레퍼런스 체크 → 5. 처우협의 → 6. 최종 합격 및 입사 👉 당근 합류 여정 가이드 바로가기 (🔗) 지원하기 자주묻는질문 목록으로 돌아가기","","","","","정규직","","","","","active","2026-04-04T03:20:22.697299","2026-04-04T03:20:22.697325","True"
"112","122","당근마켓","Sales & Account Manager | 로컬 잡스","https://about.daangn.com/jobs/7568233003","Sales & Account Manager | 로컬 잡스 당근 정규직 경력 영입정보 지원하기 Local Jobs를 소개해요 Local Jobs는 국내에는 존재하지 않던 마켓플레이스를 만드는 팀이에요. 우리는 일자리를 찾는 방식을 완전히 새롭게 정의하고 있어요. 이웃과 이웃이 만나 동네라는 공간이 새로운 가능성이 되도록, 프로덕트 전문가들이 모여 당근의 비전을 이루기 위한 도전을 하고 있어요. 🥕 Local Jobs 팀원을 소개해요 이렇게 일해요 🥕 당근 블로그, <Local Jobs 엔지니어는 어떻게 사고하고 결정할까> 🥕 당근 블로그, <Local Jobs 엔지니어는 어떻게 행동하고 협업할까> 🥕 당근 테크밋업, <GraphQL Schema 기반 협업으로 생산성을 높이는 Local Jobs 엔지니어링 문화> 🥕 당근 테크밋업, <Local Jobs 초기 엔지니어링 전략: 빠르게, 빠르게, 더 빠르게> 🥕 Local Jobs 디자이너 인터뷰, <하나의 가설로 극한의 성과를> 🥕 Local Jobs PM 인터뷰, <당근의 동력은 오너십> 🥕 Local Jobs 리더 인터뷰, <서비스 성장을 가속하는 팀워크를 만드는 법> 이런 일을 해요 고객사의 성장과 성과를 책임져요 고객사에 신속·정확한 지원을 제공해 신뢰를 쌓고, 장기적 파트너십을 구축해요 정량 데이터와 현장 맥락을 바탕으로 본사/지점의 니즈와 운영 제약을 구조화하고, 맞춤형 전략을 제안해요 고객사의 채용 성과를 관리하며 만족도 향상과 채용 량 성장을 만들어내요 고객사의 문제를 발굴하고 해결해요 고객사의 End-to-End 경험을 점검·개선해 일관된 엔터프라이즈 경험을 설계해요 운영 지원 과정의 비효율과 병목을 발견하고, 프로세스 개선을 주도해요 단순 운영을 넘어, 데이터와 현장 인사이트로 숨은 문제를 발견해요 고객의 문제를 정의하고, 가설을 세워 제품팀과 함께 해결안을 도출하고, 성과를 개선해요 고객사 경험을 기반으로 새로운 고객을 확대해요 기존 고객사에서 축적한 성공 사례와 레슨런을 바탕으로, 유사한 과제를 가진 잠재 고객사를 발굴해요 현장에서 검증된 인사이트를 활용해 신규 고객사의 문제를 선제적으로 해결하고, 초기 신뢰를 빠르게 구축해요 이런 분과 함께하고 싶어요 파트너사 또는 고객사와의 직접 커뮤니케이션을 통한 영업, 고객관리 또는 파트너십 개발 경험이 있으신 분 설득에 필요한 정성, 정량 데이터를 주도적으로 수집하고 분석할 수 있는 분 기획, 개발, 법무, 재무 등 유관 부서와의 긴밀한 소통과 협업을 통해 프로젝트를 경험해 보신 분 IT 서비스의 사업개발/영업기획/파트너십 업무를 5년 이상 혹은 그에 준하는 경험을 지닌 분 이런 분이면 더 좋아요 O2O 플랫폼 또는 마켓플레이스 비즈니스에 대한 경험이 있으신 분 초기 서비스를 넘어 성장과 확장 단계의 서비스에 기여한 경험이 있으신 분 하이퍼로컬 서비스의 가치를 공감하고 유저에게 다양한 가치를 전달하는데 보람을 느끼는 분 참고해 주세요 정규직 채용의 경우 3개월의 수습기간이 있어요 장애인고용촉진 및 직업재활법’, ‘국가유공자 등 예우 및 지원에 관한 법률’에 따라 장애인 및 보훈대상자는 채용 전형 시 우대하고 있어요 화상 인터뷰 합격 시 직무 인터뷰 전 사전과제를 부여해요 이렇게 합류해요 서류 전형 → 2. 화상 인터뷰 → 3. 직무 인터뷰(과제 포함) → 4. 컬처핏 인터뷰 및 레퍼런스 체크 → 5. 처우협의 → 6. 최종 합격 및 입사 👉 당근 합류 여정 가이드 바로가기(🔗) 지원하기 자주묻는질문 목록으로 돌아가기","","하고 있어요 화상 인터뷰 합격 시 직무 인터뷰 전 사전과제를 부여해요 이렇게 합류해요 서류 전형 → 2. 화상 인터뷰 → 3. 직무 인터뷰(과제 포함) → 4. 컬처핏 인터뷰 및 레퍼런스 체크 → 5. 처우협의 → 6. 최종 합격 및 입사 👉 당근 합류 여정 가이드 바로가기(🔗) 지원하기 자주묻는질문 목록으로 돌아가기","","","","","정규직","","","","","active","2026-04-04T03:20:29.725921","2026-04-04T03:20:29.725941","True"
"113","122","당근마켓","Risk Manager | 서비스 운영","https://about.daangn.com/jobs/6558811003","Risk Manager | 서비스 운영 당근 정규직 경력 영입정보 지원하기 Risk Manager를 소개해요 당근은 동네 이웃 간의 연결을 도와 신뢰와 존중을 바탕으로 따뜻하고 신뢰 넘치는 동네 생활을 만들고 싶어요 서비스운영팀은 동네 이웃 간의 따뜻하고 안전한 연결을 만드는 과정에서 의도치 않게 발생할 수 있는 문제 (거래 분쟁, 사기 등)를 정의하고, 해결하여 더 많은 이웃이 안전하게 당근을 사용할 수 있도록 돕는 역할을 담당해요 Risk Manager는 이용자가 겪을 수 있는 피해를 사전에 예측하고 대비하여 이용자가 더 안전하게 당근을 이용할 수 있도록 하는 역할을 수행해요 이런 일을 해요 당근 안심결제(에스크로)및 안심보상 서비스의 전반적인 운영 업무를 수행해요 안심결제 서비스와 중고거래에서 발생하는 환불 분쟁, 거래 사기 정책을 관리해요 발생할 수 있는 이슈를 예측하고 정책에 반영하는 업무를 진행해요 운영 이슈 발생 시 관련 부서(대외, PR, 법무, 서비스팀, 경영진 등)와 소통하며 이슈를 해결해요 리스크 발생 시 신속한 이슈 파악과 처리를 통해 위기를 관리해요 이런 분을 찾고 있어요 3년 이상의 IT 서비스 운영 경험이 있는 분 서비스 정책 수립 및 리스크 관리에 대한 경험이 있으신 분 서비스 운영 관련 이슈에 대한 문제해결 능력과 경험이 있는 분 스스로 문제를 정의, 기획하고 진행하는데 즐거움을 느끼시는 분 유관부서와 원활한 커뮤니케이션 및 협업이 가능한 분 이런 분이면 더 좋아요 에스크로 서비스를 운영하거나 PG 관련 이슈 대응 경험이 있으신 분 리스크 대응을 위한 대외 업무 경험을 보유하신 분 데이터 분석 툴(SQL 등)을 잘 다루시는 분 참고해 주세요 정규직 채용의 경우 3개월의 수습기간이 있어요 ‘장애인고용촉진 및 직업재활법’, ‘국가유공자 등 예우 및 지원에 관한 법률’에 따라 장애인 및 보훈대상자는 채용 전형 시 우대하고 있어요 직무 인터뷰에서는 과제 내용을 중심으로 설명을 듣고 질의 응답하는 시간을 가지고 있어요 해당 직군은 당근마켓 서비스 운영실 소속에서 당근페이팀(겸직)과 함께 일해요 서류 및 인터뷰 과정 후 지원자분의 강점과 경험에 따라 특정 서비스의 운영 매니저 역할을 제안 드릴 수 있어요 이렇게 합류해요 1. 서류 전형 → 2. 과제 전형 → 3. 직무 인터뷰 → 4. 컬처핏 인터뷰 및 레퍼런스 체크 → 5. 처우협의 → 6. 최종 합격 및 입사 👉 당근 합류 여정 가이드 바로가기 (🔗) 지원하기 자주묻는질문 목록으로 돌아가기","","하고 있어요 직무 인터뷰에서는 과제 내용을 중심으로 설명을 듣고 질의 응답하는 시간을 가지고 있어요 해당 직군은 당근마켓 서비스 운영실 소속에서 당근페이팀(겸직)과 함께 일해요 서류 및 인터뷰 과정 후 지원자분의 강점과 경험에 따라 특정 서비스의 운영 매니저 역할을 제안 드릴 수 있어요 이렇게 합류해요 1. 서류 전형 → 2. 과제 전형 → 3. 직무 인터뷰 → 4. 컬처핏 인터뷰 및 레퍼런스 체크 → 5. 처우협의 → 6. 최종 합격 및 입사 👉 당근 합류 여정 가이드 바로가기 (🔗) 지원하기 자주묻는질문 목록으로 돌아가기","","","","","정규직","","","","","active","2026-04-04T03:20:40.487807","2026-04-04T03:20:40.487833","True"
"114","122","당근마켓","Product Manager | 중고거래","https://about.daangn.com/jobs/4772916003","Product Manager | 중고거래 당근 정규직 경력 영입정보 지원하기 중고거래실을 소개해요 중고거래실은 한국 1등 중고거래 서비스 당근에서 이웃 간의 거래를 따뜻하면서도 압도적으로 편리한 경험으로 만들어가는 팀이에요. 우리는 단순히 기능을 개발하는 데 그치지 않고, 사용자가 직면한 문제를 깊이 이해하고 날카로운 문제 정의를 통해 새로운 해결책을 만들어내요. 데이터 기반 실험과 빠른 검증으로 서비스를 끊임없이 발전시키며, 한국을 넘어 캐나다, 미국, 일본 등 수천만 명의 유저에게 신뢰할 수 있는 중고거래 경험을 제공하고 있어요. 이런 일을 해요 중고거래 사용자에 대한 이해를 바탕으로 제품 전략과 로드맵을 수립하고 실행해요 정성/정량적 데이터를 기반으로 문제와 기회를 발굴하고 사용자의 문제를 해결하는 제품을 출시해요 제품 정책을 다듬고 운영하며, 유저가 믿고 쓸 수 있는 안정적인 서비스를 제공해요 프로덕트 디자이너, 엔지니어, 분석가 등 다양한 전문가와 원팀으로 일하며 AI를 활용한 제품 개발 프로세스를 만들어가요 이런 분과 함께하고 싶어요 Product Manager 경력이 5년 이상이신 분 데이터 기반 사고를 바탕으로 가설을 세우고, A/B 테스트 등을 통해 제품 개발 경험이 있으신 분 초기 스타트업이나 신사업에서 0 to 1의 문제를 해결하며 유의미한 성과를 만들어내신 분 AI에 관심이 많고 AI로 프로덕트를 만들고 운영해본 경험이 있으신 분 이런 분이면 더 좋아요! 마켓플레이스, SNS, 커머스 서비스 경험이 있으신 분 당근의 비전과 가치를 이해하고 서비스의 방향을 고민할 수 있는 분 참고해 주세요 정규직 채용의 경우 3개월의 수습기간이 있어요 ‘장애인고용촉진 및 직업재활법’, ‘국가유공자 등 예우 및 지원에 관한 법률’에 따라 장애인 및 보훈대상자는 채용 전형 시 우대하고 있어요 화상 인터뷰 합격 시 과제를 안내드리며, 직무 인터뷰에서 과제에 대한 설명을 듣고 질의응답 하는 시간을 가지고 있어요 이렇게 합류해요 1. 서류 전형 → 2. 화상 인터뷰 → 3. 직무 인터뷰 (사전 과제) → 4. 컬처핏 인터뷰 및 레퍼런스 체크 → 5. 처우협의 → 6. 최종 합격 👉 당근 합류 여정 가이드 바로가기 (🔗) 지원하기 자주묻는질문 목록으로 돌아가기","","하고 있어요 화상 인터뷰 합격 시 과제를 안내드리며, 직무 인터뷰에서 과제에 대한 설명을 듣고 질의응답 하는 시간을 가지고 있어요 이렇게 합류해요 1. 서류 전형 → 2. 화상 인터뷰 → 3. 직무 인터뷰 (사전 과제) → 4. 컬처핏 인터뷰 및 레퍼런스 체크 → 5. 처우협의 → 6. 최종 합격 👉 당근 합류 여정 가이드 바로가기 (🔗) 지원하기 자주묻는질문 목록으로 돌아가기","","","","","정규직","","","","","active","2026-04-04T03:20:50.823195","2026-04-04T03:20:50.823217","True"
"115","122","당근마켓","Product Manager | 당근페이","https://about.daangn.com/jobs/7578967003","Product Manager | 당근페이 당근페이 정규직 경력 영입정보 지원하기 당근페이를 소개해요 당근페이는 지역에서 일어나는 다양한 거래를 연결해요. 중고거래, 부동산, 중고차 거래 뿐만 아니라 우리가 생활하는 동네에서도 누구나 쉽고 간편하게 이용할 수 있는 금융서비스를 만들어 나가는 것을 목표로 하고 있어요. 이런 일을 해요 당근의 온·오프라인 결제 경험을 확장하며, 사용자와 시장이 겪는 문제를 주도적으로 해결해요 고객 중심의 사고로 유저 경험을 개선하고, 만족도 높은 서비스 성장을 만들어가요 데이터를 기반으로 문제를 정의하고, 정성·정량적 인사이트로 가설을 검증하며 기능을 고도화해요 이런 분과 함께하고 싶어요 모바일 서비스(웹/앱) 기획/PM 경력 5년 이상이신 분 고객의 입장에서 문제를 정의하고, 실행 중심으로 해결한 경험이 있으신 분 주도적으로 업무를 진행하고 논리적인 커뮤니케이션 능력을 갖추신 분 도전적인 목표에도 에너지를 가지고, 수치 기반으로 실질적인 임팩트를 만든 분 이런 분이면 더 좋아요! 금융 및 핀테크 서비스에 대한 이해도가 높고 경험이 있는 분 먼저 의견을 제시하고 주도적으로 일하기를 즐기는 분 논리적인 근거를 제시하고, 뛰어난 커뮤니케이션 능력을 가지신 분 데이터와 리서치를 기반으로 문제를 파악하고 서비스를 개선한 경험이 있는 분 제품 초기 기획부터 참여하여 구축, 운영, 모니터링까지 참여한 경험이 있는 분 참고해 주세요 정규직 채용의 경우 3개월의 수습기간이 있어요 ‘장애인고용촉진 및 직업재활법’, ‘국가유공자 등 예우 및 지원에 관한 법률’에 따라 장애인 및 보훈대상자는 채용 전형 시 우대하고 있어요 이렇게 합류해요 1. 서류 전형 → 2. 과제 전형 → 3. 직무 인터뷰 → 4. 컬처핏 인터뷰 및 레퍼런스 체크 → 5. 처우협의 → 6. 최종 합격 및 입사 👉 당근 합류 여정 가이드 바로가기 (🔗) 🔴 2026 당근페이 라이브톡 지원하기 자주묻는질문 목록으로 돌아가기","","하고 있어요 이렇게 합류해요 1. 서류 전형 → 2. 과제 전형 → 3. 직무 인터뷰 → 4. 컬처핏 인터뷰 및 레퍼런스 체크 → 5. 처우협의 → 6. 최종 합격 및 입사 👉 당근 합류 여정 가이드 바로가기 (🔗) 🔴 2026 당근페이 라이브톡 지원하기 자주묻는질문 목록으로 돌아가기","","","","","정규직","","","","","active","2026-04-20T03:16:06.890323","2026-04-04T03:20:59.307113","True"
"116","122","당근마켓","Product Manager | 광고 (제품)","https://about.daangn.com/jobs/6640388003","Product Manager | 광고 (제품) 당근 정규직 경력 영입정보 지원하기 광고 상품팀을 소개해요 당근마켓은 지역별 트래픽을 수익화하는 광고 서비스를 운영하고 있어요. 월간 활성 유저수 1,900만명의 트래픽을 기반으로 광고주(비즈니스)와 광고를 보는 사용자들의 가치를 극대화하기 위해 노력하고 있고, 누구나 쉽고 간편하게 잠재 고객을 만날 수 있게 만드는 것이 목표예요. 현재 홈 피드에 게재되는 네이티브 피드 광고 상품(DA)과 검색결과 지면에 게재되는 검색광고 상품(SA)을 제공하고 있으며, 앞으로 더욱 다양한 지면에 다양한 형식으로 노출되어질 광고 상품을 준비하고 있어요. 광고 상품팀은 소상공인과 중대형 광고주, 광고대행사 모두가 당근마켓에 광고 상품을 통해 광고 성과를 체감할 수 있도록 광고 상품을 개선하고 최적화하는 팀이에요. 이런 일을 해요 광고 상품에 필요한 스펙을 기획하고 고도화해요 데이터를 기반으로 가설을 실험하고, 핵심지표를 개선해요 광고 상품의 성과를 높이기 위한 최적화 도구를 도입하고 광고 모델링을 개선해요 서비스 및 플랫폼 부서와 협업을 주도하며 프로젝트를 매니징해요 이런 분을 찾고 있어요 PM 경력 5년 이상이신 분 광고 상품 및 플랫폼 기획 2년 이상이신 분 Programmatic 광고에 대한 관심과 기술적 이해도가 높으신 분 이런 분이면 더 좋아요! 광고 상품 전반을 기획하고 출시까지 진행해 본 경험이 있으신 분 다양한 이해관계자와 함께 커뮤니케이션하며 프로젝트를 진행한 경험이 있으신 분 온라인 광고 플랫폼 및 광고 비즈니스 생태계에 대한 이해도가 높으신 분 자기주도적으로 일하시고, 긍정적인 마인드를 보유하신 분 비즈니스 데이터를 분석하는 역량을 갖추신 분 참고해 주세요 정규직 채용의 경우 3개월의 수습기간이 있어요 ‘장애인고용촉진 및 직업재활법’, ‘국가유공자 등 예우 및 지원에 관한 법률’에 따라 장애인 및 보훈대상자는 채용 전형 시 우대하고 있어요 이렇게 합류해요 1. 서류 전형 → 2. 화상 인터뷰 → 3. 직무 인터뷰(과제) → 4. 컬처핏 인터뷰 및 레퍼런스 체크 → 5. 처우협의 → 6. 최종 합격 및 입사 👉 당근 합류 여정 가이드 바로가기 (🔗) 지원하기 자주묻는질문 목록으로 돌아가기","","","","","","","정규직","","","","","active","2026-04-04T03:21:04.920022","2026-04-04T03:21:04.920061","True"
"117","122","당근마켓","Product Designer | 알림","https://about.daangn.com/jobs/7667450003","Product Designer | 알림 당근 정규직 경력 영입정보 지원하기 Notifications를 소개해요 Notifications 팀은 당근의 가장 강력한 인게이지먼트 채널을 만들어가는 팀이에요. 알림은 앱 바깥에서 유저를 다시 당근으로 데려올 수 있는 핵심 채널이에요. 유저의 잠금화면에 직접 도달하는 만큼, 2,000만 MAU의 일상 속에서 언제, 어떻게, 왜 다시 당근을 열게 만들지 설계하는 중요한 역할을 해요. 서비스 성장에 직접 연결되는 임팩트 큰 문제를 다루는 팀이기도 하고요. 당근에는 중고거래, 알바, 부동산, 커뮤니티 등 15개 이상의 서비스가 함께 성장하고 있어요. 성장 초기의 서비스에는 유저와 빠르게 관계를 만들 수 있는 알림이 필요하고, 성숙한 서비스에는 피로감 없이 꼭 필요한 순간에 정확하게 도달하는 알림이 필요해요. Notification 팀은 이렇게 각 서비스의 목표와 유저 맥락에 맞게 알림 경험을 설계하고, 전사 차원의 앱 진입과 행동 전환을 끌어올리고 있어요. 디자이너도 단순히 화면을 설계하는 역할에 머무르지 않아요. 어떤 문제를 풀어야 하는지 정의하고, 가설을 세우고, 실험을 설계하고, 전략적인 의사결정까지 깊게 함께해요. 큰 임팩트가 있는 문제를 높은 오너십으로 풀고 싶은 분, 정답이 없는 영역에서 빠르게 실험하며 새로운 기준을 만들어가는 데 흥미를 느끼는 분이라면 특히 재미있게 일할 수 있는 팀이에요. 이런 일을 해요 알림 하나가 유저를 앱으로 데려오고, 거래를 성사시키고, 다시 돌아오게 만드는 진입부터 전환, 재방문까지 이어지는 흐름을 디자인해요 15개 이상의 서비스에서 쌓이는 알림을 유저가 한눈에 파악할 수 있도록 정보 구조, 그룹핑, 읽음/안읽음 체계를 만들고, 알림함 안에서 바로 다음 행동으로 이어지는 전환 경험을 설계해요. 유저마다 중요한 알림이 다르다는 전제 아래, 개인화와 필터링도 함께 고민해요 갓 태어난 서비스에는 유저와의 첫 루프를 만들어주고, 수천만 명이 쓰는 서비스에는 한 통의 알림이 브랜드 신뢰에 미치는 영향까지 고민해요. 같은 알림이라도 서비스의 상황에 따라 완전히 다른 설계가 필요해요 클릭률, 전환율을 넘어 ""이 알림이 없었으면 이 행동이 일어났을까?""를 증명하는 실험을 설계하고, 그 결과로 다음 방향을 결정해요 PM, 엔지니어와 함께 움직이되, 때로는 직접 문제를 정의하고 프로젝트를 이끌어요. 디자이너이면서 동시에 제품을 만드는 사람으로 일해요 이런 분과 함께하고 싶어요 3년 이상의 Mobile/Web 서비스 디자인 경험이 있는 분 디자인뿐 아니라 제품 전체의 흐름과 목표를 함께 고민할 수 있는 분 데이터를 기반으로 문제를 정의하고, 빠르게 실험하며 답을 찾아가는 방식에 익숙한 분 본인의 디자인을 논리적으로 표현하고 설득할 수 있는 분 높은 속도와 불확실한 환경 속에서도 제품에 깊이 몰입할 수 있는 분 이런 분이면 더 좋아요! 푸시 알림, 인앱 메시지, CRM 등 유저 커뮤니케이션 채널을 설계하거나 개선해 본 경험이 있는 분 PM 역할을 겸하거나, 기획부터 실험 설계까지 주도적으로 이끌어 본 경험이 있는 분 플랫폼 서비스에서 여러 서비스에 걸친 공통 경험을 설계해 본 적이 있는 분 A/B 테스트로 실제 증분 효과를 검증하고, 그 결과를 디자인에 반영해 본 분 유저 세그먼트, 개인화, 타겟팅 등 정밀한 유저 대상 설계에 관심이 많은 분 참고해 주세요 정규직 채용의 경우 3개월의 수습기간이 있어요 ‘장애인고용촉진 및 직업재활법’, ‘국가유공자 등 예우 및 지원에 관한 법률’에 따라 장애인 및 보훈대상자는 채용 전형 시 우대하고 있어요 서류 제출 시 포트폴리오는 필수로 제출해주세요 서류 전형 합격 시 과제 전형 안내를 드리며, 직무 인터뷰에서 과제와 포트폴리오에 대한 설명을 듣고 질의응답 하는 시간을 가지고 있어요 이렇게 합류해요 1. 서류 전형 → 2. 과제 전형 → 3. 직무 인터뷰 → 4. 컬처핏 인터뷰 및 레퍼런스 체크 → 5. 처우협의 → 6. 최종 합격 및 입사 👉 당근 합류 여정 가이드 바로가기 (🔗) 지원하기 자주묻는질문 목록으로 돌아가기","","","","","","","정규직","","","","","active","2026-04-04T03:21:11.981770","2026-04-04T03:21:11.981794","True"
"118","122","당근마켓","Product Designer | 로컬 비즈니스 (비즈프로필)","https://about.daangn.com/jobs/4298081003","Product Designer | 로컬 비즈니스 (비즈프로필) 당근 정규직 경력 영입정보 지원하기 Local Business를 소개해요 로컬비즈니스실은 동네업체와 유저의 적극적인 연결을 목적으로 하는 조직이에요. 현재 비즈프로필 서비스를 기반으로, 동네 상권에서 고객이 필요로 하는 서비스를 당근에서 더욱 쉽게 찾고 이용할 수 있는 경험을 만들고 있어요. 이를 위해 업종별로 다양한 서비스를 제공하는 사장님들을 모으고, 고객과 자연스럽게 연결될 수 있는 제품을 만들고 있어요. 로컬비즈니스에 관심이 있는 분과 함께 고객의 문제를 해결해 나가고 싶어요. 이런 일을 해요 비즈프로필 서비스의 UI/UX를 담당하고, 설계 과정 전반에 참여해 사장님의 서비스 운영과 CRM 활용을 고려한 사용자 경험을 만들어요 사용자와 비즈니스의 문제를 수집하고 논리적인 사고 과정을 통해 해결방안과 더 좋은 사용성을 제안해요 더 나은 사용자 경험을 위해 정량/정성적 데이터를 수집하고 가설 수립 및 검증을 반복해요 PM, 개발자 등 다양한 직군과 협업하며 제품을 함께 만들어요 이런 분과 함께하고 싶어요 3년 미만의 Mobile/Web 서비스 디자인 경험이나, 그에 준하는 역량을 갖추신 분 사용자 중심의 사고를 바탕으로 명확하고 논리적으로 커뮤니케이션 할 수 있으신 분 제품의 사용성과 비즈니스 목표를 함께 고려해 최적의 디자인을 제안할 수 있으신 분 데이터와 리서치를 기반으로 문제를 정의하고, 실험을 통해 검증해 본 경험이 있으신 분 이런 분이면 더 좋아요! 제품 초기 기획부터 구축, 운영, 모니터링까지 참여하며 서비스를 함께 성장시키고 싶으신 분 B2B, B2C, O2O 등의 서비스에 관심이 많으신 분 개발자, PM 등 다양한 직군의 동료들과 원활하게 소통하며 협업할 수 있는 분 포트폴리오는 이렇게 작성하시면 좋아요 사용자 관점에서 문제를 해결하기 위해 노력한 과정을 담아주세요 프로젝트별 역할과 기여도를 명시해 주세요 문제 해결 과정을 확인할 수 있다면 어떤 형식이든 좋아요. 장표를 꾸미는 데에 시간을 쓰지 않으셔도 괜찮아요 참고해 주세요 정규직 채용의 경우 3개월의 수습기간이 있어요 ‘장애인고용촉진 및 직업재활법’, ‘국가유공자 등 예우 및 지원에 관한 법률’에 따라 장애인 및 보훈대상자는 채용 전형 시 우대하고 있어요 이력서 및 포트폴리오는 필수 제출이며, 협업 프로젝트는 기여도와 역할을 반드시 표시해 주세요 직무 인터뷰 사전 과제 수행 시 디자인 에셋을 제공해 드려요 직무 인터뷰에서 과제와 포트폴리오에 대한 설명을 듣고 질의응답하는 시간을 가지고 있어요 이렇게 합류해요 1. 서류 전형 → 2. 화상 인터뷰 → 3. 직무 인터뷰(과제) → 4. 컬처핏 인터뷰 및 레퍼런스 체크 → 5. 처우협의 → 6. 최종 합격 및 입사 👉 당근 합류 여정 가이드 바로가기 (🔗) 지원하기 자주묻는질문 목록으로 돌아가기","","하고 있어요 이력서 및 포트폴리오는 필수 제출이며, 협업 프로젝트는 기여도와 역할을 반드시 표시해 주세요 직무 인터뷰 사전 과제 수행 시 디자인 에셋을 제공해 드려요 직무 인터뷰에서 과제와 포트폴리오에 대한 설명을 듣고 질의응답하는 시간을 가지고 있어요 이렇게 합류해요 1. 서류 전형 → 2. 화상 인터뷰 → 3. 직무 인터뷰(과제) → 4. 컬처핏 인터뷰 및 레퍼런스 체크 → 5. 처우협의 → 6. 최종 합격 및 입사 👉 당근 합류 여정 가이드 바로가기 (🔗) 지원하기 자주묻는질문 목록으로 돌아가기","","","","","정규직","","","","","active","2026-04-04T03:21:22.112293","2026-04-04T03:21:22.112325","True"
"119","122","당근마켓","Product Designer | 나의당근","https://about.daangn.com/jobs/7667500003","Product Designer | 나의당근 당근 정규직 경력 영입정보 지원하기 나의당근팀을 소개해요 나의당근팀은 '나의 당근' 탭을 당근 서비스 전반의 Engagement를 높이는 핵심 지면으로 만들어가는 팀이에요. 당근 유저는 한 번 액션을 한 뒤 '나의 당근' 탭으로 진입해 후속 행동을 이어가는 패턴을 보이고 있어요. 우리 팀은 이 흐름에 주목해, '나의 당근'이 단순한 마이페이지가 아니라 사용자의 다음 행동을 이어주는 개인화된 허브가 될 수 있다고 믿고 있어요. 당근은 동네 기반의 하이퍼로컬 서비스를 중심으로 중고거래, 알바, 부동산, 커뮤니티 등 다양한 경험을 만들어가고 있어요. 서비스마다 서로 다른 성장 단계와 전략을 가지고 있지만, 유저의 동네 생활이라는 하나의 맥락 안에서 연결돼 있어요. 우리 팀은 이러한 서비스의 맥락과 유저의 활동을 연결해, 유저에게 지금 필요한 행동과 정보를 적절한 순간에 보여주는 경험을 고민하고 있어요. 장기적으로 우리는 '나의 당근'이 관계와 거래, 활동의 기록이 쌓이고 다음 활동을 더 쉽게 시작할 수 있는 공간이 되기를 바라요. 당근 안의 여러 서비스를 더 유기적으로 연결하고, 유저가 당근 안에서 자연스럽게 다음 행동을 이어갈 수 있도록 만드는 것이 나의당근팀의 가장 큰 목표예요. 이런 일을 해요 '나의 당근' 탭에서 유저가 자기 활동을 한눈에 파악하고, 다음 행동으로 자연스럽게 이어갈 수 있는 경험을 설계해요 당근의 다양한 서비스에서 쌓이는 경험이 유저에게 실질적인 가치로 느껴지도록 구조와 흐름을 고민해요 유저가 다시 돌아오고, 더 빠르게 다음 행동을 시작하는지를 핵심 기준으로 삼고 가설을 세우고 실험해요 PM, 엔지니어와 긴밀하게 협업하며 빠르게 프로토타이핑하고, 결과를 바탕으로 다음 방향을 함께 결정해요 서비스의 성장 단계에 따라 지금 이 시점에 가장 효과적인 디자인 솔루션이 무엇인지 함께 판단하고 제안해요 이런 분과 함께하고 싶어요 프로덕트 디자이너로서 3년 이상의 경험이 있고, 모바일 서비스의 UX/UI 설계에 익숙한 분 복잡한 서비스 구조를 사용자 입장에서 단순하고 직관적인 경험으로 풀어낼 수 있는 분 데이터와 유저 리서치를 기반으로 문제를 정의하고, 디자인 의사결정의 근거를 만들어가는 분 PM, 엔지니어 등 다양한 직군과 열린 커뮤니케이션으로 협업하며 함께 문제를 풀어가는 걸 즐기는 분 ""왜 이걸 만들어야 하지?""라는 질문에서 출발해, 유저에게 진짜 필요한 것이 무엇인지 끝까지 고민하는 분 Figma 등 디자인 툴에 능숙하고, 빠르게 아이디어를 시각화해서 논의를 이끌어낼 수 있는 분 이런 분이면 더 좋아요! 플랫폼 성격의 서비스에서 여러 도메인을 아우르는 경험을 설계해 본 적이 있는 분 개인화, 추천, 피드 등 시스템 기반 UX를 설계하고 개선해 본 경험이 있는 분 A/B 테스트나 실험 설계에 참여하고, 결과를 디자인에 반영하는 사이클에 익숙한 분 제품 초기 기획부터 참여하여 구축, 운영, 모니터링까지 경험해 본 분 디자인 시스템을 구축하거나 운영해 본 경험이 있는 분 참고해 주세요 정규직 채용의 경우 3개월의 수습기간이 있어요 ‘장애인고용촉진 및 직업재활법’, ‘국가유공자 등 예우 및 지원에 관한 법률’에 따라 장애인 및 보훈대상자는 채용 전형 시 우대하고 있어요 서류 제출 시 포트폴리오는 필수로 제출해주세요 서류 전형 합격 시 과제 전형 안내를 드리며, 직무 인터뷰에서 과제와 포트폴리오에 대한 설명을 듣고 질의응답 하는 시간을 가지고 있어요 이렇게 합류해요 1. 서류 전형 → 2. 과제 전형 → 3. 직무 인터뷰 → 4. 컬처핏 인터뷰 및 레퍼런스 체크 → 5. 처우협의 → 6. 최종 합격 및 입사 👉 당근 합류 여정 가이드 바로가기 (🔗) 지원하기 자주묻는질문 목록으로 돌아가기","","하고 있어요 서류 제출 시 포트폴리오는 필수로 제출해주세요 서류 전형 합격 시 과제 전형 안내를 드리며, 직무 인터뷰에서 과제와 포트폴리오에 대한 설명을 듣고 질의응답 하는 시간을 가지고 있어요 이렇게 합류해요 1. 서류 전형 → 2. 과제 전형 → 3. 직무 인터뷰 → 4. 컬처핏 인터뷰 및 레퍼런스 체크 → 5. 처우협의 → 6. 최종 합격 및 입사 👉 당근 합류 여정 가이드 바로가기 (🔗) 지원하기 자주묻는질문 목록으로 돌아가기","","","","","정규직","","","","","active","2026-04-04T03:21:31.349520","2026-04-04T03:21:31.349546","True"
"120","122","당근마켓","Performance Marketer | 마케팅","https://about.daangn.com/jobs/7525074003","Performance Marketer | 마케팅 당근 정규직 경력 영입정보 지원하기 마케팅팀을 소개해요 당근은 활발한 교류가 있는 지역 생활 커뮤니티를 지향해요. 중고거래, 알바, 부동산, 비즈니스 등 여러 서비스들이 작은 스타트업처럼 움직이며 이 가치를 실현해나가고 있어요. 당근의 여러 서비스들과 함께 잘 성장하는 것이 가장 중요한 마케팅팀의 역할이에요. 마케팅팀은 현재 총 13명으로 퍼포먼스, 브랜드, CRM 등을 중심으로 여러 분야의 마케터들이 “어떻게 하면 사용자들이 당근을 더 좋아하게 만들 수 있을까?” 라는 고민을 하며 일하고 있어요. 지금도 마케팅팀은 사용자에게 공감을 얻기 위한 새로운 시도와 도전을 끊임없이 하며 당근의 가치를 전달하기 위해 노력하고 있어요. 마케팅팀은 당근의 서비스 규모 대비 작은 팀이에요. 그렇기 때문에 몰입의 에너지를 중요하게 여겨요. 팀원 한 명 한 명은 자율성과 책임감을 가지고 서비스 성장을 위한 다양한 마케팅을 수행하고 있어요. 이런 일을 해요 당근 서비스 성장을 위한 퍼포먼스 마케팅 전략을 수립하고 실행해요 다양한 퍼포먼스 매체 및 채널에서 직접 캠페인을 운영(Self-serving)하며 성과를 최적화해요 데이터를 기반으로 가설을 수립하고 다양한 마케팅 시도를 통해 성과를 지속적으로 개선해요 유저 분석과 세그먼트 발굴, 크리에이티브 기획, 캠페인 집행 및 성과 분석까지 전 과정을 주도적으로 실행해요 업무 수행에 필요한 유관부서와의 커뮤니케이션을 담당하고, MMP 등 외부 파트너사 및 대행사와 협업해요 이런 분과 함께하고 싶어요 앱 서비스의 퍼포먼스 마케팅 경력이 5년 이상인 분 다양한 퍼포먼스 매체에 대한 이해와 운영 경험을 바탕으로, 팀의 목표 달성을 위한 퍼포먼스 마케팅 전략을 제시할 수 있는 분 인지부터 유입, 액션 전환, 리텐션까지 풀퍼널에 걸친 퍼포먼스 마케팅 액션을 통해 핵심 비즈니스 지표를 개선한 경험이 있는 분 MMP 및 내부 데이터를 기반으로 데이터를 분석하고, 논리적인 문제 해결 방안을 도출하는 데에 익숙한 분 여러 유관부서 및 파트너사와 원활하게 협업하며 주도적으로 성과를 만들어 본 분 이런 분이면 더 좋아요! 마켓플레이스/모바일 플랫폼 기업에서 퍼포먼스 마케팅 경험이 있는 분 이벤트, 프로모션 등 다양한 마케팅 액션을 기획하고 협업을 통해 성과 개선을 만들어 본 경험이 있는 분 최신 마케팅 및 광고 기술(MarTech&AdTech) 트렌드에 관심이 있고, 이를 실제 업무에 빠르게 적용해 보려는 시도를 즐기는 분 마케팅 데이터 마트 및 대시보드 구축, 리포팅 자동화에 대한 경험이 있는 분 정해진 업무 외에도 주도적으로 문제를 발견하고 개선 방안을 제안하는 분 참고해 주세요 정규직 채용의 경우 3개월의 수습기간이 있어요 ‘장애인고용촉진 및 직업재활법’, ‘국가유공자 등 예우 및 지원에 관한 법률’에 따라 장애인 및 보훈대상자는 채용 전형 시 우대하고 있어요 포트폴리오(필수)는 PDF로 제출해 주시고 프로젝트별 기여도를 표시해 주세요 화상 인터뷰 합격 시 직무 인터뷰 전 사전과제를 배부해드리고 있어요. 이렇게 합류해요 1. 서류 접수 → 2. 화상 인터뷰 → 3. 직무 인터뷰(사전과제 포함) → 4. 컬처핏 인터뷰 및 레퍼런스 체크 → 5. 처우협의 → 6. 최종 합격 및 입사 👉 당근 합류 여정 가이드 바로가기 (🔗) 지원하기 자주묻는질문 목록으로 돌아가기","","","","","","","정규직","","","","","active","2026-04-04T03:21:34.249332","2026-04-04T03:21:34.249384","True"
"121","122","당근마켓","Operations Manager | 당근페이","https://about.daangn.com/jobs/7478943003","Operations Manager | 당근페이 당근페이 정규직 경력 영입정보 지원하기 당근페이를 소개해요 당근페이는 지역에서 일어나는 다양한 거래를 연결해요. 중고거래, 부동산, 중고차 거래 뿐만 아니라 우리가 생활하는 동네에서도 누구나 쉽고 간편하게 이용할 수 있는 금융서비스를 만들어 나가는 것을 목표로 하고 있어요. 이런 일을 해요 당근페이에서 제공하는 다양한 서비스별 운영 정책을 기획·수립하고, 최적의 프로세스를 설계하여 서비스 전반의 운영 경험을 주도해요 데이터와 유저 CS를 기반으로 서비스 전반의 고객 경험을 분석하고, 이를 토대로 개선 방향을 설계해요 리스크나 운영 이슈가 발생했을 때 신속하게 원인을 파악하고 처리하여 안정적인 서비스 경험을 보장해요 이런 분과 함께하고 싶어요 서비스 정책을 세우고 운영 프로세스를 설계·고도화해본 경험이 있으며, 이를 통해 서비스 운영 전반을 기획할 수 있는 역량을 갖추신 분 데이터나 유저 VOC를 기반으로 운영 상의 페인포인트를 발견하고, 근본 원인을 분석해 개선 방안을 직접 실행해본 경험과 문제 해결 역량을 보유하신 분 다양한 운영 리스크 상황을 관리·대응해본 경험이 있고, 안정적인 서비스 경험을 보장할 수 있는 역량을 갖추신 분 이런 분이면 더 좋아요! 3년 이상의 서비스 운영/기획 경험이 있으신 분 핀테크, 카드, PG 등 금융업에서 서비스 운영 경험이 있으신 분 운영 효율화 도구를 기획·개선·자동화한 경험이 있으며, 이를 통해 더 나은 운영 환경을 만들 수 있는 분 참고해 주세요 정규직 채용의 경우 3개월의 수습기간이 있어요 장애인고용촉진 및 직업재활법’, ‘국가유공자 등 예우 및 지원에 관한 법률’에 따라 장애인 및 보훈대상자는 채용 전형 시 우대하고 있어요 본 포지션은 서류 제출 시 사전과제를 함께 제출 해주셔야 해요. 과제 안내 를 참고해 작성된 과제를 첨부해 주세요. 이렇게 합류해요 1. 서류 전형 (과제 포함) → 2. 직무 인터뷰 → 3. 컬처핏 인터뷰 및 레퍼런스 체크 → 4. 처우협의 → 5. 최종 합격 및 입사 👉 당근 합류 여정 가이드 바로가기 (🔗) 지원하기 자주묻는질문 목록으로 돌아가기","","하고 있어요 본 포지션은 서류 제출 시 사전과제를 함께 제출 해주셔야 해요. 과제 안내 를 참고해 작성된 과제를 첨부해 주세요. 이렇게 합류해요 1. 서류 전형 (과제 포함) → 2. 직무 인터뷰 → 3. 컬처핏 인터뷰 및 레퍼런스 체크 → 4. 처우협의 → 5. 최종 합격 및 입사 👉 당근 합류 여정 가이드 바로가기 (🔗) 지원하기 자주묻는질문 목록으로 돌아가기","","","","","정규직","","","","","active","2026-04-04T03:21:45.349620","2026-04-04T03:21:45.349651","True"
"122","122","당근마켓","Operations Manager  | 로컬 잡스","https://about.daangn.com/jobs/7611095003","Operations Manager | 로컬 잡스 당근 정규직 경력 영입정보 지원하기 당근알바팀을 소개해요 당근알바팀은 누구나, 언제든지 필요한 일손과 일자리를 구할 수 있도록 동네이웃들을 효율적이고, 안전하게 연결하고자 해요. 동네에서 일어나는 연결점을 강화해 따뜻하고 활발한 교류가 있는 지역사회를 만들려는 당근의 비전을 이루기 위한 도전을 하고 있어요. 우리는 단순히 구인공고와 구직자를 연결하는 것에서 나아가, 좋은 사장님과 좋은 알바생이 더 돋보일 수 있는 공간을 만들고 있어요. 빠르게 성장하는 서비스를 꼼꼼하게 챙기고, 같이 개선할 분을 찾고 있어요. 🥕당근알바 팀원을 소개해요 🥕당근알바 Trust&Safety Vision을 소개해요 이런 일을 해요 Operations Manager는 당근알바의 안전한 서비스 환경(Safety System)을 만드는 역할을 해요 당근알바의 안전을 위협하거나, 운영정책을 위반하는 사례들을 효율적으로 탐색하고 대응할 수 있는 시스템을 만들어요 발견된 새로운 패턴들에 대한 정책을 정의하고, 룰을 정비해 안전한 운영환경을 만들어요 내부 운영툴 (LLM/Agent)를 활용하여, AI 기반의 운영시스템 고도화에 대해 고민하고 체계를 만들어요 다양한 유저의 CS를 귀 기울여 듣고, 그에 맞는 가이드와 FAQ를 발행해요 이런 분과 함께하고 싶어요 AI·LLM을 활용해 업무를 자동화하거나 효율화, 분석하는데 관심이 많으신 분 서비스 정책을 세우고 운영 프로세스를 설계·고도화해본 경험이 있으며, 이를 통해 서비스 운영 전반을 기획할 수 있는 역량을 갖추신 분 다양한 운영 리스크 상황을 관리·대응해본 경험이 있고, 안정적인 서비스 경험을 보장할 수 있는 역량을 갖추신 분 이런 분이면 더 좋아요! 2년 이상의 서비스 운영/기획 경험이 있으신 분 SQL 등으로 데이터를 추출·분석하고, 이를 통해 인사이트를 도출해본 경험이 있으신 분 참고해 주세요 정규직 채용의 경우 3개월의 수습기간이 있어요 ‘장애인고용촉진 및 직업재활법’, ‘국가유공자 등 예우 및 지원에 관한 법률’에 따라 장애인 및 보훈대상자는 채용 전형 시 우대하고 있어요 화상 인터뷰 합격 시 사전과제를 안내드릴 예정이며, 직무 인터뷰에서 과제에 대한 설명을 듣고 질의응답하는 시간을 가지고 있어요 이렇게 합류해요 1. 서류 전형 → 2. 화상 인터뷰 → 3. 직무 인터뷰(사전과제) → 4. 컬처핏 인터뷰 및 레퍼런스 체크 → 5. 처우협의 → 6. 최종 합격 및 입사 👉 당근 합류 여정 가이드 바로가기 (🔗) 지원하기 자주묻는질문 목록으로 돌아가기","","하고 있어요 화상 인터뷰 합격 시 사전과제를 안내드릴 예정이며, 직무 인터뷰에서 과제에 대한 설명을 듣고 질의응답하는 시간을 가지고 있어요 이렇게 합류해요 1. 서류 전형 → 2. 화상 인터뷰 → 3. 직무 인터뷰(사전과제) → 4. 컬처핏 인터뷰 및 레퍼런스 체크 → 5. 처우협의 → 6. 최종 합격 및 입사 👉 당근 합류 여정 가이드 바로가기 (🔗) 지원하기 자주묻는질문 목록으로 돌아가기","","","","","정규직","","","","","active","2026-04-04T03:21:52.664130","2026-04-04T03:21:52.664156","True"
"123","122","당근마켓","Network Engineer | 인프라 (네트워크, Cloud)","https://about.daangn.com/jobs/5004587003","Network Engineer | 인프라 (네트워크, Cloud) 당근 정규직 경력 영입정보 지원하기 네트워크팀을 소개해요 네트워크팀은 당근 고객에게 보다 안전하고 빠른 네트워크 서비스를 제공하는 것을 목표로 하고 있어요. 하이퍼로컬 비즈니스에 최적화된 네트워크 환경과 글로벌 서비스 네트워크를 설계하고 운영하며, 당근 사용자가 끊김 없이 연결될 수 있도록 인프라의 안정성과 확장성을 책임지고 있어요. 반복적인 운영 업무를 자동화하여 효율성을 높이고, 네트워크 전반의 트래픽 흐름과 상태를 실시간으로 가시화하여 장애를 빠르게 탐지하고 선제적으로 대응하고 있어요. 또한 트래픽 급증 상황에서도 서비스 품질을 유지하고, 네트워크 보안 위협으로부터 플랫폼을 보호하는 것이 저희의 핵심 역할이에요. 이런 일을 해요 당근의 Service/Office Network Architecture를 설계하고 운영해요.(Cloud, Wired, Wireless) Network Security Architecture를 설계하고 운영해요. Network Observability 플랫폼과 Automation 플랫폼을 개발하고 운영해요. 이런 분과 함께하고 싶어요 Network Engineering 실무 경험이 5년 이상이신 분 OSPF, BGP 등 Dynamic Routing Protocol에 대한 이해와 운영 경험이 있으신 분 AWS 또는 GCP 클라우드 네트워크 환경에 대한 이해와 운영 경험이 있으신 분(VPC, TGW, NAT Gateway, Cloud-WAN, Direct Connect, Cloud Router, Interconnect) Firewall 또는 SASE 운영 경험이 있으신 분(AWS Network Firewall, PaloAlto, Fortinet 등) 네트워크 모니터링 시스템 구축 경험이 있으신 분 네트워크 패킷 분석을 통한 Troubleshooting이 가능하신 분 해외 출장의 결격 사유가 없으신 분 이런 분이면 더 좋아요! IT기업 또는 대규모 클라우드 서비스 환경에서의 네트워크 운영 경험이 있으신 분 Kubernetes 환경에 대한 이해가 깊으신 분 유/무선 네트워크 장비 운영 경험이 있으신 분(Router, Switch, Wireless Controller, Access Point) 제로트러스트 프레임워크에 대한 이해가 깊으신 분 네트워크 패킷을 분석하여 패턴 및 시그니처 기반 보안 위협을 차단한 경험이 있으신 분 네트워크 모니터링 플랫폼 개발이나 자동화에 관심이 많으신 분(Go, Python 등) Ansible 또는 Terraform 같은 IaC에 능숙하신 분 참고해 주세요 정규직 채용의 경우 3개월의 수습기간이 있어요 장애인고용촉진 및 직업재활법’, ‘국가유공자 등 예우 및 지원에 관한 법률’에 따라 장애인 및 보훈대상자는 채용 전형 시 우대하고 있어요 화상 인터뷰 합격 시 과제를 안내드릴 예정이며, 직무 인터뷰에서 과제에 대한 설명을 듣고 질의응답하는 시간을 가지고 있어요 이렇게 합류해요 1. 서류 전형 → 2. 화상 인터뷰 → 3. 직무 인터뷰(과제) → 4. 컬처핏 인터뷰 및 레퍼런스 체크 → 5. 처우 협의 → 6. 최종 합격 👉 당근 합류 여정 가이드 바로가기 (🔗) 지원하기 자주묻는질문 목록으로 돌아가기","","","","","","","정규직","","","","","active","2026-04-04T03:21:56.423354","2026-04-04T03:21:56.423392","True"
"124","122","당근마켓","HRBP | 경영지원 (피플)","https://about.daangn.com/jobs/6645636003","HRBP | 경영지원 (피플) 당근 정규직 경력 영입정보 지원하기 피플팀을 소개해요 피플팀은 당근의 성장과 구성원들의 몰입을 위해 지속 가능한 조직 운영 체계를 만들어가고 있어요. 탁월한 동료들과 함께, 일반적인 HR을 넘어 제품과 서비스의 성공에 기여하는 비즈니스 파트너를 지향해요. 빠르게 변화하는 환경 속에서도 깊이 고민하고 치열하게 몰입하며, 높은 기준으로 실질적인 성과를 만들어가는 것을 즐기는 분과 함께하고 싶어요. 조직과 사람 모두를 이해하고, 시스템 관점에서 성과를 만들어나가는 역할에 공감하신다면 정말 잘맞으실 거예요! 이런 일을 해요 담당 조직의 리더십과 한 팀이 되어 구성원들과 조직의 성장과 성공을 설계하는 역할을 해요 조직의 성장 단계에 맞춰 구조를 설계하고, 변화관리를 주도해요 채용부터 온보딩, 성과관리, 피드백 문화까지 구성원의 여정을 전반적으로 책임져요 채용 브랜딩 전략 수립 및 캠페인 기획, 후보자 경험 설계 및 개선, 인터뷰어 교육, 채용 프로세스 최적화 등 전사 관점에서 전략적 채용 과제를 정의하고 실행해요 이런 분을 찾고 있어요 3년 이상 HRBP, Recruiting Business Partner, Recruiting Manager, HR Manager 등 역할을 수행하며 조직의 성장에 적극적으로 기여한 경험이 있는 분 빠르게 변화하는 환경에서 전략적 관점을 갖고 문제를 정의하고, 강도 높게 몰입해 성과를 만들어본 경험이 있는 분 정형화되지 않은 문제나 불확실한 상황에서도 유연하게 대응하고, 적절한 판단을 내릴 수 있는 분 구성원과 리더 모두와 신뢰를 기반으로 커뮤니케이션을 조율하고, 실행한 경험이 있는 분 이런 분이면 더 좋아요! AI 도구를 활용해 반복적인 업무를 자동화하거나, 팀의 생산성을 향상시킨 경험이 있는 분 ATS 및 HR 시스템을 잘 활용해 운영 효율과 채용 경험을 개선한 경험이 있는 분 빠르게 변화하고 성장하는 조직의 속도와 리듬에 익숙하고, 그 환경을 즐기며 일해본 분 참고해 주세요 정규직 채용의 경우 3개월의 수습기간이 있어요 ‘장애인고용촉진 및 직업재활법’, ‘국가유공자 등 예우 및 지원에 관한 법률’에 따라 장애인 및 보훈대상자는 채용 전형 시 우대하고 있어요 이렇게 합류해요 서류 전형 → 2. 화상 인터뷰 → 3. 직무 인터뷰(사전과제 포함) → 4. 컬처핏 인터뷰 및 레퍼런스 체크 → 5. 처우협의 → 6. 최종 합격 및 입사 👉 당근 합류 여정 가이드 바로가기(🔗) 지원하기 자주묻는질문 목록으로 돌아가기","","하고 있어요 이렇게 합류해요 서류 전형 → 2. 화상 인터뷰 → 3. 직무 인터뷰(사전과제 포함) → 4. 컬처핏 인터뷰 및 레퍼런스 체크 → 5. 처우협의 → 6. 최종 합격 및 입사 👉 당근 합류 여정 가이드 바로가기(🔗) 지원하기 자주묻는질문 목록으로 돌아가기","","","","","정규직","","","","","active","2026-04-04T03:22:07.279114","2026-04-04T03:22:07.279143","True"
"125","122","당근마켓","Growth Manager (계약직) | 로컬 잡스","https://about.daangn.com/jobs/7673064003","Growth Manager (계약직) | 로컬 잡스 당근 계약직 경력/신입 영입정보 지원하기 Local Jobs를 소개해요 Local Jobs는 국내에는 존재하지 않던 마켓플레이스를 만드는 팀이에요. 우리는 일자리를 찾는 방식을 완전히 새롭게 정의하고 있어요. 이웃과 이웃이 만나 동네라는 공간이 새로운 가능성이 되도록, 프로덕트 전문가들이 모여 당근의 비전을 이루기 위한 도전을 하고 있어요. 🥕 Local Jobs 팀원을 소개해요 이렇게 일해요 🥕 당근 블로그, <Local Jobs 엔지니어는 어떻게 사고하고 결정할까> 🥕 당근 블로그, <Local Jobs 엔지니어는 어떻게 행동하고 협업할까> 🥕 당근 테크밋업, <GraphQL Schema 기반 협업으로 생산성을 높이는 Local Jobs 엔지니어링 문화> 🥕 당근 테크밋업, <Local Jobs 초기 엔지니어링 전략: 빠르게, 빠르게, 더 빠르게> 🥕 Local Jobs 디자이너 인터뷰, <하나의 가설로 극한의 성과를> 🥕 Local Jobs PM 인터뷰, <당근의 동력은 오너십> 🥕 Local Jobs 리더 인터뷰, <서비스 성장을 가속하는 팀워크를 만드는 법> 이렇게 일해요 🥕 Local Jobs 팀원을 소개해요 🥕 당근 블로그, <Local Jobs 엔지니어는 어떻게 사고하고 결정할까> 🥕 당근 블로그, <Local Jobs 엔지니어는 어떻게 행동하고 협업할까> 이런 일을 해요 유저 인터뷰, 데이터 분석 등을 통해 당근알바를 사용하는 여러 페르소나의 유저들을 온전히 이해해요 유저가 고민할 수 있는 지점을 개선하고, 서비스의 매력을 느낄 수 있도록 만들어가요 PM, 엔지니어와 긴밀하게 협업하여 각 성장 단계에 맞는 그로스 아이템을 설계하고, 실행부터 분석까지 주도해요 프로모션, CRM 등 다양한 수단을 실험하며 최적의 성장 방정식을 찾아가요 실험 결과를 분석하고 레슨런을 도출해서, 반복 가능한 성장 플레이북을 만들어가요 실험을 통해 검증한 성장 방법을 다른 영역에 활용하거나 scalable한 방식으로 전환하는 등, 서비스 전체의 관점에서 성장을 설계해요 이런 분과 함께하고 싶어요 3년 이하의 그로스, CRM, 프로모션 기획/운영 경험이 있는 분 주도적으로 업무를 진행하고 논리적인 커뮤니케이션 능력을 갖춘 분 유저의 문제 정의 - 가설수립 - 실험의 과정을 주도적으로 설계하고 수행할 수 있는 분 데이터를 분석하고 결과 기반으로 팀을 설득하고 의사결정을 진행해나갈 수 있는 분 몰입도 있게 일하는 것을 좋아하는 분 이런 분이면 더 좋아요! 모바일 제품의 그로스 및 커뮤니티 제품에 대한 관심과 이해도가 높은 분 프로젝트를 주도적으로 이끌고 성공/실패와 관계없이 유의미한 결과물을 만들어 본 경험이 있는 분 여러 서비스 또는 프로덕트를 동시에 다뤄본 경험이 있는 분 데이터 분석 도구(SQL 또는 기본 분석 툴)를 활용해 실험 설계(A/B 테스트 등)를 직접 해본 경험이 있는 분 프로모션이나 마케팅 캠페인을 직접 기획하고 운영해본 경험이 있는 분 참고해 주세요 본 포지션은 최초 3개월 계약 후 평가를 통해 9개월 연장 여부를 결정하는 포지션이에요 장애인고용촉진 및 직업재활법’, ‘국가유공자 등 예우 및 지원에 관한 법률’에 따라 장애인 및 보훈대상자는 채용 전형 시 우대하고 있어요 서류 제출 시 포트폴리오(PDF)를 함께 제출해주세요 이렇게 합류해요 1. 서류 전형(포트폴리오 필수) → 2. 직무 인터뷰 → 3. 최종합격 👉 당근 합류 여정 가이드 바로 가기 (🔗) 지원하기 자주묻는질문 목록으로 돌아가기","","하고 있어요 서류 제출 시 포트폴리오(PDF)를 함께 제출해주세요 이렇게 합류해요 1. 서류 전형(포트폴리오 필수) → 2. 직무 인터뷰 → 3. 최종합격 👉 당근 합류 여정 가이드 바로 가기 (🔗) 지원하기 자주묻는질문 목록으로 돌아가기","","","","","계약직","","","","","active","2026-04-04T03:22:15.622979","2026-04-04T03:22:15.623004","True"
"126","122","당근마켓","FP&A Manager | 재무 (경영관리)","https://about.daangn.com/jobs/6238656003","FP&A Manager | 재무 (경영관리) 당근 정규직 경력 영입정보 지원하기 경영관리팀을 소개해요 경영관리팀(FP&A)은 당근의 국내외 사업 성장을 숫자로 풀어내는 팀이에요. 전사 및 각 조직의 예산 수립부터 실적 분석, 중장기 추정, 경쟁사 리서치 등 숫자를 통해 비지니스의 방향성을 함께 만들어가는 역할을 해요. 빠르게 성장하는 당근에서, 사업과 데이터를 깊이 있게 이해하고 전사 의사 결정에 인사이트를 더할 동료를 기다리고 있어요. 이런 일을 해요 당근마켓 및 자회사의 경영계획을 수립하고 장·단기 손익을 추정해요 당근마켓 및 자회사의 월간 손익에 대한 Report를 작성하고, 월간 추세와 목표와의 차이를 정교하게 분석해요 전사의 예산 검토를 수행하며 예산, 결제 등과 관련한 사내 프로세스 및 시스템의 고도화를 추진해요 주요 지표의 흐름을 분석하여 매출과 연결된 의미 있는 시사점을 도출해요 국내외 동종업계 실적 현황 및 예상 실적 컨센서스를 모니터링 해요 이런 분을 찾고 있어요 5~7년의 경영관리 업무 수행 경력이 있으신 분 관리회계 및 경영계획 수립을 주도적으로 수행한 경험이 있으신 분 숫자와 데이터로 문제를 분석하고, 인사이트를 도출하는 데 충분한 스킬을 보유하신 분 능숙한 커뮤니케이션을 바탕으로 유관 부서의 업무 협업에 유연하신 분 IT 서비스 관련 업무 경험이 있거나 충분한 식견 또는 관심을 가지신 분 이런 분이면 더 좋아요! 회계 업무 수행의 경험이 있거나 관련하여 충분한 식견을 가지신 분 경영관리, 예산, 회계와 관련된 사내 시스템의 기획 및 고도화 경험이 있으신 분 참고해 주세요 정규직 채용의 경우 3개월의 수습기간이 있어요 ‘장애인고용촉진 및 직업재활법’, ‘국가유공자 등 예우 및 지원에 관한 법률’에 따라 장애인 및 보훈대상자는 채용 전형 시 우대하고 있어요 이렇게 합류해요 1. 서류 전형 → 2. 화상 인터뷰 → 3. 직무 인터뷰(과제) → 4. 컬처핏 인터뷰 및 레퍼런스 체크 → 5. 처우협의 → 6. 최종 합격 및 입사 👉 당근 합류 여정 가이드 바로가기(🔗) 지원하기 자주묻는질문 목록으로 돌아가기","","","","","","","정규직","","","","","active","2026-04-04T03:22:20.509745","2026-04-04T03:22:20.509764","True"
"127","122","당근마켓","Data Analytics Engineer | 테크코어 (데이터 가치화)","https://about.daangn.com/jobs/7507320003","Data Analytics Engineer | 테크코어 (데이터 가치화) 당근 정규직 경력 영입정보 지원하기 데이터 가치화 팀을 소개해요 당근 팀은 동네 안에서 연결되지 못한 가치있는 정보를 발견하고, 지역 생활 속의 불편함을 해결하기 위해 모였어요. 이러한 사용자 가치를 만들어내기 위해서는 사용자들에 대한 믿을 수 있는 정보를 손쉽게 접근해서 의사결정에 반영할 수 있어야 해요. 당근은 의사결정에 수많은 데이터를 이미 활용하고 있지만, 당근의 데이터의 가치를 극대화하기 위해서는 많은 변화가 필요해요. 데이터 가치화 팀의 비전은 ""매일 데이터를 통해 사용자를 위한 의사결정을 한다""예요. 이 비전을 실현하기 위해 데이터 가치화의 문제를 주도적으로 고민하고, 이를 해결하는 데 앞장서요. Data Analytics Engineer를 소개해요 Data Analytics Engineer는 데이터가 신뢰할 수 있고 일관되게 활용되며, 실제 비즈니스와 사용자에게 가치를 제공할 수 있도록 데이터 모델링, 엔지니어링, 분석을 넘나들며 일해요. 당근의 다양한 서비스와 규모 있는 데이터 환경 속에서 분석가, 엔지니어, 제품팀이 데이터를 안정적으로 활용할 수 있도록 데이터의 수집부터 활용까지 전반적인 흐름을 주도적으로 설계하고 개선해요. 또한 데이터가 단순히 쌓이는 것을 넘어, 데이터로부터 빠르고 정확하게 인사이트를 얻고 좋은 의사결정을 할 수 있도록 데이터 마트를 설계하고 품질을 관리하며, 데이터 거버넌스 체계를 운영하고 필요에 따라 기본적인 분석이나 실험을 수행해 데이터 기반 의사결정을 지원해요. 🥕 당근과 함께 성장해온 데이터 가치화 팀의 여정 알아보기 (구글 데이터 웨비나) 🥕 당근 지표 플랫폼 KarrotMetrics 알아보기 🥕 당근이 DBT와 Airflow를 도입하며 마주한 7가지 문제들 🥕 당근의 데이터 엔지니어가 알려주는 DBT로 쉽게 모델링하는 방법 (2024 데이터야 놀자 컨퍼런스) 🥕 당근 데이터 지도를 그리다: 컬럼 레벨 리니지 구축기 🥕 매번 다 퍼올 필요 없잖아? 당근의 MongoDB CDC 구축기 🥕 당근은 왜 User Activation을 전사 공통 데이터 레이어로 만들었을까? 이런 일을 해요 전사 주요 데이터 마트(Fact/Dimension/Feature/Segment 등) 설계 및 운영을 주도해요 전사 주요 지표를 정의하고 정리하며, 체계화된 구조를 만들어요 전사 주요 지표 및 실험 지표의 정의와 산출 로직을 데이터 파이프라인 전반에서 검증하고 디버깅해요 데이터 모델링과 품질 관리를 통해 신뢰도 높은 데이터 환경을 구축하고, 운영 중 관측성(Observability)과 자동화된 품질 체크를 통해 문제를 조기에 발견하고 해결해요 데이터 거버넌스 체계 운영과 문서화를 통해 조직 전체의 데이터 신뢰성을 높여요 BI 툴과 데이터 카탈로그를 활용해 구성원들이 데이터를 쉽게 탐색하고 이해할 수 있는 환경을 만들어요. 이런 분과 함께하고 싶어요 데이터 모델링/ETL/데이터 마트 구축 경험이 있으신 분 단일 모델 수준이 아닌, 데이터 파이프라인 전반의 데이터 품질 관리, 정합성 검증 경험이 있으신 분 SQL, Python을 활용해 데이터를 분석하고 처리할 수 있으신 분 다양한 직군(분석가, PM, 엔지니어)과 협업 및 커뮤니케이션으로 효율적인 데이터 구조를 설계해보신 분 이런 분이면 더 좋아요! 전사 주요 지표를 정의 및 관리 해보신 분 대규모 데이터를 Airflow나 DBT와 같은 도구를 효율적으로 분석에 활용하실 수 있는 분 A/B 테스트에 대한 통계적 이해를 가지신 분 AWS, GCP 등 클라우드 환경에서 데이터 파이프라인 및 인프라를 운영해본 경험이 있으신 분 데이터 거버넌스 및 메타데이터 관리 시스템(DataHub 등) 운영 경험이 있으신 분 참고해 주세요 정규직 채용의 경우 3개월의 수습기간이 있어요 ‘장애인고용촉진 및 직업재활법’, ‘국가유공자 등 예우 및 지원에 관한 법률’에 따라 장애인 및 보훈대상자는 채용 전형 시 우대하고 있어요 본 포지션은 화상 인터뷰에서 라이브 코딩 테스트가 예정되어 있어요 이렇게 합류해요 1. 서류 전형 → 2. 화상 인터뷰(라이브 코딩 테스트) → 3. 직무 인터뷰 → 4. 컬처핏 인터뷰 및 레퍼런스 체크 → 5. 처우협의 → 6. 최종 합격 및 입사 👉 당근 합류 여정 가이드 바로가기 (🔗) 지원하기 자주묻는질문 목록으로 돌아가기","","","","","","","정규직","","","","","active","2026-04-04T03:22:25.641286","2026-04-04T03:22:25.641313","True"
"128","122","당근마켓","Data Analytics Engineer (인턴) | 로컬 비즈니스","https://about.daangn.com/jobs/7580570003","Data Analytics Engineer (인턴) | 로컬 비즈니스 당근 인턴 경력/신입 영입정보 지원하기 Local Business 데이터팀을 소개해요 Local Business 데이터팀은 동네 이웃과 업체의 연결이 더 활발해지도록 데이터로 길을 찾는 일을 해요. 사용자와 사장님 양쪽의 행동과 니즈를 깊이 이해하고, 이를 바탕으로 서비스가 나아갈 방향을 함께 고민해요. 숫자 뒤에 숨은 맥락을 읽고, 로컬 상권 생태계의 지속 가능한 성장을 만들어가는 전략을 지원하는 역할을 하고 있어요. 이런 일을 해요 로그 성격의 데이터를 구성원들이 신뢰하고 활용도 높게 사용할 수 있는 마트 데이터로 만들어요 Tableau, Superset 등의 BI 툴에 사용될 데이터 소스를 마트 테이블로 가공하고 시각적으로 직관적인 대시보드를 구성해요 이런 분과 함께하고 싶어요 SQL, Python을 활용해 데이터를 분석하고 처리한 경험이 있는 분 구성원 활용도가 높은 마트 테이블을 서빙하실 수 있는 분 데이터 모델링/ETL/데이터 웨어하우스 사용 경험이 있는 분 다양한 직군(분석가, PM, 엔지니어)과 협업 및 커뮤니케이션으로 효율적인 데이터 구조를 설계해본 분 이런 분이면 더 좋아요 이벤트 트래킹 설계나 로그 QA 등 경험이 있는 분 AI를 활용한 데이터 분석 및 서빙을 시도한 경험이 있는 분 대규모 데이터를 Airflow나 DBT와 같은 도구를 사용해 처리한 경험이 있는 분 GCP, AWS 등 클라우드 환경에서의 데이터 파이프라인 및 인프라에 대한 경험이 있는 분 Superset, Tableau 등 BI 툴을 활용해 비즈니스 현황을 리포트하신 경험이 있는 분 참고해 주세요 본 포지션은 3개월 근무 후 평가에 따라 3개월 연장 여부를 결정하는 체험형 인턴 포지션이에요 ‘장애인고용촉진 및 직업재활법’, ‘국가유공자 등 예우 및 지원에 관한 법률’에 따라 장애인 및 보훈대상자는 채용 전형 시 우대하고 있어요 서류 마감일은 4월 5일 일요일 오후 23시 59분까지 이며, 상황에 따라 조기 마감 및 기간 연장이 가능해요 직무 인터뷰에서 분석을 위한 간단한 SQL 쿼리 테스트가 진행될 예정이에요 최종 합격 시 4월 26일 입사 예정 이며, 입사일은 변경될 수 있어요 이렇게 합류해요 1. 서류 전형 → 2. 직무 인터뷰(라이브 쿼리 테스트) → 3. 최종 합격 👉 당근 합류 여정 가이드 바로가기 (🔗) 지원하기 자주묻는질문 목록으로 돌아가기","","하고 있어요 서류 마감일은 4월 5일 일요일 오후 23시 59분까지 이며, 상황에 따라 조기 마감 및 기간 연장이 가능해요 직무 인터뷰에서 분석을 위한 간단한 SQL 쿼리 테스트가 진행될 예정이에요 최종 합격 시 4월 26일 입사 예정 이며, 입사일은 변경될 수 있어요 이렇게 합류해요 1. 서류 전형 → 2. 직무 인터뷰(라이브 쿼리 테스트) → 3. 최종 합격 👉 당근 합류 여정 가이드 바로가기 (🔗) 지원하기 자주묻는질문 목록으로 돌아가기","","","","","인턴","","","","","active","2026-04-04T03:22:33.305375","2026-04-04T03:22:33.305406","True"
"129","122","당근마켓","Data Analyst","https://about.daangn.com/jobs/6775986003","Data Analyst 당근 정규직 경력 영입정보 지원하기 Data Analyst를 소개해요 당근의 비전은 ""동네 이웃 간의 연결을 도와 따뜻하고 활발한 교류가 있는 지역 사회""를 만드는 것이에요. 이 비전을 이루기 위해 크고 작은 의사결정으로 제품을 만들고 발전시키고 있어요. Data Analyst는 데이터를 통해 이 의사결정의 질을 지속해서 높여나가야 해요. 당근의 Data Analyst는 제품에서 발생하는 수많은 데이터를 통해 사용자가 원하는 것이 무엇인지, 제품이 어떤 방향으로 발전해야 하는지에 대한 인사이트를 발굴해요. 목적 조직과 긴밀하게 소통하면서 팀이 풀어야 할 문제를 데이터 분석 과제로 정의하고, 여기서 얻은 인사이트를 구성원 모두가 이해할 수 있도록 전달해요. 이를 통해 의사결정을 올바른 방향으로 이끌어감으로써 당근의 성장에 기여하고 있어요. 이런 일을 해요 Data Analyst는 Data Analyst Chapter에 소속됨과 동시에 특정 사업 조직이나 전사 조직에 소속되어 있어요 제품 성장과 사용자 경험 개선에 필요한 데이터 분석 과제를 정의해요. 제품, 유저 행동, 마케팅, 매출 등 다양한 차원의 데이터를 분석하고 이를 바탕으로 인사이트와 전략을 제시해요. 전사 목표와 팀의 목표가 지표로 체계화, 구조화될 수 있도록 해요. 이에 대해 구성원 누구나 접근 가능한 환경을 만들어요. 목표 달성을 위한 지표와 가설을 설정하고, A/B 테스트 설계와 해석을 통해 action item을 제안해요. 분석을 통해 얻은 인사이트를 구성원들이 쉽게 이해할 수 있도록 구조화해서 전달해요. 팀의 data-driven 의사결정 문화를 리드해요. 이런 분과 함께하고 싶어요 웹/앱 데이터 분석 경험이 있으며, 이를 통해 제품을 개선해본 경험이 있는 분 복잡한 문제를 해결 가능한 형태로 정의하고, 문제 해결을 위한 다양한 가설을 입체적으로 생각할 수 있는 분 모바일 서비스 데이터 분석 방법 (AARRR 등)에 대한 이해도가 있는 분 A/B 테스트를 설계하고 실행해 제품 개선을 이끈 경험이나 관련 지식이 있는 분 SQL (Bigquery), Python 등을 이용해 데이터 조회 및 가공을 능숙하게 하실 수 있는 분 분석에 기반한 의사결정 내용을 구성원들에게 효과적으로 전달하고 소통할 수 있는 분 이런 분이면 더 좋아요! 데이터를 활용해 전략을 제시하고 비즈니스 임팩트를 내본 경험이 있는 분 분석을 위한 데이터 모델링 전 과정을 직접 수행한 경험이 있는 분 마케팅 데이터 분석과 마케팅 자동화에 대한 관심이 있고 Appsflyer, Adjust 등 MMP (Mobile Measurement Partner)데이터를 다뤄본 경험이 있는 분 당근의 비전과 가치를 이해하고 사용자 경험과 비즈니스 모두를 고려한 의사결정을 경험해본 분 참고해 주세요 정규직 채용의 경우 3개월의 수습기간이 있어요 ‘장애인고용촉진 및 직업재활법’, ‘국가유공자 등 예우 및 지원에 관한 법률’에 따라 장애인 및 보훈대상자는 채용 전형 시 우대하고 있어요 본 포지션은 화상 인터뷰에서 쿼리 테스트를 진행할 예정이에요 사용 언어는 MySQL로 진행되어요 이렇게 합류해요 1. 서류 전형 → 2. 화상 인터뷰(라이브 쿼리 테스트) → 3. 직무 인터뷰 → 4. 컬쳐핏 인터뷰 및 레퍼런스 체크 → 5. 처우협의 → 6. 최종 합격 및 입사 👉 당근 합류 여정 가이드 바로가기 (🔗) 지원하기 자주묻는질문 목록으로 돌아가기","","하고 있어요 본 포지션은 화상 인터뷰에서 쿼리 테스트를 진행할 예정이에요 사용 언어는 MySQL로 진행되어요 이렇게 합류해요 1. 서류 전형 → 2. 화상 인터뷰(라이브 쿼리 테스트) → 3. 직무 인터뷰 → 4. 컬쳐핏 인터뷰 및 레퍼런스 체크 → 5. 처우협의 → 6. 최종 합격 및 입사 👉 당근 합류 여정 가이드 바로가기 (🔗) 지원하기 자주묻는질문 목록으로 돌아가기","","","","","정규직","","","","","active","2026-04-04T03:22:45.073580","2026-04-04T03:22:45.073624","True"
"130","122","당근마켓","DBA (Database Administrator) | 인프라 (DB)","https://about.daangn.com/jobs/4351200003","DBA (Database Administrator) | 인프라 (DB) 당근 정규직 경력 영입정보 지원하기 DB팀을 소개해요 당근 DB팀은 4개 DBMS (MySQL, PostgreSQL, MongoDB, DynamoDB)를 지원하고 있어요. 많은 회사들에서 DBMS 종류나 서비스에 따라서 업무가 구분되고 있지만, 당근 DB팀에서는 DBMS 종류별로 팀이 구분되어 있지 않고, 누구든지 원하는 DB팀의 업무를 자유롭게 선택해요. 그리고 언제든지 자유롭게 다른 팀원이 본인 업무에 참여할 수 있고, 반대로 다른 팀원의 업무에 참여해서 공동 업무를 수행하기도 해요. 이런 일을 해요 DBMS의 용량 산정 및 DBMS 서버 준비, 모델링 및 쿼리 튜닝을 해요 DBMS의 데이터 손실을 방지하기 위한 백업 및 복구 활동을 해요 DBMS의 최적 운용을 위한 서버 이슈 모니터링 및 트러블 슈팅을 해요 비지니스 요건 충족을 위한 새로운 DBMS 및 관련 신기술 도입을 위한 학습 및 연구해요 DBMS 서버 운영 자동화 및 모니터링을 위한 소프트웨어를 개발해요 이런 분과 함께하고 싶어요 RDBMS 운영 경력 3년 이상 (MySQL, MongoDB, PostgreSQL DB 3년 이상) 경력이 있으신 분 Transactional RDBMS의 작동 원리 (Redo & Undo 로그 및 트랜잭션 처리)를 이해하고 있으신 분 DBMS의 B-Tree & R-Tree & Vector 인덱스와 실행 계획을 이해하고 있으신 분 맡은 업무에 대한 책임감이 있고 신기술 도전에 긍정적이신 분 DBMS 기술 분석 및 토론을 좋아하시는 분 이런 분이면 더 좋아요! AWS 환경의 Aurora RDS 운영 경험이 있으신 분 DBMS 관리 도구 개발 경험이 있으신 분 (Python, Java, Go 등) Docker & Kubernetes 경험이 있으신 분 참고해 주세요 정규직 채용의 경우 3개월의 수습 기간이 있어요 ‘장애인고용촉진 및 직업재활법’, ‘국가유공자 등 예우 및 지원에 관한 법률’에 따라 장애인 및 보훈대상자는 채용 전형 시 우대하고 있어요 이렇게 합류해요 1. 서류 전형 → 2. 직무 인터뷰(퀴즈) → 3. 컬처핏 인터뷰 및 레퍼런스 체크 → 4. 처우협의 → 5. 최종 합격 👉 당근 합류 여정 가이드 바로가기 (🔗) 지원하기 자주묻는질문 목록으로 돌아가기","","하고 있어요 이렇게 합류해요 1. 서류 전형 → 2. 직무 인터뷰(퀴즈) → 3. 컬처핏 인터뷰 및 레퍼런스 체크 → 4. 처우협의 → 5. 최종 합격 👉 당근 합류 여정 가이드 바로가기 (🔗) 지원하기 자주묻는질문 목록으로 돌아가기","","","","","정규직","","","","","active","2026-04-04T03:22:52.723901","2026-04-04T03:22:52.723923","True"
"131","122","당근마켓","Content Designer (계약직) | 로컬 비즈니스 (사업주 커뮤니케이션)","https://about.daangn.com/jobs/6489738003","Content Designer (계약직) | 로컬 비즈니스 (사업주 커뮤니케이션) 당근 계약직 경력 영입정보 지원하기 사업주 커뮤니케이션팀을 소개해요 당근은 지역생활 플랫폼을 꿈꾸고 있으며, 동네상권에서 새로운 가치를 만들어내기 위한 다양한 서비스를 만들고 있어요. 사업주 커뮤니케이션팀은 소상공인의 당근비즈니스 이용 활성화를 담당하는 팀이에요. 사용자들이 당근비즈니스를 더 잘쓸 수 있도록, 더 나아가 비즈니스의 성장까지 이끌어갈 수 있도록 사업주 향 콘텐츠 디자인을 제작 해주실 분을 모시고 있어요. 당근비즈니스가 궁금하시다면 아래 페이지를 확인해 보세요. 🥕 당근비즈니스 🥕 사장님 라운지 (앱 전용) 🥕 사장님 학교 (당근 앱에서 '사장님학교' 비즈프로필을 검색하면 확인 가능해요) 이런 일을 해요 당근비즈니스 전반의 서비스 내용과 이용 방법을 시각적으로 디자인하여 유저(사장님)들에게 이해도를 높이는 업무를 담당해요 교육 콘텐츠를 포함한 사업주향 전반의 프로모션/콘텐츠 디자인 B2B 마케팅 콘텐츠 제작과 오프라인 행사 등의 작업물 제작, 관리 당근 앱 내 사장님 라운지 운영 당근 비즈니스 웹 등 온드 미디어에 업로드 될 다양한 형태의 아웃풋 작업 이런 분과 함께 하고 싶어요 콘텐츠 디자인 업무 경험이 2년 이상 있으신 분 Figma, Adobe Photoshop, Illustrator를 활용한 이미지 제작이 능숙하신 분 이런 분이면 더 좋아요 콘텐츠의 다층적인 정보를 능숙하게 편집하여 완성도 높게 표현할 수 있는 분 디자인을 통해 고객과 밀접하게 소통하고 반응을 이끌어내는 것에 재미를 느끼시는 분 모바일 기반 프로덕트 디자인 작업 관련 협업 경험이 있으신 분 참고해 주세요 본 포지션은 최초 3개월 계약 후 평가를 통해 9개월 연장 여부를 결정하는 포지션이에요 ‘장애인고용촉진 및 직업재활법’, ‘국가유공자 등 예우 및 지원에 관한 법률’에 따라 장애인 및 보훈대상자는 채용 전형 시 우대하고 있어요 포트폴리오는 PDF로 제출해주시고, 협업 프로젝트는 기여도와 역할을 반드시 표시해 주세요 자신의 강점과 콘텐츠 디자이너에게 필요한 스킬을 보여줄 수 있는 것이라면 학교 과제와 개인 프로젝트 모두 제출하실 수 있어요 이렇게 합류해요 1. 서류 전형 → 2. 직무 인터뷰 (사전과제) → 3. 최종합격 👉 당근 합류 여정 가이드 바로가기 (🔗) 지원하기 자주묻는질문 목록으로 돌아가기","","하고 있어요 포트폴리오는 PDF로 제출해주시고, 협업 프로젝트는 기여도와 역할을 반드시 표시해 주세요 자신의 강점과 콘텐츠 디자이너에게 필요한 스킬을 보여줄 수 있는 것이라면 학교 과제와 개인 프로젝트 모두 제출하실 수 있어요 이렇게 합류해요 1. 서류 전형 → 2. 직무 인터뷰 (사전과제) → 3. 최종합격 👉 당근 합류 여정 가이드 바로가기 (🔗) 지원하기 자주묻는질문 목록으로 돌아가기","","","","","계약직","","","","","active","2026-04-04T03:23:00.071347","2026-04-04T03:23:00.071379","True"
"132","122","당근마켓","Character Designer, Illustrator | 브랜딩","https://about.daangn.com/jobs/5090389003","Character Designer, Illustrator | 브랜딩 당근 정규직 경력 영입정보 지원하기 브랜딩팀을 소개해요 “Branding Humanizes Technology” 기술을 인간화하는 브랜딩, 이는 우리 팀이 당근에 존재하는 이유이자 미션이에요. 당근의 브랜딩팀은 기술의 복잡함을 사람의 언어로 바꾸고, 고객이 공감할 수 있는 브랜드 경험으로 설계해요. 우리는 브랜딩을 단지 ‘좋은 이미지와 퀄리티’로 바라보지 않아요. 당근에서 브랜딩은 내부 조직의 공감을 얻은 브랜드의 철학이 제품을 거쳐 외부 고객의 마음에 닿게 되는 하나의 여정이며, 브랜드 정체성에 기반한 크리에이티브 디렉션을 통해 비즈니스 전략과 고객 경험 사이에 다리를 놓는 일이에요. 그중 브랜딩팀 캐릭터 콘텐츠 파트는 캐릭터 특유의 귀여움으로 기술을 가장 인간답게 만드는 데 앞장서고 있어요. 이웃의 얼굴을 닮은 친근한 캐릭터들을 통해 사람들 사이의 작은 온기, 동네에 숨어 있던 일상의 가치를 전달하며, 사용자의 일상에 소소한 즐거움과 위안을 주고 싶어요. 캐릭터 디자이너는 브랜드의 페르소나와 스토리가 투영된 IP를 개발하고, 일러스트로 캐릭터에 생명력을 불어넣는 일을 하고 있어요. 캐릭터의 애착 포인트를 감도 높은 그림으로 표현해 대중의 마음을 사로잡죠. 우리는 아직 출발선에 서 있지만, 캐릭터를 통해 할 수 있는 일은 무궁무진해요. 당근이를 비롯해 단추, 앙리 등 당근의 캐릭터를 향한 관심과 사랑이 당근 브랜드에 대한 관심과 사랑으로 이어질 수 있도록 하는 다양한 도전에 열려 있어요. 이런 일을 해요 캐릭터 애착을 높일 수 있는 공감도 높은 콘텐츠를 기획하고 제작해요 캐릭터 디자인 및 일러스트 스타일을 고도화하고 가이드를 통해 지속적으로 관리해요 IP 활용 브랜드 마케팅 목적의 캐릭터 에셋, 툰, 일러스트를 제작해요 앱 서비스 내에 필요한 캐릭터 디자인에 참여하고 가이드를 제공해요 캐릭터의 성격과 이야기를 생생히 전달하기 위한 애니메이션 콘티를 그릴 수 있어요 캐릭터의 특성을 강조한 상품 기획에 참여하고 이에 필요한 캐릭터 원화와 디자인 가이드를 제작해요 이런 분과 함께하고 싶어요 기업 내 IP디자인 부서에서 5년 이상의 관련 직무 경험을 쌓으신 분 전사 브랜딩과 비즈니스 목적 안에서 문제를 스스로 정의하고 창의적인 해결책을 제시하는 분 캐릭터 일러스트, 콘텐츠, 디자인 프로젝트를 주도하고 성과를 낸 경험이 있는 분 컨셉에 맞는 다양한 일러스트 스타일을 높은 퀄리티로 구사 또는 모사할 수 있는 분 캐릭터마다의 사랑스러운 행동 포인트를 감각적으로 캐치하고 표현해낼 수 있는 분 드로잉 기반의 자유로운 일러스트와 벡터 기반의 정형화된 일러스트 작업에 모두 능숙한 분 세계관과 주제에 맞는 신규 캐릭터를 창의적으로 제안하고 구체화할 수 있는 분 이런 분이면 더 좋아요! 개인 창작 IP를 개발하고 성공적으로 운영해본 경험이 있는 분 2D 드로잉 기반의 셀 애니메이션 스킬이 탁월하신 분 캐릭터에 대한 입체 조형감이 뛰어나고 디테일에 민감한 분 밀도 높은 일러스트레이션을 높은 완성도로 제작할 수 있는 분 그림에서 자신만의 스타일 보다는 브랜드 스타일 드러내지 않을 수 있는 분 참고해 주세요 정규직 채용의 경우 3개월의 수습기간이 있어요 장애인고용촉진 및 직업재활법’, ‘국가유공자 등 예우 및 지원에 관한 법률’에 따라 장애인 및 보훈대상자는 채용 전형 시 우대하고 있어요 포트폴리오(필수)는 PDF로 제출해주시고, 협업 프로젝트는 기여도와 역할을 반드시 표시해주세요 화상 인터뷰 합격 시 과제를 안내드릴 예정이며, 직무 인터뷰에서 과제와 포트폴리오에 대한 설명을 듣고 질의응답하는 시간을 가지고 있어요 이렇게 합류해요 1. 서류 전형 → 2. 화상 인터뷰 → 3. 직무 인터뷰(과제) → 4. 컬처핏 인터뷰 및 레퍼런스 체크 → 5. 처우협의 → 6. 최종 합격 및 입사 👉 당근 합류 여정 가이드 바로가기 (🔗) 지원하기 자주묻는질문 목록으로 돌아가기","","하고 있어요 포트폴리오(필수)는 PDF로 제출해주시고, 협업 프로젝트는 기여도와 역할을 반드시 표시해주세요 화상 인터뷰 합격 시 과제를 안내드릴 예정이며, 직무 인터뷰에서 과제와 포트폴리오에 대한 설명을 듣고 질의응답하는 시간을 가지고 있어요 이렇게 합류해요 1. 서류 전형 → 2. 화상 인터뷰 → 3. 직무 인터뷰(과제) → 4. 컬처핏 인터뷰 및 레퍼런스 체크 → 5. 처우협의 → 6. 최종 합격 및 입사 👉 당근 합류 여정 가이드 바로가기 (🔗) 지원하기 자주묻는질문 목록으로 돌아가기","","","","","정규직","","","","","active","2026-04-04T03:23:09.916965","2026-04-04T03:23:09.916999","True"
"133","122","당근마켓","CRM Marketer | 마케팅","https://about.daangn.com/jobs/5899154003","CRM Marketer | 마케팅 당근 정규직 경력 영입정보 지원하기 마케팅팀을 소개해요 당근은 활발한 교류가 있는 지역 생활 커뮤니티를 지향해요. 중고거래, 알바, 부동산, 비즈니스 등 여러 서비스들이 작은 스타트업처럼 움직이며 이 가치를 실현해나가고 있어요. 당근의 여러 서비스들과 함께 잘 성장하는 것이 가장 중요한 마케팅팀의 역할이에요. 마케팅팀은 현재 총 13명으로 퍼포먼스, 브랜드, CRM 등을 중심으로 여러 분야의 마케터들이 “어떻게 하면 사용자들이 당근을 더 좋아하게 만들 수 있을까?” 라는 고민을 하며 일하고 있어요. 지금도 마케팅팀은 사용자에게 공감을 얻기 위한 새로운 시도와 도전을 끊임없이 하며 당근의 가치를 전달하기 위해 노력하고 있어요. 마케팅팀은 당근의 서비스 규모 대비 작은 팀이에요. 그렇기 때문에 몰입의 에너지를 중요하게 여겨요. 팀원 한 명 한 명은 자율성과 책임감을 가지고 서비스 성장을 위한 다양한 마케팅을 수행하고 있어요. 이런 일을 해요 당근의 다양한 서비스와 유저의 생애주기에 따른 주요 지표를 관리하고, 단계별 핵심 전략을 수립해 실행해요 퍼널 분석 및 데이터 기반 가설 수립, A/B 테스트 설계를 통해 유저 여정을 지속적으로 최적화하고 성과를 개선해요 푸시, 카카오톡, LMS 및 내부 광고 인벤토리와 인앱메시지 등 CRM 커뮤니케이션 채널 전략을 세우고 운영해요 인앱 캠페인 및 퍼포먼스 캠페인과의 연계를 통해 통합적인 마케팅의 비용 효율화와 성과 고도화 등 시너지를 만들어요 이런 분과 함께하고 싶어요 앱 서비스의 CRM 마케팅 경력이 5년 이상인 분 풀퍼널에 걸친 CRM 전략 실행을 통해 핵심 비즈니스 지표를 직접 개선한 경험이 있는 분 가설 수립-실행-검증의 실험 사이클을 주도적으로 운영하고 성과를 만드는 데에 익숙한 분 필요한 데이터를 자유롭게 추출하고 가공할 수 있는 SQL 활용 능력을 가진 분 이벤트 택소노미를 직접 설계하거나 개선에 참여하고, 이를 기반으로 CRM 및 분석 툴에 필요한 데이터 요건을 정의해 본 분 이런 분이면 더 좋아요! 이커머스/모바일 플랫폼 기업에서 CRM 마케팅 경험이 있는 분 Braze, OneSignal, Salesforce 등의 CRM 마케팅 솔루션을 직접 사용해 본 분 유저 행동 데이터 분석 및 지표 시각화에 능숙한 분 개발자, 데이터 분석가, 디자이너 등 다양한 직군과 원활하게 협업하며 성과를 만들어 본 분 정해진 업무 외에도 주도적으로 문제를 발견하고 개선 방안을 제안하는 분 참고해 주세요 정규직 채용의 경우 3개월의 수습기간이 있어요 ‘장애인고용촉진 및 직업재활법’, ‘국가유공자 등 예우 및 지원에 관한 법률’에 따라 장애인 및 보훈대상자는 채용 전형 시 우대하고 있어요 포트폴리오(필수)는 PDF로 제출해 주시고 프로젝트별 기여도를 표시해 주세요 본 포지션은 화상 인터뷰에서 SQL 퀴즈를 드리고 있어요 이렇게 합류해요 1. 서류 접수 → 2. 화상 인터뷰(SQL 퀴즈) → 3. 직무 인터뷰(사전과제 포함) → 4. 컬처핏 인터뷰 및 레퍼런스 체크 → 5. 처우협의 → 6. 최종 합격 및 입사 👉 당근 합류 여정 가이드 바로가기 (🔗) 지원하기 자주묻는질문 목록으로 돌아가기","","하고 있어요 포트폴리오(필수)는 PDF로 제출해 주시고 프로젝트별 기여도를 표시해 주세요 본 포지션은 화상 인터뷰에서 SQL 퀴즈를 드리고 있어요 이렇게 합류해요 1. 서류 접수 → 2. 화상 인터뷰(SQL 퀴즈) → 3. 직무 인터뷰(사전과제 포함) → 4. 컬처핏 인터뷰 및 레퍼런스 체크 → 5. 처우협의 → 6. 최종 합격 및 입사 👉 당근 합류 여정 가이드 바로가기 (🔗) 지원하기 자주묻는질문 목록으로 돌아가기","","","","","정규직","","","","","active","2026-04-04T03:23:20.976241","2026-04-04T03:23:20.976272","True"
"134","122","당근마켓","Business Development Manager | 당근페이","https://about.daangn.com/jobs/6552391003","Business Development Manager | 당근페이 당근페이 정규직 경력 영입정보","","Business Development Manager | 당근페이 당근페이 정규직 경력 영입정보 지원하기 당근페이를 소개해요 당근페이는 중고거래를 넘어, 이웃 간의 다양한 거래를 더 안전하고 편리하게 만드는 결제·금융 서비스예요. 당근 안에서 자연스럽게 사용되는 결제 경험을 만들고, 이를 바탕으로 금융 영역까지 확장하고 있어요. 이런 일을 해요 당근페이 BD는 외부 파트너와의 사업 제휴를 통해 서비스의 규모를 키우고, 새로운 금융 기반 사업 기회를 만들어가는 역할을 담당해요. 금융·카드사 등 외부 파트너십을 발굴하고 새로운 비즈니스 모델을 설계해요 기존 제휴 구조 개선 및 프로모션 기획을 통해 서비스를 스케일업해요 제품·개발·법무 등 유관 부서와 협업하며 데이터 기반의 개선 방향을 도출해요 이런 매력을 가지고 있는 역할이에요. 단순 제휴를 넘어, 제휴를 사업으로 성장시키는 경험을 할 수 있어요 빠르게 성장하는 당근페이에서 금융 영역 확장의 중심 역할을 맡을 수 있어요 서비스, 기술, 사업을 잇는 연결점에서 일할 수 있어요 이런 분을 찾고 있어요 사업개발 또는 제휴 분야에서 7년 이상 의 경력을 보유하신 분 금융, 결제, 핀테크, 플랫폼 중 하나 이상의 환경을 깊이 경험하신 분 사업 구조를 명확히 이해하고, 제휴를 통해 실제 매출이나 서비스 성장을 이끌어본 분 이런 경험이 있으면 더 좋아요 카드사, 핀테크, PG사 등과 직접적인 제휴 및 런칭 경험이 있으신 분 객관적인 지표를 바탕으로 사업 성과를 관리하고 확장해 본 경험이 있으신 분 새로운 기술과 도메인에 대한 습득이 빠르며 도전을 즐기시는 분 참고해 주세요 정규직 채용의 경우 3개월의 수습기간이 있어요 ‘장애인고용촉진 및 직업재활법’, ‘국가유공자 등 예우 및 지원에 관한 법률’에 따라 장애인 및 보훈대상자는 채용 전형 시 우대하고 있어요 이렇게 합류해요 1. 서류 전형 → 2. 화상 인터뷰 → 3. 직무 인터뷰 → 4. 컬처핏 인터뷰 및 레퍼런스 체크 → 5. 처우협의 → 6. 최종 합격 👉 당근 합류 여정 가이드 바로가기(🔗) 지원하기 자주묻는질문 목록으로 돌아가기","","","","","정규직","","","","","active","2026-04-14T12:52:41.632965","2026-04-04T03:23:28.446446","True"
"135","122","당근마켓","Brand Marketer | 마케팅","https://about.daangn.com/jobs/7575919003","Brand Marketer | 마케팅 당근 정규직 경력 영입정보 지원하기 마케팅팀을 소개해요 당근은 활발한 교류가 있는 지역 생활 커뮤니티를 지향해요. 중고거래, 알바, 부동산, 모임, 비즈니스 등 여러 서비스들이 작은 스타트업처럼 움직이며 이 가치를 실현해나가고 있어요. 당근의 여러 서비스들과 함께 잘 성장하는 것이 가장 중요한 마케팅팀의 역할이에요. 마케팅팀은 현재 총 13명으로 퍼포먼스, 브랜드, CRM 등을 중심으로 여러 분야의 마케터들이 “어떻게 하면 사용자들이 당근을 더 좋아하게 만들 수 있을까?” 라는 고민을 하며 일하고 있어요. 지금도 마케팅팀은 사용자에게 공감을 얻기 위한 새로운 시도와 도전을 끊임없이 하며 당근의 가치를 전달하기 위해 노력하고 있어요. 마케팅팀은 당근의 서비스 규모 대비 작은 팀이에요. 그렇기 때문에 몰입의 에너지를 중요하게 여겨요. 팀원 한 명 한 명은 자율성과 책임감을 가지고 서비스 성장을 위한 다양한 마케팅을 수행하고 있어요. 이런 일을 해요 당근의 사용자 향 개별 서비스 목표 달성을 위해, 마케팅 전략을 수립하고 이를 실행으로 옮길 마케팅 액션을 설계해요 당근의 브랜드 아이덴티티를 바탕으로, 사용자의 행동과 반응을 이끌어내는 캠페인을 기획하고 실행해요 전략에 머무르지 않고, 아이디어를 실행 가능한 구조로 구체화해 실제 성과로 연결해요 마케팅 액션의 결과를 분석하고, 그 학습을 바탕으로 다음 액션을 설계하며 브랜드와 서비스의 성장을 만들어가요 목표에 따라 마케팅 성과를 정의하고 측정하며, 데이터 기반 인사이트를 다음 전략과 실행에 반영해요 퍼포먼스 마케터, CRM 마케터, 디자이너는 물론 프로덕트팀과도 긴밀하게 협업하며, 서비스 구조나 기능을 이해하고 마케팅 전략을 연결해요 이런 분과 함께하고 싶어요 문제를 정의하고, 솔루션 차원의 아이디어를 실제 캠페인과 마케팅 액션으로 구현해본 경험이 있는 분 전략 수립에 머무르지 않고, 기획–제작–실행–효과 분석까지 캠페인 전 과정을 주도적으로 리딩해본 분 복잡하고 어려운 문제를 풀어내는 과정을 즐기며, 실행을 통해 해결해본 경험이 있는 분 명확한 목표를 바탕으로 새로운 마케팅 액션을 설계하고, 실질적인 성과를 만들어본 경험이 있는 분 변화하는 상황 속에서도 빠르게 가설을 세우고, 규모와 상관없이 다양한 마케팅 액션을 실행할 수 있는 분 이런 분이면 더 좋아요! 5년 이상 앱·플랫폼 서비스 마케팅 경험을 보유하신 분 Consumer, Media, Contents 트렌드를 빠르게 이해하고 캠페인에 적용해본 경험이 있는 분 실행 결과를 수치와 인사이트로 정리하고, 다음 전략으로 연결하는 데 익숙한 분 당근의 브랜드와 서비스가 어떻게 더 성장할 수 있을지 함께 고민하고 싶은 분 참고해 주세요 정규직 채용의 경우 3개월의 수습기간이 있어요 ‘장애인고용촉진 및 직업재활법’, ‘국가유공자 등 예우 및 지원에 관한 법률’에 따라 장애인 및 보훈대상자는 채용 전형 시 우대하고 있어요 포트폴리오(필수)는 PDF로 제출해 주시고 프로젝트별 기여도를 표시해주세요 화상 인터뷰 합격 시 직무 인터뷰 전 사전과제를 배부해드리고 있어요 이렇게 합류해요 1. 서류 접수 → 2. 화상 인터뷰 → 3. 직무 인터뷰(사전과제 포함) → 4. 컬처핏 인터뷰 및 레퍼런스 체크 → 5. 처우협의 → 6. 최종 합격 및 입사 👉 당근 합류 여정 가이드 바로가기 (🔗) 지원하기 자주묻는질문 목록으로 돌아가기","","하고 있어요 포트폴리오(필수)는 PDF로 제출해 주시고 프로젝트별 기여도를 표시해주세요 화상 인터뷰 합격 시 직무 인터뷰 전 사전과제를 배부해드리고 있어요 이렇게 합류해요 1. 서류 접수 → 2. 화상 인터뷰 → 3. 직무 인터뷰(사전과제 포함) → 4. 컬처핏 인터뷰 및 레퍼런스 체크 → 5. 처우협의 → 6. 최종 합격 및 입사 👉 당근 합류 여정 가이드 바로가기 (🔗) 지원하기 자주묻는질문 목록으로 돌아가기","","","","","정규직","","","","","active","2026-04-04T03:23:36.729207","2026-04-04T03:23:36.729229","True"
"136","122","당근마켓","B2B Content Designer (인턴) | 광고 (세일즈)","https://about.daangn.com/jobs/7676917003","B2B Content Designer (인턴) | 광고 (세일즈) 당근 인턴 신입 영입정보 지원하기 광고 세일즈팀을 소개해요 광고세일즈팀은 당근마켓의 높은 트래픽을 기반으로 한 광고 상품을 기존 비즈니스 파트너뿐만 아니라, 중대형 광고주와 광고 대행사까지 확장하기 위한 전략을 수립하고 실행하고 있어요. 앞으로 더 다양한 광고 상품을 선보이며 광고 시스템을 고도화할 계획이에요. 당근 광고의 지속적인 확대 및 확산을 목표로, 전문가모드 광고 우수 사례 확산을 위한 콘텐츠 디자인을 함께 만들어갈 분을 찾고 있어요. 이런 일을 해요 B2B 마케팅 관련 키 비주얼, 콘텐츠 배너, 광고 소재 등의 웹 디자인 작업을 해요 당근 비즈니스 온드미디어 및 외부 홍보 채널별 맞춤 아웃풋 작업을 해요 이런 분과 함께하고 싶어요 기획 의도를 시각적으로 명확하게 구현할 수 있는 분 능동적인 커뮤니케이션으로 팀원들과 협업할 수 있는 분 이런 분이면 더 좋아요! Figma 및 디자인 툴(Photoshop, Illustrator 등)을 활용해본 경험이 있는 분 콘텐츠 마케팅을 위한 디자인 작업 경험 또는 협업 경험이 있는 분 포트폴리오는 이렇게 작성하시면 좋아요 포트폴리오는 PDF 형식으로 제출해 주세요 프로젝트별 역할과 기여도를 명시해 주세요 참고해 주세요 서류는 4월 5일 일요일 23시 59분 마감 예정이며, 상황에 따라 조기 마감이나 연장될 수 있어요 마감 직전에는 접속이 몰려 지원서가 제대로 제출되지 않을 수 있으니, 마감 전 최소 30분 이상의 여유를 두고 지원서를 제출하시는 것을 권장드려요 해당 포지션은 3개월 근무 후 평가에 따라 3개월 연장 여부를 결정하는 체험형 인턴 이에요 ‘장애인고용촉진 및 직업재활법’, ‘국가유공자 등 예우 및 지원에 관한 법률’에 따라 장애인 및 보훈대상자는 채용 전형 시 우대하고 있어요 최종 합격 시 5월 4일 입사 예정이에요. 입사일은 변경될 수 있어요 이렇게 합류해요 1. 서류접수(포트폴리오 필수 제출) → 2. 직무 인터뷰 → 3. 최종합격 👉 당근 합류 여정 가이드 바로가기 (🔗) 지원하기 자주묻는질문 목록으로 돌아가기","","하고 있어요 최종 합격 시 5월 4일 입사 예정이에요. 입사일은 변경될 수 있어요 이렇게 합류해요 1. 서류접수(포트폴리오 필수 제출) → 2. 직무 인터뷰 → 3. 최종합격 👉 당근 합류 여정 가이드 바로가기 (🔗) 지원하기 자주묻는질문 목록으로 돌아가기","","","","","인턴","","","","","active","2026-04-04T03:23:46.972964","2026-04-04T03:23:46.972983","True"
"137","122","당근마켓","Account Manager (인턴) | 로컬 잡스","https://about.daangn.com/jobs/7666768003","Account Manager (인턴) | 로컬 잡스 당근 인턴 신입 영입정보 지원하기 Enterprise를 소개해요 Local Jobs는 국내에는 존재하지 않던 마켓플레이스를 만드는 팀이에요. 우리는 일자리를 찾는 방식을 완전히 새롭게 정의하고 있어요. 이웃과 이웃이 만나 동네라는 공간이 새로운 가능성이 되도록, 프로덕트 전문가들이 모여 당근의 비전을 이루기 위한 도전을 하고 있어요. 🥕 Local Jobs 팀원을 소개해요 Enterprise 팀은 당근알바를 통해 기업 고객의 채용 문제를 해결하고 새로운 채용 시장을 만들어가고 있어요. 기업 고객군이 당근알바를 통해 더 많은 구직자를 만나고 효율적으로 채용할 수 있도록 광고 운영, 채용 성과 분석, 고객 커뮤니케이션을 통해 고객의 채용 성과를 함께 만들어요. 이런 일을 해요 당근알바를 사용하는 프랜차이즈 본사 및 대기업 고객사의 채용 서비스 운영을 지원해요 고객사의 채용 광고 운영 현황과 성과 데이터를 정리하고 채용 성과 분석 및 인사이트 도출을 지원해요 고객 커뮤니케이션 과정에서 발생하는 VOC를 구조화해 정리하고 내부 팀에 전달해 서비스 개선에 기여해요 계약 및 운영 과정에서 필요한 문서 정리, 리포트 작성 등 운영 프로세스를 관리해요 운영 과정에서 운영/세일즈 프로세스 개선을 지원해요 이런 분과 함께하고 싶어요 주도적으로 업무를 진행하고 논리적인 커뮤니케이션 능력을 갖춘 분 논리적인 사고와 데이터 기반으로 문제를 구조적으로 접근하고 해결방법을 도출하고 제안할 수 있는 분 문서 정리, 데이터 관리, 리포트 작성 등 꼼꼼하게 업무를 수행할 수 있는 분 이런 분이면 더 좋아요! B2B 서비스나 플랫폼 비즈니스에 관심이 있는 분 Excel, Google Sheets 등 데이터 정리 및 분석 툴 사용에 익숙한 분 운영 과정의 비효율을 발견하고 프로세스를 더 효율적으로 개선하는 것에 관심이 있는 분 참고해 주세요 이 포지션은 3개월 근무 후 평가에 따라 3개월 연장 여부를 결정하는 체험형 인턴 이에요 ‘장애인고용촉진 및 직업재활법’, ‘국가유공자 등 예우 및 지원에 관한 법률’에 따라 장애인 및 보훈대상자는 채용 전형 시 우대하고 있어요 서류는 4월 12일 일요일 23시 59분 마감 예정이며, 상황에 따라 조기 마감 혹은 연장될 수 있어요 최종 합격 시 5월 4일 입사 예정 이며, 입사일은 변경될 수 있어요 이렇게 합류해요 1. 서류 전형 → 2. 직무 인터뷰 → 3. 최종합격 👉 당근 합류 여정 가이드 바로 가기 (🔗) 지원하기 자주묻는질문 목록으로 돌아가기","","하고 있어요 서류는 4월 12일 일요일 23시 59분 마감 예정이며, 상황에 따라 조기 마감 혹은 연장될 수 있어요 최종 합격 시 5월 4일 입사 예정 이며, 입사일은 변경될 수 있어요 이렇게 합류해요 1. 서류 전형 → 2. 직무 인터뷰 → 3. 최종합격 👉 당근 합류 여정 가이드 바로 가기 (🔗) 지원하기 자주묻는질문 목록으로 돌아가기","","","","","계약직","","","","","active","2026-04-04T03:23:59.117630","2026-04-04T03:23:59.117658","True"
"138","122","당근마켓","AD Sales Manager | 광고 (세일즈, Client)","https://about.daangn.com/jobs/4814736003","AD Sales Manager | 광고 (세일즈, Client) 당근 정규직 경력 영입정보 지원하기 광고 세일즈팀을 소개해요 당근 광고 세일즈팀은 비즈니스 성장의 엔진 역할을 수행하고 있어요. 전국 수천만 사용자의 생활 속에서 광고주와 소비자가 더 깊이 연결될 수 있도록 돕고 있으며, 브랜드와 광고 대행사까지 다양한 파트너를 대상으로 성과 중심의 광고 솔루션 을 제공하고 있어요. 데이터 기반의 인사이트, 시장 이해, 그리고 빠른 실행력을 바탕으로 광고 효율을 극대화하며, 변화하는 환경에 맞춰 끊임없이 실험하고 성장하는 팀이에요. 우리는 단순한 영업을 넘어, 광고주 & 에이전시와 함께 성장하는 파트너 가 되는 것을 목표로 해요. 🥕 동영상 유형 광고는 어떻게 10배나 성장했을까? 이런 일을 해요 광고 세일즈 매니저는 단순히 광고를 판매하는 것이 아니라, 당근 전문가모드 광고 솔루션을 활용하여 광고주의 비즈니스 성장을 돕는 파트너 역할을 해요 우리가 해결하는 문제 는 다음과 같아요 광고주가 정확한 고객 에게 도달하지 못해 성과가 제한되는 문제 광고 집행 후에도 효과적인 성과 측정과 최적화 가 어려운 문제 빠르게 변화하는 디지털 광고 환경에서 전략 부재로 인한 효율 저하 문제 광고 이후 명확한 성과 분석과 실행 가능한 개선 방향 이 제공되지 않는 문제 이러한 과제를 해결하기 위해 우리는 다음과 같이 일해요 광고주 세일즈 전략 기획 및 실행 : 업종, 예산, 목표에 맞춘 맞춤형 전략을 설계하고 제안해요 핵심 광고주의 성과 개선 컨설팅 : 캠페인 데이터를 분석하고, 효율을 높이는 구체적 액션 플랜을 제시해요 우수 사례 발굴·확산 : 성공적인 캠페인 스토리를 발굴하고 마켓 내 확산을 통해 당근 광고 집행의 선순환구조를 형성해요 제품 개선 제안 및 협업 : 광고주의 피드백을 토대로 제품·기능 개선 아이디어를 제안하고, 내부 유관 부서와 긴밀한 협업을 진행해요 즉, 우리는 광고 캠페인의 전 과정 을 책임지고, 전략 수립–실행–성과 개선까지의 사이클을 직접 리드해요 이런 분을 찾고 있어요 다양한 업종의 광고주와 함께 목표를 설계하고, 실행을 통해 결과를 만들어내는 과정에서 즐거움을 느끼는 분이라면 잘 맞을 거에요 영향력 있는 세일즈 경험 : 광고주 대상 직접 세일즈 또는 캠페인 컨설팅 경력 플랫폼 이해와 전략 감각 : 디지털 광고 상품, 퍼포먼스 광고 플랫폼, 또는 온라인 비즈니스 생태계에 대한 이해 실행력과 추진력 : 세일즈 전략을 빠르게 기획하고, 성과를 내기 위해 밀어붙이는 실행력 협업과 문제 해결 : 복잡한 요구사항을 정리하고, 제품·마케팅·기획 등 다양한 팀과 원활히 협업할 수 있는 역량 설득과 커뮤니케이션 : 데이터와 스토리를 결합해 설득력 있는 제안과 프레젠테이션을 할 수 있는 능력 이런 성장을 이룰 수 있어요 광고 세일즈 매니저로서의 경험은 단순히 ‘성과’를 만들어 내는 것이 아니라, 커리어를 한 단계 도약시키는 성장 여정이에요 전략형 세일즈 전문가로 성장 : 단순 영업이 아닌, 광고 전략 설계–성과 개선까지 전 과정을 리드하는 경험을 통해 데이터 기반의 전략형 광고 세일즈 전문가로 자리매김해요 산업 전반을 아우르는 시야 확장 : 다양한 업종과 규모의 고객을 만나며, 산업·트렌드·소비자 이해도를 동시에 높일 수 있어요 분석과 설득의 힘 강화 : 데이터 해석, 인사이트 도출, 스토리텔링을 결합한 설득력 있는 제안 능력을 쌓아, 어떤 업계에서도 통하는 핵심 역량을 확보해요 제품·시장 기획 감각 확보 : 광고 상품 기획과 개선 과정에 직접 참여하며, 프로덕트 마인드와 시장 개척 경험을 함께 키울 수 있어요 리더십과 주도성 확대 : 빠르게 성장하는 팀에서 프로젝트를 리드하며, 조직과 시장을 이끄는 리더로 성장할 기회를 가져요 참고해 주세요 정규직 채용의 경우 3개월의 수습기간이 있어요 ‘장애인고용촉진 및 직업재활법’, ‘국가유공자 등 예우 및 지원에 관한 법률’에 따라 장애인 및 보훈대상자는 채용 전형 시 우대하고 있어요 이렇게 합류해요 1. 서류 전형 → 2. 화상 인터뷰 → 3. 직무 인터뷰(과제 포함) → 4. 컬처핏 인터뷰 및 레퍼런스 체크 → 5. 처우협의 → 6. 최종 합격 및 입사 👉 당근 합류 여정 가이드 바로가기 (🔗) 지원하기 자주묻는질문 목록으로 돌아가기","","","","","","","정규직","","","","","active","2026-04-04T03:24:03.683791","2026-04-04T03:24:03.683813","True"
"139","122","당근마켓","AD Sales Manager | 광고 (세일즈, Agency)","https://about.daangn.com/jobs/5458903003","AD Sales Manager | 광고 (세일즈, Agency) 당근 정규직 경력 영입정보 지원하기 광고 세일즈팀을 소개해요 당근 광고 세일즈팀은 비즈니스 성장의 엔진 역할을 수행하고 있어요. 전국 수천만 사용자의 생활 속에서 광고주와 소비자가 더 깊이 연결될 수 있도록 돕고 있으며, 브랜드와 광고 대행사까지 다양한 파트너를 대상으로 성과 중심의 광고 솔루션 을 제공하고 있어요. 데이터 기반의 인사이트, 시장 이해, 그리고 빠른 실행력을 바탕으로 광고 효율을 극대화하며, 변화하는 환경에 맞춰 끊임없이 실험하고 성장하는 팀이에요. 우리는 단순한 영업을 넘어, 광고주 & 에이전시와 함께 성장하는 파트너 가 되는 것을 목표로 해요. 🥕 당근 광고는 어떻게 제안서 속 기본값으로 자리 잡았을까? 🥕 동영상 유형 광고는 어떻게 10배나 성장했을까? 이런 일을 해요 에이전시 세일즈 매니저의 목표는 단순한 파트너 관리가 아니라, 마켓 내 당근 광고 점유율을 높이기 위해 존재하는 장벽을 허물고 당근 전문가모드 광고 솔루션을 활용하여 에이전시와 함께 성장 속도를 높이는 것이에요 우리가 해결하는 문제 는 다음과 같아요 당근 광고의 차별성과 강점 을 명확히 이해하지 못해 제안 우선순위에서 밀리는 상황 상품 활용에 대한 이해도 부족으로 성과 극대화가 어려운 상황 대행사에 당근 광고 확산을 위한 명확한 전략과 실행 체계 가 없어 성과 확산 속도가 느린 상황 이 허들을 제거하고 점유율을 넓히기 위해 우리는 이렇게 일해요 맞춤형 세일즈 전략 기획·실행 : 대행사별 환경 분석을 기반으로 당근 광고의 활용 가치를 설득력 있게 제시해요 현장 밀착 컨설팅데스크 운영 : 주요 클라이언트 담당자와 미팅을 통해 신규 캠페인 제안 및 집행 중인 캠페인의 성과를 개선하는 컨설팅 업무를 수행해요 마케터 역량 강화 교육 : 오프라인 세미나, 온라인 웨비나를 통해 당근 광고에 대한 이해도를 높이고 캠페인 성과를 끌어올릴 수 있도록 지원해요 공식 대행사 추가 발굴 : 전문가모드의 파트너 네트워크를 확장해 새로운 시장 기회를 창출해요 즉, 우리는 당근 전문가모드 광고의 확산 을 책임지고 대행사가 당근 광고를 더 자주, 더 많이, 더 성과 있게 제안하고 운영할 수 있는 환경을 구축해요 이런 분을 찾고 있어요 대행사 세일즈 및 디지털 마케팅 경험 : 대행사와의 파트너십을 효과적으로 구축·관리할 수 있는 실무 경험 광고 상품과 플랫폼 이해도 : 디지털 광고 상품, 퍼포먼스 광고 플랫폼, 온라인 비즈니스 생태계 전반에 대한 이해를 바탕으로 대행사에 맞는 솔루션 제안 데이터 기반 설득력과 실행력 : 캠페인 데이터 분석을 통해 인사이트를 도출하고, 이를 실행 가능한 전략으로 전환하는 능력 협업과 문제 해결 : 복잡한 요구사항을 정리하고, 제품·마케팅·기획 등 다양한 팀과 원활히 협업할 수 있는 역량 관계 구축 역량 : 다양한 상황에 유연하게 대응하며, 파트너와 장기적인 신뢰 관계를 형성하는 커뮤니케이션 스킬 이런 성장을 이룰 수 있어요 에이전시 세일즈 매니저로 일한다는 것은 시장 점유율 확대, 파트너 성장, 플랫폼 확산 전략을 직접 설계·실행하는 리더로 도약하는 것 을 의미해요 시장 확장 경험 : 신규 대행사 발굴부터 성과 확산 전략 실행까지 주도하며 시장 점유율 확대를 직접 경험해요 전략·실행력의 동반 성장 : 세일즈, 컨설팅, 교육, 프로모션 등 다방면의 프로젝트를 주도하며 전략가이자 실행가로 성장해요 네트워크와 인사이트 확보 : 다양한 업종과 규모의 대행사와 협업하며 업계 네트워크와 시장 통찰력을 동시에 확보해요 제품·시장 기획 감각 확보 : 광고 상품 기획과 개선 과정에 직접 참여하며, 프로덕트 마인드와 시장 개척 경험 을 함께 키울 수 있어요 리더십과 주도성 확대 : 빠르게 성장하는 팀에서 프로젝트를 리드하며, 조직과 시장을 이끄는 리더 로 성장할 기회를 가져요 참고해 주세요 정규직 채용의 경우 3개월의 수습기간이 있어요 ‘장애인고용촉진 및 직업재활법’, ‘국가유공자 등 예우 및 지원에 관한 법률’에 따라 장애인 및 보훈대상자는 채용 전형 시 우대하고 있어요 직무 인터뷰 이전 사전과제가 있어요 이렇게 합류해요 1. 서류 전형 → 2. 화상 인터뷰 → 3. 직무 인터뷰(과제 포함) → 4. 컬처핏 인터뷰 및 레퍼런스 체크 → 5. 처우협의 → 6. 최종 합격 및 입사 👉 당근 합류 여정 가이드 바로가기(🔗) 지원하기 자주묻는질문 목록으로 돌아가기","","","","","","","정규직","","","","","active","2026-04-04T03:24:11.804269","2026-04-04T03:24:11.804294","True"
"140","122","당근마켓","[2026 당근 ML] Software Engineer, Machine Learning (전환형 인턴)","https://about.daangn.com/jobs/7647083003","[2026 당근 ML] Software Engineer, Machine Learning (전환형 인턴) 당근 인턴 경력/신입 영입정보 지원하기 Software Engineer, Machine Learning을 소개해요 당근의 Software Engineer, Machine Learning은 머신러닝을 활용해서 당근의 다양한 서비스들을 고도화하고 당근 사용자들의 만족을 끌어올려요. 더 나아가 동네 주민들의 연결을 강화하여 따뜻한 지역 사회를 만드는 것에 기여해요. 홈 피드, 상세 페이지 등에 개인화된 흥미로운 콘텐츠를 추천하기도 하고 누구나 쉽고 간편하게 광고를 통해서 효율적으로 동네 주민들에게 홍보할 수 있도록 돕기도 해요. 👉 2026 당근 ML 직군 채용 캠페인 상세 페이지 바로가기 🔗 이런 일을 해요 [피드 품질팀] 피드에서의 사용자 Engagement, 다양하고 우연한 발견을 촉진하기 위한 ML 모델들을 개발하고 개선해요 데이터를 분석하고 분석된 데이터에 기반해 가설을 세워 이론적 근거에 기반한 개선점을 찾아요. 온라인 실험으로 검증하고 실질적인 서비스 임팩트를 만들어요 유저와 컨텐츠를 깊게 이해하기 위한 모델들을 개발하고 개선해요 LLM을 다양한 방식으로 활용하여 개인화 추천을 개선해요 [광고추천팀] 광고 추천과 랭킹을 위한 CTR, CVR 예측 모델과 자동 입찰, 타겟팅, 페이싱 모델을 개발하고 개선해요 사용자 행동 데이터와 광고 성과를 분석하고, 데이터 기반의 가설을 세워 A/B 테스트로 검증하며 광고 효율과 사용자 경험을 동시에 향상시켜요 개인화를 고려한 후보 광고 추출과 광고 랭킹 모델을 통해 사용자에게 의미 있는 광고를 추천해요 LLM과 최신 AI 기술을 활용하여 광고 타겟팅의 정확도를 높이고, 사용자와 광고 콘텐츠를 더 깊이 이해해요 [검색품질팀] 자연어처리, 딥러닝, LLM, 개인화 알고리즘등을 활용해 검색 의도를 파악하고 적절한 랭킹을 통해 검색 품질과 사용자 만족을 향상시켜요 성능이 좋은 Multi-task 라지 모델을 설계하고, 실시간 서빙을 위해 모델 경량화 및 Distillation 을 연구하고 도입해요 컬렉션 랭킹, 지식그래프, 키워드 제안 등의 모델 개선 실험과 운영을 담당해요 🥕 정답이 없는 세계에서 최적의 균형점을 향해 간다는 건 🥕 당근의 성공을 견인하는 첫 화면의 비밀 🥕 대규모 트래픽 위에서 스카이넷은 어떻게 두 달 만에 탄생했을까? 이런 분을 찾고 있어요 기본 머신러닝 지식을 바탕으로, 추천 시스템을 고도화할 수 있는 방법을 고민하고 구현할 수 있는 분 이런 분이면 더 좋아요! 특정 분야에서 주도적으로 문제를 해결하여 의미있는 성과를 만들어본 경험이 있는 분 문제를 체계적으로 정의하고, 합리적인 근거를 바탕으로 해결 방안을 도출할 수 있는 분 합리적으로 의사결정하고, 협력적인 커뮤니케이션이 가능한 분 스스로 동기를 만들고, 어려운 문제 해결에 도전하는 것을 즐기는 분 참고해 주세요 본 포지션은 10주간의 전환형 인턴십이며, 뛰어난 평가를 받은 분에 한 해 정규직 전환 인터뷰 기회를 드려요 전환 기회를 제안 받아 전환 인터뷰에 합격하신 경우, 별도의 공백 없이 정규직으로 근무하는 것을 원칙으로 해요 단, 재학 중이거나 졸업 요건 등으로 인해 즉시 정규직 근무가 어려운 경우, 근무 종료일로부터 1년 이내에 동일 직무 정규직 포지션에 지원할 시, 서류 전형 / 화상 인터뷰 / 직무 인터뷰를 면제하고, 컬쳐핏 인터뷰부터 전형을 진행할 수 있어요 ‘장애인고용촉진 및 직업재활법’, ‘국가유공자 등 예우 및 지원에 관한 법률’에 따라 장애인 및 보훈대상자는 채용 전형 시 우대하고 있어요 웹 링크(노션, 구글드라이브 등)로 서류를 제출해주실 때는 접근 권한을 꼭 열어주세요. 화상 인터뷰에서 이력서 기반 질문과 알고리즘과 자료구조를 활용한 코딩테스트, 머신러닝 기본 지식 테스트가 진행될 예정이에요. 면접 전 원활한 테스트를 위한 PC 환경 조성을 부탁드리며, 지원자분께 편하고 익숙한 장비를 사용하시길 권장드려요 직무 인터뷰에서는 제출해주신 이력서에 대해 보다 깊이 있게 대화하며, 동시에 머신러닝 모델 설계를 주제로 대화해요 지원 기간은 2026년 4월 17일 (금) 23시 59분 까지이며, 마감 직전에는 홈페이지 접속 인원이 많을 것으로 예상되니 30분 이상의 여유를 가지고 제출해 주세요. 지원 자격 학년 및 졸업 여부 무관 (학사•석사 재학생, 휴학생, 기졸업자 포함) 10주간 풀타임 근무 가능자 병역 사항 지원 가능 입사 시점 기준 병역필 또는 병역 면제자, 해외여행에 결격 사유가 없는 분 지원 불가 산업기능요원 대상자가 아닌 미필자 산업기능요원: 현역 신규 편입 / 현역 전직 / 보충역 신규 편입 / 보충역 전직 전문연구요원 이렇게 합류해요 1. 서류 전형 → 2. 화상 인터뷰 (라이브 코딩 테스트) → 3. 직무 인터뷰 → 4. 최종 합격 및 입사 직무 인터뷰는 당근 오피스에서 대면으로 진행돼요 서류 및 인터뷰 과정 후 지원자분의 강점과 경험에 따라 적합한 팀을 제안드려요 최종 합격 시, 2026년 6월 22일 (월) 입사 예정이에요. 단, 협의를 통해 일자를 일부 조율할 수 있어요 (7월 말 이전, 매주 월요일 입사) 입사 일자를 조율하는 경우, 해당 입사일부터 10주간 재직해야해요 👉 당근 합류 여정 가이드 바로가기 🔗 지원하기 자주묻는질문 목록으로 돌아가기","","","","","","","정규직","","","2026-03-18","2026-04-17","active","2026-04-04T03:24:16.431040","2026-04-04T03:24:16.431057","True"
"141","122","당근마켓","[2026 당근 ML] Software Engineer, Machine Learning (학사)","https://about.daangn.com/jobs/7647097003","[2026 당근 ML] Software Engineer, Machine Learning (학사) 당근 정규직 경력/신입 영입정보 지원하기 Software Engineer, Machine Learning을 소개해요 당근의 Software Engineer, Machine Learning은 머신러닝을 활용해서 당근의 다양한 서비스들을 고도화하고 당근 사용자들의 만족을 끌어올려요. 더 나아가 동네 주민들의 연결을 강화하여 따뜻한 지역 사회를 만드는 것에 기여해요. 홈 피드, 상세 페이지 등에 개인화된 흥미로운 콘텐츠를 추천하기도 하고 누구나 쉽고 간편하게 광고를 통해서 효율적으로 동네 주민들에게 홍보할 수 있도록 돕기도 해요. 👉 2026 당근 ML 직군 채용 캠페인 상세 페이지 바로가기 🔗 이런 일을 해요 [피드 품질팀] 피드에서의 사용자 Engagement, 다양하고 우연한 발견을 촉진하기 위한 ML 모델들을 개발하고 개선해요 데이터를 분석하고 분석된 데이터에 기반해 가설을 세워 이론적 근거에 기반한 개선점을 찾아요. 온라인 실험으로 검증하고 실질적인 서비스 임팩트를 만들어요 유저와 컨텐츠를 깊게 이해하기 위한 모델들을 개발하고 개선해요 LLM을 다양한 방식으로 활용하여 개인화 추천을 개선해요 [광고추천팀] 광고 추천과 랭킹을 위한 CTR, CVR 예측 모델과 자동 입찰, 타겟팅, 페이싱 모델을 개발하고 개선해요 사용자 행동 데이터와 광고 성과를 분석하고, 데이터 기반의 가설을 세워 A/B 테스트로 검증하며 광고 효율과 사용자 경험을 동시에 향상시켜요 개인화를 고려한 후보 광고 추출과 광고 랭킹 모델을 통해 사용자에게 의미 있는 광고를 추천해요 LLM과 최신 AI 기술을 활용하여 광고 타겟팅의 정확도를 높이고, 사용자와 광고 콘텐츠를 더 깊이 이해해요 [검색품질팀] 자연어처리, 딥러닝, LLM, 개인화 알고리즘등을 활용해 검색 의도를 파악하고 적절한 랭킹을 통해 검색 품질과 사용자 만족을 향상시켜요 성능이 좋은 Multi-task 라지 모델을 설계하고, 실시간 서빙을 위해 모델 경량화 및 Distillation 을 연구하고 도입해요 컬렉션 랭킹, 지식그래프, 키워드 제안 등의 모델 개선 실험과 운영을 담당해요 🥕 정답이 없는 세계에서 최적의 균형점을 향해 간다는 건 🥕 당근의 성공을 견인하는 첫 화면의 비밀 🥕 대규모 트래픽 위에서 스카이넷은 어떻게 두 달 만에 탄생했을까? 이런 분을 찾고 있어요 기본 머신러닝 지식을 바탕으로, 추천 시스템을 고도화할 수 있는 방법을 고민하고 구현할 수 있는 분 데이터를 통해 복잡한 문제를 머신러닝 문제로 정교하게 재정의할 수 있는 경험 또는 역량을 보유한 분 이런 분이면 더 좋아요! 효율적인 코드 아키텍처를 구상하고 가독성 뛰어난 코드 작성에 경험이 있으신 분 특정 분야에서 주도적으로 문제를 해결하여 의미있는 성과를 만들어본 경험이 있는 분 문제를 체계적으로 정의하고, 합리적인 근거를 바탕으로 해결 방안을 도출할 수 있는 분 합리적으로 의사결정하고, 협력적인 커뮤니케이션이 가능한 분 스스로 동기를 만들고, 어려운 문제 해결에 도전하는 것을 즐기는 분 참고해 주세요 정규직 채용의 경우 3개월의 수습기간이 있어요 ‘장애인고용촉진 및 직업재활법’, ‘국가유공자 등 예우 및 지원에 관한 법률’에 따라 장애인 및 보훈대상자는 채용 전형 시 우대하고 있어요 웹 링크(노션, 구글드라이브 등)로 서류를 제출해주실 때는 접근 권한을 꼭 열어주세요. 화상 인터뷰에서 이력서 기반 질문과 알고리즘과 자료구조를 활용한 코딩테스트, 머신러닝 기본 지식 테스트가 진행될 예정이에요. 면접 전 원활한 테스트를 위한 PC 환경 조성을 부탁드리며, 지원자분께 편하고 익숙한 장비를 사용하시길 권장드려요 직무 인터뷰에서는 제출해주신 이력서에 대해 보다 깊이 있게 대화하며, 동시에 머신러닝 모델 설계를 주제로 대화해요 지원 기간은 2026년 4월 17일 (금) 23시 59분 까지이며, 마감 직전에는 홈페이지 접속 인원이 많을 것으로 예상되니 30분 이상의 여유를 가지고 제출해 주세요 지원 자격 26년 8월 이내 학사 졸업 예정자 또는 학사 학위 기졸업자 산업기능요원: 졸업 요건 미충족해도 정규직 포지션 지원 가능 (현역 신규 편입 제외) 병역 사항 지원 가능 입사 시점 기준 병역필 또는 병역 면제자, 해외여행에 결격 사유가 없는 분 산업기능요원 : 현역 전직, 보충역 신규 편입, 보충역 전직 지원 불가 산업기능요원 대상자가 아닌 미필자 산업기능요원: 현역 신규 편입 전문연구요원 이렇게 합류해요 1. 서류 전형 → 2. 화상 인터뷰 (라이브 코딩 테스트) → 3. 직무 인터뷰 → 4. 컬처핏 인터뷰 및 레퍼런스 체크 → 5. 처우협의 → 6. 최종 합격 및 입사 직무, 컬쳐핏 인터뷰는 당근 오피스에서 대면으로 진행돼요 서류 및 인터뷰 과정 후 지원자분의 강점과 경험에 따라 적합한 팀을 제안드려요 최종 합격 시 2026년 6월 22일 (월) 입사 예정이에요. 단, 협의를 통해 일자를 일부 조율할 수 있어요 (7월 말 이전, 매주 월요일 입사) 필요 시, 4. 컬쳐핏 인터뷰 단계에서 레퍼런스 체크를 진행할 수 있어요 👉 당근 합류 여정 가이드 바로가기 🔗 지원하기 자주묻는질문 목록으로 돌아가기","","하고 있어요 웹 링크(노션, 구글드라이브 등)로 서류를 제출해주실 때는 접근 권한을 꼭 열어주세요. 화상 인터뷰에서 이력서 기반 질문과 알고리즘과 자료구조를 활용한 코딩테스트, 머신러닝 기본 지식 테스트가 진행될 예정이에요. 면접 전 원활한 테스트를 위한 PC 환경 조성을 부탁드리며, 지원자분께 편하고 익숙한 장비를 사용하시길 권장드려요 직무 인터뷰에서는 제출해주신 이력서에 대해 보다 깊이 있게 대화하며, 동시에 머신러닝 모델 설계를 주제로 대화해요 지원 기간은 2026년 4월 17일 (금) 23시 59분 까지이며, 마감 직전에는 홈페이지 접속 인원이 많을 것으로 예상되니 30분 이상의 여유를 가지고 제출해 주세요 지원 자격 26년 8월 이내 학사 졸업 예정자 또는 학사 학위 기졸업자 산업기능요원: 졸업 요건 미충족해도 정규직 포지션 지원 가능 (현역 신규 편입 제외) 병역 사항 지원 가능 입사 시점 기준 병역필 또는 병역 면제자, 해외여행에 결격 사유가 없는 분 산업기능요원 : 현역 전직, 보충역 신규 편입, 보충역 전직 지원 불가 산업기능요원 대상자가 아닌 미필자 산업기능요원: 현역 신규 편입 전문연구요원 이렇게 합류해요 1. 서류 전형 → 2. 화상 인터뷰 (라이브 코딩 테스트) → 3. 직무 인터뷰 → 4. 컬처핏 인터뷰 및 레퍼런스 체크 → 5. 처우협의 → 6. 최종 합격 및 입사 직무, 컬쳐핏 인터뷰는 당근 오피스에서 대면으로 진행돼요 서류 및 인터뷰 과정 후 지원자분의 강점과 경험에 따라 적합한 팀을 제안드려요 최종 합격 시 2026년 6월 22일 (월) 입사 예정이에요. 단, 협의를 통해 일자를 일부 조율할 수 있어요 (7월 말 이전, 매주 월요일 입사) 필요 시, 4. 컬쳐핏 인터뷰 단계에서 레퍼런스 체크를 진행할 수 있어요 👉 당근 합류 여정 가이드 바로가기 🔗 지원하기 자주묻는질문 목록으로 돌아가기","","","","","정규직","","","2026-03-18","2026-04-17","active","2026-04-04T03:24:25.178310","2026-04-04T03:24:25.178330","True"
"142","122","당근마켓","[2026 당근 ML] Software Engineer, Machine Learning (석사)","https://about.daangn.com/jobs/7647084003","[2026 당근 ML] Software Engineer, Machine Learning (석사) 당근 정규직 경력/신입 영입정보 지원하기 Software Engineer, Machine Learning을 소개해요 당근의 Software Engineer, Machine Learning은 머신러닝을 활용해서 당근의 다양한 서비스들을 고도화하고 당근 사용자들의 만족을 끌어올려요. 더 나아가 동네 주민들의 연결을 강화하여 따뜻한 지역 사회를 만드는 것에 기여해요. 홈 피드, 상세 페이지 등에 개인화된 흥미로운 콘텐츠를 추천하기도 하고 누구나 쉽고 간편하게 광고를 통해서 효율적으로 동네 주민들에게 홍보할 수 있도록 돕기도 해요. 👉 2026 당근 ML 직군 채용 캠페인 상세 페이지 바로가기 🔗 이런 일을 해요 [피드 품질팀] 피드에서의 사용자 Engagement, 다양하고 우연한 발견을 촉진하기 위한 ML 모델들을 개발하고 개선해요 데이터를 분석하고 분석된 데이터에 기반해 가설을 세워 이론적 근거에 기반한 개선점을 찾아요. 온라인 실험으로 검증하고 실질적인 서비스 임팩트를 만들어요 유저와 컨텐츠를 깊게 이해하기 위한 모델들을 개발하고 개선해요 LLM을 다양한 방식으로 활용하여 개인화 추천을 개선해요 [광고추천팀] 광고 추천과 랭킹을 위한 CTR, CVR 예측 모델과 자동 입찰, 타겟팅, 페이싱 모델을 개발하고 개선해요 사용자 행동 데이터와 광고 성과를 분석하고, 데이터 기반의 가설을 세워 A/B 테스트로 검증하며 광고 효율과 사용자 경험을 동시에 향상시켜요 개인화를 고려한 후보 광고 추출과 광고 랭킹 모델을 통해 사용자에게 의미 있는 광고를 추천해요 LLM과 최신 AI 기술을 활용하여 광고 타겟팅의 정확도를 높이고, 사용자와 광고 콘텐츠를 더 깊이 이해해요 [검색품질팀] 자연어처리, 딥러닝, LLM, 개인화 알고리즘등을 활용해 검색 의도를 파악하고 적절한 랭킹을 통해 검색 품질과 사용자 만족을 향상시켜요 성능이 좋은 Multi-task 라지 모델을 설계하고, 실시간 서빙을 위해 모델 경량화 및 Distillation 을 연구하고 도입해요 컬렉션 랭킹, 지식그래프, 키워드 제안 등의 모델 개선 실험과 운영을 담당해요 🥕 정답이 없는 세계에서 최적의 균형점을 향해 간다는 건 🥕 당근의 성공을 견인하는 첫 화면의 비밀 🥕 대규모 트래픽 위에서 스카이넷은 어떻게 두 달 만에 탄생했을까? 이런 분을 찾고 있어요 기본 머신러닝 지식을 바탕으로, 추천 시스템을 고도화할 수 있는 방법을 고민하고 구현할 수 있는 분 데이터를 통해 복잡한 문제를 머신러닝 문제로 정교하게 재정의할 수 있는 경험 또는 역량을 보유한 분 새로운 머신러닝 기술 트렌드를 파악하고, 실제 문제에 적용하여 임팩트를 낼 수 있는 분 (e.g. LLM-enhanced recommender, large transformer-based recommender, etc) 이런 분이면 더 좋아요! 효율적인 코드 아키텍처를 구상하고 가독성 뛰어난 코드 작성에 경험이 있으신 분 특정 분야에서 주도적으로 문제를 해결하여 의미있는 성과를 만들어본 경험이 있는 분 문제를 체계적으로 정의하고, 합리적인 근거를 바탕으로 해결 방안을 도출할 수 있는 분 합리적으로 의사결정하고, 협력적인 커뮤니케이션이 가능한 분 스스로 동기를 만들고, 어려운 문제 해결에 도전하는 것을 즐기는 분 참고해 주세요 정규직 채용의 경우 3개월의 수습기간이 있어요 ‘장애인고용촉진 및 직업재활법’, ‘국가유공자 등 예우 및 지원에 관한 법률’에 따라 장애인 및 보훈대상자는 채용 전형 시 우대하고 있어요 웹 링크(노션, 구글드라이브 등)로 서류를 제출해주실 때는 접근 권한을 꼭 열어주세요. 화상 인터뷰에서 이력서 기반 질문과 알고리즘과 자료구조를 활용한 코딩테스트, 머신러닝 기본 지식 테스트가 진행될 예정이에요. 면접 전 원활한 테스트를 위한 PC 환경 조성을 부탁드리며, 지원자분께 편하고 익숙한 장비를 사용하시길 권장드려요 직무 인터뷰에서는 제출해주신 이력서에 대해 보다 깊이 있게 대화하며, 동시에 머신러닝 모델 설계를 주제로 대화해요 지원 기간은 2026년 4월 17일 (금) 23시 59분 까지이며, 마감 직전에는 홈페이지 접속 인원이 많을 것으로 예상되니 30분 이상의 여유를 가지고 제출해 주세요 지원 자격 26년 8월 이내 석사 졸업 예정자 또는 석사 학위 기졸업자 산업기능요원: 졸업 요건 미충족해도 정규직 포지션 지원 가능 (현역 신규 편입 제외) 병역 사항 지원 가능 입사 시점 기준 병역필 또는 병역 면제자, 해외여행에 결격 사유가 없는 분 산업기능요원 : 현역 전직, 보충역 신규 편입, 보충역 전직 지원 불가 산업기능요원 대상자가 아닌 미필자 산업기능요원: 현역 신규 편입 전문연구요원 이렇게 합류해요 1. 서류 전형 → 2. 화상 인터뷰 (라이브 코딩 테스트) → 3. 직무 인터뷰 → 4. 컬처핏 인터뷰 및 레퍼런스 체크 → 5. 처우협의 → 6. 최종 합격 및 입사 직무, 컬쳐핏 인터뷰는 당근 오피스에서 대면으로 진행돼요 서류 및 인터뷰 과정 후 지원자분의 강점과 경험에 따라 적합한 팀을 제안드려요 최종 합격 시 2026년 6월 22일 (월) 입사 예정이에요. 단, 협의를 통해 일자를 일부 조율할 수 있어요 (9월 초 이전, 매주 월요일 입사) 필요 시, 4. 컬쳐핏 인터뷰 단계에서 레퍼런스 체크를 진행할 수 있어요 👉 당근 합류 여정 가이드 바로가기 🔗 지원하기 자주묻는질문 목록으로 돌아가기","","하고 있어요 웹 링크(노션, 구글드라이브 등)로 서류를 제출해주실 때는 접근 권한을 꼭 열어주세요. 화상 인터뷰에서 이력서 기반 질문과 알고리즘과 자료구조를 활용한 코딩테스트, 머신러닝 기본 지식 테스트가 진행될 예정이에요. 면접 전 원활한 테스트를 위한 PC 환경 조성을 부탁드리며, 지원자분께 편하고 익숙한 장비를 사용하시길 권장드려요 직무 인터뷰에서는 제출해주신 이력서에 대해 보다 깊이 있게 대화하며, 동시에 머신러닝 모델 설계를 주제로 대화해요 지원 기간은 2026년 4월 17일 (금) 23시 59분 까지이며, 마감 직전에는 홈페이지 접속 인원이 많을 것으로 예상되니 30분 이상의 여유를 가지고 제출해 주세요 지원 자격 26년 8월 이내 석사 졸업 예정자 또는 석사 학위 기졸업자 산업기능요원: 졸업 요건 미충족해도 정규직 포지션 지원 가능 (현역 신규 편입 제외) 병역 사항 지원 가능 입사 시점 기준 병역필 또는 병역 면제자, 해외여행에 결격 사유가 없는 분 산업기능요원 : 현역 전직, 보충역 신규 편입, 보충역 전직 지원 불가 산업기능요원 대상자가 아닌 미필자 산업기능요원: 현역 신규 편입 전문연구요원 이렇게 합류해요 1. 서류 전형 → 2. 화상 인터뷰 (라이브 코딩 테스트) → 3. 직무 인터뷰 → 4. 컬처핏 인터뷰 및 레퍼런스 체크 → 5. 처우협의 → 6. 최종 합격 및 입사 직무, 컬쳐핏 인터뷰는 당근 오피스에서 대면으로 진행돼요 서류 및 인터뷰 과정 후 지원자분의 강점과 경험에 따라 적합한 팀을 제안드려요 최종 합격 시 2026년 6월 22일 (월) 입사 예정이에요. 단, 협의를 통해 일자를 일부 조율할 수 있어요 (9월 초 이전, 매주 월요일 입사) 필요 시, 4. 컬쳐핏 인터뷰 단계에서 레퍼런스 체크를 진행할 수 있어요 👉 당근 합류 여정 가이드 바로가기 🔗 지원하기 자주묻는질문 목록으로 돌아가기","","","","","정규직","","","2026-03-18","2026-04-17","active","2026-04-04T03:24:35.015050","2026-04-04T03:24:35.015072","True"
"143","122","당근마켓","Product Manager | 로컬 비즈니스 (QR오더)","https://about.daangn.com/jobs/7671507003","Product Manager | 로컬 비즈니스 (QR오더) 당근 정규직 경력 영입정보 지원하기 Local Business를 소개해요 Local Business에서는 동네의 사장님들과 이웃들을 연결해주는 서비스를 만들고 있어요. 당근 사용자들에게 동네 가게의 정보를 더 잘 발견할 수 있도록 접점을 제공해요. 사장님들에게는 동네 고객과 소통할 수 있도록 도구를 제공하는 역할을 해요. 주문경험팀은 이웃이 동네 가게를 더 쉽고, 합리적으로 이용할 수 있도록 돕는 팀이에요. 픽업(포장주문)과 QR오더(테이블오더) 제품을 통해 오프라인 매장을 온라인으로 연결하고, 이웃에게는 절약과 편리함을, 사장님에게는 단골 확보와 매출 성장을 제공하고 있어요. 우리는 단순한 주문 시스템을 만드는 것이 아니라 ‘우리 동네에서 가장 따뜻한 거래 경험’을 기술로 구현하는 일을 하고 있어요. 이 과정을 통해 가게, 이웃 그리고 지역사회가 함께 활력을 얻는 지속 가능한 로컬 상생 생태계를 만들어가요. 이런 일을 해요 당근 QR오더의 제품 전략을 수립하고, 서비스를 출시해요 당근의 오프라인 주문 경험을 확장하며, 사용자와 시장이 겪는 문제를 주도적으로 해결해요 POS, PG 등 외부 시스템을 안정적으로 연동하며, 당근 비즈프로필, 주문, 결제, 메뉴, 포인트 등 내부 자산을 활용하여 오프라인 생태계를 만들어요 엔지니어, 사업개발, 운영 매니저 등 다양한 전문가와 적극적으로 협업하며 시장을 공략해요. 이런 분과 함께하고 싶어요 Product Manager 경력 3년 이상이신 분 구조적 사고하고, 고객 임팩트를 만드는 제품 감각을 지니신 분 불확실성과 변동성이 높은 환경에서 최적의 선택지를 지속적으로 도출하실 수 있는 분 논리적 사고를 바탕으로 고객 관찰(정성), 데이터 분석(정량)을 결합해 의사결정 할 수 있는 분 도전적인 목표 앞에서도 끝까지 파고들어 임팩트를 만들어 낼 실행력을 갖추신 분 다양한 이해관계자와 투명하고 설득력 있는 커뮤니케이션으로 협업을 가속화할 수 있는 분 이런 분이면 더 좋아요! F&B 업종의 제품운영 경험 (O2O, 로컬 플랫폼, POS, CRM 등)을 갖추신 분 사업주 향 제품을 기획하고 운영해보신 분 빠르게 실험하고 개선하는 그로스 활동과 Go-to-Market을 해보신 분 창업이나 초기 스타트업에서 0 to 1을 겪으며 유의미한 성과를 만들어내신 분 참고해 주세요 정규직 채용의 경우 3개월의 수습기간이 있어요 ‘장애인고용촉진 및 직업재활법’, ‘국가유공자 등 예우 및 지원에 관한 법률’에 따라 장애인 및 보훈대상자는 채용 전형 시 우대하고 있어요 이렇게 합류해요 1. 서류 전형 → 2. 화상 인터뷰 → 3. 직무 인터뷰 (사전 과제) → 4. 컬처핏 인터뷰 및 레퍼런스 체크 → 5. 처우협의 → 6. 최종 합격 및 입사 👉 당근 합류 여정 가이드 바로 가기 (🔗) 지원하기 자주묻는질문 목록으로 돌아가기","","하고 있어요 이렇게 합류해요 1. 서류 전형 → 2. 화상 인터뷰 → 3. 직무 인터뷰 (사전 과제) → 4. 컬처핏 인터뷰 및 레퍼런스 체크 → 5. 처우협의 → 6. 최종 합격 및 입사 👉 당근 합류 여정 가이드 바로 가기 (🔗) 지원하기 자주묻는질문 목록으로 돌아가기","","","","","정규직","","","","","active","2026-04-04T03:24:42.960952","2026-04-04T03:24:42.960979","True"
"144","129","티맵모빌리티","01.  내게 맞는 포지션 찾기!","https://www.tmapmobility.com/people/culture/detail/103#job-cda68544-6","티맵모빌리티에는 개발, 프로덕트, 디자인, 경영지원 등 여러 직군의 다양한 포지션이 상시로 열려 있습니다. 페이지 하단에 있는 링크를 통해서 현재 채용 진행 중인 직무, 해당 직무를 담당하는 팀에 대한 소개와 맡게 되실 주요 업무 등 보다 자세한 내용을 보실 수 있어요. 어떤 포지션에서 내가 지금껏 쌓아온 역량과 경험을 펼치며 즐겁게 일할 수 있을지 지금 바로 확인해 보세요! FAQ. Q. 채용 공고 내 원하는 포지션이 없다면 어떻게 하나요? A. 채용 홈페이지 하단에 있는 '인재 DB 등록'을 진행해 주세요. 적합한 포지션이 오픈 될 경우 연락 드리도록 하겠습니다. Q. 중복 지원도 가능한가요? A. 하나의 포지션에 지원하셨다면 채용 전형이 시작된 것으로, 해당 포지션의 채용 전형이 종료되기 전까지는 다른 포지션에 중복 지원이 불가합니다. 현재 오픈 되어 있는 포지션 중에서 본인 커리어와 제일 적합하다고 판단되시는 포지션에 지원 부탁드립니다. 만약 지원 후 다른 포지션 지원을 희망하실 경우, recruit.tmap@sk.com으로 문의해 주시면 기존에 지원한 지원서는 전형 종료 또는 삭제 처리 도와드리겠습니다.","","","","","","","","","","","","active","2026-04-14T12:55:05.523605","2026-04-04T03:26:10.294004","True"
"145","129","티맵모빌리티","03.  코딩 테스트/과제 진행하기 (일부 포지션)!","https://www.tmapmobility.com/people/culture/detail/103#job-d2338819-9","특정 포지션의 경우 서류 전형 합격 시, 지원자분을 더 알아가기 위해 코딩 테스트 또는 과제를 진행하고 있습니다. 어떤 포지션에서 코딩 테스트 또는 과제가 진행되는지는 공고에서 확인 가능하며, 관련된 자세한 내용은 유선으로 서류 결과와 함께 안내 드리고 있습니다. 코딩 테스트/과제 진행 시 아래 사항을 꼭 참고해 주세요! - 코딩 테스트/과제는 유선 안내 드리는 시점 기준 5-7일의 기간을 드리고 있습니다. 해당 일정은 채용 담당자가 사전에 전화 드리고, 지원자분이 편한 날짜와 시간대에 응시하실 수 있도록 조율하고 있습니다. - 코딩테스는 본인 스스로 작업해야 하며, 인터넷(구글링)을 참고하여 코딩 문제를 풀 경우에는 불합격으로 처리 되오니 참고 부탁드립니다. - 과제는 포지션에 따라 다양한 주제와 방식으로 진행됩니다. 서류 합격 시 상세하게 안내 드리고 있습니다. - 코딩 테스트/과제 결과는 합격 여부와 관계없이 모든 분들께 유선 또는 이메일로 결과를 안내해 드리고 있습니다.","","","","","","","","","","","","active","2026-04-04T03:26:10.300957","2026-04-04T03:26:10.300971","True"
"146","129","티맵모빌리티","05.  처우 협의 및 입사일 협의!","https://www.tmapmobility.com/people/culture/detail/103#job-06bfa425-11","고생하셨습니다. 이제 모든 전형이 끝났습니다! 2차 인터뷰 및 인성검사에서 좋은 결과를 얻으신 경우, 유선 및 이메일로 입사 제안을 드릴 예정입니다. 처우 협의가 완료되면 지원자와 팀의 일정에 맞춰 입사 일정을 조율하고, 공식 Offer Letter와 입사를 위해 필요한 준비사항들을 이메일로 전달 드리고 있습니다. 각 준비사항들을 기한에 맞춰서 준비해 주세요!","","","","","","","","","","","","active","2026-04-04T03:26:10.304568","2026-04-04T03:26:10.304582","True"
"147","140","채널코퍼레이션(채널톡)","채용 - 채널톡","https://channel.io/ko/careers#job-6a799d4a-0","s All Roles AX Corporate Engineering Product / Design Sales / Business Strategy / Business Ops Talent Pool US - Business Job types 계약직 시니어 신입 인턴 정규직 주니어 필터 초기화 Region Seoul, Korea Roles All Roles AX Corporate Engineering Product / Design Sales / Business Strategy / Business Ops Talent Pool US - Business Job types 계약직 시니어 신입 인턴 정규직 주니어 필터 초기화 47 개의 포지션이 열려있어요 필터 보기 AX AI Product Owner 주니어/시니어/정규직 AI 에이전트 제품 하나를 온전히 소유하며, 고객 현장에서 실제 문제를 찾아 출시·성장시키는 일을 해요. AI 제품 기획·출시 경험, 데이터 기반 의사결정 습관, 엔지니어와 협업 가능한 기술 이해도가 필요해요. 아직 시장에 답이 없는 음성 AI, 자동 학습 시스템 등을 글로벌 경쟁 속에서 직접 정의하고 만드는 기회가 있어요. AX Consultant 주니어/시니어/정규직 고객의 상담·운영 업무를 AI 중심으로 재설계하고 자동화 시스템을 직접 구축해요. IT 컨설팅 3년 이상 경력, 노코드 도구 경험, API·데이터베이스 기본 이해도 필요해요. AI 도입 현장에서 고객과 함께 성과를 만드는 경험과 기술 경계 확장의 기회가 있어요. AX Consultant (Junior) 주니어/인턴 고객사 현장에서 CS 업무를 분석해 AI 자동화 포인트를 발굴하고 노코드 툴로 실제 구현해요. 실행 습관과 현장 감각이 핵심이며, AI 툴 경험이나 자동화 플랫폼 사용 경험이 있으면 좋아요. 3개월 인턴 후 정규직 전환 검토 기회가 있고, 빠르게 변하는 AI 업계에서 실무 능력을 키울 수 있어요. Enterprise Solution Engineer 주니어/시니어/정규직 엔터프라이즈 고객의 채널톡 도입을 시스템 분석부터 AI 솔루션 구축까지 전담해요. 3년 이상 개발 경력과 API·데이터 연동 경험, 고객 협업 역량이 필요해요. SI 프로젝트나 SaaS 도입 경험, 고객 현장 상주 지원으로 깊이 있는 기술 영향력을 만들어요. Forward Deployed Engineer 주니어/시니어/정규직 고객 현장의 복잡한 문제를 AI로 진단하고 해결하는 엔지니어링 역할을 해요. 강한 코딩 역량과 비즈니스 감각, 고객 커뮤니케이션 능력이 필요해요. AI Transformation 전문가·PM·창업자로 성장할 수 있는 최적의 경험을 쌓게 돼요. GTM Specialist (Public Sector) 주니어/시니어/정규직 공공기관 대상 AI 상담 솔루션의 시장 진출 전략을 수립하고 실행하는 역할이에요. 공공시장 IT 영업 경험과 나라장터 조달 프로세스를 실무적으로 아는 분이 필요해요. AI 챗봇 도메인 경험과 SI 파트너 생태계 구축을 통해 새로운 시장을 직접 개척할 수 있어요. Head of AX (AI Transformation) 시니어/정규직 AI 전환을 현장에서 설계·실행하고, 그 성공을 조직 운영으로 재현 가능하게 만드는 엔터프라이즈 AX 리더로서의 역할이에요. 엔터프라이즈 고객과 복잡한 과제를 완결해본 경험, 다부서 조직을 움직여 결과를 만든 리더십, 플레이북으로 성공을 표준화한 경험이 필요해요. 0→1 레퍼런스부터 스케일까지 전환의 전 과정을 시스템으로 만들고, AI 표준화의 분수령에서 엔터프라이즈 현장을 주도할 기회가 있어요. Corporate CFO (Chief Financial Officer) 시니어/정규직 펀드레이징과 자본 전략으로 회사의 성장 엔진을 설계하는 CFO 역할을 해요. 스타트업 CFO 경험 또는 VC/PE/IB에서 딜 경험과 글로벌 투자자 네트워크가 필요해요. Pre-IPO/IPO 로드맵 설계와 상장 준비 전 과정을 주도할 수 있는 기회가 있어요. Chief Information Security Officer 시니어/정규직 글로벌 SaaS 기업의 정보보안 전략 수립과 인증 유지·확대를 주도하는 보안 리더역할을 해요. 5년 이상 정보보호 실무, ISMS/ISO 27001 인증 경험, 클라우드·SaaS 보안 설계 역량이 필요해요. 국내외 규제 대응과 팀 빌딩을 통해 전사 보안 체계를 고도화할 기회를 얻을 수 있어요. Executive Assistant 주니어/계약직 부대표를 포함한 C-level 3명의 일정, 문서, 회의, 경비를 관리해요. 3년 이상 비서 경력과 초급 이상 영어 능력이 필요해요. 글로벌 SaaS 기업으로 성장 중인 채널톡에서 경영진 업무를 직접 지원해요. Financial Analyst 시니어/정규직 월/분기 결산, 세무신고, 자금관리 등 기업 재무회계 전반을 담당해요. 5년 이상 재무회계 경력, 더존 회계프로그램 사용능력, 세무/회계기준 이해도가 필요해요. 성장하는 IT회사에서 해외법인·자회사 거래 경험하며 시니어로 성장할 기회가 있어요. FP&A Specialist 주니어/시니어/정규직 월별 손익 분석, 예산 대비 실적 검토, 재무 모델링으로 경영진의 의사결정을 지원해요. FP&A 4~6년 경력, Excel/Google Sheet 분석 능력, 데이터 감각과 논리적 사고력이 있어요. SaaS 성장 기업에서 한국·일본 글로벌 확장 단계의 재무 프로세스 구축에 참여해요. Head of Finance 시니어/정규직 재무 전략 수립과 의사결정 지원을 통해 SaaS 기업의 성장을 주도하는 재무 리더. 7년 이상 SaaS/테크 재무 경험, FP&A 역량, 팀 리딩 경험이 필요해요. 글로벌 규모 성장 중인 B2B SaaS에서 재무 인프라 구축과 광범위한 경력 경험을 얻을 수 있어요. Information Security Officer 주니어/시니어/정규직 정보보호 정책 수립과 ISMS 인증 유지, 보안 감사를 주도하는 역할을 해요. 정보보호 업무 3~7년 경력과 개인정보보호법, 정보통신망법 이해가 필수예요. 보안을 성장의 파트너로 만드는 초기 단계 조직에서 정책부터 기술까지 경험할 수 있어요. Legal Counsel 주니어/시니어/정규직 빠르게 성장하는 B2B SaaS 스타트업에서 계약 검토, 컴플라이언스, 회사법 전반을 담당해요. 한국 또는 미국 변호사로 5년 이상 기업 자문/사내 법무 경력이 필요해요. 글로벌 진출 가속화 속에서 Tech 분야 General Counsel로 성장할 수 있는 기회가 있어요. Legal Operations Specialist 주니어/시니어/정규직 계약 관리, 법인 행정, 컴플라이언스 등 법무 운영 전반을 담당하고 프로세스를 개선해요. 법무 관련 3~5년 이상 경력, 꼼꼼한 태도, 협업 능력과 운영 개선 관심도가 필요해요. B2B SaaS 스타트업에서 국내외 비즈니스 확장을 경험하며 Legal Ops 전문가로 성장할 수 있어요. Recruiting Coordinator 신입/인턴 채용 전 과정의 운영과 지원자 경험을 관리하는 채용 오퍼레이션 담당해요. 채용 관련 경험과 꼼꼼함, 다양한 사람과의 소통 능력이 필요해요. 스타트업 성장의 핵심 역할을 체감하며 6개월 인턴 후 정규직 전환 기회가 있어요. Senior Recruiter 시니어/정규직 채용 프로세스 전반을 관리하며 탑티어 인재를 직접 발굴하고 설득하는 일을 해요. 5년 이상 채용 경험과 링크드인 활용도, Direct Sourcing 역량이 필요해요. 스타트업 IT 업계 이해와 본인만의 소싱 노하우로 글로벌 SaaS 성장을 이끌 수 있어요. Engineering DevOps Engineer 주니어/시니어/정규직 Kubernetes와 AWS 기반의 인프라를 설계·운영하며 자동화 플랫폼을 구축해요. Kubernetes 프로덕션 운영, Terraform 경험, 프로그래밍 능력과 CS 기초가 필요해요. 글로벌 스케일 인프라 설계와 Platform Engineering을 직접 주도할 기회가 있어요. Machine Learning Engineer (AI Product) 주니어/시니어/정규직 AI 상담 에이전트의 RAG 성능 고도화와 평가 자동화 시스템을 설계하고 구축해요. LLM 메커니즘 이해, RAG/벡터 검색 경험, Python 능력, ML 라이브러리 활용 능력이 필요해요. 2,000개 고객사 실제 데이터로 AI 해결률을 직접 끌어올리는 End-to-end 경험을 쌓을 수 있어요. Machine Learning Engineer (Model Training) 주니어/시니어/정규직 TTS/STT 모델을 직접 학습하고 음성 품질을 개선하는 end-to-end ML 엔지니어링을 해요. PyTorch 기반 음성 모델 학습 경험과 Transformer 구조 이해, GPU 멀티 학습 경험이 필요해요. 3명 팀에서 기술 방향을 함께 고민하고 경량 LLM 등 다양한 AI 모델로 확장할 기회가 있어요. Software Engineer 주니어/시니어/정규직 Backend, Frontend, Mobile 중 선택해 글로벌 AI 메신저의 소프트웨어를 개발해요. 자료구조·알고리즘 이해, CS 기초 역량, 빠른 학습과 디버깅 능력이 필요해요. 다양한 스택을 경험하며 문제를 다각도로 해결하는 T자형 엔지니어로 성장할 수 있어요. Software Engineer Intern (채용연계형) 신입/인턴 글로벌 B2B SaaS 제품의 복잡한 기술 문제를 해결하는 소프트웨어 엔지니어예요. CS 기초(자료구조, 알고리즘) 탄탄함과 프로그래밍 언어 1개 이상 능숙함이 필수예요. 6개월 후 성과 평가에 따라 정규직 전환 기회가 있고 업계 최고 인턴 급여(월 400만원)를 받아요. Software Engineer, Senior 시니어/정규직 800만 명이 사용하는 채널톡의 백엔드 시스템을 설계하고 고도화하는 역할을 해요. 5년 이상 백엔드 아키텍처 경험과 Java, Go, Python 중 하나 이상의 깊이 있는 실력이 필요해요. 제품과 기술의 중장기 방향을 함께 고민하며 프로젝트를 처음부터 끝까지 주도할 수 있어요. Product / Design Head of Product 시니어/정규직 PM 조직을 이끌며 AI 에이전트 제품 전략을 결정하고 실행","","","","","","","정규직","","","","","active","2026-04-14T12:52:55.179947","2026-04-04T03:26:37.347890","True"
"148","147","인크루트","재단법인 자동차손해배상진흥원 기업정보","https://www.incruit.com/company/1682702390/job","재단법인 자동차손해배상진흥원 은 2018년에 설립된 자동차손해배상보장법 제39조의 4 제2항에 따른 검사대상기관의 업무 및 재산상황 검사 자동차손해배상 및 보상 정책의 수립. 추진 지원 자동차손해배상 및 보상 정책 관련 사업을 하는 공기업, 공공기관 입니다. 자본금 1억원 최근 매출액 260억5293만원의 사원수 60명 규모로 서울특별시 영등포구 선유로52길 11에 위치하고 있습니다. 신입/경력 채용현황 고용형태 주요 모집 직종 일반사무 9 사무보조 5 사무관리 5 고객상담 5 대인·대물보상직 3 최근재직자 현황 총 인원 43명 정보제공 : 공공데이터포털 아이디 로그인 을 하면 담당자의 정확한 회신이 가능합니다. 제목 연봉정보 수정 요청드립니다. 초임연봉정보 수정요청시 시간 소요되며 , 경우에 따라 업데이트 불가한 경우도 있으니 참고 부탁드립니다. 본 자료는 인크루트 자체 수집 데이터와 공공기관에서 공개한 자료, 언론 보도자료, 기업 자체 제공 자료 등을 토대로 추정, 작성되었습니다. 자료 출처 및 성과급, 계약직 근로자 급여 등의 포함 여부는 기업마다 다를 수 있습니다. 실제 초임 연봉과 차이가 있을 수 있으므로 해당 정보는 단순 참고 용으로 활용하시기를 권장해 드립니다. 보내기 취소","","","","","","서울","계약직","5293만원","","","","active","2026-04-04T03:27:39.500497","2026-04-04T03:27:39.500540","True"
"149","147","인크루트","채용박람회","https://jobfair.incruit.com/jobfairmng/jobfairlist.asp?ty=y","종료 BATTERY JOB FAIR 2026 배터리 산업의 우수 기업과 미래 인재들의 만남, BATTERY JOB FAIR 2026! 온라인 기간 : 2026. 03. 11 ~ 2026. 03. 13 오프라인 기간 : 2026. 03. 11 ~ 2026. 03. 13 종료 2025 청년취업사관학교 AI 인재 페스티벌 AI 분야 취업을 꿈꾸는 당신을 위한, 2025 청년취업사관학교 AI 인재 페스티벌 개최! 온라인 기간 : 2025. 11. 20 ~ 2025. 12. 02 오프라인 기간 : 2025. 11. 20 ~ 2025. 12. 02 종료 2025 KB굿잡 대전 일자리 페스티벌 일시 : 2025년 11월 19일(수) 10:00 - 17:00 장소 : 대전컨벤션센터 제2전시장 온라인 기간 : 2025. 10. 20 ~ 2025. 11. 28 오프라인 기간 : 2025. 11. 19 ~ 2025. 11. 19 종료 서울시 시니어 일자리박람회 2025 2025년 11월 18일(화) SETEC에서 서울시 시니어 일자리박람회가 처음으로 개최됩니다! 온라인 기간 : 2025. 10. 20 ~ 2025. 11. 18 오프라인 기간 : 2025. 11. 18 ~ 2025. 11. 18 종료 2025 제1회 항공레저산업 일자리 박람회 with 제2회 활주로축제 2025년 11월 07(금)~08(토) 한국항공대학교 활주로에서 행사가 개최 됩니다! 온라인 기간 : 2025. 10. 20 ~ 2025. 11. 10 오프라인 기간 : 2025. 11. 07 ~ 2025. 11. 08 종료 2025 구로구 일자리박람회 2025 구로구 일자리박람회가 10월 23일 개최됩니다! 온라인 기간 : 2025. 10. 23 ~ 2025. 10. 23 오프라인 기간 : 2025. 10. 23 ~ 2025. 10. 23 종료 2025 중구 온-오프 일자리박람회 멈추지 않는 커리어 중구와 함께 잡(Job) 잉! (잡:잉페어) 온라인 기간 : 2025. 09. 22 ~ 2025. 09. 30 오프라인 기간 : 2025. 09. 30 ~ 2025. 09. 30 종료 2025 금천구 일자리박람회 2025 금천구 일자리박람회가 금천구청 12층 대강당에서 진행됩니다! 온라인 기간 : 2025. 09. 15 ~ 2025. 12. 12 오프라인 기간 : 2025. 09. 30 ~ 2025. 09. 30 종료 2025 스마트건설 청년인재 채용설명회 국내 대표 건설사 및 국토교통부 산하 공기업, 건설협단체가 참여하는 2025 스마트건설 청년인재 채용설명회! 온라인 기간 : 2025. 09. 02 ~ 2025. 09. 18 오프라인 기간 : 2025. 09. 18 ~ 2025. 09. 18 종료 2025 외국인 취업·채용 박람회 온라인박람회: 2025년 9월~10월 홈페이지 오프라인박람회: 2025년 11월 20일(목) SETEC 제1전시실 온라인 기간 : 2025. 09. 01 ~ 2025. 11. 20 오프라인 기간 : 2025. 11. 20 ~ 2025. 11. 20 종료 2025 리스타트 잡페어 도전하는 오늘, 다시 잡은 내 일 광화문 광장에서 2025 리스타트 잡페어 개최! 온라인 기간 : 2025. 08. 20 ~ 2025. 09. 28 오프라인 기간 : 2025. 09. 25 ~ 2025. 09. 26 종료 동반성장 협력사 PR챌린지 전용 채용관 동반성장 협력사 PR챌린지 전용 채용관 온라인 기간 : 2025. 01. 01 ~ 2025. 12. 01 종료 2025년 동대문구 온·오프라인 취업박람회 2025년 동대문구 온·오프라인 취업박람회 온라인 기간 : 2025. 09. 01 ~ 2025. 09. 25 오프라인 기간 : 2025. 09. 25 ~ 2025. 09. 25 종료 2025 관광 일자리페스타 무궁무진한 관광의 세계! 나의 관광 커리어 지금 이륙합니다! 온라인 기간 : 2025. 08. 12 ~ 2025. 11. 14 오프라인 기간 : 2025. 09. 30 ~ 2025. 10. 01 종료 이달의 우수 강소기업 일자리 채용관 강소기업으로 선정된 국내 우수한 기업들의 채용공고를 한 곳에서 확인해보세요! 온라인 기간 : 2025. 01. 01 ~ 2025. 12. 31 종료 창업˙벤처 녹색융합클러스터 2025 JOB FESTIVAL 창업˙벤처 녹색융합클러스터 2025 JOB FESTIVAL 온라인 채용 전용관 온라인 기간 : 2025. 08. 11 ~ 2025. 11. 30 종료 환경분야 퇴직전문가 전용관 환경분야 퇴직전문가들의 기술 지원을 위한 일자리 전용관 온라인 기간 : 2025. 07. 01 ~ 2025. 12. 31 종료 2025 제대군인 취·창업 박람회 국민과 함께 하는 2025 제대군인 취·창업 박람회 온라인 기간 : 2025. 08. 11 ~ 2025. 09. 30 오프라인 기간 : 2025. 09. 30 ~ 2025. 09. 30 종료 2025 신용보증기금 온라인 채용박람회 신용보증기금을 이용하는 우수 중소기업의 채용공고를 한 번에 볼 수 있는 2025 신용보증기금 온라인 채용박람회 온라인 기간 : 2025. 08. 01 ~ 2025. 11. 30 오프라인 기간 : 2025. 08. 01 ~ 2025. 11. 30 종료 2025 항공산업 JOB FAIR 미래의 항공인들을 위한 2025 항공산업 JOB FAIR가 9월 16일 코엑스 마곡 4층에서 개최됩니다! 온라인 기간 : . . ~ 2025. 09. 16 오프라인 기간 : 2025. 09. 16 ~ 2025. 09. 16 1 2 3 4 5 6 7 8 9 10 다음페이지 다음페이지","","","","","","서울","","","","2026-02-09","2026-03-11","active","2026-04-04T03:27:45.689799","2026-04-04T03:27:45.689824","True"
"150","147","인크루트","인크루트 소개 및 서비스 정보","https://people.incruit.com/jobsuppsvc/jat.asp","인적성 검사 함께 일할 사람인지 확인하는 가장 기본적인 채용 필기 검사 대부분의 대기업·공공기관 채용 모두에서 폭넓게 활용되는 검사로, 직무 수행에 영향을 미치는 핵심 성격 및 역량 수준을 진단하고 맞춤형 강점 및 성장 포인트를 점검할 수 있습니다. 인적성검사 신청하기 대기업·중견기업·공기업까지 채용전형에서 가장 많이 활용되는 “인적성검사” 탈락을 결정하는 전형! 인적성 검사 잘 보면 플러스가 아니라 “준비 안 하면 바로 탈락” 입니다. 나는 뭐가 문제일까? 왜 점수가 부족한거지?? 인적성 검사는 그냥 운으로 되는거 아님? 인적성검사를 어떻게 준비해야하는지 모르겠어.. 너무 솔직하게 검사해서 그런건가? 난 정말 모범적인 선택지만 한거 같은데..... 인적성 검사에만 3번이나 떨어진 이유가 뭘까? 탈락 이유 더 이상 '내 안에서' 찾지 마세요 문제는 비슷한 실력의 지원자 갈수록 높아지는 허들, 더 정교해진 필터링 그리고 견고해진 기업의 진입장벽 모든 벽을 무너뜨리기 위해 전략을 세울 시간, 바로 지금! 이러한 풀리지 않는 답답함 든든한 취업 파트너 인크루트 가 준비했습니다. 인크루트 인적성검사 에서 제공하는 특 장점 취업 실전 대비를 위한 가장 적합한 인적성 검사 자체 검사개발팀을 보유한 유일한 채용전문 포털기업 수년간의 채용 인적성검사 개발 노하우와 누적 응시자를 활용해 기업이 궁금해하는 핵심 역량을 측정하고 사전 결과 판정 예측 Point 수만명의 누적 응시자 중 나의 위치를 파악하고 나의 종합점수가 기업에서 어떤 평가를 받을 것인지 예상해볼 수 있어요. 성격 유형이 아닌 ‘업무 행동 예측’ 중심 분석 성격도 역량입니다. 단순한 성격 유형 테스트가 아닌 업무 상황의 나를 설명할 수 있는 직관적인 핵심 키워드와 행동방식 분석 제공 Point 인성검사 점수를 어떻게 해석해야 할까 고민할 필요 없어요. 업무 환경에서 나타날 수 있는 나의 태도와 행동 방식을 예측해볼 수 있어요. 실제 취업 성공률 향상으로 연결되는 결과 활용 인사이트 이력서·면접에서 활용할 수 있는 강점 어필 전략과 보완이 필요한 영역에 대한 수준별 성장 방향을 제시 Point 인성 검사 결과를 바탕으로 나의 강점과 성장포인트를 확인하고 역량 수준별 코칭을 참고하여 나만의 성장 전략을 정리할 수 있어요 약점 분석에서 그치지 않고 취약한 문항 유형까지 분석해 나에게 맞는 학습 준비 전략을 구체적으로 안내 Point 적성 검사 결과에 따라 취약 문항 유형 분석과 평가 영역 간 점수 편차, 오답 문항 유형을 분석해 나만의 맞춤형 학습 준비 방향을 제시합니다. 내 결과와 연동된 실질적 취업 기회 연결 나의 성향과 적합한 직군과 인재상을 추천하고 관련 실시간 채용 정보까지 손쉽게 바로 연결 Point 나와 어울리는 인재상 키워드 분석을 통해 기업을 추천받고 예상 적합률이 높은 직군의 모집 공고를 바로 확인할 수 있어요. 전문가 도움 없이도 스스로 결과를 이해할 수 있는 친절한 리포트 취업 컨설턴트나 해석 가이드 없이 리포트만으로도 자신의 결과를 정확히 이해하고 활용할 수 있도록 이 모든 것을 한권의 리포트로 담아 제공 Point 검사에 대한 이해부터 평가 역량 개념, 결과 해석 가이드, 맞춤형 코칭까지 혼자서도 인적성검사를 이해하고 준비하는데 도움이 될 수 있어요. 취업시즌, 이런 분들께 추천드립니다. 매번 인적성 검사에서 불합격 하는 분 점수는 나쁘지 않은데 합격으로 이어지지 않는 분 사전 결과를 예측하고 내 수준을 점검하고 싶은 분 진단 뿐만 아니라 인적성 검사에 대한 이해가 필요한 분 서류, 면접에서 어필 할 수 있는 나만의 맞춤 솔루션이 필요한 분 합격은 운이 아니라, 기준을 아는 것 에서 시작됩니다 나의 합격확률을 상승시키기 위한 또 다른 실전대비 NCS(직업기초능력)검사 공공기관·공기업 합격을 가르는 필기 검사로 나의 현재 역량 수준을 진단하고 전체 응시자 대비 상대적 위치를 객관적으로 점검할 수 있습니다. 시작하기 PSG(문제해결력 게임)검사 가상 상황 속에서 직접 선택하고 행동하는 참여형 검사로 직무 수행에 필요한 인지적 문제 해결 역량을 점검할 수 있습니다. 시작하기 NCS(직업기초능력)검사 공공기관·공기업 합격을 가르는 필기 검사 주로 능력중심채용에서 활용되는 검사로, 다양한 업무에서 공통적으로 요구되는 10가지 직무기초역량에 대해 나의 현재 역량 수준을 진단하고 전체 응시자 대비 상대적 위치를 객관적으로 점검할 수 있습니다. NCS검사 신청하기 공공기관·공기업 취업을 준비한다면, “NCS 검사” 는 선택이 아닌 “필수” 공공기관·공기업 99% NCS 필기전형 도입 NCS(국가 직무 능력표준)란 ? 산업 현장의 직무를 수행하기 위해 필요한 능력(지식, 기술, 태도)을 국가적 차원에서 표준화 한 것으로 능력단위 또는 능력단위이 집합을 의미합니다. 모듈형 PAST형 피듈형 결국은 단 1점의 격차, 한 문제 의 무게를 이겨내는것! 공공기간 · 공기업 채용대행 NO.1 인크루트 유료정밀 진단과 함께 합격권으로 진입할 타이밍입니다. 인크루트 NCS(직업기초능력)검사 에서 제공하는 특 장점 공기업 취업 실전 대비를 위한 가장 적합한 NCS 검사 실제 공공기관 및 공기업 채용에서 중요하게 보는 직업기초능력 역량을 측정하고 실전과 유사한 문항으로 결과 판정을 사전 예측 Point 실제 공공기관 모든 직무에서 중요하게 여겨지는 직업기초능력영역 10가지를 평가해 직무 기본 역량 수준과 수만명의 응시자 대비 나의 현재 위치를 한눈에 확인할 수 있어요. 실제 취업 성공률 향상으로 연결되는 결과 활용 인사이트 약점 분석에서 그치지 않고 취약한 영역까지 분석해 나에게 맞는 취업 준비 전략을 구체적으로 안내 Point 취약한 영역이 확인될 경우, 특히 어떤 영역에서 어려움을 겪는지 분석해 제시합니다. 이를 통해 보다 취업 준비 방향을 설정하는 데 참고할 수 있어요 강점은 살리고 약점은 보완하는 실질적 취업 준비 전략 강점역량을 살릴 수 있는 직업 추천부터 퍼스널 브랜딩 취업전략 뿐만 아니라 약점역량을 보완할 수 있는 성장 코칭과 약점커버 자소서/면접 대비 전략까지 제공 Point 나의 강점과 약점 영역을 분석하여 나에게 맞는 직무와 직업을 추천 받고, 퍼스널 브랜딩부터 자소서·면접 대비까지 나만의 취업 전략을 제공받을 수 있어요. 전문가 도움 없이도 스스로 결과를 이해할 수 있는 친절한 리포트 취업 컨설턴트나 해석 가이드 없이 리포트만으로도 자신의 결과를 정확히 이해하고 활용할 수 있도록 이 모든 것을 한권의 리포트로 담아 제공 Point 검사에 대한 이해부터 평가 역량 개념, 결과 해석 가이드, 맞춤형 코칭까지 혼자서도 NCS 검사를 이해하고 준비하는데 도움이 될 수 있어요. 취업시즌, 이런 분들께 추천드립니다. 공기업·공공기관 지원을 처음 준비하는 분 공공기관, 공기업 취업을 위해 체계적인 준비가 필요한 분 일반 인적성 검사와 NCS검사의 차이를 알고 싶은 분 필요한 모든 직무역량에 대해 내 수준을 점검하고 싶은 분 공기업 준비 방향을 객관적으로 점검하고 싶은 분 합격은 운이 아니라, 기준을 아는 것 에서 시작됩니다 나의 합격확률을 상승시키기 위한 또 다른 실전대비 인적성 검사 함께 일할 사람인지 확인하는 가장 기본적인 채용 필기 검사로 직무 수행에 영향을 미치는 핵심 성격 및 역량 수준을 진단하고 맞춤형 강점 및 성장 포인트를 점검할 수 있습니다. 시작하기 PSG(문제해결력 게임)검사 가상 상황 속에서 직접 선택하고 행동하는 참여형 검사로 직무 수행에 필요한 인지적 문제 해결 역량을 점검할 수 있습니다. 시작하기 PSG(문제해결력게임)검사 가상 상황 속에서 직접 선택하고 행동하는 참여형 검사 일반 기업 채용에서 주목하는 “어떻게 생각하고 대응하는가”를 보는 최신 채용 트렌드를 반영한 검사로, 게임 상황 속 나의 선택과 대응방식을 분석해 직무 수행에 필요한 인지적 문제 해결 역량을 점검할 수 있습니다. PSG검사 신청하기 빠르게 변화하는 채용 트랜드 가장 먼저 대비하자! 기업은 더 이상 ‘정답만 맞히는 사람’ 을 뽑지 않기로 시작했습니다. 막연한 두려움은 그만! 결국은 문제해결력! 외운 공식, 스킬, 요령을 무력화하는 새로운 채용 검사 대비하면 무섭지 않습니다. 인크루트 PSG(문제해결력게임)검사 로 대비하세요! 인크루트 PSG(문제해결력게임)검사 에서 제공하는 특 장점 새로운 채용 검사도 완벽 대응! 취업 실전 대비를 위한 문제해결력 검사 일반 기업 채용에서 최근 주목하고 있는 시뮬레이션형 검사 정답형 적성검사로는 평가하기 어려운, 가상 상황 속 자연스럽게 드러나는 문제해결 사고 과정과 행동 패턴을 측정 Point 무인도 생존 상황 속에서 직접 과제를 수행하며, 제한된 정보와 자원 속에서 선택하고 행동하는 과정을 통해 문제 상황에서 드러나는 나의 판단 방식과 행동전략을 자연스럽게 측정할 수 있어요. 문제 풀이 요령이 아닌, 실질적 문제 해결 역량을 평가 기업이 중요하게 보는 것은 ‘시험을 잘 푸는 사람’? No! 진짜로 중요한 것은 ‘일 잘하는 똑똑한 사람’ 상황 인지, 정보 처리, 전략 수립, 위기 대응 등 실제 업무 상황에서 꼭 필요한 인지적 문제 해결 역량을 종합적으로 평가 Point 게임 수행 과정을 바탕으로 정보처리, 전략 수립, 위기상황 대응 등 조직 내에서 주어진 업무를 효과적으로 수행하고 처리할 수 있는지 나의 인지적 문제 해결 역량에 대한 분석 결과를 확인할 수 있어요. 취업시즌, 이런 분들께 추천드립니다. 새로운 유형의 검사에 대한 불안감을 극복하고 싶은 분 행동에서 자연스럽게 나오는 본연의 역량을 측정하고 싶은 분 문제 해결력·사고력을 강조하는 기업을 지원하는 경우 업무에서 필수적인 문제 해결력과 사고력을 알고 싶은 분 합격은 운이 아니라, 기준을 아는 것 에서 시작됩니다 나의 합격확률을 상승시키기 위한 또 다른 실전대비 인적성 검사 함께 일할 사람인지 확인하는 가장 기본적인 채용 필기 검사로 직무 수행에 영향을 미치는 핵심 성격 및 역량 수준을 진단하고 맞춤형 강점 및 성장 포인트를 점검할 수 있습니다. 시작하기 NCS(직업기초능력)검사 공공기관·공기업 합격을 가르는 필기 검사로 나의 현재 역량 수준을 진단하고 전체 응시자 대비 상대적 위치를 객관적으로 점검할 수 있습니다. 시작하기","","","인적성 검사 함께 일할 사람인지 확인하는 가장 기본적인 채용 필기 검사 대부분의 대기업·공공기관 채용 모두에서 폭넓게 활용되는 검사로, 직무 수행에 영향을 미치는 핵심 성격 및 역량 수준을 진단하고 맞춤형 강점 및 성장 포인트를 점검할 수 있습니다. 인적성검사 신청하기 대기업·중견기업·공기업까지 채용전형에서 가장 많이 활용되는 “인적성검사” 탈락을 결정하는 전형! 인적성 검사 잘 보면 플러스가 아니라 “준비 안 하면 바로 탈락” 입니다. 나는 뭐가 문제일까? 왜 점수가 부족한거지?? 인적성 검사는 그냥 운으로 되는거 아님? 인적성검사를 어떻게 준비해야하는지 모르겠어.. 너무 솔직하게 검사해서 그런건가? 난 정말 모범적인 선택지만 한거 같은데..... 인적성 검사에만 3번이나 떨어진 이유가 뭘까? 탈락 이유 더 이상 '내 안에서' 찾지 마세요 문제는 비슷한 실력의 지원자 갈수록 높아지는 허들, 더 정교해진 필터링 그리고 견고해진 기업의 진입장벽 모든 벽을 무너뜨리기 위해 전략을 세울 시간, 바로 지금! 이러한 풀리지 않는 답답함 든든한 취업 파트너 인크루트 가 준비했습니다. 인크루트 인적성검사 에서 제공하는 특 장점 취업 실전 대비를 위한 가장 적합한 인적성 검사 자체 검사개발팀을 보유한 유일한 채용전문 포털기업 수년간의 채용 인적성검사 개발 노하우와 누적 응시자를 활용해 기업이 궁금해하는 핵심 역량을 측정하고 사전 결과 판정 예측 Point 수만명의 누적 응시자 중 나의 위치를 파악하고 나의 종합점수가 기업에서 어떤 평가를 받을 것인지 예상해볼 수 있어요. 성격 유형이 아닌 ‘업무 행동 예측’ 중심 분석 성격도 역량입니다. 단순한 성격 유형 테스트가 아닌 업무 상황의 나를 설명할 수 있는 직관적인 핵심 키워드와 행동방식 분석 제공 Point 인성검사 점수를 어떻게 해석해야 할까 고민할 필요 없어요. 업무 환경에서 나타날 수 있는 나의 태도와 행동 방식을 예측해볼 수 있어요. 실제 취업 성공률 향상으로 연결되는 결과 활용 인사이트 이력서·면접에서 활용할 수 있는 강점 어필 전략과 보완이 필요한 영역에 대한 수준별 성장 방향을 제시 Point 인성 검사 결과를 바탕으로 나의 강점과 성장포인트를 확인하고 역량 수준별 코칭을 참고하여 나만의 성장 전략을 정리할 수 있어요 약점 분석에서 그치지 않고 취약한 문항 유형까지 분석해 나에게 맞는 학습 준비 전략을 구체적으로 안내 Point 적성 검사 결과에 따라 취약 문항 유형 분석과 평가 영역 간 점수 편차, 오답 문항 유형을 분석해 나만의 맞춤형 학습 준비 방향을 제시합니다. 내 결과와 연동된 실질적 취업 기회 연결 나의 성향과 적합한 직군과 인재상을 추천하고 관련 실시간 채용 정보까지 손쉽게 바로 연결 Point 나와 어울리는 인재상 키워드 분석을 통해 기업을 추천받고 예상 적합률이 높은 직군의 모집 공고를 바로 확인할 수 있어요. 전문가 도움 없이도 스스로 결과를 이해할 수 있는 친절한 리포트 취업 컨설턴트나 해석 가이드 없이 리포트만으로도 자신의 결과를 정확히 이해하고 활용할 수 있도록 이 모든 것을 한권의 리포트로 담아 제공 Point 검사에 대한 이해부터 평가 역량 개념, 결과 해석 가이드, 맞춤형 코칭까지 혼자서도 인적성검사를 이해하고 준비하는데 도움이 될 수 있어요. 취업시즌, 이런 분들께 추천드립니다. 매번 인적성 검사에서 불합격 하는 분 점수는 나쁘지 않은데 합격으로 이어지지 않는 분 사전 결과를 예측하고 내 수준을 점검하고 싶은 분 진단 뿐만 아니라 인적성 검사에 대한 이해가 필요한 분 서류, 면접에서 어필 할 수 있는 나만의 맞춤 솔루션이 필요한 분 합격은 운이 아니라, 기준을 아는 것 에서 시작됩니다 나의 합격확률을 상승시키기 위한 또 다른 실전대비 NCS(직업기초능력)검사 공공기관·공기업 합격을 가르는 필기 검사로 나의 현재 역량 수준을 진단하고 전체 응시자 대비 상대적 위치를 객관적으로 점검할 수 있습니다. 시작하기 PSG(문제해결력 게임)검사 가상 상황 속에서 직접 선택하고 행동하는 참여형 검사로 직무 수행에 필요한 인지적 문제 해결 역량을 점검할 수 있습니다. 시작하기 NCS(직업기초능력)검사 공공기관·공기업 합격을 가르는 필기 검사 주로 능력중심채용에서 활용되는 검사로, 다양한 업무에서 공통적으로 요구되는 10가지 직무기초역량에 대해 나의 현재 역량 수준을 진단하고 전체 응시자 대비 상대적 위치를 객관적으로 점검할 수 있습니다. NCS검사 신청하기 공공기관·공기업 취업을 준비한다면, “NCS 검사” 는 선택이 아닌 “필수” 공공기관·공기업 99% NCS 필기전형 도입 NCS(국가 직무 능력표준)란 ? 산업 현장의 직무를 수행하기 위해 필요한 능력(지식, 기술, 태도)을 국가적 차원에서 표준화 한 것으로 능력단위 또는 능력단위이 집합을 의미합니다. 모듈형 PAST형 피듈형 결국은 단 1점의 격차, 한 문제 의 무게를 이겨내는것! 공공기간 · 공기업 채용대행 NO.1 인크루트 유료정밀 진단과 함께 합격권으로 진입할 타이밍입니다. 인크루트 NCS(직업기초능력)검사 에서 제공하는 특 장점 공기업 취업 실전 대비를 위한 가장 적합한 NCS 검사 실제 공공기관 및 공기업 채용에서 중요하게 보는 직업기초능력 역량을 측정하고 실전과 유사한 문항으로 결과 판정을 사전 예측 Point 실제 공공기관 모든 직무에서 중요하게 여겨지는 직업기초능력영역 10가지를 평가해 직무 기본 역량 수준과 수만명의 응시자 대비 나의 현재 위치를 한눈에 확인할 수 있어요. 실제 취업 성공률 향상으로 연결되는 결과 활용 인사이트 약점 분석에서 그치지 않고 취약한 영역까지 분석해 나에게 맞는 취업 준비 전략을 구체적으로 안내 Point 취약한 영역이 확인될 경우, 특히 어떤 영역에서 어려움을 겪는지 분석해 제시합니다. 이를 통해 보다 취업 준비 방향을 설정하는 데 참고할 수 있어요 강점은 살리고 약점은 보완하는 실질적 취업 준비 전략 강점역량을 살릴 수 있는 직업 추천부터 퍼스널 브랜딩 취업전략 뿐만 아니라 약점역량을 보완할 수 있는 성장 코칭과 약점커버 자소서/면접 대비 전략까지 제공 Point 나의 강점과 약점 영역을 분석하여 나에게 맞는 직무와 직업을 추천 받고, 퍼스널 브랜딩부터 자소서·면접 대비까지 나만의 취업 전략을 제공받을 수 있어요. 전문가 도움 없이도 스스로 결과를 이해할 수 있는 친절한 리포트 취업 컨설턴트나 해석 가이드 없이 리포트만으로도 자신의 결과를 정확히 이해하고 활용할 수 있도록 이 모든 것을 한권의 리포트로 담아 제공 Point 검사에 대한 이해부터 평가 역량 개념, 결과 해석 가이드, 맞춤형 코칭까지 혼자서도 NCS 검사를 이해하고 준비하는데 도움이 될 수 있어요. 취업시즌, 이런 분들께 추천드립니다. 공기업·공공기관 지원을 처음 준비하는 분 공공기관, 공기업 취업을 위해 체계적인 준비가 필요한 분 일반 인적성 검사와 NCS검사의 차이를 알고 싶은 분 필요한 모든 직무역량에 대해 내 수준을 점검하고 싶은 분 공기업 준비 방향을 객관적으로 점검하고 싶은 분 합격은 운이 아니라, 기준을 아는 것 에서 시작됩니다 나의 합격확률을 상승시키기 위한 또 다른 실전대비 인적성 검사 함께 일할 사람인지 확인하는 가장 기본적인 채용 필기 검사로 직무 수행에 영향을 미치는 핵심 성격 및 역량 수준을 진단하고 맞춤형 강점 및 성장 포인트를 점검할 수 있습니다. 시작하기 PSG(문제해결력 게임)검사 가상 상황 속에서 직접 선택하고 행동하는 참여형 검사로 직무 수행에 필요한 인지적 문제 해결 역량을 점검할 수 있습니다. 시작하기 PSG(문제해결력게임)검사 가상 상황 속에서 직접 선택하고 행동하는 참여형 검사 일반 기업 채용에서 주목하는 “어떻게 생각하고 대응하는가”를 보는 최신 채용 트렌드를 반영한 검사로, 게임 상황 속 나의 선택과 대응방식을 분석해 직무 수행에 필요한 인지적 문제 해결 역량을 점검할 수 있습니다. PSG검사 신청하기 빠르게 변화하는 채용 트랜드 가장 먼저 대비하자! 기업은 더 이상 ‘정답만 맞히는 사람’ 을 뽑지 않기로 시작했습니다. 막연한 두려움은 그만! 결국은 문제해결력! 외운 공식, 스킬, 요령을 무력화하는 새로운 채용 검사 대비하면 무섭지 않습니다. 인크루트 PSG(문제해결력게임)검사 로 대비하세요! 인크루트 PSG(문제해결력게임)검사 에서 제공하는 특 장점 새로운 채용 검사도 완벽 대응! 취업 실전 대비를 위한 문제해결력 검사 일반 기업 채용에서 최근 주목하고 있는 시뮬레이션형 검사 정답형 적성검사로는 평가하기 어려운, 가상 상황 속 자연스럽게 드러나는 문제해결 사고 과정과 행동 패턴을 측정 Point 무인도 생존 상황 속에서 직접 과제를 수행하며, 제한된 정보와 자원 속에서 선택하고 행동하는 과정을 통해 문제 상황에서 드러나는 나의 판단 방식과 행동전략을 자연스럽게 측정할 수 있어요. 문제 풀이 요령이 아닌, 실질적 문제 해결 역량을 평가 기업이 중요하게 보는 것은 ‘시험을 잘 푸는 사람’? No! 진짜로 중요한 것은 ‘일 잘하는 똑똑한 사람’ 상황 인지, 정보 처리, 전략 수립, 위기 대응 등 실제 업무 상황에서 꼭 필요한 인지적 문제 해결 역량을 종합적으로 평가 Point 게임 수행 과정을 바탕으로 정보처리, 전략 수립, 위기상황 대응 등 조직 내에서 주어진 업무를 효과적으로 수행하고 처리할 수 있는지 나의 인지적 문제 해결 역량에 대한 분석 결과를 확인할 수 있어요. 취업시즌, 이런 분들께 추천드립니다. 새로운 유형의 검사에 대한 불안감을 극복하고 싶은 분 행동에서 자연스럽게 나오는 본연의 역량을 측정하고 싶은 분 문제 해결력·사고력을 강조하는 기업을 지원하는 경우 업무에서 필수적인 문제 해결력과 사고력을 알고 싶은 분 합격은 운이 아니라, 기준을 아는 것 에서 시작됩니다 나의 합격확률을 상승시키기 위한 또 다른 실전대비 인적성 검사 함께 일할 사람인지 확인하는 가장 기본적인 채용 필기 검사로 직무 수행에 영향을 미치는 핵심 성격 및 역량 수준을 진단하고 맞춤형 강점 및 성장 포인트를 점검할 수 있습니다. 시작하기 NCS(직업기초능력)검사 공공기관·공기업 합격을 가르는 필기 검사로 나의 현재 역량 수준을 진단하고 전체 응시자 대비 상대적 위치를 객관적으로 점검할 수 있습니다. 시작하기","","","","","","","","","active","2026-04-04T03:31:47.181487","2026-04-04T03:31:47.181505","True"
"151","147","인크루트","사조대림 기업정보","https://www.incruit.com/company/226052/job","사조대림 은 1964년에 설립된 음·식료품·식품가공 업종의 수산업,제조업 사업을 하는 매출 1,000대 기업 입니다. 자본금 458억4123만원 최근 매출액 1조4454억0940만원의 사원수 828명 규모로 서울특별시 서초구 남부순환로에 위치하고 있습니다. 신입/경력 채용현황 고용형태 주요 모집 직종 경영기획 9 구매관리 8 생산관리 7 마케팅기획 6 시장조사·분석 5 최근재직자 현황 총 인원 423명 정보제공 : 공공데이터포털 아이디 로그인 을 하면 담당자의 정확한 회신이 가능합니다. 제목 연봉정보 수정 요청드립니다. 초임연봉정보 수정요청시 시간 소요되며 , 경우에 따라 업데이트 불가한 경우도 있으니 참고 부탁드립니다. 본 자료는 인크루트 자체 수집 데이터와 공공기관에서 공개한 자료, 언론 보도자료, 기업 자체 제공 자료 등을 토대로 추정, 작성되었습니다. 자료 출처 및 성과급, 계약직 근로자 급여 등의 포함 여부는 기업마다 다를 수 있습니다. 실제 초임 연봉과 차이가 있을 수 있으므로 해당 정보는 단순 참고 용으로 활용하시기를 권장해 드립니다. 보내기 취소","","","","","","서울","계약직","4123만원","","","","active","2026-04-04T03:31:57.126310","2026-04-04T03:31:57.126367","True"
"152","147","인크루트","재단법인 한국우편사업진흥원 기업정보","https://www.incruit.com/company/697104/job","재단법인 한국우편사업진흥원 은 1930년에 설립된 우체국쇼핑, 전자상거래, 인쇄, 장학 복지 사업 사업을 하는 공기업, 공공기관 입니다. 자본금 26억5259만원 최근 매출액 503억5000만원의 사원수 433명 규모로 서울특별시 영등포구 영중로에 위치하고 있습니다. 신입/경력 채용현황 고용형태 주요 모집 직종 일반사무 9 사무보조 8 사무관리 8 (전산)자료입력·DM발송 7 경영지원 7 최근재직자 현황 총 인원 443명 정보제공 : 공공데이터포털 아이디 로그인 을 하면 담당자의 정확한 회신이 가능합니다. 제목 연봉정보 수정 요청드립니다. 초임연봉정보 수정요청시 시간 소요되며 , 경우에 따라 업데이트 불가한 경우도 있으니 참고 부탁드립니다. 본 자료는 인크루트 자체 수집 데이터와 공공기관에서 공개한 자료, 언론 보도자료, 기업 자체 제공 자료 등을 토대로 추정, 작성되었습니다. 자료 출처 및 성과급, 계약직 근로자 급여 등의 포함 여부는 기업마다 다를 수 있습니다. 실제 초임 연봉과 차이가 있을 수 있으므로 해당 정보는 단순 참고 용으로 활용하시기를 권장해 드립니다. 보내기 취소","","","","","","서울","계약직","5259만원","","","","active","2026-04-04T03:32:11.662712","2026-04-04T03:32:11.662737","True"
"153","147","인크루트","한전KDN(주) 기업정보","https://www.incruit.com/company/466428/job","한전KDN(주) 는 1992년에 설립된 소프트웨어의 개발, 판매 및 임대 사업, 정보처리 및 정보통신서비스, 종합유성방송(CATV)사업, 정보통신설비의 제조/판매 및 임대사업 사업을 하는 공기업, 공공기관 입니다. 자본금 640억원 최근 매출액 7816억4635만원의 사원수 2841명 규모로 전라남도 나주시 빛가람로에 위치하고 있습니다. 신입/경력 채용현황 고용형태 주요 모집 직종 통신기술연구 10 정보보안 10 공공기관 9 정보통신기술(ICT) 9 시스템·네트워크보안 8 최근재직자 현황 총 인원 3,149명 정보제공 : 공공데이터포털 아이디 로그인 을 하면 담당자의 정확한 회신이 가능합니다. 제목 연봉정보 수정 요청드립니다. 초임연봉정보 수정요청시 시간 소요되며 , 경우에 따라 업데이트 불가한 경우도 있으니 참고 부탁드립니다. 본 자료는 인크루트 자체 수집 데이터와 공공기관에서 공개한 자료, 언론 보도자료, 기업 자체 제공 자료 등을 토대로 추정, 작성되었습니다. 자료 출처 및 성과급, 계약직 근로자 급여 등의 포함 여부는 기업마다 다를 수 있습니다. 실제 초임 연봉과 차이가 있을 수 있으므로 해당 정보는 단순 참고 용으로 활용하시기를 권장해 드립니다. 보내기 취소","","","","","","","계약직","4635만원","","","","active","2026-04-04T03:32:18.263812","2026-04-04T03:32:18.263835","True"
"154","147","인크루트","신입·인턴 홈","https://job.incruit.com/entry","일시정지 요즘 뜨는 채용정보 한전KDN(주) 2026년 한전KDN 채용공고 스크랩 D-3 한국가스공사 2026년 상반기 [일반직(신입.경력),연구직,별정직] 채용공고 스크랩 D-4 기상청 2026년 기상청 청년인턴 채용공고 스크랩 D-9 기아(주) 2026 상반기 기아 집중 채용 (신입) 스크랩 D-9 (주)케이티앤지 2026년 상반기 KT&G R&D 신입사원 채용 스크랩 D-2 한국투자증권(주) FY2026 상반기 PB 공채(신입사원 5급) 스크랩 D-5 코오롱생명과학 2026년 상반기 정기채용 스크랩 D-3 주식회사 아성다이소 2026년 상반기 아성다이소 및 관계사 신입/경력사원 공개채용 스크랩 D-4 두산그룹 2026년 두산그룹 Global Talent 채용(학사/석사) 스크랩 D-23 신입을 위한 취업 TIP 더보기 자소서 어려움 극복 예시 합격자소서에 담긴 꿀팁 #자소서어려움극복 #자소서어려움극복예시 자소서 타회사 언급 방법과 방향성 알아보기 #자회사타회사언급 면접 팀워크 질문 A to Z 모범 답변 총정리 #면접팀워크 #면접팀워크질문 NCS 시험 준비 합격 비법은 OOOO? #NCS #NC시험 신입을 위한 테마 고연봉 금융권 채용정보 #신입 #금융권 #신입행원 #고연봉_희망자 디지털이 주도하는 사회 #인공지능 #빅데이터 #블록체인 #클라우드 교육받고 취업하자 #취업연계 #내일배움카드 #국비지원 #직무교육 집에서 일하자 #워라밸 #신입 #출퇴근시간절약 #교통비절약 회사의 주주가 되어보세요 #스톡옵션 #성과보상 #회사의 성장 #나의 성장 열심히 일한 만큼 받자 #성과급 #상여금 #인센티브 식사·간식 걱정 NO #카페테리아 #간식제공 #구내식당 출퇴근을 내 맘대로 #출퇴근선택 #유연근무제 #자율출퇴근제 지역별 서울 부산 인천 대전 광주 대구 울산 세종 경기 강원특별자치도 충북 충남 전북특별자치도 전남 경북 경남 제주 직종별 경영·인사·총무·사무 재무·회계·경리 마케팅·광고·홍보·조사 인터넷·IT·통신·모바일·게임 디자인 무역·영업·판매·매장관리 유통·물류·운송·운전 고객상담·TM 서비스·여행·숙박·음식·미용·보안 전자·기계·기술·화학·연구개발 생산·정비·기능·노무 교육·교사·강사·교직원 건설·건축·토목·환경 의료·간호·보건·복지 미디어·문화·스포츠 금융·보험·증권 전문직·법률·인문사회·임원 학력별 고등학교졸업 대학(2,3년)졸업 대학교(4년)졸업 석사졸업 박사졸업 학력무관 포함 전공계열별 어문학계열 인문과학계열 사회과학계열 자연과학계열 공학계열 의/약학계열 사범계열 농/수산/해양계열 가정학계열 예/체능계열 법학계열 상경계열 기업분류별 50대 그룹사 매출 1,000대 기업 주권상장(KOSPI) 코스닥상장(KOSDAQ) 코넥스상장(KONEX) 해외상장 대기업 중견기업 중기업 중소기업 소기업 공기업, 공공기관 외국계기업 외국기관·단체 비영리단체·협회·재단 스타트업 벤처기업 해외진출기업 우수기업 고용형태별 정규직 계약직 인턴 프리랜서 위촉직 알바 파견직 병역특례 교육생(연수생) 대체인력 긱(Gig) 시간(선택)제 초기화 전체 (6,902) 대기업 공기업 · 공공기관 바로지원 가능 공고 ? 작성하신 인크루트 이력서를 이용하여, 채용정보 리스트에서 ""바로지원"" 을 통해 바로 입사지원 할 수 있는 채용정보만 노출됩니다. 기본 조회순 입사지원자순 최근 등록순 최근 수정순 마감임박 10줄 20줄 30줄 40줄 50줄 60줄 재단법인 한국우편사업진흥원 관심기업 우수기업 한국우편사업진흥원 2026년 1차 신규직원 채용공고 스크랩 서울 영등포구 외 경력무관 학력무관 계약직 전산·IT기술지원, 일반사무·사무지원, 교직원, 고객상담·관리·수퍼바이저, 사회복지·상담, 시설·환경·안전·플랜트, 경비·보안·경호, 매장관리, 설치·수리·정비·A/S , 출판·편집디자인, 광고·CG·시각디자인, 캐릭터·애니메이션, 웹디자인, 통신·모바일, 홍보·PR·전시·컨벤션, 영업기획, 경영·기획·전략, 유통·상품기획·MD, 인사·채용·인재개발(HRM·HRD) 11시 마감 (12일전 수정) 홈페이지 지원 한국지방재정공제회 관심기업 우수기업 한국지방재정공제회 2026년도 직원 채용 공고 스크랩 전국 신입 학력무관 정규직 교직원, 경영·기획·전략, 투자·분석·증권·외환 ~04.15 (수) (3일전 등록) 홈페이지 지원 서울특별시강서구시설관리공단 관심기업 우수기업 강서구시설관리공단 2026년 제 1회 직무중심 직원 공개채용 스크랩 서울 강서구 경력무관 학력무관 정규직 외 인사·채용·인재개발(HRM·HRD), 총무·법무·특허, 시설·환경·안전·플랜트, 비서·안내, 일반사무·사무지원 ~04.13 (월) (10시간전 수정) 홈페이지 지원 부산항만공사 관심기업 부산항만공사그룹 부산항만공사 정규직(신입) 채용공고 스크랩 부산 중구 외 신입 학력무관 정규직 일반사무·사무지원, 경영·기획·전략, 인사·채용·인재개발(HRM·HRD), 재무·자금·IR, 세무·회계, 경리, 홍보·PR·전시·컨벤션, 시설·환경·안전·플랜트, 매장관리, 경비·보안·경호, 운송·물류, 전산·IT기술지원, 토목·조경·도시·측량, 원자력·우주·조선·철강, 운전·운항, 여행·레저 ~04.14 (화) (3일전 수정) 홈페이지 지원 부산항만공사 관심기업 부산항만공사그룹 부산항만공사 체험형 청년인턴 채용 공고(생애 첫 인턴) 스크랩 부산 중구 경력무관 학력무관 인턴 일반사무·사무지원, 전산·IT기술지원, 전자·반도체, 기계·금속·재료, 기술영업, 시설·환경·안전·플랜트 ~04.20 (월) (5일전 등록) 홈페이지 지원 한국수출입은행 관심기업 우수기업 한국수출입은행 2026년도 상반기 청년인턴 채용 스크랩 전국 경력무관 학력무관 인턴 일반사무·사무지원, 일반·법인영업, 경영·기획·전략 ~04.14 (화) (3일전 수정) 홈페이지 지원 지방공기업평가원 관심기업 우수기업 2026년 상반기 연구직 및 일반직 신규채용 스크랩 서울 서초구 경력무관 학력무관 정규직 임원·경영분석·컨설팅, 조사·분석·통계, 경영·기획·전략, 일반사무·사무지원 ~04.16 (목) (3일전 수정) 홈페이지 지원 여수광양항만공사 관심기업 우수기업 2026년 상반기 여수광양항만공사 청년인턴(체험형) 채용 공고 스크랩 전남 광양시 경력무관 학력무관 인턴 일반사무·사무지원, 경영·기획·전략, 홍보·PR·전시·컨벤션, 운송·물류, 부동산·주택관리 ~04.16 (목) (3일전 수정) 홈페이지 지원 한국가스공사 관심기업 1000대 한국가스공사그룹 2026년 상반기 [일반직(신입.경력),연구직,별정직] 채용공고 스크랩 대구 동구 경력무관 학력무관 정규직 전기·소방·설비, 공무원·공직, 일반사무·사무지원 ~04.08 (수) (9일전 수정) 자소서문항 홈페이지 지원 한국무역보험공사 관심기업 1000대 2026년 상반기 체험형 청년인턴 채용공고 스크랩 서울 종로구 외 경력무관 학력무관 인턴 일반사무·사무지원 ~04.09 (목) (9일전 수정) 자소서문항 홈페이지 지원 한국무역보험공사 관심기업 1000대 2026년 상반기 일반직 신입사원 채용공고 스크랩 서울 종로구 외 신입 학력무관 정규직 인문사회연구·종교, 전산·IT기술지원 ~04.07 (화) (11일전 수정) 자소서문항 홈페이지 지원 그랜드코리아레저 관심기업 KOSPI 우수기업 2026년 1차 GKL 청년인턴 모집공고 스크랩 서울 강남구 외 경력무관 학력무관 인턴 홍보·PR·전시·컨벤션, 마케팅, 여행·레저, 고객상담·관리·수퍼바이저, 세무·회계 ~04.17 (금) (3일전 수정) 자소서문항 홈페이지 지원 한전KDN(주) 관심기업 1000대 한국전력공사그룹 2026년 한전KDN 채용공고 스크랩 전남 나주시 외 경력무관 학력무관 정규직 외 공무원·공직, 일반사무·사무지원, 전기·소방·설비, 전산·IT기술지원, 세무·회계, 통신·모바일, 웹기획·웹마케팅·PM, 네트워크·서버·보안, 법률·법무·회계, 시설·환경·안전·플랜트, 금융사무·심사·추심, 건축·인테리어·설계, 전기·전자·통신기능, 연구원·연구개발, 설치·수리·정비·A/S ~04.07 (화) (11일전 수정) 자소서문항 홈페이지 지원 유한킴벌리(주) 관심기업 1000대 [유한킴벌리] 2026년 신입 및 경력사원 채용 공고 스크랩 서울 송파구 외 경력무관 대졸 정규직 외 생산·조립·가공·포장·검품, ERP·시스템분석·설계, 패션·잡화디자인, 건축·공간·CAD·CAM디자인, 세무·회계, 경리, 통신·모바일, 데이터베이스·DBA, 빅데이터·AI(인공지능), 생산관리 ~04.10 (금) (4일전 수정) 자소서문항 홈페이지 지원 사조대림 관심기업 1000대 KOSPI [사조대림] 2026년 수시 채용 스크랩 서울 서초구 외 신입/경력(3~7년) 대졸↑ 정규직 경영·기획·전략, 구매·자재, 총무·법무·특허, 금융사무·심사·추심, 인사·채용·인재개발(HRM·HRD), 세무·회계, 재무·자금·IR, 영업관리·영업지원, 영업기획, 일반·법인영업, 마케팅, 운송·물류, 해외영업, 바이오·식품공학, 고객상담·관리·수퍼바이저 ~04.06 (월) (4일전 수정) 홈페이지 지원 서울신용보증재단 관심기업 우수기업 2026년도 서울신용보증재단 신입직원 채용 공고 스크랩 서울 마포구 신입 학력무관 정규직 일반사무·사무지원, 전산·IT기술지원 ~04.07 (화) (9일전 수정) 자소서문항 홈페이지 지원 코레일네트웍스(주) 관심기업 한국철도공사그룹 코레일네트웍스(주) 2026년 상반기 공개채용 스크랩 서울 용산구 외 경력무관 학력무관 정규직 외 여행·레저, 주유·세차·주차장, 운전·운항, 시설·환경·안전·플랜트, 일반사무·사무지원 ~04.10 (금) (8일전 수정) 홈페이지 지원 한성기업(주) 관심기업 KOSPI 2026 한성기업(주) 부문별 신입 및 경력직 공개채용 스크랩 서울 송파구 외 경력무관 초대졸↑ 정규직 일반·법인영업, 영업관리·영업지원, 영업기획, 경영·기획·전략, 유통·상품기획·MD, 생산관리, 생산·조립·가공·포장·검품, 품질관리 ~04.12 (일) (10시간전 수정) 자소서문항 홈페이지 지원 BNK경남은행 관심기업 우수기업 BNK경남은행 영업점서포터즈 신규 채용공고 스크랩 경남 창원시 마산회원구 외 경력무관 학력무관 계약직 금융·보험영업, 금융사무·심사·추심, 투자·분석·증권·외환 ~04.19 (일) (13시간전 등록) 홈페이지 지원 한국","","","","상여금, 스톡옵션, 인센티브, 자율출퇴근제","","서울","정규직","","","","","active","2026-04-04T03:32:29.063463","2026-04-04T03:32:29.063484","True"
"155","147","인크루트","에스케이하이스텍(주) 기업정보","https://www.incruit.com/company/4924736/job","에스케이하이스텍(주) 는 2008년에 설립된 사업시설관리·일반종의 복리후생서비스,IT/통신인프라서비스 사업을 하는 SK그룹 계열사 입니다. 자본금 13억8601만원 최근 매출액 3824억5521만원의 사원수 261명 규모로 경기도 이천시 부발읍 경충대로에 위치하고 있습니다. 신입/경력 채용현황 고용형태 주요 모집 직종 네트워크구축·운영·관리 2 서비스기획·운영 2 유지보수 2 유지보수 2 유지보수 2 최근재직자 현황 총 인원 253명 정보제공 : 공공데이터포털 아이디 로그인 을 하면 담당자의 정확한 회신이 가능합니다. 제목 연봉정보 수정 요청드립니다. 초임연봉정보 수정요청시 시간 소요되며 , 경우에 따라 업데이트 불가한 경우도 있으니 참고 부탁드립니다. 본 자료는 인크루트 자체 수집 데이터와 공공기관에서 공개한 자료, 언론 보도자료, 기업 자체 제공 자료 등을 토대로 추정, 작성되었습니다. 자료 출처 및 성과급, 계약직 근로자 급여 등의 포함 여부는 기업마다 다를 수 있습니다. 실제 초임 연봉과 차이가 있을 수 있으므로 해당 정보는 단순 참고 용으로 활용하시기를 권장해 드립니다. 보내기 취소","","","","","","경기","계약직","8601만원","","","","active","2026-04-04T03:32:34.499010","2026-04-04T03:32:34.499059","True"
"156","147","인크루트","국민건강보험공단 일산병원 기업정보","https://www.incruit.com/company/1670930005/job","국민건강보험공단 일산병원 은 2000년에 설립된 의약·보건·사회복지 업종의 보험자 직영 병원 사업을 하는 공기업, 공공기관 입니다. 최근 매출액 126조5327억0893만원의 사원수 2433명 규모로 경기 고양시 일산동구 백석동 1232번지 일산병 경기 고양 일산 백석 1232에 위치하고 있습니다. 28 회 최근 2년간 정규직20회/비정규직8회의 채용정보, 간호사, 간호조무사, 원무 직종 등의 채용 History 가 있습니다. 신입/경력 채용현황 고용형태 주요 모집 직종 간호사 10 간호조무사 8 일반사무 7 원무 7 공공기관 7 최근재직자 현황 총 인원 2,591명 정보제공 : 공공데이터포털 아이디 로그인 을 하면 담당자의 정확한 회신이 가능합니다. 제목 연봉정보 수정 요청드립니다. 초임연봉정보 수정요청시 시간 소요되며 , 경우에 따라 업데이트 불가한 경우도 있으니 참고 부탁드립니다. 본 자료는 인크루트 자체 수집 데이터와 공공기관에서 공개한 자료, 언론 보도자료, 기업 자체 제공 자료 등을 토대로 추정, 작성되었습니다. 자료 출처 및 성과급, 계약직 근로자 급여 등의 포함 여부는 기업마다 다를 수 있습니다. 실제 초임 연봉과 차이가 있을 수 있으므로 해당 정보는 단순 참고 용으로 활용하시기를 권장해 드립니다. 보내기 취소","","","","","","경기","정규직","0893만원","","","","active","2026-04-04T03:32:40.101329","2026-04-04T03:32:40.101349","True"
"157","147","인크루트","한국가스공사 기업정보","https://www.incruit.com/company/2039223/job","한국가스공사 는 1983년에 설립된 전기·가스·수도·에너지 업종의 가스제조 및 공급업 사업을 하는 공기업, 공공기관 입니다. 자본금 4615억6500만원 최근 매출액 34조0184억3400만원의 사원수 4284명 규모로 대구광역시 동구 첨단로에 위치하고 있습니다. 신입/경력 채용현황 고용형태 주요 모집 직종 경영기획 3 경영관리 3 자연과학 2 학술 2 변호사 1 최근재직자 현황 총 인원 4,106명 정보제공 : 공공데이터포털 아이디 로그인 을 하면 담당자의 정확한 회신이 가능합니다. 제목 연봉정보 수정 요청드립니다. 초임연봉정보 수정요청시 시간 소요되며 , 경우에 따라 업데이트 불가한 경우도 있으니 참고 부탁드립니다. 본 자료는 인크루트 자체 수집 데이터와 공공기관에서 공개한 자료, 언론 보도자료, 기업 자체 제공 자료 등을 토대로 추정, 작성되었습니다. 자료 출처 및 성과급, 계약직 근로자 급여 등의 포함 여부는 기업마다 다를 수 있습니다. 실제 초임 연봉과 차이가 있을 수 있으므로 해당 정보는 단순 참고 용으로 활용하시기를 권장해 드립니다. 보내기 취소","","","","","","대구","계약직","6500만원","","","","active","2026-04-04T03:32:45.574256","2026-04-04T03:32:45.574281","True"
"158","147","인크루트","(사)한국수산회 기업정보","https://www.incruit.com/company/411736/job","(사)한국수산회 는 2002년에 설립된 한중일 국제협력사업, 수산물쇼핑몰 운영, 출판 및 수산분야 홍보 사업을 하는 회사입니다. 자본금 10억2362만원 최근 매출액 1767억4000만원의 사원수 70명 규모로 서울특별시 서초구 논현로 83에 위치하고 있습니다. 신입/경력 채용현황 고용형태 주요 모집 직종 일반사무 8 경영지원 8 사무보조 7 사무관리 7 자료정리 7 최근재직자 현황 총 인원 64명 정보제공 : 공공데이터포털 아이디 로그인 을 하면 담당자의 정확한 회신이 가능합니다. 제목 연봉정보 수정 요청드립니다. 초임연봉정보 수정요청시 시간 소요되며 , 경우에 따라 업데이트 불가한 경우도 있으니 참고 부탁드립니다. 본 자료는 인크루트 자체 수집 데이터와 공공기관에서 공개한 자료, 언론 보도자료, 기업 자체 제공 자료 등을 토대로 추정, 작성되었습니다. 자료 출처 및 성과급, 계약직 근로자 급여 등의 포함 여부는 기업마다 다를 수 있습니다. 실제 초임 연봉과 차이가 있을 수 있으므로 해당 정보는 단순 참고 용으로 활용하시기를 권장해 드립니다. 보내기 취소","","","","","","서울","계약직","2362만원","","","","active","2026-04-04T03:32:54.059862","2026-04-04T03:32:54.059887","True"
"159","147","인크루트","(주)지알엔 기업정보","https://www.incruit.com/company/1687812508/job","(주)지알엔 은 2023년에 설립된 방송·광고·영상·오디오 업종의 유튜브 지무비, 숏뭅 콘텐츠 제작 및 채널 운영 사업을 하는 중소기업 입니다. 사원수 5명 규모로 서울특별시 성동구 왕십리로 58에 위치하고 있습니다. 신입/경력 채용현황 고용형태 주요 모집 직종 영상물편집 2 경영관리 1 번역작가 1 시나리오작가 1 아이디 로그인 을 하면 담당자의 정확한 회신이 가능합니다. 제목 연봉정보 수정 요청드립니다. 초임연봉정보 수정요청시 시간 소요되며 , 경우에 따라 업데이트 불가한 경우도 있으니 참고 부탁드립니다. 본 자료는 인크루트 자체 수집 데이터와 공공기관에서 공개한 자료, 언론 보도자료, 기업 자체 제공 자료 등을 토대로 추정, 작성되었습니다. 자료 출처 및 성과급, 계약직 근로자 급여 등의 포함 여부는 기업마다 다를 수 있습니다. 실제 초임 연봉과 차이가 있을 수 있으므로 해당 정보는 단순 참고 용으로 활용하시기를 권장해 드립니다. 보내기 취소","","","","","","서울","계약직","","","","","active","2026-04-04T03:32:59.204913","2026-04-04T03:32:59.204946","True"
"160","148","네오위즈","FAQ","https://www.neowiz.com:443/kr/career#job-1fe917b0-21","지원문의 전형문의 기타문의 Q. 재지원이 가능한가요? A. 네! 재지원이 가능합니다. 다만 같은 공고의 재지원은 6개월 이후부터 가능합니다. 다른 공고라면 언제든지 지원이 가능합니다. Q. 장애인 및 보훈 대상자는 채용 전형에 가산점이 있나요? A. 장애인 또는 보훈대상자는 관계법에 의거 우대합니다. Q. 정상적으로 지원이 완료되었는지 궁금합니다. 어떻게 확인할 수 있을까요? A. 자체 사이트로 지원해 주셨다면 ‘접수 완료 안내 메일’을 받아보실 수 있습니다. 외부 사이트로 지원해 주셨거나 자체 사이트로 지원하였는데 ‘접수 완료 안내 메일’을 받지 못한 경우 [email protected] 로 문의해 주세요. Q. 채용 마감일이 정해져 있나요? A. 네! 네오위즈의 모든 채용은 수시 채용의 형태로 진행되고 있습니다. 채용 완료 시 공고가 조기 마감될 수 있습니다. 이에 관심이 있는 포지션이 있다면 빠르게 지원해 보시는 건 어떨까요? Q. 지원서 제출 후 수정이 가능한가요? A. 아니요. 제출 완료된 지원서는 수정이 불가능합니다. 지원서 수정 및 추가 서류 제출이 필요할 경우 [email protected] 로 문의해 주세요 Q. 지원 취소를 희망합니다. 지원을 취소하고 제출한 지원서와 이력서, 포트폴리오를 삭제할 수 있을까요? A. 제출해 주신 지원서와 자료들은 ‘개인정보보호 절차’에 따라 지원 후 3년간 보관되며 이후 자동으로 삭제됩니다. 즉시 지원 취소와 지원서와 이력서, 포트폴리오 삭제를 원하시는 분은 [email protected] 로 문의해 주세요. 담당자가 빠르게 확인 후 안내드리겠습니다. Q. 현재 채용하고 있지 않지만 추후에 어울리는 직무 채용이 시작되면 연락을 받아볼 수 있는 방법이 있을까요? A. 네! ‘인재 Pool’에 여러분이 관심 있는 직무와 함께 이력서를 등록해 주세요. 지원자 분과 어울리는 포지션 채용이 진행될 경우 적합한 분들에게는 네오위즈가 먼저 연락을 드리겠습니다. Q. ‘인재Pool’에 등록했는데 결과는 언제 알 수 있나요? A. ‘인재Pool’은 합격 또는 불합격이 있는 전형이 아닙니다. 추후 지원자 분과 어울리는 포지션 채용이 진행될 경우 적합한 분들에게는 네오위즈가 먼저 연락을 드릴 예정입니다. Q. 외국인 지원도 가능한가요? A. 네! 지원 가능합니다. 단, 입사 시 한국에서 취업이 가능한 비자를 보유하셔야 합니다. Q. 게임 산업 또는 게임 회사에서 근무한 경험이 없어도 지원이 가능한가요? A. 네! 가능합니다. 게임 관련 경험이 없더라도 지원자 님께서 가지고 계신 역량과 인사이트 그리고 열정이 저희가 찾고 있는 동료일 수 있습니다. ‘진행 중인 공고’를 확인하시고 지원자 님과 가장 잘 어울리는 공고를 찾아 적극적으로 지원해 주세요. Q. 이력서와 포트폴리오는 정해진 양식이나 파일 형식이 있나요? A. 아니요! 정해진 양식은 없습니다. 지원자 님의 경험과 역량을 알 수 있도록 자유롭게 구성해 주세요. 다만 PDF 또는 Word 파일로 첨부 부탁드리며 hwp 파일은 지원이 불가합니다. Q. 제출하고 싶은 자료가 많이 있습니다. 이런 경우 여러 개의 파일을 업로드할 수 있나요? A. 포트폴리오나 경력기술서 등 제출하고 싶은 자료가 여러 개인 경우 압축해서 하나의 파일로 업로드해 주세요. Q. 지원을 완료 후 이후 절차에 대하여 어디로 연락을 받아볼 수 있나요? A. 지원서에 작성해 주신 이름, 전화번호, 메일을 토대로 연락을 드립니다. 별도의 로그인 기능이 없다 보니 지원서 작성 시 정확한 연락처를 작성해 주세요. Q. 지원서 작성 시 모든 내용을 입력해서 제출해야 하나요? A. 아니요. 필수 항목을 제외한 선택 항목은 작성하지 않아도 제출 가능합니다. 단, 지원자 님의 경험과 역량을 더욱 잘 보여줄 수 있는 선택 항목이 있다면 자유롭게 작성해 주세요. Q. 포트폴리오는 필수 제출인가요? A. 지원해 주신 포지션에 따라 다를 수 있습니다. 디자인과 아트 등의 경우 포트폴리오를 꼭 제출해 주셔야 합니다. ‘진행 중인 공고’ 내 필수 제출 서류를 확인해 주시고 필수로 제출이 필요하지 않은 포지션이라면 제출 여부를 자유롭게 선택해 주세요. Q. 결과 안내는 언제 받을 수 있나요? A. 전형 별 지원 일로부터 1~2주 내 유선 또는 이메일로 결과를 안내를 드리고 있습니다. 제출해 주신 연락처로 연락을 드리고 있어 지원서를 작성하실 때 연락처를 꼼꼼히 확인해 주세요. (단, 일부 포지션의 경우 채용 마감 시 일괄 결과 안내를 할 수 있습니다.) 채용에 대해 궁금하신 사항은 FAQ를 먼저 참고해주시기 바랍니다. FAQ에서 원하는 답변을 찾지 못할 경우에는 [email protected] 로 문의 주시기 바랍니다 진행 중 공고 39 개 인재풀 등록 전체 공고보기 console.log(""kr"")","","합니다. Q. 정상적으로 지원이 완료되었는지 궁금합니다. 어떻게 확인할 수 있을까요? A. 자체 사이트로 지원해 주셨다면 ‘접수 완료 안내 메일’을 받아보실 수 있습니다. 외부 사이트로 지원해 주셨거나 자체 사이트로 지원하였는데 ‘접수 완료 안내 메일’을 받지 못한 경우 [email protected] 로 문의해 주세요. Q. 채용 마감일이 정해져 있나요? A. 네! 네오위즈의 모든 채용은 수시 채용의 형태로 진행되고 있습니다. 채용 완료 시 공고가 조기 마감될 수 있습니다. 이에 관심이 있는 포지션이 있다면 빠르게 지원해 보시는 건 어떨까요? Q. 지원서 제출 후 수정이 가능한가요? A. 아니요. 제출 완료된 지원서는 수정이 불가능합니다. 지원서 수정 및 추가 서류 제출이 필요할 경우 [email protected] 로 문의해 주세요 Q. 지원 취소를 희망합니다. 지원을 취소하고 제출한 지원서와 이력서, 포트폴리오를 삭제할 수 있을까요? A. 제출해 주신 지원서와 자료들은 ‘개인정보보호 절차’에 따라 지원 후 3년간 보관되며 이후 자동으로 삭제됩니다. 즉시 지원 취소와 지원서와 이력서, 포트폴리오 삭제를 원하시는 분은 [email protected] 로 문의해 주세요. 담당자가 빠르게 확인 후 안내드리겠습니다. Q. 현재 채용하고 있지 않지만 추후에 어울리는 직무 채용이 시작되면 연락을 받아볼 수 있는 방법이 있을까요? A. 네! ‘인재 Pool’에 여러분이 관심 있는 직무와 함께 이력서를 등록해 주세요. 지원자 분과 어울리는 포지션 채용이 진행될 경우 적합한 분들에게는 네오위즈가 먼저 연락을 드리겠습니다. Q. ‘인재Pool’에 등록했는데 결과는 언제 알 수 있나요? A. ‘인재Pool’은 합격 또는 불합격이 있는 전형이 아닙니다. 추후 지원자 분과 어울리는 포지션 채용이 진행될 경우 적합한 분들에게는 네오위즈가 먼저 연락을 드릴 예정입니다. Q. 외국인 지원도 가능한가요? A. 네! 지원 가능합니다. 단, 입사 시 한국에서 취업이 가능한 비자를 보유하셔야 합니다. Q. 게임 산업 또는 게임 회사에서 근무한 경험이 없어도 지원이 가능한가요? A. 네! 가능합니다. 게임 관련 경험이 없더라도 지원자 님께서 가지고 계신 역량과 인사이트 그리고 열정이 저희가 찾고 있는 동료일 수 있습니다. ‘진행 중인 공고’를 확인하시고 지원자 님과 가장 잘 어울리는 공고를 찾아 적극적으로 지원해 주세요. Q. 이력서와 포트폴리오는 정해진 양식이나 파일 형식이 있나요? A. 아니요! 정해진 양식은 없습니다. 지원자 님의 경험과 역량을 알 수 있도록 자유롭게 구성해 주세요. 다만 PDF 또는 Word 파일로 첨부 부탁드리며 hwp 파일은 지원이 불가합니다. Q. 제출하고 싶은 자료가 많이 있습니다. 이런 경우 여러 개의 파일을 업로드할 수 있나요? A. 포트폴리오나 경력기술서 등 제출하고 싶은 자료가 여러 개인 경우 압축해서 하나의 파일로 업로드해 주세요. Q. 지원을 완료 후 이후 절차에 대하여 어디로 연락을 받아볼 수 있나요? A. 지원서에 작성해 주신 이름, 전화번호, 메일을 토대로 연락을 드립니다. 별도의 로그인 기능이 없다 보니 지원서 작성 시 정확한 연락처를 작성해 주세요. Q. 지원서 작성 시 모든 내용을 입력해서 제출해야 하나요? A. 아니요. 필수 항목을 제외한 선택 항목은 작성하지 않아도 제출 가능합니다. 단, 지원자 님의 경험과 역량을 더욱 잘 보여줄 수 있는 선택 항목이 있다면 자유롭게 작성해 주세요. Q. 포트폴리오는 필수 제출인가요? A. 지원해 주신 포지션에 따라 다를 수 있습니다. 디자인과 아트 등의 경우 포트폴리오를 꼭 제출해 주셔야 합니다. ‘진행 중인 공고’ 내 필수","","","","경기","","","","","","active","2026-04-14T12:55:55.335988","2026-04-04T03:33:15.158546","True"
"161","151","펄어비스","공고","https://www.pearlabyss.com/ko-KR/Company/Careers/List","펄어비스와 함께 꿈꿔왔던 게임을 만드세요 검색 검색 경력 신입 경력 경력무관 고용 형태 정규직 계약직 파견직 인턴 아르바이트 프리랜서 현장실습 오피스 과천 펄어비스 캐피탈 넷텐션 대만 홍콩 싱가폴 암스테르담 LA 도쿄 아이슬란드 벤쿠버 PA아트센터 전체 27 인턴십 1 프로그래밍 3 아트 1 게임 디자인 3 오디오 1 사업 2 게임 서비스 8 경영지원 5 개발 지원 2 기타 1 공고 공고 직무 경력 고용 형태 오피스 [인턴십] QA Beginner 인턴십 모집 2026-04-16 ~ 2026-04-27 D-13 2026-04-16 ~ 2026-04-27 경력무관 인턴 과천 인턴십 사업/운영 경력무관 인턴 과천 [경력] 게임 오디오 디자이너 2026-03-23 ~ 2026-05-30 D-46 2026-03-23 ~ 2026-05-30 경력 정규직 과천 오디오 사운드 디자인 경력 정규직 과천 [Pearl Abyss Europe] Admin & HR Generalist (Korean / English) 상시채용 상시채용 경력·경력무관 계약직 암스테르담 경영지원 인사 경력·경력무관 계약직 암스테르담 [신입] 시스템 엔지니어 모집 상시채용 상시채용 신입 정규직 과천 개발 지원 IT 인프라 신입 정규직 과천 인재 Pool 인재풀 인재풀 신입·경력·경력무관 정규직·계약직·인턴·아르바이트·프리랜서 과천 기타 기타 신입·경력·경력무관 정규직·계약직·인턴·아르바이트·프리랜서 과천 [아르바이트] 콘솔 게임 QA 모집 상시채용 상시채용 경력무관 아르바이트 과천 게임 서비스 QA 경력무관 아르바이트 과천 [경력] 셰이더 디자이너 모집 상시채용 상시채용 경력 정규직 과천 아트 배경 모델 & 컨셉 & 레벨 경력 정규직 과천 [아르바이트] 게임 번역가 모집 상시채용 상시채용 경력무관 아르바이트 과천 #포르투갈어 게임 서비스 로컬라이제이션 경력무관 아르바이트 과천 [신입/경력] 검은사막 모바일 글로벌 사업 담당자 모집 상시채용 상시채용 신입·경력 계약직 과천 게임 서비스 게임 운영 신입·경력 계약직 과천 웹 서비스 기획자 모집 상시채용 상시채용 경력무관 계약직 과천 게임 서비스 웹 서비스 경력무관 계약직 과천 게임기획 직군별 모집 상시채용 상시채용 경력무관 계약직 과천 게임 디자인 전체 경력무관 계약직 과천 [게임기획] 타업계 경력자 채용 상시채용 상시채용 경력무관 정규직 과천 게임 디자인 전체 경력무관 정규직 과천 시나리오 및 대사 설정 담당자 상시채용 상시채용 경력무관 계약직 과천 게임 디자인 시나리오 경력무관 계약직 과천 [경력] 대만 마케팅 담당자 모집 (펄어비스 자회사 소속) 상시채용 상시채용 경력 정규직 대만 사업 마케팅 경력 정규직 대만 [신입/경력] 검은사막 PC 러시아 운영 담당자 모집 상시채용 상시채용 경력무관 정규직 과천 #러시아어 게임 서비스 게임 운영 경력무관 정규직 과천 [경력] 구매 담당자 모집 상시채용 상시채용 경력 정규직 과천 #영어 경영지원 총무 경력 정규직 과천 [신입] 구매 담당자 모집 상시채용 상시채용 신입 정규직 과천 #영어 #MS Office 경영지원 총무 신입 정규직 과천 [경력] 국내 PR 담당자 모집 상시채용 상시채용 경력 정규직 과천 경영지원 홍보 경력 정규직 과천 [경력] 글로벌 PR 담당자 모집 상시채용 상시채용 경력 정규직 과천 경영지원 홍보 경력 정규직 과천 [경력] 네트워크 엔지니어 모집 상시채용 상시채용 경력 정규직 과천 개발 지원 IT 인프라 경력 정규직 과천 [경력] 오프라인 마케팅 담당자 모집 상시채용 상시채용 경력 계약직 과천 사업 마케팅 경력 계약직 과천 [신입/경력] 검은사막 모바일 고객 서비스 담당자 모집 상시채용 상시채용 신입·경력·경력무관 계약직 과천 게임 서비스 전체 신입·경력·경력무관 계약직 과천 [신입] 검은사막 모바일 운영 담당자 모집 상시채용 상시채용 신입 계약직 과천 게임 서비스 게임 운영 신입 계약직 과천 게임 엔진 프로그래머 모집 상시채용 상시채용 경력 정규직 과천 #C++ #Real Time Rendering 프로그래밍 게임 엔진 경력 정규직 과천 게임플레이 프로그래머 모집 상시채용 상시채용 경력 정규직 과천 #C++ 프로그래밍 게임 플레이 경력 정규직 과천 게임 번역가 모집 상시채용 상시채용 경력무관 계약직 과천 #포르투갈어 #태국어 #인니어 #번체 게임 서비스 로컬라이제이션 경력무관 계약직 과천 검은사막 온라인 게임플레이 프로그래머 모집 상시채용 상시채용 경력 정규직 과천 #C++ 프로그래밍 게임 플레이 경력 정규직 과천 1 펄어비스로의 광고/제휴 문의는 하단의 메일주소로 접수된 건에 한하여 검토 됩니다. 문의내용과 맞는 분류의 E-mail로 연락 주시기 바랍니다. 광고/제휴 문의 : business@pearlabyss.com 기타 문의 : contact@pearlabyss.com 펄어비스는 보다 더 투명하고 윤리적인 기업문화의 정착을 위해 기업윤리 신고센터 를 운영합니다. 임직원의 불공정한 업무수행, 금품·접대 등 부당한 요구, 회계관련 부당한 업무처리 및 기타 부정·비리 행위 등을 상담·신고 할 수 있는 채널로, 임직원, 협력사,기타 제보와 관련있는 거래 당사자 또는 제3자 등 누구나 실명 또는 익명 으로 신고가능하며, 신고된 내용은 펄어비스 감사 주관 하에 공정하고 엄중하게 조사·처리됩니다. 제보자의 신분과 상담·신고 내용 등은 철저히 비밀로 보장되며, 제보자는 어떠한 경우에도 정당한 제보를 이유로 불이익이나 차별을 받지 않음을 약속 드립니다. 접수된 사항은 빠른 시일내에 처리할 수 있도록 최선을 다하겠습니다. 게임 서비스 · 주식/IR 관련 문의 게임 문의: 게임 고객센터 주식/IR 문의 : ir@pearlabyss.com 처리결과 확인하기 상담·신고하기 URL 복사하기 (주)펄어비스(이하 '회사')는 귀하의 개인정보보호를 매우 중요시하며 『개인정보보호법』 등 관련 법령의 개인정보보호 규정을 준수하고 있습니다.","","","","","","","정규직","","","2026-02-21","2026-03-23","active","2026-04-14T12:55:30.021782","2026-04-04T03:33:41.692578","True"
"162","151","펄어비스","채용 공지사항","https://www.pearlabyss.com/ko-KR/Company/Careers/Notice","채용 공지사항 검색 채용 공지사항 제목 날짜 [인턴십] QA Beginner 인턴십 모집 2026-04-08 [공지] 개인정보처리방침 개정 안내 2025-05-19 [공지] 영상정보처리기기 운영·관리 방침 2025-05-19 [공지] 개인정보처리방침 개정 안내 2024-09-02 [공지] 개인정보처리방침 개정 안내 2024-04-11 [공지] 개인정보처리방침 개정 안내 2024-02-01 [공지] 개인정보처리방침 개정 안내 2023-12-22 [공지] 임시 저장한 지원서의 자동 삭제 규정 2022-05-12 1 펄어비스로의 광고/제휴 문의는 하단의 메일주소로 접수된 건에 한하여 검토 됩니다. 문의내용과 맞는 분류의 E-mail로 연락 주시기 바랍니다. 광고/제휴 문의 : business@pearlabyss.com 기타 문의 : contact@pearlabyss.com 펄어비스는 보다 더 투명하고 윤리적인 기업문화의 정착을 위해 기업윤리 신고센터 를 운영합니다. 임직원의 불공정한 업무수행, 금품·접대 등 부당한 요구, 회계관련 부당한 업무처리 및 기타 부정·비리 행위 등을 상담·신고 할 수 있는 채널로, 임직원, 협력사,기타 제보와 관련있는 거래 당사자 또는 제3자 등 누구나 실명 또는 익명 으로 신고가능하며, 신고된 내용은 펄어비스 감사 주관 하에 공정하고 엄중하게 조사·처리됩니다. 제보자의 신분과 상담·신고 내용 등은 철저히 비밀로 보장되며, 제보자는 어떠한 경우에도 정당한 제보를 이유로 불이익이나 차별을 받지 않음을 약속 드립니다. 접수된 사항은 빠른 시일내에 처리할 수 있도록 최선을 다하겠습니다. 게임 서비스 · 주식/IR 관련 문의 게임 문의: 게임 고객센터 주식/IR 문의 : ir@pearlabyss.com 처리결과 확인하기 상담·신고하기 URL 복사하기 (주)펄어비스(이하 '회사')는 귀하의 개인정보보호를 매우 중요시하며 『개인정보보호법』 등 관련 법령의 개인정보보호 규정을 준수하고 있습니다. 개인정보처리방침을 통해 귀하께서 제공하는 개인정보가 어떠한 용도와 방식으로 이용되고 있으며, 개인정보보호를 위해 어떠한 조치가 취해지고 있는지 알려드립니다. 본 개인정보처리방침은 펄어비스 공식 홈페이지 및 회사가 운영 및 관리하고 있는 건물에 적용됩니다. 1. 수집하는 개인정보 항목 및 수집방법 회사는 홈페이지 이용 시 필요한 최소한의 개인정보만을 수집하여 처리하고 있습니다. 1) 기업 윤리 제보 - 이름, 전화번호, 이메일 주소, 비밀번호 ※ 기업 윤리 관련 상담 및 신고는 익명으로도 가능합니다. 2) 채용 - (입사지원 및 인재풀 운영) 이름(국문, 영문), 사진, 성별, 국적, 생년월일, 연락처, 이메일, 주소, 지원경로, 학력사항, 자기소개, (이하 해당 시) 경력사항, 병력사항, 자격증, 어학, 해외 경험, 수상 경력, 대외 활동, 보유기술, 경력기술서, 기타 첨부파일(포트폴리오), 추천인, 희망 연봉, 보훈정보, 장애정보 - (면접 시) 이름, 생년월일, 연락처, 주소지, 주민등록번호 3) 펄어비스 본사 방문 - 이름, 소속, (선택)차량번호, 연락처, (선택)이메일 2. 개인정보의 처리 목적 회사는 다음의 목적을 위하여 개인정보를 처리합니다. 처리하고 있는 개인정보는 다음의 목적 이외의 용도로는 이용되지 않으며, 이용 목적이 변경되는 경우에는 관계법령에 따라 별도의 동의를 받는 등 필요한 조치를 이행할 예정입니다. 1) 기업 윤리 관련 상담 및 신고 접수 2) 기업 윤리 관련 상담 및 신고 내역 처리 결과 회신 등 원활한 의사소통 경로 확보 3) 채용절차의 진행 4) 진행단계별 결과 등 채용정보 안내 5) 인재풀 구성 6) 건물 출입관리, 방문객 주차관리, 무선 네트워크 서비스 제공 7) 기타 소득 신고 등 관련법령 준수 3. 개인정보 제3자 제공 회사는 귀하의 개인정보를 '개인정보의 처리목적'에서 명시한 범위 내에서만 처리하며, 정보주체의 동의, 법률의 특별한 규정 등 관계법령 상 허용된 경우 이외에는 개인정보를 제3자에게 제공하지 않습니다. 4. 개인정보 처리위탁 회사는 향상된 서비스의 제공을 위하여 다음과 같이 귀하의 개인정보를 외부에 위탁하여 처리하고 있습니다. 개인정보 위탁처리업체 및 그 내용은 아래와 같습니다. 업체명 위탁업무 ㈜사람인 온라인 인적성 검사 대행 - [재수탁사]㈜다우기술: 온라인 인적성 검사 안내 SMS 발송 ㈜그렙 온라인 코딩 및 필기 테스트 대행 슈어엠㈜ 메시지 발송 시스템 제공 및 관리 ㈜에스앤아이코퍼레이션 건물 출입관리, 방문객 주차관리 - [재수탁사]㈜아이비에스인더스트리/㈜프로에스콤: 건물 출입 관리 Azure Blob 클라우드 서비스 이용 회사는 위탁계약 체결 시 관계법령에 따라 위탁업무 수행목적 외 개인정보 처리금지, 기술적·관리적 보호조치, 재위탁 제한, 수탁자에 관한 관리·감독, 손해배상 등 책임에 관한 사항을 계약서 등 문서에 명시하고, 수탁자가 개인정보를 안전하게 처리하는지를 감독하고 있습니다. 위탁업무의 내용이나 수탁자가 변경될 경우에는 지체없이 본 개인정보 처리방침을 통하여 공개하도록 하겠습니다. 수탁 업체에 전달된 개인정보는 원칙적으로 개인정보의 수집 및 이용 목적이 달성되면 파기합니다. 다만, 대한민국의 법령에 따라 정보를 보존하여야 하는 경우에는 수탁 업체에서 해당 정보를 보관할 수 있으며 다른 목적으로 사용되지 않습니다. 5. 개인정보의 처리 및 이용기간 회사는 개인정보를 수집시에 동의 받은 보유·이용 기간 내에서 개인정보를 처리 및 보유하며, 원칙적으로 개인정보의 처리목적이 달성되면 지체없이 파기합니다. 1) 기업 윤리 제보 접수된 상담 및 신고 처리일로부터 1년 2) 채용 (입사지원 및 인재풀 운영) 입사지원자의 개인정보는 회사의 인재풀에 3년간 보관되며, 채용이 필요한 경우 해당 인재풀에서 상시채용을 위하여 이용됩니다. 입사지원자가 개인정보의 삭제를 원하는 경우 지체 없이 해당 정보를 삭제합니다. 단, 관계 법령에 따라 특별히 보관해야 하는 개인정보가 수집될 경우, 해당 법령에서 규정한 기간 동안 개인정보를 보관합니다. 3) 펄어비스 본사 방문 출입증 만료일로부터 1년 6. 개인정보의 파기 회사는 원칙적으로 개인정보 보유기간의 경과, 처리목적의 달성 등 개인정보가 불필요하게 되었을 때에는 지체없이 해당정보를 파기합니다. 귀하로부터 동의 받은 개인정보의 보유기간이 경과하거나 처리목적이 달성되었음에도 불구하고 다른 법령에 따라 개인정보를 계속 보존하여야 하는 경우에는, 해당 개인정보를 별도의 DB로 옮기거나 보관장소를 달리하여 보존합니다. 개인정보 파기 방법은 다음과 같습니다. 파기 방법 : 종이에 출력된 개인정보는 분쇄기로 분쇄하거나 소각을 통하여 파기하며, 전자적 파일형태로 저장된 개인정보는 기록을 재생할 수 없는 기술적 방법을 사용하여 삭제합니다. 7. 정보주체의 권리와 그 행사방법 귀하는 언제든지 등록되어 있는 귀하의 개인정보의 열람, 정정, 삭제, 처리정지를 요청하실 수 있습니다. 이 경우, 개인정보보호 책임자 또는 개인정보 고충처리부서에 서면, 전화 또는 이메일로 연락하시면 확인 후 지체없이 조치하겠습니다. 8. 개인정보 자동수집장치의 설치, 운영 및 그 거부에 관한 사항 1) 쿠키의 사용 목적 쿠키는 웹 사이트에 접속하면 생성되는 정보를 담은 임시 파일로 이용자의 컴퓨터에 저장됩니다. 당사는 쿠키를 활용하여 이용자의 언어, 인증 정보 등을 기록하고, 개인화된 서비스 제공을 위한 환경 정보를 저장하고, 이용자가 보다 손쉽게 사이트를 이용할 수 있는 환경 구성에 사용합니다. 또한, 사이트 이용 경향 분석, 웹 사이트 관리, 이용자의 웹 사이트 이용실태 등 전반적인 당사 웹사이트 이용자의 통계적 정보 수집 목적으로도 사용합니다. ① PC 웹 브라우저 쿠키 수집 차단 방법 - 크롬(Chrome): 웹브라우저 오른쪽 상단의 [⋮] 표시 선택 > 새 시크릿 창 (단축키 : Ctrl+Shift+N) - 엣지(Edge): 웹브라우저 오른쪽 상단의 […] 표시 선택 > 새 InPrivate 창 (단축키 : Ctrl+Shift+N) ※ 그 외의 웹 브라우저는 각 브라우저별 설정 방법을 따릅니다. ② 모바일 브라우저에서 쿠키 수집 차단 방법 - 크롬(Chrome) : 모바일 브라우저 오른쪽 상단의 [⋮] 표시 선택 > 새 시크릿 탭 - 사파리(Safari) : 모바일 기기 설정 > 사파리(Safari) > 고급 > 모든 쿠키 차단 - 삼성 인터넷 : 모바일 브라우저 아래쪽 '탭' 아이콘 선택 > 비밀 모드 켜기 > 시작 2) 웹로그 분석툴의 사용 목적 당사는 Google Analytics 웹로그 분석툴을 사용하여 웹사이트에서 이용자의 취향과 관심 분야를 분석합니다. Google Analytics의 데이터 사용 설정 방법은 아래와 같습니다. - Google Analytics 차단: https://tools.google.com/dlpage/gaoptout/ 9. 개인정보 안전성 확보조치 회사는 이용자의 개인정보가 분실, 도난, 누출, 변조 또는 훼손되지 않도록 아래와 같은 개인정보 안전성 확보 대책을 마련하여 이행하고 있습니다. 1) 기술적 대책 - 개인정보가 포함되어 있는 중요한 데이터는 그 파일 및 송신 데이터를 암호화하거나 파일 잠금 기능을 사용하는 등의 보안 기능을 사용하여 보호하고 있습니다. - 회사는 해킹이나 컴퓨터 바이러스 등에 의하여 이용자의 개인정보가 유출되거나 훼손되는 것을 방지하기 위하여 항상 감시하고 있습니다. 또한 만약의 사태를 대비하여 개인정보를 주기적으로 백업하고 있으며 Anti-Virus 프로그램, Firewall 등 다양한 보안 장비들로 보호하고 있습니다. - 회사는 개인정보를 처리할 수 있도록 체계적으로 구성된 데이터베이스 시스템에 필요한 안전성 확보 조치를 다하고 있습니다. 2) 관리적 대책 - 회사는 이용자의 개인정보에 대한 접근 권한을 최소한의 인원으로 제한하고 있습니다. - 회사는 개인정보취급자와 수탁사를 대상으로 개인정보보호 의무 등에 관해 정기적인 교육을 실시하고 있습니다. - 회사는 개인정보보호 업무를 전담하는 부서에서 개인정보 보호 관련 정책을 수립하여 관리하고 있습니다. 또한 내부 규정 준수 여부를 정기적으로 확인하여 문제가 발견될 경우, 지체없이 바로잡을 수 있도록 노력","","","","","","","계약직","","","2025-04-19","2025-05-19","active","2026-04-14T12:56:03.327533","2026-04-04T03:33:48.550198","True"
"163","151","펄어비스","공고","https://www.pearlabyss.com/ko-KR/Company/Careers/List?_jobGroupCode=9","펄어비스와 함께 꿈꿔왔던 게임을 만드세요 검색 검색 경력 신입 경력 경력무관 고용 형태 정규직 계약직 파견직 인턴 아르바이트 프리랜서 현장실습 오피스 과천 펄어비스 캐피탈 넷텐션 대만 홍콩 싱가폴 암스테르담 LA 도쿄 아이슬란드 벤쿠버 PA아트센터 전체 27 인턴십 1 프로그래밍 3 아트 1 게임 디자인 3 오디오 1 사업 2 게임 서비스 8 경영지원 5 개발 지원 2 기타 1 공고 공고 직무 경력 고용 형태 오피스 인재 Pool 인재풀 인재풀 신입·경력·경력무관 정규직·계약직·인턴·아르바이트·프리랜서 과천 기타 기타 신입·경력·경력무관 정규직·계약직·인턴·아르바이트·프리랜서 과천 1 펄어비스로의 광고/제휴 문의는 하단의 메일주소로 접수된 건에 한하여 검토 됩니다. 문의내용과 맞는 분류의 E-mail로 연락 주시기 바랍니다. 광고/제휴 문의 : business@pearlabyss.com 기타 문의 : contact@pearlabyss.com 펄어비스는 보다 더 투명하고 윤리적인 기업문화의 정착을 위해 기업윤리 신고센터 를 운영합니다. 임직원의 불공정한 업무수행, 금품·접대 등 부당한 요구, 회계관련 부당한 업무처리 및 기타 부정·비리 행위 등을 상담·신고 할 수 있는 채널로, 임직원, 협력사,기타 제보와 관련있는 거래 당사자 또는 제3자 등 누구나 실명 또는 익명 으로 신고가능하며, 신고된 내용은 펄어비스 감사 주관 하에 공정하고 엄중하게 조사·처리됩니다. 제보자의 신분과 상담·신고 내용 등은 철저히 비밀로 보장되며, 제보자는 어떠한 경우에도 정당한 제보를 이유로 불이익이나 차별을 받지 않음을 약속 드립니다. 접수된 사항은 빠른 시일내에 처리할 수 있도록 최선을 다하겠습니다. 게임 서비스 · 주식/IR 관련 문의 게임 문의: 게임 고객센터 주식/IR 문의 : ir@pearlabyss.com 처리결과 확인하기 상담·신고하기 URL 복사하기 (주)펄어비스(이하 '회사')는 귀하의 개인정보보호를 매우 중요시하며 『개인정보보호법』 등 관련 법령의 개인정보보호 규정을 준수하고 있습니다.","","","","","","","정규직","","","2025-04-26","2025-05-26","active","2026-04-14T12:56:28.627800","2026-04-04T03:33:57.953805","True"
"164","151","펄어비스","공고","https://www.pearlabyss.com/ko-KR/Company/Careers/List?_jobGroupCode=10","펄어비스와 함께 꿈꿔왔던 게임을 만드세요 검색 검색 경력 신입 경력 경력무관 고용 형태 정규직 계약직 파견직 인턴 아르바이트 프리랜서 현장실습 오피스 과천 펄어비스 캐피탈 넷텐션 대만 홍콩 싱가폴 암스테르담 LA 도쿄 아이슬란드 벤쿠버 PA아트센터 전체 27 인턴십 1 프로그래밍 3 아트 1 게임 디자인 3 오디오 1 사업 2 게임 서비스 8 경영지원 5 개발 지원 2 기타 1 공고 공고 직무 경력 고용 형태 오피스 [신입] 시스템 엔지니어 모집 상시채용 상시채용 신입 정규직 과천 개발 지원 IT 인프라 신입 정규직 과천 [경력] 네트워크 엔지니어 모집 상시채용 상시채용 경력 정규직 과천 개발 지원 IT 인프라 경력 정규직 과천 1 펄어비스로의 광고/제휴 문의는 하단의 메일주소로 접수된 건에 한하여 검토 됩니다. 문의내용과 맞는 분류의 E-mail로 연락 주시기 바랍니다. 광고/제휴 문의 : business@pearlabyss.com 기타 문의 : contact@pearlabyss.com 펄어비스는 보다 더 투명하고 윤리적인 기업문화의 정착을 위해 기업윤리 신고센터 를 운영합니다. 임직원의 불공정한 업무수행, 금품·접대 등 부당한 요구, 회계관련 부당한 업무처리 및 기타 부정·비리 행위 등을 상담·신고 할 수 있는 채널로, 임직원, 협력사,기타 제보와 관련있는 거래 당사자 또는 제3자 등 누구나 실명 또는 익명 으로 신고가능하며, 신고된 내용은 펄어비스 감사 주관 하에 공정하고 엄중하게 조사·처리됩니다. 제보자의 신분과 상담·신고 내용 등은 철저히 비밀로 보장되며, 제보자는 어떠한 경우에도 정당한 제보를 이유로 불이익이나 차별을 받지 않음을 약속 드립니다. 접수된 사항은 빠른 시일내에 처리할 수 있도록 최선을 다하겠습니다. 게임 서비스 · 주식/IR 관련 문의 게임 문의: 게임 고객센터 주식/IR 문의 : ir@pearlabyss.com 처리결과 확인하기 상담·신고하기 URL 복사하기 (주)펄어비스(이하 '회사')는 귀하의 개인정보보호를 매우 중요시하며 『개인정보보호법』 등 관련 법령의 개인정보보호 규정을 준수하고 있습니다.","","","","","","","정규직","","","2025-04-26","2025-05-26","active","2026-04-14T12:57:04.374215","2026-04-04T03:34:06.243478","True"
"165","151","펄어비스","공고","https://www.pearlabyss.com/ko-KR/Company/Careers/List?_jobGroupCode=7","펄어비스와 함께 꿈꿔왔던 게임을 만드세요 검색 검색 경력 신입 경력 경력무관 고용 형태 정규직 계약직 파견직 인턴 아르바이트 프리랜서 현장실습 오피스 과천 펄어비스 캐피탈 넷텐션 대만 홍콩 싱가폴 암스테르담 LA 도쿄 아이슬란드 벤쿠버 PA아트센터 전체 27 인턴십 1 프로그래밍 3 아트 1 게임 디자인 3 오디오 1 사업 2 게임 서비스 8 경영지원 5 개발 지원 2 기타 1 공고 공고 직무 경력 고용 형태 오피스 [Pearl Abyss Europe] Admin & HR Generalist (Korean / English) 상시채용 상시채용 경력·경력무관 계약직 암스테르담 경영지원 인사 경력·경력무관 계약직 암스테르담 [경력] 구매 담당자 모집 상시채용 상시채용 경력 정규직 과천 #영어 경영지원 총무 경력 정규직 과천 [신입] 구매 담당자 모집 상시채용 상시채용 신입 정규직 과천 #영어 #MS Office 경영지원 총무 신입 정규직 과천 [경력] 국내 PR 담당자 모집 상시채용 상시채용 경력 정규직 과천 경영지원 홍보 경력 정규직 과천 [경력] 글로벌 PR 담당자 모집 상시채용 상시채용 경력 정규직 과천 경영지원 홍보 경력 정규직 과천 1 펄어비스로의 광고/제휴 문의는 하단의 메일주소로 접수된 건에 한하여 검토 됩니다. 문의내용과 맞는 분류의 E-mail로 연락 주시기 바랍니다. 광고/제휴 문의 : business@pearlabyss.com 기타 문의 : contact@pearlabyss.com 펄어비스는 보다 더 투명하고 윤리적인 기업문화의 정착을 위해 기업윤리 신고센터 를 운영합니다. 임직원의 불공정한 업무수행, 금품·접대 등 부당한 요구, 회계관련 부당한 업무처리 및 기타 부정·비리 행위 등을 상담·신고 할 수 있는 채널로, 임직원, 협력사,기타 제보와 관련있는 거래 당사자 또는 제3자 등 누구나 실명 또는 익명 으로 신고가능하며, 신고된 내용은 펄어비스 감사 주관 하에 공정하고 엄중하게 조사·처리됩니다. 제보자의 신분과 상담·신고 내용 등은 철저히 비밀로 보장되며, 제보자는 어떠한 경우에도 정당한 제보를 이유로 불이익이나 차별을 받지 않음을 약속 드립니다. 접수된 사항은 빠른 시일내에 처리할 수 있도록 최선을 다하겠습니다. 게임 서비스 · 주식/IR 관련 문의 게임 문의: 게임 고객센터 주식/IR 문의 : ir@pearlabyss.com 처리결과 확인하기 상담·신고하기 URL 복사하기 (주)펄어비스(이하 '회사')는 귀하의 개인정보보호를 매우 중요시하며 『개인정보보호법』 등 관련 법령의 개인정보보호 규정을 준수하고 있습니다.","","","","","","","정규직","","","2025-04-26","2025-05-26","active","2026-04-14T12:58:19.694045","2026-04-04T03:34:19.184594","True"
"166","151","펄어비스","공고","https://www.pearlabyss.com/ko-KR/Company/Careers/List?_jobGroupCode=6","펄어비스와 함께 꿈꿔왔던 게임을 만드세요 검색 검색 경력 신입 경력 경력무관 고용 형태 정규직 계약직 파견직 인턴 아르바이트 프리랜서 현장실습 오피스 과천 펄어비스 캐피탈 넷텐션 대만 홍콩 싱가폴 암스테르담 LA 도쿄 아이슬란드 벤쿠버 PA아트센터 전체 27 인턴십 1 프로그래밍 3 아트 1 게임 디자인 3 오디오 1 사업 2 게임 서비스 8 경영지원 5 개발 지원 2 기타 1 공고 공고 직무 경력 고용 형태 오피스 [아르바이트] 콘솔 게임 QA 모집 상시채용 상시채용 경력무관 아르바이트 과천 게임 서비스 QA 경력무관 아르바이트 과천 [아르바이트] 게임 번역가 모집 상시채용 상시채용 경력무관 아르바이트 과천 #포르투갈어 게임 서비스 로컬라이제이션 경력무관 아르바이트 과천 [신입/경력] 검은사막 모바일 글로벌 사업 담당자 모집 상시채용 상시채용 신입·경력 계약직 과천 게임 서비스 게임 운영 신입·경력 계약직 과천 웹 서비스 기획자 모집 상시채용 상시채용 경력무관 계약직 과천 게임 서비스 웹 서비스 경력무관 계약직 과천 [신입/경력] 검은사막 PC 러시아 운영 담당자 모집 상시채용 상시채용 경력무관 정규직 과천 #러시아어 게임 서비스 게임 운영 경력무관 정규직 과천 [신입/경력] 검은사막 모바일 고객 서비스 담당자 모집 상시채용 상시채용 신입·경력·경력무관 계약직 과천 게임 서비스 전체 신입·경력·경력무관 계약직 과천 [신입] 검은사막 모바일 운영 담당자 모집 상시채용 상시채용 신입 계약직 과천 게임 서비스 게임 운영 신입 계약직 과천 게임 번역가 모집 상시채용 상시채용 경력무관 계약직 과천 #포르투갈어 #태국어 #인니어 #번체 게임 서비스 로컬라이제이션 경력무관 계약직 과천 1 펄어비스로의 광고/제휴 문의는 하단의 메일주소로 접수된 건에 한하여 검토 됩니다. 문의내용과 맞는 분류의 E-mail로 연락 주시기 바랍니다. 광고/제휴 문의 : business@pearlabyss.com 기타 문의 : contact@pearlabyss.com 펄어비스는 보다 더 투명하고 윤리적인 기업문화의 정착을 위해 기업윤리 신고센터 를 운영합니다. 임직원의 불공정한 업무수행, 금품·접대 등 부당한 요구, 회계관련 부당한 업무처리 및 기타 부정·비리 행위 등을 상담·신고 할 수 있는 채널로, 임직원, 협력사,기타 제보와 관련있는 거래 당사자 또는 제3자 등 누구나 실명 또는 익명 으로 신고가능하며, 신고된 내용은 펄어비스 감사 주관 하에 공정하고 엄중하게 조사·처리됩니다. 제보자의 신분과 상담·신고 내용 등은 철저히 비밀로 보장되며, 제보자는 어떠한 경우에도 정당한 제보를 이유로 불이익이나 차별을 받지 않음을 약속 드립니다. 접수된 사항은 빠른 시일내에 처리할 수 있도록 최선을 다하겠습니다. 게임 서비스 · 주식/IR 관련 문의 게임 문의: 게임 고객센터 주식/IR 문의 : ir@pearlabyss.com 처리결과 확인하기 상담·신고하기 URL 복사하기 (주)펄어비스(이하 '회사')는 귀하의 개인정보보호를 매우 중요시하며 『개인정보보호법』 등 관련 법령의 개인정보보호 규정을 준수하고 있습니다.","","","","","","","정규직","","","2025-04-26","2025-05-26","active","2026-04-14T12:58:52.623931","2026-04-04T03:34:27.338733","True"
"167","151","펄어비스","공고","https://www.pearlabyss.com/ko-KR/Company/Careers/List?_jobGroupCode=5","펄어비스와 함께 꿈꿔왔던 게임을 만드세요 검색 검색 경력 신입 경력 경력무관 고용 형태 정규직 계약직 파견직 인턴 아르바이트 프리랜서 현장실습 오피스 과천 펄어비스 캐피탈 넷텐션 대만 홍콩 싱가폴 암스테르담 LA 도쿄 아이슬란드 벤쿠버 PA아트센터 전체 27 프로그래밍 3 아트 1 게임 디자인 3 오디오 1 사업 2 게임 서비스 9 경영지원 5 개발 지원 2 기타 1 공고 공고 직무 경력 고용 형태 오피스 [경력] 대만 마케팅 담당자 모집 (펄어비스 자회사 소속) 상시채용 상시채용 경력 정규직 대만 사업 마케팅 경력 정규직 대만 [경력] 오프라인 마케팅 담당자 모집 상시채용 상시채용 경력 계약직 과천 사업 마케팅 경력 계약직 과천 1 펄어비스로의 광고/제휴 문의는 하단의 메일주소로 접수된 건에 한하여 검토 됩니다. 문의내용과 맞는 분류의 E-mail로 연락 주시기 바랍니다. 광고/제휴 문의 : business@pearlabyss.com 기타 문의 : contact@pearlabyss.com 펄어비스는 보다 더 투명하고 윤리적인 기업문화의 정착을 위해 기업윤리 신고센터 를 운영합니다. 임직원의 불공정한 업무수행, 금품·접대 등 부당한 요구, 회계관련 부당한 업무처리 및 기타 부정·비리 행위 등을 상담·신고 할 수 있는 채널로, 임직원, 협력사,기타 제보와 관련있는 거래 당사자 또는 제3자 등 누구나 실명 또는 익명 으로 신고가능하며, 신고된 내용은 펄어비스 감사 주관 하에 공정하고 엄중하게 조사·처리됩니다. 제보자의 신분과 상담·신고 내용 등은 철저히 비밀로 보장되며, 제보자는 어떠한 경우에도 정당한 제보를 이유로 불이익이나 차별을 받지 않음을 약속 드립니다. 접수된 사항은 빠른 시일내에 처리할 수 있도록 최선을 다하겠습니다. 게임 서비스 · 주식/IR 관련 문의 게임 문의: 게임 고객센터 주식/IR 문의 : ir@pearlabyss.com 처리결과 확인하기 상담·신고하기 URL 복사하기 (주)펄어비스(이하 '회사')는 귀하의 개인정보보호를 매우 중요시하며 『개인정보보호법』 등 관련 법령의 개인정보보호 규정을 준수하고 있습니다.","","","","","","","정규직","","","2025-04-26","2025-05-26","active","2026-04-04T03:34:38.388460","2026-04-04T03:34:38.388475","True"
"168","151","펄어비스","공고","https://www.pearlabyss.com/ko-KR/Company/Careers/List?_jobGroupCode=4","펄어비스와 함께 꿈꿔왔던 게임을 만드세요 검색 검색 경력 신입 경력 경력무관 고용 형태 정규직 계약직 파견직 인턴 아르바이트 프리랜서 현장실습 오피스 과천 펄어비스 캐피탈 넷텐션 대만 홍콩 싱가폴 암스테르담 LA 도쿄 아이슬란드 벤쿠버 PA아트센터 전체 27 프로그래밍 3 아트 1 게임 디자인 3 오디오 1 사업 2 게임 서비스 9 경영지원 5 개발 지원 2 기타 1 공고 공고 직무 경력 고용 형태 오피스 [경력] 게임 오디오 디자이너 2026-03-23 ~ 2026-05-30 D-56 2026-03-23 ~ 2026-05-30 경력 정규직 과천 오디오 사운드 디자인 경력 정규직 과천 1 펄어비스로의 광고/제휴 문의는 하단의 메일주소로 접수된 건에 한하여 검토 됩니다. 문의내용과 맞는 분류의 E-mail로 연락 주시기 바랍니다. 광고/제휴 문의 : business@pearlabyss.com 기타 문의 : contact@pearlabyss.com 펄어비스는 보다 더 투명하고 윤리적인 기업문화의 정착을 위해 기업윤리 신고센터 를 운영합니다. 임직원의 불공정한 업무수행, 금품·접대 등 부당한 요구, 회계관련 부당한 업무처리 및 기타 부정·비리 행위 등을 상담·신고 할 수 있는 채널로, 임직원, 협력사,기타 제보와 관련있는 거래 당사자 또는 제3자 등 누구나 실명 또는 익명 으로 신고가능하며, 신고된 내용은 펄어비스 감사 주관 하에 공정하고 엄중하게 조사·처리됩니다. 제보자의 신분과 상담·신고 내용 등은 철저히 비밀로 보장되며, 제보자는 어떠한 경우에도 정당한 제보를 이유로 불이익이나 차별을 받지 않음을 약속 드립니다. 접수된 사항은 빠른 시일내에 처리할 수 있도록 최선을 다하겠습니다. 게임 서비스 · 주식/IR 관련 문의 게임 문의: 게임 고객센터 주식/IR 문의 : ir@pearlabyss.com 처리결과 확인하기 상담·신고하기 URL 복사하기 (주)펄어비스(이하 '회사')는 귀하의 개인정보보호를 매우 중요시하며 『개인정보보호법』 등 관련 법령의 개인정보보호 규정을 준수하고 있습니다.","","","","","","","정규직","","","2026-02-21","2026-03-23","active","2026-04-04T03:34:48.712492","2026-04-04T03:34:48.712511","True"
"169","151","펄어비스","공고","https://www.pearlabyss.com/ko-KR/Company/Careers/List?_jobGroupCode=3","펄어비스와 함께 꿈꿔왔던 게임을 만드세요 검색 검색 경력 신입 경력 경력무관 고용 형태 정규직 계약직 파견직 인턴 아르바이트 프리랜서 현장실습 오피스 과천 펄어비스 캐피탈 넷텐션 대만 홍콩 싱가폴 암스테르담 LA 도쿄 아이슬란드 벤쿠버 PA아트센터 전체 27 프로그래밍 3 아트 1 게임 디자인 3 오디오 1 사업 2 게임 서비스 9 경영지원 5 개발 지원 2 기타 1 공고 공고 직무 경력 고용 형태 오피스 게임기획 직군별 모집 상시채용 상시채용 경력무관 계약직 과천 게임 디자인 전체 경력무관 계약직 과천 [게임기획] 타업계 경력자 채용 상시채용 상시채용 경력무관 정규직 과천 게임 디자인 전체 경력무관 정규직 과천 시나리오 및 대사 설정 담당자 상시채용 상시채용 경력무관 계약직 과천 게임 디자인 시나리오 경력무관 계약직 과천 1 펄어비스로의 광고/제휴 문의는 하단의 메일주소로 접수된 건에 한하여 검토 됩니다. 문의내용과 맞는 분류의 E-mail로 연락 주시기 바랍니다. 광고/제휴 문의 : business@pearlabyss.com 기타 문의 : contact@pearlabyss.com 펄어비스는 보다 더 투명하고 윤리적인 기업문화의 정착을 위해 기업윤리 신고센터 를 운영합니다. 임직원의 불공정한 업무수행, 금품·접대 등 부당한 요구, 회계관련 부당한 업무처리 및 기타 부정·비리 행위 등을 상담·신고 할 수 있는 채널로, 임직원, 협력사,기타 제보와 관련있는 거래 당사자 또는 제3자 등 누구나 실명 또는 익명 으로 신고가능하며, 신고된 내용은 펄어비스 감사 주관 하에 공정하고 엄중하게 조사·처리됩니다. 제보자의 신분과 상담·신고 내용 등은 철저히 비밀로 보장되며, 제보자는 어떠한 경우에도 정당한 제보를 이유로 불이익이나 차별을 받지 않음을 약속 드립니다. 접수된 사항은 빠른 시일내에 처리할 수 있도록 최선을 다하겠습니다. 게임 서비스 · 주식/IR 관련 문의 게임 문의: 게임 고객센터 주식/IR 문의 : ir@pearlabyss.com 처리결과 확인하기 상담·신고하기 URL 복사하기 (주)펄어비스(이하 '회사')는 귀하의 개인정보보호를 매우 중요시하며 『개인정보보호법』 등 관련 법령의 개인정보보호 규정을 준수하고 있습니다.","","","","","","","정규직","","","2025-04-26","2025-05-26","active","2026-04-04T03:34:56.804206","2026-04-04T03:34:56.804235","True"
"170","151","펄어비스","공고","https://www.pearlabyss.com/ko-KR/Company/Careers/List?_jobGroupCode=2","펄어비스와 함께 꿈꿔왔던 게임을 만드세요 검색 검색 경력 신입 경력 경력무관 고용 형태 정규직 계약직 파견직 인턴 아르바이트 프리랜서 현장실습 오피스 과천 펄어비스 캐피탈 넷텐션 대만 홍콩 싱가폴 암스테르담 LA 도쿄 아이슬란드 벤쿠버 PA아트센터 전체 27 프로그래밍 3 아트 1 게임 디자인 3 오디오 1 사업 2 게임 서비스 9 경영지원 5 개발 지원 2 기타 1 공고 공고 직무 경력 고용 형태 오피스 [경력] 셰이더 디자이너 모집 상시채용 상시채용 경력 정규직 과천 아트 배경 모델 & 컨셉 & 레벨 경력 정규직 과천 1 펄어비스로의 광고/제휴 문의는 하단의 메일주소로 접수된 건에 한하여 검토 됩니다. 문의내용과 맞는 분류의 E-mail로 연락 주시기 바랍니다. 광고/제휴 문의 : business@pearlabyss.com 기타 문의 : contact@pearlabyss.com 펄어비스는 보다 더 투명하고 윤리적인 기업문화의 정착을 위해 기업윤리 신고센터 를 운영합니다. 임직원의 불공정한 업무수행, 금품·접대 등 부당한 요구, 회계관련 부당한 업무처리 및 기타 부정·비리 행위 등을 상담·신고 할 수 있는 채널로, 임직원, 협력사,기타 제보와 관련있는 거래 당사자 또는 제3자 등 누구나 실명 또는 익명 으로 신고가능하며, 신고된 내용은 펄어비스 감사 주관 하에 공정하고 엄중하게 조사·처리됩니다. 제보자의 신분과 상담·신고 내용 등은 철저히 비밀로 보장되며, 제보자는 어떠한 경우에도 정당한 제보를 이유로 불이익이나 차별을 받지 않음을 약속 드립니다. 접수된 사항은 빠른 시일내에 처리할 수 있도록 최선을 다하겠습니다. 게임 서비스 · 주식/IR 관련 문의 게임 문의: 게임 고객센터 주식/IR 문의 : ir@pearlabyss.com 처리결과 확인하기 상담·신고하기 URL 복사하기 (주)펄어비스(이하 '회사')는 귀하의 개인정보보호를 매우 중요시하며 『개인정보보호법』 등 관련 법령의 개인정보보호 규정을 준수하고 있습니다.","","","","","","","정규직","","","2025-04-26","2025-05-26","active","2026-04-04T03:35:02.035339","2026-04-04T03:35:02.035692","True"
"171","151","펄어비스","공고","https://www.pearlabyss.com/ko-KR/Company/Careers/List?_jobGroupCode=1","펄어비스와 함께 꿈꿔왔던 게임을 만드세요 검색 검색 경력 신입 경력 경력무관 고용 형태 정규직 계약직 파견직 인턴 아르바이트 프리랜서 현장실습 오피스 과천 펄어비스 캐피탈 넷텐션 대만 홍콩 싱가폴 암스테르담 LA 도쿄 아이슬란드 벤쿠버 PA아트센터 전체 27 프로그래밍 3 아트 1 게임 디자인 3 오디오 1 사업 2 게임 서비스 9 경영지원 5 개발 지원 2 기타 1 공고 공고 직무 경력 고용 형태 오피스 게임 엔진 프로그래머 모집 상시채용 상시채용 경력 정규직 과천 #C++ #Real Time Rendering 프로그래밍 게임 엔진 경력 정규직 과천 게임플레이 프로그래머 모집 상시채용 상시채용 경력 정규직 과천 #C++ 프로그래밍 게임 플레이 경력 정규직 과천 검은사막 온라인 게임플레이 프로그래머 모집 상시채용 상시채용 경력 정규직 과천 #C++ 프로그래밍 게임 플레이 경력 정규직 과천 1 펄어비스로의 광고/제휴 문의는 하단의 메일주소로 접수된 건에 한하여 검토 됩니다. 문의내용과 맞는 분류의 E-mail로 연락 주시기 바랍니다. 광고/제휴 문의 : business@pearlabyss.com 기타 문의 : contact@pearlabyss.com 펄어비스는 보다 더 투명하고 윤리적인 기업문화의 정착을 위해 기업윤리 신고센터 를 운영합니다. 임직원의 불공정한 업무수행, 금품·접대 등 부당한 요구, 회계관련 부당한 업무처리 및 기타 부정·비리 행위 등을 상담·신고 할 수 있는 채널로, 임직원, 협력사,기타 제보와 관련있는 거래 당사자 또는 제3자 등 누구나 실명 또는 익명 으로 신고가능하며, 신고된 내용은 펄어비스 감사 주관 하에 공정하고 엄중하게 조사·처리됩니다. 제보자의 신분과 상담·신고 내용 등은 철저히 비밀로 보장되며, 제보자는 어떠한 경우에도 정당한 제보를 이유로 불이익이나 차별을 받지 않음을 약속 드립니다. 접수된 사항은 빠른 시일내에 처리할 수 있도록 최선을 다하겠습니다. 게임 서비스 · 주식/IR 관련 문의 게임 문의: 게임 고객센터 주식/IR 문의 : ir@pearlabyss.com 처리결과 확인하기 상담·신고하기 URL 복사하기 (주)펄어비스(이하 '회사')는 귀하의 개인정보보호를 매우 중요시하며 『개인정보보호법』 등 관련 법령의 개인정보보호 규정을 준수하고 있습니다.","","","","","","","정규직","","","2025-04-26","2025-05-26","active","2026-04-04T03:35:10.524750","2026-04-04T03:35:10.524773","True"
"172","161","스마일게이트","Smilegate Careers","https://careers.smilegate.com#job-bed30bb5-0","Smilegate Careers APPLY LIFE AT SMILEGATE STUDENT LOGIN Loading... 뒤로 가기 레이어 닫기 안녕하세요. 스마일게이트 채용사이트에 오신걸 환영합니다. 궁금한 점이 있으신가요? 자주 묻는 질문을 확인해보세요. 1:1 문의하기 입사지원 더 많은 FAQ 보기 1:1 문의하기 레이어 닫기 헤드헌터 안내 확인 공지사항 오늘하루 열지않기 공지사항 닫기 You We meet the Chance Future 통합검색 검색 Scroll Down stop/play 합병에 따른 개인정보 이전 안내 공고 공고 전문 확인 ▶ Click 오늘 하루 보지 않기 하루동안 열지 않기 닫기 go to faq go to top Family Site 스마일게이트 스마일게이트 뉴스룸 스마일게이트 희망스튜디오 스마일게이트 오렌지플래닛","","","","","","","","","","","","active","2026-04-04T03:35:25.438018","2026-04-04T03:35:25.438050","True"
"173","166","스켈터랩스","Technical Solutions Engineer","https://www.skelterlabs.com/creer/technical-solutions-engineer","정규직 l 채용 시 마감 Technical Solutions Engineer 직군 Technical Solutions Engineer 지원구분 정규직 경력 경력 마감일 채용 시 마감 모집인원 0명 [직무 소개] 테크니컬 솔루션 엔지니어는 스켈터랩스의 AIQ+ 제품을 고객에게 성공적으로 전달하기 위해 중요한 역할을 합니다. 이 역할은 기술적인 지식과 고객 커뮤니케이션 능력을 결합하여 우리의 제품을 구현, 통합 및 최적화하는 것을 포함합니다. 또한 문제 해결과 기술적 지원을 통해 고객의 만족도를 높이는 데 도움이 되는 역할입니다. ‍ [주요 업무] 고객과의 원활한 소통을 통해 요구사항을 이해하고 기술적인 솔루션을 제안합니다. 제품 설치, 설정 및 통합을 지원하여 고객의 운영 환경에 맞는 최적의 결과를 제공합니다. 기술적 문제를 진단하고 해결하기 위해 빠르게 대응하며, 필요한 경우 개선 사항을 제안합니다. 스켈터랩스 AIQ+ 제품 및 기술 관련 교육 자료를 개발하고 고객 및 파트너에게 전달합니다. 팀 내외에서 지식을 공유하고 협력하여 지속적인 개선과 혁신을 이끌어냅니다. ‍ [자격 요건] 이런 분을 찾습니다. 컴퓨터 공학, 전자공학, 정보기술 또는 관련 분야에서 학사 학위 또는 해당 분야에서의 경험 기술적 문제 해결 능력과 창의력 고객과의 원활한 커뮤니케이션 능력 소프트웨어 및 하드웨어 구성 및 통합에 대한 기술적 이해 문제 분석 및 해결 능력 팀 내외에서의 협력과 지식 공유 능력 [우대 사항] ‍ 이런 분이면 더더욱 좋습니다. Linux 관련 지식 및 사용 경험 보유 Kubernetes 관련 지식 및 사용 경험 보유 서비스 시스템 구조에 대한 높은 이해 on-premise 사이트 설치 및 운영 경험 보유 ‍ [면접 프로세스] 1차 실무 인터뷰 상황에 따라 온라인 or 오프라인으로 진행 됩니다. 2차 경영진 컬쳐핏 인터뷰 상황에 따라 추가 interview가 진행될 수 있습니다. ‍ [기타 안내] 시니어의 경우 레퍼런스 체크가 진행될 수 있습니다. 신입/경력 무관하게 수습기간 3개월이 적용됩니다 직군 Technical Solutions Engineer 지원구분 정규직 경력 경력 마감일 채용 시 마감 모집인원 0명 지원하기 지원하기","] 이런 분을 찾습니다. 컴퓨터 공학, 전자공학, 정보기술 또는 관련 분야에서 학사 학위 또는 해당 분야에서의 경험 기술적 문제 해결 능력과 창의력 고객과의 원활한 커뮤니케이션 능력 소프트웨어 및 하드웨어 구성 및 통합에 대한 기술적 이해 문제 분석 및 해결 능력 팀 내외에서의 협력과 지식 공유 능력 [","] ‍ 이런 분이면 더더욱 좋습니다. Linux 관련 지식 및 사용 경험 보유 Kubernetes 관련 지식 및 사용 경험 보유 서비스 시스템 구조에 대한 높은 이해 on-premise 사이트 설치 및 운영 경험 보유 ‍ [면접 프로세스] 1차 실무 인터뷰 상황에 따라 온라인 or 오프라인으로 진행 됩니다. 2차 경영진 컬쳐핏 인터뷰 상황에 따라 추가 interview가 진행될 수 있습니다. ‍ [기타 안내] 시니어의 경우 레퍼런스 체크가 진행될 수 있습니다. 신입/경력 무관하게 수습기간 3개월이 적용됩니다 직군 Technical Solutions Engineer 지원구분 정규직 경력 경력 마감일 채용 시 마감 모집인원 0명 지원하기 지원하기","","","","","정규직","","","","","active","2026-04-20T03:16:44.129875","2026-04-04T03:35:55.346387","True"
"174","166","스켈터랩스","Product Owner","https://www.skelterlabs.com/creer/product-manager","정규직 l 채용 시 마감 Product Owner 직군 Product Manager 지원구분 정규직 경력 경력 마감일 채용 시 마감 모집인원 0명 ‍ [주요 업무] 스켈터랩스의 Product Owner는 이런 역할을 합니다. 사용자 관점에서 새로운 가치를 발굴하여, 자사 및 고객사 비즈니스 성장으로 이어질 수 있는 제품을 정의합니다. 최우선 가치와 사용자 경험, 기술적 Feasibility를 종합적으로 고려한 산출물, 구현 방안과 로드맵을 설정합니다. 상세기획, 디자인, 개발, 검증, 운영까지 제품 라이프사이클 전반을 이끌고, 의사결정의 중심을 잡습니다. 제품 운영 중 데이터와 VoC를 수집하고, 이에 근거한 개선와 업그레이드를 지속합니다. 사업 제안, 마케팅 등에 활용될 문서나 콘텐츠 제작 과정을 지원합니다. 스켈터랩스의 제품들이 기반하고 있는 기술 및 분야입니다. LLM 기반 RAG, Agent NLP, STT, TTS, MRC(기계독해) 등 주요 User Interface: Chatbot, Voicebot, Bot Builder Back-office 등 ‍ [자격 요건] 이런 경험을 가진 분을 찾습니다. 10년 전/후의 시니어급 경험 기획-개발 역할에 국한 된 것이 아닌, 프로젝트 전체의 리딩 경험 완결성 있는 기획 역량 및 NLP/LLM 분야의 실무 경험 User Interface(웹/앱)에 대한 상위 구조 및 대표 화면 UX 설계 경험 → 디자이너와의 성공적인 협업 포함 ‍ [우대 사항] 이런 경험이 있다면 더 좋습니다. 새로운 기술에 대한 습득과 활용 능력이 좋은 분 SW 개발, UX, 콘텐츠 기획 등 유관 분야 실무 경험 생성형 AI 관련 Prompt engineering 경험 영문 자료 리서치, 의사소통이 가능하신 분 효율적이며 우호적인 커뮤니케이션 수행 역량 - 문서, 이메일, 슬랙 등의 협업 툴, 전화, 온/오프라인 회의 포함 ‍ [면접 프로세스] 1차 실무 인터뷰 2차 경영진 컬쳐핏 인터뷰 상황에 따라 추가 interview가 진행될 수 있습니다. 기타 안내 시니어의 경우 레퍼런스 체크가 진행될 수 있습니다. 신입/경력 무관하게 수습기간 3개월이 적용됩니다 ‍ ‍ 직군 Product Manager 지원구분 정규직 경력 경력 마감일 채용 시 마감 모집인원 0명 지원하기 지원하기","] 이런 경험을 가진 분을 찾습니다. 10년 전/후의 시니어급 경험 기획 개발 역할에 국한 된 것이 아닌, 프로젝트 전체의 리딩 경험 완결성 있는 기획 역량 및 NLP/LLM 분야의 실무 경험 User Interface(웹/앱)에 대한 상위 구조 및 대표 화면 UX 설계 경험 → 디자이너와의 성공적인 협업 포함 ‍ [","] 이런 경험이 있다면 더 좋습니다. 새로운 기술에 대한 습득과 활용 능력이 좋은 분 SW 개발, UX, 콘텐츠 기획 등 유관 분야 실무 경험 생성형 AI 관련 Prompt engineering 경험 영문 자료 리서치, 의사소통이 가능하신 분 효율적이며 우호적인 커뮤니케이션 수행 역량 - 문서, 이메일, 슬랙 등의 협업 툴, 전화, 온/오프라인 회의 포함 ‍ [면접 프로세스] 1차 실무 인터뷰 2차 경영진 컬쳐핏 인터뷰 상황에 따라 추가 interview가 진행될 수 있습니다. 기타 안내 시니어의 경우 레퍼런스 체크가 진행될 수 있습니다. 신입/경력 무관하게 수습기간 3개월이 적용됩니다 ‍ ‍ 직군 Product Manager 지원구분 정규직 경력 경력 마감일 채용 시 마감 모집인원 0명 지원하기 지원하기","","","","","정규직","","","","","active","2026-04-20T03:16:47.459455","2026-04-04T03:35:59.473746","True"
"175","166","스켈터랩스","Applied AI Technical Engineer (ML)","https://www.skelterlabs.com/creer/applied-ai-technical-engineer-ml","정규직 l 채용 시 마감 Applied AI Technical Engineer (ML) 직군 Applied AI Engineer 지원구분 정규직 경력 경력 마감일 채용 시 마감 모집인원 0명 [직무 소개] 향후 10년, 전 산업의 밸류체인은 AI Agent와 사람이 협업하는 형태로 재정의될 것입니다. Applied AI 프로젝트는 이러한 변화를 실현하기 위한 'AI Agent Build'와, 구축된 Agent를 지속적으로 진화시키는 'Ops'로 구성됩니다. 우리는 이 과정에서 단순한 기능 개발을 넘어, 고객의 비즈니스 문제를 기술적 해법으로 치환하고 끝까지 구현해내는 Applied AI Technical Engineer 를 찾습니다. 고객의 추상적인 요구사항을 구체적인 기술 스펙(Technical Spec)으로 구체화하고, 비즈니스와 기술 사이의 간극을 실제 작동하는 소프트웨어와 AI 모델로 메워주실 분을 기다립니다. ‍ [주요 업무] Build: AI Agent System 구현 및 최적화 From Abstract to Concrete: 고객의 추상적인 비즈니스 요구사항을 명확한 기술 스펙으로 전환하고, 이를 수행할 수 있는 AI Agent 아키텍처를 설계 및 개발합니다. Core Tech Implementation: Conversational AI(NLP/Speech) 및 RAG 기반 검색 기술을 활용하여 고성능 AI 모델과 백엔드 시스템을 구축합니다. Problem Solving with Tech: 프로젝트 현장에서 발생하는 다양한 기술적 난제를 비즈니스 임팩트 관점에서 해석하고, 최적의 기술 스택을 활용해 해결합니다. Ops: 지속 가능한 진화 및 운영 파이프라인 Continuous Evolution: 구축된 AI Agent가 시간이 지남에 따라 더 똑똑해질 수 있도록, 데이터 수집-학습-배포가 자동화된 파이프라인(MLOps)을 구축합니다. Reliability & Performance: AI 서비스의 안정적인 운영을 위한 모니터링 시스템을 설계하고, 모델의 응답 속도 및 품질을 지속적으로 개선합니다. Scale-up MVP: 프로젝트를 통해 검증된 핵심 기능을 재사용 가능한 모듈로 만들고, 향후 제품화(MVP)로 이어질 수 있는 확장성 있는 코드를 작성합니다. ‍ Field Work: 필요 시, 프로젝트 성공을 위한 고객사 파견 업무를 수행하여 현장의 문제를 직접 해결합니다 ‍ [자격 요건] 이런 분을 찾습니다 Engineering Foundation: 컴퓨터공학 관련 학위 또는 이에 준하는 실무 개발 경력을 보유하신 분 Implementation Skills: Python, TypeScript 등 백엔드 개발 능력과 Langgraph, Prompting 등 LLM 오케스트레이션 구현 역량을 보유하신 분 RAG & Search: Elasticsearch, Vector DB 등을 활용한 검색 시스템 및 RAG 아키텍처 구축 경험이 있는 분 Translation Capability: 비즈니스 요구사항을 이해하고, 이를 실제 구현 가능한 기술적 단위(Task)로 쪼개어 개발할 수 있는 분 Active Communication: PM 및 비즈니스 담당자와 긴밀히 소통하며, 기술적인 제약 사항이나 대안을 명확하게 설명할 수 있는 분 ‍ [우대 사항] 이런 분이면 더 좋겠어요 AI를 활용해 코드를 작성하고 대규모 Code Base를 분석해본 경험이 있는 분 IR(정보 검색) 또는 NLP(자연어 처리) 분야의 실무 혹은 연구 경험 3년 이상이신 분 (석·박사 우대) Kubernetes, MLFlow, Spark 등 대용량 데이터 처리 및 MLOps 환경 구축 경험이 있는 분 Top Tier 학회(NeurIPS, EMNLP 등) 논문 출판 경험이 있거나, 최신 AI 논문을 빠르게 코드로 구현(Reproduction) 할 수 있는 분 고객사 파견 업무나 B2B 솔루션 딜리버리 프로젝트에 참여해 본 경험이 있는 분 ‍ [면접 프로세스] 1차 실무 인터뷰 Google Docs와 Google Meet을 활용한 알고리즘 및 시스템 설계 라이브 코딩 테스트 2차 경영진 컬쳐핏 인터뷰 상황에 따라 추가 Interview가 진행될 수 있습니다. ‍ 기타 안내 시니어의 경우 레퍼런스 체크가 진행될 수 있습니다. 신입/경력 무관하게 수습기간 3개월이 적용됩니다 ‍ 직군 Applied AI Engineer 지원구분 정규직 경력 경력 마감일 채용 시 마감 모집인원 0명 지원하기 지원하기","] 이런 분을 찾습니다 Engineering Foundation: 컴퓨터공학 관련 학위 또는 이에 준하는 실무 개발 경력을 보유하신 분 Implementation Skills: Python, TypeScript 등 백엔드 개발 능력과 Langgraph, Prompting 등 LLM 오케스트레이션 구현 역량을 보유하신 분 RAG & Search: Elasticsearch, Vector DB 등을 활용한 검색 시스템 및 RAG 아키텍처 구축 경험이 있는 분 Translation Capability: 비즈니스 요구사항을 이해하고, 이를 실제 구현 가능한 기술적 단위(Task)로 쪼개어 개발할 수 있는 분 Active Communication: PM 및 비즈니스","] 이런 분이면 더 좋겠어요 AI를 활용해 코드를 작성하고 대규모 Code Base를 분석해본 경험이 있는 분 IR(정보 검색) 또는 NLP(자연어 처리) 분야의 실무 혹은 연구 경험 3년 이상이신 분 (석·박사 우대) Kubernetes, MLFlow, Spark 등 대용량 데이터 처리 및 MLOps 환경 구축 경험이 있는 분 Top Tier 학회(NeurIPS, EMNLP 등) 논문 출판 경험이 있거나, 최신 AI 논문을 빠르게 코드로 구현(Reproduction) 할 수 있는 분 고객사 파견 업무나 B2B 솔루션 딜리버리 프로젝트에 참여해 본 경험이 있는 분 ‍ [면접 프로세스] 1차 실무 인터뷰 Google Docs와 Google Meet을 활용한 알고리즘 및 시스템 설계 라이브 코딩 테스트 2차 경영진 컬쳐핏 인터뷰 상황에 따라 추가 Interview가 진행될 수 있습니다. ‍ 기타 안내 시니어의 경우 레퍼런스 체크가 진행될 수 있습니다. 신입/경력 무관하게 수습기간 3개월이 적용됩니다 ‍ 직군 Applied AI Engineer 지원구분 정규직 경력 경력 마감일 채용 시 마감 모집인원 0명 지원하기 지원하기","","","","","정규직","","","","","active","2026-04-20T03:16:50.600672","2026-04-04T03:36:02.935722","True"
"176","166","스켈터랩스","Applied AI Technical Engineer (Full Stack)","https://www.skelterlabs.com/creer/product-engineer","정규직 l 채용 시 마감 Applied AI Technical Engineer (Full Stack) 직군 Applied AI Engineer 지원구분 정규직 경력 경력 마감일 채용 시 마감 모집인원 0명 [직무 소개] 향후 10년, 전 산업의 밸류체인은 AI Agent와 사람이 협업하는 형태로 재정의될 것입니다. Applied AI 프로젝트는 이러한 변화를 실현하기 위한 'AI Agent Build'와, 구축된 Agent를 지속적으로 진화시키는 'Ops'로 구성됩니다. 우리는 이 과정에서 단순한 기능 개발을 넘어, 고객의 비즈니스 문제를 기술적 해법으로 치환하고 끝까지 구현해내는 Applied AI Technical Engineer 를 찾습니다. 고객의 추상적인 요구사항을 구체적인 기술 스펙(Technical Spec)으로 구체화하고, 비즈니스와 기술 사이의 간극을 실제 작동하는 웹 서비스와 애플리케이션 으로 메워주실 분을 기다립니다. ‍ [주요 업무] End-to-End Product Development 기획부터 배포까지주도: 제품의 기능 단위(Feature)를 기획 단계부터 개발, 배포까지 주도적으로 수행하며, ""왜 만드는가""에 대한 본질적인 고민을 함께합니다. Full Stack Implementation: 백엔드(Server), 프론트엔드(Web/App), 클라우드 인프라를 아우르는 전방위적인 개발을 통해 유연하고 안정적인 서비스를 구현합니다. User Experience Optimization: 사용자 경험(UX) 최적화를 위해 Feature 운영 및 모니터링 도구를 설계하고, 데이터를 기반으로 제품을 개선합니다. Collaboration & Operation AI & Infra Collaboration: 머신러닝 엔지니어 및 인프라 엔지니어와 긴밀히 협업하여, AI 모델이 실제 서비스에서 원활하게 동작하도록 연결합니다. Cross-functional Teamwork: PM, 디자이너, 마케터 등 비개발 직군과 적극적으로 소통하며 비즈니스 목표를 달성하는 제품을 만듭니다. Ops Tools: 서비스 및 시스템의 관리/운영 효율화를 위한 내부 도구를 개발하고 도입합니다. Field Work: 필요 시, 프로젝트 성공을 위한 고객사 파견 업무를 수행하여 현장의 문제를 직접 해결합니다 ‍ [자격 요건] 이런 경험을 가진 분을 찾습니다. 학력/전공: 컴퓨터공학 학사 이상의 학력 또는 이에 준하는 실무 경력을 보유하신 분 Language/Framework : 특정 언어나 프레임워크에 종속되지 않고, 서버 및 웹 클라이언트 개발의 핵심 개념(요청/응답 모델, 상태 관리, 비동기 처리, 에러 핸들링 등)을 이해하고 이를 코드로 구현할 수 있는 분 React, Vue 등 최신 모바일/웹앱 UI 프레임워크에 대한 이해 및 사용 경험 또는 최신 서버 프레임워크 기반의 아키텍처 설계 및 개발 경험 Database: RDBMS 및 NoSQL 등 데이터베이스 전반에 대한 이해와 실무 사용 경험이 있는 분 Collaboration Tools: Git 등 분산 버전 관리 시스템을 활용한 협업에 익숙하신 분 Mindset: 단순 구현을 넘어 ""이 제품이 왜 만들어지는가?""에 대해 끊임없이 고민하고 답을 찾는 개발자 ‍ [우대 사항] 이런 경험이 있다면 더 좋습니다. 컴퓨터공학 관련 석사 이상의 학위를 보유하신 분 상용 서비스를 기획부터 론칭, 운영까지 전체 사이클을 경험해보신 분 반응형 디자인, 웹 접근성, 웹 표준을 고려한 고품질의 UI 개발 경험이 있는 분 MySQL, PostgreSQL, MongoDB, Redis 등 다양한 DB 시스템을 목적에 맞게 능숙하게 활용할 수 있는 분 AWS, GCP 등 클라우드 인프라 설계 및 운영 경험이 있거나, Docker/Kubernetes 기반의 컨테이너 환경에 대한 높은 이해도를 가지신 분 고객사 파견 업무나 B2B 솔루션 딜리버리 프로젝트에 참여해 본 경험이 있는 분 ‍ [면접 프로세스] 서류 전형 1차 실무 인터뷰 Google Docs와 Google Meet을 활용한 알고리즘 및 시스템 설계 라이브 코딩 테스트 2차 경영진 컬쳐핏 인터뷰 상황에 따라 추가 Interview가 진행될 수 있습니다. 최종 합격 [기타 안내] 시니어의 경우 레퍼런스 체크가 진행될 수 있습니다. 신입/경력 무관하게 수습기간 3개월이 적용됩니다 ‍ 직군 Applied AI Engineer 지원구분 정규직 경력 경력 마감일 채용 시 마감 모집인원 0명 지원하기 지원하기","] 이런 경험을 가진 분을 찾습니다. 학력/전공: 컴퓨터공학 학사 이상의 학력 또는 이에 준하는 실무 경력을 보유하신 분 Language/Framework : 특정 언어나 프레임워크에 종속되지 않고, 서버 및 웹 클라이언트 개발의 핵심 개념(요청/응답 모델, 상태 관리, 비동기 처리, 에러 핸들링 등)을 이해하고 이를 코드로 구현할 수 있는 분 React, Vue 등 최신 모바일/웹앱 UI 프레임워크에 대한 이해 및 사용 경험 또는 최신 서버 프레임워크 기반의 아키텍처 설계 및 개발 경험 Database: RDBMS 및 NoSQL 등 데이터베이스 전반에 대한 이해와 실무 사용 경험이 있는 분 Collaboration Tools: Git 등 분산 버전 관리 시스템을 활용한 협업에 익숙하신 분 Mindset: 단순 구현을 넘어 ""이 제품이 왜 만들어지는가?""에 대해 끊임없이 고민하고 답을 찾는 개발자 ‍ [","] 이런 경험이 있다면 더 좋습니다. 컴퓨터공학 관련 석사 이상의 학위를 보유하신 분 상용 서비스를 기획부터 론칭, 운영까지 전체 사이클을 경험해보신 분 반응형 디자인, 웹 접근성, 웹 표준을 고려한 고품질의 UI 개발 경험이 있는 분 MySQL, PostgreSQL, MongoDB, Redis 등 다양한 DB 시스템을 목적에 맞게 능숙하게 활용할 수 있는 분 AWS, GCP 등 클라우드 인프라 설계 및 운영 경험이 있거나, Docker/Kubernetes 기반의 컨테이너 환경에 대한 높은 이해도를 가지신 분 고객사 파견 업무나 B2B 솔루션 딜리버리 프로젝트에 참여해 본 경험이 있는 분 ‍ [면접 프로세스] 서류 전형 1차 실무 인터뷰 Google Docs와 Google Meet을 활용한 알고리즘 및 시스템 설계 라이브 코딩 테스트 2차 경영진 컬쳐핏 인터뷰 상황에 따라 추가 Interview가 진행될 수 있습니다. 최종 합격 [기타 안내] 시니어의 경우 레퍼런스 체크가 진행될 수 있습니다. 신입/경력 무관하게 수습기간 3개월이 적용됩니다 ‍ 직군 Applied AI Engineer 지원구분 정규직 경력 경력 마감일 채용 시 마감 모집인원 0명 지원하기 지원하기","","","","","정규직","","","","","active","2026-04-20T03:16:53.754985","2026-04-04T03:36:06.176865","True"
"177","166","스켈터랩스","Applied AI QA Engineer","https://www.skelterlabs.com/creer/applied-ai-assurance-operations","정규직 l 채용 시 마감 Applied AI QA Engineer 직군 Technical Solutions Engineer 지원구분 정규직 경력 경력 마감일 채용 시 마감 모집인원 0 ‍ [직무소개] 향후 10년 동안 전 산업의 밸류체인이 재정의되며, AI 에이전트(AI Agent)와 사람이 적정 비율로 협업하는 업무 환경이 일상화될 것입니다. 스켈터랩스의 B2B 프로젝트는 이러한 거대한 변화를 이끄는 'AI 에이전트 구축(Build)'과, 도입된 AI를 고객사 환경에 맞춰 지속적으로 진화시키는 '운영(Ops)' 과정으로 구성됩니다. 본 포지션은 고객사의 복잡한 비즈니스 시스템에 AI가 성공적으로 안착할 수 있도록, 시스템 전반의 안정성과 AI 모델의 신뢰성을 동시에 책임지는 핵심적인 QA 역할입니다. 단순한 기능 테스트를 넘어 두 가지 차원의 깊이 있는 품질 검증을 주도합니다. ‍ • B2B 시스템 품질 보증: 고객사 맞춤형 인프라 환경에서 연동부터 E2E 시나리오까지 시스템 전체의 무결성을 검증합니다. • AI 에이전트 신뢰성 확보 (Assurance): 생성형 AI가 기획 의도대로 정확하게 답변하고(Alignment), 기업 환경에서 안전하게 동작하며(Trust/Safety), 지속적인 인간 피드백(HITL)을 통해 똑똑해지도록 조율합니다. 잠재된 리스크를 찾아내는 레드팀 활동을 포함하여 AI 프로젝트의 완성도를 극대화합니다. ‍ 빠르게 발전하는 AI 기술을 엔터프라이즈 환경에 가장 안정적으로 연결하는 다리 역할을 하며, 차세대 QA 엔지니어로 성장할 수 있는 이 여정에 함께할 분을 기다립니다. ‍ [주요 업무] • B2B 프로젝트 E2E 시나리오 검증 고객사 시스템 연동부터 AI 모델 적용, 대시보드 시각화까지 전 구간의 통합 시나리오를 검증합니다. 고객사별 다양한 인프라 환경(On-premise, Cloud, Linux, Kubernetes 등)에서의 시스템 호환성 및 안정성을 테스트합니다. • 시스템 연동 이슈 탐지 및 체계적 관리 데이터 파이프라인 오류, 시스템 연동 장애, UI/UX 결함 등 B2B 고객 관점의 크리티컬한 이슈를 발굴하고 재현합니다. 로그 분석 및 환경 정보를 바탕으로 이슈를 체계화하여 트래킹 시스템(Jira 등)에 등록하고 추적합니다. • 성공적인 프로젝트 납품을 위한 전방위적 협업 발견된 이슈의 우선순위를 정의하고, 고객사 환경에 맞춘 에러 메시지 개선이나 가이드 보완 등 구체적인 해결책을 제안합니다. PM, 제품/개발 팀과 긴밀히 소통하여 프로젝트 납기 내 품질 지표를 관리하고 성공적인 시스템 구축을 지원합니다. • 테스트 설계 및 자동화 B2B 고객사의 요구사항(RFP/WBS)에 기반한 테스트 체크리스트를 설계하고, 반복적인 회귀 검증을 위한 자동화(스크립트/도구)를 추진합니다. • AI 서비스 품질 보증 및 운영 (Assurance Operations) 프롬프트/RAG 기반 답변 품질 검증, AI 모델 결과 값의 신뢰성 확인, 취약점 점검을 위한 레드팀 활동 및 예외 케이스 분석 등 생성형 AI 서비스의 전반적인 품질을 보증합니다. ‍ [자격 요건] 이런 경험을 가진 분을 찾습니다. 엔터프라이즈 소프트웨어, SaaS 또는 AI 기반 B2B SI 프로젝트 QA 및 품질 검증 경험 3년 이상 고객사 요구사항 분석 및 복잡한 B2B 시스템 연동 구조에서의 E2E 시나리오 검증 능력 정교한 버그 리포트 작성 및 이슈 트래킹 도구(Jira, GitHub Issues 등) 활용 능력 ‍ Infra: AWS(EC2) 등 퍼블릭 클라우드 또는 Kubernetes 기반 컨테이너 환경에 대한 이해 및 기본 구성 능력 Tool: Git, 브라우저 개발자 도구 활용 역량 및 API 테스트 도구(Postman 등) 활용 능력 ‍ [우대 사항] 이런 경험이 있다면 더 좋습니다. LLM, RAG 등 AI 기술이 접목된 B2B 시스템 또는 엔터프라이즈 솔루션 구축 프로젝트 검증 경험 고객사 폐쇄망(On-premise) 및 다양한 서버 환경(Windows Server, Docker, GCP, Azure 등)에서의 배포 및 검증 경험 Python, Shell Script, Selenium, Playwright 등을 활용한 테스트 자동화 프레임워크 구축 경험 B2B 고객 대상의 운영자 가이드, 설치 매뉴얼 또는 트러블슈팅 문서 작성 및 개선 경험 이슈 유형별 데이터 분석을 통한 프로젝트별 품질 지표 관리 역량 ‍ [면접 프로세스] 1차 실무 인터뷰 상황에 따라 온라인 or 오프라인으로 진행 됩니다. 2차 경영진 컬쳐핏 인터뷰 상황에 따라 추가 interview가 진행될 수 있습니다. ‍ [기타 안내] 시니어의 경우 레퍼런스 체크가 진행될 수 있습니다. 신입/경력 무관하게 수습기간 3개월이 적용됩니다 ‍ ‍ 직군 Technical Solutions Engineer 지원구분 정규직 경력 경력 마감일 채용 시 마감 모집인원 0 지원하기 지원하기","] 이런 경험을 가진 분을 찾습니다. 엔터프라이즈 소프트웨어, SaaS 또는 AI 기반 B2B SI 프로젝트 QA 및 품질 검증 경험 3년 이상 고객사 요구사항 분석 및 복잡한 B2B 시스템 연동 구조에서의 E2E 시나리오 검증 능력 정교한 버그 리포트 작성 및 이슈 트래킹 도구(Jira, GitHub Issues 등) 활용 능력 ‍ Infra: AWS(EC2) 등 퍼블릭 클라우드 또는 Kubernetes 기반 컨테이너 환경에 대한 이해 및 기본 구성 능력 Tool: Git, 브라우저 개발자 도구 활용 역량 및 API 테스트 도구(Postman 등) 활용 능력 ‍ [","] 이런 경험이 있다면 더 좋습니다. LLM, RAG 등 AI 기술이 접목된 B2B 시스템 또는 엔터프라이즈 솔루션 구축 프로젝트 검증 경험 고객사 폐쇄망(On-premise) 및 다양한 서버 환경(Windows Server, Docker, GCP, Azure 등)에서의 배포 및 검증 경험 Python, Shell Script, Selenium, Playwright 등을 활용한 테스트 자동화 프레임워크 구축 경험 B2B 고객 대상의 운영자 가이드, 설치 매뉴얼 또는 트러블슈팅 문서 작성 및 개선 경험 이슈 유형별 데이터 분석을 통한 프로젝트별 품질 지표 관리 역량 ‍ [면접 프로세스] 1차 실무 인터뷰 상황에 따라 온라인 or 오프라인으로 진행 됩니다. 2차 경영진 컬쳐핏 인터뷰 상황에 따라 추가 interview가 진행될 수 있습니다. ‍ [기타 안내] 시니어의 경우 레퍼런스 체크가 진행될 수 있습니다. 신입/경력 무관하게 수습기간 3개월이 적용됩니다 ‍ ‍ 직군 Technical Solutions Engineer 지원구분 정규직 경력 경력 마감일 채용 시 마감 모집인원 0 지원하기 지원하기","","","","","정규직","","","","","active","2026-04-20T03:16:57.096714","2026-04-04T03:36:09.577634","True"
"178","166","스켈터랩스","Applied AI Project Manager (PM)","https://www.skelterlabs.com/creer/applied-ai-project-manager-pm","] End to End 프로젝트 리딩 고객 니즈 분석부터 PoC(개념 증명), 본 구축, Go live(오픈)까지 프로젝트 전 라이프사이클 총괄 프로젝트 범위(Scope), 일정, 리소스, 품질을 통합 관리하여 목표 달성 고객과 value 기반 소통 & 기대치 관리 기술 비즈니스 허브(Hub) 역할 복잡한 AI 기술 개념을 비즈니스 언어로 번역하여 고객과 소통(설득/협상) 고객의 요구사항을 명확한 기술 요건으로 정리하여 개발팀에 전달 및 조율고객의 요건들 중에서 우선순위를 정해서 QCD를 지킬 수 있도록 고객 기대치 관리 기술 타당성 및 리스크 관리 프로젝트 초기 기술적 실현 가능성 검토 잠재된 기술적 리스크를 사전에 식별하고, 대안을 제시하여 이슈 방어 전략적 실행 관리 전략적 Account 관리 및 후속사업 영업 참여한 프로젝트 고객 관계 관리 및 후속 구축 & Ops 사업 영업 주도Applied AI 기술 제안 전략 수립 및 제안서 작성 리딩 경쟁 프레젠테이션 참여 및 기술적 질의응답 대응 [","] 이런 경험을 가진 분을 찾습니다. IT/ DT/ AI 전략 수립 관련 컨설팅 3년 이상 프로젝트 관리 경력 5년 이상 (IT, SI, SW 개발 프로젝트 PM 수행 경험) AI/ML 기술 및 개발 프로세스에 대한 높은 이해도 엔지니어/개발자와 기술적 용어로 막힘없는 소통이 가능한 분 제안 및 문서화(Documentation) 역량 보유자 고객 제출용 제안서(PPT) 및 산출물 작성, 경쟁 PT 수행 경험 Agile/Scrum 방법론에 대한 이해 및 Jira, Confluence 등 협업 툴 능숙자 ‍ [","] 이런 분이면 더 좋겠어요 컨설팅 펌 또는 SI 기업 재직 경험: IT 컨설팅 펌이나 SI 전문 기업에서 체계적인 프로젝트 방법론을 경험해보신 분 고객사 상주(On-site) 프로젝트 수행 경험: 대기업/금융/공공 등 고객사 현장에서 상주하며 프로젝트를 성공적으로 완수한 경험이 있는 분 개발자 출신 또는 공학 계열 전공자: 컴퓨터공학 전공 또는 개발(Back-end, AI 모델링 등) 경력이 있어 기술적 이해도가 높은 분 개발자에게 무리한 일정을 강요하는 것이 아니라, 기술적 난이도를 이해하고 합리적인 대안을 제시할 수 있는 분 고객사의 까다로운 요구사항 앞에서도 당황하지 않고, 논리적으로 설득하고 협상할 수 있는 비즈니스 매너를 갖춘 분 ‍ [면접 프로세스] 1차 실무 인터뷰 상황에 따라 온라인 or 오프라인으로 진행 됩니다. 2차 경영진 컬쳐핏 인터뷰 상황에 따라 추가 interview가 진행될 수 있습니다. ‍ [기타 안내] 시니어의 경우 레퍼런스 체크가 진행될 수 있습니다. 신입/경력 무관하게 수습기간 3개월이 적용됩니다 ‍ 직군 Applied AI PM 지원구분 정규직 경력 경력 마감일 채용 시 마감 모집인원 0 지원하기 지원하기","","","","","정규직","","","","","active","2026-04-20T03:17:00.258208","2026-04-04T03:36:12.935392","True"
"179","170","뷰노","Our People","https://www.vuno.co/en/career",", Challenge We own it VUNO gives members autonomy. We all take the initiative and deal with ambiguity boldly. Based on this, we can lower uncertainty and overcome difficulties. 01. Manage through ambiguity. We are pioneering a new frontier. There's a lot of ambiguity in it. We identify and manage this ambiguity. 02. Proactively do your best with autonomy and responsibility. Leaders actively delegate authority to members. We take responsibility and hold ourselves based on autonomy. 03. Continue the challenge. We embrace challenges and push ourselves. We can continue to challenge and achieve bigger goals. Expertise, Communication, Efficiency We are extraordinary Vuno is made up of experts in each field. We all share our expertise, express our opinions, and create an open culture. 04. Be the best - we are experts in our industry. Our expertise is based on “We are experts in our industry."" Expertise can be exercised when thinking logically and systematically based on data, exploring and actively practicing alternatives. 05. Communicate clearly with others. When communicating, explain the purpose, method, and deadline of the work concisely and smoothly. Explain the background and context of the issue so that we can understand it at the same level. It takes effort to derive a consensus, but as a result, we can solve the problem together. 06. Do things efficiently. We boldly and quickly eliminate unnecessary procedures and forms and avoid unnecessary hierarchies. Contribution, Collaboration, Growth We win together The ultimate goal of Vuno is ""To improve quality of life for mankind"". This can be achieved when we are all heading for the same destination. We believe that when we are together, not alone, we can take great steps. 07. Contribute to achieving our ‘Mission’ and ‘Vision’. Our goal is to achieve our 'Mission' and 'Vision'. This allows us to move in the same direction. 08. Continuous development and growth. We actively acquire the knowledge and skills needed for work. We share our knowledge and know-how with each other, so we all pursue to grow together. 09. Be considerate and cooperative. Successful collaboration begins with mutual respect and consideration. We achieve more by embracing our uniqueness to develop a more inclusive culture. OK Cancel OK Please enter a prompt OK Close Submit Inquiries Thanks for your interest in VUNO solutions! For inquiries regarding product, sales or technical support, please fill out the form below and we will get back to you at soonest possible. First Name Last Name Country Afghanistan Albania Algeria American Samoa Andorra Angola Anguilla Antarctica Antigua and Barbuda Argentina Armenia Aruba Australia Austria Azerbaijan Bahamas Bahrain Bangladesh Barbados Belarus Belgium Belize Benin Bermuda Bhutan Bolivia Bosnia and Herzegovina Botswana Brazil British Indian Ocean Territory British Virgin Islands Brunei Bulgaria Burkina Faso Burundi Cambodia Cameroon Canada Cape Verde Cayman Islands Central African Republic Chad Chile China Christmas Island Cocos Islands Colombia Comoros Cook Islands Costa Rica Croatia Cuba Curacao Cyprus Czech Republic Democratic Republic of the Congo Denmark Djibouti Dominica Dominican Republic East Timor Ecuador Egypt El Salvador Equatorial Guinea Eritrea Estonia Ethiopia Falkland Islands Faroe Islands Fiji Finland France French Polynesia Gabon Gambia Georgia Germany Ghana Gibraltar Greece Greenland Grenada Guam Guatemala Guernsey Guinea Guinea-Bissau Guyana Haiti Honduras Hong Kong Hungary Iceland India Indonesia Iran Iraq Ireland Isle of Man Israel Italy Ivory Coast Jamaica Japan Jersey Jordan Kazakhstan Kenya Kiribati Kosovo Kuwait Kyrgyzstan Laos Latvia Lebanon Lesotho Liberia Libya Liechtenstein Lithuania Luxembourg Macau Macedonia Madagascar Malawi Malaysia Maldives Mali Malta Marshall Islands Mauritania Mauritius Mayotte Mexico Micronesia Moldova Monaco Mongolia Montenegro Montserrat Morocco Mozambique Myanmar Namibia Nauru Nepal Netherlands Netherlands Antilles New Caledonia New Zealand Nicaragua Niger Nigeria Niue North Korea Northern Mariana Islands Norway Oman Pakistan Palau Palestine Panama Papua New Guinea Paraguay Peru Philippines Pitcairn Poland Portugal Puerto Rico Qatar Republic of the Congo Reunion Romania Russia Rwanda Saint Barthelemy Saint Helena Saint Kitts and Nevis Saint Lucia Saint Martin Saint Pierre and Miquelon Saint Vincent and the Grenadines Samoa San Marino Sao Tome and Principe Saudi Arabia Senegal Serbia Seychelles Sierra Leone Singapore Sint Maarten Slovakia Slovenia Solomon Islands Somalia South Africa South Korea South Sudan Spain Sri Lanka Sudan Suriname Svalbard and Jan Mayen Swaziland Sweden Switzerland Syria Taiwan Tajikistan Tanzania Thailand Togo Tokelau Tonga Trinidad and Tobago Tunisia Turkey Turkmenistan Turks and Caicos Islands Tuvalu U.S. Virgin Islands Uganda Ukraine United Arab Emirates United Kingdom United States Uruguay Uzbekistan Vanuatu Vatican Venezuela Vietnam Wallis and Futuna Western Sahara Ye","; using application materials for resume screening and interviews; and maintaining a talent database for future opportunities Required name, phone number, email 3 years from the date of application submission Optional date of birth, mailing address, cover letter, resume/CV, education history, photograph, video, certifications or licenses, employment history, portfolio, detailed work experience statement, position applied for, desired salary, most recent salary, references, source of application, and any other information voluntarily entered or uploaded by the applicant (including via attachments) that may identify the individual [Company-Hosted Events] Event Registration Event administration and participant communications Required name (in Korean and/or English), affiliated organization, contact information, email address 90 days from the event end date Administration of and related communications for VUNO-hosted events Optional name (Korean and/or English), affiliated organization, contact information, email address 5 years from the date of consent [Advisory] Medical Advisory Services Verification of advisory board member identity and payment of advisory fees Required name, date of birth, affiliated organization, contact information, email address, bank account number, advisory service date, and advisory fee amount 5 years from the date of collection Evaluating future advisory engagements and conducting product-related marketing activities Optional photograph, education history, employment history, research experience, fax number [Government-Funded Projects] Performance of National R&D Projects Submission of required documentation for the performance of government-funded R&D projects Required name, affiliated organization, email address, contact information, education history, graduation year For the period specified in the applicable National R&D Project RFP (which may vary by project) [Clinical Trials] Records and Documentation Relating to the Conduct of Clinical Trials Verification of researcher qualifications Required name, title, position, phone number, email address, resume/CV (education history, employment history, license number, training records, clinical trial participation information) 3 years from the date of completion of the clinical trial; if separate consent has been obtained, for the period specified in the applicable Personal Information Collection and Use Consent Form (which may vary by study) Collection of clinical trial data Required age, gender, and other subject clinical information (which may vary by study) [VUUC] User Management Service Administration and management of users of VUNO products Required affiliated institution, name, email address Until the service is terminated Optional phone number, address [Hativ Care] Account Registration Account registration; measurement and analysis; processing of service applications and consultation activities; and scientific research purposes Required name, phone number, encrypted u","","ing, Categories of Personal Information Collected, and Retention Period When the Company processes Personal Information, it provides advance notice of the purpose of collection, categories of Personal Information collected, and applicable retention period through this Privacy Policy and/or a separate Notice and Consent Form, in accordance with applicable data protection laws. The Company may collect and use Personal Information where one or more of the following legal bases applies, and will process such information solely within the scope of the disclosed purpose: Where the individual has provided prior affirmative consent; Where processing is required or expressly permitted by applicable law, or is necessary to comply with a legal obligation; Where processing is necessary to perform a contract with the individual, or to take steps at the individual’s request prior to entering into a contract; Where processing is necessary to protect the vital interests of the individual or another person in an emergency situation involving imminent risk to life, health, or property; Where processing is necessary for the Company’s legitimate business interests and such interests are not overridden by the individual’s rights and freedoms; or Where processing is urgently required to protect public health, public safety, or other significant public interests. The Company processes Personal Information for the following purposes and categories: Category Purpose Required/Optional Categories of Personal Information Collected Retention Period [VUNO Website] Submit Inquiries Responding to inquiries, handling complaints, and managing disputes Required Name, region, affiliated organization, job title, phone number; email address, country of affiliation, and inquiry details 3 years from the date the inquiry is submitted Sending newsletters and providing promotional information about the Company’s products, services, and events Optional email address 3 years from the date of consent [Hativmall] Account Registration Performance of a contract for the provision of services, billing and payment processing, and account administration Required Name, date of birth, login ID, email address, password, payment information, and nationality (if a foreign national) Until the account is deleted or membership is terminated Required [Unique Identifiers] foreigner registration number (e.g., alien registration number or passport number), if applicable to foreign nationals Marketing and Advertising Optional email address, phone number Performance of a Contract for Service Provision and Account Administration Optional phone number, address [VUNO Careers] Apply for a Job Posting Providing recruitment-related communications and notices; contacting applicants regarding the recruitment process and use of the careers website; evaluating candidate qualifications; using application materials for resume screening and interviews; and maintaining a talent database for future opportunities Required name, phone number, email 3 years from the date of application submission Optional date of birth, mailing address, cover letter, resume/CV, education history, photograph, video, certifications or licenses, employment history, portfolio, detailed work experience statement, position applied for, desired salary, most recent salary, references, source of application, and any other information voluntarily entered or uploaded by the applicant (including via attachments) that may identify the individual [Company-Hosted Events] Event Registration Event administration and participant communications Required name (in Korean and/or English), affiliated organization, contact information, email address 90 days from the event end date Administration of and related communications for VUNO-hosted events Optional name (Korean and/or English), affiliated organization, contact information, email address 5 years from the date of consent [Advisory] Medical Advisory Services Verification of advisory board member identity and payment of advisory fees Required name, date of birth, affiliated organization, contact information, email address, bank account number, advisory service date, and advisory fee amount 5 years from the date of collection Evaluating future advisory engagements and conducting product-related marketing activities Optional photograph, education history, employment history, research experience, fax number [Government-Funded Projects] Performance of National R&D Projects Submission of required documentation for the performance of government-funded R&D projects Required name, affiliated organization, email address, contact information, education history, graduation year For the period specified in the applicable National R&D Project RFP (which may vary by project) [Clinical Trials] Records and Documentation Relating to the Conduct of Clinical Trials Verification of researcher qualifications Required name, title, position, phone number, email address, resume/CV (education history,","","","","정규직","","","","","active","2026-04-14T12:56:20.778954","2026-04-04T03:36:36.179447","True"
"180","171","루닛","AI로 암 정복에 도전하는 팀","https://www.lunit.io/ko/careers","투자 정보 채용 정보 English ( 영어 ) 한국어 영상진단 AI 영상진단 유방암 › 폐 질환 › 루닛 인사이트 MMG 루닛 인사이트 DBT 루닛 인사이트 CXR 정밀의료 AI 종양 조직 정밀분석 라이브러리 다운로드 센터 학술자료 회사 소개 회사 소개 테크놀로지 팀 문화 미디어 센터 지속가능성 거버넌스 영상진단 정밀의료 라이브러리 회사 소개 채용 정보 BACK AI 영상진단 유방암 폐 질환 BACK 루닛 인사이트 MMG 루닛 인사이트 DBT BACK 루닛 인사이트 CXR BACK AI 종양 조직 정밀분석 BACK 다운로드 센터 학술자료 BACK 회사 소개 테크놀로지 팀 문화 미디어 센터 지속가능성 거버넌스 문의하기 English ( 영어 ) 한국어 AI로 암 정복에 도전하는 팀 루닛에 합류하세요 루닛은 AI로 암 진단과 치료의 기준을 바꾸고 있습니다. 당신의 열정과 전문성이 혁신을 앞당기는 힘이 됩니다. 채용 공고 보기 루닛에서 일하는 것이 즐거운 이유 루닛의 핵심가치 알아보기 몰입할 수 있는 환경에서 일합니다. 최신형 장비 지원 입사 시 최신 사양의 컴퓨터 장비(Mac, 4K 모니터 등)를 선택할 수 있고, 3년마다 교체를 지원해요. 장기 근속 포상 - 포상금 400만원, 리프레시 휴가 2주 열심히 일했으면 제대로 쉬어야죠. 함께, 즐겁게 일합니다. 점심/저녁/간식지원 든든히 먹고, 제대로 일해요. 송년회 한 해 동안 수고한 루니션들을 위한 특별한 연말 파티를 열어요. 복지포인트 연간 120만원 지원 원하는 곳, 필요한 곳에 쓰는 기쁨을 누려요. 성장하며 일합니다. 훌륭한 동료 동료로부터 배우고, 서로에게 동기부여가 돼요. 루니버셜 영어가 생활인 루닛, 업무 중에 틈틈이 영어 수업을 들어요. 사내 세미나 배운 것을 나누며 함께 성장해요. 학회 참석, 교육비, 도서 구입비 나의 성장이 곧 루닛의 성장, 배움에 한계를 두지 않아요. * 서울 오피스 기준이며, 오피스 위치에 따라 상이할 수 있습니다. 루닛은 적극 채용 중 직무 직군 근무지 Medical Director - Precision Oncology Medical Affairs Seoul (On-site) 채용 바로가기 Senior Applied Research Scientist - Precision Oncology Research Seoul (On-site) 채용 바로가기 Technical Service Engineer - Cancer Screening Engineering Seoul (On-site) 채용 바로가기 모든 공고 보기 적합한 포지션이 없어도 걱정 마세요. 인재풀에 등록하시면 신규 포지션이 열릴 때 우선 검토하여 연락 드리겠습니다. ( 인재풀 ) 루니션 인터뷰 루닛 팀 블로그 “루닛은 저로서 존재할 수 있는 회사에요. 저만의 개성을 마음껏 표현해도, 동료들이 진심으로 인정하고 존중해 줘요. 따뜻한 분위기 속에서 서로 다른 의견을 자유롭게 주고받고, 솔직하고 치열하게 논의할 수 있다는 점이 좋아요.” 황석환 님 Platform Team “여러 조직에서 일해봤지만, 루닛만큼 도전정신, AI, 그리고 다양한 배경을 가진 멋진 동료들이 공존하는 곳은 없었어요.” Livi 님 Head of Software Quality Assurance, NZ “루닛에 입사 후 처음으로 ‘아! 이것이 동기부여구나’를 느꼈습니다. 여러 가지 시도를 해볼 기회가 많지 않아 성장에 한계를 느꼈던 제가 배우고, 도전하고, 제 성장을 지켜보는 재미를 알게 됐거든요.” 조경식 님 Lunit Japan “과학을 전공한 입장에서, 루닛의 암을 정복하겠다는 목표와 과학적 접근법에 자연스럽게 이끌렸어요.” Penny 님 Software Engineer, NZ","","","","교육비, 도서구입비, 컨퍼런스참가비","","서울","","400만원","","","","active","2026-04-14T12:56:13.684176","2026-04-04T03:36:59.791733","True"
"181","173","바이브컴퍼니니","바이브컴퍼니 ㅣ Agent Makers","https://www.vaiv.kr/recruit/recruitmentWelfare","기업정보 회사소개 연혁 주요 고객사 투자정보 문의하기 오시는 길 연구소 핵심기술 AI·데이터연구소 비즈니스 VAIV Solution VAIV Service 홍보센터 공지사항 보도자료 홍보영상 블로그 채용정보 채용공고 채용안내 복지제도 파트너 복지제도 바이브는 직원들의 업무 능률을 향상시키기 위한 다양한 복지 정책을 시행하고 있습니다. 소소한 행복 을 선사합니다. 매일 아침 간식과 음료 제공 복지포인트 제공 매월 회식비 지원 경조사비 지원 건강한 삶 을 책임집니다. 연 1회 종합 건강검진 지원 의료비 지원 역량 강화 와 성장 을 지원합니다. 도서 구입비 지원 교육비 지원 학자금 지원 내일채움공제 지원 일과 삶의 균형 을 지향합니다. 안식휴가 제공 법인콘도 지원 패밀리사이트 VAIV AI 플랫폼 VAIV Stock Data + 썸트렌드 WHOTAG (주)바이브컴퍼니 | 대표자 김경서 | 사업자등록번호 120-86-08334 서울특별시 용산구 독서당로 97 | Tel 02-565-0531 | Mail Biz@vaiv.kr 공익신고제보 helpvaiv@vaiv.kr 개인정보 처리방침","","","","건강검진, 경조사비, 교육비, 도서구입비, 식대","","서울","","","","","","active","2026-04-14T12:57:25.478691","2026-04-04T03:37:16.226308","True"
"182","173","바이브컴퍼니니","바이브컴퍼니 ㅣ Agent Makers","https://www.vaiv.kr/recruit/recruitmentNoticelist","기업정보 회사소개 연혁 주요 고객사 투자정보 문의하기 오시는 길 연구소 핵심기술 AI·데이터연구소 비즈니스 VAIV Solution VAIV Service 홍보센터 공지사항 보도자료 홍보영상 블로그 채용정보 채용공고 채용안내 복지제도 파트너 채용공고 바이브의 문은 인재들을 향해 언제나 열려있습니다. 바이브와 함께 세상을 리딩할 인재를 모집합니다. 현재 총 개의 채용 공고가 있습니다. 전체 신입 경력 인턴 계약직 패밀리사이트 VAIV AI 플랫폼 VAIV Stock Data + 썸트렌드 WHOTAG (주)바이브컴퍼니 | 대표자 김경서 | 사업자등록번호 120-86-08334 서울특별시 용산구 독서당로 97 | Tel 02-565-0531 | Mail Biz@vaiv.kr 공익신고제보 helpvaiv@vaiv.kr 개인정보 처리방침","","","","","","서울","계약직","","","","","active","2026-04-04T03:37:31.863788","2026-04-04T03:37:31.863808","True"
"183","174","래블업","같이 하실래요?","https://www.lablup.com/ko/careers","같이 하실래요? 우리는 누구나 AI를 쉽게 다룰 수 있는 세상을 꿈꾸고, 우리가 꿈꾸는 세상을 함께 만들어 나갈 동료를 찾고 있습니다. 우리의 가치 자율성 우리는 지시하지 않아도 의사결정을 내릴 수 있는 우리의 능력을 믿습니다. 모든 것은 우리들로부터 시작되고, 우리들이 끝맺습니다. 빠른 반복 완벽한 내일을 만드는 것 보다는 충분히 좋은 오늘을 만드는 것이 더 좋습니다. 우리는 매일 코드를 배포하고, 이를 빠르게 반복합니다. 일과 삶의 균형 우리 모두 업무보다 중요한 사람과 활동이 있습니다. 우리는 모두의 시간과 에너지를 존중합니다. 모집중인 공고 지원 분야 전체 소프트웨어 엔지니어 디자이너 & 프론트엔드 엔지니어 코어 & 백엔드 엔지니어 제품 관리 영업 솔루션 (플랫폼 & 컨설턴트) 마케팅 / 데브릴 연구소 경영 / 관리 미국 지사 근무 전문연구요원 신입 / 경력 여부 전체 신입 경력 무관 전체 목록 보기","","","","","","","","","","","","active","2026-04-04T03:37:41.814868","2026-04-04T03:37:41.814922","True"
"184","194","이노그리드","이노그리드 주요 소식 배너","https://www.innogrid.com#job-c52bf8d8-1","Solution Cloud Universe Platform 맞춤형 솔루션 구축 자체 기술기반 클라우드 솔루션을 구축하였습니다. 자세히 보기 Vision · Mission AI 클라우드 기술과 전문성으로 미래 클라우드를 선도합니다 AI 클라우드 기반 혁신성장과 클라우드 기반 리더십으로 공유가치 창출을 통한 동반 성장을 실현합니다. 자세히 보기 Business 클라우드 전문 센터 HYPER SQUARE 클라우드 관제와 시연은 물론 Web 3.0 시대에 걸맞은 새로운 서비스를 연구합니다. 자세히 보기 IaaS Solution 자체 기술력으로 개발한 올인원 클라우드 솔루션 자세히 보기 IaaS Solution 오픈소스 기반 클라우드 관리 솔루션 자세히 보기 PaaS Solution 클라우드 네이티브를 위한 PaaS 솔루션 자세히 보기 CMP Solution 이기종 멀티 클라우드 관리 플랫폼 (CMP) 자세히 보기 인재채용 이노그리드의 여정에 합류하세요 이노그리드와 함께 할 동료를 모집합니다 인재채용 사이트 prev next 일시정지","","","","","","","","","","","","active","2026-04-04T03:43:12.368464","2026-04-04T03:43:12.368489","True"
"185","195","오픈핸즈","채용공고","https://www.openhands.co.kr/recruit/notice_deatilpage.html","회사소개 회사개요 CEO 인사말 연혁 찾아오시는길 사업소개 IT 서비스 물류관리 총무지원 헬스케어 오픈핸즈 NEWS 오픈핸즈 NEWS 채용정보 오픈핸즈 人은 채용절차 채용공고 채용지원 오픈핸즈 FAQ 공지 오픈핸즈 홈페이지 웹접근성지침 2.0 준수 2022.11.23 ~ 2022.11.30 안녕하세요, 오픈핸즈입니다. 오픈핸즈 홈페이지는장애인을 비롯한 모든 이용자들이 손쉽게 접속해불편함 없이 이용하고 어떤 접속 환경에서든문제없이 구동될 수 있도록 방송통신위원회의 [한국형 웹접근성지침 2.0]을 준수하였습니다. 오픈핸즈 홈페이지의 주요 특징들은 다음과 같습니다. 다운로드 : 웹접근성 지침 2.0 참조.pdf[53KB] 목록보기 장애인을 비롯한 모든 이용자의 웹접근성을 높이기 위해 방송통신위원회의 한국형 웹콘텐츠 웹접근성 지침 2.1을 준수 하였습니다. 01. 이미지를 인식하기 어렵거나 웹 접속 환경이 불안정한 이용자를 위해, 모든 이미지에 대체 텍스트를 삽입 하였습니다. 02. 마우스 사용이 불편한 장애이들을 위해, 키보드만으로 홈페이지 이용이 가능합니다. 03.시각장애인용 ‘스크린리더기’가 원활하게 작동할 수 있도록, 홈페이지에 플래시를 사용하지 않았습니다. 04. 홈페이지 이용을 보조하는 소프트웨어를 사용하는 이용자를 위해, 콘텐츠의 자동실행을 제한하였습니다.","","","","","","","","","","2022-10-24","2022-11-23","active","2026-04-04T03:43:24.111222","2026-04-04T03:43:24.111236","True"
"186","195","오픈핸즈","채용지원","https://www.openhands.co.kr/recruit/support.html","회사소개 회사개요 CEO 인사말 연혁 찾아오시는길 사업소개 IT 서비스 물류지원 총무지원 헬스케어 오픈핸즈 NEWS 오픈핸즈 NEWS 채용정보 오픈핸즈 人은 채용절차 채용공고 채용지원 오픈핸즈 FAQ (필수) 개인정보 수집 및 이용에 관한 동의 □ 개인정보 수집 및 이용 안내 오픈핸즈는 지원자의 개인정보를 중요시하며 개인정보보호에 관한 법률을 준수하고 있습니다. 1. 개인정보 수집 및 이용주체 본 지원서는 한국장애인고용공단이 접수를 대행하여 오픈핸즈가 관리하거나, 오픈핸즈가 직접 접수하고 관리하고 있습니다. 2. 동의를 거부할 권리 및 동의 거부에 따른 불이익 ◎ 지원자는 아래 필수정보 이외에는 수집에 동의하지 않을 수 있습니다. ◎ 지원자는 아래 개인정보 제공 등에 관해 동의하지 않을 권리가 있습니다. 다만, 지원서를 통해 제공받는 정보는 회사의 입사 모집전형에 필수적인 항목으로 해당 정보를 제공받지 못할 경우 회사는 공정한 선발 전형을 진행할 수 없습니다. 따라서 아래 개인정보 제공에 대해 동의하지 않을 경우 지원이 제한될 수 있습니다. ◎ 지원자의 동의 거부 권리 및 동의 거부에 따른 불이익은 아래에 제시되는 모든 동의사항에 해당됩니다. 3. 수집하는 개인정보 항목(필수정보항목) ◎ 수집정보 항목 : 성명(국문, 영문, 한자), 국적, 주소, 보훈여부, 전화번호, 핸드폰, 이메일주소, 혼인여부, 학력사항, 최종학력, 가족관계, 경력, 자격면허, 직무 관련 역량, 장애유형, 장애등급, 보장구, 구체적인 장애내용, 장애원인, 정기적 치료사항, 수상경력, 취미, 특기, 존경인물, 나의 장점, 나의 단점, 지원동기 및 포부, 성장과정/자기소개 ◎ 개인정보보호법에 따른 고유식별정보 : 생년월일 ◎ 개인정보보호법에 따른 민감정보 : 등록장애인 여부 및 관련정보 (등록장애인을 우대하기 위해 수집하는 정보로 원치 않은 경우 제공하지 않으셔도 무방하나, 이 경우 우대조건은 적용되지 않습니다.) 4. 수집 및 이용목적 ◎ 채용전형의 진행 진행단계별 결과 등 채용관련 정보 안내 및 인재풀 구성 5. 개인정보의 보유 및 이용기간 ◎ 지원서상에 작성하신 개인정보는 회사의 인재채용을 위한 인재풀로 활용될 예정으로 지원자의 삭제 요청시까지 보관됩니다. ◎ 지원자께서 삭제를 요청하실 경우 해당정보를 삭제합니다. 6. 개인정보 취급업무의 위탁 공정하고 원활한 채용전형을 위하여 아래와 같이 귀하의 지원서 취급 업무를 위탁합니다. 위탁대상 제공하는 항목 개인정보 제공 목적 한국장애인고용촉진공단 위 3의 내용 장애인 채용 및 지원내역 관리 (주)한국인재개발진흥원 성명, 생년월일 인 · 적성검사 위탁대상 한국장애인고용촉진공단 (주)한국인재개발진흥원 제공하는 항목 위 3의 내용 성명, 생년월일 개인정보 제공 목적 장애인 채용 및 지원내역 관리 인 · 적성검사 동의 이력서/자기소개서 당사양식 다운로드 파일 다운로드 후 작성하신 문서를 아래 첨부파일에 첨부 해주세요. 파일 다운로드 개인정보 입력 * 항목은 필수입력 항목입니다. 이름 * 생년월일 * 이메일 * @ 직접입력 직접입력 naver.com hanmail.net nate.com gmail.com hotmail.com 첨부파일 * ※ 파일은 2개 이상일 경우 압축하여 하나의 파일로 업로드 해주세요. ※ 첨부파일 용량은 최대 9MB 입니다. 파일 첨부하기 ※ 파일은 2개 이상일 경우 압축하여 하나의 파일로 업로드 해주세요. ※ 첨부파일 용량은 최대 9MB 입니다. * 입력하신 개인정보는 담당자가 지원서 열람시 필요한 내용이며 별도로 저장되지 않습니다. * 지원결과는 개인정보에 적어주신 E-Mail로만 발송됩니다. * 채용지원은 상시 가능합니다. 지원하기 장애인을 비롯한 모든 이용자의 웹접근성을 높이기 위해 방송통신위원회의 한국형 웹콘텐츠 웹접근성 지침 2.1을 준수 하였습니다. 01. 이미지를 인식하기 어렵거나 웹 접속 환경이 불안정한 이용자를 위해, 모든 이미지에 대체 텍스트를 삽입 하였습니다. 02. 마우스 사용이 불편한 장애이들을 위해, 키보드만으로 홈페이지 이용이 가능합니다. 03.시각장애인용 ‘스크린리더기’가 원활하게 작동할 수 있도록, 홈페이지에 플래시를 사용하지 않았습니다. 04. 홈페이지 이용을 보조하는 소프트웨어를 사용하는 이용자를 위해, 콘텐츠의 자동실행을 제한하였습니다.","회사소개 회사개요 CEO 인사말 연혁 찾아오시는길 사업소개 IT 서비스 물류지원 총무지원 헬스케어 오픈핸즈 NEWS 오픈핸즈 NEWS 채용정보 오픈핸즈 人은 채용절차 채용공고 채용지원 오픈핸즈 FAQ (필수) 개인정보 수집 및 이용에 관한 동의 □ 개인정보 수집 및 이용 안내 오픈핸즈는 지원자의 개인정보를 중요시하며 개인정보보호에 관한 법률을 준수하고 있습니다. 1. 개인정보 수집 및 이용주체 본 지원서는 한국장애인고용공단이 접수를 대행하여 오픈핸즈가 관리하거나, 오픈핸즈가 직접 접수하고 관리하고 있습니다. 2. 동의를 거부할 권리 및 동의 거부에 따른 불이익 ◎ 지원자는 아래 필수정보 이외에는 수집에 동의하지 않을 수 있습니다. ◎ 지원자는 아래 개인정보 제공 등에 관해 동의하지 않을 권리가 있습니다. 다만, 지원서를 통해 제공받는 정보는 회사의 입사 모집전형에 필수적인 항목으로 해당 정보를 제공받지 못할 경우 회사는 공정한 선발 전형을 진행할 수 없습니다. 따라서 아래 개인정보 제공에 대해 동의하지 않을 경우 지원이 제한될 수 있습니다. ◎ 지원자의 동의 거부 권리 및 동의 거부에 따른 불이익은 아래에 제시되는 모든 동의사항에 해당됩니다. 3. 수집하는 개인정보 항목(필수정보항목) ◎ 수집정보 항목 : 성명(국문, 영문, 한자), 국적, 주소, 보훈여부, 전화번호, 핸드폰, 이메일주소, 혼인여부, 학력사항, 최종학력, 가족관계, 경력, 자격면허, 직무 관련 역량, 장애유형, 장애등급, 보장구, 구체적인 장애내용, 장애원인, 정기적 치료사항, 수상경력, 취미, 특기, 존경인물, 나의 장점, 나의 단점, 지원동기 및 포부, 성장과정/자기소개 ◎ 개인정보보호법에 따른 고유식별정보 : 생년월일 ◎ 개인정보보호법에 따른 민감정보 : 등록장애인 여부 및 관련정보 (등록장애인을 우대하기 위해 수집하는 정보로 원치 않은 경우 제공하지 않으셔도 무방하나, 이 경우 우대조건은 적용되지 않습니다.) 4. 수집 및 이용목적 ◎ 채용전형의 진행 진행단계별 결과 등 채용관련 정보 안내 및 인재풀 구성 5. 개인정보의 보유 및 이용기간 ◎ 지원서상에 작성하신 개인정보는 회사의 인재채용을 위한 인재풀로 활용될 예정으로 지원자의 삭제 요청시까지 보관됩니다. ◎ 지원자께서 삭제를 요청하실 경우 해당정보를 삭제합니다. 6. 개인정보 취급업무의 위탁 공정하고 원활한 채용전형을 위하여 아래와 같이 귀하의 지원서 취급 업무를 위탁합니다. 위탁대상 제공하는 항목 개인정보 제공 목적 한국장애인고용촉진공단 위 3의 내용 장애인 채용 및 지원내역 관리 (주)한국인재개발진흥원 성명, 생년월일 인 · 적성검사 위탁대상 한국장애인고용촉진공단 (주)한국인재개발진흥원 제공하는 항목 위 3의 내용 성명, 생년월일 개인정보 제공 목적 장애인 채용 및 지원내역 관리 인 · 적성검사 동의 이력서/자기소개서 당사양식 다운로드 파일 다운로드 후 작성하신 문서를 아래 첨부파일에 첨부 해주세요. 파일 다운로드 개인정보 입력 * 항목은 필수입력 항목입니다. 이름 * 생년월일 * 이메일 * @ 직접입력 직접입력 naver.com hanmail.net nate.com gmail.com hotmail.com 첨부파일 * ※ 파일은 2개 이상일 경우 압축하여 하나의 파일로 업로드 해주세요. ※ 첨부파일 용량은 최대 9MB 입니다. 파일 첨부하기 ※ 파일은 2개 이상일 경우 압축하여 하나의 파일로 업로드 해주세요. ※ 첨부파일 용량은 최대 9MB 입니다. * 입력하신 개인정보는 담당자가 지원서 열람시 필요한 내용이며 별도로 저장되지 않습니다. * 지원결과는 개인정보에 적어주신 E-Mail로만 발송됩니다. * 채용지원은 상시 가능합니다. 지원하기 장애인을 비롯한 모든 이용자의 웹접근성을 높이기 위해 방송통신위원회의 한국형 웹콘텐츠 웹접근성 지침 2.1을 준수 하였습니다. 01. 이미지를 인식하기 어렵거나 웹 접속 환경이 불안정한 이용자를 위해, 모든 이미지에 대체 텍스트를 삽입 하였습니다. 02. 마우스 사용이 불편한 장애이들을 위해, 키보드만으로 홈페이지 이용이 가능합니다. 03.시각장애인용 ‘스크린리더기’가 원활하게 작동할 수 있도록, 홈페이지에 플래시를 사용하지 않았습니다. 04. 홈페이지 이용을 보조하는 소프트웨어를 사용하는 이용자를 위해, 콘텐츠의 자동실행을 제한하였습니다.","은 적용되지 않습니다.) 4. 수집 및 이용목적 ◎ 채용","","","","","","","","","","active","2026-04-04T03:43:32.880013","2026-04-04T03:43:32.880034","True"
"187","195","오픈핸즈","채용공고","https://www.openhands.co.kr/recruit/notice.html","회사소개 회사개요 CEO 인사말 연혁 찾아오시는길 사업소개 IT 서비스 물류지원 총무지원 헬스케어 오픈핸즈 NEWS 오픈핸즈 NEWS 채용정보 오픈핸즈 人은 채용절차 채용공고 채용지원 오픈핸즈 FAQ 신뢰 받는 기업, 꿈이 있는 기업, 사랑을 나누는 기업 오픈핸즈는 꿈과 열정을 가진 인재를 찾습니다. 분류 타이틀 공고기간 등록일 공고중 [헬스케어] 헬스키퍼 채용모집 2022.11.23~2022.11.30 2022.11.23 마감 [헬스케어] 헬스키퍼 채용모집 2022.11.23~2022.11.30 2022.11.23 ※ 오픈핸즈는 공고 외 채용지원 페이지를 통해 상시 지원 가능합니다. 장애인을 비롯한 모든 이용자의 웹접근성을 높이기 위해 방송통신위원회의 한국형 웹콘텐츠 웹접근성 지침 2.1을 준수 하였습니다. 01. 이미지를 인식하기 어렵거나 웹 접속 환경이 불안정한 이용자를 위해, 모든 이미지에 대체 텍스트를 삽입 하였습니다. 02. 마우스 사용이 불편한 장애이들을 위해, 키보드만으로 홈페이지 이용이 가능합니다. 03.시각장애인용 ‘스크린리더기’가 원활하게 작동할 수 있도록, 홈페이지에 플래시를 사용하지 않았습니다. 04. 홈페이지 이용을 보조하는 소프트웨어를 사용하는 이용자를 위해, 콘텐츠의 자동실행을 제한하였습니다.","","","","","","","","","","2022-10-24","2022-11-23","active","2026-04-04T03:43:38.132226","2026-04-04T03:43:38.132242","True"
"188","195","오픈핸즈","채용절차","https://www.openhands.co.kr/recruit/procedure.html","회사소개 회사개요 CEO 인사말 연혁 찾아오시는길 사업소개 IT 서비스 물류지원 총무지원 헬스케어 오픈핸즈 NEWS 오픈핸즈 NEWS 채용정보 오픈핸즈 人은 채용절차 채용공고 채용지원 오픈핸즈 FAQ 채용 프로세스 고용공단 구직 등록방법 STEP1 오픈핸즈 채용 (구인) 공고 STEP2 장애인 고용공단 인재 추천 or 채용사이트 개별 지원 STEP3 서류심사 및 인적성 검사 STEP4 면접 STEP5 채용 건강검진 STEP6 입사 및 OT 채용 프로세스 STEP1 오픈핸즈 채용(구인) 공고 오픈핸즈는 장애인 고용공단 및 채용사이트를 통해 구인공고를 진행합니다. (장애인고용공단 : 워크투게더 / 채용사이트 : 잡코리아, 사람인, 인쿠르트) 오픈핸즈는 정식 채용공고 외 이력서를 수시 접수합니다. 채용지원 바로가기 STEP2 장애인 고용공단 인재 추천 or 채용사이트 개별 지원 장애인 고용공단은 워크투게더 지원자 및 구직등록 장애인 중 적합한 인재의 이력서를 오픈핸즈에 제공합니다. 채용사이트 개별 지원자는 오픈핸즈에서 직접 접수합니다. STEP3 서류심사 및 인적성 검사 서류심사는 지원자의 이력서를 바탕으로 직무적합성, 유관 자격 및 이력을 중심으로 평가합니다. 서류 합격자는 공인된 기관을 통해 인적성 검사를 실시하여 직무 및 조직적합성을 검증합니다. (직무에 따라 인적성 검사는 생략하기도 합니다.) STEP4 면접 인적성 응시자는 면접을 통해 오픈핸즈 인재상, 직무적합도 및 조직 적응력 등 종합평가를 실시합니다. STEP5 채용 건강검진 면접 합격자는 채용 건강검진을 통해 근무할수 있는 건강상태인지 검증합니다. STEP6 채용여부 결정 채용건강검진에서 적합으로 판정되면 입사 후 OT를 진행합니다. 구직 장애인 STEP1 구직 장애인 이력서 작성 STEP2 해당 지역 공단방문 (직업상담 및 구직등록) STEP3 등록된 구직 · 인력 정보 종합관리 STEP4 워크투게더 채용공고에 이력서 접수 STEP5 지원자 이력서 및 등록된 구직자 중 대상자 선발, 추천 STEP6 오픈핸즈 채용 절차에 따라 진행 * 장애인 구직정보 사이트 워크투게더 https://www.worktogether.or.kr/ 장애인잡 https://www.ablejob.co.kr/ 구직 비장애인 STEP1 구직정보 인터넷 사이트 등록 * 잡코리아, 사람인, 인크루트 STEP2 오픈핸즈 채용공고에 지원 및 이력서 제출 * 오픈핸즈 홈페이지에서 채용정보 확인 및 지원 가능 STEP3 오픈핸즈의 채용 절차에 따라 진행 오픈핸즈 연락처 02-6155-6444 ※ 수시 이력서 접수한 경우 오픈핸즈 채용담당자에게 지원정보가 접수되며, T/O 발생 시 지원자에게 오픈핸즈에서 직접 연락합니다. 장애인 고용공단 취업지원부 연락처 서울 동부지사 02-2146-3574 경기 동부지사 031-600-0287 장애인을 비롯한 모든 이용자의 웹접근성을 높이기 위해 방송통신위원회의 한국형 웹콘텐츠 웹접근성 지침 2.1을 준수 하였습니다. 01. 이미지를 인식하기 어렵거나 웹 접속 환경이 불안정한 이용자를 위해, 모든 이미지에 대체 텍스트를 삽입 하였습니다. 02. 마우스 사용이 불편한 장애이들을 위해, 키보드만으로 홈페이지 이용이 가능합니다. 03.시각장애인용 ‘스크린리더기’가 원활하게 작동할 수 있도록, 홈페이지에 플래시를 사용하지 않았습니다. 04. 홈페이지 이용을 보조하는 소프트웨어를 사용하는 이용자를 위해, 콘텐츠의 자동실행을 제한하였습니다.","","","에 따라 진행 * 장애인 구직정보 사이트 워크투게더 https://www.worktogether.or.kr/ 장애인잡 https://www.ablejob.co.kr/ 구직 비장애인 STEP1 구직정보 인터넷 사이트 등록 * 잡코리아, 사람인, 인크루트 STEP2 오픈핸즈 채용공고에 지원 및 이력서 제출 * 오픈핸즈 홈페이지에서 채용정보 확인 및 지원 가능 STEP3 오픈핸즈의","건강검진","","서울","정규직","","","","","active","2026-04-04T03:43:46.230215","2026-04-04T03:43:46.230236","True"
"189","195","오픈핸즈","오픈핸즈 人은","https://www.openhands.co.kr/recruit/openpeople.html","회사소개 회사개요 CEO 인사말 연혁 찾아오시는길 사업소개 IT 서비스 물류지원 총무지원 헬스케어 오픈핸즈 NEWS 오픈핸즈 NEWS 채용정보 오픈핸즈 人은 채용절차 채용공고 채용지원 오픈핸즈 FAQ 인재상 복리후생 오픈핸즈의 인재상은 지속적인 성장과 발전을 통해 “더 나은 세상”을 함께 만들어가는 인재를 의미합니다. 인간존중 열린 마음으로 자신과 상대방을 배려하고 내가 맡은 역할에 충실합니다. 고객감동 항상 고객의 입장에서 정직하고 사려깊은 최선의 서비스를 제공하여 고객 감동을 선사합니다. 도전정신 ‘긍정’의 정신과 실패를 두려워하지 않는 진취적인 자세로 과감하게 도전합니다. 상생추구 서로의 개성을 존중하는 마음으로 양보하고 협력함으로 상호에게 더 나은 가치를 만드는데 앞장섭니다. 윤리준수 확고한 윤리의식으로 기본과 원칙을 준수하고 조직의 비효율과 부정을 방치하지 않습니다. 오픈핸즈는 구성원들이 즐겁고 행복하게 일 할 수 있는 직장생활을 위해 다양한 복리후생 제도를 운영하고 있습니다. 경조사 지원 경조사 발생시 경조휴가를 부여하고, 회사 차원에서 예를 표하기 위하여 경조금, 경조화환을 지원합니다. 건강검진 지원 전문 의료기관과 연계하여 정기적으로 사원들의 정기검진을 실시함으로 건강하고 활기찬 생활에 도움을 드립니다. 자기개발 지원 업무수행능력을 향상시키고 전문인력을 양성하기 위해 외부기관에서 실시하는 위탁 교육비를 실비 지원하고 있습니다. 자격증 취득 지원 업무와 관련있는 전문 자격 취득을 적극적으로 권장하기 위하여 취득 시 응시료를 실비 지원하여 드립니다. 단체실비/상해보험 가입 임직원의 갑작스러운 불의의 사고 시 사원 가족의 경제적인 부담을 덜어주기 위해 사원단체보험에 가입하고 있습니다. 복지 포인트 임직원의 재충전을 위한 복지포인트를 제공합니다. 식대 별도지원 식비지원 및 구내식당 운영 이외 복리후생 4대법정보험, 동호회 지원 등 장애인을 비롯한 모든 이용자의 웹접근성을 높이기 위해 방송통신위원회의 한국형 웹콘텐츠 웹접근성 지침 2.1을 준수 하였습니다. 01. 이미지를 인식하기 어렵거나 웹 접속 환경이 불안정한 이용자를 위해, 모든 이미지에 대체 텍스트를 삽입 하였습니다. 02. 마우스 사용이 불편한 장애이들을 위해, 키보드만으로 홈페이지 이용이 가능합니다. 03.시각장애인용 ‘스크린리더기’가 원활하게 작동할 수 있도록, 홈페이지에 플래시를 사용하지 않았습니다. 04. 홈페이지 이용을 보조하는 소프트웨어를 사용하는 이용자를 위해, 콘텐츠의 자동실행을 제한하였습니다.","","","","건강검진, 경조휴가, 교육비, 식대","","","","","","","","active","2026-04-04T03:43:54.354595","2026-04-04T03:43:54.354638","True"
"190","196","인지소프트","서류전형","http://inzisoft.com/c_recruit/c_recruit_04","콘텐츠로 건너뛰기 채용 인지人 직무안내 복리후생 채용절차 FAQ 채용 인지人 직무안내 복리후생 채용절차 FAQ Q-Service Product AI OCR 서버 AI OCR 모바일 AI OCR PC OCR RPA 스튜디오 로봇 매니저 이미지 프로세싱 이미지 클라이언트 이미지 서버 HTML5 뷰어 스트리밍 뷰어 전자문서 서식 편집기 서식 관리 서버 전자문서 작성기 전자문서 관리 서버 보안 신분증 진위확인 신분증 사본 판별 개인정보 마스킹 이미지 보안 폴더 보안 Solution 이미지 시스템 디지털 창구 시스템 로보틱 프로세스 자동화(RPA) 아웃도어 세일즈(ODS) 비대면 본인 확인 Company 회사 소개 연혁 보유기술 구축사례 공지사항 / IR 채용 인지人 직무안내 복리후생 채용절차 FAQ 찾아오시는 길 Support 솔루션 기술지원 Q서비스 기술지원 제품도입 iAuto Community 인지소프트와 함께 성장해 나갈 열정 가득한 인재를 모십니다. 신입 사원에 대해서는 매년 정기 공채를 진행하고, 경력 사원에 대해서는 필요한 시점에 별도의 공고를 통해 채용을 진행하고 있습니다. 채용절차 inzisoft 2023-05-31T09:12:02+09:00 채용 절차 Recruiting Process 인지소프트의 채용절차는 다음과 같습니다. 서류전형 이력서 자기소개서 각 증명서 1차 면접 실무팀장면접 코딩테스트(SW개발직무) 2차 면접 임원면접 입사 오리엔테이션 부서배치 서울특별시 강남구 테헤란로 131 한국지식재산센터 16층 (역삼동 647-9) (우 06133) 대표번호 : 전화 02-571-9571 팩스번호 : 02-3454-1700 고객센터 : tech@inzisoft.com 인지소프트 블로그 바로가기 PRODUCT SOLUTION COMPANY iAuto Community AI OCR RPA 이미지 프로세싱 전자문서 보안 이미지 시스템 디지털 창구시스템 로보틱 프로세스 자동화 아웃도어 세일즈 비대면 본인 확인 회사소개 연혁 보유기술 구축사례 공지사항/IR 채용 찾아오시는길 Academy Download FAQ News","","","Recruiting","","","서울","","","","2023-05-01","2023-05-31","active","2026-04-04T03:44:09.340154","2026-04-04T03:44:09.340167","True"
"191","202","더블유게임즈","채용문의","https://www.doubleugames.com/careers/recruitment_inquiry.html","채용문의 개인정보수집에 동의합니다. (필수) 시행일 : 2022년 1월 11일 ㈜더블유게임즈 (이하 '회사')는 이용자의 개인정보를 중요시하며, 「정보통신망 이용촉진 및 정보보호 등에 관한 법률」,「개인정보보호법」을 준수하기 위하여 노력하고 있습니다. 회사는 개인정보처리방침을 통하여 회사가 이용자로부터 제공받은 개인정보를 어떠한 용도와 방식으로 이용하고 있으며, 개인정보보호를 위해 어떠한 조치를 취하고 있는지 알려드립니다. 회사는 본 개인정보처리방침을 회사 홈페이지(http://www.doubleugames.com)의 첫 화면에 공개 함으로써 이용자께서 언제나 용이하게 보실 수 있도록 조치하고 있습니다. 본 방침을 개정하는 경우 웹사이트 공지사항 (또는 서면·이메일·전화·SMS 등의 방법으로 개별공지)을 통하여 공지하겠습니다. 1. 수집하는 개인정보의 항목 및 수집방법 (1) 수집하는 개인정보의 항목 ο 회사는 채용 지원서 작성시 아래와 같은 개인정보를 수집하고 있습니다. 구분 자세한 내용 필수항목 성명 , 비밀번호 , 전화번호 , 휴대전화번호 , 이메일 선택항목 직무관련 경력 , 대내외활동 , 외국어 / 기타자격 , 수상경력 , 생년월일 , 성별 , 주소 , 직업 , 회사명 , 학력사항 , 주민등록번호 , 병역사항 , 영어자격 , 영어회화자격 , 취미 , 특기 , 보훈여부 , 기초생활수급자 / 차상위계층 여부 , 지원회사 , 지원직무 민감정보 ( 선택 ) 장애여부 , 장애종류 , 장애등급 , 장애인 등록번호 , 장애인증명서 ο 회사는 문의사항 응대 시 이용자로부터 아래와 같은 개인정보를 수집하고 있습니다. 수집항목 수집목적 보유기간 성명 , 이메일주소 , 전화번호 문의사항 응대 수집·이용 목적이 달성될 때 까지 ※ 회사는 원칙적으로 이용자가 만 14세 미만자일 경우 개인정보를 수집하지 않습니다. 부득이 서비스 이용을 위하여 만 14세 미만자의 개인정보를 수집할 때에는, 사전에 법정대리인의 동의를 구하고 관련 업무가 종료됨과 동시에 정보를 지체 없이 파기토록 하겠으며 업무가 진행되는 동안 개인정보를 철저히 관리토록 하겠습니다. (2) 개인정보 수집방법 회사는 홈페이지(http://www.doubleugames.com) 채용 지원서작성을 통해 개인정보를 수집합니다. ※ 회사는 이용자께서 회사의 개인정보 수집·이용에 대해 ""동의"" 또는 ""동의하지 않음""을 선택할 수 있는 절차를 마련하고 있습니다. 2. 개인정보의 수집 및 이용목적 회사는 수집한 개인정보를 다음의 목적을 위해 활용합니다. 목적 자세한 내용 채용전형의 진행 채용 및 인턴선발 전형을 위한 개인정보 채용 진행사항 관련 안내 합격여부 및 고지사항 전달 , 문의사항 응대 인재풀 등록 및 활용 상시 채용 대상자 검토 3. 수집한 개인정보의 공유 및 제공(개인정보의 제3자 제공 등) (1) 회원가입時 회사는 원칙적으로 회원의 개인정보를 제 3자에게 제공하지 않으며, 그러한 필요가 발생할 경우 회원에게 알리고 사전동의를 받도록 하겠습니다. 단, 법령의 규정에 의거하거나, 수사 목적으로 법령에 정해진 절차와 방법에 따라 수사기관의 요구가 있는 경우는 예외로 합니다 (2) 채용 지원서작성時 회사는 이용자로부터 동의를 받은 경우에 한해 아래와 같이 개인정보를 제공합니다. 제공받는 자 제공되는 개인정보 제공받는 자의 이용목적 보유 및 이용기간 한국토익위원회 , 한국어문회 , 한자교육진흥회 , 한국외국어평가원 , 대한검정회 , YBM 시사 , 대한상공회의소 , 한국 BCT 사업본부 , HSK 한국사무국 성명 , 생년월일 , 자격종류 , 자격번호 , 등급 , 점수 , 취득일자 , 응시일자 자격사항 검증 정보제공 목적달성 후 즉시파기 국가보훈처 성명 , 생년월일 , 보훈번호 , 성별 , 전화번호 , 주소 보훈 우대대상 검증 정보제공 목적달성 후 즉시파기 KMI 한국의학연구소 성명 , 생년월일 , 회사명 , 핸드폰번호 , 성별 채용건강검진 정보제공 목적달성 후 즉시파기 이상에 기재된 업체는 추후 변동될 수 있습니다. 업체가 변경되거나, 또는 기재된 내용 외에 이용자의 개인정보를 제공하거나 공유하는 경우에는 이에 대한 별도 이용자 동의를 구하는 절차를 거쳐 제공합니다 4. 개인정보의 보유 및 이용기간 회사는 원칙적으로 개인정보 수집 및 이용목적이 달성된 후에는 해당 정보를 지체 없이 파기합니다. 단, 관계법령의 규정에 의하여 보존할 필요가 있는 경우, 회사는 관계법령에서 정한 일정한 기간 동안 회원정보를 별도 보관합니다. 회사의 상시 채용 대상자 검토를 위한 인재풀 등록에 이용자가 동의한 경우에 한해 이용자의 삭제 요청시까지 보관합니다. 5. 개인정보의 파기절차 및 방법 개인정보 파기절차 및 방법은 다음과 같습니다. (1) 파기절차 회사는 원칙적으로 개인정보 수집 및 이용목적이 달성된 후에는 해당 정보를 지체없이 파기합니다. 단, 관계법령의 규정에 의하여 보존할 필요가 있는 경우, 일정 기간 별도로 보관한 후 파기합니다. 이 경우 별도로 보관된 개인정보는 법률에 의한 경우가 아니고서는 보유되는 이외의 다른 목적으로 이용되지 않습니다. (2) 파기방법 종이에 출력된 개인정보는 분쇄기로 분쇄하거나 소각을 통하여 파기하고, 전자적 파일형태로 저장된 개인정보는 기록을 재생할 수 없는 기술적 방법을 사용하여 삭제합니다. 6. 이용자 및 법정대리인의 권리와 그 행사방법 ο 이용자 및 법정대리인은 등록되어 있는 자신 혹은 당해 만14세 미만 아동의 개인정보에 대해 언제든지 개인정보 열람/정정·삭제/처리정지/동의 철회를 요청할 수 있습니다. ο 이용자 혹은 만 14세 미만 아동의 개인정보 조회ㆍ수정을 위해서는 '회원정보수정','지원서수정'을, 가입해지(동의철회)를 위해서는 '회원탈퇴'를 클릭하여 본인 확인 절차를 거치신 후 직접 열람, 정정 또는 탈퇴가 가능합니다. ο 혹은 개인정보보호책임자에게 서면, 전화 또는 이메일로 연락하시면 지체없이 조치하겠습니다. ο 회사는 다음에 해당하는 경우에는 개인정보의 전부 또는 일부에 대하여 열람/정정·삭제를 거절할 수 있습니다. – 지원서 접수기간이 마감된 경우 (열람 가능, 정정 불가, 삭제 가능) – 법률에 따라 열람이 금지되거나 제한되는 경우 – 다른 사람의 생명·신체를 해할 우려가 있거나 다른 사람의 재산과 그 밖의 이익을 부당하게 침해할 우려가 있는 경우 ο 이용자가 개인정보의 오류에 대한 정정을 요청하신 경우에는 정정을 완료하기 전까지 당해 개인정보를 이용 또는 제3자에게 제공하지 않습니다. ο 또한 잘못된 개인정보를 제3자에게 이미 제공한 경우에는 정정 처리결과를 제3자에게 지체없이 통지하여 정정이 이루어지도록 하겠습니다. ο 회사는 이용자 혹은 법정 대리인의 요청에 의해 해지 또는 삭제된 개인정보는 ""수집한 개인정보의 보유ㆍ이용기간""에 명시된 바에 따라 처리하고, 그 외의 용도로 열람 또는 이용할 수 없도록 처리하고 있습니다. ο 이용자의 개인정보를 최신의 상태로 정확하게 입력하여 주시기 바랍니다. 이용자가 입력한 부정확한 정보로 인해 발생하는 사고의 책임은 이용자 자신에게 있으며 타인 정보의 도용 등 허위정보를 입력할 경우 회원자격이 상실될 수 있습니다. ο 이용자는 개인정보를 보호 받을 권리와 함께 스스로를 보호하고 타인의 정보를 침해하지 않을 의무도 가지고 있습니다. 비밀번호를 포함한 이용자의 개인정보가 유출되지 않도록 조심하시고 게시물을 포함한 타인의 개인정보를 훼손하지 않도록 유의해 주십시오. 만약 이 같은 책임을 다하지 못하고 타인의 정보 및 존엄성을 훼손할 시에는 「정보통신망 이용촉진 및 정보보호 등에 관한 법률」 등에 의해 처벌 받을 수 있습니다. 7. 개인정보 자동수집 장치의 설치, 운영 및 그 거부에 관한 사항 ο 회사는 이용자의 정보를 수시로 저장하고 찾아내는 '쿠키(cookie)' 등 개인정보를 자동으로 수집하는 장치를 설치ㆍ운용합니다. 쿠키란 회사의 웹사이트를 운영하는데 이용되는 서버가 귀하의 브라우저에 보내는 아주 작은 텍스트 파일로서 이용자의 컴퓨터 하드디스크에 저장됩니다. 회사는 회원과 비회원의 접속 빈도나 방문 시간 등을 분석, 방문 회수 파악 등을 통한 개인 맞춤 서비스를 제공하기 위하여 쿠키 등을 사용합니다. ο 이용자는 쿠키 설치에 대한 선택권을 가지고 있습니다. 사용하시는 웹브라우저의 옵션을 설정함으로써 모든 쿠키를 허용하거나, 쿠키가 저장될 때마다 확인을 거치거나, 아니면 모든 쿠키의 저장을 거부할 수도 있습니다. 단, 쿠키의 저장을 거부할 경우에는 로그인이 필요한 일부 서비스는 이용할 수 없습니다. – 설정방법 예(인터넷 익스플로어의 경우): 웹 브라우저 상단의 도구>인터넷 옵션>개인정보 8. 개인정보보호책임자 또는 개인정보담당 부서 회사는 이용자의 개인정보를 보호하고 개인정보와 관련한 불만을 처리하기 위하여 회사의 담당부서에서 관련사항을 접수받고 있습니다. - 개인정보보호 책임자 : 경영지원본부 최재영 이사 - 관련업무 담당부서 : 경영지원본부 피플팀 - 전화 : 02-563-9171 - 문의처 : hr@doubleugames.com 이용자는 회사의 서비스를 이용하시며 발생하는 모든 개인정보보호 관련 민원을 개인정보보호책임자 혹은 담당부서로 신고하실 수 있습니다. 회사는 이용자들의 신고사항에 대해 신속하게 충분한 답변을 드릴 것입니다. 기타 개인정보침해에 대한 신고나 상담이 필요하신 경우에는 아래 기관에 문의하시기 바랍니다. - 개인정보보호위원회 : (국번없이) 118 (www.pipc.go.kr) - 개인정보 침해신고센터 : (국번없이) 118 (http://privacy.kisa.or.kr) - 개인정보 분쟁조정위원회 : 1833-6972 (http://kopico.go.kr) - 대검찰청 사이버수사과 : (국번없이) 1301 (http://spo.go.kr) - 경찰청 사이버안전국 : (국번없이) 182 (http://cyberbureau.police.go.kr) 9. 기타 개인정보 처리에 관한 방침 ο 회사는 비밀번호, 고유식별정보 등을 포함한 이용자의 개인정보를 암호화하거나 파일 잠금기능을 사용하여 중요한 데이터를 보관하고 있습니다. ο 회사는 백신프로그램을 이용하여 컴퓨터바이러스에 의한 피해를 방지하기 위한 조치를 취하고 있습니다. 또한, 회사는 가능한 기","","대상 검증 정보제공 목적달성 후 즉시파기 KMI 한국의학연구소 성명 , 생년월일 , 회사명 , 핸드폰번호 , 성별 채용건강검진 정보제공 목적달성 후 즉시파기 이상에 기재된 업체는 추후 변동될 수 있습니다. 업체가 변경되거나, 또는 기재된 내용 외에 이용자의 개인정보를 제공하거나 공유하는 경우에는 이에 대한 별도 이용자 동의를 구하는 절차를 거쳐 제공합니다 4. 개인정보의 보유 및 이용기간 회사는 원칙적으로 개인정보 수집 및 이용목적이 달성된 후에는 해당 정보를 지체 없이 파기합니다. 단, 관계법령의 규정에 의하여 보존할 필요가 있는 경우, 회사는 관계법령에서 정한 일정한 기간 동안 회원정보를 별도 보관합니다. 회사의 상시 채용 대상자 검토를 위한 인재풀 등록에 이용자가 동의한 경우에 한해 이용자의 삭제 요청시까지 보관합니다. 5. 개인정보의 파기절차 및 방법 개인정보 파기절차 및 방법은 다음과 같습니다. (1) 파기절차 회사는 원칙적으로 개인정보 수집 및 이용목적이 달성된 후에는 해당 정보를 지체없이 파기합니다. 단, 관계법령의 규정에 의하여 보존할 필요가 있는 경우, 일정 기간 별도로 보관한 후 파기합니다. 이 경우 별도로 보관된 개인정보는 법률에 의한 경우가 아니고서는 보유되는 이외의 다른 목적으로 이용되지 않습니다. (2) 파기방법 종이에 출력된 개인정보는 분쇄기로 분쇄하거나 소각을 통하여 파기하고, 전자적 파일형태로 저장된 개인정보는 기록을 재생할 수 없는 기술적 방법을 사용하여 삭제합니다. 6. 이용자 및 법정대리인의 권리와 그 행사방법 ο 이용자 및 법정대리인은 등록되어 있는 자신 혹은 당해 만14세 미만 아동의 개인정보에 대해 언제든지 개인정보 열람/정정·삭제/처리정지/동의 철회를 요청할 수 있습니다. ο 이용자 혹은 만 14세 미만 아동의 개인정보 조회ㆍ수정을 위해서는 '회원정보수정','지원서수정'을, 가입해지(동의철회)를 위해서는 '회원탈퇴'를 클릭하여 본인 확인 절차를 거치신 후 직접 열람, 정정 또는 탈퇴가 가능합니다. ο 혹은 개인정보보호책임자에게 서면, 전화 또는 이메일로 연락하시면 지체없이 조치하겠습니다. ο 회사는 다음에 해당하는 경우에는 개인정보의 전부 또는 일부에 대하여 열람/정정·삭제를 거절할 수 있습니다. – 지원서 접수기간이 마감된 경우 (열람 가능, 정정 불가, 삭제 가능) – 법률에 따라 열람이 금지되거나 제한되는 경우 – 다른 사람의 생명·신체를 해할 우려가 있거나 다른 사람의 재산과 그 밖의 이익을 부당하게 침해할 우려가 있는 경우 ο 이용자가 개인정보의 오류에 대한 정정을 요청하신 경우에는 정정을 완료하기 전까지 당해 개인정보를 이용 또는 제3자에게 제공하지 않습니다. ο 또한 잘못된 개인정보를 제3자에게 이미 제공한 경우에는 정정 처리결과를 제3자에게 지체없이 통지하여 정정이 이루어지도록 하겠습니다. ο 회사는 이용자 혹은 법정 대리인의 요청에 의해 해지 또는 삭제된 개인정보는 ""수집한 개인정보의 보유ㆍ이용기간""에 명시된 바에 따라 처리하고, 그 외의 용도로 열람 또는 이용할 수 없도록 처리하고 있습니다. ο 이용자의 개인정보를 최신의 상태로 정확하게 입력하여 주시기 바랍니다. 이용자가 입력한 부정확한 정보로 인해 발생하는 사고의 책임은 이용자 자신에게 있으며 타인 정보의 도용 등 허위정보를 입력할 경우 회원자격이 상실될 수 있습니다. ο 이용자는 개인정보를 보호 받을 권리와 함께 스스로를 보호하고 타인의 정보를 침해하지 않을 의무도 가지고 있습니다. 비밀번호를 포함한 이용자의 개인정보가 유출되지 않도록 조심하시고 게시물을 포함한 타인의 개인정보를 훼손하지 않도록 유의해 주십시오. 만약 이 같은 책임을 다하지 못하고 타인의 정보 및 존엄성을 훼손할 시에는 「정보통신망 이용촉진 및 정보보호 등에 관한 법률」 등에 의해 처벌 받을 수 있습니다. 7. 개인정보 자동수집 장치의 설치, 운영 및 그 거부에 관한 사항 ο 회사는 이용자의 정보를 수시로 저장하고 찾아내는 '쿠키(cookie)' 등 개인정보를 자동으로 수집하는 장치를 설치ㆍ운용합니다. 쿠키란 회사의 웹사이트를 운영하는데 이용되는 서버가 귀하의 브라우저에 보내는 아주 작은 텍스트 파일로서 이용자의 컴퓨터 하드디스크에 저장됩니다. 회사는 회원과 비회원의 접속 빈도나 방문 시간 등을 분석, 방문 회수 파악 등을 통한 개인 맞춤 서비스를 제공하기 위하여 쿠키 등을 사용합니다. ο 이용자는 쿠키 설치에 대한 선택권을 가지고 있습니다. 사용하시는 웹브라우저의 옵션을 설정함으로써 모든 쿠키를 허용하거나, 쿠키가 저장될 때마다 확인을 거치거나, 아니면 모든 쿠키의 저장을 거부할 수도 있습니다. 단, 쿠키의 저장을 거부할 경우에는 로그인이 필요한 일부 서비스는 이용할 수 없습니다. – 설정방법 예(인터넷 익스플로어의 경우): 웹 브라우저 상단의 도구>인터넷 옵션>개인정보 8. 개인정보보호책임자 또는 개인정보담당 부서 회사는 이용자의 개인정보를 보호하고 개인정보와 관련한 불만을 처리하기 위하여 회사의 담당부서에서 관련사항을 접수받고 있습니다. - 개인정보보호 책임자 : 경영지원본부 최재영 이사 - 관련업무 담당부서 : 경영지원본부 피플팀 - 전화 : 02-563-9171 - 문의처 : hr@doubleugames.com 이용자는 회사의 서비스를 이용하시며 발생하는 모든 개인정보보호 관련 민원을 개인정보보호책임자 혹은 담당부서로 신고하실 수 있습니다. 회사는 이용자들의 신고사항에 대해 신속하게 충분한 답변을 드릴 것입니다. 기타 개인정보침해에 대한 신고나 상담이 필요하신 경우에는 아래 기관에 문의하시기 바랍니다. - 개인정보보호위원회 : (국번없이) 118 (www.pipc.go.kr) - 개인정보 침해신고센터 : (국번없이) 118 (http://privacy.kisa.or.kr) - 개인정보 분쟁조정위원회 : 1833-6972 (http://kopico.go.kr) - 대검찰청 사이버수사과 : (국번없이) 1301 (http://spo.go.kr) - 경찰청 사이버안전국 : (국번없이) 182 (http://cyberbureau.police.go.kr) 9. 기타 개인정보 처리에 관한 방침 ο 회사는 비밀번호, 고유식별정보 등을 포함한 이용자의 개인정보를 암호화하거나 파일 잠금기능을 사용하여 중요한 데이터를 보관하고 있습니다. ο 회사는 백신프로그램을 이용하여 컴퓨터바이러스에 의한 피해를 방지하기 위한 조치를 취하고 있습니다. 또한, 회사는 가능한 기술적 장치를 모두 갖추려고 노력하는 등 이용자의 개인정보를 안전하게 보관하기 위해 노력하고 있습니다. ο 개인정보를 처리하는 직원을 최소한으로 관리하고 있으며, 퇴직 및 직무변경 등 인사이동이 있는 경우 지체 없이 권한을 변경, 말소하여 개인정보 접근 권한을 통제하고 있습니다. ο 개인정보 취급자에 대한 정기적인 교육, 전사 임직원에 대한 수시 교육을 통하여 이용자의 개인정보 보호가 회사의 중요한 가치임을 강조하고 있습니다. ο 개인정보 접근을 제한하기 위하여 출입 통제를 진행하고 있고, 개인정보를 포함한 문서는 잠금 장치가 되어 있는 안전한 공간에 보관하고 있습니다. 이름 연락처 이메일 제목 내용 자동입력 방지코드 315828 문의하기","","건강검진","","대전","인턴","","","2021-12-12","2022-01-11","active","2026-04-04T03:44:50.787972","2026-04-04T03:44:50.787987","True"
"192","202","더블유게임즈","채용공고","https://www.doubleugames.com/careers/jobs.html","본문내용 바로가기 헤더 바로가기 푸터 바로가기 GAMES 더블다운카지노 더블유카지노 테이크5 더블유빙고 ABOUT US 기업소개 기업뉴스 INVESTORS 기업지배구조 주요주주구성 이사회 및 감사위원회 정관 윤리경영 재무정보 공시정보 주가정보 IR자료실 공고 CAREERS 채용공고 근무환경 인사제도 사내활동 KOR ENG GAMES 더블다운카지노 더블유카지노 테이크5 더블유빙고 ABOUT US 기업소개 기업뉴스 INVESTORS 기업지배구조 주요주주구성 이사회 및 감사위원회 정관 윤리경영 재무정보 공시정보 주가정보 IR자료실 공고 CAREERS 채용공고 근무환경 인사제도 사내활동 CAREERS CAREERS 채용공고 채용공고 형태 전체 신입 경력 신입/경력 계약직 상태 전체 모집중 마감 직군 전체 경영지원 개발 디자인 게임기획 게임운영 사운드 QA 사업분석 상세검색 제목 내용 채용문의","","","","","","서울","계약직","","","","","active","2026-04-04T03:45:16.245206","2026-04-04T03:45:16.245227","True"
"193","206","롯데e커머스","사이트맵","https://recruit.lotte.co.kr/apply/announcement/detail/21836670?compcd=50007","우대사항 근무지 사내 변호사 사내 법률 자문 및 이슈 검토 국/영문 계약서 작성 및 검토 Compliance 업무 소송 수행 및 관리 기업 또는 로펌에서 기업법무 자문 경험 보유 Compliance 업무 수행 경험 보유 외국어(영어) 역량 보유 (Reading) 서울시 중구 (을지로) 채용조건 고용형태 : 기간제 계약직 (2년) 직급 및 처우 : 회사 내규에 따름 (면접 후 결정) 지원서 접수 접수기간 : 2026년 3월 27일(금) 14:00 ~ 2026년 4월 12일(일) 23:00 접수방법 : 롯데그룹 채용 홈페이지 온라인 접수 (https://recruit.lotte.co.kr)","","근무지 사내 변호사 - 사내 법률 자문 및 이슈 검토 - 국/영문 계약서 작성 및 검토 - Compliance 업무 - 소송 수행 및 관리 - 기업 또는 로펌에서 기업법무 자문 경험 보유 - Compliance 업무 수행 경험 보유 - 외국어(영어) 역량 보유 (Reading) 서울시 중구 (을지로) 채용조건 고용형태 : 기간제 계약직 (2년) 직급 및 처우 : 회사 내규에 따름 (면접 후 결정) 지원서 접수 접수기간 : 2026년 3월 27일(금) 14:00 ~ 2026년 4월 12일(일) 23:00 접수방법 : 롯데그룹 채용 홈페이지 온라인 접수 (https://recruit.lotte.co.kr) 전형절차 지원서 접수 서류전형 조직적합진단/면접전형 (4월 4~5주차) 처우협의/평판조회 건강검진 최종합격 기타사항 - 채용청탁 등 부정한 행위에 관련된 경우 입사(합격)가 취소되며 향후 응시자격 제한 등 불이익을 받을 수 있습니다. - 입사 지원사항 및 자격사항이 사실과 다를 경우, 입사가 취소될 수 있습니다. - 전형 결과는 채용 홈페이지 > 나의채용 메뉴에서 개별 통보 예정입니다. - 기타 문의사항은 FAQ를 확인하신 후, Q&A 통해 추가 문의를 등록 하여 주시기 바랍니다. 지원하기 목록 관련 채용공고 이전 다음 롯데그룹 이용약관 개인정보처리방침 이메일 무단수집거부 COPYRIGHT © 2020 LOTTE INFORMATION CONTACT RECRUIT. All Rights Reserved. 유튜브 페이스북 블로그 롯데그룹계열사 열기 아이디 등록되지 않은 정보입니다. 아이디 또는 비밀번호를 다시 확인해주세요. 아이디를 입력해주세요. 비밀번호 등록되지 않은 정보입니다. 아이디 또는 비밀번호를 다시 확인해주세요. 비밀번호를 입력해주세요. 자동로그인 아이디 찾기 비밀번호 찾기 로그인 채용사이트에 등록한 기존 지원자라면 아이디, 비밀번호로 로그인해주세요. 로그인 후 계정이 연결됩니다. 아이디 등록되지 않은 정보입니다. 아이디 또는 비밀번호를 다시 확인해주세요. 아이디를 입력해주세요. 비밀번호 등록되지 않은 정보입니다. 아이디 또는 비밀번호를 다시 확인해주세요. 비밀번호를 입력해주세요. 아이디 찾기 비밀번호 찾기 로그인 신규 지원자이신가요? 지원 전 회원가입은 필수! 회원가입 내국인·국내거주외국인 이름 등록되지 않은 정보입니다. 입력한 정보를 다시 확인해주세요. 이름을 입력해주세요. 휴대전화 등록되지 않은 정보입니다. 입력한 정보를 다시 확인해주세요. 휴대전화 번호를 입력해주세요. 취소 아이디 찾기 재외국민·국외거주외국인 이름 등록되지 않은 정보입니다. 입력한 정보를 다시 확인해주세요. 이름을 입력해주세요. 이메일 @ 이메일 주소 hanmail.net hotmail.com naver.com nate.com daum.net gmail.com 직접입력 등록되지 않은 정보입니다. 입력한 정보를 다시 확인해주세요. 이메일ID 입력 이메일ID를 입력해주세요. 이메일 선택 이메일을 선택해주세요. 취소 아이디 찾기 지원자님의 아이디는 abc12** 가입일:2020.0304 개인정보보호를 위해 아이디 뒷자리는 **로 표시됩니다. 전체 아이디 확인 휴대폰 인증하기 전체 아이디를 확인하기 위해서는 휴대폰 인증이 필요합니다. 지원자 님의 아이디는 abc12** 가입일:2020.0304 지원자 님의 아이디는 abc1234 가입일:2020.0304 내국인·국내거주외국인 아이디 등록되지 않은 정보입니다. 아이디 또는 비밀번호를 다시 확인해주세요. 아이디를 입력해주세요. 이름 등록되지 않은 정보입니다. 아이디 또는 비밀번호를 다시 확인해주세요. 이름을 입력해주세요. 취소 휴대폰 인증 재외국민·국외거주외국인 아이디 등록되지 않은 정보입니다. 입력한 정보를 다시 확인해주세요. 아이디를 입력해주세요. 이름 등록되지 않은 정보입니다. 입력한 정보를 다시 확인해주세요. 이름을 입력해주세요. 이메일 @ 이메일 주소 hanmail.net hotmail.com naver.com nate.com daum.net gmail.com 직접입력 인증번호 발송 등록되","지원서 접수 서류전형 조직적합진단/면접전형 (4월 4~5주차) 처우협의/평판조회 건강검진 최종합격 기타사항 - 채용청탁 등 부정한 행위에 관련된 경우 입사(합격)가 취소되며 향후 응시자격 제한 등 불이익을 받을 수 있습니다. - 입사 지원사항 및 자격사항이 사실과 다를 경우, 입사가 취소될 수 있습니다. - 전형 결과는 채용 홈페이지 > 나의채용 메뉴에서 개별 통보 예정입니다. - 기타 문의사항은 FAQ를 확인하신 후, Q&A 통해 추가 문의를 등록 하여 주시기 바랍니다. 지원하기 목록 관련 채용공고 이전 다음 롯데그룹 이용약관 개인정보처리방침 이메일 무단수집거부 COPYRIGHT © 2020 LOTTE INFORMATION CONTACT RECRUIT. All Rights Reserved. 유튜브 페이스북 블로그 롯데그룹계열사 열기 아이디 등록되지 않은 정보입니다. 아이디 또는 비밀번호를 다시 확인해주세요. 아이디를 입력해주세요. 비밀번호 등록되지 않은 정보입니다. 아이디 또는 비밀번호를 다시 확인해주세요. 비밀번호를 입력해주세요. 자동로그인 아이디 찾기 비밀번호 찾기 로그인 채용사이트에 등록한 기존 지원자라면 아이디, 비밀번호로 로그인해주세요. 로그인 후 계정이 연결됩니다. 아이디 등록되지 않은 정보입니다. 아이디 또는 비밀번호를 다시 확인해주세요. 아이디를 입력해주세요. 비밀번호 등록되지 않은 정보입니다. 아이디 또는 비밀번호를 다시 확인해주세요. 비밀번호를 입력해주세요. 아이디 찾기 비밀번호 찾기 로그인 신규 지원자이신가요? 지원 전 회원가입은 필수! 회원가입 내국인·국내거주외국인 이름 등록되지 않은 정보입니다. 입력한 정보를 다시 확인해주세요. 이름을 입력해주세요. 휴대전화 등록되지 않은 정보입니다. 입력한 정보를 다시 확인해주세요. 휴대전화 번호를 입력해주세요. 취소 아이디 찾기 재외국민·국외거주외국인 이름 등록되지 않은 정보입니다. 입력한 정보를 다시 확인해주세요. 이름을 입력해주세요. 이메일 @ 이메일 주소 hanmail.net hotmail.com naver.com nate.com daum.net gmail.com 직접입력 등록되지 않은 정보입니다. 입력한 정보를 다시 확인해주세요. 이메일ID 입력 이메일ID를 입력해주세요. 이메일 선택 이메일을 선택해주세요. 취소 아이디 찾기 지원자님의 아이디는 abc12** 가입일:2020.0304 개인정보보호를 위해 아이디 뒷자리는 **로 표시됩니다. 전체 아이디 확인 휴대폰 인증하기 전체 아이디를 확인하기 위해서는 휴대폰 인증이 필요합니다. 지원자 님의 아이디는 abc12** 가입일:2020.0304 지원자 님의 아이디는 abc1234 가입일:2020.0304 내국인·국내거주외국인 아이디 등록되지 않은 정보입니다. 아이디 또는 비밀번호를 다시 확인해주세요. 아이디를 입력해주세요. 이름 등록되지 않은 정보입니다. 아이디 또는 비밀번호를 다시 확인해주세요. 이름을 입력해주세요. 취소 휴대폰 인증 재외국민·국외거주외국인 아이디 등록되지 않은 정보입니다. 입력한 정보를 다시 확인해주세요. 아이디를 입력해주세요. 이름 등록되지 않은 정보입니다. 입력한 정보를 다시 확인해주세요. 이름을 입력해주세요. 이메일 @ 이메일 주소 hanmail.net hotmail.com naver.com nate.com daum.net gmail.com 직접입력 인증번호 발송 등록되지 않은 정보입니다. 입력한 정보를 다시 확인해주세요. 이메일ID 입력 이메일ID를 입력해주세요. 이메일 선택 이메일을 선택해주세요. 인증번호 입력 3:00 시간연장 등록되지 않은 정보입니다. 아이디 또는 비밀번호를 다시 확인해주세요. 이메일 인증을 먼저 진행해주세요. 인증번호를 입력해주세요. 인증번호가 일치하지 않습니다. 인증번호를 확인해주세요. 입력하신 이메일 주소로 인증번호가 발송되었습니다. 네트워크 상황에 따라 1~5분 정도 소요될 수 있습니다. 취소 비밀번호 재설정 닫기 영문 대소문자, 특수문자, 숫자를 조합해 주세요. 8~20자 이내로 작성해 주세요. 개인 정보를 포함하지 마세요.(아이디, 생일, 휴대","건강검진","","서울","계약직","","","2026-02-25","2026-03-27","active","2026-04-04T03:45:57.737874","2026-04-04T03:45:57.737884","True"
"195","226","몰로코코리아","채용 정보","https://www.moloco.com/ko/careers","솔루션 Moloco Ads 앱 마케터를 위한 퍼포먼스 광고 솔루션 Moloco Commerce Media 커머스 플랫폼을 위한 광고 수익화 솔루션 Moloco Streaming Monetization 스트리밍 플랫폼을 위한 광고 수익화 솔루션 몰로코 SDK 앱 퍼블리셔를 위한 수익화 솔루션 리소스 블로그 리포트 및 웨비나 고객 성공사례 이벤트 Moloco 도움말 센터 Moloco Ads 개발자 허브 Commerce Media 개발자 허브 회사 몰로코 소개 채용 뉴스룸 채용 정보 비즈니스의 무한한 가능성을 현실로 만드는 AI 기술의 여정에 함께하세요. Join the Moloco team and help shape the future of Artificial Intelligence powder performance advertising. Explore open Moloco jobs and roles and grow your career with a global, innovative team. 채용 공고 보기 혼자가 아닌 함께 하는 성장 몰로코는 업계 최고 수준의 기술력과 견고한 비즈니스 기반 위에 따뜻한 조직 문화를 더한 글로벌 테크 기업입니다. 빠르게 변화하는 시장에서 커리어의 성장을 실현할 수 있는 최고의 환경을 제공하며, 몰로코는 더 큰 가치와 임팩트를 만들어갈 인재와 함께 나아갑니다. 채용 공고 보기 Internship Program Why Moloco? 1 기술력 몰로코의 사명은 전 세계 모든 규모의 비즈니스가 머신러닝 기술을 통해 성장할 수 있도록 지원하고, 나아가 디지털 경제의 혁신을 이끄는 것입니다. 몰로코는 기술 그 자체보다는, 고객의 성공으로 이어지는 실질적인 성과를 만들어내는 솔루션에 집중합니다. 수익으로 연결되는 지속 가능한 비즈니스 가치를 창출하는 것, 그것이 바로 몰로코 기술의 본질이자 경쟁력입니다. 2 몰로코의 프로덕트들 Moloco Ads 퍼포먼스 마케터를 위한 광고 자동화 플랫폼으로, 전 세계 300만 개 이상의 앱에서 가장 참여도 높은 유저들을 고객으로 전환하는 AI 기반 광고 솔루션입니다. Moloco Commerce Media 몰로코의 AI 기반 커머스 미디어 플랫폼은 커머스를 이용하는 고객의 니즈를 예측하여 더 나은 쇼핑 경험을 제공하고, 광고 성과 및 광고 지면의 가치를 극대화합니다. 몰로코 수익화 솔루션 스트리밍, OTT, CTV 플랫폼을 위한 AI 기반의 풀퍼널 광고 스택으로, 시청 경험은 해치지 않으면서도 광고 수익과 성과를 높일 수 있습니다. 3 최고의 인재들과 함께하는 성장 몰로코의 가장 큰 경쟁력은 ‘사람’입니다. Google, Amazon, YouTube, Meta 등 글로벌 빅테크에서 머신러닝 시스템을 구축해온 최고 수준의 기술 인재들과 함께 일하며, 기술의 한계를 뛰어넘는 협업과 혁신을 경험할 수 있습니다. 몰로코는 함께 성장하고, 함께 산업의 변화를 이끌어가는 팀을 만들어가고 있습니다. 4 빠르게 성장 중인 탄탄한 테크 기업 몰로코는 기술 스타트업으로서는 드물게, 성장성과 수익성, 재무 안정성을 모두 갖춘 기업입니다. 외부 투자에 의존하지 않고도 견고한 성장을 이어가고 있으며, Fidelity Management & Research 등 글로벌 유수의 투자사들로부터 신뢰를 받고 있습니다. 5년 만에 매출 100만 달러에서 1억 달러를 넘어, 현재는 2억 달러 이상으로 빠르게 성장 중이며, 이러한 성장 속도와 규모는 최근 IPO를 진행한 다수의 기업을 앞서고 있습니다. 모두 보기 몰로코의 기업 가치 Lead With Humility 모든 의견을 존중하는 열린 자세는 협업의 출발점입니다. 우리는 성공과 실패, 그리고 그 안의 배움을 함께 나눕니다. 건설적인 피드백과 각자의 역할에 최선을 다하는 자세는, 몰로코가 더 나은 방향으로 나아가는 데 있어 중요한 밑거름이 됩니다. Uncapped Growth Mindset 함께하는 모든 과정을 배움과 성장의 기회로 생각합니다. 다양한 시각을 존중하고, 호기심과 실험을 통해 가능성의 경계를 끊임없이 넓혀갑니다. Create Real Value 집중과 선택을 통해 더 큰 임팩트를 만들어냅니다. 의미 있는 도전에 앞장서고, 지속 가능한 가치를 실현함으로써 고객과 함께 성장하고 성공을 만들어갑니다. Go Further Together 우리는 하나의 팀으로, 하나의 비전과 목표를 향해 나아갑니다. 협업은 선택이 아니라 문화이며, 서로가 서로의 성공을 함께 이뤄냅니다. 위치 전 세계의 몰로코 오피스 실리콘 밸리 (본사) 135 Commonwealth Drive, Menlo Park, CA 94025 샌프란시스코 88 Kearny St 21st Floor, San Francisco, CA 94108 시애틀 701 5th Ave. Suite 6300 Seattle, WA 98104 뉴욕 56 West 22nd Street, 4th, New York, NY 10010 베이징 2828, Level 28, China World office No. 1 Jianguomenwai Avenue, Chaoyang, Beijing China 100004 런던 22 Berners Street, London, W1T 3LP 서울 8,9th Floor, 231, Teheran-ro, Gangnam-gu, Seoul, Republic of Korea 싱가포르 138 Market Street #06-21/22 CapitaGreen Singapore 048946 도쿄 Shibuya Scramble Square 39F, 2-24-12 Shibuya, Shibuya-ku, Tokyo 150-6139 구르가온, 인도 Wework Two Horizon Centre 5th Floor, DLF Two Horizon Centre, DLF Phase 5, Gurugram, Haryana 122002 로스앤젤레스 10000 Washington Blvd, Culver City, CA 90232 베를린 Mindspace, c/o Moloco Uhlandstraße 32, 10719, Berlin, Germany 방갈로르 Whitefield, Survey No. 192, Whitefield Main Road, B Narayanapura, Mahadevapura, Bangalore, KA 560016 텔 아비브 Yigal Alon St 114, Tel Aviv-Jaffa, Israel 원격 근무 원격 근무 채용 공고 보기 몰로코 임직원과 가족들의 건강하고 행복한 일상을 위한 복지 혜택 임직원과 가족의 건강을 위한 치과비용, 의료실비 지원 등 다양한 건강보험 혜택 및 건강검진 프로그램을 제공합니다. Calm과 Spring Health를 통해 정서적 안정과 일상 회복을 돕는 웰니스 프로그램도 함께 지원합니다. 지속적인 임직원들의 성장을 지원하기 위한 프로그램 몰로코는 임직원의 지속적인 성장을 중요하게 생각합니다. 각 커리어의 단계에 따른 성장을 위한 다양한 코칭, 교육 프로그램을 운영하고, 지속적인 배움과 발전을 위한 연간 교육비를 지원합니다. Global 인재로 성장하기 위하여 필요한 다양한 형태의 영어수업도 운영합니다. 몰입도 높은 업무 환경을 위한 지원 매일 다양한 메뉴로 오피스에서 제공하는 점심 식사와 언제든 가볍게 즐길 수 있는 건강한 간식 및 음료가 사무실 곳곳의 마이크로키친에 마련되어 있습니다. 집에서도 회사에서와 같은 업무 환경을 지원하기 위한 홈 오피스 구축 비용과 인터넷 사용 비용, 출퇴근을 위한 교통비, 통신비를 지원합니다. 출산 및 육아휴직 제도 소중한 가족을 맞이하는 기쁨의 순간을 충분히 누릴 수 있도록, 임직원의 출산 및 육아를 위한 법정 제도 이상의 휴가 제도를 운영합니다. 유연한 근무 환경과 휴가 제도 몰로코의 유연한 휴가 정책은 직원들을 신뢰하고 그들의 삶과 가족을 지원하며 최고의 인재를 유치하고 유지하기 위한 제도입니다. 자유로운 출퇴근 시간, 매 분기별 Global 하게 운영되는 회사 전체 휴무일인 Moloco Thrive Days, 법정연차를 넘어서는 무제한 휴가 제도를 운영합니다. 몰로코의 보상 철학 몰로코는 회사의 성장과 연계해 뛰어난 성과를 낸 직원에게 업계 최고 수준의 경쟁력 있는 보상을 제공합니다. 재정 건전성과 비용 효율성도 함께 고려하며, 구성원 모두에게 지속 가능하고 의미 있는 보상을 실현합니다. ""It is rewarding to partner with the business to build processes, policies and teams that are sustainable that meet the needs of the business today and beyond."" Dharti Patel Chief Accounting Officer ""I’ve always been motivated by solving complex problems and the beauty of data-informed decision making."" ‍ Andrew Ahn ‍ Senior Director, Product Management ""Here at Moloco, everyone contributes proactively because they 'want to', not because they are 'told’ what to do.""""I’ve always been motivated by solving complex problems and the beauty of data-informed decision making."" ‍ Jinkook Kang, Staff Software Engineer ""As an engineering manager, I care deeply about understanding the motivations and goals of the people I work with.""""Here at Moloco, everyone contributes proactively because they 'want to', not because they are 'told’ what to do.""""I’ve always been motivated by solving complex problems and the beau","","","es, policies and teams that are sustainable that meet the needs of the business today and beyond."" Dharti Patel Chief Accounting Officer ""I’ve always been motivated by solving complex problems and the beauty of data-informed decision making."" ‍ Andrew Ahn ‍ Senior Director, Product Management ""Here at Moloco, everyone contributes proactively because they 'want to', not because they are 'told’ what to do.""""I’ve always been motivated by solving complex problems and the beauty of data-informed decision making."" ‍ Jinkook Kang, Staff Software Engineer ""As an engineering manager, I care deeply about understanding the motivations and goals of the people I work with.""""Here at Moloco, everyone contributes proactively because they 'want to', not because they are 'told’ what to do.""""I’ve always been motivated by solving complex problems and the beauty of data-informed decision making."" ‍ Ted Romer Engineering Manager “At Moloco, each individual's efforts are acknowledged and directly affect the company's success."" ‍ Jiyoung Heo ‍ HR Business Partner, APAC Moloco Thrive 임직원들이 일상 속에서 몰로코의 핵심 가치를 실천하고 업무에서도 업무 밖의 영역에서도 의미 있는 성취감과 삶의 균형을 실현 할 수 있도록 돕는 프로그램입니다. 세계 곳곳 다양한 커뮤니티에 긍정적인 영향을 지속적으로 확산시키기 위해, 진정성, 겸손, 포용의 가치를 바탕으로 임직원의 사회공헌을 장려하는 몰로코의 사회공헌 프로그램입니다. 임직원과 가족 모두가 건강하고 안정된 삶을 누릴 수 있도록 다양한","건강검진, 교육비","","서울","","1억","","","","active","2026-04-04T03:48:43.582891","2026-04-04T03:48:43.582918","True"
"196","239","에이아이매틱스","A.I.matics - Careers","https://www.aimatics.ai/careers/jobs","Careers Careers Careers A.I.Matics와 함께 행복한 내일을 만들어갈 인재를 찾습니다. 여러분의 열정을 유감없이 발휘할 수 있는 곳, A.I.Matics에 많은 지원 바랍니다. A.I.Matics와 함께 행복한 내일을 만들어갈 인재를 찾습니다. 여러분의 열정을 유감없이 발휘할 수 있는 곳, A.I.Matics에 많은 지원 바랍니다. A.I.Matics와 함께 행복한 내일을 만들어갈 인재를 찾습니다. 여러분의 열정을 유감없이 발휘할 수 있는 곳, A.I.Matics에 많은 지원 바랍니다. 전체 개발 전략/마케팅 사업 회계 인사 AI 알고리즘 개발자 개발 / 신입∙경력 / 정규 D- 61 ~ 2026. 5. 30. 지원하기 Machine Vision 설비 연동 SW 개발 및 AI 알고리즘 개발자 개발 / 신입∙경력 / 정규 D- 1 ~ 2026. 3. 31. 지원하기 전체 개발 전략/마케팅 사업 회계 인사 AI 알고리즘 개발자 개발 / 신입∙경력 / 정규 D- 61 ~ 2026. 5. 30. 지원하기 Machine Vision 설비 연동 SW 개발 및 AI 알고리즘 개발자 개발 / 신입∙경력 / 정규 D- 1 ~ 2026. 3. 31. 지원하기 전체 개발 전략/마케팅 사업 회계 인사 AI 알고리즘 개발자 개발 / 신입∙경력 / 정규 D- 61 ~ 2026. 5. 30. 지원하기 Machine Vision 설비 연동 SW 개발 및 AI 알고리즘 개발자 개발 / 신입∙경력 / 정규 D- 1 ~ 2026. 3. 31. 지원하기 A.I.MATICS와 지금 시작하세요 Contact Us A.I.MATICS와 지금 시작하세요 Contact Us Company About Careers Use Case Tech Blog Company News Technology aimNet Video Context Understanding AI Agent Aim Automatic Training System Solution by Use Case 운전자 행동 인식 (DMS) 주행상황 판단 솔루션 Driver Behavior Scoring 이상징후 판단 솔루션 신원식별 (FACE ID) 프라이버시 보호 이상 행동 인지 솔루션 군중 밀집도 모니터링 Solution by Industry AI Driver 안전 운전 솔루션 AI Vision Inspection In-to-Out Process Monitoring AI 비전 시큐리티 시스템 부정맥 이상 판단 솔루션 AI Virtual Agent CEO Hoon Lee Phone 031-608-9780 Email sales@aimatics.ai 4F, Uniquest Building, 314, Hwangsaeul-ro, Bundang-gu, Seongnam-si, Gyeonggi-do","","","Monitoring AI 비전 시큐리티 시스템 부정맥 이상 판단 솔루션 AI Virtual Agent CEO Hoon Lee Phone 031-608-9780 Email sales@aimatics.ai 4F, Uniquest Building, 314, Hwangsaeul-ro, Bundang-gu, Seongnam-si, Gyeonggi-do Copyright © A.I.MATICS. All Rights Reserved. Priavacy Policy Terms of Service Company About Careers Use Case Tech Blog Company News Technology aimNet Video Context Understanding AI Agent Aim Automatic Training System Solution by Use Case 운전자 행동 인식 (DMS) 주행상황 판단 솔루션 Driver Behavior Scoring 이상징후 판단 솔루션 신원식별 (FACE ID) 프라이버시 보호 이상 행동 인지 솔루션 군중 밀집도 모니터링 Solution by Industry AI Driver 안전 운전 솔루션 AI Vision Inspection In-to-Out","","","","","","","2026-04-30","2026-05-30","active","2026-04-04T03:49:54.124344","2026-04-04T03:49:54.124376","True"
"197","244","리벨리온","Join our Revolution","https://kr.rebellions.ai/careers","Products REBEL RebelServer™ ATOM™ ATOM™-Max Server ATOM™-Max POD Software Enterprise Al Solution Applications Use Cases Customer Stories Developers Model Zoo SDK Docs Resources White Papers Publications Blogs Tutorials Videos Company About Careers Newsroom Events 도입 문의하기 Korean English Japanese KR English Japanese Products REBEL RebelServer™ ATOM™ ATOM™-Max Server ATOM™-Max POD Software Enterprise Al Solution Applications Use Cases Customer Stories Developers Model Zoo SDK Docs Resources White Papers Publications Blogs Tutorials Videos Company About Careers Newsroom Events 도입 문의하기 Korean English Japanese Join our Revolution AI반도체 스타트업 리벨리온에서 함께 할 동료를 찾습니다. Job openings Job Group Job Title Job Group Framework Software Job Title Framework Software Engineer Job Group Hardware Job Title System Power Validation Engineer Job Group Hardware Job Title Network Software Engineer Job Group Hardware Job Title SoC Design Verification Engineer Job Group Hardware Job Title IP Design Verification Engineer Job Group Hardware Job Title Design Validation Engineer Job Group Hardware Job Title SoC/Top Design Engineer Job Group Hardware Job Title Semiconductor Project Manager Job Group Hardware Job Title Physical Design Engineer - Frontend Job Group Hardware Job Title Physical Implementation Engineer - DFT Job Group Hardware Job Title Physical Design Engineer - Backend Job Group Hardware Job Title SoC/Subsystem Design Engineer Job Group Hardware Job Title Package PI/SI Engineer Job Group Hardware Job Title IP Design Engineer Job Group Hardware Job Title SoC Architect for Scale-Up and Scale-Out Job Group Hardware Job Title SoC Power Architecture Engineer Job Group Hardware Job Title SoC Clock, Reset and Peripheral Architecture Engineer Job Group Operation Job Title Finance Manager Job Group Operation Job Title Treasury Manager Job Group Operation Job Title Korea Public Relations Lead Job Group Software Job Title NPU Library Software Engineer Job Group Software Job Title NPU Runtime Software Engineer Job Group System Hardware Job Title [채용전환형 인턴] System Hardware Test Engineer Job Group System Software Job Title PCIe Firmware Engineer Job Group System Software Job Title Ethernet Firmware Engineer Job Group System Software Job Title System Software Test Architect Job Group System Software Job Title SoC System Software Engineer (ARM/RISC-V Architectures) Job Group System Software Job Title Collective Communication Library Engineer (Software) Job Group System Software Job Title NPU Kernel Driver Engineer Job Group Talent Pool Job Title Talent Pool (Non-Tech) Job Group Talent Pool Job Title Talent Pool (Tech/전문연구요원) Job Group Talent Pool Job Title Talent Pool (Internship) 모든 포지션에서 전문연구요원(신규 편입, 전직) 지원이 가능합니다. 채용공고 확인하기 Where You Can Find Us Korea 3F, 6 Jeongjail-ro 156beon-gil, Bundang-gu, Seongnam-si, Gyeonggi-do, Korea Get directions Untied States - Rebellions America Inc. 2245 Augustine Drive Suite 150, Santa Clara, CA 95054 Get directions Japan Toranomon Hills Business Tower 15F, 1-17-1 Toranomon, Minato-ku, Tokyo, Japan Get directions Saudi Arabia – MENA Region HQ SA Riyadh #4303, Ask Shaikh Ali Al Hamad As Salihi Street, Al Nakheel District Get directions 도입 문의하기 대규모 AI 프로젝트부터 맞춤형 솔루션까지, 리벨리온과 함께라면 가능합니다. 리벨리온에 문의하고 싶으신 내용을 남겨주세요. Products RebelServer™ ATOM™-Max Server ATOM™-Max POD Enterprise Al Solution Applications Use Cases Customer Stories Developers Model Zoo SDK Docs Resources White Papers Publications Tutorials Blogs Videos Company About Careers Newsroom Events Legal Cookie Policy Privacy Policy 도입 문의하기 3F, 6 Jeongjail-ro 156beon-gil, Bundang-gu, Seongnam-si, Gyeonggi-do, Korea © 2026 Rebellions Inc.","","Products REBEL RebelServer™ ATOM™ ATOM™-Max Server ATOM™-Max POD Software Enterprise Al Solution Applications Use Cases Customer Stories Developers Model Zoo SDK Docs Resources White Papers Publications Blogs Tutorials Videos Company About Careers Newsroom Events 도입 문의하기 Korean English Japanese KR English Japanese Products REBEL RebelServer™ ATOM™ ATOM™-Max Server ATOM™-Max POD Software Enterprise Al Solution Applications Use Cases Customer Stories Developers Model Zoo SDK Docs Resources White Papers Publications Blogs Tutorials Videos Company About Careers Newsroom Events 도입 문의하기 Korean English Japanese Join our Revolution AI반도체 스타트업 리벨리온에서 함께 할 동료를 찾습니다. Job openings Job Group Job Title Job Group Framework Software Job Title Framework Software Engineer Job Group Hardware Job Title System Power Validation Engineer Job Group Hardware Job Title Network Software Engineer Job Group Hardware Job Title SoC Design Verification Engineer Job Group Hardware Job Title IP Design Verification Engineer Job Group Hardware Job Title Design Validation Engineer Job Group Hardware Job Title SoC/Top Design Engineer Job Group Hardware Job Title Semiconductor Project Manager Job Group Hardware Job Title Physical Design Engineer - Frontend Job Group Hardware Job Title Physical Implementation Engineer - DFT Job Group Hardware Job Title Physical Design Engineer - Backend Job Group Hardware Job Title SoC/Subsystem Design Engineer Job Group Hardware Job Title Package PI/SI Engineer Job Group Hardware Job Title IP Design Engineer Job Group Hardware Job Title SoC Architect for Scale-Up and Scale-Out Job Group Hardware Job Title SoC Power Architecture Engineer Job Group Hardware Job Title SoC Clock, Reset and Peripheral Architecture Engineer Job Group Operation Job Title Finance Manager Job Group Operation Job Title Treasury Manager Job Group Operation Job Title Korea Public Relations Lead Job Group Software Job Title NPU Library Software Engineer Job Group Software Job Title NPU Runtime Softwa","","","","","인턴","","","","","active","2026-04-04T03:50:34.920112","2026-04-04T03:50:34.920135","True"
"198","274","(주)두리안정보기술","채용안내","http://www.durianit.co.kr/durianit/recruit.html","채용안내 두리안정보기술의 미래, Durian 人 을 지금 찾습니다. 두리안人(durain)은 새로운 것에 도전하는 열정적인 두리안정보기술의 구성원을 뜻합니다.두리안정보기술과 함께 할 당신을 기다리고 있습니다. 주저하지 말고 문을 두드리세요 두리안정보기술 이력서 양식 다운받기 〉 두리안정보기술을 보다 성숙시켜 나갈 열정과 책임감 을 갖춘 글로벌 인재를 찾습니다. 열정적인 Durian 작은 일에도 책임감을 가지고 매사 최선을 다하는 열정을 가진 인재. 일의 성과뿐만 아니라 꾸준한 자기 개발을 하고 노력하는 인재 도전하는 Durian 미래지향적인 도전의식과 창의성을 바탕으로 새로운 기술과 성장동력을 찾기 위해 끊임 없이 연구하여 변화와 혁신을 추구하는 역동적인 인재 소통하는 Durian 어디서든 자신의 생각을 표한하고 타인과 의사소통을 할 수 있는 커뮤니케이션 능력을 보유한 인재 창의적인 Durian 기술 선도 사업을 영위하는 IT기업으로서 기존의 형식을 타파하고 발상의 전환과 창의성을 가지고 새로운 아이디어 도출과 문제 해결할 수 있는 인재","","","","","","","","","","","","active","2026-04-04T03:51:14.006881","2026-04-04T03:51:14.006901","True"
"199","279","부산대학교 산학협력단","정보서비스","https://sanhak.pusan.ac.kr/sanhak/boardview/10/18","부산대학교 산학협력단(RISE사업) 사업직원 채용 공고 create 인사실 access_time 2026.01.26 16:13 visibility 153 첨부파일 산학협력단(RISE사업) 사업직원 공개채용 공고.hwp 부산대학교 산학협력단 신규채용 온라인 지원서 등록 방법.pdf 부산대학교 산학협력단에서 RISE사업을 추진할 사업직원을 채용하고자 다음과 같이 공개 모집 하오니 많은 지원 바랍니다 . 1. 채용 예정 직급 및 모집인원 : 전임연구원 1명 2. 근무 부서: 부산대학교 산학협력단 3. 원서 접수 기 간: 2026. 1. 26.(월 ) ~ 2. 1.(일 ) 24 시까지 4. 서류 전형 합격자 발표(예정): 2026. 2. 5.(목 ) 5. 면접 전형(예정): 2026. 2. 10.(화 ) 6. 최종 합격자 발표(예정): 2026. 2. 12.(목 ) 7. 기타 사항: 사정에 따라 면접 전형 및 최종 합격자 발표 일정이 변경될 수 있으며, 기타 자세한 내용은 공고문을 참고하시기 바랍니다. 8. 공고문 및 지원서 양식: 첨부 파일 참고 navigate_before 이전글 부산대학교 산학협력단(글로컬대학30) 사업직원 채용 공고 다음글 navigate_next 부산대학교 산학협력단(글로컬대학30) 사업직원 채용 공고 목록 close × 비밀번호 * 필수항목 입니다. 비밀번호가 틀렸습니다. 확인 취소","","부산대학교 산학협력단(RISE사업) 사업직원 채용 공고 create 인사실 access_time 2026.01.26 16:13 visibility 153 첨부파일 산학협력단(RISE사업) 사업직원 공개채용 공고.hwp 부산대학교 산학협력단 신규채용 온라인 지원서 등록 방법.pdf 부산대학교 산학협력단에서 RISE사업을 추진할 사업직원을 채용하고자 다음과 같이 공개 모집 하오니 많은 지원 바랍니다 . 1. 채용 예정 직급 및 모집인원 : 전임연구원 1명 2. 근무 부서: 부산대학교 산학협력단 3. 원서 접수 기 간: 2026. 1. 26.(월 ) ~ 2. 1.(일 ) 24 시까지 4. 서류 전형 합격자 발표(예정): 2026. 2. 5.(목 ) 5. 면접 전형(예정): 2026. 2. 10.(화 ) 6. 최종 합격자 발표(예정): 2026. 2. 12.(목 ) 7. 기타 사항: 사정에 따라 면접 전형 및 최종 합격자 발표 일정이 변경될 수 있으며, 기타 자세한 내용은 공고문을 참고하시기 바랍니다. 8. 공고문 및 지원서 양식: 첨부 파일 참고 navigate_before 이전글 부산대학교 산학협력단(글로컬대학30) 사업직원 채용 공고 다음글 navigate_next 부산대학교 산학협력단(글로컬대학30) 사업직원 채용 공고 목록 close × 비밀번호 * 필수항목 입니다. 비밀번호가 틀렸습니다. 확인 취소","","","","부산","","","","2025-12-27","2026-01-26","active","2026-04-04T03:51:47.495023","2026-04-04T03:51:47.495040","True"
"200","279","부산대학교 산학협력단","정보서비스","https://sanhak.pusan.ac.kr/sanhak/boardview/10/20","부산대학교 산학협력단(창업중심대학) 사업직원 채용 공고 create 인사실 access_time 2026.03.06 15:24 visibility 72 첨부파일 부산대학교 산학협력단(창업중심대학) 사업직원 공개채용 공고.hwp 부산대학교 산학협력단 신규채용 온라인 지원서 등록 방법.pdf 부산대학교 산학협력단에서 창업중심대학사업을 추진할 사업직원을 채용하고자 다음과 같이 공개 모집 하오니 많은 지원 바랍니다 . 1. 채용 예정 직급 및 모집인원 : 사무원 2명 2. 근무 부서: 부산대학교 산학협력단 3. 원서 접수 기 간: 2026. 3. 6.(금 ) ~ 3. 15.(일 ) 24 시까지 4. 서류 전형 합격자 발표(예정): 2026. 3. 19.(목 ) 5. 면접 전형(예정): 2026. 3. 24.(화 ) 6. 최종 합격자 발표(예정): 2026. 3. 26.(목 ) 7. 기타 사항: 사정에 따라 면접 전형 및 최종 합격자 발표 일정이 변경될 수 있으며, 기타 자세한 내용은 공고문을 참고하시기 바랍니다. 8. 공고문 및 지원서 양식: 첨부 파일 참고 navigate_before 이전글 부산대학교 산학협력단 대체직원 채용 공고 다음글 navigate_next 부산대학교 산학협력단(글로컬대학30) 사업직원 채용 공고 목록 close × 비밀번호 * 필수항목 입니다. 비밀번호가 틀렸습니다. 확인 취소","","부산대학교 산학협력단(창업중심대학) 사업직원 채용 공고 create 인사실 access_time 2026.03.06 15:24 visibility 72 첨부파일 부산대학교 산학협력단(창업중심대학) 사업직원 공개채용 공고.hwp 부산대학교 산학협력단 신규채용 온라인 지원서 등록 방법.pdf 부산대학교 산학협력단에서 창업중심대학사업을 추진할 사업직원을 채용하고자 다음과 같이 공개 모집 하오니 많은 지원 바랍니다 . 1. 채용 예정 직급 및 모집인원 : 사무원 2명 2. 근무 부서: 부산대학교 산학협력단 3. 원서 접수 기 간: 2026. 3. 6.(금 ) ~ 3. 15.(일 ) 24 시까지 4. 서류 전형 합격자 발표(예정): 2026. 3. 19.(목 ) 5. 면접 전형(예정): 2026. 3. 24.(화 ) 6. 최종 합격자 발표(예정): 2026. 3. 26.(목 ) 7. 기타 사항: 사정에 따라 면접 전형 및 최종 합격자 발표 일정이 변경될 수 있으며, 기타 자세한 내용은 공고문을 참고하시기 바랍니다. 8. 공고문 및 지원서 양식: 첨부 파일 참고 navigate_before 이전글 부산대학교 산학협력단 대체직원 채용 공고 다음글 navigate_next 부산대학교 산학협력단(글로컬대학30) 사업직원 채용 공고 목록 close × 비밀번호 * 필수항목 입니다. 비밀번호가 틀렸습니다. 확인 취소","","","","부산","","","","2026-02-04","2026-03-06","active","2026-04-04T03:51:53.800329","2026-04-04T03:51:53.800346","True"
"201","279","부산대학교 산학협력단","정보서비스","https://sanhak.pusan.ac.kr/sanhak/boardview/10/19","부산대학교 산학협력단(글로컬대학30) 사업직원 채용 공고 create 인사실 access_time 2026.03.06 14:54 visibility 72 첨부파일 부산대학교 산학협력단(글로컬대학30) 사업직원 채용 공고.hwp 부산대학교 산학협력단 신규채용 온라인 지원서 등록 방법.pdf 부산대학교 산학협력단에서 글로컬대학30사업을 추진할 사업직원을 채용하고자 다음과 같이 공개 모집 하오니 많은 지원 바랍니다 . 1. 채용 예정 직급 및 모집인원 : 사무원 1명 2. 근무 부서: 부산대학교 산학협력단 3. 원서 접수 기 간: 2026. 3. 6.(금 ) ~ 3. 15.(일 ) 24 시까지 4. 서류 전형 합격자 발표(예정): 2026. 3. 19.(목 ) 5. 면접 전형(예정): 2026. 3. 24.(화 ) 6. 최종 합격자 발표(예정): 2026. 3. 26.(목 ) 7. 기타 사항: 사정에 따라 면접 전형 및 최종 합격자 발표 일정이 변경될 수 있으며, 기타 자세한 내용은 공고문을 참고하시기 바랍니다. 8. 공고문 및 지원서 양식: 첨부 파일 참고 navigate_before 이전글 부산대학교 산학협력단(창업중심대학) 사업직원 채용 공고 다음글 navigate_next 부산대학교 산학협력단(RISE사업) 사업직원 채용 공고 목록 close × 비밀번호 * 필수항목 입니다. 비밀번호가 틀렸습니다. 확인 취소","","","","","","부산","","","","2026-02-04","2026-03-06","active","2026-04-04T03:51:59.339453","2026-04-04T03:51:59.339472","True"
"202","279","부산대학교 산학협력단","정보서비스","https://sanhak.pusan.ac.kr/sanhak/boardview/10/21","부산대학교 산학협력단 대체직원 채용 공고 create 인사실 access_time 2026.03.06 16:10 visibility 104 첨부파일 부산대학교 산학협력단 대체직원 공개채용 공고.hwp 부산대학교 산학협력단 신규채용 온라인 지원서 등록 방법.pdf 부산대학교 산학협력단에서 근무할 대체직원(육아휴직 대체근로자)를 채용하고자 다음과 같이 공개 모집 하오니 많은 지원 바랍니다 . 1. 채용 예정 직급 및 모집인원 : 사무원 1명 2. 근무 부서: 부산대학교 산학협력단(양산캠퍼스) 3. 원서 접수 기 간: 2026. 3. 6.(금 ) ~ 3. 15.(일 ) 24 시까지 4. 서류 전형 합격자 발표(예정): 2026. 3. 19.(목 ) 5. 면접 전형(예정): 2026. 3. 24.(화 ) 6. 최종 합격자 발표(예정): 2026. 3. 26.(목 ) 7. 기타 사항: 사정에 따라 면접 전형 및 최종 합격자 발표 일정이 변경될 수 있으며, 기타 자세한 내용은 공고문을 참고하시기 바랍니다. 8. 공고문 및 지원서 양식: 첨부 파일 참고 navigate_before 이전글 부산대학교 산학협력단 계약직원 채용 공고 다음글 navigate_next 부산대학교 산학협력단(창업중심대학) 사업직원 채용 공고 목록 close × 비밀번호 * 필수항목 입니다. 비밀번호가 틀렸습니다. 확인 취소","","","","","","부산","계약직","","","2026-02-04","2026-03-06","active","2026-04-04T03:52:04.563961","2026-04-04T03:52:04.563976","True"
"203","279","부산대학교 산학협력단","정보서비스","https://sanhak.pusan.ac.kr/sanhak/boardview/10/13","부산대학교 산학협력단(이공계연구생활장려금 지원사업) 사업직원 채용 공고 create 인사실 access_time 2025.12.15 15:20 visibility 160 첨부파일 산학협력단(이공계 연구생활장려금 지원사업) 사업직원 공개채용 공고.hwp 부산대학교 산학협력단 신규채용 온라인 지원서 등록 방법.pdf 부산대학교 산학협력단에서 이공계연구생활장려금 지원사업을 추진할 사업직원을 채용하고자 다음과 같이 공개 모집 하오니 많은 지원 바랍니다 . 1. 채용 예정 직급 및 모집인원 : 사무원 1명 2. 근무 부서: 부산대학교 산학협력단 3. 원서 접수 기 간: 2025. 12. 15.(월 ) ~ 12. 24.(수 ) 18 시까지 4. 서류 전형 합격자 발표(예정): 2025. 12. 31.(수 ) 5. 면접 전형(예정): 2026. 1. 5.(월 ) 6. 최종 합격자 발표(예정): 2026. 1. 7.(수 ) 7. 기타 사항: 사정에 따라 면접 전형 및 최종 합격자 발표 일정이 변경될 수 있으며, 기타 자세한 내용은 공고문을 참고하시기 바랍니다. navigate_before 이전글 부산대학교 산학협력단 모성보호대체근로자 채용 공고 다음글 navigate_next 부산대학교 산학협력단(창업중심대학사업) 사업직원 채용 공고 목록 close × 비밀번호 * 필수항목 입니다. 비밀번호가 틀렸습니다. 확인 취소","","","","","","부산","","","","2025-11-15","2025-12-15","active","2026-04-04T03:52:10.179234","2026-04-04T03:52:10.179253","True"
"204","279","부산대학교 산학협력단","정보서비스","https://sanhak.pusan.ac.kr/sanhak/boardview/10/14","부산대학교 산학협력단 모성보호대체근로자 채용 공고 create 인사실 access_time 2026.01.14 16:27 visibility 101 첨부파일 부산대학교 산학협력단 모성보호대체근로자 공개채용 공고.hwp 부산대학교 산학협력단 신규채용 온라인 지원서 등록 방법.pdf 부산대학교 산학협력단에서 근무할 모성보호대체근로자를 채용하고자 다음과 같이 공개 모집 하오니 많은 지원 바랍니다 . 1. 채용 예정 직종 및 모집인원 : 모성보호대체근로자 2명 2. 근무 부서: 부산대학교 산학협력단(부산캠퍼스 및 양산캠퍼스) 3. 원서 접수 기 간: 2026. 1. 14.(수 ) ~ 1. 23.(금 ) 18 시까지 4. 서류 전형 합격자 발표(예정): 2026. 1. 29.(목 ) 5. 면접 전형(예정): 2026. 2. 5.(목 ) 6. 최종 합격자 발표(예정): 2026. 2. 6.(금 ) 7. 기타 사항: 사정에 따라 면접 전형 및 최종 합격자 발표 일정이 변경될 수 있으며, 기타 자세한 내용은 공고문을 참고하시기 바랍니다. 8. 공고문 및 지원서 양식: 첨부 파일 참고 navigate_before 이전글 부산대학교 산학협력단(창업중심대학사업) 사업직원 채용 공고 다음글 navigate_next 부산대학교 산학협력단(이공계연구생활장려금 지원사업) 사업직원 채용 공고 목록 close × 비밀번호 * 필수항목 입니다. 비밀번호가 틀렸습니다. 확인 취소","","부산대학교 산학협력단 모성보호대체근로자 채용 공고 create 인사실 access_time 2026.01.14 16:27 visibility 101 첨부파일 부산대학교 산학협력단 모성보호대체근로자 공개채용 공고.hwp 부산대학교 산학협력단 신규채용 온라인 지원서 등록 방법.pdf 부산대학교 산학협력단에서 근무할 모성보호대체근로자를 채용하고자 다음과 같이 공개 모집 하오니 많은 지원 바랍니다 . 1. 채용 예정 직종 및 모집인원 : 모성보호대체근로자 2명 2. 근무 부서: 부산대학교 산학협력단(부산캠퍼스 및 양산캠퍼스) 3. 원서 접수 기 간: 2026. 1. 14.(수 ) ~ 1. 23.(금 ) 18 시까지 4. 서류 전형 합격자 발표(예정): 2026. 1. 29.(목 ) 5. 면접 전형(예정): 2026. 2. 5.(목 ) 6. 최종 합격자 발표(예정): 2026. 2. 6.(금 ) 7. 기타 사항: 사정에 따라 면접 전형 및 최종 합격자 발표 일정이 변경될 수 있으며, 기타 자세한 내용은 공고문을 참고하시기 바랍니다. 8. 공고문 및 지원서 양식: 첨부 파일 참고 navigate_before 이전글 부산대학교 산학협력단(창업중심대학사업) 사업직원 채용 공고 다음글 navigate_next 부산대학교 산학협력단(이공계연구생활장려금 지원사업) 사업직원 채용 공고 목록 close × 비밀번호 * 필수항목 입니다. 비밀번호가 틀렸습니다. 확인 취소","","","","부산","","","","2025-12-15","2026-01-14","active","2026-04-04T03:52:17.386440","2026-04-04T03:52:17.386460","True"
"205","279","부산대학교 산학협력단","정보서비스","https://sanhak.pusan.ac.kr/sanhak/boardview/10/15","부산대학교 산학협력단(창업중심대학사업) 사업직원 채용 공고 create 인사실 access_time 2026.01.14 16:50 visibility 136 첨부파일 부산대학교 산학협력단(창업중심대학) 사업직원 공개채용 공고.hwp 부산대학교 산학협력단 신규채용 온라인 지원서 등록 방법.pdf 부산대학교 산학협력단에서 창업중심대학사업을 추진할 사업직원을 채용하고자 다음과 같이 공개 모집 하오니 많은 지원 바랍니다 . 1. 채용 예정 직급 및 모집인원 : 사무원 1명 2. 근무 부서: 부산대학교 산학협력단 3. 원서 접수 기 간: 2026. 1. 14.(수 ) ~ 1. 23.(금 ) 18 시까지 4. 서류 전형 합격자 발표(예정): 2026. 1. 29.(목 ) 5. 면접 전형(예정): 2026. 2. 5.(목 ) 6. 최종 합격자 발표(예정): 2026. 2. 6.(금 ) 7. 기타 사항: 사정에 따라 면접 전형 및 최종 합격자 발표 일정이 변경될 수 있으며, 기타 자세한 내용은 공고문을 참고하시기 바랍니다. 8. 공고문 및 지원서 양식: 첨부 파일 참고 navigate_before 이전글 부산대학교 산학협력단 계약직원 채용 공고 다음글 navigate_next 부산대학교 산학협력단 모성보호대체근로자 채용 공고 목록 close × 비밀번호 * 필수항목 입니다. 비밀번호가 틀렸습니다. 확인 취소","","부산대학교 산학협력단(창업중심대학사업) 사업직원 채용 공고 create 인사실 access_time 2026.01.14 16:50 visibility 136 첨부파일 부산대학교 산학협력단(창업중심대학) 사업직원 공개채용 공고.hwp 부산대학교 산학협력단 신규채용 온라인 지원서 등록 방법.pdf 부산대학교 산학협력단에서 창업중심대학사업을 추진할 사업직원을 채용하고자 다음과 같이 공개 모집 하오니 많은 지원 바랍니다 . 1. 채용 예정 직급 및 모집인원 : 사무원 1명 2. 근무 부서: 부산대학교 산학협력단 3. 원서 접수 기 간: 2026. 1. 14.(수 ) ~ 1. 23.(금 ) 18 시까지 4. 서류 전형 합격자 발표(예정): 2026. 1. 29.(목 ) 5. 면접 전형(예정): 2026. 2. 5.(목 ) 6. 최종 합격자 발표(예정): 2026. 2. 6.(금 ) 7. 기타 사항: 사정에 따라 면접 전형 및 최종 합격자 발표 일정이 변경될 수 있으며, 기타 자세한 내용은 공고문을 참고하시기 바랍니다. 8. 공고문 및 지원서 양식: 첨부 파일 참고 navigate_before 이전글 부산대학교 산학협력단 계약직원 채용 공고 다음글 navigate_next 부산대학교 산학협력단 모성보호대체근로자 채용 공고 목록 close × 비밀번호 * 필수항목 입니다. 비밀번호가 틀렸습니다. 확인 취소","","","","부산","계약직","","","2025-12-15","2026-01-14","active","2026-04-04T03:52:22.666766","2026-04-04T03:52:22.666783","True"
"206","279","부산대학교 산학협력단","정보서비스","https://sanhak.pusan.ac.kr/sanhak/boardview/10/16","부산대학교 산학협력단 계약직원 채용 공고 create 인사실 access_time 2026.01.16 16:19 visibility 202 첨부파일 부산대학교 산학협력단 계약직원 공개채용 공고.hwp 부산대학교 산학협력단 신규채용 온라인 지원서 등록 방법.pdf 부산대학교 산학협력단에서 근무할 계약직원 을 채용하고자 다음과 같이 공개 모집 하오니 많은 지원 바랍니다 . 1. 채용 예정 직급 및 모집인원 : 사무원 1명 2. 근무 부서: 부산대학교 산학협력단 3. 원서 접수 기 간: 2026. 1. 16.(금 ) ~ 1. 23.(금 ) 18 시까지 4. 서류 전형 합격자 발표(예정): 2026. 1. 29.(목 ) 5. 면접 전형(예정): 2026. 2. 5.(목 ) 6. 최종 합격자 발표(예정): 2026. 2. 6.(금 ) 7. 기타 사항: 사정에 따라 면접 전형 및 최종 합격자 발표 일정이 변경될 수 있으며, 기타 자세한 내용은 공고문을 참고하시기 바랍니다. 8. 공고문 및 지원서 양식: 첨부 파일 참고 navigate_before 이전글 부산대학교 산학협력단(글로컬대학30) 사업직원 채용 공고 다음글 navigate_next 부산대학교 산학협력단(창업중심대학사업) 사업직원 채용 공고 목록 close × 비밀번호 * 필수항목 입니다. 비밀번호가 틀렸습니다. 확인 취소","","부산대학교 산학협력단 계약직원 채용 공고 create 인사실 access_time 2026.01.16 16:19 visibility 202 첨부파일 부산대학교 산학협력단 계약직원 공개채용 공고.hwp 부산대학교 산학협력단 신규채용 온라인 지원서 등록 방법.pdf 부산대학교 산학협력단에서 근무할 계약직원 을 채용하고자 다음과 같이 공개 모집 하오니 많은 지원 바랍니다 . 1. 채용 예정 직급 및 모집인원 : 사무원 1명 2. 근무 부서: 부산대학교 산학협력단 3. 원서 접수 기 간: 2026. 1. 16.(금 ) ~ 1. 23.(금 ) 18 시까지 4. 서류 전형 합격자 발표(예정): 2026. 1. 29.(목 ) 5. 면접 전형(예정): 2026. 2. 5.(목 ) 6. 최종 합격자 발표(예정): 2026. 2. 6.(금 ) 7. 기타 사항: 사정에 따라 면접 전형 및 최종 합격자 발표 일정이 변경될 수 있으며, 기타 자세한 내용은 공고문을 참고하시기 바랍니다. 8. 공고문 및 지원서 양식: 첨부 파일 참고 navigate_before 이전글 부산대학교 산학협력단(글로컬대학30) 사업직원 채용 공고 다음글 navigate_next 부산대학교 산학협력단(창업중심대학사업) 사업직원 채용 공고 목록 close × 비밀번호 * 필수항목 입니다. 비밀번호가 틀렸습니다. 확인 취소","","","","부산","계약직","","","2025-12-17","2026-01-16","active","2026-04-04T03:52:27.715642","2026-04-04T03:52:27.715657","True"
"207","279","부산대학교 산학협력단","정보서비스","https://sanhak.pusan.ac.kr/sanhak/boardview/10/17","부산대학교 산학협력단(글로컬대학30) 사업직원 채용 공고 create 인사실 access_time 2026.01.26 16:13 visibility 103 첨부파일 산학협력단(글로컬대학30) 사업직원 공개채용 공고.hwp 부산대학교 산학협력단 신규채용 온라인 지원서 등록 방법.pdf 부산대학교 산학협력단에서 글로컬대학30사업을 추진할 사업직원을 채용하고자 다음과 같이 공개 모집 하오니 많은 지원 바랍니다 . 1. 채용 예정 직급 및 모집인원 : 전임연구원 1명 2. 근무 부서: 부산대학교 산학협력단 3. 원서 접수 기 간: 2026. 1. 26.(월 ) ~ 2. 1.(일 ) 24 시까지 4. 서류 전형 합격자 발표(예정): 2026. 2. 5.(목 ) 5. 면접 전형(예정): 2026. 2. 10.(화 ) 6. 최종 합격자 발표(예정): 2026. 2. 12.(목 ) 7. 기타 사항: 사정에 따라 면접 전형 및 최종 합격자 발표 일정이 변경될 수 있으며, 기타 자세한 내용은 공고문을 참고하시기 바랍니다. 8. 공고문 및 지원서 양식: 첨부 파일 참고 navigate_before 이전글 부산대학교 산학협력단(RISE사업) 사업직원 채용 공고 다음글 navigate_next 부산대학교 산학협력단 계약직원 채용 공고 목록 close × 비밀번호 * 필수항목 입니다. 비밀번호가 틀렸습니다. 확인 취소","","","","","","부산","계약직","","","2025-12-27","2026-01-26","active","2026-04-04T03:52:32.762112","2026-04-04T03:52:32.762131","True"
"208","279","부산대학교 산학협력단","정보서비스","https://sanhak.pusan.ac.kr/sanhak/boardview/10/22","부산대학교 산학협력단 계약직원 채용 공고 create 인사실 access_time 2026.03.06 16:31 visibility 146 첨부파일 부산대학교 산학협력단 계약직원 공개채용 공고.hwp 부산대학교 산학협력단 신규채용 온라인 지원서 등록 방법.pdf 부산대학교 산학협력단에서 근무할 계약직원을 채용하고자 다음과 같이 공개 모집 하오니 많은 지원 바랍니다 . 1. 채용 예정 직급 및 모집인원 : 사무원 1명 2. 근무 부서: 부산대학교 산학협력단 3. 원서 접수 기 간: 2026. 3. 6.(금 ) ~ 3. 15.(일 ) 24 시까지 4. 서류 전형 합격자 발표(예정): 2026. 3. 19.(목 ) 5. 면접 전형(예정): 2026. 3. 24.(화 ) 6. 최종 합격자 발표(예정): 2026. 3. 26.(목 ) 7. 기타 사항: 사정에 따라 면접 전형 및 최종 합격자 발표 일정이 변경될 수 있으며, 기타 자세한 내용은 공고문을 참고하시기 바랍니다. 8. 공고문 및 지원서 양식: 첨부 파일 참고 navigate_before 이전글 이전 게시물이 없습니다. 다음글 navigate_next 부산대학교 산학협력단 대체직원 채용 공고 목록 close × 비밀번호 * 필수항목 입니다. 비밀번호가 틀렸습니다. 확인 취소","","","","","","부산","계약직","","","2026-02-04","2026-03-06","active","2026-04-04T03:52:37.513385","2026-04-04T03:52:37.513408","True"
"209","295","주식회사 비케이아이티","(주) 비케이아이티","http://bkits.co.kr/pages/recruit.html","Home 회사소개 인사말 비젼 연혁 조직도 오시는길 서비스 컨설팅 아웃소싱 시스템통합 솔루션구축 E-biz 솔루션 제조산업 공공사업 환경/에너지 구축사례 제조산업 공공사업 채용정보 BKIT 인재상 채용부분 채용공지 복리후생 고객센터 새소식 공지사항 Home 채용정보 채용부분 채용정보 BKIT인재상 채용부분 채용공지 복리후생 company 대표자 : 정병곤 상호명 : (주)비케이아이티 서울특별시 서초구 논현로 87, B동 1402호 (양재동, 삼호물산빌딩)(우 06775) Mon. - Fri. 9:00am - 18:00pm 대표전화 : +82-2-576-2695 팩스 : +82-2-576-2692 bkit@bkits.co.kr Notice 공지사항입니다 Read more » FirstClass에서 비케이아이티로 개명 하였습니다. Read more » Link","","","","","","서울","","","","","","active","2026-04-04T03:53:10.444178","2026-04-04T03:53:10.444220","True"
"210","295","주식회사 비케이아이티","(주) 비케이아이티","http://bkits.co.kr/pages/people.html","Home 회사소개 인사말 비젼 연혁 조직도 오시는길 서비스 컨설팅 아웃소싱 시스템통합 솔루션구축 E-biz 솔루션 제조산업 공공사업 환경/에너지 구축사례 제조산업 공공사업 채용정보 BKIT 인재상 채용부분 채용공지 복리후생 고객센터 새소식 공지사항 Home 채용정보 BKIT인재상 채용정보 BKIT인재상 채용부분 채용공지 복리후생 company 대표자 : 정병곤 상호명 : (주)비케이아이티 서울특별시 서초구 논현로 87, B동 1402호 (양재동, 삼호물산빌딩)(우 06775) Mon. - Fri. 9:00am - 18:00pm 대표전화 : +82-2-576-2695 팩스 : +82-2-576-2692 bkit@bkits.co.kr Notice 공지사항입니다 Read more » FirstClass에서 비케이아이티로 개명 하였습니다. Read more » Link","","","","","","서울","","","","","","active","2026-04-04T03:53:14.821920","2026-04-04T03:53:14.821943","True"
"211","297","주식회사 코멘토","고객센터","https://comento.kr/career/dreamverse/humax-1","휴맥스 in 메타버스 메타버스에 구축된 휴맥스을 통해 공간 제약 없이 기업이 제공하는 인턴십을 집에서 참여할 수 있습니다. 일 5시간 유연 참여 아르바이트, 학업 등 시간 제약으로 인해 인턴십 참여가 어려웠던 청년들을 위해 유연 참여를 진행합니다. 기초 소양 습득과 실무 경험 휴맥스의 조직 문화를 경험하고 현직자와 함께 현업 과제를 수행하며 실무 경험을 쌓을 수 있습니다. 모집 직무 주요 업무 * 주요 업무 내용은 변경될 수 있습니다. 인원 전략리서치 휴맥스모빌리티 분당 합격 확률 높음 -국내/외 모빌리티 시장 리서치, 트렌드 조사 및 보고서 작성 -휴맥스 모빌리티의 포트폴리오 (주차, 충전 등) 관련 업계, 정책 동향 파악 -Industry / New Tech trend 리서치 및 보고서 작성 10 마케팅 휴맥스모빌리티 분당 [SNS 채널 운영/ 콘텐츠 기획 및 제작] -동종 업계 동향 및 소셜미디어 트렌드 및 레퍼런스 조사 -자사 STP분석 및 전략 도출 -콘텐츠 소재 발굴 및 아이디어 도출 -자사 유튜브 및 블로그 채널 콘텐츠 기획 및 제작 -월별 콘텐츠 발행 스케쥴링 10 디자인 휴맥스모빌리티 분당 [리서치(공통)] -레퍼런스 리서치 및 시장 분석을 통한 디자인 분석 및 도출 [선행 디자인 (공간/제품/그래픽)] -시장 조사 및 사용성 분석 -디자인 방향, 컨셉도출 및 시각화 [디자인 개발] 10 기획 휴맥스모빌리티 분당 -ChatGPT를 활용한 모빌리티 서비스 기획 -시장조사 및 해외사례조사 -세부 서비스 기획 및 화면설계 10 SW개발 휴맥스모빌리티 분당 -통합 이커머스 솔루션 개발을 위한 기능 개발 (쿠팡, 11번가, 지마켓, 옥션, 네이버스마트스토어 등) -상품에 대한 최적의 카테고리 매칭 (json 형태 개발) 10 PR(홍보/마케팅) 휴맥스모빌리티 분당 합격 확률 높음 [PR/바이럴] -주요 모빌리티 기업 홍보 메시지 조사 및 분석 -회사를 알릴 수 있는 홍보기사 컨셉 기획 -바이럴 콘텐츠를 잘 확산 할 수 있는 2030과 4050 타깃 콜라보 채널 분석 -투루차저, 투루파킹, 투루카 등 소비자들에게 어필할 수 있는 포인트 분석 10 HR(채용) 휴맥스모빌리티 분당 합격 확률 높음 [채용브랜딩 및 온보딩 강화] -채용플랫폼 조사 -채용 관련 업계 트렌드, 사례 조사 및 분석 -그룹사 채용사이트 외 채용 콘텐츠 기획 및 제작 -프리보딩&온보딩 교육프로그램 기획 10 HR(교육/제도기획) 휴맥스모빌리티 분당 [인사제도 리서치] -모빌리티업계 및 주요 기업 인사제도 리서치 (호칭, 직급, 조직구조, 성과관리, 복리후생, 보상제도, 기업문화 등) -세대 별(20~50대) 선호 복리후생, 기업문화 등 리서치 (논문, 기사, 칼럼 등) -휴맥스모빌리티그룹에 제안 가능한 기업문화, 인사제도 아이디어 도출 10 -모집 기간 : 8월 21일(월) ~ 4월 3일(금) -서류 합격 발표 : 9월 26일(화) -면접 일정 : 개별 안내 -최종 합격 발표 : 10월 27일(금) -신청일 기준 소정근로시간 주 30시간 이상 또는 사업자 등록 후 소득이 있는 자 -운영기관, 참여기업의 형제 자매 및 친인척 -23년도 고용노동부 주관 일경험 프로그램 참여자 -정부 일경험 지원사업에 참여하여 2회 이상 중도 이탈한 자 -15세 이상 34세 이하 미취업 청년 (군필자 만 39세 한정) -비수도권 청년 우대 -취약계층 청년 우대 -신청하기 후 안내된 사이트에서 서류 제출 -제출 서류 : 휴맥스 드림버스컴퍼니 참여 신청서 (지정 양식) 모집 마감! 혹시 인턴 찾고 있나요? 인턴 찾는 어려움 없이 5주 직무경험 해보세요. 바로가기","","","","","","수도권","인턴","","","","","active","2026-04-04T03:53:51.890862","2026-04-04T03:53:51.890883","True"
"212","297","주식회사 코멘토","고객센터","https://comento.kr/career/dreamverse/isu-1","이수그룹 in 메타버스 메타버스에 구축된 이수그룹을 통해 공간 제약 없이 기업이 제공하는 인턴십을 집에서 참여할 수 있습니다. 일 5시간 유연 참여 아르바이트, 학업 등 시간 제약으로 인해 인턴십 참여가 어려웠던 청년들을 위해 유연 참여를 진행합니다. 기초 소양 습득과 실무 경험 이수그룹의 조직 문화를 경험하고 현직자와 함께 현업 과제를 수행하며 실무 경험을 쌓을 수 있습니다. 모집 직무 주요 업무 * 주요 업무 내용은 변경될 수 있습니다. 인원 인사(채용) (주)이수 서울 -그룹 채용브랜딩 개선 아이디어 도출 (유튜브 컨텐츠 기획, 채용홈페이지 개선, 채용홍보 강화 등) -그룹 채용프로세스 개선 및 효율화 -신규입사자 온보딩 프로그램 기획 5 인사(교육) (주)이수 서울 -신입사원 입문교육 과정 개선 및 프로그램 기획 -직원 리텐션 방안 기획 및 아이디어 도출 -조직내 세대차이 극복을 위한 조직문화 개선안 도출 5 인사 이수시스템 서울 합격 확률 높음 -이수시스템 채용 홍보 기획 -이수그룹이 아닌 이수시스템 자체 소개 기획 -IT기업 특성을 고려한 신규입사자 온보딩 프로그램 개선 -IT 기업 특성을 고려한 재직자 리텐션 프로그램 기획 5 연구개발(SW개발) 이수시스템 서울 합격 확률 높음 -HR 분야의 AI 및 챗봇 활용 트렌드 및 기능, 기업리스트 등 분석 -AI 학습데이터 작성 및 정리 업무 (챗봇 등 서비스에 사용하는 AI 학습용 컨텐츠 제작 및 정리) *Notion 등 필요한 도구 활용 -이수시스템 WORKUP 서비스 내 챗봇 기능 활용한 새로운 콘텐츠 기획 및 학습자료 작성, 테스트 5 -모집 기간 : 8월 21일(월) ~ 4월 3일(금) -서류 합격 발표 : 9월 25일(월) -면접 일정 : 개별 안내 -최종 합격 발표 : 10월 18일(수) -신청일 기준 소정근로시간 주 30시간 이상 또는 사업자 등록 후 소득이 있는 자 -운영기관, 참여기업의 형제 자매 및 친인척 -23년도 고용노동부 주관 일경험 프로그램 참여자 -정부 일경험 지원사업에 참여하여 2회 이상 중도 이탈한 자 -15세 이상 34세 이하 미취업 청년 (군필자 만 39세 한정) -비수도권 청년 우대 -취약계층 청년 우대 -신청하기 후 안내된 사이트에서 서류 제출 -제출 서류 : 이수그룹 드림버스컴퍼니 참여 신청서 (지정 양식) 모집 마감! 혹시 인턴 찾고 있나요? 인턴 찾는 어려움 없이 5주 직무경험 해보세요. 바로가기","","","","","","서울","인턴","","","","","active","2026-04-04T03:53:56.181417","2026-04-04T03:53:56.181440","True"
"213","297","주식회사 코멘토","고객센터","https://comento.kr/career/dreamverse/seohan-1","서한그룹 in 메타버스 메타버스에 구축된 서한그룹을 통해 공간 제약 없이 기업이 제공하는 인턴십을 집에서 참여할 수 있습니다. 일 5시간 유연 참여 아르바이트, 학업 등 시간 제약으로 인해 인턴십 참여가 어려웠던 청년들을 위해 유연 참여를 진행합니다. 기초 소양 습득과 실무 경험 서한그룹의 조직 문화를 경험하고 현직자와 함께 현업 과제를 수행하며 실무 경험을 쌓을 수 있습니다. 모집 직무 주요 업무 * 주요 업무 내용은 변경될 수 있습니다. 인원 품질 한국무브넥스 울산 -품질/공정 관리, 고객 품질 대응 방안 수립 -품질 시스템, 절차 관리 및 개선 10 인사 한국무브넥스 울산 -국내 인사트렌드 (채용, 평가, 보상, 인사 제도) 조사 및 보고서 작성 -대내외 노동관계 (정부 노동 정책, 노동조합 등) 조사 및 보고서 작성 10 품질시스템 서한이노빌리티 충북 진천 합격 확률 높음 -품질 경영 시스템 관리 -고객사 Audit 및 국제 표준 인증 대응 -현장/업무 시스템 점검 및 개선 -품질 시스템 내부 Audit 10 연구개발 서한이노빌리티 충북 진천 -자동차 설계 품질 향상 -자동차 설계 관련 절차서 지침서 개정 -기초 도면 검토 및 작성지원 10 공정기술 서한이노빌리티 충북 진천 합격 확률 높음 -공정 개선 활동 -낭비 제거를 통한 원가 경쟁력 확보 10 IT 기획 기획본부 동탄 합격 확률 높음 -ERP, 그룹웨어 등 시스템 개발 및 운영 지원 -IT Infra 관리 (서버, PC, 네트워크 등) -IT 보안 관리 및 보안 인증 취득 및 유지 -IT 관련 업무 기획 지원 10 영업 캄텍 충북 진천 합격 확률 높음 -영업 진행을 위한 견적산출 -판매가 타당성 평가 및 수익성 개선 -시장조사 보고 (경쟁사 동향 및 신제품 발굴) 10 생산관리 캄텍 충북 진천 합격 확률 높음 -생산계획 수립 및 실적 관리 (가동률 및 Capa 관리) -사내 협력사 관리 -생산 부문 4M 변경 및 ESG 관리 -고객사 출하 계획 수립 및 실적관리 10 -모집 기간 : 10월 24일(화) ~ 4월 3일(금) -서류 합격 발표 : 12월 7일(목) -면접 일정 : 개별 안내 -최종 합격 발표 : 12월 22일(금) -신청일 기준 소정근로시간 주 30시간 이상 또는 사업자 등록 후 소득이 있는 자 -운영기관, 참여기업의 형제 자매 및 친인척 -23년도 고용노동부 주관 일경험 프로그램 참여자 -정부 일경험 지원사업에 참여하여 2회 이상 중도 이탈한 자 -15세 이상 34세 이하 미취업 청년 (군필자 만 39세 한정) -비수도권 청년 우대 -취약계층 청년 우대 -신청하기 후 안내된 사이트에서 서류 제출 -제출 서류 : 서한그룹 드림버스컴퍼니 참여 신청서 (지정 양식) 모집 마감! 혹시 인턴 찾고 있나요? 인턴 찾는 어려움 없이 5주 직무경험 해보세요. 바로가기","","","","","","울산","인턴","","","","","active","2026-04-04T03:54:09.343652","2026-04-04T03:54:09.343689","True"
"214","297","주식회사 코멘토","고객센터","https://comento.kr/career/dreamverse/humax-2","휴맥스 in 메타버스 메타버스에 구축된 휴맥스을 통해 공간 제약 없이 기업이 제공하는 인턴십을 집에서 참여할 수 있습니다. 일 5시간 유연 참여 아르바이트, 학업 등 시간 제약으로 인해 인턴십 참여가 어려웠던 청년들을 위해 유연 참여를 진행합니다. 기초 소양 습득과 실무 경험 휴맥스의 조직 문화를 경험하고 현직자와 함께 현업 과제를 수행하며 실무 경험을 쌓을 수 있습니다. 모집 직무 주요 업무 * 주요 업무 내용은 변경될 수 있습니다. 인원 전략리서치 휴맥스모빌리티 분당 -국내/외 모빌리티 시장 리서치, 트렌드 조사 및 보고서 작성 -휴맥스 모빌리티의 포트폴리오 (주차, 충전 등) 관련 업계, 정책 동향 파악 -Industry / New Tech trend 리서치 및 보고서 작성 10 기획 휴맥스모빌리티 분당 합격 확률 높음 -모빌리티 서비스 기획 -시장조사 및 해외사례조사 -세부 서비스 기획 및 화면설계 20 -모집 기간 : 10월 30일(월) ~ 4월 3일(금) -서류 합격 발표 : 12월 6일(수) -면접 일정 : 개별 안내 -최종 합격 발표 : 12월 21일(목) -신청일 기준 소정근로시간 주 30시간 이상 또는 사업자 등록 후 소득이 있는 자 -운영기관, 참여기업의 형제 자매 및 친인척 -23년도 고용노동부 주관 일경험 프로그램 참여자 -정부 일경험 지원사업에 참여하여 2회 이상 중도 이탈한 자 -15세 이상 34세 이하 미취업 청년 (군필자 만 39세 한정) -비수도권 청년 우대 -취약계층 청년 우대 -신청하기 후 안내된 사이트에서 서류 제출 -제출 서류 : 휴맥스 드림버스컴퍼니 참여 신청서 (지정 양식) 모집 마감! 혹시 인턴 찾고 있나요? 인턴 찾는 어려움 없이 5주 직무경험 해보세요. 바로가기","","","","","","수도권","인턴","","","","","active","2026-04-04T03:54:14.532705","2026-04-04T03:54:14.532732","True"
"215","297","주식회사 코멘토","고객센터","https://comento.kr/career/dreamverse/ybm-2","YBM in 메타버스 메타버스에 구축된 YBM을 통해 공간 제약 없이 기업이 제공하는 인턴십을 집에서 참여할 수 있습니다. 일 5시간 유연 참여 아르바이트, 학업 등 시간 제약으로 인해 인턴십 참여가 어려웠던 청년들을 위해 유연 참여를 진행합니다. 기초 소양 습득과 실무 경험 YBM의 조직 문화를 경험하고 현직자와 함께 현업 과제를 수행하며 실무 경험을 쌓을 수 있습니다. 모집 직무 주요 업무 * 주요 업무 내용은 변경될 수 있습니다. 인원 마케팅 YBM넷 서울 -온라인 어학 학습 관련 20대 고객 대상 FGI 진행 및 결과 분석 -AI 기술을 접목한 신규 학습 서비스 아이디어 도출 -트렌디하고 친근한 이미지로 고객에게 다가가기 위한 브랜드 컨셉 및 메시지 도출 10 IT서비스기획 YBM넷 서울 -경쟁사 및 시장 전반 트렌드 파악 -서비스 및 경쟁력 파악 -자료 및 경쟁사 분석 -서비스 아이데이션 -새로운 온라인 비즈니스 발굴 5 영상 YBM에듀 서울 -e4u센터 강의 별 홍보영상 제작(프리미어프로, 에프터이펙트 등 활용) -지정 강의 불라방으로 체험 후 영상 제작 기획 -사진 및 이미지, 화면효과를 통한 홍보영상 제작 5 마케팅 YBM에듀 서울 합격 확률 높음 -각 강사별 특징을 살려 홈페이지 강사페이지 구성 아이디어 및 제작 -각 과목 별 상세내용 및 대표 과정 소개 구성 아이디어 및 제작 -월별 특정된 마케팅 방향에 따른 홍보 페이지 구성(페이스북/ 웹/ 프로그램지 등) -홈페이지 모니터링 : 롤링배너, 플로팅 배너 등 시기별 디자인 가안 구성 -네이버 블로그/플레이스 관리 : 수강후기, 게시물 및 이웃 관리, 블로그 활용 이벤트 제안 외 -경쟁사 모니터링 및 이슈체크 : 네이버 키워드 광고, 강사 및 이벤트 변동사항 관리 외 20 -모집 기간 : 10월 30일(월) ~ 4월 3일(금) -서류 합격 발표 : 12월 6일(수) -면접 일정 : 개별 안내 -최종 합격 발표 : 12월 21일(목) -신청일 기준 소정근로시간 주 30시간 이상 또는 사업자 등록 후 소득이 있는 자 -운영기관, 참여기업의 형제 자매 및 친인척 -23년도 고용노동부 주관 일경험 프로그램 참여자 -정부 일경험 지원사업에 참여하여 2회 이상 중도 이탈한 자 -15세 이상 34세 이하 미취업 청년 (군필자 만 39세 한정) -비수도권 청년 우대 -취약계층 청년 우대 -신청하기 후 안내된 사이트에서 서류 제출 -제출 서류 : YBM 드림버스컴퍼니 참여 신청서 (지정 양식) 모집 마감! 혹시 인턴 찾고 있나요? 인턴 찾는 어려움 없이 5주 직무경험 해보세요. 바로가기","","","","","","서울","인턴","","","","","active","2026-04-04T03:54:23.753988","2026-04-04T03:54:23.754010","True"
"216","297","주식회사 코멘토","고객센터","https://comento.kr/career/dreamverse/kbds-1","KB데이타시스템 in 메타버스 메타버스에 구축된 KB데이타시스템을 통해 공간 제약 없이 기업이 제공하는 인턴십을 집에서 참여할 수 있습니다. 일 5시간 유연 참여 아르바이트, 학업 등 시간 제약으로 인해 인턴십 참여가 어려웠던 청년들을 위해 유연 참여를 진행합니다. 기초 소양 습득과 실무 경험 KB데이타시스템의 조직 문화를 경험하고 현직자와 함께 현업 과제를 수행하며 실무 경험을 쌓을 수 있습니다. 모집 직무 주요 업무 * 주요 업무 내용은 변경될 수 있습니다. 인원 인프라운영 KB데이타시스템 서울 합격 확률 높음 [네트워크/보안] -NW 구성 설계 및 운영 관리 -Public / Private Cloud 운영 관리 -보안 체계 관리 (정보보안 정책,지침,프로세스 등) -보안 솔루션 및 시스템 구축 및 운영 관리 [서버/DB/미들웨어 운영] -Unix 및 x86 서버 운영/관리 -Public/Private Cloud 운영 관리 -DB 분석/설계/구축/운영 및 관리 -WAS 구축/운영 관리 -WAS (Weblogic/Websphere/Jeus/Apache) 모니터링, 튜닝, 트러블 슈팅 10 어플리케이션 운영 KB데이타시스템 서울 -KB금융그룹(Web/App) 서비스 개발 및 운영 *Java(Spring), Javascript(node.js) 프로그래밍 *DB(Mysql/Oracle), SQL 10 -모집 기간 : 10월 30일(월) ~ 4월 3일(금) -서류 합격 발표 : 12월 7일(목) -면접 일정 : 개별 안내 -최종 합격 발표 : 12월 22일(금) -신청일 기준 소정근로시간 주 30시간 이상 또는 사업자 등록 후 소득이 있는 자 -운영기관, 참여기업의 형제 자매 및 친인척 -23년도 고용노동부 주관 일경험 프로그램 참여자 -정부 일경험 지원사업에 참여하여 2회 이상 중도 이탈한 자 -15세 이상 34세 이하 미취업 청년 (군필자 만 39세 한정) -비수도권 청년 우대 -취약계층 청년 우대 -신청하기 후 안내된 사이트에서 서류 제출 -제출 서류 : KB데이타시스템 드림버스컴퍼니 참여 신청서 (지정 양식) 모집 마감! 혹시 인턴 찾고 있나요? 인턴 찾는 어려움 없이 5주 직무경험 해보세요. 바로가기","","","","","","서울","인턴","","","","","active","2026-04-04T03:54:28.172474","2026-04-04T03:54:28.172497","True"
"217","297","주식회사 코멘토","고객센터","https://comento.kr/career/dreamverse/internz-startup_grow-5","직접 출근하는 인턴형 스타트업에 직접 출근하며 실제 기업의 문화를 경험하고 현직자들과 함께 일해볼 수 있습니다. 40시간의 사전 직무 교육 근무 전 역량을 쌓을 수 있도록, 기본 소양 교육과 직무 심화 교육이 제공됩니다. 직무역량을 쌓는 경험 기성 조직과는 다른 조직문화와 직무 역량을 강화할 수 있는 전문성있는 업무를 경험할 수 있습니다. 경영전략 모집인원 1명 -국내외 시장 데이터 및 마켓 리포트 분석을 통해 주요 시사점 도출 -국내외 경쟁사 및 유관 기업 분석에 필요한 데이터 분석 기반 Projection 및 Modeling 제작 지원 -전략 프로젝트 및 아젠다 관련 Framework(가설) 검증에 필요한 분석 데이터 도출 -Desk Research 수행하여 보고서 컨텐츠 구성 지원 인사/고객관리 모집인원 1명 -채용 온보딩/오프보딩 메뉴얼 작성 -고객관리 프로그램 (CRM) 선정 및 관리 -자사 사업 전략 수립 및 리서치 B2B 영업/마케팅 모집인원 1명 -세일즈 파이프라인 개선 및 전략 수립 -솔루션 신규 고객 발굴 및 세일즈 -제안서, 소개서, 매뉴얼 등 세일즈 필요한 문서 작성 제안서 개발 합격 확률 높음 모집인원 4명 -해외용 IR Deck 고도화 및 해외 VC 미팅 지원 -국내용 IR Deck 고도화 및 국내 VC 미팅 지원 -공공기관 제안서 개발 (수출, 사업화 등) 및 제안서 제출 -파트너사 및 고객사 제안서 개발 해외사업(Front) 모집인원 2명 -글로벌 이메일 보안 솔루션 신규 거래처 발굴 (전시회, 온라인 매칭 등) -글로벌 이메일 보안 솔루션 파트너사 영업 및 사업 개발, 마케팅 지원 -글로벌 이메일 보안 솔루션 사용자 경험 강화를 위한 매뉴얼 고도화 및 기능 구현 확인 -글로벌 이메일 보안 표준 인증 제도 개발 지원 해외사업(기획) 합격 확률 높음 모집인원 4명 -글로벌 이메일 보안 표준 적용 우선 진출 국가 도출 (코트라 활용) 및 해당 국가 파트너사, 고객사 발굴 -글로벌 이메일 보안 표준 ODA 사업 개발 및 관련 부처 미팅 -글로벌 이메일 보안 표준 자격, 검정 비즈니스 기획 해외 영업 합격 확률 높음 모집인원 4명 -파트너사의 세일즈를 위한 교육 자료 구축 -해외 고객사 및 파트너사 제안서 개발 및 프레젠테이션 (프레젠테이션은 녹화하여 해외 상용화도 고려하고 있음) -해외 고객사 및 파트너사 발굴 글로벌 영업지원 모집인원 1명 -해외 거래처 영업 지원 및 박람회 진행 -수출 관련 무역사무 업무 지원 -국가별 인허가 서류 작성 업무 담당 -월별 매출 데이터 취합 및 보고서 작성 인사 총무 모집인원 1명 -사내 총무 업무 지원 -사내 이벤트 운영 및 기획 업무 서포트 경영/행정지원 모집인원 2명 -계약 체결 유지 관리 업무 -회사 전반 경영지원 및 총무업무 -문서관리 및 작성 등 사무업무 -주주총회 이사회 지원 업무 사업 전략/기획 모집인원 1명 -시장리서치 -데이터 분석 -투자 유치 및 집행을 위한 업무 지원 경영지원(인사/총무) 모집인원 1명 -[HR] 전사 타운홀 미팅 운영, 신규입사자 온보딩 지원 등 -[총무] 사내 환경 관리. 사내 매뉴얼 작성, 자료 관리 등 -전사 운영 관련 기타 업무 지원 브랜드/제품 기획 모집인원 1명 -시장리서치 -신규 브랜드/신제품 기획 및 개발 -제조사, 물류사 등 유통라인 관리 -브랜드 운영 관련 기타 업무 지원 경영지원 모집인원 1명 -총무(사내 문서 관리, 소모품 관리, 경영 지원 업무) -운영 지원(고객 CS, 서비스 운영) 재무, 회계 모집인원 1명 -매출,매입 마감 및 기장 -정산(아티스트,투자사,관계사등) -그 외 경영지원 운영 업무 인사총무 모집인원 1명 -인사 총무 업무 일체 (채용, 사옥관리 등) 전략기획 모집인원 1명 -회사의 성장 전략성 방향성 제시 (Strategy) -계열사 주요 과제 도출 및 프로젝트 진행 (In-house Consulting) -M&A 및 전략적 (SI) 투자 (Investment) -국내 및 해외 FI/SI 투자 유치 운영관리 및 운영지원 모집인원 1명 -일일매출자료공유 보조 - 직가맹점, 충전돼지, 셀픽 등 -오픈 매장 물품준비 -직영점 소모품 및 채팅방 일정관리 -기타 운영관리 및 테크니컬 문서작업 보조 온라인MD 모집인원 1명 -상품 기획 및 상품개발 -판매 기획 및 매출 관리 -공급사 운영 및 관리 -프로모션 진행 재무 모집인원 1명 -출납 및 총무,기획 고객사 관리 모집인원 1명 -고객사 매출관리 및 업세일즈관리 -매출 / 매입 정산 -상담 및 cs -모집 기간 : 3월 25일(월) ~ 4월 3일(금) -서류 합격 발표 : 4월 17일(수) 이후 개별 연락 -면접 심사 : 4월 18일(목) ~ 5월 3일(금) -최종 합격 발표 : 5월 8일(수) -사전교육 : 5월 13일(월) ~ 5월 20일(월) -일경험 시작일 : 5월 22일(수) *기업별로 종료일은 상이합니다. -신청일 기준 취업 상태로 주 소정 근로 시간 30시간 이상인 자 -사업자등록 후 소득이 1,200만 원 이상인 자 -배우자, 직계존비속 또는 형제자매가 참여기업 사업주(대표자)인 자 -단순 변심으로 청년 일경험 지원사업에 참여하여 2회 이상 중도이탈한 자 *단, 기업탐방형 참여자는 가능 -신청일 현재 정부 지원사업에 참여하고 있는 자 (국민취업지원제도 일경험 프로그램, 청년 일경험 지원사업) -15세 이상 34세 이하 미취업 청년 (군필자는 의무복무기간에 비례하여 적용, 최고 만 39세로 한정) -사전교육 일정에 참여 가능한 자 *09:00~18:00 오프라인 교육(서울), 교육 미수료 시 일경험 진행 불가 -일경험 시작일로부터 최대 20주의 오프라인 근무가 가능한 자 -기업별 상이 -지원하기 후 이메일로 안내된 링크로 서류 제출 -제출 서류 : 참여 신청서 (지정 양식) 모집 마감! 혹시 인턴 찾고 있나요? 인턴 찾는 어려움 없이 5주 직무경험 해보세요. 바로가기","","","","","","서울","계약직","","","","","active","2026-04-04T03:54:35.429746","2026-04-04T03:54:35.429775","True"
"218","297","주식회사 코멘토","고객센터","https://comento.kr/career/dreamverse/hansol-4","한솔그룹 in 메타버스 메타버스에 구축된 한솔그룹을 통해 공간 제약 없이 기업이 제공하는 인턴십을 집에서 참여할 수 있습니다. 일 5시간 유연 참여 아르바이트, 학업 등 시간 제약으로 인해 인턴십 참여가 어려웠던 청년들을 위해 유연 참여를 진행합니다. 기초 소양 습득과 실무 경험 한솔그룹의 조직 문화를 경험하고 현직자와 함께 현업 과제를 수행하며 실무 경험을 쌓을 수 있습니다. 모집 직무 주요 업무 * 주요 업무 내용은 변경될 수 있습니다. 인원 브랜드커뮤니케이션 한솔홀딩스 서울 합격 확률 높음 -한솔그룹 브랜드 커뮤니케이션 슬로건 기획 제안 -한솔그룹 브랜드 이미지 홍보용 디자인물 제작 -대학생 계층 대상 효과적인 브랜드 커뮤니케이션 전략 수립 -한솔그룹 60주년 기념 행사/이벤트 기획 제안 10 IR 한솔홀딩스 서울 합격 확률 높음 -Market Data 분석을 통한 그룹 영위 사업 Peer 동향 리서치 -계열 Valuation(PER, PBR 등) 평가 지원 -IR Book 업데이트 지원 -국민연금 의결권 행사 현황 및 시사점 분석 -주주행동주의 현황 및 채용점 분석 10 ESG 한솔홀딩스 서울 -국내외 ESG 동향 변화에 따른 ESG 경영 강화방안 조사 -사내 임직원 대상 ESG 내재화 활동 기획 -계열별 친환경 사회공헌활동 기획 -그룹 ESG 경영 유튜브 홍보영상 기획 -타사 사례조사를 통한 그룹 지배구조 개선과제 도출 10 채용 한솔홈데코 서울 합격 확률 높음 -채용 브랜딩 영상 기획 (레퍼런스 리서치, 카피라이팅 등) -채용 홍보 컨텐츠 개발 (레퍼런스 리서치, SNS 컨텐츠 제작 등) 10 브랜드전략 한솔홈데코 서울 -브랜딩, 마케팅 기획안 제작 -시각 디자인물 제작 -카피라이팅, 세부 마케팅 전략도출 -영상/마케팅 사례 등 레퍼런스 리서치 10 전략기획 한솔테크닉스 진천 합격 확률 높음 -산업(시장)/고객/경쟁사 분석 -중장기 전략 수립 -전략 실행점검 10 인사 한솔테크닉스 진천 -사내 조직문화 활성화 프로그램 기획 -평가 및 승격에 대한 운영/관리 -채용 브랜딩 강화 활동 10 PS개발 한솔테크닉스 수원 합격 확률 높음 -회로이론 및 전자회로에 대한 이해를 바탕으로 개발 모델 Partlist 작성 등 -SMPS와 인버터에 대한 이해를 바탕으로 적합성 판단 및 회로 동작 분석 등 30 코팅기술개발 한솔아이원스 안성 -소재 분석 및 물성 지식 이해를 바탕으로 기술개발 Items 검토 및 선정 등 -화학 및 물리적 지식 이해를 바탕으로 코팅기술개발 방향 검토 및 계획 등 10 설비부품영업 한솔아이원스 안성 합격 확률 높음 -연간/분기 영업 목표 및 전략 수립 -영업 이익 분석 및 성과 관리 -고객 컴플레인 대응 10 환경 한솔제지 장항/대전/천안 [장항] -매체법 (대기/수질/폐기물 등) 관련 업무 -배출 및 방지설비 이해를 통한 데이터 분석 및 트러블슈팅 등 [대전] -통합환경인허가 -대기/수질/폐기물 인허가 -법정일지 관리 -폐기물 올바로시스템 관리 -비점오염 관리 시설 유지관리 [천안] -수질 및 대기 관리 -시설 인.허가 업무 -배출허용기준 준수 및 수질/대기 TMS 운영 (법규준수) -PSM 대상설비 -폐기물 관리 -올바로시스템 관리 및 폐기물실적보고, 폐기물 운반/처리업체 신규계약/재계약 업무 -폐기물 발생처 / 보관장 관리 (법규준수) -화학물질 관리 -화학물질 인.허가 업무 -허가시설 점검 및 관리, 실적보고, 통계조사, 정기점검, 설치검사 법규준수) -통합환경인허가 -기록 및 보존 관리 -사후관리 -기타 -지도점검대응 (환경부, 유역청, 지자체 등) -법규 개정 모니터링 및 대응 30 생산관리 한솔제지 장항 -생산성 지표 집계 및 해당 지표를 활용한 분석 -SAP, MES, BW 데이터 관리 지원 -생산 및 입고량 점검 10 생산 한솔제지 대전 합격 확률 높음 -생산관련 Data 정리 및 분석 (에코필러 PCC 데이터 관리) 10 기술개발 한솔제지 장항/대전/신탄진 [장항] -생산 및 제품 관련 Data 정리/분석 -원가 절감 신규 아이디어 고안 -신제품 설계 고안 -공정 트러블 발생 시 해결방안 도출 -클레임 대응 [대전] -Data 분석 (회귀 분석, 실험 계획법) -제품 설계 (원/부재료 Test 프로세스, 필요 품질 설계) -품질 평가 (재현성 확인) [신탄진] -생산 및 제품 관련 Data 정리/분석 및 보고서 작성 -원가절감을 위한 Data 분석 및 효과 산출 -원가절감 신규 아이디어 고안 -신제품 설계 고안 보고서 작성 -공정 트러블 발생 시 해결방안 도출 30 구매-원재료 한솔제지 서울 합격 확률 높음 -항해일수 실적 분석을 통한 브랜드별 안전재고 일수 수립 -전문기관 리포트 분석 및 24년 원료 가격 트렌드 정비 -특성 별 구매전략(가격협상) 스터디 -원료수요, 공급사별 현황 및 가격 트렌드 시장조사 -가격변동 요소 및 선적이슈 점검을 통한 리스크 대응 -공장별 소요량 파악 및 안전재고 운영 관리 10 구매-부재료/기자재 한솔제지 서울 합격 확률 높음 -공급업체 소싱 및 단가 협상을 통한 회사 손익 개선 -구매 프로세스 및 전략 수립 (상황별 대처-shortage, 공급사 이원화 등) -자재 및 원재료 시황 분석을 통한 선제적 대응 및 재고 관리 (환율, 소비자물가지수 등 확인) -손익 마인드, 투명 및 공정구매 안내 -공급사 및 공장 간 협상 시뮬레이션 10 -모집 기간 : 3월 18일(월) ~ 4월 3일(금) -서류 합격 발표 : 4월 23일(화) -면접 일정 : 개별 안내 -최종 합격 발표 : 5월 10일(금) -신청일 기준 소정근로시간 주 30시간 이상 또는 사업자 등록 후 소득이 있는 자 -운영기관, 참여기업의 형제 자매 및 친인척 -24년도 고용노동부 주관 일경험 프로그램 참여자 -같은 연도 일경험 프로그램 참여자(중복 참여 불가) -정부 일경험 지원사업에 참여하여 2회 이상 중도 이탈한 자 -15세 이상 34세 이하 미취업 청년 (군필자 만 39세 한정) -비수도권 청년 우대 -취약계층 청년 우대 -신청하기 후 안내된 사이트에서 서류 제출 -제출 서류 : 한솔그룹 드림버스컴퍼니 참여 신청서 (지정 양식) 모집 마감! 혹시 인턴 찾고 있나요? 인턴 찾는 어려움 없이 5주 직무경험 해보세요. 바로가기","","","","","","서울","계약직","","","","","active","2026-04-04T03:54:57.881496","2026-04-04T03:54:57.881515","True"
"219","297","주식회사 코멘토","고객센터","https://comento.kr/career/dreamverse/humax-3","휴맥스 in 메타버스 메타버스에 구축된 휴맥스을 통해 공간 제약 없이 기업이 제공하는 인턴십을 집에서 참여할 수 있습니다. 일 5시간 유연 참여 아르바이트, 학업 등 시간 제약으로 인해 인턴십 참여가 어려웠던 청년들을 위해 유연 참여를 진행합니다. 기초 소양 습득과 실무 경험 휴맥스의 조직 문화를 경험하고 현직자와 함께 현업 과제를 수행하며 실무 경험을 쌓을 수 있습니다. 모집 직무 주요 업무 * 주요 업무 내용은 변경될 수 있습니다. 인원 채용 휴맥스모빌리티 분당 합격 확률 높음 [조직문화 및 채용 리서치] -채용 트렌드 및 채용 프로세스 개선 기획 -주요 업계 조직문화 리서치 및 분석 -휴맥스 그룹 조직문화 아이디어 도출 10 전략 리서치 휴맥스모빌리티 분당 합격 확률 높음 [모빌리티 전략 리서치] -국내/외 모빌리티 시장 리서치, 트렌드 조사 및 보고서 작성 -휴맥스 모빌리티의 포트폴리오(주차, 충전 등) 관련 업계, 정책 동향 파악 -Industry/New Tech Trend 리서치 및 보고서 작성 10 언론홍보&바이럴 휴맥스모빌리티 분당 합격 확률 높음 [PR/바이럴] -주요 모빌리티 기업 홍보 메시지 조사 및 분석 -회사를 알릴 수 있는 홍보기사 컨셉 기획 -바이럴 콘텐츠를 잘 확산 할 수 있는 2030과 4050 타깃 콜라보 채널 분석 -투루차저, 투루파킹, 투루카 등 소비자들에게 어필할 수 있는 포인트 분석 10 서비스기획(PO팀) 휴맥스모빌리티 분당 [모빌리티 서비스 리서치 및 서비스 기획] -서비스 컨셉 아이데이션(신규 또는 개선) -시장 조사 -모바일 앱 및 백오피스 서비스 기획 -화면설계, 정보구조도 등 기획서 작성 10 서비스기획(Service Growth팀) 휴맥스모빌리티 분당 합격 확률 높음 [모빌리티 서비스 기획, 사업 전략 기획 및 리서치] -다양한 분야의 모빌리티 서비스 전략 검토와 기획 -모빌리티 사업의 이해와 전략 수립 -혁신 모빌리티 서비스, 시장 주도 트렌드 및 사업 사례 조사(국내, 국외) -세부 서비스 기획 및 화면 설계 10 브랜딩&퍼포먼스마케팅 휴맥스모빌리티 분당 [브랜딩/퍼포먼스 마케팅(web)] -고객 관점의 시장 조사 및 유효 키워드 발굴 -브랜드 USP 설정 및 대고객 접점을 통한 노출(Owned media - Web HP) -Paid media 매체 탐색 및 캠페인 KPI에 따른 운영 -Search Ads, Display Ads, Video Ads 매체별 소재 기획 -브랜드 활동 따른 지표 추이 분석 및 성과 보고 10 브랜디드 콘텐츠 휴맥스모빌리티 분당 [SNS 채널 운영/콘텐츠 기획 및 제작] -동종 업계 동향 및 소셜미디어 트렌드 및 레퍼런스 조사 -자사 STP분석 및 전략 도출 -콘텐츠 소재 발굴 및 아이디어 도출 -자사 유튜브 및 블로그 채널 콘텐츠 기획 및 제작 -월별 콘텐츠 발행 스케쥴링 10 App마케팅&광고 휴맥스모빌리티 분당 [App마케팅&광고] -경쟁사 APP 마케팅 리서치 & 분석 -경쟁사 APP UX·UI 리서치 & 분석 -프로모션/광고 전략 기획 및 제작 -데이터 기반 성과 분석 마케팅 -콘텐츠 기획 및 제작 등 10 -모집 기간 : 3월 25일(월) ~ 4월 3일(금) -서류 합격 발표 : 4월 30일(화) -면접 일정 : 개별 안내 -최종 합격 발표 : 5월 20일(월) -신청일 기준 소정근로시간 주 30시간 이상 또는 사업자 등록 후 소득이 있는 자 -운영기관, 참여기업의 형제 자매 및 친인척 -24년도 고용노동부 주관 일경험 프로그램 참여자 -정부 일경험 지원사업에 참여하여 2회 이상 중도 이탈한 자 -15세 이상 34세 이하 미취업 청년 (군필자 만 39세 한정) -비수도권 청년 우대 -취약계층 청년 우대 -신청하기 후 안내된 사이트에서 서류 제출 -제출 서류 : 휴맥스 드림버스컴퍼니 참여 신청서 (지정 양식) 모집 마감! 혹시 인턴 찾고 있나요? 인턴 찾는 어려움 없이 5주 직무경험 해보세요. 바로가기","","","","","","수도권","인턴","","","","","active","2026-04-04T03:55:02.296548","2026-04-04T03:55:02.296585","True"
"220","297","주식회사 코멘토","고객센터","https://comento.kr/career/dreamverse/internz-startup-9","직접 출근하는 인턴형 스타트업에 직접 출근하며 실제 기업의 문화를 경험하고 현직자들과 함께 일해볼 수 있습니다. 40시간의 사전 직무 교육 근무 전 역량을 쌓을 수 있도록, 기본 소양 교육과 직무 심화 교육이 제공됩니다. 성장을 만드는 실무 경험 스타트업의 업무 프로세스 속에서 폭 넓은 경영사무 실무 경험을 쌓고 성장할 수 있습니다. 경영사무 모집인원 2명 -국내/해외 기업들을 대상으로 NNT 컨설팅 서비스 세일즈 미팅 성사를 위한 모든 활동 -Linkedin, Email, 전화 등 다양한 채널들을 통해 아웃바운드 콜드 메일 및 메시지를 보내 세일즈 미팅을 세팅 -고객사 니즈 파악, 솔루션 제안, 계약 체결 등 세일즈 프로세스 전반 관리 법무 담당자 모집인원 1명 -그룹사 계약서 검토 -사내 사업 및 내부 법률 이슈 검토 및 대응 경영지원(사업개발/전략기획) 모집인원 1명 -신사업 개발 및 진행 -고객관리 및 획득 전략 수립, 실행 -자사 사업 전략 수립 및 리서치 경영사무 모집인원 1명 -서비스 활동에 필요한 자료 제작 -회사 주요 서류 관리 및 제작 -프로세스 문제 분석 및 해결 과정 업무 지원 -고객 정산서류 관리 및 총무 -데이터 관리 및 분석 -회계 관리 지원 경영지원(사무) 모집인원 1명 -사내 경영지원 관련 업무 *재무, 회계 기초 데이터 및 보고서 작성 *대내외 법인서류 관리 및 기타 사무지원 B2B 영업/마케팅 모집인원 1명 -세일즈 파이프라인 개선 및 전략 수립 -솔루션 신규 고객 발굴 및 세일즈 -제안서, 소개서, 매뉴얼 등 세일즈 필요한 문서 작성 해외사업 모집인원 4명 -해외 시장조사 -파트너사, 고객사, 영업 관련 업무 전략기획 모집인원 3명 -투자제안서, 민간자격증, 정부사업, HR PM 모집인원 2명 -자체 상품 기획부터 양산까지의 전 과정에 대한 업무 지원 -온라인 채널 및 카테고리 전반에 대한 시장조사 진행 -신규 상품 기회를 발굴하여 제안 CX 모집인원 1명 -넥스트챕터가 인수한 브랜드의 고객 대응 업무를 수행 -네이버 쇼핑, 쿠팡 등 주요 마켓플레이스 및 자사몰 내 고객 리뷰 및 문의 사항에 답변하고 고객의 문제를 해결 -반복적으로 발생하는 문제, 긴급한 문제 등 고객의 문제를 구분하여 우선순위 설정 -유관 부서에 고객의 목소리를 전달하고, 협업하여 해결책 도출 -품절 및 재고관리 등 판매 채널 상의 이슈에 대응하고, 제품의 매출과 랭킹 현황 분석 경영/행정지원 모집인원 1명 -계약 체결 유지 관리 업무 -회사 전반 경영지원 및 총무 업무 -문서관리 및 작성 등 사무 업무 -주주총회 이사회 지원 업무 재무회계 모집인원 1명 -기장 (일반전표 및 매입매출전표 입력) -법인카드 및 세금계산서, 대체전표 등 월 단위 결산을 위한 회계처리 수행 경영지원 모집인원 2명 [총무] -사내 문서 관리 -소모품 관리 -경영 지원 업무 [운영 지원] -고객 CS -서비스 운영 업무 전략기획 모집인원 2명 -회사의 성장 전략성 방향성 제시 (Strategy) -계열사 주요 과제 도출 및 프로젝트 진행 (In-house Consulting) -M&A 및 전략적 (SI) 투자 (Investment) -국내 및 해외 FI/SI 투자 유치 재무회계 모집인원 1명 -매출,매입 마감 및 기장 -정산(아티스트,투자사,관계사 등) -그 외 경영지원 운영 업무 인사총무 모집인원 1명 -인사 총무 업무 일체 상품기획 모집인원 1명 -IP MD 상품 기획 및 개발 -상품 판매 계획 수립 및 발주 -업체 관리 및 물류 관리 운영관리 및 운영지원 모집인원 1명 -일일매출자료공유 보조 *직가맹점, 충전돼지, 셀픽 등 -오픈 매장 물품준비 -직영점 소모품 및 채팅방 일정관리 -기타 운영관리 및 테크니컬 문서작업 보조 BM 리서치 모집인원 1명 -시니어케어 시장조사 -디바이스 업체 발굴 -플랫폼 비즈니스 벤치마킹 경영지원 모집인원 1명 -경영지원 및 행정업무 *회사 내 서무 및 행정업무, 특허 관리 업무, 보고서 작성 보조 등 -홍보 및 마케팅 전략 업무 *광고매체 홍보전략, 전시회 등 행사 준비, IR자료 업데이트, 홈페이지 관리 등 플랫폼 기획자 모집인원 1명 -플랫폼 서비스 기획 서포트 데이터분석 모집인원 1명 -비상장 기업 재무 데이터 분석 지원 -데이터 수집 및 가공 단계에서 데이터의 신뢰성 및 적합성 검증 -가공된 데이터를 활용한 인사이트 도출 지원 -평가모형 개발 지원 등 PIT Training Center(지게차 교육센터) 모집인원 2명 -지게차 특별안전보건교육 운영 지원 -지게차 교육생과의 커뮤니케이션(교육생 인솔, 쿠펀치 안내, 교육 프로세스 안내 등) -PIT Trainer 실습 보조(지게차 교육 보조, 지게차 교육 간 신호수 등) -PIT Data 업무 보조 operations 모집인원 16명 [물류센터 현장 업무] -입고: 주문한 물건을 물류센터로 들여오는 공정(워터/진열/보충) -출고: 상품 집품, 집품물건 포장하는 공정(집품/분류/포장) ICQA 모집인원 1명 - 현장사원 업무지원 및 인력관리 - 물류센터 현장 운영관리 및 문제해결 - 품질개선을 위한 프로세스 제안 및 시스템 구축 - 재고 정확도 확보를 위한 각종 재고 지표 관리 HR Munjeong Onsite Acceleration(채용팀) 모집인원 1명 - 채용 마케팅 기획 - 온보딩 프로세스 개선 - 대내외 커뮤니케이션용 이미지/PPT 제작 서포트 - 기타 채용 관련 업무 지원 EHS 모집인원 15명 -안전보건교육 이행현황 파악 및 취합 -안전보건 점검활동 보조 -안전보건 개선활동 보조 DIP EHS(드라이아이스 안전) 모집인원 1명 - 안전관리 활동 - 안전보건 점검활동 보조 - 안전보건 개선활동 보조 CFS Policy(정책팀) 모집인원 2명 - 팀 관련 문서 정리, ESG활동 지원 Central Procurement(구매) 모집인원 2명 전략구매 지원 Automation 모집인원 2명 - 물류센터 자동화 설비 점검 및 보수 - 물류자동화설비 문제 발생 시 현장 대응 - 설비보전 장비 관리 -모집 기간 : 5월 29일(수) ~ 4월 3일(금) -서류 합격 발표 : 6월 27일(목) 이후 개별 연락 -면접 심사 : 6월 28일(금) ~ 7월 12일(금) -최종 합격 발표 : 7월 17일(수) -사전교육 : 7월 29일(월) ~ 8월 2일(금) -일경험 시작일 : 8월 5일(월) *기업별로 종료일은 상이합니다. -신청일 기준 취업 상태로 주 소정 근로 시간 30시간 이상인 자 -사업자등록 후 소득이 1,200만 원 이상인 자 -배우자, 직계존비속 또는 형제자매가 참여기업 사업주(대표자)인 자 -단순 변심으로 청년 일경험 지원사업에 참여하여 2회 이상 중도이탈한 자 *단, 기업탐방형 참여자는 가능 -신청일 현재 정부 지원사업에 참여하고 있는 자 (국민취업지원제도 일경험 프로그램, 청년 일경험 지원사업) -15세 이상 34세 이하 미취업 청년 (군필자는 의무복무기간에 비례하여 적용, 최고 만 39세로 한정) -사전교육 일정에 참여 가능한 자 *09:00~18:00 오프라인 교육(서울), 교육 미수료 시 일경험 진행 불가 -일경험 시작일로부터 최대 20주의 오프라인 근무가 가능한 자 -기업별 상이 -지원하기 후 이메일로 안내된 링크로 서류 제출 -제출 서류 : 참여 신청서 (지정 양식) 모집 마감! 혹시 인턴 찾고 있나요? 인턴 찾는 어려움 없이 5주 직무경험 해보세요. 바로가기","","","직접 출근하는 인턴형 스타트업에 직접 출근하며 실제 기업의 문화를 경험하고 현직자들과 함께 일해볼 수 있습니다. 40시간의 사전 직무 교육 근무 전 역량을 쌓을 수 있도록, 기본 소양 교육과 직무 심화 교육이 제공됩니다. 성장을 만드는 실무 경험 스타트업의 업무 프로세스 속에서 폭 넓은 경영사무 실무 경험을 쌓고 성장할 수 있습니다. 경영사무 모집인원 2명 -국내/해외 기업들을 대상으로 NNT 컨설팅 서비스 세일즈 미팅 성사를 위한 모든 활동 -Linkedin, Email, 전화 등 다양한 채널들을 통해 아웃바운드 콜드 메일 및 메시지를 보내 세일즈 미팅을 세팅 -고객사 니즈 파악, 솔루션 제안, 계약 체결 등 세일즈 프로세스 전반 관리 법무 담당자 모집인원 1명 -그룹사 계약서 검토 -사내 사업 및 내부 법률 이슈 검토 및 대응 경영지원(사업개발/전략기획) 모집인원 1명 -신사업 개발 및 진행 -고객관리 및 획득 전략 수립, 실행 -자사 사업 전략 수립 및 리서치 경영사무 모집인원 1명 -서비스 활동에 필요한 자료 제작 -회사 주요 서류 관리 및 제작 -프로세스 문제 분석 및 해결 과정 업무 지원 -고객 정산서류 관리 및 총무 -데이터 관리 및 분석 -회계 관리 지원 경영지원(사무) 모집인원 1명 -사내 경영지원 관련 업무 *재무, 회계 기초 데이터 및 보고서 작성 *대내외 법인서류 관리 및 기타 사무지원 B2B 영업/마케팅 모집인원 1명 -세일즈 파이프라인 개선 및 전략 수립 -솔루션 신규 고객 발굴 및 세일즈 -제안서, 소개서, 매뉴얼 등 세일즈 필요한 문서 작성 해외사업 모집인원 4명 -해외 시장조사 -파트너사, 고객사, 영업 관련 업무 전략기획 모집인원 3명 -투자제안서, 민간자격증, 정부사업, HR PM 모집인원 2명 -자체 상품 기획부터 양산까지의 전 과정에 대한 업무 지원 -온라인 채널 및 카테고리 전반에 대한 시장조사 진행 -신규 상품 기회를 발굴하여 제안 CX 모집인원 1명 -넥스트챕터가 인수한 브랜드의 고객 대응 업무를 수행 -네이버 쇼핑, 쿠팡 등 주요 마켓플레이스 및 자사몰 내 고객 리뷰 및 문의 사항에 답변하고 고객의 문제를 해결 -반복적으로 발생하는 문제, 긴급한 문제 등 고객의 문제를 구분하여 우선순위 설정 -유관 부서에 고객의 목소리를 전달하고, 협업하여 해결책 도출 -품절 및 재고관리 등 판매 채널 상의 이슈에 대응하고, 제품의 매출과 랭킹 현황 분석 경영/행정지원 모집인원 1명 -계약 체결 유지 관리 업무 -회사 전반 경영지원 및 총무 업무 -문서관리 및 작성 등 사무 업무 -주주총회 이사회 지원 업무 재무회계 모집인원 1명 -기장 (일반전표 및 매입매출전표 입력) -법인카드 및 세금계산서, 대체전표 등 월 단위 결산을 위한 회계처리 수행 경영지원 모집인원 2명 [총무] -사내 문서 관리 -소모품 관리 -경영 지원 업무 [운영 지원] -고객 CS -서비스 운영 업무 전략기획 모집인원 2명 -회사의 성장 전략성 방향성 제시 (Strategy) -계열사 주요 과제 도출 및 프로젝트 진행 (In-house Consulting) -M&A 및 전략적 (SI) 투자 (Investment) -국내 및 해외 FI/SI 투자 유치 재무회계 모집인원 1명 -매출,매입 마감 및 기장 -정산(아티스트,투자사,관계사 등) -그 외 경영지원 운영 업무 인사총무 모집인원 1명 -인사 총무 업무 일체 상품기획 모집인원 1명 -IP MD 상품 기획 및 개발 -상품 판매 계획 수립 및 발주 -업체 관리 및 물류 관리 운영관리 및 운영지원 모집인원 1명 -일일매출자료공유 보조 *직가맹점, 충전돼지, 셀픽 등 -오픈 매장 물품준비 -직영점 소모품 및 채팅방 일정관리 -기타 운영관리 및 테크니컬 문서작업 보조 BM 리서치 모집인원 1명 -시니어케어 시장조사 -디바이스 업체 발굴 -플랫폼 비즈니스 벤치마킹 경영지원 모집인원 1명 -경영지원 및 행정업무 *회사 내 서무 및 행정업무, 특허 관리 업무, 보고서 작성 보조 등 -홍보 및 마케팅 전략 업무 *광고매체 홍보전략, 전시회 등 행사 준비, IR자료 업데이트, 홈페이지 관리 등 플랫폼 기획자 모집인원 1명 -플랫폼 서비스 기획 서포트 데이터분석 모집인원 1명 -비상장 기업 재무 데이터 분석 지원 -데이터 수집 및 가공 단계에서 데이터의 신뢰성 및 적합성 검증 -가공된 데이터를 활용한 인사이트 도출 지원 -평가모형 개발 지원 등 PIT Training Center(지게차 교육센터) 모집인원 2명 -지게차 특별안전보건교육 운영 지원 -지게차 교육생과의 커뮤니케이션(교육생 인솔, 쿠펀치 안내, 교육 프로세스 안내 등) -PIT Trainer 실습 보조(지게차 교육 보조, 지게차 교육 간 신호수 등) -PIT Data 업무 보조 operations 모집인원 16명 [물류센터 현장 업무] -입고: 주문한 물건을 물류센터로 들여오는 공정(워터/진열/보충) -출고: 상품 집품, 집품물건 포장하는 공정(집품/분류/포장) ICQA 모집인원 1명 - 현장사원 업무지원 및 인력관리 - 물류센터 현장 운영관리 및 문제해결 - 품질개선을 위한 프로세스 제안 및 시스템 구축 - 재고 정확도 확보를 위한 각종 재고 지표 관리 HR Munjeong Onsite Acceleration(채용팀) 모집인원 1명 - 채용 마케팅 기획 - 온보딩 프로세스 개선 - 대내외 커뮤니케이션용 이미지/PPT 제작 서포트 - 기타 채용 관련 업무 지원 EHS 모집인원 15명 -안전보건교육 이행현황 파악 및 취합 -안전보건 점검활동 보조 -안전보건 개선활동 보조 DIP EHS(드라이아이스 안전) 모집인원 1명 - 안전관리 활동 - 안전보건 점검활동 보조 - 안전보건 개선활동 보조 CFS Policy(정책팀) 모집인원 2명 - 팀 관련 문서 정리, ESG활동 지원 Central Procurement(구매) 모집인원 2명 전략구매 지원 Automation 모집인원 2명 - 물류센터 자동화 설비 점검 및 보수 - 물류자동화설비 문제 발생 시 현장 대응 - 설비보전 장비 관리 -모집 기간 : 5월 29일(수) ~ 4월 3일(금) -서류 합격 발표 : 6월 27일(목) 이후 개별 연락 -면접 심사 : 6월 28일(금) ~ 7월 12일(금) -최종 합격 발표 : 7월 17일(수) -사전교육 : 7월 29일(월) ~ 8월 2일(금) -일경험 시작일 : 8월 5일(월) *기업별로 종료일은 상이합니다. -신청일 기준 취업 상태로 주 소정 근로 시간 30시간 이상인 자 -사업자등록 후 소득이 1,200만 원 이상인 자 -배우자, 직계존비속 또는 형제자매가 참여기업 사업주(대표자)인 자 -단순 변심으로 청년 일경험 지원사업에 참여하여 2회 이상 중도이탈한 자 *단, 기업탐방형 참여자는 가능 -신청일 현재 정부 지원사업에 참여하고 있는 자 (국민취업지원제도 일경험 프로그램, 청년 일경험 지원사업) -15세 이상 34세 이하 미취업 청년 (군필자는 의무복무기간에 비례하여 적용, 최고 만 39세로 한정) -사전교육 일정에 참여 가능한 자 *09:00~18:00 오프라인 교육(서울), 교육 미수료 시 일경험 진행 불가 -일경험 시작일로부터 최대 20주의 오프라인 근무가 가능한 자 -기업별 상이 -지원하기 후 이메일로 안내된 링크로 서류 제출 -제출 서류 : 참여 신청서 (지정 양식) 모집 마감! 혹시 인턴 찾고 있나요? 인턴 찾는 어려움 없이 5주 직무경험 해보세요. 바로가기","","","서울","계약직","","","","","active","2026-04-04T03:55:32.449221","2026-04-04T03:55:32.449274","True"
"221","297","주식회사 코멘토","고객센터","https://comento.kr/career/dreamverse/internz-startup-13","직접 출근하는 인턴형 스타트업에 직접 출근하며 실제 기업의 문화를 경험하고 현직자들과 함께 일해볼 수 있습니다. 40시간의 사전 직무 교육 근무 전 역량을 쌓을 수 있도록, 기본 소양 교육과 직무 심화 교육이 제공됩니다. 성장을 만드는 실무 경험 스타트업의 업무 프로세스 속에서 폭 넓은 경영사무 실무 경험을 쌓고 성장할 수 있습니다. 경영지원 모집인원 1명 -일반 세무회계 및 현금흐름 관리, 자산관리 -상품 정산 관리, 일/주/월간 매출 집계 및 관리 -인사행정 지원: 급여 및 퇴직연금 관리, 금전/비금전 복리후생 관리 재무 담당자 모집인원 1명 -사내 재무 업무(영업 정산, 비용 처리, 부가세 신고, 세금 신고, 결산 등) 영업 지원 모집인원 1명 -디지털 상품 세일즈팀의 영업 지원 -고객사 담당자 문의 응대 및 해당 이슈 효율적 처리 사업 개발 및 기획 모집인원 2명 -상위 담당자와 함께 아이지에이웍스의 솔루션과 서비스 등에 대한 사업 기획 보조, 운영, 관계사 커뮤니케이션, 문서 업무 등 지원 비즈니스 전략 및 세일즈 활동 모집인원 1명 -세일즈 전략 구축 (시장 조사 및 고객 분석) -전략에 따른 영업 활동 (비즈니스 미팅 준비 및 참여) -콜드 콜 및 이메일 세일즈 -리드 생성 및 관리 -세일즈 성과 지표 분석 연구기획 모집인원 2명 -글로벌 전장부품 시장 동향, 경쟁사 동향, 기술 트렌드 분석 등 사업 환경 분석 -당사 제품 현황 정리 및 특성(기술 관점, 제조 관점, 사업 관점) 분석 -당사 경쟁력 강화 활동을 위한 제안 (제안서 및 포트폴리오 작성 등) 재경업무(자금) 모집인원 2명 -자금계획, 조달, 집행 -일일, 월별, 년간 자금계획 작성 및 실적 관리 업무 -외부자금(차입금) 조달에 관한 업무 -거래 금융기관 및 관공서 신용평가에 관한 업무 -제증명 발급, 법인인감, 인감증명서 등 관리 업무 디지털 콘텐츠 및 메타데이터 관리 모집인원 5명 -사진/영상 콘텐츠 관리업무 및 국/영문 메타데이터 작업 -사진/영상 콘텐츠 품질관리업무 및 키워드 개선작업 해외사업(기획, Front) 모집인원 2명 -글로벌 이메일 보안 표준 적용 우선 진출 국가 도출 (코트라 활용) 및 해당 국가 파트너사, 고객사 발굴 -글로벌 이메일 보안 표준 ODA 사업 개발 및 관련 부처 미팅 -글로벌 이메일 보안 표준 자격, 검정 비즈니스 기획 -글로벌 이메일 보안 솔루션 신규 거래처 발굴 (전시회, 온라인 매칭 등) -글로벌 이메일 보안 솔루션 파트너사 영업 및 사업 개발, 마케팅 지원 -글로벌 이메일 보안 솔루션 사용자 경험 강화를 위한 매뉴얼 고도화 및 기능 구현 확인 -글로벌 이메일 보안 표준 인증 제도 개발 지원 제안서, 국제표준 사업화 업무 모집인원 2명 -해외용 IR Deck 고도화 및 해외 VC 미팅 지원 -국내용 IR Deck 고도화 및 국내 VC 미팅 지원 -공공기관 제안서 개발 (수출, 사업화 등) 및 제안서 제출 -파트너사 및 고객사 제안서 개발 *본 업무들은 실제 결과물 도출 및 결과물을 활용하여 최종 결과물을 산출하는 것에 목적이 있음 IT 기술지원 모집인원 2명 1. 고객사 기술지원 및 문제 해결 -고객사 문의 접수, 보안 솔루션 관련 문제 진단 및 해결 -정기적인 시스템 점검 및 유지보수를 통해 고객사 인프라 안정성 확보 2. 보안 솔루션 구축 및 유지관리 -자사 보안 솔루션을 고객사 환경에 맞춰 설치 및 커스터마이징 -보안 솔루션의 기능 고도화 및 업데이트 작업 지원 3. 고객사 인프라 모니터링 -IT 인프라 및 보안 솔루션 상태 실시간 모니터링 -로그 분석을 통해 이상 징후 탐지 및 사전 대응 4. 기술교육 및 문서화 -고객사에 보안 솔루션 사용법 교육 및 기술문서 작성 -기술지원 사례집 및 매뉴얼 작성 및 공유 IT 기술영업 모집인원 2명 1. 고객사 영업 및 영업 지원 -잠재 고객사 발굴, 자사 S/W 솔루션 제안 및 판매 -고객사의 요구사항 분석하고 맞춤형 솔루션 제공 2. 영업 전략 수립 및 실행 -시장 분석을 바탕으로 영업 전략 수립, 신규 거래처 개척 -영업 목표 달성을 위한 계획 수립 및 실행 3. 고객사 교육 및 관리 -고객사에 자사 솔루션에 대한 교육 제공 및 사용자 지원 -지속적인 고객사 관리 및 관계 유지 4. 프로젝트 관리(PM 역할) -영업 프로젝트 관리, 일정 조율 및 팀 간 협업 조정 -고객 요구사항 반영 및 프로젝트 성과 관리 경영지원 모집인원 1명 -소송 관계 서류, 우편물 발송 등 외근 업무 지원 -클라이언트 안내 업무 지원 -행사/포럼, 송무/등기 관련 업무 지원 -연구보고서 등 각종 서식 정리, 국영문 리서치, 기타 문서 작업 보조 -인턴십 프로그램, 셰르파 활동, 공유폴더 및 업무사례 정리 지원 법무/총무 모집인원 5명 -계약서 관리(인감날인, 계약서 전달 등) -사업부서 서류작성 보조(법인 기본 정보) -각종 갱신 필요서류 신청(기업인증, 평가, 무형자산 등) -매체 지원 (충전요청 등) -비품 구매/관리 (사무용품, 비품 등) -IT 외주업체 관리 (PC, 기타 장비, 온라인 업무 계정 등) -복리후생 관리(경조사, 명절선물, 건강검진 등) -월 법인 공통 정기 지출 내용 관리 (세금계산서, 명세서 등) -렙사 여신계획 취합 및 자금 품의 -기타 법무/총무 관련 업무지원 전반 경영지원 모집인원 1명 -신규 채용 프로세스 및 온보딩, 오프보딩 관리 및 운영 -사내 행사 및 복지 기획, 실행 -국내, 해외법인 관련 업무 보조(인사, 채용, 계약 등) -회사 내부/외부 문서 및 계약서 관리 -사무실 및 사내 비품 관리 경영지원 모집인원 1명 -사업 관련 문서 작성 및 수정 -영문 번역 -사업 관련 메일 응대 -SNS 페이지 관리 시장조사 모집인원 1명 -글로벌 시장 진출을 위한 지역별 시장조사 -google shcolar, google, scileads 플랫폼을 통한 글로벌 KOL 발굴 -미국, 독일, 영국, 한국, (가능하다면) 일본 지역 시장 조사 후 분류작업 사무 모집인원 1명 -비트버니의 매체 사업을 확장을 위한 전반적인 운영 업무 -대행사, 렙사 커뮤니케이션을 통해 운영 및 세팅 담당 -계약된 광고 상품의 세팅, 운영, 보고, 정산 업무 전반 -광고주의 목적달성을 위한 운영 효율화 과정 참여 재무회계 모집인원 1명 -매출/매입 입력 및 관리 -부가세 및 원천세 신고 -월 결산 및 재무제표 보고서 작성 -사내에서 활용하는 ERP 시스템 관리 -기타 경영지원 업무 지원 영업 SDR 모집인원 1명 -리드 발굴: 시장 조사를 통해 잠재 고객 리스트 구축, 정보 수집 -초기 연락 및 관계 구축: 잠재 고객에게 회사의 제품/서비스 소개 및 관심 유도 -리드 평가: 잠재 고객이 자사 서비스에 적합한지 판단 후, 영업 팀의 Account Executive(AE) 담당자에게 전달 -CRM 관리: 고객 관계 관리(CRM) 시스템에 고객 정보와 상호작용 내용 기록, 최신 상태 유지 CX 모집인원 1명 -1:1 채팅을 중심으로 운영되는 고객센터 운영 및 SLA 관리 지원 -채널별 고객 VOC 수집/처리/분석지원 및 서비스 개선 아이디어를 도출 -수강 경험 개선(신규/환불방어/재구매)을 위한 운영 프로세스 개선 및 서비스 품질 개선 지원 전략기획 모집인원 1명 -회사의 성장 전략성 방향성 제시 (Strategy) -계열사 주요 과제 도출 및 프로젝트 진행 (In-house Consulting) -M&A 및 전략적 (SI) 투자 (Investment) -국내 및 해외 FI/SI 투자 유치 인사총무 모집인원 1명 -인사 총무 업무 일체 -사내 조직문화 업무 일체 영업 및 상품관리 모집인원 1명 -Markey Analysis 및 Sales Strategy 서포트 -플랫폼 입점 거래처 계약서 발송 및 관리 -플랫폼 입점 거래처 상품 등록 및 관리 -주요 브랜드/상품별 가격 및 재고 모니터링 CEO staff 모집인원 1명 -시장 리서치 및 고객 인터뷰 보조 -회사의 경영목표 및 주요 지표 관리를 통한 인사이트 발굴과 개선안 수립 -그 외 CEO 업무 지원 경영사무(경영전략) 모집인원 1명 -경영 전략 수립(경쟁사 분석 등) -사업계획서 작성 -투자자 관리 및 데이터 정리 리서치 모집인원 1명 -데이터 수집: 다양한 소스에서 글로벌 주식 및 금융 정보를 수집하고 이를 체계적으로 정리 -데이터 관리: 수집된 데이터를 정리, 보관, 관리하며 데이터베이스를 유지 -데이터 분석 지원: 연구팀과 협력하여 수집된 데이터를 분석 목적에 맞게 제공 -시장 동향 모니터링: 최신 글로벌 금융 시장 동향을 실시간으로 파악하고, 필요한 데이터를 신속하게 수집 상품기획,경영지원 모집인원 1명 -가구 상품기획 및 세일즈 분석 -발주, 정산 등 경영지원 데이터분석 모집인원 1명 -비상장 기업 재무 데이터 분석 지원 -데이터 수집 및 가공 단계에서 데이터의 신뢰성 및 적합성 검증 -가공된 데이터를 활용한 인사이트 도출 지원 -평가모형 개발 지원 등 재무기획/투자관리/운영지원 모집인원 1명 -국내 기업 투자 현황 조사 -데이터 가공 및 수집 / 입력 브랜드 콘텐츠 기획/리서치 모집인원 1명 -에피큐어 등 브랜드 오리지널 컨텐츠 리서치 -컨텐츠 기획 지원 -그룹 내부 업무 운영 지원 고객서비스 운영 모집인원 1명 -고객상담 서비스 매뉴얼 분류 작업 및 정리 -채팅상담 시나리오봇 운영 지원 교육 개발 모집인원 10명 -AI를 활용한 영유아 교육자료 및 동요개발 -기타 환경교육 개발 -정크아트 제작 -정크아트 전시 기획 및 개발 -미디어아트 전시 기획 및 개발 전략기획 모집인원 2명 -2025년 코멘토 사업계획 수립을 위한 시장, 경쟁사 프로그램 조사 -신제품 전략 수립 교육운영 매니저(직무부트캠프) 모집인원 1명 -직무부트캠프 운영 지원 -직무부트캠프 품질 현황 분석 및 개선 작업 -월별 캠프 생산 관리 -Ai native 시장, 경쟁사 프로그램 조사 교육운영 매니저(기업 교육) 모집인원 1명 -기업 실무자 대상 교육용 VOD 제작 및 관련 업무 수행 -기업 실무자 대상 생성형 AI 교육 기획을 위한 리서치 수행 자금팀 모집인원 1명 -팀 관련 문서 표준화 및 경영지원 업무보조 -통번역 지원 등 -모집 기간 : 9월 4일(수) ~ 4월 3일(금) -서류 합격 발표 : 10월 10일(","","","","건강검진","","서울","계약직","","","","","active","2026-04-04T03:56:00.652002","2026-04-04T03:56:00.652021","True"
"222","297","주식회사 코멘토","고객센터","https://comento.kr/career/dreamverse/humax-4","주요 업무 내용은 변경될 수 있습니다. 인원 언론홍보&바이럴 휴맥스모빌리티 수내 휴맥스빌리지 합격 확률 높음 [PR/바이럴] 주요 모빌리티 기업 홍보 메시지 조사 및 분석 회사를 알릴 수 있는 홍보기사 컨셉 기획 바이럴 콘텐츠를 잘 확산 할 수 있는 2030과 4050 타깃 콜라보 채널 분석 투루차저, 투루파킹, 투루카 등 소비자들에게 어필할 수 있는 포인트 분석 10 시각디자인 휴맥스모빌리티 수내 휴맥스빌리지 [브랜드 디자인] 모빌리티 산업군 브랜딩디자인 트렌드 리서치 디자인 콘셉트 기획 및 디자인 시안 작업 10 브랜딩&퍼포먼스마케팅 휴맥스모빌리티 수내 휴맥스빌리지 [브랜딩 / 퍼포먼스 마케팅(web)] 고객 관점의 시장 조사 및 유효 키워드 발굴 브랜드 USP 설정 및 대고객 접점을 통한 노출 (Owned media Web HP) Paid media 매체 탐색 및 캠페인 KPI에 따른 운영 Search Ads, Display Ads, Video Ads 매체별 소재 기획 브랜드 활동 따른 지표 추이 분석 및 성과 보고 10 브랜디드 콘텐츠 휴맥스모빌리티 수내 휴맥스빌리지 [SNS 채널 운영/ 콘텐츠 기획 및 제작] 동종 업계 동향 및 소셜미디어 트렌드 및 레퍼런스 조사 자사 STP분석 및 전략 도출 콘텐츠 소재 발굴 및 아이디어 도출 자사 유튜브 및 블로그 채널 콘텐츠 기획 및 제작 월별 콘텐츠 발행 스케쥴링 10 UX/UI 휴맥스모빌리티 수내 휴맥스빌리지 [UX/UI 디자인] 혼합 현실(XR)에서의 몰입형 사용자 경험 디자인 사례 조사 및 분석 인공지능을 활용한 개인화 UI 디자인 사례 조사 인공지능 툴을 활용한 UX 디자인 설계 도출 노코드/로우 코드 툴을 활용한 디자인 프로토타이핑 및 사용성 테스트 10 PM 휴맥스모빌리티 수내 휴맥스빌리지 [IT 서비스개발 PM업무 분석 및 관련리서치] Project/Product Management 역할 분석 IT서비스 및 산출물 별 조사 10 HR 휴맥스모빌리티 수내 휴맥스빌리지 [신규입사자 온보딩 프로그램 기획] 최신 트렌드 및 타사 사례 조사 온보딩 프로그램 기획 및 제작 10 모집 기간 : 10월 30일(수) ~ 4월 3일(금) 서류 합격 발표 : 12월 5일(목) 면접 일정 : 개별 안내 최종 합격 발표 : 12월 18일(수) 고용부 권고 참여제한 조건에 해당하는 자 아래 ‘참여제한 조건’에서 자세한 내용을 확인하실 수 있습니다. 15세 이상 34세 이하 미취업 청년 (군필자 만 39세 한정) 비수도권 청년","","","","","","수도권","인턴","","","","","active","2026-04-04T03:56:18.613606","2026-04-04T03:56:18.613639","True"
"223","297","주식회사 코멘토","고객센터","https://comento.kr/career/dreamverse/seohan-2","서한그룹 in 메타버스 메타버스에 구축된 서한그룹을 통해 공간 제약 없이 기업이 제공하는 인턴십을 집에서 참여할 수 있습니다. 일 5시간 유연 참여 아르바이트, 학업 등 시간 제약으로 인해 인턴십 참여가 어려웠던 청년들을 위해 유연 참여를 진행합니다. 기초 소양 습득과 실무 경험 서한그룹의 조직 문화를 경험하고 현직자와 함께 현업 과제를 수행하며 실무 경험을 쌓을 수 있습니다. 모집 직무 주요 업무 * 주요 업무 내용은 변경될 수 있습니다. 인원 품질 한국무브넥스 울산 -품질/공정 관리, 고객 품질 대응 방안 수립 -품질 시스템, 절차 관리 및 개선 10 영업 한국무브넥스 서울 -자동차 부품 제조업 관련 국내외 시장 조사 및 분석 -영업 전략 수립 10 안전 한국무브넥스 울산 -근로자 안전문화의식 개선 제고를 위한 아이디어 수립 -안전 문화 확산을 위한 홍보 콘텐츠 제작 (포스터, 뉴스레터 등) -안전 문화 관련 프로그램 및 캠페인 기획 (근골격계 질환 예방 방안 등) -근로자 참여 확대 유도 프로그램 기획 (종사자 의견 청취 방법 및 포상 방안 등) 10 품질 서한이노빌리티 충북 진천 -필드 품질 지수/비용 실적 집계 및 개선 -고객사 합동 조사 대응 -클레임 DATA 분석 및 귀책 협의 -필드 고품 조사 및 개선 관리 10 공정기술 서한이노빌리티 충북 진천 -공정 개선 활동 -낭비 제거를 통한 원가 경쟁력 확보 10 ESG 서한이노빌리티 동탄 -ESG (탄소중립) 동향 조사 및 보고서 작성 -제품 전과정 평가 (LCA) 계산 10 SQE 캄텍 충북 진천 합격 확률 높음 [신차 개발 단계별 품질업무 및 품질시스템 리서치] -4단계 신차 개발 단계 및 PPAP/ISIR 상세 리서치 [외주 협력사 승인 업무 및 해외협력사 품질 업무 대응 -협력사 제출 문서 검증 및 표준류 이해 [협력사 품질 교육 및 level up 활동] -협력사 불량률 관리를 위한 프로젝트 아이디어 기획 [부품 클레임 관리] -불량 클레임 통보서 작성 10 품질 캄텍 충북 진천 합격 확률 높음 -공정 품질 관리 -사내 협력사 품질 교육 및 지도 활동 -모듈 공장 품질 관리 지원 10 영업 캄텍 동탄 합격 확률 높음 -영업 진행을 위한 견적 산출 -판매가 타당성 평가 및 수익성 개선 -시장 조사 보고 (경쟁사 동향 및 신제품 발굴) 10 생산관리 캄텍 충북 진천 -생산 계획 수립 및 실적 관리 (가동률 및 Capa 관리) -사내 협력사 관리 -생산 부문 4M 변경 및 ESG 관리 -고객사 출하 계획 수립 및 실적 관리 10 인사 서한ENP 경주 합격 확률 높음 -국내 인사 트렌드 조사 및 보고서 작성 -조직 관리 (채용, 인사 변동) -인사 평가 (평가, 승진) -보상 관리 (급여, 퇴직) -노무 관리 (조직 활성화 운영, 도급 관리) 10 인사 기획본부 동탄 합격 확률 높음 -그룹 채용 전략 기획 (채용 홍보 포함) -인사 평가 제도 기획 및 관리 10 IT기획 기획본부 동탄 합격 확률 높음 -ERP, 그룹웨어 등 시스템 개발 및 운영 지원 -IT Infra 관리 (서버, PC, 네트워크 등) -IT 보안 관리 및 보안 인증 취득 및 유지 -IT 관련 업무 기획 지원 10 -모집 기간 : 11월 11일(월) ~ 4월 3일(금) -서류 합격 발표 : 12월 13일(금) -면접 일정 : 개별 안내 -최종 합격 발표 : 12월 27일(금) -고용부 권고 참여제한 조건에 해당하는 자 *아래 ‘참여제한 조건’에서 자세한 내용을 확인하실 수 있습니다. -15세 이상 34세 이하 미취업 청년 (군필자 만 39세 한정) -비수도권 청년 우대 -취약계층 청년 우대 -신청하기 후 안내된 사이트에서 서류 제출 -제출 서류 : 서한그룹 드림버스컴퍼니 참여 신청서 (지정 양식) 모집 마감! 혹시 인턴 찾고 있나요? 인턴 찾는 어려움 없이 5주 직무경험 해보세요. 바로가기","","","","","","서울","인턴","","","","","active","2026-04-04T03:56:24.539459","2026-04-04T03:56:24.539482","True"
"224","297","주식회사 코멘토","고객센터","https://comento.kr/career/dreamverse/internz-comento-15","커뮤니티 직무부트캠프 클래스 채용 미래내일 일경험 드림버스컴퍼니 메이커스랩 인턴즈 공고 익스턴십 코멘토 인턴즈가 말하는 인턴즈 후기 문의 모집 마감 모집 마감! 혹시 인턴 찾고 있나요? 인턴 찾는 어려움 없이 5주 직무경험 해보세요. 바로가기 고객센터 운영시간 : 평일 10시 ~ 18시 30분 (주말, 공휴일 제외) 점심시간 : 12시 30분 ~ 14시 기업 제휴 문의: help@comento.kr 1:1 문의하기 서비스 회사소개 공지사항 인재 채용 제휴 대학 인증 코멘토픽 소개 파트너스 직무부트캠프 제휴 멘토링 제휴 광고문의 기업 교육 (주)코멘토ㅣ대표이사 이재성 04512 서울특별시 중구 칠패로 28, 메리츠강북타워 3층 사업자등록번호 487-86-00195ㅣ통신판매업신고번호 제 2021-서울중구-2580호 직업정보제공사업신고 서울청 제 2018-19호ㅣ원격평생교육시설신고 제 원격-376호 070-4154-0804","","","","","","서울","인턴","","","","","active","2026-04-04T03:56:51.028683","2026-04-04T03:56:51.028708","True"
"225","297","주식회사 코멘토","고객센터","https://comento.kr/career/dreamverse/makerslab/HI-1","커뮤니티 직무부트캠프 클래스 채용 미래내일 일경험 드림버스컴퍼니 메이커스랩 인턴즈 공고 익스턴십 고용노동부 미래내일일경험 지원사업 현대해상과 함께하는 로컬 AI 메이커스랩 FAQ (자주 묻는 질문) 문의 모집 마감 고객센터 운영시간 : 평일 10시 ~ 18시 30분 (주말, 공휴일 제외) 점심시간 : 12시 30분 ~ 14시 기업 제휴 문의: help@comento.kr 1:1 문의하기 서비스 회사소개 공지사항 인재 채용 제휴 대학 인증 코멘토픽 소개 파트너스 직무부트캠프 제휴 멘토링 제휴 광고문의 기업 교육 (주)코멘토ㅣ대표이사 이재성 04512 서울특별시 중구 칠패로 28, 메리츠강북타워 3층 사업자등록번호 487-86-00195ㅣ통신판매업신고번호 제 2021-서울중구-2580호 직업정보제공사업신고 서울청 제 2018-19호ㅣ원격평생교육시설신고 제 원격-376호 070-4154-0804","","","","","","서울","인턴","","","","","active","2026-04-04T03:57:03.247711","2026-04-04T03:57:03.247736","True"
"226","297","주식회사 코멘토","고객센터","https://comento.kr/career/dreamverse/internz-png-21","커뮤니티 직무부트캠프 클래스 채용 미래내일 일경험 드림버스컴퍼니 메이커스랩 인턴즈 공고 익스턴십 문의 모집 마감 모집 마감! 혹시 인턴 찾고 있나요? 인턴 찾는 어려움 없이 5주 직무경험 해보세요. 바로가기 고객센터 운영시간 : 평일 10시 ~ 18시 30분 (주말, 공휴일 제외) 점심시간 : 12시 30분 ~ 14시 기업 제휴 문의: help@comento.kr 1:1 문의하기 서비스 회사소개 공지사항 인재 채용 제휴 대학 인증 코멘토픽 소개 파트너스 직무부트캠프 제휴 멘토링 제휴 광고문의 기업 교육 (주)코멘토ㅣ대표이사 이재성 04512 서울특별시 중구 칠패로 28, 메리츠강북타워 3층 사업자등록번호 487-86-00195ㅣ통신판매업신고번호 제 2021-서울중구-2580호 직업정보제공사업신고 서울청 제 2018-19호ㅣ원격평생교육시설신고 제 원격-376호 070-4154-0804","","","","","","서울","인턴","","","","","active","2026-04-04T03:57:09.175615","2026-04-04T03:57:09.175646","True"
"227","297","주식회사 코멘토","고객센터","https://comento.kr/career/dreamverse/internz-mirae-23","커뮤니티 직무부트캠프 클래스 채용 미래내일 일경험 드림버스컴퍼니 메이커스랩 인턴즈 공고 익스턴십 문의 모집 마감 모집 마감! 혹시 인턴 찾고 있나요? 인턴 찾는 어려움 없이 5주 직무경험 해보세요. 바로가기 고객센터 운영시간 : 평일 10시 ~ 18시 30분 (주말, 공휴일 제외) 점심시간 : 12시 30분 ~ 14시 기업 제휴 문의: help@comento.kr 1:1 문의하기 서비스 회사소개 공지사항 인재 채용 제휴 대학 인증 코멘토픽 소개 파트너스 직무부트캠프 제휴 멘토링 제휴 광고문의 기업 교육 (주)코멘토ㅣ대표이사 이재성 04512 서울특별시 중구 칠패로 28, 메리츠강북타워 3층 사업자등록번호 487-86-00195ㅣ통신판매업신고번호 제 2021-서울중구-2580호 직업정보제공사업신고 서울청 제 2018-19호ㅣ원격평생교육시설신고 제 원격-376호 070-4154-0804","","","","","","서울","인턴","","","","","active","2026-04-04T03:57:49.416473","2026-04-04T03:57:49.416514","True"
"228","297","주식회사 코멘토","고객센터","https://comento.kr/career/dreamverse/internz-startup-22","커뮤니티 직무부트캠프 클래스 채용 미래내일 일경험 드림버스컴퍼니 메이커스랩 인턴즈 공고 익스턴십 문의 모집 마감 모집 마감! 혹시 인턴 찾고 있나요? 인턴 찾는 어려움 없이 5주 직무경험 해보세요. 바로가기 고객센터 운영시간 : 평일 10시 ~ 18시 30분 (주말, 공휴일 제외) 점심시간 : 12시 30분 ~ 14시 기업 제휴 문의: help@comento.kr 1:1 문의하기 서비스 회사소개 공지사항 인재 채용 제휴 대학 인증 코멘토픽 소개 파트너스 직무부트캠프 제휴 멘토링 제휴 광고문의 기업 교육 (주)코멘토ㅣ대표이사 이재성 04512 서울특별시 중구 칠패로 28, 메리츠강북타워 3층 사업자등록번호 487-86-00195ㅣ통신판매업신고번호 제 2021-서울중구-2580호 직업정보제공사업신고 서울청 제 2018-19호ㅣ원격평생교육시설신고 제 원격-376호 070-4154-0804","","","","","","서울","인턴","","","","","active","2026-04-04T03:57:55.769491","2026-04-04T03:57:55.769508","True"
"229","297","주식회사 코멘토","고객센터","https://comento.kr/career/dreamverse/internz-ybm-25","커뮤니티 직무부트캠프 클래스 채용 미래내일 일경험 드림버스컴퍼니 메이커스랩 인턴즈 공고 익스턴십 문의 모집 마감 모집 마감! 혹시 인턴 찾고 있나요? 인턴 찾는 어려움 없이 5주 직무경험 해보세요. 바로가기 고객센터 운영시간 : 평일 10시 ~ 18시 30분 (주말, 공휴일 제외) 점심시간 : 12시 30분 ~ 14시 기업 제휴 문의: help@comento.kr 1:1 문의하기 서비스 회사소개 공지사항 인재 채용 제휴 대학 인증 코멘토픽 소개 파트너스 직무부트캠프 제휴 멘토링 제휴 광고문의 기업 교육 (주)코멘토ㅣ대표이사 이재성 04512 서울특별시 중구 칠패로 28, 메리츠강북타워 3층 사업자등록번호 487-86-00195ㅣ통신판매업신고번호 제 2021-서울중구-2580호 직업정보제공사업신고 서울청 제 2018-19호ㅣ원격평생교육시설신고 제 원격-376호 070-4154-0804","","","","","","서울","인턴","","","","","active","2026-04-04T03:58:00.336100","2026-04-04T03:58:00.336124","True"
"230","297","주식회사 코멘토","고객센터","https://comento.kr/career/dreamverse/internz-mirae-24","커뮤니티 직무부트캠프 클래스 채용 미래내일 일경험 드림버스컴퍼니 메이커스랩 인턴즈 공고 익스턴십 문의 모집 마감 모집 마감! 혹시 인턴 찾고 있나요? 인턴 찾는 어려움 없이 5주 직무경험 해보세요. 바로가기 고객센터 운영시간 : 평일 10시 ~ 18시 30분 (주말, 공휴일 제외) 점심시간 : 12시 30분 ~ 14시 기업 제휴 문의: help@comento.kr 1:1 문의하기 서비스 회사소개 공지사항 인재 채용 제휴 대학 인증 코멘토픽 소개 파트너스 직무부트캠프 제휴 멘토링 제휴 광고문의 기업 교육 (주)코멘토ㅣ대표이사 이재성 04512 서울특별시 중구 칠패로 28, 메리츠강북타워 3층 사업자등록번호 487-86-00195ㅣ통신판매업신고번호 제 2021-서울중구-2580호 직업정보제공사업신고 서울청 제 2018-19호ㅣ원격평생교육시설신고 제 원격-376호 070-4154-0804","","","","","","서울","인턴","","","","","active","2026-04-04T03:58:06.423027","2026-04-04T03:58:06.423048","True"
"231","297","주식회사 코멘토","고객센터","https://comento.kr/career/dreamverse/makerslab/25-2","커뮤니티 직무부트캠프 클래스 채용 미래내일 일경험 드림버스컴퍼니 메이커스랩 인턴즈 공고 익스턴십 모집 마감 고객센터 운영시간 : 평일 10시 ~ 18시 30분 (주말, 공휴일 제외) 점심시간 : 12시 30분 ~ 14시 기업 제휴 문의: help@comento.kr 1:1 문의하기 서비스 회사소개 공지사항 인재 채용 제휴 대학 인증 코멘토픽 소개 파트너스 직무부트캠프 제휴 멘토링 제휴 광고문의 기업 교육 (주)코멘토ㅣ대표이사 이재성 04512 서울특별시 중구 칠패로 28, 메리츠강북타워 3층 사업자등록번호 487-86-00195ㅣ통신판매업신고번호 제 2021-서울중구-2580호 직업정보제공사업신고 서울청 제 2018-19호ㅣ원격평생교육시설신고 제 원격-376호 070-4154-0804","","","","","","서울","인턴","","","","","active","2026-04-04T03:58:26.201195","2026-04-04T03:58:26.201225","True"
"232","297","주식회사 코멘토","고객센터","https://comento.kr/career/dreamverse/internz-mirae-26","커뮤니티 직무부트캠프 클래스 채용 미래내일 일경험 드림버스컴퍼니 메이커스랩 인턴즈 공고 익스턴십 문의 모집 마감 모집 마감! 혹시 인턴 찾고 있나요? 인턴 찾는 어려움 없이 5주 직무경험 해보세요. 바로가기 고객센터 운영시간 : 평일 10시 ~ 18시 30분 (주말, 공휴일 제외) 점심시간 : 12시 30분 ~ 14시 기업 제휴 문의: help@comento.kr 1:1 문의하기 서비스 회사소개 공지사항 인재 채용 제휴 대학 인증 코멘토픽 소개 파트너스 직무부트캠프 제휴 멘토링 제휴 광고문의 기업 교육 (주)코멘토ㅣ대표이사 이재성 04512 서울특별시 중구 칠패로 28, 메리츠강북타워 3층 사업자등록번호 487-86-00195ㅣ통신판매업신고번호 제 2021-서울중구-2580호 직업정보제공사업신고 서울청 제 2018-19호ㅣ원격평생교육시설신고 제 원격-376호 070-4154-0804","","","","","","서울","인턴","","","","","active","2026-04-04T03:58:31.158327","2026-04-04T03:58:31.158352","True"
"233","297","주식회사 코멘토","고객센터","https://comento.kr/career/dreamverse/internz-mirae-27","커뮤니티 직무부트캠프 클래스 채용 미래내일 일경험 드림버스컴퍼니 메이커스랩 인턴즈 공고 익스턴십 문의 모집 마감 모집 마감! 혹시 인턴 찾고 있나요? 인턴 찾는 어려움 없이 5주 직무경험 해보세요. 바로가기 고객센터 운영시간 : 평일 10시 ~ 18시 30분 (주말, 공휴일 제외) 점심시간 : 12시 30분 ~ 14시 기업 제휴 문의: help@comento.kr 1:1 문의하기 서비스 회사소개 공지사항 인재 채용 제휴 대학 인증 코멘토픽 소개 파트너스 직무부트캠프 제휴 멘토링 제휴 광고문의 기업 교육 (주)코멘토ㅣ대표이사 이재성 04512 서울특별시 중구 칠패로 28, 메리츠강북타워 3층 사업자등록번호 487-86-00195ㅣ통신판매업신고번호 제 2021-서울중구-2580호 직업정보제공사업신고 서울청 제 2018-19호ㅣ원격평생교육시설신고 제 원격-376호 070-4154-0804","","","","","","서울","인턴","","","","","active","2026-04-04T03:58:42.366659","2026-04-04T03:58:42.366686","True"
"234","297","주식회사 코멘토","고객센터","https://comento.kr/career/dreamverse/makerslab/ML-3","커뮤니티 직무부트캠프 클래스 채용 미래내일 일경험 드림버스컴퍼니 메이커스랩 인턴즈 공고 익스턴십 모집 마감 고객센터 운영시간 : 평일 10시 ~ 18시 30분 (주말, 공휴일 제외) 점심시간 : 12시 30분 ~ 14시 기업 제휴 문의: help@comento.kr 1:1 문의하기 서비스 회사소개 공지사항 인재 채용 제휴 대학 인증 코멘토픽 소개 파트너스 직무부트캠프 제휴 멘토링 제휴 광고문의 기업 교육 (주)코멘토ㅣ대표이사 이재성 04512 서울특별시 중구 칠패로 28, 메리츠강북타워 3층 사업자등록번호 487-86-00195ㅣ통신판매업신고번호 제 2021-서울중구-2580호 직업정보제공사업신고 서울청 제 2018-19호ㅣ원격평생교육시설신고 제 원격-376호 070-4154-0804","","","","","","서울","인턴","","","","","active","2026-04-04T03:58:47.432444","2026-04-04T03:58:47.432488","True"
"235","297","주식회사 코멘토","직무별 공고","https://comento.kr/career/recruit","인기 채용 공고 AD 에스케이키파운드리 환경안전(SHE) 분야 신입 채용 1일 남음 제이에스알마이크로코리아 생산계획 담당자 모집 1일 남음 소노인터내셔널 [본사] 마케팅기획 신입/경력 채용 1일 남음 코스메카코리아 품질관리 미생물검사 담당자 모집 1일 남음 경신전선 26년도 2분기 제품개발팀 채용 1일 남음 태웅로직스 전략기획팀 신입사원/경력직 채용 1일 남음 엘지생활건강 공인노무사 채용 1일 남음 강남제비스코 신입 / 경력사원 공개채용 1일 남음 대상 소재사업부문 생산관리(군산) 신입사원 채용 1일 남음 태웅로직스 TANK국내영업팀 신입사원/경력직 채용 1일 남음 현대모비스 사업기획/운영 2일 남음 코스맥스바이오 [그룹공채] 2026년 상반기 그룹 신입사원 공개채용 2일 남음 코스맥스비티아이 [그룹공채] 2026년 상반기 그룹 신입사원 공개채용(R&I-패치연구) 2일 남음 인터지스 4월 수시채용(관리부문) 공고 (회계팀) 3일 남음 린데코리아 재경기획부문 경영기획부 FP＆A specialist 정규직 채용 3일 남음 케이아이에스정보통신 기획실 (신입) 4일 남음 케이아이에스정보통신 VAN 채널 영업 및 마케팅 (신입/경력) 4일 남음 아모레퍼시픽 2026 상반기 신입사원 수시채용_스킨케어 제품개발 4일 남음 에스케이하이스텍 [구성원서비스센터] 복리후생 서비스 운영 담당자 채용 4일 남음 엘티메탈 안전/보건 신입/경력사원 모집 4일 남음","","","","","","경기","정규직","","","","","active","2026-04-04T03:59:15.986083","2026-04-04T03:59:15.986106","True"
"236","297","주식회사 코멘토","기업에 직접 출근하는","https://comento.kr/career/internz/list","직무부트캠프 직무부트캠프 5주 직무 경험하기 모집마감 커머스운영/컨텐츠디자인/온사이트마케팅/CSM지원/프로덕트디자인/콘텐츠기획관리/교육운영/그로스마케터/EAP운영지원/브랜드커머스운영/인플루언서마케팅AE/콘텐츠디자인/마케팅/총무/경영전략사업기획지원/웹디자인/커뮤니티마케팅/콘텐츠마케팅/세무회계/리서치/운영지원/사무행정/ [4차] 미래내일 인턴즈 10월 22일 마감 모집마감 마케팅/브랜드마케팅/콘텐츠마케팅/디지털마케팅/마케팅리서치/라이브커머스마케팅/MD/제품기획/서비스기획/그래픽디자인/콘텐츠디자인/웹디자인/UIUX디자인/프로덕트디자인/영상편집/영상기획/행정사무/인사총무/채용지원/B2B사업개발지원/데이터분석 [3차] 미래내일 인턴즈 8월 4일 마감 모집마감 채용대행/영상콘텐츠제작및편집/세일즈마케팅/식음료부서지원/프론트지원/그래픽편집디자인/마케팅/콘텐츠기획및관리/영업판매/리서치/디지털마케팅/인사운영경영보조/LCA기반환경발자국평가및친환경제품인증컨설팅/사무행정/인플루언서시딩/경영사무 [2차] 미래내일 인턴즈 6월 16일 마감 모집마감 B2C영업마케팅/중등참고서(단어장)개발/중고등영어교과서편집 [1차] YBM 인턴즈 6월 16일 마감 모집마감 경영사무/광고마케팅 [2차] 스타트업 인턴즈 6월 8일 마감 모집마감 경영사무/광고마케팅/IT [1차] 미래내일 인턴즈 5월 29일 마감 모집마감 웹디자인/기획홍보/마케팅물시각디자인/경영사무 [1차] 부산 스타트업 인턴즈 5월 12일 마감 모집마감 프론트엔드개발/데이터사이언티스트/분석모델링/HW개발/ERP운영개발/MES개발및지원 [1차] 스타트업 IT 인턴즈 5월 12일 마감 모집마감 일러스트콘텐츠제작/3D이미지콘텐츠제작/패키지디자인/비즈및편집디자인/MD디자인/사진업로드촬영현장지원/마케팅디자이너/디지털콘텐츠디자인/웹디자인/2D일러스트레이터/콘텐츠디자인/디자인/영상편집디자인&기획/UIUX디자인&기획/UX디자인/프로덕트디자인/커머스프로모션디자인/그래픽디자인/웹GUI&콘텐츠디자인/BX콘텐츠디자인/제품디자인 [1차] 스타트업 디자인 인턴즈 5월 12일 마감 모집마감 운영관리/데이터분석/경영지원(사업개발)/accountcoordinator/경영지원영업지원/ HR/분석모델링/PM/전략기획분석/인사행정/경영사무/총무/기획/행정기획운영/CEOstaff/세일즈운영/영업지원/언론홍보/라이브커머스운영/MD영업지원/상품기획MD지원/투자관리지원/재무데이터분석지원/HRD지원/HRM지원/브랜드전략/콘텐츠에디터/데이터사이언티스트/인사총무/UX리서처/커뮤니티매니저/그로스매니저/영업관리/국문영문키워드번역/사진업로드촬영/인사/재무/리서치/인사총무/경영저원/HR채용/투자업무지원/HW개발/사업지원/교육운영매니저/영업/재무/총무 [1차] 스타트업 경영사무 인턴즈 5월 12일 마감 모집마감 SNS마케팅/제안서작성및홍보마케팅/인플루언서마케팅/마케팅/그로스마케팅/마케팅운영대행/브랜드마케터/퍼포먼스마케터(AE)/콘텐츠마케터/광고마케팅/콘텐츠마케팅/그로스마케터(앱커머스)/콘텐츠매니저/퍼포먼스마케팅AE/프로덕트마케팅/광고운영/영상콘텐츠기획및제작/광고제작및온드미디어운영/운영기획/온사이트마케터/B2B마케팅/B2C마케팅/B2B영업마케팅/인플루어서마케팅AE/홍보마케팅/유튜브콘텐츠기획제작/마케팅커뮤니케이션 [1차] 스타트업 마케팅 인턴즈 5월 12일 마감 모집마감 마케팅 한국피앤지 크리에이터 실무 레벨업 프로그램 4월 28일 마감 모집마감 프론트엔드개발/B2B마케팅/B2C마케팅/그래픽디자인 코멘토 인턴즈 4월 6일 마감 모집마감 마케팅/디자인/경영사무 YBM 인턴즈 10월 23일 마감 모집마감 경영사무 [3차] 스타트업 경영사무 인턴즈 9월 29일 마감 모집마감 디자인 [3차] 스타트업 디자인 인턴즈 9월 29일 마감 모집마감 마케팅 [3차] 스타트업 마케팅 인턴즈 9월 29일 마감 모집마감 경영사무 [2차] 스타트업 경영사무 인턴즈 6월 20일 마감 모집마감 디자인 [2차] 스타트업 디자인 인턴즈 6월 20일 마감 모집마감 마케팅 [2차] 스타트업 마케팅 인턴즈 6월 20일 마감 모집마감 기획홍보/전시기획/교육개발 코끼리공장 인턴즈 6월 9일 마감 모집마감 마케팅/디자인/경영사무 로켓 스타트업 마케팅•디자인•경영사무 인턴즈 4월 9일 마감 모집마감 마케팅/디자인/경영사무 드림 스타트업 마케팅•디자인•경영사무 인턴즈 4월 9일 마감 모집마감 마케팅/디자인 그로우 스타트업 마케팅•디자인 인턴즈 4월 9일 마감 모집마감 경영사무 그로우 스타트업 경영사무 인턴즈 4월 9일 마감 모집마감 ESG/경영사무 [2차] ESG/경영사무 인턴즈 11월 22일 마감 모집마감 마케팅/디자인 [2차] 스타트업 마케팅 • 디자인 인턴즈 11월 1일 마감 모집마감 ESG 대기업 ESG 인턴즈 9월 8일 마감 모집마감 마케팅 스타트업 마케팅 인턴즈 9월 8일 마감","","","","","","부산","인턴","","","","","active","2026-04-04T03:59:24.039491","2026-04-04T03:59:24.039513","True"
"237","297","주식회사 코멘토","기업의 현직자를 만나는","https://comento.kr/career/dreamverse","직무부트캠프 직무부트캠프 5주 직무 경험하기 모집마감 영업/안전/품질/공정기술/ESG/생산관리/협력 업체 관리/인사/IT기획 [3차] 서한그룹 드림버스컴퍼니 12월 1일 마감 모집마감 프로젝트형/서비스기획&디자인/생성형AI기초 [3차] AI 초보를 위한 실무 프로젝트, 로컬 AI 메이커스랩 11월 11일 마감 모집마감 커머스운영/컨텐츠디자인/온사이트마케팅/CSM지원/프로덕트디자인/콘텐츠기획관리/교육운영/그로스마케터/EAP운영지원/브랜드커머스운영/인플루언서마케팅AE/콘텐츠디자인/마케팅/총무/경영전략사업기획지원/웹디자인/커뮤니티마케팅/콘텐츠마케팅/세무회계/리서치/운영지원/사무행정/ [4차] 미래내일 인턴즈 10월 22일 마감 모집마감 국내영업/엔지니어/IT/연구개발/기술개발/환경/구매/내부회계/해외영업 [6차] 한솔그룹 드림버스컴퍼니 8월 4일 마감 모집마감 마케팅/브랜드마케팅/콘텐츠마케팅/디지털마케팅/마케팅리서치/라이브커머스마케팅/MD/제품기획/서비스기획/그래픽디자인/콘텐츠디자인/웹디자인/UIUX디자인/프로덕트디자인/영상편집/영상기획/행정사무/인사총무/채용지원/B2B사업개발지원/데이터분석 [3차] 미래내일 인턴즈 8월 4일 마감 모집마감 프로젝트형/서비스기획&디자인/생성형AI기초 AI 초보를 위한 실무 프로젝트, 로컬 AI 메이커스랩 8월 3일 마감 모집마감 마케팅 니트청년 특화트랙 드림버스컴퍼니 7월 14일 마감 모집마감 마케팅 더나은인재들 드림버스컴퍼니 6월 27일 마감 모집마감 채용대행/영상콘텐츠제작및편집/세일즈마케팅/식음료부서지원/프론트지원/그래픽편집디자인/마케팅/콘텐츠기획및관리/영업판매/리서치/디지털마케팅/인사운영경영보조/LCA기반환경발자국평가및친환경제품인증컨설팅/사무행정/인플루언서시딩/경영사무 [2차] 미래내일 인턴즈 6월 16일 마감 모집마감 B2C영업마케팅/중등참고서(단어장)개발/중고등영어교과서편집 [1차] YBM 인턴즈 6월 16일 마감 모집마감 경영사무/광고마케팅 [2차] 스타트업 인턴즈 6월 8일 마감 모집마감 경영사무/광고마케팅/IT [1차] 미래내일 인턴즈 5월 29일 마감 모집마감 마케팅&전략기획/마케팅&콘텐츠 개발 비수도권 청년 재택참여형 기원테크 드림버스컴퍼니 5월 16일 마감 모집마감 웹디자인/기획홍보/마케팅물시각디자인/경영사무 [1차] 부산 스타트업 인턴즈 5월 12일 마감 모집마감 프론트엔드개발/데이터사이언티스트/분석모델링/HW개발/ERP운영개발/MES개발및지원 [1차] 스타트업 IT 인턴즈 5월 12일 마감 모집마감 일러스트콘텐츠제작/3D이미지콘텐츠제작/패키지디자인/비즈및편집디자인/MD디자인/사진업로드촬영현장지원/마케팅디자이너/디지털콘텐츠디자인/웹디자인/2D일러스트레이터/콘텐츠디자인/디자인/영상편집디자인&기획/UIUX디자인&기획/UX디자인/프로덕트디자인/커머스프로모션디자인/그래픽디자인/웹GUI&콘텐츠디자인/BX콘텐츠디자인/제품디자인 [1차] 스타트업 디자인 인턴즈 5월 12일 마감 모집마감 운영관리/데이터분석/경영지원(사업개발)/accountcoordinator/경영지원영업지원/ HR/분석모델링/PM/전략기획분석/인사행정/경영사무/총무/기획/행정기획운영/CEOstaff/세일즈운영/영업지원/언론홍보/라이브커머스운영/MD영업지원/상품기획MD지원/투자관리지원/재무데이터분석지원/HRD지원/HRM지원/브랜드전략/콘텐츠에디터/데이터사이언티스트/인사총무/UX리서처/커뮤니티매니저/그로스매니저/영업관리/국문영문키워드번역/사진업로드촬영/인사/재무/리서치/인사총무/경영저원/HR채용/투자업무지원/HW개발/사업지원/교육운영매니저/영업/재무/총무 [1차] 스타트업 경영사무 인턴즈 5월 12일 마감 모집마감 SNS마케팅/제안서작성및홍보마케팅/인플루언서마케팅/마케팅/그로스마케팅/마케팅운영대행/브랜드마케터/퍼포먼스마케터(AE)/콘텐츠마케터/광고마케팅/콘텐츠마케팅/그로스마케터(앱커머스)/콘텐츠매니저/퍼포먼스마케팅AE/프로덕트마케팅/광고운영/영상콘텐츠기획및제작/광고제작및온드미디어운영/운영기획/온사이트마케터/B2B마케팅/B2C마케팅/B2B영업마케팅/인플루어서마케팅AE/홍보마케팅/유튜브콘텐츠기획제작/마케팅커뮤니케이션 [1차] 스타트업 마케팅 인턴즈 5월 12일 마감 모집마감 마케팅 한국피앤지 크리에이터 실무 레벨업 프로그램 4월 28일 마감 모집마감 프로젝트형/서비스기획&디자인/생성형AI기초 현대해상과 함께하는 로컬 AI 메이커스랩 4월 14일 마감 모집마감 시각디자인/언론홍보&바이럴/브랜디드 콘텐츠/브랜딩&퍼포먼스마케팅/PM/HR/UX/UI [5차] 휴맥스 드림버스컴퍼니 4월 11일 마감 모집마감 프론트엔드개발/B2B마케팅/B2C마케팅/그래픽디자인 코멘토 인턴즈 4월 6일 마감 모집마감 회계/구매/영업/인사/기술개발/환경/생산관리/브랜드커뮤니케이션 [5차] 한솔그룹 드림버스컴퍼니 4월 4일 마감 모집마감 사업 전략 기획 비수도권 지역인재 특화트랙 기원테크 드림버스컴퍼니 12월 9일 마감 모집마감 영업/안전/품질/공정기술/ESG/생산관리/협력 업체 관리/인사/IT기획 [2차] 서한그룹 드림버스컴퍼니 12월 8일 마감 모집마감 시각디자인/언론홍보&바이럴/브랜디드 콘텐츠/브랜딩&퍼포먼스마케팅/PM/HR/UX/UI [4차] 휴맥스 드림버스컴퍼니 12월 1일 마감 모집마감 마케팅/디자인/경영사무 YBM 인턴즈 10월 23일 마감 모집마감 기획/마케팅 니트청년 특화트랙 기원테크 드림버스컴퍼니 10월 17일 마감 모집마감 경영사무 [3차] 스타트업 경영사무 인턴즈 9월 29일 마감 모집마감 디자인 [3차] 스타트업 디자인 인턴즈 9월 29일 마감 모집마감 마케팅 [3차] 스타트업 마케팅 인턴즈 9월 29일 마감 모집마감 사업 전략 기획 비수도권 지역인재 특화트랙 기원테크 드림버스컴퍼니 7월 31일 마감 모집마감 경영사무 [2차] 스타트업 경영사무 인턴즈 6월 20일 마감 모집마감 디자인 [2차] 스타트업 디자인 인턴즈 6월 20일 마감 모집마감 마케팅 [2차] 스타트업 마케팅 인턴즈 6월 20일 마감 모집마감 기획홍보/전시기획/교육개발 코끼리공장 인턴즈 6월 9일 마감 모집마감 채용/브랜딩&퍼포먼스마케팅/서비스기획/App마케팅&광고 [3차] 휴맥스 드림버스컴퍼니 4월 19일 마감 모집마감 기술개발/구매/브랜드전략/환경 [4차] 한솔그룹 드림버스컴퍼니 4월 12일 마감 모집마감 마케팅/디자인/경영사무 로켓 스타트업 마케팅•디자인•경영사무 인턴즈 4월 9일 마감 모집마감 마케팅/디자인/경영사무 드림 스타트업 마케팅•디자인•경영사무 인턴즈 4월 9일 마감 모집마감 마케팅/디자인 그로우 스타트업 마케팅•디자인 인턴즈 4월 9일 마감 모집마감 경영사무 그로우 스타트업 경영사무 인턴즈 4월 9일 마감 모집마감 어플리케이션 운영/인프라운영 KB데이타시스템 드림버스컴퍼니 11월 28일 마감 모집마감 IT서비스기획/마케팅/영상 [2차] YBM 드림버스컴퍼니 11월 27일 마감 모집마감 전략리서치/기획 [2차] 휴맥스 드림버스컴퍼니 11월 27일 마감 모집마감 인사/품질/연구개발/해외영업/IT기획 서한그룹 드림버스컴퍼니 11월 24일 마감 모집마감 ESG/경영사무 [2차] ESG/경영사무 인턴즈 11월 22일 마감 모집마감 마케팅/디자인 [2차] 스타트업 마케팅 • 디자인 인턴즈 11월 1일 마감 모집마감 인사/연구개발 이수그룹 드림버스컴퍼니 9월 17일 마감 모집마감 전략리서치/디자인/PR/SW개발/HR 휴맥스 드림버스컴퍼니 9월 17일 마감 모집마감 HR/기술개발/IT 서비스/인프라운영/브랜드전략 [3차] 한솔그룹 드림버스컴퍼니 9월 10일 마감 모집마감 ESG 대기업 ESG 인턴즈 9월 8일 마감 모집마감 마케팅 스타트업 마케팅 인턴즈 9월 8일 마감 모집마감 인사총무/광고/미디어 YBM 드림버스컴퍼니 7월 13일 마감 모집마감 반도체DP영업/인사/선행개발그룹/PS개발 [2차] 한솔그룹 드림버스컴퍼니 7월 7일 마감 모집마감 브랜드전략/기술환경/해외영업/인사 한솔그룹 드림버스컴퍼니 5월 14일 마감","","","","","","부산","인턴","","","","","active","2026-04-04T03:59:42.836239","2026-04-04T03:59:42.836268","True"
"238","300","주식회사 와이젠정보기술","채용절차","http://www.ygen.co.kr/recruit.php#job-0773abd2-0","1. 서류심사 2. 실무진면접 3. 대표이사 면접 4. 최종합격 인재상 전문성 직무에 대한 충분한 이해를 바탕으로 지식, 스킬, 역량을 갖춘 인재 협동성 팀원들과 함께 일함에 있어 협동심을 토대로 우수한 기량을 발휘할수 있는 인재 적극적 어떤 업무에 있어서도 긍정적이고 능동적으로 생각하고 활동 하는 인재","","","","","","","","","","","","active","2026-04-04T03:59:52.508593","2026-04-04T03:59:52.508618","True"
"239","314","주식회사 파이브텍","(주)파이브텍","http://www.fivetek.com/fivetek/page/sub03-2.php","Company 인사말 회사현황 회사연혁 조직도 회사 인증 찾아오시는 길 Business 자동제어시스템 상수관망최적화관리시스템 스포츠조명기구 스마트팩토리 바이오가스 플랜트 안전진단 및 운영시스템 원격감시제어시스템 원격감시제어시스템S/W 연구분야 Recruitment 인재상 채용정보 복리후생 Support 문의(Contact US) 공지사항 및 IR FAQ 기술동향 배너 KOR ENG ESP KOR ENG ESP Company 인사말 회사현황 회사연혁 조직도 회사 인증 찾아오시는 길 Business 자동제어시스템 상수관망최적화관리시스템 스포츠조명기구 스마트팩토리 바이오가스 플랜트 안전진단 및 운영시스템 원격감시제어시스템 원격감시제어시스템S/W 연구분야 Recruitment 인재상 채용정보 복리후생 Support 문의(Contact US) 공지사항 및 IR FAQ 기술동향 배너 Recruitment Environment, Energy System, IoT and Beyond 채용정보 채용정보 Recruitment 채용정보 인재상 채용정보 복리후생 채용정보 모집분야 및 자격요건 모집분야 자격요건 모집인원 모집인원 하드웨어 하드웨어 장비 유지보수 및 개발 학력: 초대졸 이상 경력: 무관 군필 또는 면제 [우대사항] 인근 지역 거주자 우대 0명 전형방법 서류전형 실무자면접 임원면접 최종합격 근무환경 근무형태: 주5일 근무 근무지: 경기도 성남시 중원구 제출서류 이력서, 자기소개서 제출 최종합격 후 졸업증명서, 최종학교 전 학년 성적증명서, 공인시험 및 기타 자격증 사본(소지자에 한함), 취업보호대상증명서(대상자에 한함) 제출 기타 유의사항 허위사실이 발견될 경우 채용이 취소될 수 있습니다. 개인정보 및 이메일 무단수집거부 (주)파이브텍 / 대표 : 김진태 / 사업자등록번호 : 129-81-49147 본사 / (13202) 경기도 성남시 중원구 사기막골로 177, 901호 ~ 903호(상대원동, 금강하이테크밸리) / 031-777-5656 / F. 031-777-5659 지사 / (58621) 전라남도 장성군 동화면 농공단지길 49, 2층 / 061-395-4940 / F. 061-395-4941","모집분야 자격요건 모집인원 모집인원 하드웨어 하드웨어 장비 유지보수 및 개발 학력: 초대졸 이상 경력: 무관 군필 또는 면제 [","] 인근 지역 거주자 우대 0명 전형방법 서류전형 실무자면접 임원면접 최종합격 근무환경 근무형태: 주5일 근무 근무지: 경기도 성남시 중원구 제출서류 이력서, 자기소개서 제출 최종합격 후 졸업증명서, 최종학교 전 학년 성적증명서, 공인시험 및 기타 자격증 사본(소지자에 한함), 취업보호대상증명서(대상자에 한함) 제출 기타 유의사항 허위사실이 발견될 경우 채용이 취소될 수 있습니다. 개인정보 및 이메일 무단수집거부 (주)파이브텍 / 대표 : 김진태 / 사업자등록번호 : 129-81-49147 본사 / (13202) 경기도 성남시 중원구 사기막골로 177, 901호 ~ 903호(상대원동, 금강하이테크밸리) / 031-777-5656 / F. 031-777-5659 지사 / (58621) 전라남도 장성군 동화면 농공단지길 49, 2층 / 061-395-4940 / F. 061-395-4941 copyrightⓒ 2018 by FIVETEK. all rights reserved.","","","","경기","","","","","","active","2026-04-04T04:00:33.460481","2026-04-04T04:00:33.460505","True"
"240","314","주식회사 파이브텍","(주)파이브텍","http://www.fivetek.com/fivetek/page/sub03-1.php","Company 인사말 회사현황 회사연혁 조직도 회사 인증 찾아오시는 길 Business 자동제어시스템 상수관망최적화관리시스템 스포츠조명기구 스마트팩토리 바이오가스 플랜트 안전진단 및 운영시스템 원격감시제어시스템 원격감시제어시스템S/W 연구분야 Recruitment 인재상 채용정보 복리후생 Support 문의(Contact US) 공지사항 및 IR FAQ 기술동향 배너 KOR ENG ESP KOR ENG ESP Company 인사말 회사현황 회사연혁 조직도 회사 인증 찾아오시는 길 Business 자동제어시스템 상수관망최적화관리시스템 스포츠조명기구 스마트팩토리 바이오가스 플랜트 안전진단 및 운영시스템 원격감시제어시스템 원격감시제어시스템S/W 연구분야 Recruitment 인재상 채용정보 복리후생 Support 문의(Contact US) 공지사항 및 IR FAQ 기술동향 배너 Recruitment Environment, Energy System, IoT and Beyond 채용정보 인재상 Recruitment 채용정보 인재상 채용정보 복리후생 인재상 (주)파이브텍과 함께 할 진실한 인재를 찾고 있습니다. 개인정보 및 이메일 무단수집거부 (주)파이브텍 / 대표 : 김진태 / 사업자등록번호 : 129-81-49147 본사 / (13202) 경기도 성남시 중원구 사기막골로 177, 901호 ~ 903호(상대원동, 금강하이테크밸리) / 031-777-5656 / F. 031-777-5659 지사 / (58621) 전라남도 장성군 동화면 농공단지길 49, 2층 / 061-395-4940 / F. 061-395-4941","","","","","","경기","","","","","","active","2026-04-04T04:00:39.595464","2026-04-04T04:00:39.595486","True"
"241","315","주식회사 케이브레인컴퍼니","게시판 목록 > 채용공고 > Recruit > 홈","https://www.kbrainc.com/page/recruit-notice","로그인 회원가입 Company Business Performance Contact Us Recruit Company 회사개요 걸어온길 수상실적 Business 컨설팅 솔루션 콘텐츠 위탁운영 Performance 수행실적 주요고객사 Contact Us 뉴스/소식 문의하기 오시는길 Recruit 채용공고 인재상 복리후생 로그인 회원가입 Company 회사개요 걸어온길 수상실적 Business 컨설팅 솔루션 콘텐츠 위탁운영 Performance 수행실적 주요고객사 Contact Us 뉴스/소식 문의하기 오시는길 Recruit 채용공고 인재상 복리후생 Company Business Performance Contact Us Recruit Company 회사개요 걸어온길 수상실적 Business 컨설팅 솔루션 콘텐츠 위탁운영 Performance 수행실적 주요고객사 Contact Us 뉴스/소식 문의하기 오시는길 Recruit 채용공고 인재상 복리후생 Recruit 채용공고 인재상 복리후생 Recruitment 채용공고 건의 게시물이 등록되어 있습니다. 제목 / 내용 제목 내용 상세검색열기 상세검색닫기 체크필드 하나 체크필드 둘 체크필드 셋 Recruit 번호 제목 작성자 작성일 공지 {{display_no}} {{is_delete_parent:: 1|~ ? [원글이 삭제된 답글]| }} {{title}} {{regist_mber_nm}} {{regist_dt_str}} 함께 동행할 여러분을 기다립니다 1 서류전형 1차 평가 과정을 거친 뒤 서류전형 결과는 개별 통지됩니다. 2 1차 실무자 면접 직무 및 전공, 경력사항 등을 확인하는 실무자 면접을 진행합니다. 3 2차 임원 면접 인성 및 적성 등을 확인하는 임원 면접을 진행합니다. 4 최종합격 3단계의 평가 절차를 걸쳐 결과를 통과하신 당사자는 최종 합격하게 됩니다. Company 회사개요 걸어온길 수상실적 Business 컨설팅 솔루션 콘텐츠 위탁운영 Performance 수행실적 주요고객사 Contact Us 뉴스/소식 문의하기 오시는길 Recruit 채용공고 인재상 복리후생 FILE NOT FOUNT /var/www/weven/weven_service/module/member/content/policy/policy_list.php 회사개요 수행실적 오시는길 서울 동작구 신대방동 보라매로5길 51 롯데타워 301호~309호 T. 02.744.0530 M. kbrain@kbrainc.com 2021 ⓒ BY WEVEN.","","","","","","서울","","","","","","active","2026-04-04T04:00:52.139001","2026-04-04T04:00:52.139030","True"
"242","316","주식회사 플랜잇파트너스","Recruit","https://www.planit.ai/recruit","Join us 플랜잇과 함께 성장하세요 “플랜잇은 데이터에 답이 있다고 믿습니다.” 변해가는 요구를 따라가며 살아남는 BI시스템을 만드는 것은 어려운 일입니다. 보여주기 식이 아닌 명확한 니즈, 수평적 문화, 핵심 인력의 참여와 스폰서쉽과 함께 유연하고 쓰기쉬운 솔루션이 모두 준비된 경우에 성공적인 BI시스템을 구축할 수 있습니다. 플랜잇은 태블로 공식 파트너이자, 대한민국 1등 프리미어 리셀러입니다. 2016~24 국내 최상위 파트너이며, 관련 매출 및 고객 1위 플랜잇은 Business intelligence를 위한 End-to-End 서비스, 헬스케어, 교육등 다양한 분야에서 오랜기간동안 기업 데이터를 이용하여 가치있는 서비스를 제공하고 있습니다. 데이터의 모든것 플랜잇과 함께 하세요. 태블로 전문인력 보유 2016~24년 9년 연속 Tableau Partner of the Year South Korea 서울형 강소기업, 고용노동부 강소기업, 병역지정업체 서울 강남구 테헤란로 63길 20 제이제이빌딩 2층 (06160) recruit@planit.ai (02) 569-8601 (02) 569-8602 지원분야 Tableau 개발자/BI(Business Intelligence) 컨설턴트 Global No.1 시각화 솔루션 태블로 (Tableau) 기반 대시보드 개발 정형 및 비정형 데이터를 활용한 업무 혁신을 위한 데이터 플랫폼 전략 수립, 설계, 구축 빅데이터 플랫폼 / DW&DM 구축, 시각화 설계 및 구현 관련 경력 3년 이상 또는 그에 준하는 역량 보유자 BI 프로젝트 경험자 OLAP 개발 또는 운영 경력 1년 이상 보유자 (SAP BW, COGNOS, TABLEAU, QLIK, MSTR, SPOTFIRE 및 그외 국내외 분석 솔루션) SQL 활용 능력 및 DW / Data Mart 모델링 및 개발 경력자 자바 백엔드 개발자 경력 : 경력 2년 ~ 7년 ㆍ자바 백엔드 개발경험 HTML., CSS, javascript, jQuery등 Front End개발에 대한 기본적 이해도 보유 외부 API연동 경험자 Spring framework 사용가능자 컴퓨터/시스템공학, 공학계열 (우대사항) 솔루션 개발경력, Vue.js 개발경력, Linux 시스템 운영경력 (우대사항) Tableau 기술영업 경력 : 신입/경력 1년 이상 (사원, 매니저, 팀원급) 글로벌 No.1 시각화 솔루션 Tableau 대상 Inside Sales 및 Sales Operation BI솔루션 신규 영업 및 제안 – 신규업체 / 기관 / 파트너 발굴 및 영업 전략 기획 및 실행 기존 고객사 및 리셀러 관리 및 지원 – Inside Sales (기 고객에 대한 추가적인 활용 Needs 발굴 및 세일즈 연계) IT관련 전공, 경력 필요 *Foreigner applier (*Requirement : The appliers should be good at communications like the native Korean) 직급 사원 ~ 부장급 복리후생 4대보험, 퇴직연금, 통신비, 각종 경조금, 정기보너스, 성과급, 기념일/명절/생일자 선물, 매년 건강검진 지원 주 5일 근무, 주 52시간제 준수, Work & Life Balance, 탄력근무제, 수평적 문화 추구 연차, 경조휴가, 여성육아휴직, 남성출산휴가, 리프레시 휴가비 지원, 연1회 리조트 무료이용지원 정기적 사내교육 및 자기계발 지원, 교육비 지원, 도서구입지원 업무용 개인 노트북 구입지원 동호회 및 문화의 날 지원, 간식제공, 야근교통비 지원, 저녁식대 지원, 매월 팀회식비 지원 입사지원 지원분야 (필수) 이름 (필수) 이메일 (필수) 전화번호 (필수) 이력서를 첨부해주세요(5MB미만) 스팸방지퀴즈 : 대 한민 국 의수도 는? 개인정보 수집 및 이용 동의 보기","",") 솔루션 개발경력, Vue.js 개발경력, Linux 시스템 운영경력 (우대사항) Tableau 기술영업 경력 : 신입/경력 1년 이상 (사원, 매니저, 팀원급) 글로벌 No.1 시각화 솔루션 Tableau 대상 Inside Sales 및 Sales Operation BI솔루션 신규 영업 및 제안 – 신규업체 / 기관 / 파트너 발굴 및 영업 전략 기획 및 실행 기존 고객사 및 리셀러 관리 및 지원 – Inside Sales (기 고객에 대한 추가적인 활용 Needs 발굴 및 세일즈 연계) IT관련 전공, 경력 필요 *Foreigner applier (*Requirement : The appliers should be good at communications like the native Korean) 직급 사원 ~ 부장급","","건강검진, 경조휴가, 교육비, 식대","","서울","파트타임","","","","","active","2026-04-04T04:01:13.643731","2026-04-04T04:01:13.643922","True"
"243","319","(주)와이즈랩","CONTACT","http://www.wiselab.co.kr#job-c0241eae-6","대표 고완순 본사 경기도 성남시 분당구 황새울로200번길 9-7 현대판테온 602호 TEL 031-714-9802 FAX 031-624-4616 주소보기 사업문의 SI사업부 전무 김완섭 TEL 010-9093-9119 E-Mail osolkil@wiselab.co.kr Fax 031-624-4616 기술지원 SI사업부 상무 남대우 TEL 010-9190-3443 E-Mail starthif@wiselab.co.kr Fax 031-624-4616 Recruit 도전하는 젊음과 열정으로 ㈜와이즈랩과 같이 꿈을 펼쳐 보시기 바랍니다. 지원양식을 다운받아 이메일로 보내주시면 감사하겠습니다. E-Mail jangkiju@wiselab.co.kr 지원서 다운로드","","","","","","경기","","","","","","active","2026-04-04T04:01:21.672239","2026-04-04T04:01:21.672260","True"
"244","319","(주)와이즈랩","Recruit","http://www.wiselab.co.kr#job-0e401820-9","도전하는 젊음과 열정으로 ㈜와이즈랩과 같이 꿈을 펼쳐 보시기 바랍니다. 지원양식을 다운받아 이메일로 보내주시면 감사하겠습니다. E-Mail jangkiju@wiselab.co.kr 지원서 다운로드","","","","","","","","","","","","active","2026-04-04T04:01:21.680527","2026-04-04T04:01:21.680544","True"
"245","324","(주)네온테크","인재채용","http://www.neontech.co.kr/bbs/board.php?bo_table=recruit&wr_id=3","2018년 신입/경력사원 모집 작성자 Neontech | 작성일 18-07-27 14:25 관련링크 목록 본문 (주)네온테크에서 글로벌 미래로 함께 뻗어나갈 인재를 모집하고 있습니다. 많은 여러분의 지원 바랍니다. 1. 채용부문 및 응시자격 • 영업, 마케팅, 기획 부문 • 주인의식을 가지고 주도적인 일 처리가 가능한 사람 • 논리적인 사고를 바탕으로 한 아이디에이션이 가능한 사람 • 꿈을 꾸고 도전하고자 하는 사람 • 관련 유 경험자 또는 관련 종사자 2. 접수기간 : 상시 모집 3. 전형절차 • 1차 서류전형 → 2차 실무자 면접 → 3차 임원면접 4. 제출서류 • 자기소개서, 이력서(자유 양식), 5. 복지 • 4대 보험 (국민연금, 건강보험, 고용보험, 산재보험) • 연차, 여름 휴가 • 그룹 및 개인 교육비 지원 6. 문의 및 접수 • 이메일 접수 : insa@neontech.co.kr • 전화 문의 : 070-5090-2000 목록 개인정보 처리방침 (주)네온테크는 안심하고 신뢰할 수 있는 서비스를 제공하기 위해 최선을 다하고 있으며, 고객님의 개인정보를 중요시하며 개인정보보호법을 준수합니다. (주)네온테크는 고객의 개인정보보호를 소중하게 생각하고, 고객의 개인정보를 보호하기 위하여 항상 최선을 다해 노력하고 있습니다. (주)네온테크의 「개인정보취급방침」은 관련 법률 및 지침의 변경 또는 내부 운영 방침의 변경에 따라 변경될 수 있습니다. (주)네온테크의 「개인정보취급방침」이 변경될 경우 변경된「개인정보취급방침」 사항을 회사 홈페이지(www.neontech.co.kr)를 통하여 공지합니다. (주)네온테크 개인정보취급방침은 아래와 같은 내용을 담고 있습니다. ""개인정보""라 함은 생존하고 있는 개인에 관한 정보로서 성명ㆍ주민등록번호 등에 의하여 당해 개인을 알아볼 수 있는 부호ㆍ문자ㆍ음성ㆍ음향ㆍ영상 및 생체특성 등에 관한 정보(당해 정보만으로는 특정 개인을 알아볼 수 없는 경우에도 다른 정보와 용이하게 결합하여 알아볼 수 있는 것을 포함합니다)를 말합니다. (주)네온테크는 고객의 개인정보보호를 매우 중요시하며, 『정보통신망 이용촉진 및 정보보호 등에 관한 법률』의 개인정보 보호 규정 및 정보통신부가 제정한 『개인정보 보호지침』을 준수하고 있습니다. (주)네온테크는 개인정보취급방침을 통하여 고객께서 제공하시는 개인정보의 수집목적 및 이용목적, 개인정보보호를 위해 (주)네온테크이 취하고 있는 조치 등을 알려드립니다. (주)네온테크는 개인정보취급방침을 홈페이지(www.neontech.co.kr) 첫 화면에 공개 함으로써 고객께서 언제나 용이하게 보실 수 있도록 조치하고 있습니다. (주)네온테크는 개인정보취급방침의 지속적인 개선을 위하여 개인정보취급방침을 개정하는데 필요한 절차를 정하고 있습니다. 그리고 개인정보취급방침을 개정하는 경우 버전번호 등을 부여하여 개정된 사항을 고객께서 쉽게 알아볼 수 있도록 하고 있습니다. (주)네온테크는 개인정보취급방침 중에 중요한 사항이 변경되는 경우에는 변경되는 개인정보취급방침을 시행하기 전에 홈페이지(www.neontech.co.kr) 등을 통하여 변경이유 및 내용을 고객에게 공지합니다 ※ 본 방침은 2019 년 3 월 7 일 부터 시행됩니다. 수집하는 개인정보 항목 및 이용목적 회사는 고객지원 및 제품정보의 제품 및 소모품 구매문의, 서비스 문의를 통해 아래와 같은 개인정보를 수집하고 있습니다. 수집항목 : 이름, 이메일, 전화번호, 주소 수집방법 : 홈페이지(제품 구매문의, 서비스 문의) 수집하는 개인정보의 항목 및 이용목적 (주)네온테크는 개인정보의 수집 시 관련법규에 따라","","","2018년 신입/경력사원 모집 작성자 Neontech | 작성일 18-07-27 14:25 관련링크 목록 본문 (주)네온테크에서 글로벌 미래로 함께 뻗어나갈 인재를 모집하고 있습니다. 많은 여러분의 지원 바랍니다. 1. 채용부문 및 응시자격 • 영업, 마케팅, 기획 부문 • 주인의식을 가지고 주도적인 일 처리가 가능한 사람 • 논리적인 사고를 바탕으로 한 아이디에이션이 가능한 사람 • 꿈을 꾸고 도전하고자 하는 사람 • 관련 유 경험자 또는 관련 종사자 2. 접수기간 : 상시 모집 3. 전형절차 • 1차 서류전형 → 2차 실무자 면접 → 3차 임원면접 4. 제출서류 • 자기소개서, 이력서(자유 양식), 5. 복지 • 4대 보험 (국민연금, 건강보험, 고용보험, 산재보험) • 연차, 여름 휴가 • 그룹 및 개인 교육비 지원 6. 문의 및 접수 • 이메일 접수 : insa@neontech.co.kr • 전화 문의 : 070-5090-2000 목록 개인정보 처리방침 (주)네온테크는 안심하고 신뢰할 수 있는 서비스를 제공하기 위해 최선을 다하고 있으며, 고객님의 개인정보를 중요시하며 개인정보보호법을 준수합니다. (주)네온테크는 고객의 개인정보보호를 소중하게 생각하고, 고객의 개인정보를 보호하기 위하여 항상 최선을 다해 노력하고 있습니다. (주)네온테크의 「개인정보취급방침」은 관련 법률 및 지침의 변경 또는 내부 운영 방침의 변경에 따라 변경될 수 있습니다. (주)네온테크의 「개인정보취급방침」이 변경될 경우 변경된「개인정보취급방침」 사항을 회사 홈페이지(www.neontech.co.kr)를 통하여 공지합니다. (주)네온테크 개인정보취급방침은 아래와 같은 내용을 담고 있습니다. ""개인정보""라 함은 생존하고 있는 개인에 관한 정보로서 성명ㆍ주민등록번호 등에 의하여 당해 개인을 알아볼 수 있는 부호ㆍ문자ㆍ음성ㆍ음향ㆍ영상 및 생체특성 등에 관한 정보(당해 정보만으로는 특정 개인을 알아볼 수 없는 경우에도 다른 정보와 용이하게 결합하여 알아볼 수 있는 것을 포함합니다)를 말합니다. (주)네온테크는 고객의 개인정보보호를 매우 중요시하며, 『정보통신망 이용촉진 및 정보보호 등에 관한 법률』의 개인정보 보호 규정 및 정보통신부가 제정한 『개인정보 보호지침』을 준수하고 있습니다. (주)네온테크는 개인정보취급방침을 통하여 고객께서 제공하시는 개인정보의 수집목적 및 이용목적, 개인정보보호를 위해 (주)네온테크이 취하고 있는 조치 등을 알려드립니다. (주)네온테크는 개인정보취급방침을 홈페이지(www.neontech.co.kr) 첫 화면에 공개 함으로써 고객께서 언제나 용이하게 보실 수 있도록 조치하고 있습니다. (주)네온테크는 개인정보취급방침의 지속적인 개선을 위하여 개인정보취급방침을 개정하는데 필요한 절차를 정하고 있습니다. 그리고 개인정보취급방침을 개정하는 경우 버전번호 등을 부여하여 개정된 사항을 고객께서 쉽게 알아볼 수 있도록 하고 있습니다. (주)네온테크는 개인정보취급방침 중에 중요한 사항이 변경되는 경우에는 변경되는 개인정보취급방침을 시행하기 전에 홈페이지(www.neontech.co.kr) 등을 통하여 변경이유 및 내용을 고객에게 공지합니다 ※ 본 방침은 2019 년 3 월 7 일 부터 시행됩니다. 수집하는 개인정보 항목 및 이용목적 회사는 고객지원 및 제품정보의 제품 및 소모품 구매문의, 서비스 문의를 통해 아래와 같은 개인정보를 수집하고 있습니다. 수집항목 : 이름, 이메일, 전화번호, 주소 수집방법 : 홈페이지(제품 구매문의, 서비스 문의) 수집하는 개인정보의 항목 및 이용목적 (주)네온테크는 개인정보의 수집 시 관련법규에 따라 이용약관에 그 수집범위 및 목적을 사전 고지합니다. (주)네온테크는 고객의 기본적 인권을 현저하게 침해할 우려가 있는 개인정보를 수집하지 않습니다. (주)네온테크는 다음 각호의 개인정보를 아래와 같은 목적을 위하여 수집하고 있습니다. 이름, 이메일, 전화번호, 주소 : 서비스 제공에 관한 계약 이행 및 서비스 제공에 따른 정보제공 기타 : 제품설치 또는 배송 개인정보의 수집방법 (주)네온테크는 홈페이지를 통한 고객지원 및 제품정보의 제품 및 소모품 구매문의, 서비스 문의를 통해 아래와 같은 개인정보를 수집하고 있습니다. 개인정보의 보유 및 이용기간 고객의 개인정보는 (주)네온테크의 고객에게 서비스를 제공하는 기간 동안에 한하여 보유 및 이용됩니다. 다만, 관계법령의 규정에 의하여 보존할 필요성이 있는 경우에는 관계법령에 따라 보존합니다. 관계법령의 규정에 의하여 보존할 필요성이 있는 정보 및 보유기간은 아래와 같습니다. (주)네온테크는 당사 홈페이지(www.neontech.co.kr) 고객지원 및 제품정보의 제품 구매문의, 서비스 문의 : 개인정보 수집 및 이용목적이 달성된 후에는 지체없이 파기합니다. 개인정보의 파기절차 및 방법 (주)네온테크는 원칙적으로 개인정보 수집 및 이용목적이 달성된 후에는 해당 정보를 지체없이 파기합니다. 파기절차 및 방법은 다음과 같습니다. - 파기절차 홈페이지내 고객지원 및 제품정보의 제품 및 소모품 구매문의, 서비스 문의, 투자정보의 투자문의로 입력한 정보는 수집 및 이용목적이 달성된 후 즉시 삭제됩니다. 저장된 개인정보는 법률에 의한 경우가 아니고서는 보유되어지는 이외의 다른 목적으로 이용되지 않습니다. - 파기방법 전자적 파일형태로 저장된 개인정보는 기록을 재생할 수 없는 기술적 방법을 사용하여 삭제합니다. - 개인정보 제공 (주)네온테크는 이용자의 개인정보를 원칙적으로 외부에 제공하지 않습니다. 다만, 아래의 경우에는 예외로 합니다. 법령 규정에 의거하거나, 수사 목적으로 법령에 정해진 절차와 방법에 따라 수사기관의 요구가 있는 경우 수집한 개인정보의 위탁 (주)네온테크는 고객님의 동의없이 고객님의 정보를 외부 업체에 위탁하지 않습니다. 향후 그러한 필요가 생길 경우, 위탁 대상자와 위탁 업무 내용에 대해 고객님에게 통지하고 필요한 경우 사전 동의를 받도록 하겠습니다. 이용자 및 법정대리인의 권리와 그 행사방법 서비스 이용자들의 개인정보 조회, 수정을 위해서는 개인정보관리책임자에게 서면, 전화 또는 이메일로 연락하시면 지체없이 조치하겠습니다. 귀하가 개인정보의 오류에 대한 정정을 요청하신 경우에는 정정을 완료하기 전까지 당해 개인정보를 이용 또는 제공하지 않습니다. 만 14세 미만 아동의 경우, 법정대리인이 아동의 개인정보를 조회하거나 수정할 권리, 수집 및 이용 동의를 철회할 권리를 가집니다. 또한 잘못된 개인정보를 제3자에게 이미 제공한 경우에는 정정 처리결과를 제3자에게 지체 없이 통지하여 정정이 이루어지도록 하겠습니다. (주)네온테크는 이용자의 요청에 의해 수정된 개인정보는 “회사가 수집하는 개인정보의 보유 및 이용기간”에 명시된 바에 따라 처리하고 그 외의 용도로 열람 또는 이용할 수 없도록 처리하고 있습니다. 개인정보 자동수집 장치의 설치, 운영 및 그 거부에 관한 사항 (주)네온테크는 귀하의 정보를 수시로 저장하고 찾아내는 ‘쿠키(cookie)’ 등을 운용합니다. 쿠키란 (주)네온테크의 웹사이트를 운영하는데 이용되는 서버가 귀하의 브라우저에 보내는 아주 작은 텍스트 파일로서 귀하의 컴퓨터 하드디스크에 저장됩니다. 회사는 다음과 같은 목적을 위해 쿠키를 사용합니다. 쿠키 등 사용 목적 이용자의 접속 빈도나 방문 시간 등을 분석, 이용자의 취향과 관심분야를 파악 및 자취 추적, 각종 이벤트 참여 정도 및 방문 회수 파악 등을 통한 타겟 마케팅 및 개인 맞춤 서비스 제공 귀하는 쿠키 설치에 대한 선택권을 가지고 있습니다. 따라서, 귀하는 웹브라우저에서 옵션을 설정함으로써 모든 쿠키를 허용하거나, 쿠키가 저장될 때마다 확인을 거치거나, 아니면 모든 쿠키의 저장을 거부할 수도 있습니다. 쿠키 설정 거부 방법 쿠키 설정을 거부하는 방법으로는 귀하가 사용하시는 웹 브라우저의 옵션을 선택함으로써 모든 쿠키를 허용하거나 쿠키를 저장할 때마다 확인을 거치거나, 모든 쿠키의 저장을 거부할 수 있습니다. 설정방법 예(인터넷 익스플로어의 경우) : 웹 브라우저 상단의 도구 > 인터넷 옵션 > 개인정보 단, 귀하께서 쿠키 설치를 거부하였을 경우 서비스 제공에 어려움이 있을 수 있습니다. 개인정보에 관한 민원서비스 (주)네온테크는 고객의 개인정보를 보호하고 개인정보와 관련한 불만을 처리하기 위하여 아래와 같이 관련 부서 및 개인정보관리책임자를 지정하고 있습니다. 개인정보 보호책임자 성명 : 정준기 직책 : 경영지원본부장 직급 : 상무 전화번호 : 070-5090-2183 이메일 : jkjung@neontech.co.kr ※ 개인정보 보호 담당부서로 연결됩니다. 개인정보 보호 담당부서 부서명 :인사총무팀 담당자 : 김민식 전화번호 : 031-352-8740 이메일 : kimminsik47@neontech.co.kr 귀하께서는 (주)네온테크의 서비스를 이용하시며 발생하는 모든 개인정보보호 관련 민원을 개인정보관리책임자 혹은 담당부서로 신고하실 수 있습니다. (주)네온테크는 이용자들의 신고사항에 대해 신속하게 충분한 답변을 드릴 것입니다. 기타 개인정보침해에 대한 신고나 상담이 필요하신 경우에는 아래 기관에 문의하시기 바랍니다. 개인분쟁조정위원회 (http://kopico.or.kr | 02-405-5150) 정보보호마크인증위원회 (http://www.eprivacy.or.kr | 02-550-9531~2) 경찰청 사이버테러대응센터 (http://www.crtc.go.kr | 02-392-0330)","교육비","","","계약직","","","","","active","2026-04-04T04:01:54.219197","2026-04-04T04:01:54.219220","True"
"246","338","(주)디스트릭트코리아","d'strict - CAREER","https://kr.dstrict.com/CAREER","2D / 3D 기반 미디어아트 콘텐츠 제작 AI 기반 콘텐츠 제작 파이프라인 설계 및 실험 미디어아트 및 광고 콘텐츠 기획/제작 제안 및 프로젝트를 위한 컨셉 비주얼 제작","경력 7년 이상 또는 이에 준하는 역량을 보유하신 분 창의력과 예술적 감각이 뛰어난 아트디렉터 생성형 AI 기반 콘텐츠 제작 경험 또는 높은 이해도를 가진 분 3D모델링부터 Comp까지 하나의 작품을 완성할 수 있는 제너럴리스트 영상의 컨셉을 바탕으로 디자인/예술적 시각화 역량을 보유하신 분 3D툴 활용 역량이 높으신 분 ◦ 기본 : C4D 사용 / redshift renderer ◦ 추가 1 : 블렌더, 언리얼 엔진, 유니티, Houdini 툴 활용 ◦ 추가 2 : VFX 와 다양한 연출에 필요한 2D/3D 툴에 대한 이해와 활용 역량 영상 제작의 프로세스를 잘 이해하고 일정/리소스 관리가 능숙하신 분 팀 협업의 중요성을 이해하고, 커뮤니케이션 역량이 뛰어나신 분 주요기술 스택 Cinema4D / redshift renderer Midjourney, Nano Banana, Comfy UI, Kling AI, Fire Fly 등 AI 기반 제작 도구 After Effects, Photoshop, Premiere Pro, Illustrator 등 그래픽 툴 Houdini, Unreal, Unity 등 실시간/절차적 제작 툴 블렌더, Maya, 3Ds MAX 등 기타 3D 제작 툴","] - 영어/중국어 등 외국어 능통하신 분 [유의사항] - 이력서에 기재된 학력 및 경력사항 등 기재사항이 허위임이 판명될 경우, 합격이 취소될 수 있습니다. HOME COMMERCIAL EXHIBITION PRESS CONTACT ABOUT ART CAREER IR 개인정보처리방침 © D'STRICT. ALL RIGHTS RESERVED. © D'STRICT. ALL RIGHTS RESERVED. 개인정보처리방침","","","","","정규직","","","","","active","2026-04-04T04:02:34.721878","2026-04-04T04:02:34.721901","True"
"247","338","(주)디스트릭트코리아","d'strict - CAREER","https://kr.dstrict.com/CAREER/?q=YToxOntzOjEyOiJrZXl3b3JkX3R5cGUiO3M6MzoiYWxsIjt9&page=1","2D / 3D 기반 미디어아트 콘텐츠 제작 AI 기반 콘텐츠 제작 파이프라인 설계 및 실험 미디어아트 및 광고 콘텐츠 기획/제작 제안 및 프로젝트를 위한 컨셉 비주얼 제작","경력 7년 이상 또는 이에 준하는 역량을 보유하신 분 창의력과 예술적 감각이 뛰어난 아트디렉터 생성형 AI 기반 콘텐츠 제작 경험 또는 높은 이해도를 가진 분 3D모델링부터 Comp까지 하나의 작품을 완성할 수 있는 제너럴리스트 영상의 컨셉을 바탕으로 디자인/예술적 시각화 역량을 보유하신 분 3D툴 활용 역량이 높으신 분 ◦ 기본 : C4D 사용 / redshift renderer ◦ 추가 1 : 블렌더, 언리얼 엔진, 유니티, Houdini 툴 활용 ◦ 추가 2 : VFX 와 다양한 연출에 필요한 2D/3D 툴에 대한 이해와 활용 역량 영상 제작의 프로세스를 잘 이해하고 일정/리소스 관리가 능숙하신 분 팀 협업의 중요성을 이해하고, 커뮤니케이션 역량이 뛰어나신 분 주요기술 스택 Cinema4D / redshift renderer Midjourney, Nano Banana, Comfy UI, Kling AI, Fire Fly 등 AI 기반 제작 도구 After Effects, Photoshop, Premiere Pro, Illustrator 등 그래픽 툴 Houdini, Unreal, Unity 등 실시간/절차적 제작 툴 블렌더, Maya, 3Ds MAX 등 기타 3D 제작 툴","] - 영어/중국어 등 외국어 능통하신 분 [유의사항] - 이력서에 기재된 학력 및 경력사항 등 기재사항이 허위임이 판명될 경우, 합격이 취소될 수 있습니다. HOME COMMERCIAL EXHIBITION PRESS CONTACT ABOUT ART CAREER IR 개인정보처리방침 © D'STRICT. ALL RIGHTS RESERVED. © D'STRICT. ALL RIGHTS RESERVED. 개인정보처리방침","","","","","정규직","","","","","active","2026-04-04T04:02:38.429645","2026-04-04T04:02:38.429669","True"
"248","338","(주)디스트릭트코리아","d'strict - CAREER","https://kr.dstrict.com/CAREER/?q=YToxOntzOjEyOiJrZXl3b3JkX3R5cGUiO3M6MzoiYWxsIjt9&page=2","[담당 국가: 미국(ARTE MUSEUM LAS, NYC 등)] 해외 관계법인의 매출마감, 재고자산 수불관리 및 재고실사지원 해외 관계법인의 월결산 수행 및 재무제표 작성 해외 관계법인의 회계 관련 인프라 구축 업무 회계/세무 관련 지원업무 (회계감사 대응 등)","영어 커뮤니케이션 가능하신 분(이메일, 유선 미팅 등) 회계 관련 실무 경력 3~7년 해외 여행에 결격 사유가 없는 분 재무회계 및 세무회계 기본 지식 보유 MS Excel 등 Office 프로그램 활용능력 우수","] - 영어/중국어 등 외국어 능통하신 분 [유의사항] - 이력서에 기재된 학력 및 경력사항 등 기재사항이 허위임이 판명될 경우, 합격이 취소될 수 있습니다. HOME COMMERCIAL EXHIBITION PRESS CONTACT ABOUT ART CAREER IR 개인정보처리방침 © D'STRICT. ALL RIGHTS RESERVED. © D'STRICT. ALL RIGHTS RESERVED. 개인정보처리방침","","","","","계약직","","","","","active","2026-04-04T04:02:41.753954","2026-04-04T04:02:41.753978","True"
"249","338","(주)디스트릭트코리아","d'strict - CAREER","https://kr.dstrict.com/career?category=Z4t40fU257","알림 뒤로 알림 설정 뒤로 더보기 게시물 알림 내 글 반응 내가 작성한 게시물이나 댓글에 다른 사람이 댓글이나 답글을 작성하면 알려줍니다. 공지사항 사이트에서 보내는 중요한 공지를 실시간으로 알려줍니다. HOME ABOUT COMMERCIAL ART EXHIBITION PRESS CAREER IR CONTACT HOME ABOUT COMMERCIAL ART EXHIBITION PRESS CAREER IR CONTACT HOME ABOUT COMMERCIAL ART EXHIBITION PRESS CAREER IR CONTACT LET'S HAVE A GREAT JOURNEY AT LET'S HAVE A GREAT JOURNEY AT 2021 디스트릭트 공개채용 마감 디스트릭트 공개채용 접수가 마감되었습니다. 많은 분들의 관심과 성원 감사드립니다. JOB POSITION TALENT POOL / 인재풀 조회 7426 디스트릭트는 늘 새로운 프로젝트를 준비하며, 그 안에서 만날 수 있는 가능성을 열어두고 있습니다. 지금 당장 채용 중인 포지션이 없더라도, 디스트릭트와 결이 닿는 분이라면 인재풀에 등록해 주세요. 등록해주신 이력서는 소중히 보관되며, 적합한 기회가 열렸을 때 가장 먼저 연락드릴 예정입니다. 당신만의 언어로 세상을 새롭게 해석하는 분이라면, 디스트릭트는 언제든 열려 있습니다. 지금 이 순간에도, 우리의 다음 챕터에 함께할 누군가를 기다리고 있습니다. 지원하기 4 CREW INTERVIEW CREW INTERVIEW WHAT'S NEW ON d'strict [전형단계] 입사지원 → 서류전형 → 실무면접 → 인사면접 → 최종면접 → 최종합격 ※ 상황에 따라 전형단계 및 면접방법이 변경될 수 있습니다. ※ 서류전형결과는 합격자에 한하여 개별 연락을 드립니다. [공통 자격 요건] - 성별, 학력 무관 - 해외여행 결격사유가 없는 분 [공통 우대 사항] - 영어/중국어 등 외국어 능통하신 분 [유의사항] - 이력서에 기재된 학력 및 경력사항 등 기재사항이 허위임이 판명될 경우, 합격이 취소될 수 있습니다. HOME COMMERCIAL EXHIBITION PRESS CONTACT ABOUT ART CAREER IR","] 성별, 학력 무관 해외여행 결격사유가 없는 분 [공통","] - 영어/중국어 등 외국어 능통하신 분 [유의사항] - 이력서에 기재된 학력 및 경력사항 등 기재사항이 허위임이 판명될 경우, 합격이 취소될 수 있습니다. HOME COMMERCIAL EXHIBITION PRESS CONTACT ABOUT ART CAREER IR 개인정보처리방침 © D'STRICT. ALL RIGHTS RESERVED. © D'STRICT. ALL RIGHTS RESERVED. 개인정보처리방침","","","","","","","","","","active","2026-04-04T04:02:47.781726","2026-04-04T04:02:47.781753","True"
"250","338","(주)디스트릭트코리아","d'strict - CAREER","https://kr.dstrict.com/career?category=70711Z3LHQ","사내 IT 인프라 시스템(AD 기반) 운영 및 관리 Microsoft 기반 인프라(AD / Exchange / M365) 운영 관리 가상화 서버 및 백업 시스템 운영 관리 시스템 및 네트워크 통합 모니터링 운영 인프라 장애 대응 및 원인 분석 (Troubleshooting) IT 자산 관리 (Hardware & Software) 사내 HelpDesk 운영 및 임직원 IT 지원 방화벽 / L3 Switch 기반 네트워크 운영 관리 아르떼뮤지엄 지점 인프라 관리 아르떼뮤지엄 지점 Network 인프라 구축 및 운영 지점 네트워크 이중화(HA) 구축 및 운영 전국 지점 인프라 현장 점검 및 기술 지원","유관 경력 3년 이상 MS AD 기반 인프라 아키텍처 이해 및 운영 경험 Windows Server 및 M365 운영 경험 On Premise 인프라 운영 경험 (서버 / 가상화 / 네트워크) Network 기본 구조 이해 및 운영 경험 Firewall / L3 Switch 등 네트워크 장비 운영 경험 Public Cloud 또는 Private Cloud 환경 경험 IDC 또는 사내 서버실(On Premise) 운영 경험 PowerShell 또는 Script 활용 가능자 개발자 및 타 부서와의 기술 커뮤니케이션 가능자","] - 영어/중국어 등 외국어 능통하신 분 [유의사항] - 이력서에 기재된 학력 및 경력사항 등 기재사항이 허위임이 판명될 경우, 합격이 취소될 수 있습니다. HOME COMMERCIAL EXHIBITION PRESS CONTACT ABOUT ART CAREER IR 개인정보처리방침 © D'STRICT. ALL RIGHTS RESERVED. © D'STRICT. ALL RIGHTS RESERVED. 개인정보처리방침","","","","","정규직","","","","","active","2026-04-04T04:02:51.461923","2026-04-04T04:02:51.462181","True"
"251","338","(주)디스트릭트코리아","d'strict - CAREER","https://kr.dstrict.com/career?category=sS3012l574","1. B2B 수출 업무 해외 지점별 PO검토 출고일정 및 수출진행 관리 인보이스, 패킹리스트 등 수출 서류 작성 및 문서관리 포워더와 선적 일정 및 운송 커뮤니케이션 2. 상품재고 관리 및 발주 국내외 여러지점의 판매데이터를 기반으로 S&OP 관리 S&OP 기반으로 발주수량 검토 파트너사와 커뮤니케이션하여 적정재고 발주, 입고 일정 조율","무역사무 3년 이상 경력자 물류 및 재고 관리에대한 이해도가 있는자 여러 협력부서와의 커뮤니케이션이 원활한자 영어 문서 작성 및 이메일 커뮤니케이션 가능자 엑셀 활용 우수자","] - 영어/중국어 등 외국어 능통하신 분 [유의사항] - 이력서에 기재된 학력 및 경력사항 등 기재사항이 허위임이 판명될 경우, 합격이 취소될 수 있습니다. HOME COMMERCIAL EXHIBITION PRESS CONTACT ABOUT ART CAREER IR 개인정보처리방침 © D'STRICT. ALL RIGHTS RESERVED. © D'STRICT. ALL RIGHTS RESERVED. 개인정보처리방침","","","","","","","","","","active","2026-04-04T04:02:56.610092","2026-04-04T04:02:56.610132","True"
"252","338","(주)디스트릭트코리아","d'strict - CAREER","https://kr.dstrict.com/career?category=80H1mx7X49","알림 뒤로 알림 설정 뒤로 더보기 게시물 알림 내 글 반응 내가 작성한 게시물이나 댓글에 다른 사람이 댓글이나 답글을 작성하면 알려줍니다. 공지사항 사이트에서 보내는 중요한 공지를 실시간으로 알려줍니다. HOME ABOUT COMMERCIAL ART EXHIBITION PRESS CAREER IR CONTACT HOME ABOUT COMMERCIAL ART EXHIBITION PRESS CAREER IR CONTACT HOME ABOUT COMMERCIAL ART EXHIBITION PRESS CAREER IR CONTACT LET'S HAVE A GREAT JOURNEY AT LET'S HAVE A GREAT JOURNEY AT 2021 디스트릭트 공개채용 마감 디스트릭트 공개채용 접수가 마감되었습니다. 많은 분들의 관심과 성원 감사드립니다. JOB POSITION TALENT POOL / 인재풀 조회 7426 디스트릭트는 늘 새로운 프로젝트를 준비하며, 그 안에서 만날 수 있는 가능성을 열어두고 있습니다. 지금 당장 채용 중인 포지션이 없더라도, 디스트릭트와 결이 닿는 분이라면 인재풀에 등록해 주세요. 등록해주신 이력서는 소중히 보관되며, 적합한 기회가 열렸을 때 가장 먼저 연락드릴 예정입니다. 당신만의 언어로 세상을 새롭게 해석하는 분이라면, 디스트릭트는 언제든 열려 있습니다. 지금 이 순간에도, 우리의 다음 챕터에 함께할 누군가를 기다리고 있습니다. 지원하기 4 CREW INTERVIEW CREW INTERVIEW WHAT'S NEW ON d'strict [전형단계] 입사지원 → 서류전형 → 실무면접 → 인사면접 → 최종면접 → 최종합격 ※ 상황에 따라 전형단계 및 면접방법이 변경될 수 있습니다. ※ 서류전형결과는 합격자에 한하여 개별 연락을 드립니다. [공통 자격 요건] - 성별, 학력 무관 - 해외여행 결격사유가 없는 분 [공통 우대 사항] - 영어/중국어 등 외국어 능통하신 분 [유의사항] - 이력서에 기재된 학력 및 경력사항 등 기재사항이 허위임이 판명될 경우, 합격이 취소될 수 있습니다. HOME COMMERCIAL EXHIBITION PRESS CONTACT ABOUT ART CAREER IR","] 성별, 학력 무관 해외여행 결격사유가 없는 분 [공통","] - 영어/중국어 등 외국어 능통하신 분 [유의사항] - 이력서에 기재된 학력 및 경력사항 등 기재사항이 허위임이 판명될 경우, 합격이 취소될 수 있습니다. HOME COMMERCIAL EXHIBITION PRESS CONTACT ABOUT ART CAREER IR 개인정보처리방침 © D'STRICT. ALL RIGHTS RESERVED. © D'STRICT. ALL RIGHTS RESERVED. 개인정보처리방침","","","","","","","","","","active","2026-04-04T04:03:09.662432","2026-04-04T04:03:09.662457","True"
"253","338","(주)디스트릭트코리아","d'strict - CAREER","https://kr.dstrict.com/career?category=BC62X84dw5","미디어아트 기반 전시 공간의 기획과 설계 과정에 참여하며 공간 구현을 위한 디자인 작업을 함께 수행할 디자이너를 찾습니다. 전시 및 체험형 공간 디자인 기획 참여 3D 모델링 및 공간 시각화 작업 기본 설계 및 도면 산출물 작성 CMF 및 공간 디테일 디자인 지원 현장 적용을 위한 디자인 수정 및 협업","공간·전시·실내건축·상업공간 디자인 경력 3년 이상 전시 / 팝업 / 상업공간 등 콘셉트 중심 프로젝트 경험 3D 비주얼과 Material을 통해 디자인을 구체화할 수 있는 분 해외 출장 가능자 사용 툴 공간 설계 : AutoCAD 3D 모델링 및 시각화 : 3ds Max / SketchUp / Blender 등 그래픽 및 협업 : Adobe CC / MS Office 포트폴리오 무드보드 / CMF / 3D 비주얼 중심 구성 디자인 의도와 경험 흐름을 설명할 수 있는 자료 포함","] - 영어/중국어 등 외국어 능통하신 분 [유의사항] - 이력서에 기재된 학력 및 경력사항 등 기재사항이 허위임이 판명될 경우, 합격이 취소될 수 있습니다. HOME COMMERCIAL EXHIBITION PRESS CONTACT ABOUT ART CAREER IR 개인정보처리방침 © D'STRICT. ALL RIGHTS RESERVED. © D'STRICT. ALL RIGHTS RESERVED. 개인정보처리방침","","","","","","","","","","active","2026-04-04T04:03:15.334000","2026-04-04T04:03:15.334041","True"
"254","338","(주)디스트릭트코리아","d'strict - CAREER","https://kr.dstrict.com/career?category=1VN121222G","ES 사업개발 본부는 국내외 파트너십 확장, 신규 비즈니스 창출, B2B 사업 추진을 통해 디스트릭트의 글로벌 확장을 이끄는 조직입니다. 글로벌 B2B 매출 및 당사 IP 기반 콘텐츠 라이선스 사업 개발 파트너십 기반 공동 사업 기획 및 계약 추진 글로벌 브랜드 협업·콜라보레이션 기획 및 실행 기존 및 신규 고객/파트너사 어카운팅 관리 프로젝트 추진 시 콘텐츠·기술·운영·법무 등 유관 부서 협업 리딩 사업 Pipeline 구축·운영 및 영업 리드 관리 BD 프로세스 개선 및 사업 운영 체계 고도화 시장 조사, 사업성 분석 및 신규 비즈니스 모델 제안","해외 파트너와의 대면 협의를 포함한 비즈니스 영어 커뮤니케이션 역량 필수 글로벌 BD 및 파트너십 관련 실무 경력 (5~7년) 신규 사업 기획 및 해외 시장 진출 전략 수행 경험 B2B Deal Closing 경험 (제안 – 협상 – 계약) 글로벌 프로젝트 리딩 및 cross functional 협업 경험 직접 협상 및 계약 구조 설계 경험 IP·콘텐츠·전시 등 관련 산업 이해 조직 운영 및 의사결정 능력 보유","] - 영어/중국어 등 외국어 능통하신 분 [유의사항] - 이력서에 기재된 학력 및 경력사항 등 기재사항이 허위임이 판명될 경우, 합격이 취소될 수 있습니다. HOME COMMERCIAL EXHIBITION PRESS CONTACT ABOUT ART CAREER IR 개인정보처리방침 © D'STRICT. ALL RIGHTS RESERVED. © D'STRICT. ALL RIGHTS RESERVED. 개인정보처리방침","","","","","계약직","","","","","active","2026-04-04T04:03:20.868848","2026-04-04T04:03:20.868874","True"
"255","338","(주)디스트릭트코리아","d'strict - CAREER","https://kr.dstrict.com/career?category=l65B8n412L","알림 뒤로 알림 설정 뒤로 더보기 게시물 알림 내 글 반응 내가 작성한 게시물이나 댓글에 다른 사람이 댓글이나 답글을 작성하면 알려줍니다. 공지사항 사이트에서 보내는 중요한 공지를 실시간으로 알려줍니다. HOME ABOUT COMMERCIAL ART EXHIBITION PRESS CAREER IR CONTACT HOME ABOUT COMMERCIAL ART EXHIBITION PRESS CAREER IR CONTACT HOME ABOUT COMMERCIAL ART EXHIBITION PRESS CAREER IR CONTACT LET'S HAVE A GREAT JOURNEY AT LET'S HAVE A GREAT JOURNEY AT 2021 디스트릭트 공개채용 마감 디스트릭트 공개채용 접수가 마감되었습니다. 많은 분들의 관심과 성원 감사드립니다. JOB POSITION TALENT POOL / 인재풀 조회 7426 디스트릭트는 늘 새로운 프로젝트를 준비하며, 그 안에서 만날 수 있는 가능성을 열어두고 있습니다. 지금 당장 채용 중인 포지션이 없더라도, 디스트릭트와 결이 닿는 분이라면 인재풀에 등록해 주세요. 등록해주신 이력서는 소중히 보관되며, 적합한 기회가 열렸을 때 가장 먼저 연락드릴 예정입니다. 당신만의 언어로 세상을 새롭게 해석하는 분이라면, 디스트릭트는 언제든 열려 있습니다. 지금 이 순간에도, 우리의 다음 챕터에 함께할 누군가를 기다리고 있습니다. 지원하기 4 CREW INTERVIEW CREW INTERVIEW WHAT'S NEW ON d'strict [전형단계] 입사지원 → 서류전형 → 실무면접 → 인사면접 → 최종면접 → 최종합격 ※ 상황에 따라 전형단계 및 면접방법이 변경될 수 있습니다. ※ 서류전형결과는 합격자에 한하여 개별 연락을 드립니다. [공통 자격 요건] - 성별, 학력 무관 - 해외여행 결격사유가 없는 분 [공통 우대 사항] - 영어/중국어 등 외국어 능통하신 분 [유의사항] - 이력서에 기재된 학력 및 경력사항 등 기재사항이 허위임이 판명될 경우, 합격이 취소될 수 있습니다. HOME COMMERCIAL EXHIBITION PRESS CONTACT ABOUT ART CAREER IR","] 성별, 학력 무관 해외여행 결격사유가 없는 분 [공통","] - 영어/중국어 등 외국어 능통하신 분 [유의사항] - 이력서에 기재된 학력 및 경력사항 등 기재사항이 허위임이 판명될 경우, 합격이 취소될 수 있습니다. HOME COMMERCIAL EXHIBITION PRESS CONTACT ABOUT ART CAREER IR 개인정보처리방침 © D'STRICT. ALL RIGHTS RESERVED. © D'STRICT. ALL RIGHTS RESERVED. 개인정보처리방침","","","","","","","","","","active","2026-04-04T04:03:27.457447","2026-04-04T04:03:27.457471","True"
"256","338","(주)디스트릭트코리아","d'strict - CAREER","https://kr.dstrict.com/career?category=2A7EH8l1MD","알림 뒤로 알림 설정 뒤로 더보기 게시물 알림 내 글 반응 내가 작성한 게시물이나 댓글에 다른 사람이 댓글이나 답글을 작성하면 알려줍니다. 공지사항 사이트에서 보내는 중요한 공지를 실시간으로 알려줍니다. HOME ABOUT COMMERCIAL ART EXHIBITION PRESS CAREER IR CONTACT HOME ABOUT COMMERCIAL ART EXHIBITION PRESS CAREER IR CONTACT HOME ABOUT COMMERCIAL ART EXHIBITION PRESS CAREER IR CONTACT LET'S HAVE A GREAT JOURNEY AT LET'S HAVE A GREAT JOURNEY AT 2021 디스트릭트 공개채용 마감 디스트릭트 공개채용 접수가 마감되었습니다. 많은 분들의 관심과 성원 감사드립니다. JOB POSITION TALENT POOL / 인재풀 조회 7426 디스트릭트는 늘 새로운 프로젝트를 준비하며, 그 안에서 만날 수 있는 가능성을 열어두고 있습니다. 지금 당장 채용 중인 포지션이 없더라도, 디스트릭트와 결이 닿는 분이라면 인재풀에 등록해 주세요. 등록해주신 이력서는 소중히 보관되며, 적합한 기회가 열렸을 때 가장 먼저 연락드릴 예정입니다. 당신만의 언어로 세상을 새롭게 해석하는 분이라면, 디스트릭트는 언제든 열려 있습니다. 지금 이 순간에도, 우리의 다음 챕터에 함께할 누군가를 기다리고 있습니다. 지원하기 4 CREW INTERVIEW CREW INTERVIEW WHAT'S NEW ON d'strict [전형단계] 입사지원 → 서류전형 → 실무면접 → 인사면접 → 최종면접 → 최종합격 ※ 상황에 따라 전형단계 및 면접방법이 변경될 수 있습니다. ※ 서류전형결과는 합격자에 한하여 개별 연락을 드립니다. [공통 자격 요건] - 성별, 학력 무관 - 해외여행 결격사유가 없는 분 [공통 우대 사항] - 영어/중국어 등 외국어 능통하신 분 [유의사항] - 이력서에 기재된 학력 및 경력사항 등 기재사항이 허위임이 판명될 경우, 합격이 취소될 수 있습니다. HOME COMMERCIAL EXHIBITION PRESS CONTACT ABOUT ART CAREER IR","] 성별, 학력 무관 해외여행 결격사유가 없는 분 [공통","] - 영어/중국어 등 외국어 능통하신 분 [유의사항] - 이력서에 기재된 학력 및 경력사항 등 기재사항이 허위임이 판명될 경우, 합격이 취소될 수 있습니다. HOME COMMERCIAL EXHIBITION PRESS CONTACT ABOUT ART CAREER IR 개인정보처리방침 © D'STRICT. ALL RIGHTS RESERVED. © D'STRICT. ALL RIGHTS RESERVED. 개인정보처리방침","","","","","","","","","","active","2026-04-04T04:03:31.318313","2026-04-04T04:03:31.318341","True"
"257","338","(주)디스트릭트코리아","d'strict - CAREER","https://kr.dstrict.com/career?category=Xu0f636122","2D / 3D 기반 미디어아트 콘텐츠 제작 AI 기반 콘텐츠 제작 파이프라인 설계 및 실험 미디어아트 및 광고 콘텐츠 기획/제작 제안 및 프로젝트를 위한 컨셉 비주얼 제작","경력 7년 이상 또는 이에 준하는 역량을 보유하신 분 창의력과 예술적 감각이 뛰어난 아트디렉터 생성형 AI 기반 콘텐츠 제작 경험 또는 높은 이해도를 가진 분 3D모델링부터 Comp까지 하나의 작품을 완성할 수 있는 제너럴리스트 영상의 컨셉을 바탕으로 디자인/예술적 시각화 역량을 보유하신 분 3D툴 활용 역량이 높으신 분 ◦ 기본 : C4D 사용 / redshift renderer ◦ 추가 1 : 블렌더, 언리얼 엔진, 유니티, Houdini 툴 활용 ◦ 추가 2 : VFX 와 다양한 연출에 필요한 2D/3D 툴에 대한 이해와 활용 역량 영상 제작의 프로세스를 잘 이해하고 일정/리소스 관리가 능숙하신 분 팀 협업의 중요성을 이해하고, 커뮤니케이션 역량이 뛰어나신 분 주요기술 스택 Cinema4D / redshift renderer Midjourney, Nano Banana, Comfy UI, Kling AI, Fire Fly 등 AI 기반 제작 도구 After Effects, Photoshop, Premiere Pro, Illustrator 등 그래픽 툴 Houdini, Unreal, Unity 등 실시간/절차적 제작 툴 블렌더, Maya, 3Ds MAX 등 기타 3D 제작 툴","] - 영어/중국어 등 외국어 능통하신 분 [유의사항] - 이력서에 기재된 학력 및 경력사항 등 기재사항이 허위임이 판명될 경우, 합격이 취소될 수 있습니다. HOME COMMERCIAL EXHIBITION PRESS CONTACT ABOUT ART CAREER IR 개인정보처리방침 © D'STRICT. ALL RIGHTS RESERVED. © D'STRICT. ALL RIGHTS RESERVED. 개인정보처리방침","","","","","","","","","","active","2026-04-04T04:03:35.184306","2026-04-04T04:03:35.184331","True"
"258","338","(주)디스트릭트코리아","d'strict - CAREER","https://kr.dstrict.com/career?category=0706wgm37Q","HW 설계: 멀티미디어 전시·체험 공간의 디지털 미디어 통합 솔루션 하드웨어 설계 기술 PM: 전시·체험 공간 구축 시 HW 파트 PM(기술 총괄) 역할 수행 시스템 운영: 미디어 서버를 활용한 콘텐츠 및 작품 세팅, 테스트, 운영 기술 R&D: 영상·음향·조명·네트워크 등 다양한 SW/HW 기반 기술 연구 및 적용 기술 커뮤니케이션: 내부 구성원 및 외부 협력사와의 기술 협의 및 조율","새로운 기술과 환경에 대해 적극적으로 학습하고 도전할 수 있는 분 맡은 역할과 일정에 책임감을 가지고 성실하게 업무를 수행할 수 있는 분 다양한 직군/협력사와 협업하며 유연하고 원만하게 커뮤니케이션할 수 있는 분 IT 기술, 미디어 장비, 테크 분야 전반에 대한 관심과 학습 의지가 있는 분 Technology와 Art의 경계를 연결하는 역할에 흥미가 있는 분 AutoCAD, SketchUp 등 2D·3D 툴에 대한 기초 이해 또는 학습 의지가 있는 분 ※ 본 포지션은 그래픽 디자인·영상 디자인·순수 창작 중심의 역할이 아님을 참고 부탁드립니다.","] - 영어/중국어 등 외국어 능통하신 분 [유의사항] - 이력서에 기재된 학력 및 경력사항 등 기재사항이 허위임이 판명될 경우, 합격이 취소될 수 있습니다. HOME COMMERCIAL EXHIBITION PRESS CONTACT ABOUT ART CAREER IR 개인정보처리방침 © D'STRICT. ALL RIGHTS RESERVED. © D'STRICT. ALL RIGHTS RESERVED. 개인정보처리방침","","","","","","","","","","active","2026-04-04T04:03:39.059536","2026-04-04T04:03:39.059561","True"
"259","338","(주)디스트릭트코리아","d'strict - CAREER","https://kr.dstrict.com/career?category=","2D / 3D 기반 미디어아트 콘텐츠 제작 AI 기반 콘텐츠 제작 파이프라인 설계 및 실험 미디어아트 및 광고 콘텐츠 기획/제작 제안 및 프로젝트를 위한 컨셉 비주얼 제작","경력 7년 이상 또는 이에 준하는 역량을 보유하신 분 창의력과 예술적 감각이 뛰어난 아트디렉터 생성형 AI 기반 콘텐츠 제작 경험 또는 높은 이해도를 가진 분 3D모델링부터 Comp까지 하나의 작품을 완성할 수 있는 제너럴리스트 영상의 컨셉을 바탕으로 디자인/예술적 시각화 역량을 보유하신 분 3D툴 활용 역량이 높으신 분 ◦ 기본 : C4D 사용 / redshift renderer ◦ 추가 1 : 블렌더, 언리얼 엔진, 유니티, Houdini 툴 활용 ◦ 추가 2 : VFX 와 다양한 연출에 필요한 2D/3D 툴에 대한 이해와 활용 역량 영상 제작의 프로세스를 잘 이해하고 일정/리소스 관리가 능숙하신 분 팀 협업의 중요성을 이해하고, 커뮤니케이션 역량이 뛰어나신 분 주요기술 스택 Cinema4D / redshift renderer Midjourney, Nano Banana, Comfy UI, Kling AI, Fire Fly 등 AI 기반 제작 도구 After Effects, Photoshop, Premiere Pro, Illustrator 등 그래픽 툴 Houdini, Unreal, Unity 등 실시간/절차적 제작 툴 블렌더, Maya, 3Ds MAX 등 기타 3D 제작 툴","] - 영어/중국어 등 외국어 능통하신 분 [유의사항] - 이력서에 기재된 학력 및 경력사항 등 기재사항이 허위임이 판명될 경우, 합격이 취소될 수 있습니다. HOME COMMERCIAL EXHIBITION PRESS CONTACT ABOUT ART CAREER IR 개인정보처리방침 © D'STRICT. ALL RIGHTS RESERVED. © D'STRICT. ALL RIGHTS RESERVED. 개인정보처리방침","","","","","정규직","","","","","active","2026-04-04T04:03:42.770781","2026-04-04T04:03:42.770799","True"
"260","344","주식회사 이니라인","About","https://www.iniline.co.kr/about/about_06.jsp","Toggle navigation iniLINE 이니라인 PKI Cross EX CrossWeb EX CrossWarp EX SSO SWIFT SSO SWIFT SPM About 회사소개 연혁 찾아오시는길 고객사 및 협력사 주요실적 복리후생 및 채용 개인정보 처리방침 고객지원 About Home About 회사소개 연혁 찾아오시는길 고객사 및 협력사 주요실적 복리후생 및 채용 개인정보 처리방침 복리후생 및 채용 채용안내 상시 채용 부문 우대사항 UNIX C 인력 1. UNIX/Wondows 환경의 C 개발 경력 2년 이상 2. DB 설계 및 튜닝 스킬 보유자 3. Network 프로그래밍 경력 4. RFC 표준문서 구현 경력자 우대 5. 암호 관련 프로그래밍 경력자 우대 JAVA 인력 1. Web Programming 기술 보유자(필수사항) - Servlet/JSP, Servlet Filter, JSTL, Java Script, etc - WAS(Web Application Server) 사용 경험자 - HTTP/1.1 RFC2616를 이해할 수 있는자 2. J2EE 기술보유자(Network 프로그램은 필수사항) - JDBC, EJB, XML, Network 프로그래밍 등 가능자 3. 암호기술/ 프로토콜 기술 보유자 우대 - PKI 및 보안관련 지식 보유자 우대 - SSL/TLS, IPSec 지식 보유자 우대 - RFC/IETF/FIPS/ISO 등 관련 명세 구현 가능자 우대 복리후생 입사지원서 복리후생 이니라인 입사지원서다운로드 - 주 5일제(9시 ~ 6시) - 퇴직금 및 4대 보험 지원 - 연봉제 및 업무성과에 따른 인센티브 부여 - 점심 식대 및 통신비 지원 - 야근 시 저녁식대 지원 서울특별시 구로구 디지털로 34길 55, 1102호 (구로동, 코오롱싸이언스밸리2차) | 대표전화 : 070-4617-5401 | 고객지원 : 02-6925-2360 | 팩스 : 070-8270-3854 | 메일 : support@iniline.co.kr","","Toggle navigation iniLINE 이니라인 PKI Cross EX CrossWeb EX CrossWarp EX SSO SWIFT SSO SWIFT SPM About 회사소개 연혁 찾아오시는길 고객사 및 협력사 주요실적 복리후생 및 채용 개인정보 처리방침 고객지원 About Home About 회사소개 연혁 찾아오시는길 고객사 및 협력사 주요실적 복리후생 및 채용 개인정보 처리방침 복리후생 및 채용 채용안내 상시 채용 부문 우대사항 UNIX C 인력 1. UNIX/Wondows 환경의 C 개발 경력 2년 이상 2. DB 설계 및 튜닝 스킬 보유자 3. Network 프로그래밍 경력 4. RFC 표준문서 구현 경력자 우대 5. 암호 관련 프로그래밍 경력자 우대 JAVA 인력 1. Web Programming 기술 보유자(필수사항) - Servlet/JSP, Servlet Filter, JSTL, Java Script, etc - WAS(Web Application Server) 사용 경험자 - HTTP/1.1 RFC2616를 이해할 수 있는자 2. J2EE 기술보유자(Network 프로그램은 필수사항) - JDBC, EJB, XML, Network 프로그래밍 등 가능자 3. 암호기술/ 프로토콜 기술 보유자 우대 - PKI 및 보안관련 지식 보유자 우대 - SSL/TLS, IPSec 지식 보유자 우대 - RFC/IETF/FIPS/ISO 등 관련 명세 구현 가능자 우대 복리후생 입사지원서 복리후생 이니라인 입사지원서다운로드 - 주 5일제(9시 ~ 6시) - 퇴직금 및 4대 보험 지원 - 연봉제 및 업무성과에 따른 인센티브 부여 - 점심 식대 및 통신비 지원 - 야근 시 저녁식대 지원 서울특별시 구로구 디지털로 34길 55, 1102호 (구로동, 코오롱싸이언스밸리2차) | 대표전화 : 070-4617-5401 | 고객지원 : 02-6925-2360 | 팩스 : 070-8270-3854 | 메일 : support@iniline.co.kr COPYRIGHTⓒ2007~2025 iniLINE. ALL RIGHT RESERVED","","식대, 인센티브, 퇴직금","","서울","","","","","","active","2026-04-04T04:04:01.313602","2026-04-04T04:04:01.313629","True"
"261","345","(주) 엠폴","(주)엠폴","https://www.mpole.co.kr/Recruit?category=7783C5S676","알림 뒤로 알림 설정 뒤로 더보기 게시물 알림 내 글 반응 내가 작성한 게시물이나 댓글에 다른 사람이 댓글이나 답글을 작성하면 알려줍니다. 공지사항 사이트에서 보내는 중요한 공지를 실시간으로 알려줍니다. 회사소개 CEO인사말 기업가치 연혁 Contact Us CI 소개 고객사 솔루션 솔루션소개 TWIN-X IMP SENTIO 산업안전관리 차량추적관리 시스템통합 사업영역 사업소개 에너지&플랜트 보안&안전 건설&빌딩 제조&물류 인재채용 인재상 채용정보 고객지원 언론보도 공지사항 뉴스레터 자료실 브로셔 동영상 파트너 파트너 신청하기 회사소개 솔루션 사업영역 인재채용 고객지원 회사소개 CEO인사말 기업가치 연혁 Contact Us CI 소개 고객사 솔루션 솔루션소개 TWIN-X IMP SENTIO 산업안전관리 차량추적관리 시스템통합 사업영역 사업소개 에너지&플랜트 보안&안전 건설&빌딩 제조&물류 인재채용 인재상 채용정보 고객지원 언론보도 공지사항 뉴스레터 자료실 동영상 파트너 Career 채용정보 사람이 중심인 엠폴의 문은 언제나 열려 있습니다 채용정보 사람이 중심인 엠폴의 문은 언제나 열려 있습니다 채용공고 1 No 카테고리 전체보기 ICT 융복합사업본부 부설연구소 전략기획실 부설연구소 제목 글쓴이 작성시간 조회수 좋아요 1 ICT 융복합사업본부 ICT 융복합사업본부 (주)엠폴 서대문구 상주 출입통제 유지보수 분야 채용 관리자 2025-09-30 조회수 294 0 (주) 엠폴 ㅣ 대표이사: 송 승 찬 ㅣ 주소: 서울시 강서구 강서로 396 (등촌동, 팬코타워) 5층 Tel : +82 2-6959-0736 ㅣ Fax : +82 2-6959-2213 ㅣ E-mail: mpole@mpole.co.kr","","","","","","서울","","","","2025-08-31","2025-09-30","active","2026-04-04T04:04:16.809922","2026-04-04T04:04:16.809938","True"
"262","345","(주) 엠폴","(주)엠폴 서대문구 상주 출입통제 유지보수 분야 채용","https://www.mpole.co.kr/Recruit/?q=YToxOntzOjEyOiJrZXl3b3JkX3R5cGUiO3M6MzoiYWxsIjt9&bmode=view&idx=168017442&t=board","알림 뒤로 알림 설정 뒤로 더보기 게시물 알림 내 글 반응 내가 작성한 게시물이나 댓글에 다른 사람이 댓글이나 답글을 작성하면 알려줍니다. 공지사항 사이트에서 보내는 중요한 공지를 실시간으로 알려줍니다. 회사소개 CEO인사말 기업가치 연혁 Contact Us CI 소개 고객사 솔루션 솔루션소개 TWIN-X IMP SENTIO 산업안전관리 차량추적관리 시스템통합 사업영역 사업소개 에너지&플랜트 보안&안전 건설&빌딩 제조&물류 인재채용 인재상 채용정보 고객지원 언론보도 공지사항 뉴스레터 자료실 브로셔 동영상 파트너 파트너 신청하기 회사소개 솔루션 사업영역 인재채용 고객지원 회사소개 CEO인사말 기업가치 연혁 Contact Us CI 소개 고객사 솔루션 솔루션소개 TWIN-X IMP SENTIO 산업안전관리 차량추적관리 시스템통합 사업영역 사업소개 에너지&플랜트 보안&안전 건설&빌딩 제조&물류 인재채용 인재상 채용정보 고객지원 언론보도 공지사항 뉴스레터 자료실 동영상 파트너 Career 채용정보 사람이 중심인 엠폴의 문은 언제나 열려 있습니다 채용정보 사람이 중심인 엠폴의 문은 언제나 열려 있습니다 ICT 융복합사업본부 (주)엠폴 서대문구 상주 출입통제 유지보수 분야 채용 관리자 채용공고 2025-09-30 (주)엠폴 JAVA 개발자 채용 목록 (주) 엠폴 ㅣ 대표이사: 송 승 찬 ㅣ 주소: 서울시 강서구 강서로 396 (등촌동, 팬코타워) 5층 Tel : +82 2-6959-0736 ㅣ Fax : +82 2-6959-2213 ㅣ E-mail: mpole@mpole.co.kr","","","","","","서울","","","","2025-08-31","2025-09-30","active","2026-04-04T04:04:22.511797","2026-04-04T04:04:22.511815","True"
"263","345","(주) 엠폴","(주)엠폴 JAVA 개발자 채용","https://www.mpole.co.kr/Recruit/?q=YToxOntzOjEyOiJrZXl3b3JkX3R5cGUiO3M6MzoiYWxsIjt9&bmode=view&idx=168017480&t=board","알림 뒤로 알림 설정 뒤로 더보기 게시물 알림 내 글 반응 내가 작성한 게시물이나 댓글에 다른 사람이 댓글이나 답글을 작성하면 알려줍니다. 공지사항 사이트에서 보내는 중요한 공지를 실시간으로 알려줍니다. 회사소개 CEO인사말 기업가치 연혁 Contact Us CI 소개 고객사 솔루션 솔루션소개 TWIN-X IMP SENTIO 산업안전관리 차량추적관리 시스템통합 사업영역 사업소개 에너지&플랜트 보안&안전 건설&빌딩 제조&물류 인재채용 인재상 채용정보 고객지원 언론보도 공지사항 뉴스레터 자료실 브로셔 동영상 파트너 파트너 신청하기 회사소개 솔루션 사업영역 인재채용 고객지원 회사소개 CEO인사말 기업가치 연혁 Contact Us CI 소개 고객사 솔루션 솔루션소개 TWIN-X IMP SENTIO 산업안전관리 차량추적관리 시스템통합 사업영역 사업소개 에너지&플랜트 보안&안전 건설&빌딩 제조&물류 인재채용 인재상 채용정보 고객지원 언론보도 공지사항 뉴스레터 자료실 동영상 파트너 Career 채용정보 사람이 중심인 엠폴의 문은 언제나 열려 있습니다 채용정보 사람이 중심인 엠폴의 문은 언제나 열려 있습니다 부설연구소 (주)엠폴 JAVA 개발자 채용 관리자 채용공고 2025-09-30 (주)엠폴 UNITY 클라이언트 개발자 채용 (주)엠폴 서대문구 상주 출입통제 유지보수 분야 채용 목록 (주) 엠폴 ㅣ 대표이사: 송 승 찬 ㅣ 주소: 서울시 강서구 강서로 396 (등촌동, 팬코타워) 5층 Tel : +82 2-6959-0736 ㅣ Fax : +82 2-6959-2213 ㅣ E-mail: mpole@mpole.co.kr","","","","","","서울","","","","2025-08-31","2025-09-30","active","2026-04-04T04:04:28.124974","2026-04-04T04:04:28.124991","True"
"264","345","(주) 엠폴","(주)엠폴","https://www.mpole.co.kr/hr","알림 뒤로 알림 설정 뒤로 더보기 게시물 알림 내 글 반응 내가 작성한 게시물이나 댓글에 다른 사람이 댓글이나 답글을 작성하면 알려줍니다. 공지사항 사이트에서 보내는 중요한 공지를 실시간으로 알려줍니다. 회사소개 CEO인사말 기업가치 연혁 Contact Us CI 소개 고객사 솔루션 솔루션소개 TWIN-X IMP SENTIO 산업안전관리 차량추적관리 시스템통합 사업영역 사업소개 에너지&플랜트 보안&안전 건설&빌딩 제조&물류 인재채용 인재상 채용정보 고객지원 언론보도 공지사항 뉴스레터 자료실 브로셔 동영상 파트너 파트너 신청하기 회사소개 솔루션 사업영역 인재채용 고객지원 회사소개 CEO인사말 기업가치 연혁 Contact Us CI 소개 고객사 솔루션 솔루션소개 TWIN-X IMP SENTIO 산업안전관리 차량추적관리 시스템통합 사업영역 사업소개 에너지&플랜트 보안&안전 건설&빌딩 제조&물류 인재채용 인재상 채용정보 고객지원 언론보도 공지사항 뉴스레터 자료실 동영상 파트너 Career 인재상 사람이 중심인 엠폴의 문은 언제나 열려 있습니다 Business Case 엠폴은 다수의 대규모 시스템 구축/운영 경험과 전문화된 조직을 구성으로 디지털 트윈 기반의 IT컨설팅, 시스템 통합/구축, 운영, IT Convergence 등 Total IT 서비스를 제공합니다. 고객 업무 및 프로세스에 대한 이해를 바탕으로 맞춤형 IT서비스를 제공하며, 고객이 디지털 혁신을 통해 다양한 비즈니스 성과를 창출할 수 있도록 기여합니다. PROFESSIONALITY 한 분야의 전문지식을 기반으로 다양한 분야의 지식을 창출할 수 있는 인재 COOPERATION 목표달성을 위해 적극적으로 업무에 참여하고 협업부서와 시너지효과를 이루어 낼 수 있는 인재 CREATIVITY 기존의 형식에서 벗어난 새로운 생각을 통해 발상과 인식의 전환을 이끌어낼 수 있는 인재 ANALYTIC THINKING 복잡한 데이터를 단순하고 유용한 인사이트로 바꿀 수 있는 인재 CUSTOMER CENTRICITY 고객이 원하는 기준으로 생각하고 행동하며 고객과의 약속을 지키는 인재 인재상 사람이 중심인 엠폴의 문은 언제나 열려 있습니다 복리후생 엠폴은 임직원을 위해 다양한 복리후생을 지원하고 있으며 이를 통해 삶과 일의 균형을 지향합니다. 인센티브 지급 업무에 따른 성과급 및 인센티브 지급 장기근속 포상 10년, 20년, 30년 근속 시 장기근속포상 지급 및 우수사원 포상 가정의 날 매달 1회 3시 퇴근, 회사 기숙사 제공 (남성전용) 생일 및 경조사 지원 임직원 생일 및 경조사 지원비 지급 건강검진비 지원 임직원 및 가족 1명을 포함하여 건강검진비 지원(100만원 상당) 체력단련비 지원 체력단련비 및 동호회 활동비 지원, 카페테리아(커피, 음료, 간식 등) 자격증 및 교육비지원 10년, 20년, 30년 근속 시 장기근속포상 지급 여행지 숙소 지원 제주도 및 양평 사내 숙소 및 카니발 차량 지원 채용절차 입사지원 채용공고에 따른 입사지원은 사람인 및 잡코리아 엠폴 채용 공고로 제출 서류전형 입사지원서 마감 후 지원자들의 학력, 경력, 자격, 적성 등 종합 검토하여 면접대상자 선정 면접전형 면접위원들의 개별 면접을 통하여 지원자들의 인성, 자질, 능력, 기본실무능력, 직무적성 등을 종합 평가하여 최종 합격자를 결정함 채용확정 최종 합격자들에 한하여 개별 채용 확정 통보 및 출근일자등을 협의 PROFESSIONALITY 한 분야의 전문지식을 기반으로 다양한 분야의 지식을 창출할 수 있는 인재 COOPERATION 목표달성을 위해 적극적으로 업무에 참여하고 협업부서와 시너지효과를 이루어 낼 수 있는 인재 CREATIVITY 기존의 형식에서 벗어난 새로운 생각을 통해 발상과 인식의 전환을 이끌어낼 수 있는 인재 ANALYTIC THINKING 복잡한 데이터를 단순하고 유용한 인사이트로 바꿀 수 있는 인재 CUSTOMER CENTRICITY 고객이 원하는 기준으로 생각하고 행동하며 고객과의 약속을 지키는 인재 복리후생 엠폴은 임직원을 위해 다양한 복리후생을 지원하고 있으며 이를 통해 삶과 일의 균형을 지향합니다. 인센티브 지급 업무에 따른 성과급 및 인센티브 지급 장기근속 포상 10년, 20년, 30년 근속 시 장기근속포상 지급 및 우수사원 포상 가정의 날 매달 1회 3시 퇴근, 회사 기숙사 제공 (남성전용) 생일 및 경조사 지원 임직원 생일 및 경조사 지원비 지급 건강검진비 지원 임직원 및 가족 1명을 포함하여 건강검진비 지원(100만원 상당) 체력단련비 지원 체력단련비 및 동호회 활동비 지원, 카페테리아(커피, 음료, 간식 등) 자격증 및 교육비 지원 10년, 20년, 30년 근속 시 장기근속포상 지급 여행지 숙소 지원 제주도 및 양평 사내 숙소 및 카니발 차량 지원 채용절차 지원서 제출 채용공고에 따른 입사지원은 사람인 및 잡코리아 엠폴시스템 채용 공고로 제출 서류전형 입사지원서 마감 후 지원자들의 학력, 경력, 자격, 적성 등 종합 검토하여 면접대상자 선정 면접전형 면접위원들의 개별 면접을 통하여 지원자들의 인성, 자질, 능력, 기본실무능력, 직무적성 등을 종합 평가하여 최종 합격자를 결정함 채용확정 최종 합격자들에 한하여 개별 채용 확정 통보 및 출근일자등을 협의 (주) 엠폴 ㅣ 대표이사: 송 승 찬 ㅣ 주소: 서울시 강서구 강서로 396 (등촌동, 팬코타워) 5층 Tel : +82 2-6959-0736 ㅣ Fax : +82 2-6959-2213 ㅣ E-mail: mpole@mpole.co.kr","","","","건강검진, 교육비, 인센티브","","서울","","100만원","","","","active","2026-04-04T04:04:34.565336","2026-04-04T04:04:34.565359","True"
"265","345","(주) 엠폴","(주)엠폴 UNITY 클라이언트 개발자 채용","https://www.mpole.co.kr/Recruit/?q=YToxOntzOjEyOiJrZXl3b3JkX3R5cGUiO3M6MzoiYWxsIjt9&bmode=view&idx=168017506&t=board","알림 뒤로 알림 설정 뒤로 더보기 게시물 알림 내 글 반응 내가 작성한 게시물이나 댓글에 다른 사람이 댓글이나 답글을 작성하면 알려줍니다. 공지사항 사이트에서 보내는 중요한 공지를 실시간으로 알려줍니다. 회사소개 CEO인사말 기업가치 연혁 Contact Us CI 소개 고객사 솔루션 솔루션소개 TWIN-X IMP SENTIO 산업안전관리 차량추적관리 시스템통합 사업영역 사업소개 에너지&플랜트 보안&안전 건설&빌딩 제조&물류 인재채용 인재상 채용정보 고객지원 언론보도 공지사항 뉴스레터 자료실 브로셔 동영상 파트너 파트너 신청하기 회사소개 솔루션 사업영역 인재채용 고객지원 회사소개 CEO인사말 기업가치 연혁 Contact Us CI 소개 고객사 솔루션 솔루션소개 TWIN-X IMP SENTIO 산업안전관리 차량추적관리 시스템통합 사업영역 사업소개 에너지&플랜트 보안&안전 건설&빌딩 제조&물류 인재채용 인재상 채용정보 고객지원 언론보도 공지사항 뉴스레터 자료실 동영상 파트너 Career 채용정보 사람이 중심인 엠폴의 문은 언제나 열려 있습니다 채용정보 사람이 중심인 엠폴의 문은 언제나 열려 있습니다 부설연구소 (주)엠폴 UNITY 클라이언트 개발자 채용 관리자 채용공고 2025-09-30 (주)엠폴 디지털트윈 / 스마트빌딩 시스템 기획자 채용 (주)엠폴 JAVA 개발자 채용 목록 (주) 엠폴 ㅣ 대표이사: 송 승 찬 ㅣ 주소: 서울시 강서구 강서로 396 (등촌동, 팬코타워) 5층 Tel : +82 2-6959-0736 ㅣ Fax : +82 2-6959-2213 ㅣ E-mail: mpole@mpole.co.kr","","","","","","서울","","","","2025-08-31","2025-09-30","active","2026-04-04T04:04:38.816276","2026-04-04T04:04:38.816291","True"
"266","345","(주) 엠폴","(주)엠폴 디지털트윈 / 스마트빌딩 시스템 기획자 채용","https://www.mpole.co.kr/Recruit/?q=YToxOntzOjEyOiJrZXl3b3JkX3R5cGUiO3M6MzoiYWxsIjt9&bmode=view&idx=168017525&t=board","알림 뒤로 알림 설정 뒤로 더보기 게시물 알림 내 글 반응 내가 작성한 게시물이나 댓글에 다른 사람이 댓글이나 답글을 작성하면 알려줍니다. 공지사항 사이트에서 보내는 중요한 공지를 실시간으로 알려줍니다. 회사소개 CEO인사말 기업가치 연혁 Contact Us CI 소개 고객사 솔루션 솔루션소개 TWIN-X IMP SENTIO 산업안전관리 차량추적관리 시스템통합 사업영역 사업소개 에너지&플랜트 보안&안전 건설&빌딩 제조&물류 인재채용 인재상 채용정보 고객지원 언론보도 공지사항 뉴스레터 자료실 브로셔 동영상 파트너 파트너 신청하기 회사소개 솔루션 사업영역 인재채용 고객지원 회사소개 CEO인사말 기업가치 연혁 Contact Us CI 소개 고객사 솔루션 솔루션소개 TWIN-X IMP SENTIO 산업안전관리 차량추적관리 시스템통합 사업영역 사업소개 에너지&플랜트 보안&안전 건설&빌딩 제조&물류 인재채용 인재상 채용정보 고객지원 언론보도 공지사항 뉴스레터 자료실 동영상 파트너 Career 채용정보 사람이 중심인 엠폴의 문은 언제나 열려 있습니다 채용정보 사람이 중심인 엠폴의 문은 언제나 열려 있습니다 부설연구소 (주)엠폴 디지털트윈 / 스마트빌딩 시스템 기획자 채용 관리자 채용공고 2025-09-30 (주)엠폴 UNITY 클라이언트 개발자 채용 목록 (주) 엠폴 ㅣ 대표이사: 송 승 찬 ㅣ 주소: 서울시 강서구 강서로 396 (등촌동, 팬코타워) 5층 Tel : +82 2-6959-0736 ㅣ Fax : +82 2-6959-2213 ㅣ E-mail: mpole@mpole.co.kr","","","","","","서울","","","","2025-08-31","2025-09-30","active","2026-04-04T04:04:44.513783","2026-04-04T04:04:44.513806","True"
"267","345","(주) 엠폴","(주)엠폴","https://www.mpole.co.kr/Recruit?category=926sO8S7m6","알림 뒤로 알림 설정 뒤로 더보기 게시물 알림 내 글 반응 내가 작성한 게시물이나 댓글에 다른 사람이 댓글이나 답글을 작성하면 알려줍니다. 공지사항 사이트에서 보내는 중요한 공지를 실시간으로 알려줍니다. 회사소개 CEO인사말 기업가치 연혁 Contact Us CI 소개 고객사 솔루션 솔루션소개 TWIN-X IMP SENTIO 산업안전관리 차량추적관리 시스템통합 사업영역 사업소개 에너지&플랜트 보안&안전 건설&빌딩 제조&물류 인재채용 인재상 채용정보 고객지원 언론보도 공지사항 뉴스레터 자료실 브로셔 동영상 파트너 파트너 신청하기 회사소개 솔루션 사업영역 인재채용 고객지원 회사소개 CEO인사말 기업가치 연혁 Contact Us CI 소개 고객사 솔루션 솔루션소개 TWIN-X IMP SENTIO 산업안전관리 차량추적관리 시스템통합 사업영역 사업소개 에너지&플랜트 보안&안전 건설&빌딩 제조&물류 인재채용 인재상 채용정보 고객지원 언론보도 공지사항 뉴스레터 자료실 동영상 파트너 Career 채용정보 사람이 중심인 엠폴의 문은 언제나 열려 있습니다 채용정보 사람이 중심인 엠폴의 문은 언제나 열려 있습니다 채용공고 3 No 카테고리 전체보기 ICT 융복합사업본부 부설연구소 전략기획실 부설연구소 제목 글쓴이 작성시간 조회수 좋아요 3 부설연구소 부설연구소 (주)엠폴 디지털트윈 / 스마트빌딩 시스템 기획자 채용 관리자 2025-09-30 조회수 336 0 2 부설연구소 부설연구소 (주)엠폴 UNITY 클라이언트 개발자 채용 관리자 2025-09-30 조회수 308 0 1 부설연구소 부설연구소 (주)엠폴 JAVA 개발자 채용 관리자 2025-09-30 조회수 270 0 (주) 엠폴 ㅣ 대표이사: 송 승 찬 ㅣ 주소: 서울시 강서구 강서로 396 (등촌동, 팬코타워) 5층 Tel : +82 2-6959-0736 ㅣ Fax : +82 2-6959-2213 ㅣ E-mail: mpole@mpole.co.kr","","","","","","서울","","","","2025-08-31","2025-09-30","active","2026-04-04T04:04:50.934467","2026-04-04T04:04:50.934485","True"
"268","345","(주) 엠폴","(주)엠폴","https://www.mpole.co.kr/Recruit","알림 뒤로 알림 설정 뒤로 더보기 게시물 알림 내 글 반응 내가 작성한 게시물이나 댓글에 다른 사람이 댓글이나 답글을 작성하면 알려줍니다. 공지사항 사이트에서 보내는 중요한 공지를 실시간으로 알려줍니다. 회사소개 CEO인사말 기업가치 연혁 Contact Us CI 소개 고객사 솔루션 솔루션소개 TWIN-X IMP SENTIO 산업안전관리 차량추적관리 시스템통합 사업영역 사업소개 에너지&플랜트 보안&안전 건설&빌딩 제조&물류 인재채용 인재상 채용정보 고객지원 언론보도 공지사항 뉴스레터 자료실 브로셔 동영상 파트너 파트너 신청하기 회사소개 솔루션 사업영역 인재채용 고객지원 회사소개 CEO인사말 기업가치 연혁 Contact Us CI 소개 고객사 솔루션 솔루션소개 TWIN-X IMP SENTIO 산업안전관리 차량추적관리 시스템통합 사업영역 사업소개 에너지&플랜트 보안&안전 건설&빌딩 제조&물류 인재채용 인재상 채용정보 고객지원 언론보도 공지사항 뉴스레터 자료실 동영상 파트너 Career 채용정보 사람이 중심인 엠폴의 문은 언제나 열려 있습니다 채용정보 사람이 중심인 엠폴의 문은 언제나 열려 있습니다 채용공고 4 No 카테고리 전체보기 ICT 융복합사업본부 부설연구소 전략기획실 부설연구소 제목 글쓴이 작성시간 조회수 좋아요 4 부설연구소 부설연구소 (주)엠폴 디지털트윈 / 스마트빌딩 시스템 기획자 채용 관리자 2025-09-30 조회수 336 0 3 부설연구소 부설연구소 (주)엠폴 UNITY 클라이언트 개발자 채용 관리자 2025-09-30 조회수 308 0 2 부설연구소 부설연구소 (주)엠폴 JAVA 개발자 채용 관리자 2025-09-30 조회수 270 0 1 ICT 융복합사업본부 ICT 융복합사업본부 (주)엠폴 서대문구 상주 출입통제 유지보수 분야 채용 관리자 2025-09-30 조회수 294 0 (주) 엠폴 ㅣ 대표이사: 송 승 찬 ㅣ 주소: 서울시 강서구 강서로 396 (등촌동, 팬코타워) 5층 Tel : +82 2-6959-0736 ㅣ Fax : +82 2-6959-2213 ㅣ E-mail: mpole@mpole.co.kr","","","","","","서울","","","","2025-08-31","2025-09-30","active","2026-04-04T04:04:58.739040","2026-04-04T04:04:58.739058","True"
"269","387","온시큐리티(주)","채용안내","http://www.onsecurity.co.kr/html/recruit.html","온시큐리티㈜ 는 보안분야에서 함께 성장할 여러분들을 기다리고 있습니다. STEP 01 서류심사 STEP 02 실무진 면접 STEP 03 임원면접 STEP 04 처우협의 STEP 05 최종합격 01 서류심사 접수된 서류를 통해 모집 부분의 자격요건을 심사합니다. 다음 자료를 이메일을 통해 제출합니다. 입사지원서(자유양식) 졸업증명서(원본) 성적증명서(원본) 기타 자격증(사본) 02 실무진 면접 해당 본부장, 팀장 참석 면접으로 지원자의 성품과 역량, 가능성을 평가합니다. 03 임원진 면접 앞서 진행한 모든 전형 결과를 종합적으로 판단하여 최종 합격자를 결정합니다. 04 처우 협의 인사 담당부서와 연봉 및 처우 협의를 진행합니다. 05 최종 합격 결과를 바탕으로 최종 합격 여부가 결정됩니다.","을 심사합니다. 다음 자료를 이메일을 통해 제출합니다. 입사지원서(자유양식) 졸업증명서(원본) 성적증명서(원본) 기타 자격증(사본) 02 실무진 면접 해당 본부장, 팀장 참석 면접으로 지원자의 성품과 역량, 가능성을 평가합니다. 03 임원진 면접 앞서 진행한 모든","","온시큐리티㈜ 는 보안분야에서 함께 성장할 여러분들을 기다리고 있습니다. STEP 01 서류심사 STEP 02 실무진 면접 STEP 03 임원면접 STEP 04 처우협의 STEP 05 최종합격 01 서류심사 접수된 서류를 통해 모집 부분의 자격요건을 심사합니다. 다음 자료를 이메일을 통해 제출합니다. 입사지원서(자유양식) 졸업증명서(원본) 성적증명서(원본) 기타 자격증(사본) 02 실무진 면접 해당 본부장, 팀장 참석 면접으로 지원자의 성품과 역량, 가능성을 평가합니다. 03 임원진 면접 앞서 진행한 모든 전형 결과를 종합적으로 판단하여 최종 합격자를 결정합니다. 04 처우 협의 인사 담당부서와 연봉 및 처우 협의를 진행합니다. 05 최종 합격 결과를 바탕으로 최종 합격 여부가 결정됩니다.","","","","","연봉 및 처우 협의","","","","active","2026-04-04T04:05:34.328373","2026-04-04T04:05:34.328393","True"
"270","405","(주)컴피아","채용인사","http://compia.co.kr/?page_id=73#job-8e9b3501-0","Tel. 031-342-8000 compia04@nate.com 회사소개 CEO 인사말 회사개요 회사연혁 조직도 보유 면허 및 인허가 오시는길 사업분야 정보통신공사 전기공사 소방공사 소방시설 점검 사업실적 주요사업실적 채용인사 채용인사 고객지원 문의처 Recruitment 채용인사 채용제도 1. 상시채용 분야 지원자격 공통사항 경영관리 – 재무/회계전공 – 전공자 우대 – 성별 : 무관 – 자격증 소지자 우대 – 채용인원 : 0명 정보통신 – 관련학과 전공 – 신입 및 경력 전기/소방 공사 순위 2. 채용절차 채용공고 및 접수 당사 홈페이지 및 온라인 접수 1차 전형 서류심사 및 실무자 면접 2차 전형 임원진 면접 최종발표 개별 연락 3. 지원방법 및 문의 채용 사이트를 통한 ON-Line접수 (JobKorea등) 경영 관리부 (031-342-8000)로 문의 복리후생 구분 내용 비고 단체상해보험 산재보험 외 재해 등을 대비한 보험 가입(위험업무 담당자) 퇴직연금 구성원의 퇴직금은 매월 외부기관(은행)에 적립 휴가제도 연,월차 제도 / 하계휴가 등 건강관리 건강검진 시행 여가활동 휴양소 제공(강원도 양양 소재) 기타 장기근속자 포상, 생일ㆍ결혼기념일 선물 제공, 경조사 지원, 명절 선물 등","","","","건강검진","","강원","","","","","","active","2026-04-04T04:05:44.925412","2026-04-04T04:05:44.925430","True"
"271","408","코츠테크놀로지(주)","채용정보","http://www.cotstech.com/page/41_1","회사소개 회사정보 회사소식 제품소개 SBC Rugged LCD Display FPGA Accelerator COTS IP Railway Application IoT Submarine Application 투자정보 IR일정 실적발표 IR뉴스 전자공고 공시 내부정보관리규정 인재채용 채용정보 채용공고 고객지원 고객센터 견적문의 Contact Us 윤리경영 윤리헌장 내부신고 Client Contact Facebook 회사소개 회사정보 연혁 경영철학 CEO인사말 사업영역 회사소식 코츠뉴스 업계뉴스 제품소개 SBC PowerPC Intel Standard I/O Power Board Etc Board Rugged LCD Display FPGA Accelerator COTS IP Railway Application IoT Wi-SUN DLMS/COSEM Submarine Application 투자정보 IR일정 실적발표 IR뉴스 전자공고 공시 내부정보관리규정 인재채용 채용정보 인재상 채용제도 안내 인사제도 및 복리후생 채용공고 경력/신입(인턴) 상시채용 채용 FAQ 고객지원 고객센터 견적문의 Contact Us 윤리경영 윤리헌장 내부신고 Support Contact Facebook 로그인 회원가입 채용정보 인재채용 회사소개 제품소개 투자정보 인재채용 고객지원 윤리경영 채용정보 채용정보 채용공고 인재상 인재상 채용제도 안내 인사제도 및 복리후생 인재상 채용제도 안내 인사제도 및 복리후생 인재상 Together 함께라면 무엇이든 할 수 있는 긍정의 마인드 Creative 창의적인 생각으로 새로운 미래가치를 창조 Specialist 열정과 노력으로 성장하는 전문가 Opportunity 본인과 회사 모두에게 기회를 만들 수 있는 능동적 자세","","","","","","경기","인턴","","","","","active","2026-04-04T04:06:05.620390","2026-04-04T04:06:05.620415","True"
"272","408","코츠테크놀로지(주)","채용공고","http://www.cotstech.com/42_1/6","[경력] 방산제품 품질관리 경력사원 채용[채용마감] 작성일 2024.01.25 https://www.saramin.co.kr/zf_user/jobs/view?rec_idx=47348516&view_type… [248] 분당/코스닥] 방산제품 품질관리 경력사원 채용 모집부문 및 상세내용 공통 자격요건 ㆍ학력 : 대졸 이상 (2,3년) 업무내용 품질보증팀 0명 ㆍ방산제품 양산품질관리 - 제작준비 검토, 양산품질 보증 업무 전반 (일솜씨, 부품일치성, 수락검사 등) ㆍ품질경영 시스템 운영 - 고객사 aduit 수검 - 품질경영 시스템 사후 관리 ㆍ형상관리 - 제조 / 기술문서 변경점 관리 지원자격 ㆍ경력 : 신입 / 경력 3년 이상 우대사항 ㆍ 방산업체 근무 경력 ㆍ전기 / 전자공학, 산업공학, 이공계열 ㆍ인근거주자, 운전가능자, 해당직무 근무경험 근무조건 ㆍ 근무형태 : 정규직(수습기간)- 2개월 ㆍ 근무일시 : 주 5일(월~금) ㆍ 근무지역 : (13510) 경기 성남시 분당구 판교로 744 분당테크노파크 C동 702호(야탑동) 전형절차 서류전형 사전 전화인터뷰 대면 면접 (필요 시 화상면접) 최종합격 접수기간 및 방법 ㆍ 접수기간 : 2024년 1월 11일 (목) 08시 ~ 2024년 2월 10일 (토) 24시 ㆍ 접수방법 : 사람인 입사지원 ㆍ 이력서양식 : 사람인 온라인 이력서 유의사항 ㆍ입사지원 서류에 허위 사실이 발견될 경우, 채용 확정 이후라도 채용이 취소될 수 있습니다. 복리후생 지원금/보험 각종 경조사 지원, 선택적복리후생, 자녀학자금 급여제도 인센티브제, 장기근속자 포상, 우수사원포상 선물 창립일선물지급 교육/생활 창립일행사, 워크샵, 신규 입사자 교육(OJT), 도서구입비지원, 교육비 지원, 구내식당(사원식당), 사내동호회 운영 리프레시 연차, 경조휴가제, 반차, 창립일휴무, 근로자의 날 휴무 내용 닫기 근무지위치 (13510) 경기 성남시 분당구 판교로 744 분당테크노파크 C동 702호 목록보기","ㆍ학력 : 대졸 이상 (2,3년) 업무내용 품질보증팀 0명 ㆍ방산제품 양산품질관리 제작준비 검토, 양산품질 보증 업무 전반 (일솜씨, 부품일치성, 수락검사 등) ㆍ품질경영 시스템 운영 고객사 aduit 수검 품질경영 시스템 사후 관리 ㆍ형상관리 제조 / 기술문서 변경점 관리 지원자격 ㆍ경력 : 신입 / 경력 3년 이상","[경력] 방산제품 품질관리 경력사원 채용[채용마감] 작성일 2024.01.25 https://www.saramin.co.kr/zf_user/jobs/view?rec_idx=47348516&view_type… [248] 분당/코스닥] 방산제품 품질관리 경력사원 채용 모집부문 및 상세내용 공통 자격요건 ㆍ학력 : 대졸 이상 (2,3년) 업무내용 품질보증팀 0명 ㆍ방산제품 양산품질관리 - 제작준비 검토, 양산품질 보증 업무 전반 (일솜씨, 부품일치성, 수락검사 등) ㆍ품질경영 시스템 운영 - 고객사 aduit 수검 - 품질경영 시스템 사후 관리 ㆍ형상관리 - 제조 / 기술문서 변경점 관리 지원자격 ㆍ경력 : 신입 / 경력 3년 이상 우대사항 ㆍ 방산업체 근무 경력 ㆍ전기 / 전자공학, 산업공학, 이공계열 ㆍ인근거주자, 운전가능자, 해당직무 근무경험 근무조건 ㆍ 근무형태 : 정규직(수습기간)- 2개월 ㆍ 근무일시 : 주 5일(월~금) ㆍ 근무지역 : (13510) 경기 성남시 분당구 판교로 744 분당테크노파크 C동 702호(야탑동) 전형절차 서류전형 사전 전화인터뷰 대면 면접 (필요 시 화상면접) 최종합격 접수기간 및 방법 ㆍ 접수기간 : 2024년 1월 11일 (목) 08시 ~ 2024년 2월 10일 (토) 24시 ㆍ 접수방법 : 사람인 입사지원 ㆍ 이력서양식 : 사람인 온라인 이력서 유의사항 ㆍ입사지원 서류에 이 발견될 경우, 채용 확정 이후라도 채용이 취소될 수 있습니다. 복리후생 지원금/보험 각종 경조사 지원, 선택적복리후생, 자녀학자금 급여제도 인센티브제, 장기근속자 포상, 우수사원포상 선물 창립일선물지급 교육/생활 창립일행사, 워크샵, 신규 입사자 교육(OJT), 도서구입비지원, 교육비 지원, 구내식당(사원식당), 사내동호회 운영 리프레시 연차, 경조휴가제, 반차, 창립일휴무, 근로자의 날 휴무 내용 닫기 근무지위치 (13510) 경기 성남시 분당구 판교로 744 분당테크노파크 C동 702호 목록보기","서류전형 사전 전화인터뷰 대면 면접 (필요 시 화상면접) 최종합격 접수기간 및 방법 ㆍ 접수기간 : 2024년 1월 11일 (목) 08시 ~ 2024년 2월 10일 (토) 24시 ㆍ 접수방법 : 사람인 입사지원 ㆍ 이력서양식 : 사람인 온라인 이력서 유의사항 ㆍ입사지원 서류에 허위 사실이 발견될 경우, 채용 확정 이후라도 채용이 취소될 수 있습니다.","경조휴가, 교육비, 도서구입비, 인센티브","","경기","정규직","","","2024-01-25","2024-01-25","active","2026-04-04T04:06:13.462673","2026-04-04T04:06:13.462690","True"
"273","408","코츠테크놀로지(주)","채용공고","http://www.cotstech.com/42_1/9","[신입/경력] 생산기술 담당자 채용 작성일 2024.01.25 https://www.saramin.co.kr/zf_user/jobs/view?rec_idx=47354186&view_type… [286] 코츠테크놀로지 채용 (신입 및 경력직) [ 생산기술 ] 코츠테크놀로지㈜는 1999년 창립이래 임베디드 CPU보드, DSP보드, 각종 I/O보드, Power보드 및 특수목적용 LCD Monitor 등의 임베디드 컴퓨터와 그 주변기기를 전문적으로 연구/개발하여 이러한 제품의 수요산업분야인 첨단 방위산업(육해공)분야, 철도신호 제어분야, 전력망제어 산업분야, 첨단 자동화산업분야에 공급하고 있습니다. 첨단산업 및 방위산업용 VPX, VME, PCI 버스 외 다수의 산업 표준 버스 및 다양한 구조의 하드웨어와 소프트웨어를 개발하여 해외 기술에 의존하던 대량의 데이터와 신호처리, 고속/정밀제어, 고속통신 기능을 수행하는 첨단 컴퓨터와 특수환경에서 사용하는 Display기 등 고속·고신뢰성의 컴퓨팅 환경구축을 위한 컴퓨터 구성품들을 연구개발과 제조를 하고 있습니다. 코츠테크놀로지㈜는 1999년 창립 이후로 임베디드 컴퓨터 제품개발 전문기업으로 세계수준의 최첨단 기술 경쟁력을 갖춘 '세계 최고의 임베디드 솔루션 기업'으로 성장하는 것을 목표로 하고 있습니다. 1. 모집부문 및 자격요건 모집부문 담당업무 자격요건 및 우대사항 인원 생산기술 (신입/경력) [양산이관] ㆍ 양산 프로젝트 초도품 검증 및 문제점 보완 ㆍ 양산 프로젝트 생산자료 검토 및 보완 ㆍ 개발 완료 프로젝트 일부 생산 주관 ㆍ 생산팀 이관 [ 생산기술] ㆍ 생산 및 Field 발생 각종 문제점 분석 및 Reporting ㆍ RMA (Return Material Authorization) 분석 ㆍ 고객社 문제점 대응 : 통상적으로 장비 Level ㆍ 작업표준서 , 기술문서 작성 및 유지관리 [ 개발지원] ㆍ 협력개발품 일부 제작 지원 ㆍ 양산품 생산자료 준비 지원 [자격요건] ㆍ학력 : 전문대졸 이상 ㆍ전공 : 전자/컴퓨터 관련학과 ㆍ신입 또는 경력 3년 이상 ㆍ운전가능자 [우대사항] ㆍ방산 및 제조업체 해당 직무 경험자 ㆍ전자 회로설계 경험자 0명 2. 근무조건 및 환경 근무형태 : 정규직(수습기간) - 2개월, 선택적 근로시간제 근무요일/시간 : 주 5일(월~금) 근무지역 : 경기 - 성남시 분당구 급여 : 회사 내규에 따름 회사주소 : (13510) 경기 성남시 분당구 판교로 744 분당테크노파크 C동 702 호(야탑동) 3. 전형절 ​ 차 4. 접수기간 및 방법 접수기간 : 24. 2. 10(일) 까지 * 수시면접 진행 / 서류전형 합격자에게 개별 연락 목록보기","모집부문 담당업무 자격요건 및 우대사항 인원 생산기술 (신입/경력) [양산이관] ㆍ 양산 프로젝트 초도품 검증 및 문제점 보완 ㆍ 양산 프로젝트 생산자료 검토 및 보완 ㆍ 개발 완료 프로젝트 일부 생산 주관 ㆍ 생산팀 이관 [ 생산기술] ㆍ 생산 및 Field 발생 각종 문제점 분석 및 Reporting ㆍ RMA (Return Material Authorization) 분석 ㆍ 고객社 문제점 대응 : 통상적으로 장비 Level ㆍ 작업표준서 , 기술문서 작성 및 유지관리 [ 개발지원] ㆍ 협력개발품 일부 제작 지원 ㆍ 양산품 생산자료 준비 지원 [자격요건] ㆍ학력 : 전문대졸 이상 ㆍ전공 : 전자/컴퓨터 관련학과 ㆍ신입 또는 경력 3년 이상 ㆍ운전가능자 [우대사항] ㆍ방산 및 제조업체 해당 직무 경험자 ㆍ전자 회로설계 경험자 0명 2. 근무조건 및 환경 근무형태 : 정규직(수습기간) - 2개월, 선택적 근로시간제 근무요일/시간 : 주 5일(월~금) 근무지역 : 경기 - 성남시 분당구 급여 : 회사 내규에 따름 회사주소 : (13510) 경기 성남시 분당구 판교로 744 분당테크노파크 C동 702 호(야탑동) 3. 전형절 ​ 차 4. 접수기간 및 방법 접수기간 : 24. 2. 10(일) 까지 * 수시면접 진행 / 서류전형 합격자에게 개별 연락 목록보기","인원 생산기술 (신입/경력) [양산이관] ㆍ 양산 프로젝트 초도품 검증 및 문제점 보완 ㆍ 양산 프로젝트 생산자료 검토 및 보완 ㆍ 개발 완료 프로젝트 일부 생산 주관 ㆍ 생산팀 이관 [ 생산기술] ㆍ 생산 및 Field 발생 각종 문제점 분석 및 Reporting ㆍ RMA (Return Material Authorization) 분석 ㆍ 고객社 문제점 대응 : 통상적으로 장비 Level ㆍ 작업표준서 , 기술문서 작성 및 유지관리 [ 개발지원] ㆍ 협력개발품 일부 제작 지원 ㆍ 양산품 생산자료 준비 지원 [자격요건] ㆍ학력 : 전문대졸 이상 ㆍ전공 : 전자/컴퓨터 관련학과 ㆍ신입 또는 경력 3년 이상 ㆍ운전가능자 [우대사항] ㆍ방산 및 제조업체 해당 직무 경험자 ㆍ전자 회로설계 경험자 0명 2. 근무조건 및 환경 근무형태 : 정규직(수습기간) - 2개월, 선택적 근로시간제 근무요일/시간 : 주 5일(월~금) 근무지역 : 경기 - 성남시 분당구 급여 : 회사 내규에 따름 회사주소 : (13510) 경기 성남시 분당구 판교로 744 분당테크노파크 C동 702 호(야탑동) 3. 전형절 ​ 차 4. 접수기간 및 방법 접수기간 : 24. 2. 10(일) 까지 * 수시면접 진행 / 서류전형 합격자에게 개별 연락 목록보기","","","","경기","정규직","","","2024-01-25","2024-02-24","active","2026-04-04T04:06:23.620742","2026-04-04T04:06:23.620762","True"
"274","408","코츠테크놀로지(주)","채용공고","http://www.cotstech.com/42_1/10","[신입/경력] HW 시스템 설계 및 개발 채용 작성일 2024.01.25 https://www.saramin.co.kr/zf_user/jobs/view?rec_idx=47270619&view_type… [312] 코츠테크놀로지 개발직 채용 (신입 및 경력직) (HW 개발) 코츠테크놀로지㈜는 1999년 창립이래 임베디드 CPU보드, DSP보드, 각종 I/O보드, Power보드 및 특수목적용 LCD Monitor 등의 임베디드 컴퓨터와 그 주변기기를 전문적으로 연구/개발하여 이러한 제품의 수요산업분야인 첨단 방위산업(육해공)분야, 철도신호 제어분야, 전력망제어 산업분야, 첨단 자동화산업분야에 공급하고 있습니다. 첨단산업 및 방위산업용 VPX, VME, PCI 버스 외 다수의 산업 표준 버스 및 다양한 구조의 하드웨어와 소프트웨어를 개발하여 해외 기술에 의존하던 대량의 데이터와 신호처리, 고속/정밀제어, 고속통신 기능을 수행하는 첨단 컴퓨터와 특수환경에서 사용하는 Display기 등 고속·고신뢰성의 컴퓨팅 환경구축을 위한 컴퓨터 구성품들을 연구개발과 제조를 하고 있습니다. 1. 모집부문 및 자격요건 모집부문 담당업무 자격요건 및 우대사항 인원 HW 개발 (임베디드) (신입/경력) 임베디드 HW 설계 및 개발 ㆍx86 계열 Main Board 개발 ㆍEmbedded Computing Module 개발 ㆍProcessing, FPGA, Graphics & Video Modules ㆍEmbedded Systems 개발 ㆍMission Computers ㆍControl Display Units ㆍRugged Subsystems Display Unit HW 설계 및 개발 ㆍ기초 하드웨어 회로 설계 ㆍ디스플레이 인터페이스 회로 설계 ㆍEmbedded Systems 개발 ㆍ보드 성능 시험 [자격요건] ㆍ학력 : 대졸이상 ㆍ전공 : 전기/전자/통신 관련학과 ㆍ신입 또는 경력 [우대사항] ㆍ방산 개발 경험자 ㆍ해당직무 근무 경험자 ㆍ운전 가능자 ㆍ적극적인 자세 / 긍정적인 마인드 0명 2. 근무조건 및 환경 근무형태 : 정규직(수습기간) - 2개월, 선택적 근로시간제 근무요일/시간 : 주 5일(월~금) 근무지역 : 경기 - 성남시 분당구 급여 : 회사 내규에 따름 회사주소 : (13510) 경기 성남시 분당구 판교로 744 분당테크노파크 C동 702 호(야탑동) 3. 전형절 ​ 차 4. 접수기간 및 방법 접수기간 : ​ 24. 2. 1.(목) 까지 * 수시면접 진행 (서류전형 합격자에게 개별 연락) 이력서양식 : 사람인 온라인 이력서 접수방법 : 사람인 입사지원 5. 유의사항 입사지원 서류에 허위사실이 발견될 경우, 채용확정 이후라도 채용이 취소될 수 있습니다. 목록보기","모집부문 담당업무 자격요건 및 우대사항 인원 HW 개발 (임베디드) (신입/경력) 임베디드 HW 설계 및 개발 ㆍx86 계열 Main Board 개발 ㆍEmbedded Computing Module 개발 ㆍProcessing, FPGA, Graphics & Video Modules ㆍEmbedded Systems 개발 ㆍMission Computers ㆍControl Display Units ㆍRugged Subsystems Display Unit HW 설계 및 개발 ㆍ기초 하드웨어 회로 설계 ㆍ디스플레이 인터페이스 회로 설계 ㆍEmbedded Systems 개발 ㆍ보드 성능 시험 [자격요건] ㆍ학력 : 대졸이상 ㆍ전공 : 전기/전자/통신 관련학과 ㆍ신입 또는 경력 [우대사항] ㆍ방산 개발 경험자 ㆍ해당직무 근무 경험자 ㆍ운전 가능자 ㆍ적극적인 자세 / 긍정적인 마인드 0명 2. 근무조건 및 환경 근무형태 : 정규직(수습기간) - 2개월, 선택적 근로시간제 근무요일/시간 : 주 5일(월~금) 근무지역 : 경기 - 성남시 분당구 급여 : 회사 내규에 따름 회사주소 : (13510) 경기 성남시 분당구 판교로 744 분당테크노파크 C동 702 호(야탑동) 3. 전형절 ​ 차 4. 접수기간 및 방법 접수기간 : ​ 24. 2. 1.(목) 까지 * 수시면접 진행 (서류전형 합격자에게 개별 연락) 이력서양식 : 사람인 온라인 이력서 접수방법 : 사람인 입사지원 5. 유의사항 입사지원 서류에 허위사실이 발견될 경우, 채용확정 이후라도 채용이 취소될 수 있습니다. 목록보기","인원 HW 개발 (임베디드) (신입/경력) 임베디드 HW 설계 및 개발 ㆍx86 계열 Main Board 개발 ㆍEmbedded Computing Module 개발 ㆍProcessing, FPGA, Graphics & Video Modules ㆍEmbedded Systems 개발 ㆍMission Computers ㆍControl Display Units ㆍRugged Subsystems Display Unit HW 설계 및 개발 ㆍ기초 하드웨어 회로 설계 ㆍ디스플레이 인터페이스 회로 설계 ㆍEmbedded Systems 개발 ㆍ보드 성능 시험 [자격요건] ㆍ학력 : 대졸이상 ㆍ전공 : 전기/전자/통신 관련학과 ㆍ신입 또는 경력 [우대사항] ㆍ방산 개발 경험자 ㆍ해당직무 근무 경험자 ㆍ운전 가능자 ㆍ적극적인 자세 / 긍정적인 마인드 0명 2. 근무조건 및 환경 근무형태 : 정규직(수습기간) - 2개월, 선택적 근로시간제 근무요일/시간 : 주 5일(월~금) 근무지역 : 경기 - 성남시 분당구 급여 : 회사 내규에 따름 회사주소 : (13510) 경기 성남시 분당구 판교로 744 분당테크노파크 C동 702 호(야탑동) 3. 전형절 ​ 차 4. 접수기간 및 방법 접수기간 : ​ 24. 2. 1.(목) 까지 * 수시면접 진행 (서류전형 합격자에게 개별 연락) 이력서양식 : 사람인 온라인 이력서 접수방법 : 사람인 입사지원 5. 유의사항 입사지원 서류에 허위사실이 발견될 경우, 채용확정 이후라도 채용이 취소될 수 있습니다. 목록보기","ing, FPGA, Graphics & Video Modules ㆍEmbedded Systems 개발 ㆍMission Computers ㆍControl Display Units ㆍRugged Subsystems Display Unit HW 설계 및 개발 ㆍ기초 하드웨어 회로 설계 ㆍ디스플레이 인터페이스 회로 설계 ㆍEmbedded Systems 개발 ㆍ보드 성능 시험 [","","","경기","정규직","","","2024-01-25","2024-02-24","active","2026-04-04T04:06:30.800814","2026-04-04T04:06:30.800840","True"
"275","408","코츠테크놀로지(주)","채용공고","http://www.cotstech.com/42_1/11","[신입/경력] 전자제품 조립/테스트 담당자 채용 작성일 2024.01.25 https://www.saramin.co.kr/zf_user/jobs/view?rec_idx=47354186&view_type… [261] 코츠테크놀로지 채용 (신입 및 경력직) [ 전자제품 조립 / 시험(생산직) ] 코츠테크놀로지㈜는 1999년 창립이래 임베디드 CPU보드, DSP보드, 각종 I/O보드, Power보드 및 특수목적용 LCD Monitor 등의 임베디드 컴퓨터와 그 주변기기를 전문적으로 연구/개발하여 이러한 제품의 수요산업분야인 첨단 방위산업(육해공)분야, 철도신호 제어분야, 전력망제어 산업분야, 첨단 자동화산업분야에 공급하고 있습니다. 첨단산업 및 방위산업용 VPX, VME, PCI 버스 외 다수의 산업 표준 버스 및 다양한 구조의 하드웨어와 소프트웨어를 개발하여 해외 기술에 의존하던 대량의 데이터와 신호처리, 고속/정밀제어, 고속통신 기능을 수행하는 첨단 컴퓨터와 특수환경에서 사용하는 Display기 등 고속·고신뢰성의 컴퓨팅 환경구축을 위한 컴퓨터 구성품들을 연구개발과 제조를 하고 있습니다. 코츠테크놀로지㈜는 1999년 창립 이후로 임베디드 컴퓨터 제품개발 전문기업으로 세계수준의 최첨단 기술 경쟁력을 갖춘 '세계 최고의 임베디드 솔루션 기업'으로 성장하는 것을 목표로 하고 있습니다. 1. 모집부문 및 자격요건 모집부문 담당업무 자격요건 및 우대사항 인원 전자제품 조립/시험 (생산직) 제품 조립 및 시험(보드류) - 생산 공정에 따른 제품 조립 및 시험 - 라인작업 x [자격요건] - 학력 : 전문대졸 이상 - 전공 : 전자관련학과 - 색맹, 색약 등 이상이 없는 자 [우대사항] - 해당직무 근무/유사 제품 생산경험 - 관련학과 우대 - 운전가능자 - 인근거주자 - 간단한 엑셀자료 입력(MS 오피스 사용) 0명 2. 근무조건 및 환경 근무형태 : 정규직(수습기간) - 2개월, 선택적 근로시간제 근무요일/시간 : 주 5일(월~금) 근무지역 : 경기 - 성남시 분당구 급여 : 회사 내규에 따름 회사주소 : (13510) 경기 성남시 분당구 판교로 744 분당테크노파크 C동 702 호(야탑동) 3. 전형절 ​ 차 서류전형 -> 전화인터뷰 -> 면접전형 -> 최종합격 4. 접수기간 및 방법 접수기간 : 24. 2. 1. (목)까지 * 수시면접 진행 / 서류전형 합격자에게 개별 연락 이력서양식 : 사람인 온라인 이력서 접수방법 : 사람인 입사지원 5. 유의사항 입사지원 서류에 허위사실이 발견될 경우, 채용확정 이후라도 채용이 취소될 수 있습니다. 목록보기","모집부문 담당업무 자격요건 및 우대사항 인원 전자제품 조립/시험 (생산직) 제품 조립 및 시험(보드류) - 생산 공정에 따른 제품 조립 및 시험 - 라인작업 x [자격요건] - 학력 : 전문대졸 이상 - 전공 : 전자관련학과 - 색맹, 색약 등 이상이 없는 자 [우대사항] - 해당직무 근무/유사 제품 생산경험 - 관련학과 우대 - 운전가능자 - 인근거주자 - 간단한 엑셀자료 입력(MS 오피스 사용) 0명 2. 근무조건 및 환경 근무형태 : 정규직(수습기간) - 2개월, 선택적 근로시간제 근무요일/시간 : 주 5일(월~금) 근무지역 : 경기 - 성남시 분당구 급여 : 회사 내규에 따름 회사주소 : (13510) 경기 성남시 분당구 판교로 744 분당테크노파크 C동 702 호(야탑동) 3. 전형절 ​ 차 서류전형 -> 전화인터뷰 -> 면접전형 -> 최종합격 4. 접수기간 및 방법 접수기간 : 24. 2. 1. (목)까지 * 수시면접 진행 / 서류전형 합격자에게 개별 연락 이력서양식 : 사람인 온라인 이력서 접수방법 : 사람인 입사지원 5. 유의사항 입사지원 서류에 허위사실이 발견될 경우, 채용확정 이후라도 채용이 취소될 수 있습니다. 목록보기","인원 전자제품 조립/시험 (생산직) 제품 조립 및 시험(보드류) - 생산 공정에 따른 제품 조립 및 시험 - 라인작업 x [자격요건] - 학력 : 전문대졸 이상 - 전공 : 전자관련학과 - 색맹, 색약 등 이상이 없는 자 [우대사항] - 해당직무 근무/유사 제품 생산경험 - 관련학과 우대 - 운전가능자 - 인근거주자 - 간단한 엑셀자료 입력(MS 오피스 사용) 0명 2. 근무조건 및 환경 근무형태 : 정규직(수습기간) - 2개월, 선택적 근로시간제 근무요일/시간 : 주 5일(월~금) 근무지역 : 경기 - 성남시 분당구 급여 : 회사 내규에 따름 회사주소 : (13510) 경기 성남시 분당구 판교로 744 분당테크노파크 C동 702 호(야탑동) 3. 전형절 ​ 차 서류전형 -> 전화인터뷰 -> 면접전형 -> 최종합격 4. 접수기간 및 방법 접수기간 : 24. 2. 1. (목)까지 * 수시면접 진행 / 서류전형 합격자에게 개별 연락 이력서양식 : 사람인 온라인 이력서 접수방법 : 사람인 입사지원 5. 유의사항 입사지원 서류에 허위사실이 발견될 경우, 채용확정 이후라도 채용이 취소될 수 있습니다. 목록보기","","","","경기","정규직","","","2024-01-25","2024-02-24","active","2026-04-04T04:06:38.578530","2026-04-04T04:06:38.578547","True"
"276","408","코츠테크놀로지(주)","채용공고","http://www.cotstech.com/42_1/12","[신입/경력] 자재관리 담당자 채용 [채용마감] 작성일 2024.01.25 https://www.saramin.co.kr/zf_user/jobs/view?rec_idx=47270593&view_type… [294] 코츠테크놀로지 채용 (신입 및 경력직) [ 자재 관리] 코츠테크놀로지㈜는 1999년 창립이래 임베디드 CPU보드, DSP보드, 각종 I/O보드, Power보드 및 특수목적용 LCD Monitor 등의 임베디드 컴퓨터와 그 주변기기를 전문적으로 연구/개발하여 이러한 제품의 수요산업분야인 첨단 방위산업(육해공)분야, 철도신호 제어분야, 전력망제어 산업분야, 첨단 자동화산업분야에 공급하고 있습니다. 첨단산업 및 방위산업용 VPX, VME, PCI 버스 외 다수의 산업 표준 버스 및 다양한 구조의 하드웨어와 소프트웨어를 개발하여 해외 기술에 의존하던 대량의 데이터와 신호처리, 고속/정밀제어, 고속통신 기능을 수행하는 첨단 컴퓨터와 특수환경에서 사용하는 Display기 등 고속·고신뢰성의 컴퓨팅 환경구축을 위한 컴퓨터 구성품들을 연구개발과 제조를 하고 있습니다. 코츠테크놀로지㈜는 1999년 창립 이후로 임베디드 컴퓨터 제품개발 전문기업으로 세계수준의 최첨단 기술 경쟁력을 갖춘 '세계 최고의 임베디드 솔루션 기업'으로 성장하는 것을 목표로 하고 있습니다. 1. 모집부문 및 자격요건 모집부문 담당업무 자격요건 및 우대사항 인원 자재관리 ㆍ자재입출고 ㆍ재고관리 ㆍ창고관리 [자격요건] ㆍ학력 : 무관 ㆍ경력무관 (신입지원 가능) [우대사항] ㆍ해당 업무 유경험자 ㆍ더존ERP 유경험자 ㆍExcel 사용능력 우수자 0명 2. 근무조건 및 환경 근무형태 : 정규직(수습기간) - 2개월, 선택적 근로시간제 근무요일 : 주 5일(월~금) 근무지역 : 경기 - 성남시 분당구 급여 : 회사 내규에 따름 회사주소 : (13510) 경기 성남시 분당구 판교로 744 분당테크노파크 C동 702 호(야탑동) 3. 전형절 ​ 차 서류전형 - 면접 - 결과통보 4. 접수기간 및 방법 접수기간 : 24. 2. 1. (목)까지 * 수시면접 진행 / 서류전형 합격자에게 개별 연락 이력서양식 : 사람인 온라인 이력서 접수방법 : 사람인 입사지원 5. 유의사항 입사지원 서류에 허위사실이 발견될 경우, 채용확정 이후라도 채용이 취소될 수 있습니다. 목록보기","모집부문 담당업무 자격요건 및 우대사항 인원 자재관리 ㆍ자재입출고 ㆍ재고관리 ㆍ창고관리 [자격요건] ㆍ학력 : 무관 ㆍ경력무관 (신입지원 가능) [우대사항] ㆍ해당 업무 유경험자 ㆍ더존ERP 유경험자 ㆍExcel 사용능력 우수자 0명 2. 근무조건 및 환경 근무형태 : 정규직(수습기간) - 2개월, 선택적 근로시간제 근무요일 : 주 5일(월~금) 근무지역 : 경기 - 성남시 분당구 급여 : 회사 내규에 따름 회사주소 : (13510) 경기 성남시 분당구 판교로 744 분당테크노파크 C동 702 호(야탑동) 3. 전형절 ​ 차 서류전형 - 면접 - 결과통보 4. 접수기간 및 방법 접수기간 : 24. 2. 1. (목)까지 * 수시면접 진행 / 서류전형 합격자에게 개별 연락 이력서양식 : 사람인 온라인 이력서 접수방법 : 사람인 입사지원 5. 유의사항 입사지원 서류에 허위사실이 발견될 경우, 채용확정 이후라도 채용이 취소될 수 있습니다. 목록보기","인원 자재관리 ㆍ자재입출고 ㆍ재고관리 ㆍ창고관리 [자격요건] ㆍ학력 : 무관 ㆍ경력무관 (신입지원 가능) [우대사항] ㆍ해당 업무 유경험자 ㆍ더존ERP 유경험자 ㆍExcel 사용능력 우수자 0명 2. 근무조건 및 환경 근무형태 : 정규직(수습기간) - 2개월, 선택적 근로시간제 근무요일 : 주 5일(월~금) 근무지역 : 경기 - 성남시 분당구 급여 : 회사 내규에 따름 회사주소 : (13510) 경기 성남시 분당구 판교로 744 분당테크노파크 C동 702 호(야탑동) 3. 전형절 ​ 차 서류전형 - 면접 - 결과통보 4. 접수기간 및 방법 접수기간 : 24. 2. 1. (목)까지 * 수시면접 진행 / 서류전형 합격자에게 개별 연락 이력서양식 : 사람인 온라인 이력서 접수방법 : 사람인 입사지원 5. 유의사항 입사지원 서류에 허위사실이 발견될 경우, 채용확정 이후라도 채용이 취소될 수 있습니다. 목록보기","","","","경기","정규직","","","2024-01-25","2024-01-25","active","2026-04-04T04:06:46.137082","2026-04-04T04:06:46.137099","True"
"277","408","코츠테크놀로지(주)","채용공고","http://www.cotstech.com/page/42_2","경력/신입(인턴) 상시채용 채용 FAQ 상시채용 상시채용은 제한된 기간 내에 진행하는 다른 채용들과는 달리, 전 분야를 대상으로 지원서를 상시(365일)로 등록할 수 있는 오픈형 채용제도입니다. 충원이 필요할 경우, 우선적으로 검토할 수 있는 '인재풀 제도'이며, 서류 합격자에 한해 다음 전형이 진행됩니다. 본 상시 채용에 동의하시면 하기의 약관에 대해 동의를 부탁드립니다. ※ 개인정보 수집 동의 본 채용홈페이지를 통해 제출하는 지원서는 귀하께서 지원서를 제출하는 회사(이하 채용회사)가 직접 접수하고 관리하며, 향후 지원서 관리책임은 채용회사에 있습니다. 지원자는 아래 개인정보 제공 등에 관해 동의하지 않을 권리가 있습니다. 다만, 지원서를 통해 제공받은 정보는 채용회사의 채용 및 선발에 필수적인 항목으로 해당 정보를 제공받지 못할 경우 회사는 공정한 선발전형을 진행할 수 없습니다. 따라서 아래 개인정보 제공에 대해 동의하지 않는 경우 채용 및 선발전형에 지원이 제한될 수 있습니다. 지원자의 동의 거부 권리 및 동의 거부에 따른 불이익은 아래에 제시되는 모든 동의사항에 해당됩니다. [개인정보 수집 및 이용수칙] 를 잘 읽어보았으며 내용에 동의합니다. ※ 개인정보 수집 및 이용에 관한 동의 본 채용홈페이지를 통해 제출하는 지원서는 귀하께서 지원서를 제출하는 회사(이하 채용회사)가 직접 접수하고 관리하며, 향후 지원서 관리책임은 채용회사에 있습니다. 지원자는 아래 개인정보 제공 등에 관해 동의하지 않을 권리가 있습니다. 다만, 지원서를 통해 제공받은 정보는 채용회사의 채용 및 선발에 필수적인 항목으로 해당 정보를 제공받지 못할 경우 회사는 공정한 선발전형을 진행할 수 없습니다. 따라서 아래 개인정보 제공에 대해 동의하지 않는 경우 채용 및 선발전형에 지원이 제한될 수 있습니다. 지원자의 동의 거부 권리 및 동의 거부에 따른 불이익은 아래에 제시되는 모든 동의사항에 해당됩니다. [개인정보 수집 및 이용에 관한동의] 를 잘 읽어보았으며 내용에 동의합니다. ※ 개인정보의 위탁 제공에 관한 동의 본 채용홈페이지를 통해 제출하는 지원서는 귀하께서 지원서를 제출하는 회사(이하 채용회사)가 직접 접수하고 관리하며, 향후 지원서 관리책임은 채용회사에 있습니다. 지원자는 아래 개인정보 제공 등에 관해 동의하지 않을 권리가 있습니다. 다만, 지원서를 통해 제공받은 정보는 채용회사의 채용 및 선발에 필수적인 항목으로 해당 정보를 제공받지 못할 경우 회사는 공정한 선발전형을 진행할 수 없습니다. 따라서 아래 개인정보 제공에 대해 동의하지 않는 경우 채용 및 선발전형에 지원이 제한될 수 있습니다. 지원자의 동의 거부 권리 및 동의 거부에 따른 불이익은 아래에 제시되는 모든 동의사항에 해당됩니다. [개인정보의 위탁 제공에 관한 동의] 를 잘 읽어보았으며 내용에 동의합니다. 채용문의","","","","","","","인턴","","","","","active","2026-04-04T04:06:49.795597","2026-04-04T04:06:49.795619","True"
"278","408","코츠테크놀로지(주)","채용정보","http://www.cotstech.com/page/41_2","회사소개 회사정보 회사소식 제품소개 SBC Rugged LCD Display FPGA Accelerator COTS IP Railway Application IoT Submarine Application 투자정보 IR일정 실적발표 IR뉴스 전자공고 공시 내부정보관리규정 인재채용 채용정보 채용공고 고객지원 고객센터 견적문의 Contact Us 윤리경영 윤리헌장 내부신고 Client Contact Facebook 회사소개 회사정보 연혁 경영철학 CEO인사말 사업영역 회사소식 코츠뉴스 업계뉴스 제품소개 SBC PowerPC Intel Standard I/O Power Board Etc Board Rugged LCD Display FPGA Accelerator COTS IP Railway Application IoT Wi-SUN DLMS/COSEM Submarine Application 투자정보 IR일정 실적발표 IR뉴스 전자공고 공시 내부정보관리규정 인재채용 채용정보 인재상 채용제도 안내 인사제도 및 복리후생 채용공고 경력/신입(인턴) 상시채용 채용 FAQ 고객지원 고객센터 견적문의 Contact Us 윤리경영 윤리헌장 내부신고 Support Contact Facebook 로그인 회원가입 채용정보 인재채용 회사소개 제품소개 투자정보 인재채용 고객지원 윤리경영 채용정보 채용정보 채용공고 채용제도 안내 인재상 채용제도 안내 인사제도 및 복리후생 인재상 채용제도 안내 인사제도 및 복리후생 채용제도 안내 신입(인턴) * 인턴기간은 3개월이며, 인턴 평가 후 정규직 채용여부 결정 1차 서류 전형 2차 전화면접 3차 대면면접 4차 최종합격 경력직 1차 서류 전형 2차 전화면접 3차 대면면접 4차 최종합격","","","","","","경기","정규직","","","","","active","2026-04-04T04:06:54.574495","2026-04-04T04:06:54.574521","True"
"279","430","(주)리컨벤션","채용안내","http://www.leeconvention.com/2018/05_recruit/01_recruit.asp","채용안내 채용안내 PASSION 자기가 하는 모든 일을 적극적으로 열심히 수행하는 사람 일에 대해 몰입할 수 있는 사람 CREATIVITY 새로운 아이디어를 창출해 낼 수 있는 능력을 갖춘 사람 기존 서비스의 틀에 얽매이지 않고 사고할 수 있는 사람 서비스, User interface, 디자인, 기술 등이 창의적인 사람 INNOVATION 어떤 일이든지 새로운 분야와 새로운 방식을 찾아서 더 좋은 방향으로 해결하려고 하는 사람 Name Phone E-mail Subject Contents (주)리컨벤션 운영본부 (48058) 부산광역시 해운대구 센텀서로30 KNN타워 1403호 507호 지원본부 (48059) 부산광역시 해운대구 센텀북대로 60 센텀아이에스타워 612호 account@lee-expo.com +82-70-4239-2709","","","","","","부산","","","","","","active","2026-04-04T04:07:14.420385","2026-04-04T04:07:14.420413","True"
"280","445","(주)디엑스지","Thông tin tuyển dụng","http://dxg.kr/vi/recruit","Skip to main content Hit enter to search or ESC to close Close Search Menu DXG CEO Giới thiệu công ty Triết lý quản lý Lịch sử Bằng sáng chế và chứng nhận Lĩnh vực kinh doanh Lĩnh vực kinh doanh Thiết bị quang học Thiết bị quan trắc khí thải tự động Thiết bị phân tích khí hòa tan Hệ thống quan trắc mùi tự động Trung tâm khách hàng Thông báo Tư vấn trực tuyến Chỉ dẫn Phòng dữ liệu Thông tin tuyển dụng Thông tin tuyển dụng Tiếng Việt 한국어 English 简体中文 Thông tin tuyển dụng Tuyển dụng mới Tuyển dụng có kinh nghiệm ADD 5F, 120, Yeoksam-ro, Gangnam-gu, Seoul, Republic of Korea (06251) TEL +82(0)2-564-3772 FAX +82(0)2-564-0222","","Skip to main content Hit enter to search or ESC to close Close Search Menu DXG CEO Giới thiệu công ty Triết lý quản lý Lịch sử Bằng sáng chế và chứng nhận Lĩnh vực kinh doanh Lĩnh vực kinh doanh Thiết bị quang học Thiết bị quan trắc khí thải tự động Thiết bị phân tích khí hòa tan Hệ thống quan trắc mùi tự động Trung tâm khách hàng Thông báo Tư vấn trực tuyến Chỉ dẫn Phòng dữ liệu Thông tin tuyển dụng Thông tin tuyển dụng Tiếng Việt 한국어 English 简体中文 Thông tin tuyển dụng Tuyển dụng mới Tuyển dụng có kinh nghiệm ADD 5F, 120, Yeoksam-ro, Gangnam-gu, Seoul, Republic of Korea (06251) TEL +82(0)2-564-3772 FAX +82(0)2-564-0222 Copyright © 2025 DXG. All Rights Reserved. DXG Lĩnh vực kinh doanh Trung tâm khách hàng Thông tin tuyển dụng Chính sách quyền riêng tư Hướng dẫn sử dụng Close Menu DXG CEO Giới thiệu công ty Triết lý quản lý Lịch sử Bằng sáng chế và chứng nhận Lĩnh vực kinh doanh Lĩnh vực kinh doanh Thiết bị quang học Thiết bị quan trắc khí thải tự động Thiết bị phân tích khí hòa tan Hệ thống quan trắc mùi tự động Trung tâm khách hàng Thông báo Tư vấn trực tuyến Chỉ dẫn Phòng dữ liệu Thông tin tuyển dụng Thông tin tuyển dụng Tiếng Việt 한국어 English 简体中文","","","","","","","","","","active","2026-04-04T04:07:48.180821","2026-04-04T04:07:48.180843","True"
"281","445","(주)디엑스지","채용정보","http://dxg.kr/recruit","Skip to main content Hit enter to search or ESC to close Close Search Menu DXG CEO 회사소개 경영이념 연혁 특허 및 인증 사업분야 사업분야 광학기기 연소가스분석기 방지시설 IoT 유중가스분석기 악취측정기 고객센터 공지사항 온라인 문의 오시는 길 자료실 채용정보 채용정보 한국어 English 简体中文 Tiếng Việt 채용정보 신규채용 경력채용 ADD 서울특별시 강남구 역삼로 120 성보역삼빌딩 5층 DXG (06251) TEL 02-564-3772 FAX 02-564-0222","","","","","","서울","","","","","","active","2026-04-04T04:08:02.137287","2026-04-04T04:08:02.137313","True"
"283","501","(주)테이아","채용 | TEIA – 채용 절차 및 지원하기","http://www.teia.co.kr/recruit","알림 뒤로 알림 설정 뒤로 더보기 게시물 알림 내 글 반응 내가 작성한 게시물이나 댓글에 다른 사람이 댓글이나 답글을 작성하면 알려줍니다. 공지사항 사이트에서 보내는 중요한 공지를 실시간으로 알려줍니다. Home 회사소개 CEO 비전 회사 연혁 협력사 News 솔루션 Smart Factory AI Factory VAS Careers 인재상 조직문화 채용 ESG Contact Home 회사소개 CEO 비전 회사 연혁 협력사 News 솔루션 Smart Factory AI Factory VAS Careers 인재상 조직문화 채용 ESG Contact Home 회사소개 CEO 비전 회사 연혁 협력사 News 솔루션 Smart Factory AI Factory VAS Careers 인재상 조직문화 채용 ESG Contact Hiring Process 채용 함께 성장할 동료를 기다립니다. TEIA는 혁신적인 기술과 사람 중심의 조직문화를 바탕으로 성장하는 회사입니다. 우리는 고객과 사회에 가치를 창출하고, 직원들이 스스로 성장할 수 있는 환경을 만드는 것을 목표로 합니다. 지원방법 STEP 1 온라인 지원서 제출 이력서와 경력기술서를 PDF로 업로드 STEP 2 서류 전형 지원자 경험과 역량 중심으로 검토 STEP 3 면접 전형 실무 면접 + 조직 문화 인터뷰 STEP 4 최종 합격 처우 협의 후 입사 확정 지원방법 STEP 1 온라인 지원서 제출 이력서와 경력기술서를 PDF로 업로드 STEP 2 서류 전형 지원자 경험과 역량 중심으로 검토 STEP 3 면접 전형 실무 면접 + 조직 문화 인터뷰 STEP 4 최종 합격 처우 협의 후 입사 확정 주식회사 테이아 CEO 이춘재 연락처 : 02-6390-6223 메일 : teia_sales@teia.co.kr 주소 : 경기도 과천시 과천대로7길 33 디테크타워 B동 303, 304호 사업자등록번호 : 148-86-00077 Company CEO 비전 회사연혁 협력사 Solution Smart Factory AI Factory VAS Careers 인재상 조직문화 채용 ESG","","","채용 함께 성장할 동료를 기다립니다. TEIA는 혁신적인 기술과 사람 중심의 조직문화를 바탕으로 성장하는 회사입니다. 우리는 고객과 사회에 가치를 창출하고, 직원들이 스스로 성장할 수 있는 환경을 만드는 것을 목표로 합니다. 지원방법 STEP 1 온라인 지원서 제출 이력서와 경력기술서를 PDF로 업로드 STEP 2 서류 전형 지원자 경험과 역량 중심으로 검토 STEP 3 면접 전형 실무 면접 + 조직 문화 인터뷰 STEP 4 최종 합격 처우 협의 후 입사 확정 지원방법 STEP 1 온라인 지원서 제출 이력서와 경력기술서를 PDF로 업로드 STEP 2 서류 전형 지원자 경험과 역량 중심으로 검토 STEP 3 면접 전형 실무 면접 + 조직 문화 인터뷰 STEP 4 최종 합격 처우 협의 후 입사 확정 주식회사 테이아 CEO 이춘재 연락처 : 02-6390-6223 메일 : teia_sales@teia.co.kr 주소 : 경기도 과천시 과천대로7길 33 디테크타워 B동 303, 304호 사업자등록번호 : 148-86-00077 Company CEO 비전 회사연혁 협력사 Solution Smart Factory AI Factory VAS Careers 인재상 조직문화 채용 ESG 개인정보처리방침 서비스이용약관 © 2025 TEIA. ALL RIGHTS RESERVED 주식회사 테이아 CEO 이춘재 연락처 : 02-6390-6223 메일 : teia_sales@teia.co.kr 주소 : 경기도 과천시 과천대로7길 33 디테크타워 B동 303, 304, 312호 사업자등록번호 : 148-86-00077 © 2025 TEIA. ALL RIGHTS RESERVED Company CEO 비전 회사연혁 협력사 Solution Smart Factory AI Factory VAS Careers 인재상 조직문화 채용 ESG 개인정보처리방침","","","경기","","","","","","active","2026-04-04T04:10:25.132194","2026-04-04T04:10:25.132219","True"
"284","506","주식회사 파인원커뮤니케이션즈","C/C++ 개발자","http://www.pineone.com/recruit.html#job-ffb6038e-3","자격요건 1. linux기반 또는 임베디드 환경에서 C/C++가능자 2. android 기반 또는 linux기반 java 가능자 3. http(s)기반 서버 통신관련 개발가능자(multipart post전송기술 포함) - json/xml parser 4. crypto관련 lib사용 가능자(기본적인 데이터/네트워크 보안지식 포함) 우대사항 1. 다양한 임베디드 환경에 디바이스 포팅 경험자 2. AI 서비스 또는 AI Agent관련 개발 경험자 3. AI 관련 기반지식 보유자(업계 또는 서비스 동향파악)","","","","","","","","","","","","active","2026-04-04T04:10:40.480722","2026-04-04T04:10:40.480741","True"
"285","506","주식회사 파인원커뮤니케이션즈","안드로이드 단말 파트/iOS 단말 파트/웹 클라이언트 개발 파트","http://www.pineone.com/recruit.html#job-1d1bc634-4","자격요건 1. 안드로이드 단말 파트 - 자바 / 안드로이드 UI 개발 경험 2. iOS 단말 파트 - 오브젝트 C 개발 경험 - 스위프트 개발 경험 3. 웹 클라이언트 개발 파트 - javascript, jQuery, css등 웹 클라이언트 기반 개발 기술 보유 우대사항 1. iptv UI 개발 경험자 우대 2. Angular JS 개발경험자 우대","","","","","","","","","","","","active","2026-04-04T04:10:40.484280","2026-04-04T04:10:40.484292","True"
"286","552","(주)삼영기술","주메뉴","http://www.samyoungeng.com/bbs/board.php?bo_table=recruit#job-3631a748-0","기업분야 회사소개 인사말 업.면허등록현황 지적재산 장비현황 찾아오시는 길 사업분야 사업개발분야 물사업분야 환경사업분야 SOC사업분야 구조지반분야 도시계획분야 건설사업관리분야 시설관리사업분야 사업실적 사업개발분야 물사업분야 환경사업분야 SOC사업분야 도시계획분야 교통계획분야 건설사업관리분야 시설관리사업분야 홍보센터 회사소식 대외수상 E-브로슈어 연구소 소개 및 연구분야 고객센터 공지사항 자료실 채용정보 관련싸이트","","","","","","","","","","","","active","2026-04-04T04:11:56.213455","2026-04-04T04:11:56.213473","True"
"287","557","라온프렌즈 주식회사","인재채용","https://raonfriends.com/Recruitment","알림 뒤로 알림 설정 뒤로 더보기 게시물 알림 내 글 반응 내가 작성한 게시물이나 댓글에 다른 사람이 댓글이나 답글을 작성하면 알려줍니다. 공지사항 사이트에서 보내는 중요한 공지를 실시간으로 알려줍니다. 라온프렌즈 소개 지속가능경영 ESG전략 환경경영 인권경영 윤리경영 사업분야 전력 ICT 빅데이터 및 AI 스마트팩토리 웹사이트 제작 컨설팅 RE100 컨설팅 R&D 컨설팅 솔루션 RE100 통합 관리 솔루션 전력 및 열 에너지 MIX 솔루션 VNM P2P 전력거래 추천 솔루션 통합발전소 운영 솔루션 포트폴리오 실적 정부R&D사업 스마트팩토리 빅데이터 처리 및 AI 전력 및 산업 IT 특허 국내 출원 국내 등록 PCT 학술자료 소식·채용 정부지원사업 기술이전 활동 인재채용 Trust Line 라온프렌즈 소개 지속가능경영 ESG전략 환경경영 인권경영 윤리경영 사업분야 전력 ICT 빅데이터 및 AI 스마트팩토리 웹사이트 제작 컨설팅 RE100 컨설팅 R&D 컨설팅 솔루션 RE100 통합 관리 솔루션 전력 및 열 에너지 MIX 솔루션 VNM P2P 전력거래 추천 솔루션 통합발전소 운영 솔루션 포트폴리오 실적 정부R&D사업 스마트팩토리 빅데이터 처리 및 AI 전력 및 산업 IT 특허 국내 출원 국내 등록 PCT 학술자료 소식·채용 정부지원사업 기술이전 활동 인재채용 Trust Line 라온프렌즈 소개 지속가능경영 ESG전략 환경경영 인권경영 윤리경영 사업분야 전력 ICT 빅데이터 및 AI 스마트팩토리 웹사이트 제작 컨설팅 RE100 컨설팅 R&D 컨설팅 솔루션 RE100 통합 관리 솔루션 전력 및 열 에너지 MIX 솔루션 VNM P2P 전력거래 추천 솔루션 통합발전소 운영 솔루션 포트폴리오 실적 정부R&D사업 스마트팩토리 빅데이터 처리 및 AI 전력 및 산업 IT 특허 국내 출원 국내 등록 PCT 학술자료 소식·채용 정부지원사업 기술이전 활동 인재채용 Trust Line 인재 채용 Recruitment 채용안내 라온프렌즈는 사람인과 로켓펀치를 통하여 인재를 채용하고 있습니다. 버튼을 클릭 하시면 모집 중인 공고와 업무 확인 할 수 있습니다. 추후 인력충원 및 결원발생 시 등록된 이력서를 대상으로 우선 검토예정이오니 뛰어난 인재 여러분의 많은 지원 바랍니다. Terms of Use I Privacy Policy @","","","","","","경기","","","","","","active","2026-04-04T04:12:23.588489","2026-04-04T04:12:23.588511","True"
"288","560","주식회사 올댓아이엠씨","올댓아이엠씨","http://www.allthatcampus.com/careers/culture.html","CAREERS 문화 복지 채용 우리, 올댓아이엠씨 는 젊게 일합니다. 01 우리는 청년 입니다. 나이에 상관없이 청년다운 열정과 태도로 일합니다. 02 우리는 함께 일 합니다. 혼자보다 서로 함께하는 것이 더 낫다고 믿습니다. 03 우리는 두려워 하지 않습니다. 새로운 도전을 두려워하지 않고, 부딪혀 봅니다. 04 우리는 라인 이 없습니다. 나의 안위를 위해 타인의 힘에 기대지 않습니다. 05 우리는 너, 나를 구분 짓지 않습니다. 내 것을 주장하지 않고, 나누며 함께 성장합니다. 06 우리는 수평적 소통 을 지향합니다. 자유롭고 수평적인 근무 문화를 지향합니다. 07 우리는 성과 로 평가합니다. 고객의 눈높이 그 이상의 성과를 지향합니다. 08 우리는 열린 자세 로 배웁니다. 끊임 없이 성장을 위한 배움을 이어갑니다. 올댓아이엠씨 는 구성원 모두가 성장하고, 올바르게 보상 받으며, 신나게 일할 수 있는 문화와 복지를 지향합니다. ALL THAT GROWTH #개인 성장 지원 발전시키고 싶은 능력 함양을 위한 사내 강의료, 기자재 구입 등 지원 #도서구입비 지원 매 월 최대 3권까지 업무관련 도서구입비 지원 #ALLCAM Morning 매주 월요일 아침 모든 구성원이 모여 프로젝트를 리뷰하고 지식을 나누는 시간 ALL THAT REWARD #성과 평가 개인별 기여도를 고려한 성과평가 및 연봉협상 진행 #성과금 인센티브 지급 및 장기근속자 포상 #국가지원 제도 내일채움공제, 재직자채움공제, 중소기업 전세대출 등 적극지원 ALL THAT REST #휴가 제도 샌드위치 휴무, 장기근속자 격리 휴가 생일 반차 등 각종 경조 휴가 #연차 사용 자유로운 연차사용 분위기 (업무 지장 없을 시 장기 휴가도 OK) #야근 지원 심야 야근 후 익일 탄력근무제, 야근 식대 및 택시비 지원 ALL THAT CULTURE #사내동아리 지원 사내동아리 활동 시 비용 지원 직급에 상관없이 누구나 사내동아리 창설 가능 #복장 자율 복장 착용 (고객사 미팅 및 행사 시 제외) #전시관람 지원 매 월 1회 근무시간 활용하여 서울內 전시회 관람 지원 올댓아이엠씨 는 언제나 반짝입니다. 채용공고 확인하러 가기 >","","","","도서구입비, 식대, 인센티브","","서울","","","","","","active","2026-04-04T04:12:44.980788","2026-04-04T04:12:44.980810","True"
"289","566","(주)도화엔지니어링","채용안내","https://www.dohwa.co.kr/recruit/benefit","주요메뉴 바로가기 컨텐츠 바로가기 도화엔지니어링 회사소개 Overview Vision People History CSR Contact us 사업소개 Overview Project 투자정보 경영정보 재무정보 전자공고 및 공시 IR 자료실 주식 및 주주정보 홍보센터 CI소개 최신뉴스 기업브로슈어 홍보영상 채용정보 채용안내 직무소개 채용지원 KOR KOR ENG ESP MENU RECRUIT 채용안내 Scroll 채용안내 직무소개 채용지원 05 RECRUIT DOHWA ENGINEERING 채용절차 직무소개 복리후생 도화엔지니어링은 임직원이 일과 삶의 조화를 추구할 수 있도록 다양한 복리후생을 제공하고 있습니다. 채용지원 바로가기 복리후생 도화 희망채움적금 공채 신입사원 대상으로 직원과 회사가 공동으로 운용하는 적립금 제도 운영 자격수당 기술사, 기사 및 변호사 등 전문자격증에 대하여 수당 지급 금연수당 비흡연자인 직원에 한하여 월 5만원 지급 선택적 근로 제도 10:00~17:00 코어타임, 그 외 시간에는 선택적 근로 가능 반반차 제도 연차를 반차(4시간) 또는 반반차(2시간)로 분할 사용 가능 휴양시설 지원 전국 10개 유명콘도 체인, 33개 시설 이용 가능 스포츠 시즌권 프로야구 잠실구장 시즌권 신청자 대상으로 제공 FC서울 스카이박스 시즌권 부문별 제공 구내식당 운영 조식, 중식, 석식 운영 외국어 교육 지원 영어, 중국어, 일본어, 독일어 등 온라인 외국어 교육 지원 원어민과의 전화영어 및 화상영어 수업 제공 자녀 학자금 지원 분기별 자녀수에 관계없이 학자금 지원 미취학 아동, 유치원, 초 · 중 · 고등학교, 대학교 등록금 지원 장기 근속자 포상 근속 연수별 포상금 지급 창립기념일 창립기념 휴일 및 기념선물 제공 캐주얼 데이 매주 금요일 자유로운 복장으로 출근 종합건강검진 매 2년마다 건강검진 지원 경조사 지원 경조금, 경조화환, 경조용품 지원 사내 동호회 지원 동호회별 연간 최대 500만원 지급 계열사 골프장 할인 아리지 컨트리 클럽 할인 혜택 제공 출산지원금 자녀 출산에 따른 출산지원금 및 선물 지급 영유아 돌봄휴가 만 5세이하 자녀 병원 방문 시 특별휴가 부여 임산부 휴게실 운영 수유실이 포함된 임산부 전용 휴게시설 제공 마인드 힐링 서비스 매주 금요일 임직원의 멘탈케어를 위한 상담 서비스 제공 초등학교 입학 선물 초등학교 입학 자녀 선물 지급 CAREER 채용지원 도화와 함께 세계인의 미래를 디자인할 여러분의 도전을 기다리고 있습니다. BUSINESS 사업소개 국내 · 외 토목건설 엔지니어링 분야의 선두주자, 도화엔지니어링의 다양한 프로젝트를 만나보세요. 맨위로가기 서울특별시 강남구 삼성로 438 (#06178) 대표전화 02-6323-3000 개인정보 처리방침 윤리경영 제보라인 DOHWA Engineering Co., LTD.","","","","건강검진","","서울","","5만원","","","","active","2026-04-04T04:13:05.459201","2026-04-04T04:13:05.459223","True"
"290","566","(주)도화엔지니어링","채용안내","https://www.dohwa.co.kr/recruit/procedure","주요메뉴 바로가기 컨텐츠 바로가기 도화엔지니어링 회사소개 Overview Vision People History CSR Contact us 사업소개 Overview Project 투자정보 경영정보 재무정보 전자공고 및 공시 IR 자료실 주식 및 주주정보 홍보센터 CI소개 최신뉴스 기업브로슈어 홍보영상 채용정보 채용안내 직무소개 채용지원 KOR KOR ENG ESP MENU RECRUIT 채용안내 Scroll 채용안내 직무소개 채용지원 05 RECRUIT DOHWA ENGINEERING 채용절차 직무소개 복리후생 최고 전문가 집단의 열정과 패기를 가진 구성원을 모십니다. 채용지원 바로가기 채용절차 01 서류전형 당사 소정 양식 인적성 검사 (해당 분야 별도 공지) 02 실무면접 전공면접 영어면접 03 경영진 면접 04 채용검진 후 최종합격 *지원부서나 지원 시기에 따라 세부 절차는 변동이 있을 수 있으니 자세한 내용은 각 채용 공고를 통해 확인하여 주시기 바랍니다. CAREER 채용지원 도화와 함께 세계인의 미래를 디자인할 여러분의 도전을 기다리고 있습니다. BUSINESS 사업소개 국내 · 외 토목건설 엔지니어링 분야의 선두주자, 도화엔지니어링의 다양한 프로젝트를 만나보세요. 맨위로가기 서울특별시 강남구 삼성로 438 (#06178) 대표전화 02-6323-3000 개인정보 처리방침 윤리경영 제보라인 DOHWA Engineering Co., LTD.","","","","","","서울","","","","","","active","2026-04-04T04:13:14.704635","2026-04-04T04:13:14.704789","True"
"291","583","(주)커머너즈","Submit.","https://commoners.co.kr/careers#job-2af87fb7-0","형태 채용 인턴십 직무 UI/UX Designer Motion Designer Graphic Designer 3D Designer FE Developer BE Developer Project Manager 이름 전화번호 이메일 * * 포트폴리오 등 첨부 파일은 링크로 적어주세요. 제출","","","","","","","","","","","","active","2026-04-04T04:13:38.399756","2026-04-04T04:13:38.399784","True"
"292","588","주식회사 피엠지커뮤니케이션","PMGCOM","http://www.pmgcom.co.kr/html/recruit.php","PMGCOM - Parks Media Group Communication 모바일 메뉴 펼침 HOME HOME ABOUT PMG ABOUT PMG BUSINESS CP1 TEAM CP2 TEAM CP3 TEAM HISTORY HISTORY PORTFOLIO CF & BR PROMOTION DESIGN & PRINT CONTACT CONTACT RECRUIT RECRUIT RECRUIT 입사지원서 다운로드 성명 연락처 이메일 지원부서 광고, 홍보 홍보영상 디자인 파일첨부 File Upload SEND CANCEL PMGCOM 상호명 : 피엠지커뮤니케이션 대표 : 박성식 주소 : 서울 마포구 성산로2길 41 유니온빌딩4층 대표번호 : 070-8933-2482 FAX : 02-322-4495","","","","","","서울","","","","","","active","2026-04-04T04:13:48.830009","2026-04-04T04:13:48.830034","True"
"293","593","(주)옥타솔루션","새소식 및 채용 정보","https://octasolution.co.kr/support/news_view.php?codes=news&body=view&page=&number=6","회사소개 CEO 인사말 비전 및 미션 특장점 핵심 역량 및 핵심 가치 고객에게 드리는 가치 인증/수상 경력 연혁 오시는길 솔루션 소개 AML RBA WLF cryptoAML cryptoFDS SaaS AML FATCA/CRS 기반기술 서비스 컨설팅 및 교육 구축서비스 현행화 지원 유지보수 Sanction List Data 독립적 감사 레그테크 배경 및 개요 정의 옥타솔루션 레그테크 전략방향 옥타솔루션 레그테크 추진전략 옥타 레그테크 기반 솔루션 특장점 고객 및 파트너 고객 파트너 고객지원 새소식 및 채용정보 게시판 상담 문의 자료실 FAQ REPORT KO / EN 새소식 및 채용 정보 홈 고객지원 새소식 및 채용 정보 PM 채용공고 작성일 23-02-01 조회수 4009 이전글 제3자 배정 유상증자 신주발행 공고 다음글 개발자 채용공고 목록 서울시 영등포구 양평로 22길 21, 1301, 1302호 (양평동5가, 선유도코오롱디지털타워) 대표 박만성 | 사업자 등록 번호 132-86-09767 02)3453-3035 전화 문의해 주시면 친절히 상담해 드립니다. 평일 : 09:00~18:00 점심 : 12:00~13:00 상담문의 상담문의 02)3453-3035 ↑","","","","","","서울","","","","","","active","2026-04-04T04:14:01.392238","2026-04-04T04:14:01.392264","True"
"294","593","(주)옥타솔루션","새소식 및 채용 정보","https://octasolution.co.kr/support/news.php","새소식 및 채용 정보 홈 고객지원 새소식 및 채용 정보 새소식 및 채용 정보 No. 제목 조회수 날짜 8 2024년 옥타솔루션 유저 컨퍼런스 4012 24-10-16 7 개발자 채용공고 4052 23-02-01 6 PM 채용공고 4010 23-02-01 5 제3자 배정 유상증자 신주발행 공고 3860 19-08-12 4 핀테크사업자를 위한 AML/RBA조찬세미나 성황리에 종료 6418 18-03-19 3 핀테크사업자를 위한 AML/RBA 조찬세미나룸 변경 공지 3844 18-03-08 2 핀테크사업자를 위한 AML/RBA 조찬세미나 안내( 일시: 2018.3.16 07:00 - 09:00 ) 4034 18-03-05 1 새소식 및 채용정보 게시판입니다. 4617 17-11-20 1","","","","","","","","","","","","active","2026-04-04T04:14:08.032814","2026-04-04T04:14:08.032835","True"
"295","598","(주)원제로소프트","채용안내","http://www.erpia.net/jobs","자격요건 모집인원 클라이언트 개발 (VB, C#(.NET/WinForm/DevExpress)) 서버/웹서비스 개발 (JAVA, ASP, PHP) 어플리케이션 개발 (IONIC, ANDROID) 자사 솔루션 관리/유지보수 학력 초대졸 이상 모집구분 경력/신입 [","모집인원 클라이언트 개발 (VB, C#(.NET/WinForm/DevExpress)) 서버/웹서비스 개발 (JAVA, ASP, PHP) 어플리케이션 개발 (IONIC, ANDROID) 자사 솔루션 관리/유지보수 학력 초대졸 이상 모집구분 경력/신입 [","​ 채용안내 수평적인 조직문화와 유연한 근무환경으로 직원들의 만족도를 보장하고 모두가 같이 성장하고 성공할 수 있는 공간을 만드는 것을 목표로 합니다. ​ CEO인사말 회사연혁 채용안내 CEO인사말 회사연혁 채용안내 채용 정보 개발팀 담당업무 자격요건 모집인원 클라이언트 개발 (VB, C#(.NET/WinForm/DevExpress)) 서버/웹서비스 개발 (JAVA, ASP, PHP) 어플리케이션 개발 (IONIC, ANDROID) 자사 솔루션 관리/유지보수 학력 초대졸 이상 모집구분 경력/신입 [우대사항] 관련 학과자 (IT 계열) DB 사용 유경험자 (MSSQL, MYSQL) 관련업종 근무 경험자 (ERP, CRM) 그 외 다수 프로젝트 경험자 문서작성 우수자 00명 금천구 , 대한민국 ERPia 팀 (서비스 운영팀) 담당업무 자격요건 모집인원 고객관리 ( 고객상담, 교육) ERPia 솔루션 유지보수 부가서비스 관리 시스템 기획 및 운영/ 사후 관리 학력 초대졸 이상 ( 즉시 근무 가능자) 모집구분 경력/신입 [우대사항] 관련 학과자 (e비즈니스, 컴퓨터공학, 유통/물류 관련 학과) 동종업계 경험자, 이커머스 경력 보유자 컴퓨터 활용 능력 우수자 00명 금천구 , 대한민국 Administration 컨설팅팀 채용 담당업무 자격요건 모집인원 컨설팅 (BPR) 온라인 마케팅 신규 프로젝트 추친 R&D 사업 추친 학력 초대졸 이상 모집구분 경력/신입 [우대사항] 관련 학과자(E 비즈니스, 경영학과, 유통/물류 관련 학과) 회계 관련 자격증 물류관리사 , 유통관리사 자격증 취득자 00명 금천구 , 대한민국 변화와 혁신의 중심, (주)원제로소프트에 바로 지금 지원하세요. 고객사의 성장이 곧 우리의 성장이라는 기업이념 아래 ERP 업계의 독보적 위치를 유지하고 발전시킬 역량 있고 창의적인 인재를 모집합니다. +82 1833-3673 #핵심키워드 #인센티브 #수평문화 #체계적인교육 커리큘럼 #여름휴가비지원 #자유로운 연차사용 #전문성 #유동, 플루직 UP #다양한 업무도전 가능성 #국/해외워크샵 #자기개발지원 #멘토제도 #지속가능성 #프로젝트참여 #명절상여 #출산/육아휴가 #간식제공 #젊은분위기 #산학연계 인재육성 #인센티브 #수평문화 #체계적인교육 커리큘럼 #여름휴가비지원 #자유로운 연차사용 #전문성 #유동, 플루직 UP #다양한 업무도전 가능성 #국/해외워크샵 #자기개발지원 #멘토제도 #지속가능성 #프로젝트참여 #명절상여 #출산/육아휴가 #간식제공 #젊은분위기 #산학연계 인재육성","","인센티브","","","","","","","","active","2026-04-04T04:14:52.587175","2026-04-04T04:14:52.587197","True"
"296","598","(주)원제로소프트","ERPia 팀 (서비스 운영팀)","http://www.erpia.net/jobs/erpia-tim-seobiseu-unyeongtim-1","콘텐츠로 건너뛰기 무​​료사용 로그인 로그인 무료체험 로그인 하시면 더 많은 서비스를 경험하실 수 있습니다. 0 0 로그인 무료체험 로그인 하시면 더 많은 서비스를 경험하실 수 있습니다. 회사소개 CEO 인사말 회사연혁 채용안내 서비스소개 주요서비스 부가서비스 연동쇼핑몰 고객센터 공지사항 문의게시판 정기교육 신청 동영상 매뉴얼 자료실 커뮤니티 클라이언트 상담요청 자주 찾는 질문 개발자노트 모든 채용 ERPia 팀 (서비스 운영팀) 금천구 , 대한민국 ​​ ​​ ​ ​ 지금 신청하기! 주요 업무 고객관리 (고객상담, 교육) ERPia 솔루션 유지보수 부가서비스 관리 시스템 기획 및 운영 시스템 검수 및 품질관리 지원 자격 초대졸 이상 즉시 근무 가능자 신입/경력 무관 장기 근무 가능자 컴퓨터 활용 능력 우수자 우대 사항 관련 학과 (e비즈니스, 컴퓨터공학,유통/물류 ) 동종업계 경험자 이커머스 경력 보유자 쇼핑몰 관리 경력 보유자 지금 신청하기!","","관련 학과 (e비즈니스, 컴퓨터공학,유통/물류 ) 동종업계 경험자 이커머스 경력 보유자 쇼핑몰 관리 경력 보유자 지금 신청하기!","","","","","","","","","","active","2026-04-04T04:14:59.332893","2026-04-04T04:14:59.332912","True"
"297","598","(주)원제로소프트","개발팀","http://www.erpia.net/jobs/gaebaltim-8","클라이언트 개발 (VB, C#(.NET/WinForm/DevExpress)) 서버/웹서비스 개발 (JAVA, ASP, PHP) 어플리케이션 개발 (IONIC, ANDROID) 자사 솔루션 관리/유지보수 지원","","콘텐츠로 건너뛰기 무​​료사용 로그인 로그인 무료체험 로그인 하시면 더 많은 서비스를 경험하실 수 있습니다. 0 0 로그인 무료체험 로그인 하시면 더 많은 서비스를 경험하실 수 있습니다. 회사소개 CEO 인사말 회사연혁 채용안내 서비스소개 주요서비스 부가서비스 연동쇼핑몰 고객센터 공지사항 문의게시판 정기교육 신청 동영상 매뉴얼 자료실 커뮤니티 클라이언트 상담요청 자주 찾는 질문 개발자노트 모든 채용 개발팀 금천구 , 대한민국 ​​ ​​ ​ ​ 지금 신청하기! 주요 업무 클라이언트 개발 (VB, C#(.NET/WinForm/DevExpress)) 서버/웹서비스 개발 (JAVA, ASP, PHP) 어플리케이션 개발 (IONIC, ANDROID) 자사 솔루션 관리/유지보수 지원 자격 초대졸 이상 즉시 근무 가능자 신입/경력 무관 장기 근무 가능자 컴퓨터 활용 능력 우수자 우대 사항 관련 학과자 (IT 계열) DB 사용 유경험자 (MSSQL,MYSQL) 관련 업종 근무 경험자 (EPR,CRM) 그 외 다수 프로젝트 경험자 문서작성 우수자 지금 신청하기!","","","","","","","","","","active","2026-04-04T04:15:03.068222","2026-04-04T04:15:03.068240","True"
"298","612","주식회사 더에이치소프트","Service","https://thehsoft.com/service/process.html","회사소개 CEO 인사말 비전&서비스 연혁 사업영역 모바일진료 모바일간호 환자용앱 Bedside 전광판 ESL 운영서비스 추진성과 비즈니스파트너 수상내역 인증내역 고객서비스 인재영입 채용절차 FAQ 오시는 길 회사소개 CEO 인사말 비전&서비스 연혁 사업영역 모바일진료 모바일간호 환자용앱 Bedside 전광판 ESL 운영서비스 추진성과 비즈니스파트너 수상내역 인증내역 고객서비스 인재영입 채용절차 FAQ 오시는 길 더에이치소프트 회사소개 CEO 인사말 비전&서비스 연혁 사업영역 모바일진료 모바일간호 환자용앱 Bedside 전광판 ESL 운영서비스 추진성과 비즈니스파트너 수상내역 인증내역 고객서비스 인재영입 채용절차 FAQ 오시는 길 Service 지금까지의 노력과 성과를 기반으로 앞으로도 바르게 성장하는 가치 서비스를 제공하겠습니다. 인재영입 채용절차 FAQ 오시는 길 채용절차 접수방법 및 제출 서류 모집안내 제출서류 · 이력서 · 경력기술서 · 최종근무지 근로소득원천징수영수증, 자격증 사본 (합격 시) · ※ 디자이너의 경우 포트폴리오 필수 제출 기타사항 · 서류제출처 : info@thehsoft.com · 서류전형 합격 시 면접 일정은 추후 통보합니다. top 오시는길 서울시 서초구 서초대로 286 서초프라자 708호 (교대역 9번 출구)","","","","","","서울","","","","","","active","2026-04-04T04:15:18.857580","2026-04-04T04:15:18.857602","True"
"299","612","주식회사 더에이치소프트","Service","https://thehsoft.com/service/recruit.html","더에이치소프트에서 인재를 모십니다. 응용프로그램개발 자격요건 · 학력 : 대졸이상(4년) · 경력 : 신입/경력 3년 이상 · 성별 : 무관 우대조건 · HTML5, X-Platform, Node.js, Javascript · Spring Framework 경험자 · X-Platform 구현 경험자 · 관련분야 자격증 보유자 · 병원업무 관련 프로그램 유경험자 디자이너(경력) 자격요건 · 학력 : 대졸이상(4년) · 경력 : 경력 3년 이상 · 성별 : 무관 필수조건 · 퍼블리싱(html, css) 가능자 · 반응형 웹에 대한 이해도 보유자 · 디자인/개발 프로세스 이해 우수자 · 포트폴리오 필수 첨부 · 제출 : help@thehsoft.com 우대조건 · 관련 프로젝트 참여 경험자 · 관련분야 자격증 보유자 · PowerPoint 작성 가능자 근무조건 근무형태 · 정규직(수습2개월/신입의경우 3개월) · 근무지:서울시 서초구 서초대로 286 서초프라자 708호 · 근무요일 : 주5일( 09:00~18:00) · 급여 : 회사 내규에 따름(면접 후 결정) 기타 · 연금/보험 : 4대보험 · 휴무 : 법정공휴일 휴무 · 복장 : 자유복장","· 학력 : 대졸이상(4년) · 경력 : 신입/경력 3년 이상 · 성별 : 무관","· HTML5, X Platform, Node.js, Javascript · Spring Framework 경험자 · X Platform 구현 경험자 · 관련분야","","","","서울","정규직","","","","","active","2026-04-04T04:15:27.262353","2026-04-04T04:15:27.262374","True"
"300","622","포디리플레이코리아(주)","HR Manager","https://4dreplay.com/jobs/pm-%eb%af%b8%eb%94%94%ec%96%b4-%ed%94%84%eb%a1%9c%ec%a0%9d%ed%8a%b8-%eb%a7%a4%eb%8b%88%ec%a0%80-%ea%b2%bd%eb%a0%a5%eb%ac%b4%ea%b4%80","PARTNERS PRODUCT 4DReplay 4DLive PRESS SOCIAL MEDIA CAREERS CONTACT PARTNERS PRODUCT 4DReplay 4DLive PRESS SOCIAL MEDIA CAREERS CONTACT HR Manager [업무 내용] • HR팀 전반: HR Data 관리, Creating Experience in 4DREPLAY • 전사 주도적 커뮤니케이션 • 기간별 인사 제도 기획 및 실행 • 조직 역량 강화 평가/보상 등 시스템 기획 및 운영 • 기타 노무 관련 이슈 대응 및 관리 [자격 요건] (경력) • HR경력 최소 7년 이상이신 분 • 도전적 마인드로 적극적이며, 새로운 지식 및 트랜드를 빠르게 학습, 적용하시는 분 • 커뮤니케이션 역량이 탁월하며 퍼실리테이터로써 동기부여하는 능력을 갖추신 분 • 팀워크에 강하고, 다각도의 문제해결 능력을 보유하신 분 • 목표 달성을 위해 끊임없이 고민하고 실행하실 수 있는 분 [우대사항] • IT기업, Start-up, 외국계 기업에서 인사운영 전반을 경험해보신 분 • 비즈니스 영어 능력을 보유하신 분 [4DREPLAY 일하는 방식] • 공유합니다. Asana를 통해 모든 업무는 프로젝트화 하여 공유합니다. • 소통합니다. Teams를 통해 글로벌 임직원들과 유기적이며 즉각적으로 소통합니다. • 함께 경험합니다. 4DREPLAY만의 문화로 함께 즐거움을 경험합니다. [4DREPLAY 복지] • 유연근무시간제도 (여유로운 출근시간 오전 7~10시) • 임직원 통신비 지원 • 종합 검진 지원 (배우자 포함) • 교육비 및 체력 단련비 지원 • 우수사원 포상, 회식비 지원 • 고급커피, 티, 간식 무한 제공 • 안마의자, 카페테리아, 휴게실 제공 • 임직원 자녀 학자금 지원 First Name * Last Name * Email * Address * Phone * CV | Resume * Allowed Type(s): .pdf, .doc, .docx Additional File Are you willing to relocate? * Yes No Will you now or in the future require visa sponsorship? * Yes No What languages do you speak? * Please specify any professional certificates you have. ​ USA (HQ) +1 (650) 706 0645 2287 Palm Place, San Mateo, CA 94403 ​ KOREA ​ +82 (31) 714 8281 1F, N Tower Garden, 26 Hwangsaeul-ro 200beon-gil, Bundang-gu, Seongnam-si, Gyeonggi-do 13595 ​ JAPAN ​ +81 (3) 6228 3244 3F, NK Green Building, 2 Chome-28-12 Asakusabashi, Taito City, Tokyo, 111-0053 © 2021 4DREPLAY","] (경력) HR경력 최소 7년 이상이신 분 도전적 마인드로 적극적이며, 새로운 지식 및 트랜드를 빠르게 학습, 적용하시는 분 커뮤니케이션 역량이 탁월하며 퍼실리테이터로써 동기부여하는 능력을 갖추신 분 팀워크에 강하고, 다각도의 문제해결 능력을 보유하신 분 목표 달성을 위해 끊임없이 고민하고 실행하실 수 있는 분 [","PARTNERS PRODUCT 4DReplay 4DLive PRESS SOCIAL MEDIA CAREERS CONTACT PARTNERS PRODUCT 4DReplay 4DLive PRESS SOCIAL MEDIA CAREERS CONTACT HR Manager [업무 내용] • HR팀 전반: HR Data 관리, Creating Experience in 4DREPLAY • 전사 주도적 커뮤니케이션 • 기간별 인사 제도 기획 및 실행 • 조직 역량 강화 평가/보상 등 시스템 기획 및 운영 • 기타 노무 관련 이슈 대응 및 관리 [자격 요건] (경력) • HR경력 최소 7년 이상이신 분 • 도전적 마인드로 적극적이며, 새로운 지식 및 트랜드를 빠르게 학습, 적용하시는 분 • 커뮤니케이션 역량이 탁월하며 퍼실리테이터로써 동기부여하는 능력을 갖추신 분 • 팀워크에 강하고, 다각도의 문제해결 능력을 보유하신 분 • 목표 달성을 위해 끊임없이 고민하고 실행하실 수 있는 분 [우대사항] • IT기업, Start-up, 외국계 기업에서 인사운영 전반을 경험해보신 분 • 비즈니스 영어 능력을 보유하신 분 [4DREPLAY 일하는 방식] • 공유합니다. Asana를 통해 모든 업무는 프로젝트화 하여 공유합니다. • 소통합니다. Teams를 통해 글로벌 임직원들과 유기적이며 즉각적으로 소통합니다. • 함께 경험합니다. 4DREPLAY만의 문화로 함께 즐거움을 경험합니다. [4DREPLAY 복지] • 유연근무시간제도 (여유로운 출근시간 오전 7~10시) • 임직원 통신비 지원 • 종합 검진 지원 (배우자 포함) • 교육비 및 체력 단련비 지원 • 우수사원 포상, 회식비 지원 • 고급커피, 티, 간식 무한 제공 • 안마의자, 카페테리아, 휴게실 제공 • 임직원 자녀 학자금 지원 First Name * Last Name * Email * Address * Phone * CV | Resume * Allowed Type(s): .pdf, .doc, .docx Additional File Are you willing to relocate? * Yes No Will you now or in the future require visa sponsorship? * Yes No What languages do you speak? * Please specify any professional certificates you have. ​ USA (HQ) +1 (650) 706 0645 2287 Palm Place, San Mateo, CA 94403 ​ KOREA ​ +82 (31) 714 8281 1F, N Tower Garden, 26 Hwangsaeul-ro 200beon-gil, Bundang-gu, Seongnam-si, Gyeonggi-do 13595 ​ JAPAN ​ +81 (3) 6228 3244 3F, NK Green Building, 2 Chome-28-12 Asakusabashi, Taito City, Tokyo, 111-0053 © 2021 4DREPLAY All rights reserved","","교육비","","","파트타임","","","","","active","2026-04-04T04:16:12.821791","2026-04-04T04:16:12.821817","True"
"301","622","포디리플레이코리아(주)","Web Back-End Engineer","https://4dreplay.com/jobs/web-back-end-%ea%b0%9c%eb%b0%9c%ec%9e%90","내용] B2B2C, D2C 서비스 OTT 플랫폼 백엔드 개발 로그 데이터 통합 및 분석 서비스 품질 향상을 위한 최적화 작업 [","PARTNERS PRODUCT 4DReplay 4DLive PRESS SOCIAL MEDIA CAREERS CONTACT PARTNERS PRODUCT 4DReplay 4DLive PRESS SOCIAL MEDIA CAREERS CONTACT Web Back-End Engineer [주요 업무 내용] • B2B2C, D2C 서비스 OTT 플랫폼 백엔드 개발 • 로그 데이터 통합 및 분석 • 서비스 품질 향상을 위한 최적화 작업 [자격 요건] [서비스 경력부분] • 앱스토어(애플,구글)에 실제로 등록되어있는 서비스 백앤드 개발 경력 보유 • AWS, GCP, Asure 서비스 배포 경력 [프로그래밍 언어부분] • node.js, express [DB부분 (아래 항목중 1개 이상)] • MySQL • MsSQL • PostgreSQL • MongoDB [4DREPLAY 일하는 방식] • 공유합니다. Asana를 통해 모든 업무는 프로젝트화 하여 공유합니다. • 소통합니다. Teams를 통해 글로벌 임직원들과 유기적이며 즉각적으로 소통합니다. • 함께 경험합니다. 4DREPLAY만의 문화로 함께 즐거움을 경험합니다. [4DREPLAY 복지] • 유연근무시간제도 (여유로운 출근시간 오전 7~10시) • 임직원 통신비 지원 • 종합 검진 지원 (배우자 포함) • 교육비 및 체력 단련비 지원 • 우수사원/장기근속 포상, 동호회 지원, 회식비 지원 • 고급커피, 티, 간식 무한 제공 • 안마의자, 카페테리아, 휴게실 제공 • 임직원 자녀 학자금 지원 First Name * Last Name * Email * Address * Phone * CV | Resume * Allowed Type(s): .pdf, .doc, .docx Additional File Are you willing to relocate? * Yes No Will you now or in the future require visa sponsorship? * Yes No What languages do you speak? * Please specify any professional certificates you have. ​ USA (HQ) +1 (650) 706 0645 2287 Palm Place, San Mateo, CA 94403 ​ KOREA ​ +82 (31) 714 8281 1F, N Tower Garden, 26 Hwangsaeul-ro 200beon-gil, Bundang-gu, Seongnam-si, Gyeonggi-do 13595 ​ JAPAN ​ +81 (3) 6228 3244 3F, NK Green Building, 2 Chome-28-12 Asakusabashi, Taito City, Tokyo, 111-0053 © 2021 4DREPLAY All rights reserved","","","교육비","","","파트타임","","","","","active","2026-04-04T04:16:32.693660","2026-04-04T04:16:32.693681","True"
"302","648","주식회사 오아시스비즈니스","채용 :: 오아시스비즈니스","https://oasisbusiness.co.kr/careers","프롭핀테크 업계로 JUMP-UP 하실 인재를 모십니다. 오아시스비즈니스는 부동산(Property)과 금융(Finance) 산업을 기술(Technoloygy)로 해결하고자 하는 프롭핀테크(PropFinTech) 스타트업입니다. Growth 성장 잠재력 Growth 성장 잠재력 Strategy 전략적 투자 Strategy 전략적 투자 Valuation 기업가치 상승 Valuation 기업가치 상승 Partnership 파트너십 구축 Partnership 파트너십 구축 지금 채용 중인 포지션 보러 가기 프롭핀테크 업계로 JUMP-UP 하실 인재를 모십니다. 오아시스비즈니스는 부동산(Property)과 금융(Finance) 산업을 기술(Technoloygy)로 해결하고자 하는 프롭핀테크(PropFinTech) 스타트업입니다. Growth 성장 잠재력 Growth 성장 잠재력 Strategy 전략적 투자 Strategy 전략적 투자 Valuation 기업가치 상승 Valuation 기업가치 상승 Partnership 파트너십 구축 Partnership 파트너십 구축 지금 채용 중인 포지션 보러 가기 채용 프로세스 서류 전형 업무 경험 및 직무 역량을 알 수 있는 자유 형식의 포트폴리오 제출 출 1차 면접(실무진) 제출한 자기소개서와 포트폴리오 기반의 실무 면접 진행 2차 면접(대표이사) 필요시 임원진 최종 면접 진행되며, 일부 직군은 생략됨 최종 합격 및 처우 협의 인사 담당자를 통해 입사 일정 및 입사 전 준비 사항 등 안내 출 지금 지원하기 채용 프로세스 서류 전형 업무 경험 및 직무 역량을 알 수 있는 자유 형식의 포트폴리오 제출 출 1차 면접(실무진) 제출한 자기소개서와 포트폴리오 기반의 실무 면접 진행 2차 면접(대표 이사) 필요시 임원진 최종 면접 진행되며, 일부 직군은 생략됨 최종합격 및 처우협의 인사 담당자를 통해 입사 일정 및 입사 전 준비 사항 등 안내 지금 지원하기 복리후생 안내 시차 출퇴근제 점심 식대 지급 야근 수당 지급 자기개발비 지원 반기당 인센티브 지급 복리후생 안내 시차 출퇴근제 유연한 출근 시간(08:00~10:00)으로, 팀원들과의 협업 관계 속에서 자신이 일하는 시간을 스스로 설정해 나갈 수 있습니다. 점심 식대 지급 비플페이 식권 앱을 사용중입니다. 제로페이가 되는 곳이라면 어디에서든 점심식사가 가능합니다. 야근 수당 지급 불가피한 야근이 생긴다면 야근 수당(연장 근로 수당)을 지원합니다. 자기개발비 지원 구성원의 지식이나 재능을 발달하게 하는 모든 자기개발 활동을 아낌없이 지원해드립니다. 반기당 인센티브 지급 6개월에 한번씩 성과 평가 진행 후 연봉의 최대 5% 인센티브를 지급합니다. Apply to join Team OASIS! 오아시스비즈니스와 함께 건설부동산 시장을 혁신하고 함께 성장해나갈 인재를 모십니다. 채용 지원하기 Apply to join Team OASIS! 오아시스비즈니스와 함께 건설부동산 시장을 혁신하고 함께 성장해나갈 인재를 모십니다. 채용 지원하기 Solution AI Data Voucher Cloud Voucher Open API Contact Careers © 주식회사 오아시스 비즈니스 대표이사 문욱 | 개인정보책임자 이석찬 | 사업자등록번호 194-87-01232 통신판매업신고번호 제2020-서울성동-01163호 본사 서울시 성동구 아차산로38. 2층(성수동1가, 개풍빌딩) 연구소 서울시 강남구 선릉로 667. 5층(논현동, 라이즈스퀘어) 서비스문의 info@oasisbusiness.co.kr | 고객센터 02-456-0990 서비스 이용 약관 | 개인정보 처리방침 Solution AI Data Voucher Cloud Voucher Open API Contact Careers © 주식회사 오아시스비즈니스 | 대표이사 문욱 | 개인정보책임자 이석찬 | 사업자등록번호 194-87-01232 | 통신판매업신고번호 제2020-서울성동-01163호 | 본사 서울시 성동구 연무장5가길25, 415-H12 (성수동2가, 성수역 SK V1 Tower) | 연구소 서울시 강남구 학동로 318. 3층(논현동, 유경빌딩 별관) | 서비스문의 info@oasisbusiness.co.kr | 고객센터 02-456-0990 서비스 이용 약관 | 개인정보 처리방침","","","","식대, 인센티브","","서울","","","","","","active","2026-04-04T04:17:51.783574","2026-04-04T04:17:51.783594","True"
"303","651","(주)칵테일파트너스","(주)칵테일파트너스","https://www.cpsinc.co.kr","알림 뒤로 알림 설정 뒤로 더보기 게시물 알림 내 글 반응 내가 작성한 게시물이나 댓글에 다른 사람이 댓글이나 답글을 작성하면 알려줍니다. 공지사항 사이트에서 보내는 중요한 공지를 실시간으로 알려줍니다. ABOUT SI·SM VFX NEWS CAREERS CONTACT ABOUT SI·SM VFX NEWS CAREERS CONTACT ABOUT SI·SM VFX NEWS CAREERS CONTACT ABOUT COCKTAIL PARTNERS 기술에 상상을 더해 내일의 디지털 경험을 만듭니다 WHO WE ARE (주)칵테일파트너스는 혁신적인 IT 개발과 최신 AI 기술을 결합하여 디자인, 시각효과, 디지털 어셋 DB구축, SI·SM을 개발하는 회사입니다. 다양한 IT 개발 사업을 수행하면서 새로운 기술과 아이디어를 탐구하고 적용함으로써 차별화된 서비스를 제공하고 있습니다. 핵심가치 PARTNERSHIP 우리의 핵심 가치는 창의성, 혁신, 그리고 품질입니다. 비즈니스 요구에 맞는 솔루션을 제공하기 위해 끊임없이 연구하고 개발합니다. 우리는 열린 소통과 협력을 통해 고객과의 파트너십을 중요하게 생각합니다. 고객의 요구를 듣고 이를 충족시키기 위해 최선을 다하는 것을 항상 약속합니다. SERVICES VISUAL EFFECTS SI·SM 시스템 구축 NEW MEDIA 풀 파이프라인 VFX 기획부터 퍼블리쉬까지 풀스텍 개발 실감형 NEW MEDIA 콘텐츠 개발 컨샙, 디자인, 매트페인팅, 프리비즈, 애니매이션, FX 시뮬레이션, 크리처제작, 합성까지 풀 파이프라인 VFX 진행 기획부터, 디자인, 개발, 정보시스템 및 통합 시스템 구축, 솔루션 컨설팅, 운영관리, 유지보수까지 전체적으로 진행 VR 콘텐츠, Dome 콘텐츠, 스피어 콘텐츠 등 기술기반 실감미디어 콘텐츠 개발. SERVICES VISUAL EFFECTS 영화 드라마 풀 파이프라인 VFX 컨샙, 디자인, 매트페인팅, 프리비즈, 애니매이션, FX 시뮬레이션, 크리처제작, 합성까지 풀 파이프라인 VFX 진행 SI·SM 시스템 구축 기획부터 퍼블리쉬까지 풀스텍 개발 기획부터, 디자인, 개발, 정보시스템 및 통합 시스템 구축, 솔루션 컨설팅, 운영관리, 유지보수까지 전체적으로 진행 NEW MEDIA 실감형 NEW MEDIA 콘텐츠 개발 VR 콘텐츠, Dome 콘텐츠, 스피어 콘텐츠 등 기술기반 실감미디어 콘텐츠 개발. 30편 이상 참여 HISTORY 2012년 콘텐츠제작용 디지털 어셋관리 시스템개발을 시작으로 사업영역을 디자인, 시각효과, 게임 클라이언트 개발, 서버개발, SI 구축사업, SM사업, 정보시스템 구축사업으로 사업영역을 확대해 왔습니다. 2026 •PERMITTED TARGET 영화 VFX 메인제작 (Turan LLC) •동궁, 군체 시각효과 제작 진행중 2025 •관리처분계획 타당성 검증 접수 시스템 구축 (한국부동산원) •정보시스템 커스텀 개발 (라온위즈 주식회사) •다이루어질 지니, 레이디두아 등 시각효과 제작(NETFLIX) 2024 •공사비검증 전자접수시스템 개발 (한국부동산원) •기업부설연구소 신설 (고양시 일산동구) 스위트홈3(NETFLIX), 고려거란전쟁(KBS),눈물의여왕 등 참여 2023 •소프트웨어 사업자 신고. 직접생산 확인증명서 발급 •범용 정보시스템 구축 (주식회사 아와소프트) •모바일게임 Z벤저스 관리시스템 구축 (모피어스 주식회사) •무빙, 서울의봄, 노량, 택배기사, 아라문의검 등 시각효과 참여 2022 •SUPER NATURAL 게임개발 참여 (META) •사공이호 메타버스 아이돌 콘텐츠 개발참여 (VA CORP) •한산, 카터, 서울대작전, 수리남, 장진호 전투 시각효과 제작 ~2021 •OTT 디지털콘텐츠 제작외주 (Netflix, 중국영화 40편 이상) •CGI 프로덕션용 통합관리툴 개발 (STEREO CURVE, DEPTH GENERATOR) •중국과학기술원, 중국회사 BAOLIN LIMITED 기술개발 파트너쉽 체결 (2017.5) •벅스봇 이그니션 게임개발 참여 (주관기관: ㈜칵테일미디어) •VIRTUAL REALITY 콘텐츠 개발 (WITH:IN, FOX 미국) •2016 융합콘텐츠제작지원사업 선정 (인천정보산업진흥원) •2015 지역특화 문화콘텐츠 개발사업 선정 (한국콘텐츠진흥위원회) •법인전환 (2015년 6월 16일) 2012 •개인사업자 설립 (2012년 3월 14일) •FOX사 미디어콘텐츠 3D변환 기술제휴 및 외주제작 SI SM 정보화 사업 SI SM 정보화 사업 ABOUT SI SM BUSINESS (주)칵테일파트너스는 정보화 사업 전반에 걸친 폭넓은 경험과 기술 노하우를 보유한 SI SM 전문기업 입니다. SERVICES SI 시스템 구축 통합설계역량 / 무결점 구축 복잡한 비즈니스 요구사항을 분석하여 성장을 고려하여 유연하고 확장성있는 시스템 아키텍처를 고도화된 방법론을 바탕으로 기존 자산과 신규시스템이 완벽한 조화가 될 수 있게 안정적이고 효율적으로 설계하고 구축합니다. SM 시스템 운영 성능 고도화 / 유연한 기술지원 단순 유지보수를 넘어 시스템 성능분석을 통한 지속적인 튜닝과 최적화 솔루션을 제안합니다. 최신 IT트렌드를 반영한 기능개선과 업그레이드로 고객의 비즈니스 경쟁력을 뒷받침합니다. SM 시스템 유지보수 성능최적화 및 예방중심 유지보수 정기적인 시스템 점검과 리스크분석을 통해 잠재적 요인을 사전에 차단하고 시스템 도입부터 노후교체까지 전과정의 이력을 관리하며 주기적인 업데이트와 리소스 튜닝을 통해 변화하는 비즈니스 환경에 최적화된 성능을 제공합니다. SERVICES SI사업 주요서비스 SYSTEM INTEGRATION 시스템 구축 SYSTEM MANAGEMENT 시스템 운영 SYSTEM MAINTENANC E 시스템 유지보수 통합설계역량 / 무결점 구축 성능 고도화 / 유연한 기술지원 성능최적화 및 예방중심 유지보수 복잡한 비즈니스 요구사항을 분석하여 성장을 고려하여 유연하고 확장성있는 시스템 아키텍처를 고도화된 방법론을 바탕으로 기존 자산과 신규시스템이 완벽한 조화가 될 수 있게 안정적이고 효율적으로 설계하고 구축합니다. 단순 유지보수를 넘어 시스템 성능분석을 통한 지속적인 튜닝과 최적화 솔루션을 제안합니다. 최신 IT트렌드를 반영한 기능개선과 업그레이드로 고객의 비즈니스 경쟁력을 뒷받침합니다. 정기적인 시스템 점검과 리스크분석을 통해 잠재적 요인을 사전에 차단하고 시스템 도입부터 노후교체까지 전과정의 이력을 관리하며 주기적인 업데이트와 리소스 튜닝을 통해 변화하는 비즈니스 환경에 최적화된 성능을 제공합니다. 디지털 자산의 체계화에서 국가급 SI 프로젝트의 성공까지 비즈니스의 미래를 설계합니다. 우리는 정교한 디지털 어셋 DB 구축 기술력을 바탕으로 성장을 시작했습니다. 데이터의 가치를 가장 잘 이해하는 전문성을 토대로 현재는 대규모 SI(시스템 통합) 구축 사업으로 영역을 확장하였으며, 수많은 프로젝트를 성공적으로 완수하며 업계의 독보적인 신뢰를 쌓아왔습니다. 기초가 탄탄한 기술력으로 최적의 비즈니스 솔루션을 제공합니다 . SYSTEM INTEGRATION 시스템 구축 수행실적 관리처분계획 타당성 검증 접수시스템 개발 [한국부동산원] 2026년 1월 사업장별 관리처분계획 타당성 검증 자료 DB화 기 구축된 자료를 통한 검증 자료 검색 기능 유권해석(법제처, 국토부) 자료 DB 구축 및 검색 기능 사업별 절차별(분양신청, 공람, 사업시행계획인가일 등) 통계 (내,외부망 연동) 내,외부망 통합관리 시스템으로 업무효율 향상 정보시스템 커스텀 개발 [라온위즈 주식회사] 2025년 4월 데이터베이스 및 아키텍쳐 설계 표준화된 규격이 없는 고유 데이터를 저장하고 관리하기 위한 전용 데이터베이스 구조를 설계 보안 정책이나 트래픽 규모에 맞춰 클라우드 환경을 구축 ERP, 그룹웨어 시스템간의 데이터 동기화시켜 시스템연동 맞춤형 UI/UX 제작. 실무자 맞춤형 데이터 시각화한 대시보드 구현 반응형 웹/앱: 업무환경에 따라 PC, 테블릿, 모바일 등 다양한 기기에서 최적화된 화면제공 공사비검증 전자접수시스템 개발 [한국부동산원] 2024년 12월 (전자접수시스템) 이용자의 편의성 증대를 위한 전자 접수 시스템 개발 (자료관리) 대용량 데이터의 업로드 및 다운로드, 자료의 누락 손실 최소화, 검증 종료 시까지 자료 관리 등 (민원처리) 검증 수수료 계산기 및 공사비 증액 비율 계산기의 활용, 공사비 검증 진행 상황 모니터링 등 (이용자중심) 이용자 중심 UI/UX 개발로 편의성 제공 (내,외부망 연동) 내,외부망 통합관리 시스템으로 업무효율 향상 Z-Vengers Infinity Defense 게임 정보시스템 구축 [모피어스 주식회사] 2022년 10월 그래픽을 뒷받침하는 견고한 서버 아키텍처와 효율적인 데이터 관리가 가능하도록 당사는 수만 명의 동시 접속자를 수용하는 대용량 서버 설계부터, 운영 효율을 극대화하는 정보시스템 구축까지 올인원 솔루션을 제공. 대규모 멀티플레이를 위한 Low-latency 소켓 통신 및 동기화 기술 트래픽 급증 시 자동으로 자원을 확장하는 오토스케일링(Auto-scaling) 설계 RDBMS와 NoSQL(Redis, MongoDB 등)을 결합하여 고속 데이터 처리와 트랜잭션의 안정성을 동시에 확보 (주)칵테일파트너스 일반현황 최근 3개년도 재무현황 2023년 ~ 2025년 자본금: 2억 (2025년 기준) -- 산업전환 시기인 2024년도에 매출액이 감소하였으나 구조조정과 수익다변화를 개선하여 영업이익은 꾸준히 향상중에 있습니다. 신용평가등급확인서 2025년 5월기준 +신용평가 등급은 중소기업 상위 수준의 신용평가 등급인 BB0이고 공공기관 정보화사업 및 유지보수 사업을 기반으로 안정적으로 사업을 운영하고 있습니다. 소프트웨어 개발 확인서 소프트웨어 개발관련 확인서 및 인정서 취득 2020~ 중소기업확인서 취득 2023~ 소프트웨어사업자 일번 현황 관리확인서 취득 2024 ~ 기업부설 연구소 인정서 취득 개발관련 증명서 및 지적재산권 소프트웨어 개발관련 증명서 및 지적재산권 2024~ 직접생산확인증명서 취득(정보시스템 구축 외3종) 2018~ 3D 이미지 처리기술 지적재산권 6종 출원 (북경) 국내외 다양한 IT 프로젝트를 주로 수행하","","Houdini / Yeti / Xgen 활용한 hair 작업 가능한 아티스트 Houdini 로 어셋관련 작업 가능한 아티스트 인체 및 동물 해부학에 대한 이해도가 높은 아티스트 영상의 색감, 레이아웃, 구성 감각이 좋은 아티스트 python 스크립팅 가능한 아티스트 0 1 COMPOSITING (합성아티스트) 관리자 2026 02 24 조회 14","","건강검진, 경조사비","","서울","정규직","2억","","2026-02-10","2026-03-12","active","2026-04-04T04:18:12.959743","2026-04-04T04:18:12.959757","True"
"304","676","(주)메디컬에이아이","Recruit","https://medicalai.com/ko/recruit/?recruit_id=2","Overview AiTiA ECG Center AiTiA ECG Triage AiTiA Series HeartSafe Recruit 진행중인 채용 공고가 2건 있습니다. 상시채용 R&D Center AI Group 상시채용 Data Science MEDICAL GROUP 모집인원 1명 채용포지션 메디컬그룹 DS(Data Science)팀 연구원 직위 연구원 필요 경력 신입지원가능 직무내용 심전도 기반 AI 데이터 분석 및 연구 전반을 주도합니다. · 임상 데이터 정제 및 분석 코호트 구축 - 임상 데이터를 수집하고 정제하며, 연구 목적에 맞는 분석용 데이터셋 구성 - 전자의무기록(EMR), 심전도(ECG), 심초음파(Echo), 혈액검사 등 다양한 의료 데이터를 수집, 정제, 통합 - 연구 목적에 맞는 분석용 코호트 및 테이블 구성 - 데이터 결측치 처리, 변수 전처리, 라벨링 등 분석 준비 업무 수행 · AI 기반 심전도 모델 개발 및 연구 - 자체 파이프라인을 활용한 ECG 신호 기반 딥러닝/머신러닝 모델 실험 및 성능 평가, 결과 분석 - 데이터 라벨링 전략 수립 및 품질 관리 - AI-ECG 모델의 다양한 임상 검증 연구 · 의료 데이터 기반 통계 분석 및 논문화 - 연구 데이터 분석 및 시각화 - 생존분석, 회귀분석 등 의학 통계 분석 수행 - 국내/외 학술지 투고 및 학회 발표용 초록 작성 등 연구 주도적 참여 · 유관 부서 프로젝트 협업 - AI 엔지니어, 기획/디자인 등 조직 내 다양한 팀과 협업하여 데이터 기반 의사결정 지원 우대사항 · PubMed 등재 국제학술지 논문 게재 실적 보유자(주저자·공동저자 포함) · 의료정보학, 디지털 헬스케어, 보건통계 등 관련 전공자 · 의료·헬스케어 데이터 기반 연구 과제 및 임상 연구 참여 경험분 · 전자의무기록(EMR), 심전도(ECG) 등 의료 도메인 데이터 구조에 대한 이해 지원 자격 · 석사 이상 학위 보유자 · R 또는 Python을 활용한 데이터 분석 및 시각화 활용 능력 · 기초 통계분석 (t-test, chi-square, 회귀분석 등)에 대한 이해와 적용 가능 수습기간 3개월 고용형태 정규직 면접형태 대면/온라인: 대면 전형절차 서류 전형 ➜ 실무자 면접(팀장) ➜ 사전 과제/실무 테스트 ➜ 임원진 면접(본부장, 그룹장) ➜ 최종 합격 지원 안내 · 지원서류: 경력 및 자기소개서 · 접수 및 문의: kangsora39@medicalai.com","","· PubMed 등재 국제학술지 논문 게재 실적 보유자(주저자·공동저자 포함) · 의료정보학, 디지털 헬스케어, 보건통계 등 관련 전공자 · 의료·헬스케어 데이터 기반 연구 과제 및 임상 연구 참여 경험분 · 전자의무기록(EMR), 심전도(ECG) 등 의료 도메인 데이터 구조에 대한 이해 지원 자격 · 석사 이상 학위 보유자 · R 또는 Python을 활용한 데이터 분석 및 시각화 활용 능력 · 기초 통계분석 (t-test, chi-square, 회귀분석 등)에 대한 이해와 적용 가능 수습기간 3개월 고용형태 정규직 면접형태 대면/온라인: 대면 전형절차 서류 전형 ➜ 실무자 면접(팀장) ➜ 사전 과제/실무 테스트 ➜ 임원진 면접(본부장, 그룹장) ➜ 최종 합격 지원 안내 · 지원서류: 경력 및 자기소개서 · 접수 및 문의: kangsora39@medicalai.com","서류 전형 ➜ 실무자 면접(팀장) ➜ 사전 과제/실무 테스트 ➜ 임원진 면접(본부장, 그룹장) ➜ 최종 합격 지원 안내 · 지원서류: 경력 및 자기소개서 · 접수 및 문의: kangsora39@medicalai.com","","","","정규직","","","","","active","2026-04-04T04:19:14.170595","2026-04-04T04:19:14.170617","True"
"305","676","(주)메디컬에이아이","Recruit","https://medicalai.com/ko/recruit/?recruit_id=1","Overview AiTiA ECG Center AiTiA ECG Triage AiTiA Series HeartSafe Recruit 진행중인 채용 공고가 2건 있습니다. 상시채용 R&D Center AI Group 지원 기간 상시채용 직무 상세 · 최신 생체신호 관련 AI 기술 논문 서베이를 통한 연구 동향 파악 · 생체신호 데이터를 활용한 질병 진단 AI 모델 개발 및 분석 · 논문 투고 및 학회 발표를 통한 사내 기술 역량 고도화 지원 자격 · PyTorch 등 딥러닝 프레임워크에 익숙하신 분 · 논리적 사고와 자유로운 의견 교류가 가능한 분 · 문제 해결을 위한 도전적인 태도를 지닌 분 · 협업과 원활한 커뮤니케이션을 중시하시는 분 우대사항 · 생체신호(Time-series) 데이터를 활용한 연구 또는 서비스 개발 경험 · LLM을 활용한 심전도 관련 연구 또는 서비스 개발 경험 · SCI급 저널 및 주요 국제 학회 논문 게재 경험 · 컴퓨터공학등 관련 분야 석사 이상 학위 보유자 채용 절차 1. 서류 전형 2. 1차 면접 3. 2차 면접 4. 임원 면접 5. 최종 합격 및 처우 협의 근무 조건 · 고용 형태: 정규직 (필요 시 인턴십 후 정규직 전환 가능) · 근무 제도: 주 5일 / 일 8시간 자율 유연근무제 · 급여 조건: 면접 후 협의 지원 안내 · 지원서류: 경력 및 자기소개서 · 접수 및 문의: boboy18@medicalai.com 상시채용 Data Science MEDICAL GROUP","","Overview AiTiA ECG Center AiTiA ECG Triage AiTiA Series HeartSafe Recruit 진행중인 채용 공고가 2건 있습니다. 상시채용 R&D Center AI Group 지원 기간 상시채용 직무 상세 · 최신 생체신호 관련 AI 기술 논문 서베이를 통한 연구 동향 파악 · 생체신호 데이터를 활용한 질병 진단 AI 모델 개발 및 분석 · 논문 투고 및 학회 발표를 통한 사내 기술 역량 고도화 지원 자격 · PyTorch 등 딥러닝 프레임워크에 익숙하신 분 · 논리적 사고와 자유로운 의견 교류가 가능한 분 · 문제 해결을 위한 도전적인 태도를 지닌 분 · 협업과 원활한 커뮤니케이션을 중시하시는 분 우대사항 · 생체신호(Time-series) 데이터를 활용한 연구 또는 서비스 개발 경험 · LLM을 활용한 심전도 관련 연구 또는 서비스 개발 경험 · SCI급 저널 및 주요 국제 학회 논문 게재 경험 · 컴퓨터공학등 관련 분야 석사 이상 학위 보유자 채용 절차 1. 서류 전형 2. 1차 면접 3. 2차 면접 4. 임원 면접 5. 최종 합격 및 처우 협의 근무 조건 · 고용 형태: 정규직 (필요 시 인턴십 후 정규직 전환 가능) · 근무 제도: 주 5일 / 일 8시간 자율 유연근무제 · 급여 조건: 면접 후 협의 지원 안내 · 지원서류: 경력 및 자기소개서 · 접수 및 문의: boboy18@medicalai.com 상시채용 Data Science MEDICAL GROUP","1. 서류 전형 2. 1차 면접 3. 2차 면접 4. 임원 면접 5. 최종 합격 및 처우 협의","","","","정규직","급여 조건: 면접 후 협의","","","","active","2026-04-04T04:19:19.389475","2026-04-04T04:19:19.389495","True"
"306","676","(주)메디컬에이아이","Recruit","https://medicalai.com/ko/recruit","Product Overview AiTiA ECG Center AiTiA ECG Triage AiTiA Series HeartSafe Technology Publications Recruit About Contact ko en Recruit 진행중인 채용 공고가 2건 있습니다. 상시채용 R&D Center AI Group 상시채용 Data Science MEDICAL GROUP 메디컬에이아이 서울특별시 강남구 영동대로85길 38 진성빌딩 13층(우편번호 06180) Medical AI Co., Ltd. 13F, 38, Yeongdong-daero 85-gil, Gangnam-gu, Seoul, Republic of Korea contact@medicalai.com, 02-2058-0521","","","","","","서울","","","","","","active","2026-04-04T04:19:26.457006","2026-04-04T04:19:26.457025","True"
"307","734","주식회사 기술법인세종","사이트맵","http://www.sejongict.com/recruitment.do","커뮤니티 인재채용 커뮤니티 자료실 견적 및 문의 FAQ 인재채용 인재채용 인재상 기술 창의와 혁신 Technology Creativity and Innovation 기술에 대한 창의적 사고와 혁신을 통해 기술 품질을 높입니다. 자기 개발과 성장 Self-development and growth 긍정적 마인드로 꾸준한 자기 개발을 통해 기업과 동반성장을 실현합니다. 조직 협력과 소통 Organizational cooperation and communication 최고의 실력과 팀웍으로 조직의 협력과 소통을 선도합니다. 고객 감동과 신뢰 Customer Impression and Trust 고객에게 최고 품질의 서비스로 감동과 신뢰를 제공합니다. 채용안내 입사지원 공지사항 입사지원서로 입사지원 하실수 있습니다. 서류전형 지원자 이력과 경력을 종합적으로 심사합니다. 면접전형 지원자의 역량과 역할, 적성과 인성을 면접을 통해 평가합니다. 신체검사 건강 검진을 통한 근무 가능여부를 판단합니다. 최종합격 모든 전형을 통과한 지원자에게 최종합격 통보 후 채용합니다. 인사제도 채용 정규직 원칙, 계약직(프로젝트성 계약직) 급여 연봉제(추가 년간 성과 인센티브 협의) 평가 개인 역량 및 업적 평가 근무 일근직(주5일제) / 법정공휴일 휴무 복지 4대 보험 및 퇴직금 연차휴가 하계특별휴가 건강검진 상조회 운영 및 동호회 지원 기술사, 기능장 등 자격분야 지원 분기 및 년간 성과자 포상 평가에 따른 연봉제 재협상 제도","","","커뮤니티 인재채용 커뮤니티 자료실 견적 및 문의 FAQ 인재채용 인재채용 인재상 기술 창의와 혁신 Technology Creativity and Innovation 기술에 대한 창의적 사고와 혁신을 통해 기술 품질을 높입니다. 자기 개발과 성장 Self-development and growth 긍정적 마인드로 꾸준한 자기 개발을 통해 기업과 동반성장을 실현합니다. 조직 협력과 소통 Organizational cooperation and communication 최고의 실력과 팀웍으로 조직의 협력과 소통을 선도합니다. 고객 감동과 신뢰 Customer Impression and Trust 고객에게 최고 품질의 서비스로 감동과 신뢰를 제공합니다. 채용안내 입사지원 공지사항 입사지원서로 입사지원 하실수 있습니다. 서류전형 지원자 이력과 경력을 종합적으로 심사합니다. 면접전형 지원자의 역량과 역할, 적성과 인성을 면접을 통해 평가합니다. 신체검사 건강 검진을 통한 근무 가능여부를 판단합니다. 최종합격 모든 전형을 통과한 지원자에게 최종합격 통보 후 채용합니다. 인사제도 채용 정규직 원칙, 계약직(프로젝트성 계약직) 급여 연봉제(추가 년간 성과 인센티브 협의) 평가 개인 역량 및 업적 평가 근무 일근직(주5일제) / 법정공휴일 휴무 복지 4대 보험 및 퇴직금 연차휴가 하계특별휴가 건강검진 상조회 운영 및 동호회 지원 기술사, 기능장 등 자격분야 지원 분기 및 년간 성과자 포상 평가에 따른 연봉제 재협상 제도","건강검진, 인센티브, 퇴직금","","","정규직","급여 연봉제(추가 년간 성과 인센티브 협의","","","","active","2026-04-04T04:20:31.870617","2026-04-04T04:20:31.870639","True"
"308","734","주식회사 기술법인세종","사이트맵","http://www.sejongict.com/businessExperience.do","회사소개 사업경력 회사소개 회사소개 조직도 자격 및 특허 사업실적 사업경력 품질활동 주요고객사 사업경력 SINCE 2004 ~ 2022 (사업명 : 한국도로공사 ITS 교통센터 운영 및 전자통신시설물 유지관리) 기간 내용 발주처 2004.09 ~ 2007.01 영동 ~ 추풍령 고속도로 관로 및 광케이블 설치 공사 2005.10 ~ 2006.12 목천~증약, 2~4공구 관로 및 광케이블 설치 공사 2006.12 ~ 2007.07 경부선 외 3개 노선 CCTV, VMS 구축 공사 실시설계 용역 2007.03 ~ 2007.07 경부선 고속도로 대전 ~ 비룡간 광케이블 증설 구축공사 감리 2007.08 ~ 2007.11 당진 ~ 상주간 고속도로 TTMS 구축공사 감리용역 2007.12 ~ 2008.01 청원 ~ 상주간 TTMS 구축공사 감리용역 2008.05 ~ 2008.06 보은영업소 CCTV 설치 설계용역 2008.06 ~ 2008.07 서해안선 VMS, LCS 확장 구축공사 실시설계 용역 2009.01 ~ 2009.07 충주선 (암안성 ~ 음성) 광케이블 설치 공사 2009.07 ~ 2010.04 대전-당진선 및 서천-공주선 TTMS 구축 공사 2010.03 ~ 2010.12 국도 19호선 봉계터널 TTMS 구축 공사 2010.06 ~ 2010.08 경부선 영동 ~ 옥천간 정보통신시설 이설공사 감리용역 2010.09 ~ 2011.08 충청본부관내 ITS 전자통신시설물 실시설계 용역 2011.09 ~ 2011.10 중부선 교량첨가 통신관로 교체공사 감리용역 2014.08 ~ 2015.03 대전청 국도 ITS 교통정보센터 운영관리용역 사업총괄 2016.04 ~ 2017.12 익산청 국도 ITS 교통정보센터 운영관리용역 사업총괄 2018.01 ~ 2022.05 정보통신구축 및 유지관리 본사 사업총괄","","","","","","대전","","","","","","active","2026-04-04T04:20:35.561833","2026-04-04T04:20:35.561854","True"
"309","746","주식회사 메이사","메이사 채용공고","https://recruit.meissa.ai/31790fe0-0096-45b4-be4e-5ab8fa622dd2","각 포지션 직접 지원은 해당 공고 하단의 버튼 을 통해 진행해주시기 바랍니다. 서류전형 합격자에 한하여 통상적으로 영업일 기준 10일 내 연락드리오니 양해 부탁드리겠습니다. 서류접수 완료 여부 문의건에 대해 별도 답변드리지 않는 점 지원에 참고 부탁드립니다. Product Team 프로덕트 오너 (Product Owner) 경력 채용완료 프로덕트 오너 (Product Owner) 경력 채용완료 iOS 엔지니어 (iOS Engineer) 경력 신입 채용완료 iOS 엔지니어 (iOS Engineer) 경력 신입 채용완료 데브옵스 엔지니어 (DevOps Engineer) AWS ECS AWS S3 Github Action 경력 채용완료 데브옵스 엔지니어 (DevOps Engineer) AWS ECS AWS S3 Github Action 경력 채용완료 안드로이드 엔지니어(Android Engineer) 경력 채용완료 안드로이드 엔지니어(Android Engineer) 경력 채용완료 플러터 엔지니어 (Flutter Engineer) 경력 정규직 채용완료 플러터 엔지니어 (Flutter Engineer) 경력 정규직 채용완료 프론트엔드 엔지니어 (Frontend Engineer) React Typescript 경력 정규직 채용완료 프론트엔드 엔지니어 (Frontend Engineer) React Typescript 경력 정규직 채용완료 QA 엔지니어 (QA Engineer) 경력 정규직 채용완료 QA 엔지니어 (QA Engineer) 경력 정규직 채용완료 프로덕트 디자이너(Product Designer) 경력 채용완료 프로덕트 디자이너(Product Designer) 경력 채용완료 백엔드 엔지니어 (Backend Engineer) Python Django 경력 정규직 채용완료 백엔드 엔지니어 (Backend Engineer) Python Django 경력 정규직 채용완료 프로덕트 오너 (Product Owner) 경력 정규직 채용완료 프로덕트 오너 (Product Owner) 경력 정규직 채용완료 Domestic Business Team 기술영업 담당자 (Technical Sales Manager) 경력 신입 정규직 채용 완료 기술영업 담당자 (Technical Sales Manager) 경력 신입 정규직 채용 완료 기술영업 담당자 (Account Manager) 경력 신입 정규직 채용 완료 기술영업 담당자 (Account Manager) 경력 신입 정규직 채용 완료 기술지원 담당자 (Technical Support Manager) 경력 신입 정규직 채용 완료 기술지원 담당자 (Technical Support Manager) 경력 신입 정규직 채용 완료 드론 오퍼레이터 (Drone Operations Manager) 신입 경력 정규직 채용 완료 드론 오퍼레이터 (Drone Operations Manager) 신입 경력 정규직 채용 완료 R&D Team 컴퓨터 비전 엔지니어(Computer Vision Engineer) Python C++ 경력 채용 완료 컴퓨터 비전 엔지니어(Computer Vision Engineer) Python C++ 경력 채용 완료 소프트웨어 엔지니어 (Software Engineer) 경력 채용 완료 소프트웨어 엔지니어 (Software Engineer) 경력 채용 완료 [전문연구요원 가능] AI 리서치 엔지니어(AI Research Engineer) 경력 채용 완료 [전문연구요원 가능] AI 리서치 엔지니어(AI Research Engineer) 경력 채용 완료 R&D Project Manager 경력 채용 완료 R&D Project Manager 경력 채용 완료 Global Business Development Team 일본 기술지원 담당자 (Global Technical Support Manager) 경력 정규직 채용완료 일본 기술지원 담당자 (Global Technical Support Manager) 경력 정규직 채용완료 일본 마케팅 인턴 (Global Marketing Intern) 신입 전환형인턴 채용완료 일본 마케팅 인턴 (Global Marketing Intern) 신입 전환형인턴 채용완료 일본 CX 담당자 (Global CX Manager) 경력 정규직 채용완료 일본 CX 담당자 (Global CX Manager) 경력 정규직 채용완료 일본사업개발 담당자 (Global Business Development Manager) 경력 정규직 채용중 일본사업개발 담당자 (Global Business Development Manager) 경력 정규직 채용중 Strategy / Marketing Team 전략팀 리드(Strategy Team Lead) 경력 채용 완료 전략팀 리드(Strategy Team Lead) 경력 채용 완료 마케팅 인턴 (Marketing Intern) 신입 인턴 채용 완료 마케팅 인턴 (Marketing Intern) 신입 인턴 채용 완료 전략 매니저 (Strategy Manager) 신입 경력 정규직 채용 완료 전략 매니저 (Strategy Manager) 신입 경력 정규직 채용 완료 전략팀 공공·방산 사업 담당 PM 경력 정규직 채용 완료 전략팀 공공·방산 사업 담당 PM 경력 정규직 채용 완료 B2B Pre-sales 마케팅 매니저 경력 정규직 채용 완료 B2B Pre-sales 마케팅 매니저 경력 정규직 채용 완료 전략팀 인턴 (Strategy Team Intern) 신입 인턴 채용 중 전략팀 인턴 (Strategy Team Intern) 신입 인턴 채용 중 Management planning Team 재무 담당자 (Finance Manager) 경력 채용 완료 재무 담당자 (Finance Manager) 경력 채용 완료 브랜드마케팅 디자이너 (Brand Marketing Designer) Adobe Illustrator Photoshop 경력 채용 완료 브랜드마케팅 디자이너 (Brand Marketing Designer) Adobe Illustrator Photoshop 경력 채용 완료 인사관리 매니저 (HRM Manager) 경력 채용 완료 인사관리 매니저 (HRM Manager) 경력 채용 완료 총무 담당자 (GA Manager) 경력 채용 완료 총무 담당자 (GA Manager) 경력 채용 완료 M eissa Planet 프론트엔드 엔지니어 (Frontend Engineer) React Redux TypeScript 경력 채용 완료 프론트엔드 엔지니어 (Frontend Engineer) React Redux TypeScript 경력 채용 완료 백엔드 엔지니어 (Backend Engineer) Go gRPC 경력 채용 완료 백엔드 엔지니어 (Backend Engineer) Go gRPC 경력 채용 완료 데브섹옵스 엔지니어(DevSecOps Engineer) AWS EKS IaC 경력 채용 완료 데브섹옵스 엔지니어(DevSecOps Engineer) AWS EKS IaC 경력 채용 완료 전략 매니저 (Strategy Manager) 경력 채용 완료 전략 매니저 (Strategy Manager) 경력 채용 완료 전략팀 Junior (인턴/신입) 인턴 신입 채용 완료 전략팀 Junior (인턴/신입) 인턴 신입 채용 완료 전략팀 인턴 (Strategy Team Intern) 신입 인턴 채용 완료 전략팀 인턴 (Strategy Team Intern) 신입 인턴 채용 완료 리서치팀 인턴 (Research Team Intern) 신입 인턴 채용 완료 리서치팀 인턴 (Research Team Intern) 신입 인턴 채용 완료 소프트웨어 엔지니어 (Software Engineer) 경력 정규직 채용 완료 소프트웨어 엔지니어 (Software Engineer) 경력 정규직 채용 완료 다른 내용 살펴보기 메이사 합류여정 자주 묻는 질문 메이사 오시는 길 서울특별시 강남구 봉은사로18길 70, 1F~4F • 2호선 강남역 11번 출구 도보 400m , 9호선 신논현역 4번출구 400m 거리","","","","","","서울","정규직","","","","","active","2026-04-04T04:21:09.442929","2026-04-04T04:21:09.442952","True"
"310","746","주식회사 메이사","자주 묻는 질문","https://recruit.meissa.ai/ca1d0317-6e30-44f7-aa1f-250a5f2d5340","서류전형 마감일이 기재되어있지 않아요! ▪ 별도의 안내가 없다면, 마감일 없이 서류 지원 가능한 상태입니다. ▪ 채용이 완료된 경우에는 해당 포지션이 더 이상 외부에 노출되지 않으니 메이사와 함께 하고 싶다면 지금 바로 지원하세요! 비대면(화상) 인터뷰로 진행이 가능한가요? ▪ 비대면 인터뷰로 진행이 가능합니다. 비대면 인터뷰 진행 시에는 구글 밋(Google Meet) 을 사용하고 있습니다. 다만 2차 컬쳐 인터뷰에서는 대면 인터뷰를 제안 드릴 수 있습니다. 전형 결과는 언제쯤 알 수 있나요? 불합격자에게도 통보가 되나요? ▪ 서류 전형의 경우 합격자에 한해 면접 전형 안내를 드리고 있으며, 불합격 여부는 별도 안내드리지 않고 있습니다. ▪ 서류 전형 이후 인터뷰 전형 단계에서는 영업일 기준 최대 10일 내로 합격/불합격 여부를 안내 드립니다. ▪ 평균 소요 기간은 포지션에 따라 조금씩 상이할 수 있으며, 부득이하게 결과 안내가 늦어지는 경우 별도로 연락을 드리고 있습니다. 이전에 탈락 경험이 있습니다. 재지원이 가능할까요? ▪ 재지원 가능합니다. 최초 지원 후 3개월이 지난 경우, 최신 업데이트 된 이력서를 등록해주세요. ▪ 중복지원은 지양해 주시고 여러 포지션을 희망하신다면 1순위 희망 포지션으로 지원하신 뒤 추가적으로 검토되고자 하는 포지션을 이력서 내 작성해주세요. 인턴/계약직으로 입사한 경우 정규직 전환이 가능한가요? ▪ 메이사의 모든 포지션은 정규직 뿐만 아니라 본인의 의사에 따라 계약직, 파트타임 등 다양한 근무 방식을 함께 논의하실 수 있습니다. ▪ 인턴의 경우 본인의 역량과 업무핏이 메이사와 잘 맞는다면 언제든지 정규직 전환이 가능합니다. 포트폴리오 용량초과, 파일 첨부가 안된다면 어떻게 해야하나요? ▪ 용량초과 등의 이유로 포트폴리오가 첨부가 되지 않는다면 아래 메일로 [지원포지션]_지원자 이름 의 제목과 함께 메일을 보내주세요! 그 외 채용 관련된 모든 질문은 메일로 편하게 문의 주세요! ▪ 메이사 채용에 대해 궁금한 점이 있으시면 언제든 메일로 문의주세요. ▪ 채용문의 : recruit@meissa.ai","","","서류전형 마감일이 기재되어있지 않아요! ▪ 별도의 안내가 없다면, 마감일 없이 서류 지원 가능한 상태입니다. ▪ 채용이 완료된 경우에는 해당 포지션이 더 이상 외부에 노출되지 않으니 메이사와 함께 하고 싶다면 지금 바로 지원하세요! 비대면(화상) 인터뷰로 진행이 가능한가요? ▪ 비대면 인터뷰로 진행이 가능합니다. 비대면 인터뷰 진행 시에는 구글 밋(Google Meet) 을 사용하고 있습니다. 다만 2차 컬쳐 인터뷰에서는 대면 인터뷰를 제안 드릴 수 있습니다. 전형 결과는 언제쯤 알 수 있나요? 불합격자에게도 통보가 되나요? ▪ 서류 전형의 경우 합격자에 한해 면접 전형 안내를 드리고 있으며, 불합격 여부는 별도 안내드리지 않고 있습니다. ▪ 서류 전형 이후 인터뷰 전형 단계에서는 영업일 기준 최대 10일 내로 합격/불합격 여부를 안내 드립니다. ▪ 평균 소요 기간은 포지션에 따라 조금씩 상이할 수 있으며, 부득이하게 결과 안내가 늦어지는 경우 별도로 연락을 드리고 있습니다. 이전에 탈락 경험이 있습니다. 재지원이 가능할까요? ▪ 재지원 가능합니다. 최초 지원 후 3개월이 지난 경우, 최신 업데이트 된 이력서를 등록해주세요. ▪ 중복지원은 지양해 주시고 여러 포지션을 희망하신다면 1순위 희망 포지션으로 지원하신 뒤 추가적으로 검토되고자 하는 포지션을 이력서 내 작성해주세요. 인턴/계약직으로 입사한 경우 정규직 전환이 가능한가요? ▪ 메이사의 모든 포지션은 정규직 뿐만 아니라 본인의 의사에 따라 계약직, 파트타임 등 다양한 근무 방식을 함께 논의하실 수 있습니다. ▪ 인턴의 경우 본인의 역량과 업무핏이 메이사와 잘 맞는다면 언제든지 정규직 전환이 가능합니다. 포트폴리오 용량초과, 파일 첨부가 안된다면 어떻게 해야하나요? ▪ 용량초과 등의 이유로 포트폴리오가 첨부가 되지 않는다면 아래 메일로 [지원포지션]_지원자 이름 의 제목과 함께 메일을 보내주세요! 그 외 채용 관련된 모든 질문은 메일로 편하게 문의 주세요! ▪ 메이사 채용에 대해 궁금한 점이 있으시면 언제든 메일로 문의주세요. ▪ 채용문의 : recruit@meissa.ai Copyright ⓒ Meissa&Meissa Planet. All Rights Reserved","","","","정규직","","","","","active","2026-04-04T04:21:16.813482","2026-04-04T04:21:16.813505","True"
"311","746","주식회사 메이사","메이사 합류여정","https://recruit.meissa.ai/78be6ca5-1a4f-4537-989c-37af063a8d18","메이사 합류여정 요약 • 서류접수 및 검토 > 1차 실무 인터뷰 > 2차 컬쳐 인터뷰 > 합류여부 결정 아래에서는 지원자들께서 단계별 이정표로 삼을 수 있도록 합류여정을 상세히 알려드릴게요. 지원서&이력서 작성하기 지원하고 싶은 포지션을 찾으셨다면 지원서&이력서를 접수해주세요. 메이사는 지원자의 경험 다양성과 개성 표현 을 위하여 틀이 정해지지 않은 이력서를 접수 받고 있어요. 기존에 가지고 있으시던 이력서를 바탕으로 편하게 접수해주세요. 이력서 작성에 어려움을 느끼실 분들을 위해 도움이 되는 몇 가지 사항을 알려드릴게요. • 지원 포지션과 관련이 높은 경험과 역량, 프로젝트를 중심으로 기술해 주세요. ◦ 개발 직군의 경우 기술 스택을 포함하면 더 좋아요. ◦ 상단메뉴 중 “비전과 미션”, “메이사스러움”을 참고하면 더 수월할거에요. • 여러 포지션을 희망하는 경우, 1순위 포지션으로 지원 후 관심 분야를 코멘트로 남겨주세요. • 개인의 출신지역, 가족관계 등 직무와 관계없는 개인 정보는 요구하지 않으니 유의해주세요. • 폰트 깨짐을 방지하기 위해 PDF로 변환된 파일을 접수해주시면 좋아요. 접수해주신 이력서는 실무팀에 전달되어 놓치는 부분이 없도록 꼼꼼히 검토하고 있어요. * 서류전형은 합격자에 한하여 인터뷰 관련 연락을 드리고 있어요. 1차 실무 인터뷰 서류전형 결과 포지션에 적합한 경우 채용 담당자가 유선으로 실무 인터뷰 일정을 조율합니다. 면접 일정과 장소, 도착 시 컨택포인트는 확인메일로 한번 더 알려드리고 있어요. 면접 일정은 최대한 지원자분들께 맞춰서 진행하고 있으며, 주로 메이사 오피스에서 오프라인으로 진행되고 있어요. 실무 인터뷰는 어떻게 진행되는지 알려드릴게요. • 실무 인터뷰는 해당 포지션과 관련성이 높은 팀원 및 팀 리드와 함께하는 실무 중심의 인터뷰에요. 지원자께서 공석인 포지션과 적합한 업무능력, 역량, 기술을 갖추었는지 서로 알아보는 시간이에요. • 1~3명의 실무진과 1시간 내외로 진행되며, 상황에 따라 시간 및 면접 인원은 유동적이에요. • 실무 인터뷰에서는 그동안 경험하셨던 업무 내용, 스킬, 역량 등 실무와 관련된 내용으로 이야기를 나눠요. • 인터뷰가 끝나기 전, 메이사에 대해 궁금한 점을 질문하시면 동석한 실무진이 친절하게 알려드릴거에요. 직무, 업무환경, 복리후생 등 어떤 내용의 질문이라도 좋아요. 직무에 따라 별도의 티타임, 전화 면접, 테스트/과제 전형 등이 추가될 수 있어요. 면접일 기준 10일 이내 이력서에 남겨주신 메일 주소로 결과를 안내드리고 있어요. 2차 컬쳐 인터뷰 컬쳐 인터뷰는 합류여정의 막바지 단계에요. 실무 인터뷰와 마찬가지로 채용 담당자가 유선으로 인터뷰 일정을 조율해요. 컬쳐 인터뷰는 무엇인지 알려드릴게요. • 메이사에 합류하셨을 때 함께 일하게 될 C-Level 과 1:1로 인터뷰를 진행해요. • 서로가 생각하는 커리어의 방향, 문화, 비전 등 컬쳐핏을 확인하는 내용 중심으로 진행해요. • 일방적 정보의 전달이 아닌 쌍방향 의사소통을 목표로 진행되는 인터뷰에요. 내가 성장할 수 있는 곳인지, 나에게 적합한 곳인지 서로 알아가는 최종단계에요. • 메이사의 비전과 사업방향에 대해 궁금한 점이 있다면 편하게 질문해주세요. 컬쳐 인터뷰 결과는 실무 인터뷰와 동일하게 안내드리고 있어요. 근무조건 협의 및 합류 여부 결정 여기까지 오시느라 정말 고생 많으셨어요. 메이사에서 함께 좋은 시너지를 내며 일할 수 있게 되었으면 좋겠어요. 합류 전 메이사에 대해 궁금한 사항이 있다면 언제든 채용 담당자에게 질문해주세요. 근무조건 협의는 이런 단계로 진행해요. • 합류 요청드린다는 연락과 함께 근무조건을 유선으로 전달드려요. • 지원자 분들의 일정을 배려하여 최종합류 일정을 조율하고 확정해요. • 구두로 협의된 내용을 서면화 하여, Offer letter 를 확인차 발송 드려요. ◦ Offer letter에 문제가 있다면, 채용 담당자에게 편하게 연락해주세요. • 입사 서류를 검토하고, 미비된 서류에 대해서는 보완요청을 드려요. • 입사 전 주 목요일 업무계정, 출근시간 등의 정보를 담은 출근 안내 메일을 발송드려요. 메이사에 오신 것을 진심으로 환영합니다! 채용서류 파기 및 반환 안내 • Meissa Group 은 지원자 여러분의 편리하고 원활한 지원을 위해 입사지원서 및 전형 진행과 관련된 모든 서류를 온라인에서 제출 받고 있습니다. • ｢채용절차의 공정화에 관한 법률｣ 제11조(채용서류의 반환 등)에 따라 채용홈페이지 또는 전자우편으로 제출된 전자 채용 서류 및 구직자가 당사의 요구 없이 자발적으로 제출한 서류는 반환 청구 대상에서 제외되며, 천재지변이나 그 밖에 당사에게 책임 없는 사유로 채용서류가 멸실 된 경우에는 반환한 것으로 인정되어 제외 됩니다. • 전자 채용서류는 채용여부 확정일 이후 14일 내 지체 없이 채용서류 일체를 파기합니다.","","","","","","","","","","","","active","2026-04-04T04:21:24.054323","2026-04-04T04:21:24.054349","True"
"312","746","주식회사 메이사","소프트웨어 엔지니어 (Software Engineer)","https://recruit.meissa.ai/18b33042-6a57-43b9-b6ef-012d57e0271a","기술로 세상을 함께 변화 시키는 여정에 함께 할 소프트웨어 엔지니어 (Software Engineer) 를 찾습니다! Meissa Planet Dev팀은 이런 팀 이에요 #유연 #개방 #도전 #코드리뷰 • 팀 구성원간 활발한 의사소통을 기반으로 유연한 의사결정을 내립니다. • 언제든 자유롭게 의견을 제시하거나 도움을 구할 수 있는 개방적인 문화를 가지고 있습니다. • 도전적으로 새로운 기술을 공부하고 적용합니다. • 적극적인 코드 리뷰 문화를 통해 더 나은 방향을 함께 고민합니다. 합류하시면 이런 일 을 함께 해요 위성 영상의 유통부터 분석까지 통합된 서비스를 구축합니다 • 위성 데이터와 SaaS 서비스의 특수성을 이해하며 개발합니다. • 위성 영상을 검색하고 분석할 수 있는 통합 웹 플랫폼을 구축합니다. • 인공위성의 지구관측 영상을 웹에서 볼 수 있도록 api를 개발합니다. • 다양한 AI model들을 위성 영상에 적용할 수 있도록 자동화 파이프라인을 구축합니다. • 인공위성의 지구관측 영상을 웹에서 볼 수 있도록 뷰어(지도 레이어, 3D 뷰어 등)를 개발합니다. • 다양한 AI model들을 검색하고 위성 영상에 적용해 볼 수 있는 웹콘솔을 개발합니다. Meissa Planet 는 이런 분 을 찾고 있어요 업무 수행이 바로 가능한 분을 찾고 있어요 • 실무 경력 3년 이상, 또는 그에 준하는 역량을 보유하신 분 • 다음 중 하나 이상의 역량을 보유하신 분 ◦ Backend 관련 프로그래밍 언어 및 프레임워크 (Golang, Python 등) ◦ Frontend 관련 프로그래밍 언어 및 프레임워크 (Typescript, Next.js 등) • 풀스택 개발에 의지가 있으신분 • 마이크로서비스 아키텍쳐와 REST, gRPC 등 서비스 간 통신에 대한 이해가 있으신 분 • 기획, 디자인, 개발 등 다양한 직군과 같이 문제를 정의하고 해결책을 찾아나갈 수 있는 협업 능력을 갖춘 분 이런 성향, 경험 을 가지셨다면 더욱 좋아요 업무 적응 & 수행에 도움이 되는 경험이지만, 지원 필수 자격은 아니에요 • 영상 데이터나 GIS 데이터를 활용한 개발 경험 • AWS 및 클라우드 개발 및 운영 경험 • 지도 관련 라이브러리(leaflet, openlayers, 네이버 지도, 카카오 지도 등) 활용 경험이 있으신 분 • Next.js, TypeScript를 이용한 개발 및 운영 경험이 있으신 분 • Golang 실무 개발 경험 • gRPC 실무 개발 경험 근무형태 월 ~ 금 (주 5일, 주 40시간) • 08:00 ~ 11:00 유연출근, 6시간 근무 후 퇴근 가능 (자율 근무) • 주 2회 재택근무, 주 3회 사무실 출근 (3개월 수습기간 종료 후) 합류여정 을 안내해드릴게요 서류접수 및 검토 > 1차 실무 인터뷰 > 2차 컬쳐 인터뷰 > 합류여부 결정 • 단계별 자세한 내용이 궁금하다면? 메이사 합류여정 클릭! 기타 채용 문의 : recruit@meissa.ai","","","","재택근무","","","","","","","","active","2026-04-04T04:21:32.518624","2026-04-04T04:21:32.518654","True"
"313","746","주식회사 메이사","리서치팀 인턴 (Research Team Intern)","https://recruit.meissa.ai/627a92ef-4999-477a-b2b0-79bece8fa772","공간 정보 로 인류의 첫 걸음을 편리하게 ! 기술로 세상을 함께 변화 시키는 여정에 함께 할 리서치팀 인턴 을 찾습니다! 메이사 플래닛 리서치는 이런 팀이예요! • 위성영상 전처리/후처리, 분석 서비스에 적용할 AI 모델을 탐색하고 학습합니다. • 기존 기술로 풀기 어려운 문제를 찾아내고 정의하며, 해결하기 위해 AI 기술을 연구/개발합니다. • AI 모델의 방향성 설정을 위해 시장의 동향과 선행 연구를 조사/분석합니다. • 모델 고도화를 위한 연구/개발을 수행합니다. • 연구 결과물을 논문 및 특허 형태로 pubilsh합니다. 합류하시면 이런 일을 함께 해요! • 실제 위성 영상 유통/분석 서비스에서 겪는 문제를 발견하고 정의합니다. • 위성 영상 유통/분석 서비스의 문제에 적용 할 수 있는 AI 기술을 연구/개발 합니다. • GIS 및 위성영상 데이터를 처리하고 AI 모델을 학습 및 배포하는 환경을 구축합니다. • 논문 및 특허를 통한 연구 결과를 publish합니다. • 사내외 연구진들과의 공동연구를 수행합니다. 메이사 플래닛은 이런 분을 찾고 있어요! • 대학 재학, 휴학, 졸업 예정, 졸업자이신 분 • 책임감이 강하고 꼼꼼하고 성실한 성격을 가지신 분 • 성장하는 조직에서, 함께 의미있는 결과를 만들어내는 챌린지한 과정을 즐기시는 분 • AI에 대한 전문 지식을 갖추고 관련 프로젝트 경험이 있으신 분 • Pytorch, Tensorflow 등의 프레임워크에서 AI 모델 개발 역량을 갖추신 분 • 최신 AI 연구 기술이 대한 이해를 바탕으로 스스로 문제를 정의하고 연구 방향을 제시할 수 있는 연구개발 리더십과 열정을 가지신 분 • 다른 팀원들과 원활한 커뮤니케이션이 가능하신 분 이런 성향, 경험을 가지셨다면 더욱 좋아요! • 초기 스타트업, 창업에 대한 관심이 많으신 분 • 주도적으로 자신의 업무 영역을 개척해나가는 분 • 성장하는 환경에서 빠르게 적응하고 다양한 역할 수행이 가능한 분 • AI 모델 관련 프로젝트 경험 • GIS 및 위성영상 또는 영상 처리에 관심이 많으신 분 • 실제 제품에 적용된 AI 모델의 연구/프로젝트 경험 소유자 메이사 Crew Benefit! 합류여정을 안내해드릴게요! 전형 절차 • 서류 전형 → 1차 실무 인터뷰 → 2차 컬쳐 인터뷰 → 최종 합격 1차 실무 인터뷰 • 해당 포지션과 업무 연관성이 높은 팀원 및 소속리더와 함께 하는 실무 위주 인터뷰예요! • 1~3명의 팀원과 1시간 내외로 진행되며 상황에 따라 시간 및 면접 인원은 유동적이랍니다! • 그동안 경험하셨던 업무 내용, 스킬 등 실무에 관한 내용 위주로 구성된답니다! 2차 컬쳐핏 인터뷰 • 메이사의 C-Level 1분과 피플매니저 등 총 3분 내외의 분과 함께하는 인터뷰예요! • 서로가 생각하는 커리어의 방향, 문화, 비전 등 컬쳐핏을 확인하는 내용으로 구성된답니다! 메이사를 더 알아보세요! 메이사 소개 메이사가 일하는 방식 메이사 오피스 투어 메이사 채용공고 메이사의 복지혜택 Meissa Planet News : 메이플 뉴스 메이사가 걸어온 길 메이사 오시는 길! 채용 문의 : recruit@meissa.ai • 채용 관련 문의사항이 있다면 편하게 연락주세요! 오피스 : 서울특별시 강남구 봉은사로18길 70, 1F~5F • 2호선 강남역 11번 출구 도보 400m , 9호선 신논현역 4번출구 400m 거리에 위치해있습니다!","","","공간 정보 로 인류의 첫 걸음을 편리하게 ! 기술로 세상을 함께 변화 시키는 여정에 함께 할 리서치팀 인턴 을 찾습니다! 메이사 플래닛 리서치는 이런 팀이예요! • 위성영상 전처리/후처리, 분석 서비스에 적용할 AI 모델을 탐색하고 학습합니다. • 기존 기술로 풀기 어려운 문제를 찾아내고 정의하며, 해결하기 위해 AI 기술을 연구/개발합니다. • AI 모델의 방향성 설정을 위해 시장의 동향과 선행 연구를 조사/분석합니다. • 모델 고도화를 위한 연구/개발을 수행합니다. • 연구 결과물을 논문 및 특허 형태로 pubilsh합니다. 합류하시면 이런 일을 함께 해요! • 실제 위성 영상 유통/분석 서비스에서 겪는 문제를 발견하고 정의합니다. • 위성 영상 유통/분석 서비스의 문제에 적용 할 수 있는 AI 기술을 연구/개발 합니다. • GIS 및 위성영상 데이터를 처리하고 AI 모델을 학습 및 배포하는 환경을 구축합니다. • 논문 및 특허를 통한 연구 결과를 publish합니다. • 사내외 연구진들과의 공동연구를 수행합니다. 메이사 플래닛은 이런 분을 찾고 있어요! • 대학 재학, 휴학, 졸업 예정, 졸업자이신 분 • 책임감이 강하고 꼼꼼하고 성실한 성격을 가지신 분 • 성장하는 조직에서, 함께 의미있는 결과를 만들어내는 챌린지한 과정을 즐기시는 분 • AI에 대한 전문 지식을 갖추고 관련 프로젝트 경험이 있으신 분 • Pytorch, Tensorflow 등의 프레임워크에서 AI 모델 개발 역량을 갖추신 분 • 최신 AI 연구 기술이 대한 이해를 바탕으로 스스로 문제를 정의하고 연구 방향을 제시할 수 있는 연구개발 리더십과 열정을 가지신 분 • 다른 팀원들과 원활한 커뮤니케이션이 가능하신 분 이런 성향, 경험을 가지셨다면 더욱 좋아요! • 초기 스타트업, 창업에 대한 관심이 많으신 분 • 주도적으로 자신의 업무 영역을 개척해나가는 분 • 성장하는 환경에서 빠르게 적응하고 다양한 역할 수행이 가능한 분 • AI 모델 관련 프로젝트 경험 • GIS 및 위성영상 또는 영상 처리에 관심이 많으신 분 • 실제 제품에 적용된 AI 모델의 연구/프로젝트 경험 소유자 메이사 Crew Benefit! 합류여정을 안내해드릴게요! 전형 절차 • 서류 전형 → 1차 실무 인터뷰 → 2차 컬쳐 인터뷰 → 최종 합격 1차 실무 인터뷰 • 해당 포지션과 업무 연관성이 높은 팀원 및 소속리더와 함께 하는 실무 위주 인터뷰예요! • 1~3명의 팀원과 1시간 내외로 진행되며 상황에 따라 시간 및 면접 인원은 유동적이랍니다! • 그동안 경험하셨던 업무 내용, 스킬 등 실무에 관한 내용 위주로 구성된답니다! 2차 컬쳐핏 인터뷰 • 메이사의 C-Level 1분과 피플매니저 등 총 3분 내외의 분과 함께하는 인터뷰예요! • 서로가 생각하는 커리어의 방향, 문화, 비전 등 컬쳐핏을 확인하는 내용으로 구성된답니다! 메이사를 더 알아보세요! 메이사 소개 메이사가 일하는 방식 메이사 오피스 투어 메이사 채용공고 메이사의 복지혜택 Meissa Planet News : 메이플 뉴스 메이사가 걸어온 길 메이사 오시는 길! 채용 문의 : recruit@meissa.ai • 채용 관련 문의사항이 있다면 편하게 연락주세요! 오피스 : 서울특별시 강남구 봉은사로18길 70, 1F~5F • 2호선 강남역 11번 출구 도보 400m , 9호선 신논현역 4번출구 400m 거리에 위치해있습니다!","","","서울","인턴","","","","","active","2026-04-04T04:21:39.097807","2026-04-04T04:21:39.097834","True"
"314","746","주식회사 메이사","인사관리 매니저 (HRM Manager)","https://recruit.meissa.ai/d8fb571b-6f9a-4f5b-a430-5515e74dd649","기술로 세상을 함께 변화 시키는 여정에 함께 할 인사관리 매니저 (HRM Manager) 를 찾습니다! 메이사 경영기획팀 은 이런 팀 이에요 HR(인사), FA(재무회계), GA(총무) 매니저가 모여있는 팀이에요. • 회사 운영 업무와 내외부 공식적인 커뮤니케이션을 담당하고 있어요. • 사내 제도 및 규정 기획, 시행, 지원 업무를 총괄하고 있어요. 합류하시면 이런 일 을 함께 해요 인사관리 업무 전반을 수행해요 • 채용업무 ◦ 사람인, 잡코리아, 원티드, 자체 채용페이지 등을 운영하며 우수한 인재를 모집해요 ◦ 면접진행, 입사오퍼, 온보딩 업무를 기획하고 수행해요. • 보상업무 ◦ 노무법인과 협업하여 급여 및 퇴직금 업무를 수행해요 ◦ 근로계약 및 각종 계약을 체결하고 관리해요 ◦ 매년 연봉협상을 위한 기초자료를 작성해요 • 개발 및 평가업무 ◦ 매년 이루어지는 법정 의무교육을 실시하고 수료를 독려해요 ◦ 연 2회 구성원 성장을 위한 3중(직무, 공통, 리더십) 역량 및 성과 평가를 기획하고 실시해요 ◦ 연 2회 조직에 대한 만족도 평가를 진행하고 결과를 분석 및 공유해요 • 운영업무 ◦ 노무 ▪ 매 분기 메이사 노사협의회 회의를 열어요 ▪ 취업규직과 각 종 사내규정을 제개정하고 관리해요 ▪ 기존 재직자와 신규 입사자의 연차촉진을 실시해요 ▪ 근로감독 등 비정기적인 인사 이슈에 대응해요 ◦ 복지 ▪ 다양한 복리후생 제도를 도입하고 만족도 제고를 위해 고민해요 ▪ 각종 기업 인증을 신청하고 관리해요 ◦ 문화 ▪ 사내문화를 기획하고 전파해요 ▪ 조직문화 핸드북을 개정하고 관리해요 • 행정업무 ◦ 정부지원사업 인건비 정산 보조 등 메이사는 이런 분 을 찾고 있어요 스타트업 HR 업무 경력이 최소 2년 ~ 최대 5년 이하이신 분 • 역량 및 성과 평가 시스템을 기획하고 운영해보신 경험이 있으신 분 • Google Workspace를 비롯한 협업툴(Slack, Notion, flex) 사용 경험이 있으신 분 • 다양한 이해관계자와 원활한 커뮤니케이션이 가능하신 분 • 셀프매니징하며 자유로운 환경에서 업무가 가능하신 분 이런 성향, 경험 을 가지셨다면 더욱 좋아요 주도적으로 자신의 업무 영역을 개척해본 경험이 있으신 분 • 빠르게 성장하는 환경에서 적응하고 다양한 역할 수행이 가능한 분 • 노동관계법률에 대한 지식을 보유하신 분 • 여러 상황에 대해 유연한 대처 능력을 가지신 분 근무형태 월 ~ 금 (주 5일, 주 40시간) • 08:00 ~ 11:00 유연출근, 6시간 근무 후 퇴근 가능 (자율 근무) • 주 2회 재택근무, 주 3회 사무실 출근 (3개월 수습기간 종료 후) 합류여정 을 안내해드릴게요 서류접수 및 검토 > 1차 실무 인터뷰 > 2차 컬쳐 인터뷰 > 합류여부 결정 • 단계별 자세한 내용이 궁금하다면? 메이사 합류여정 ← 클릭! 기타 채용 문의 : recruit@meissa.ai","","","","재택근무, 퇴직금","","","계약직","","","","","active","2026-04-04T04:22:20.008223","2026-04-04T04:22:20.008246","True"
"315","746","주식회사 메이사","브랜드마케팅 디자이너 (Brand Marketing Designer)","https://recruit.meissa.ai/2ad1f2ab-ecd0-4ccb-80bc-6b0270b73a8f","공간 정보 로 인류의 첫 걸음 을 편리하게! 기술로 세상을 함께 변화 시키는 여정에 함께 할 브랜드마케팅 디자이너 (Brand Marketing Designer) 를 찾습니다! 메이사 전략운영팀은 이런 팀이에요! • 회사가 운영되기 위한 전반적인 HR/행정/PR/전략 프로세스와 조직 문화를 관리합니다. • 지속가능한 스마트건설 생태계를 만들어가기 위해 시장을 조사하고 전략을 기획합니다. • 일관된 보이스를 가지고 회사 내외부 공식적인 커뮤니케이션을 담당합니다. • 스마트건설 시장의 고객들을 직간접적으로 만나며 프로덕트팀의 PO셀과 함께 니즈를 발굴합니다. • 고객들의 니즈를 발굴하고 적절한 제품 솔루션을 제안합니다. • 스마트건설을 처음 접하는 고객들의 어려움을 이해하고, 메이사 제품을 원활히 활용할 수 있도록 지원합니다. 합류하시면 이런 일을 함께 해요! • 전략운영팀 소속으로 일하며, 일관적인 기업 브랜딩을 유지하기 위한 시안물 작업을 총괄합니다. • 특수한 비즈니스 목표를 이해하며 디자인합니다. • 디자인을 통해 건설 업계 고객층과 커뮤니케이션 합니다. • 내부로는 메이사의 조직 문화와 관련된 시안물을 디자인합니다. • 서비스 확장에 따른 시각물을 디자인합니다. • 메이사 제품 홍보에 필요한 온, 오프라인 마케팅 제작물을 디자인합니다. • 내외부용 인쇄물을 제작하고 관리합니다. • PR 담당자와 함께 외부와 소통하는 자료를 기획하고 제작합니다. • 브랜드 아이덴티티를 유지보수합니다. • 필요 시, 프로덕트팀의 Product Design 셀과 협업합니다. 메이사는 이런 분을 찾고 있어요! • 브랜드 디자인 경력 1년 이상 또는 그에 준하는 실무 경험이 있는 분 • Adobe Illustrator, Photoshop 등 디자인 툴 상급 활용 능력 • 스스로 배우고 매니징 하기를 원하고 잘하시는 분 • 다른 직군 팀원들과 원활하게 소통하실 수 있는 분 • 작업물의 목표를 잘 이해하고 일정 관리에 능숙한 분 • 건설 업계나 회사의 비즈니스에 관심이 많으신 분 이런 성향, 경험을 가지셨다면 더욱 좋아요! • 컨텐츠의 맥락을 이해하고, 산출물에 대해 구성원들에게 설명할 수 있으신 분 • IT 제품 개발과 비즈니스 임팩트를 함께 이해하며 디자인하기를 원하고 잘하시는 분 • 아이디어를 시각화하는 실행력이 뛰어나신 분 • 메이사에서 사용하는 툴에 익숙하신 분 (Notion, Slack, Figma, Adobe, Google Drive 등) • 뉴스레터 발행 경험이 있으신 분 • 영상 콘텐츠 기획 및 제작 경험이 있거나, 편집툴 활용이 가능하신 분 • 조직 문화를 함께 만들어가는 데 관심이 많으신 분 메이사 Crew Benefit! 합류여정을 안내해드릴게요! 전형 절차 • 서류 전형 → 1차 실무 인터뷰 > 2차 컬쳐 인터뷰 > 최종 합격 1차 실무 인터뷰 • 해당 포지션과 업무 연관성이 높은 팀원 및 소속리더와 함께 하는 실무 위주 인터뷰예요! • 1~3명의 팀원과 1시간 내외로 진행되며 상황에 따라 시간 및 면접 인원은 유동적이랍니다! • 그동안 경험하셨던 업무 내용, 스킬 등 실무에 관한 내용 위주로 구성된답니다! 2차 컬쳐핏 인터뷰 • 메이사의 C-Level 1분과 피플매니저 등 총 3분 내외의 분과 함께하는 인터뷰예요! • 서로가 생각하는 커리어의 방향, 문화, 비전 등 컬쳐핏을 확인하는 내용으로 구성된답니다! 메이사를 더 알아보세요! 메이사 소개 메이사가 일하는 방식 메이사 오피스 투어 메이사 채용공고 메이사의 복지혜택 메이사가 걸어온 길 메이사 오시는 길! 채용 문의 : recruit@meissa.ai • 채용 관련 문의사항이 있다면 편하게 연락주세요! 오피스 : 서울특별시 강남구 봉은사로18길 70, 1F~5F • 2호선 강남역 11번 출구 도보 400m , 9호선 신논현역 4번출구 400m 거리에 위치해있습니다!","","","• 서류 전형 → 1차 실무 인터뷰 > 2차 컬쳐 인터뷰 > 최종 합격 1차 실무 인터뷰 • 해당 포지션과 업무 연관성이 높은 팀원 및 소속리더와 함께 하는 실무 위주 인터뷰예요! • 1~3명의 팀원과 1시간 내외로 진행되며 상황에 따라 시간 및 면접 인원은 유동적이랍니다! • 그동안 경험하셨던 업무 내용, 스킬 등 실무에 관한 내용 위주로 구성된답니다! 2차 컬쳐핏 인터뷰 • 메이사의 C-Level 1분과 피플매니저 등 총 3분 내외의 분과 함께하는 인터뷰예요! • 서로가 생각하는 커리어의 방향, 문화, 비전 등 컬쳐핏을 확인하는 내용으로 구성된답니다! 메이사를 더 알아보세요! 메이사 소개 메이사가 일하는 방식 메이사 오피스 투어 메이사 채용공고 메이사의 복지","","","서울","","","","","","active","2026-04-04T04:22:26.588361","2026-04-04T04:22:26.588388","True"
"316","746","주식회사 메이사","재무 담당자 (Finance Manager)","https://recruit.meissa.ai/09edea0b-d860-4afa-b990-4de86140fc68","메이사 Crew Benefit! 합류여정을 안내해드릴게요! 전형 절차 • 서류 전형 → 1차 실무 인터뷰 > 2차 컬쳐 인터뷰 > 최종 합격 1차 실무 인터뷰 • 해당 포지션과 업무 연관성이 높은 팀원 및 소속리더와 함께 하는 실무 위주 인터뷰예요! • 1~3명의 팀원과 1시간 내외로 진행되며 상황에 따라 시간 및 면접 인원은 유동적이랍니다! • 그동안 경험하셨던 업무 내용, 스킬 등 실무에 관한 내용 위주로 구성된답니다! 2차 컬쳐핏 인터뷰 • 메이사의 C-Level 1분과 피플매니저 등 총 3분 내외의 분과 함께하는 인터뷰예요! • 서로가 생각하는 커리어의 방향, 문화, 비전 등 컬쳐핏을 확인하는 내용으로 구성된답니다! 메이사를 더 알아보세요! 메이사 소개 메이사가 일하는 방식 메이사 오피스 투어 메이사 채용공고 메이사의 복지혜택 메이사가 걸어온 길 메이사 오시는 길! 채용 문의 : recruit@meissa.ai • 채용 관련 문의사항이 있다면 편하게 연락주세요! 오피스 : 서울특별시 강남구 봉은사로18길 70, 1F~5F • 2호선 강남역 11번 출구 도보 400m , 9호선 신논현역 4번출구 400m 거리에 위치해있습니다!","","","메이사 Crew Benefit! 합류여정을 안내해드릴게요! 전형 절차 • 서류 전형 → 1차 실무 인터뷰 > 2차 컬쳐 인터뷰 > 최종 합격 1차 실무 인터뷰 • 해당 포지션과 업무 연관성이 높은 팀원 및 소속리더와 함께 하는 실무 위주 인터뷰예요! • 1~3명의 팀원과 1시간 내외로 진행되며 상황에 따라 시간 및 면접 인원은 유동적이랍니다! • 그동안 경험하셨던 업무 내용, 스킬 등 실무에 관한 내용 위주로 구성된답니다! 2차 컬쳐핏 인터뷰 • 메이사의 C-Level 1분과 피플매니저 등 총 3분 내외의 분과 함께하는 인터뷰예요! • 서로가 생각하는 커리어의 방향, 문화, 비전 등 컬쳐핏을 확인하는 내용으로 구성된답니다! 메이사를 더 알아보세요! 메이사 소개 메이사가 일하는 방식 메이사 오피스 투어 메이사 채용공고 메이사의 복지혜택 메이사가 걸어온 길 메이사 오시는 길! 채용 문의 : recruit@meissa.ai • 채용 관련 문의사항이 있다면 편하게 연락주세요! 오피스 : 서울특별시 강남구 봉은사로18길 70, 1F~5F • 2호선 강남역 11번 출구 도보 400m , 9호선 신논현역 4번출구 400m 거리에 위치해있습니다!","","","서울","","","","","","active","2026-04-04T04:22:32.518423","2026-04-04T04:22:32.518444","True"
"317","746","주식회사 메이사","기술지원 담당자 (Technical  Support Manager)","https://recruit.meissa.ai/c4eec334-950b-4b77-903b-6c410be335fc","기술로 세상을 함께 변화 시키는 여정에 함께 할 기술지원 담당자 (Technical Support Manager) 를 찾습니다! 메이사 국내사업팀은 이런 팀 이에요 국내사업팀은 메이사 제품을 고객과 산업에 알리는 일을 하고 있습니다. • 메이사 플랫폼을 잠재 고객에게 설명하고 계약부터 유저, 제품 관리까지 서비스의 ’처음부터 끝까지’ 전 과정이 잘 이루어질 수 있도록 다방면으로 활동합니다. • 고객과 산업의 목소리를 타 팀에 전달하여 서비스가 올바른 방향으로 발전할 수 있도록 유도하고 제품의 지속적인 성장에 관여합니다. 합류하시면 이런 일 을 함께 해요 기술영업 파트와 업무를 협업합니다. • VOC를 수집하고, 타 팀에 전달하여 문제를 해결할 수 있도록 제품에 관여합니다. • 고객사의 피드백, 니즈를 파악하여 솔루션 확장 방안을 제시하고 설계합니다. • CS 핵심 지표를 설계하여 제품의 고객 만족을 위한 최상의 방법을 제안합니다. 메이사는 이런 분 을 찾고 있어요 B2B/SaaS, IT솔루션 CS/CX 경력자 • 산업과 고객의 목소리를 적극적으로 내부에 전달 하실 분 • 뛰어난 커뮤니케이션 능력으로 내,외부 적극적으로 대화를 하실 분 • 능동적이고 효율적으로 스케줄 관리와 작업을 가능하신 분 • CS / CX 프로세스를 설계해보셨거나 진행을 경험하신 분 • AutoCad 툴 활용이 가능하신 분 이런 성향, 경험 을 가지셨다면 더욱 좋아요 건설 산업에 대한 이해도가 높으신 분 • 건축/토목/측량/GIS 등 관련 전공을 하신 분 • 문서 작성 능력이 뛰어나신 분 • 스타트업에서 일해보신 분 또는 자기 주도적으로 일하시는 분 • 운전 가능하신 분 • BIM 소프트웨어를 활용해보신 분 (Revit, Civil 3D, Navisworks, Infraworks 등) • 초경량비행장치(드론) 자격증 보유하신 분 근무형태 월 ~ 금 (주 5일, 주 40시간) • 08:00 ~ 10:00 유연출근, 6시간 근무 후 퇴근 가능 (자율 근무) • 주 2회 재택근무, 주 3회 사무실 출근 (3개월 수습기간 종료 후) 합류여정 을 안내해드릴게요 서류접수 및 검토 > 1차 실무 인터뷰 > 2차 컬쳐 인터뷰 > 합류여부 결정 • 단계별 자세한 내용이 궁금하다면? 메이사 합류여정 클릭! 기타 채용 문의 : recruit@meissa.ai","","","","재택근무","","","계약직","","","","","active","2026-04-04T04:23:45.120222","2026-04-04T04:23:45.120284","True"
"318","746","주식회사 메이사","기술영업 담당자 (Account Manager)","https://recruit.meissa.ai/d8ff9d30-6b84-41af-b7a6-df14755968d7","기술로 세상을 함께 변화 시키는 여정에 함께 할 기술영업 담당자 (Account Manager) 를 찾습니다! 메이사 국내사업팀은 이런 팀 이에요 국내사업팀은 메이사 제품을 고객과 산업에 알리는 일을 하고 있습니다. • 메이사 플랫폼을 잠재 고객에게 설명하고 계약부터 유저, 제품 관리까지 서비스의 ’처음부터 끝까지’ 전 과정이 잘 이루어질 수 있도록 다방면으로 활동합니다. • 고객과 산업의 목소리를 타 팀에 전달하여 서비스가 올바른 방향으로 발전할 수 있도록 유도하고 제품의 지속적인 성장에 관여합니다. 합류하시면 이런 일 을 함께 해요 현장 및 본사 미팅을 통한 플랫폼 기술을 소개합니다. • 기존 주기적인 고객 관리 및 내부 지표(매출) 관리 • 고객 도입 목적에 맞춰 성공적인 플랫폼 서비스 활용 (고객 도입 목적에 맞춰 지원하며 성공적인 플랫폼 서비스 활용) • 효과적인 고객 관리를 위한 내부 지표 설정 및 액션 아이템 도출 • 마케팅팀 협업을 통해 세일즈에 도움이 되는 컨텐츠 제작 및 인사이트 도출 • 프로덕트팀과 협업을 통한 제품 개선 메이사는 이런 분 을 찾고 있어요 신입 또는 B2B/SaaS, IT솔루션 영업 경력이 있으신 분 (3~5년) • 기술 영업이나 건설 현장 경력이 있으신 분 (3~5년) • 스마트건설에 대한 관심이 있으신 분 • 산업과 고객의 목소리를 적극적으로 내부에 전달 하실 분 • 뛰어난 커뮤니케이션 능력으로 내,외부 적극적으로 대화를 하실 분 이런 성향, 경험 을 가지셨다면 더욱 좋아요 시공사 등 건설산업에 종사하셨던 분 • 건축/토목/측량/GIS 등 관련 전공자 • 발표 스킬 및 문서 작성 능력을 보유하신 분 • 스타트업에서 일해보신 분 또는 자기 주도적으로 일하시는 분 • 운전이 가능하신 분 근무형태 월 ~ 금 (주 5일, 주 40시간) • 08:00 ~ 10:00 유연출근, 6시간 근무 후 퇴근 가능 (자율 근무) • 주 2회 재택근무, 주 3회 사무실 출근 (3개월 수습기간 종료 후) 합류여정 을 안내해드릴게요 서류접수 및 검토 > 1차 실무 인터뷰 > 2차 컬쳐 인터뷰 > 합류여부 결정 • 단계별 자세한 내용이 궁금하다면? 메이사 합류여정 클릭! 기타 채용 문의 : recruit@meissa.ai","","","","재택근무","","","계약직","","","","","active","2026-04-04T04:23:52.210845","2026-04-04T04:23:52.210871","True"
"319","746","주식회사 메이사","기술영업 담당자 (Technical Sales Manager)","https://recruit.meissa.ai/3b2506d1-ba60-426e-9915-efcf6bf5d679","기술로 세상을 함께 변화 시키는 여정에 함께 할 기술영업 담당자 (Technical Sales Manager) 를 찾습니다! 메이사 국내사업팀은 이런 팀 이에요 국내사업팀은 메이사 제품을 고객과 산업에 알리는 일을 하고 있습니다. • 메이사 플랫폼을 잠재 고객에게 설명하고 계약부터 유저, 제품 관리까지 서비스의 ’처음부터 끝까지’ 전 과정이 잘 이루어질 수 있도록 다방면으로 활동합니다. • 고객과 산업의 목소리를 타 팀에 전달하여 서비스가 올바른 방향으로 발전할 수 있도록 유도하고 제품의 지속적인 성장에 관여합니다. 합류하시면 이런 일 을 함께 해요 현장 및 본사 미팅을 통한 플랫폼 기술을 소개합니다. • 새로운 미팅을 지속적으로 발굴하고 진행합니다. • 다양한 사업 기회를 발굴 • 건설사 대상으로 기술 영업 활동 • 프로덕트팀과 협업을 통한 재품 개선 및 인사이트 제공 • 마케팅팀과 협업하여 아웃바운드 활동을 통해 기회를 창출(신규 리드 발굴) 메이사는 이런 분 을 찾고 있어요 신입 또는 B2B/SaaS, IT솔루션 영업 경력이 있으신 분 (3~5년) • 기술 영업이나 건설 현장 경력이 있으신 분 (3~5년) • 스마트건설에 대한 관심이 있으신 분 • 산업과 고객의 목소리를 적극적으로 내부에 전달 하실 분 • 뛰어난 커뮤니케이션 능력으로 내,외부 적극적으로 대화를 하실 분 이런 성향, 경험 을 가지셨다면 더욱 좋아요 시공사 등 건설산업에 종사하셨던 분 • 건축/토목/측량/GIS 등 관련 전공자 • 발표 스킬 및 문서 작성 능력을 보유하신 분 • 스타트업에서 일해보신 분 또는 자기 주도적으로 일하시는 분 • 운전이 가능하신 분 근무형태 월 ~ 금 (주 5일, 주 40시간) • 08:00 ~ 11:00 유연출근, 6시간 근무 후 퇴근 가능 (자율 근무) • 주 2회 재택근무, 주 3회 사무실 출근 (3개월 수습기간 종료 후) 합류여정 을 안내해드릴게요 서류접수 및 검토 > 1차 실무 인터뷰 > 2차 컬쳐 인터뷰 > 합류여부 결정 • 단계별 자세한 내용이 궁금하다면? 메이사 합류여정 클릭! 기타 채용 문의 : recruit@meissa.ai","","","기술로 세상을 함께 변화 시키는 여정에 함께 할 기술영업 담당자 (Technical Sales Manager) 를 찾습니다! 메이사 국내사업팀은 이런 팀 이에요 국내사업팀은 메이사 제품을 고객과 산업에 알리는 일을 하고 있습니다. • 메이사 플랫폼을 잠재 고객에게 설명하고 계약부터 유저, 제품 관리까지 서비스의 ’처음부터 끝까지’ 전 과정이 잘 이루어질 수 있도록 다방면으로 활동합니다. • 고객과 산업의 목소리를 타 팀에 전달하여 서비스가 올바른 방향으로 발전할 수 있도록 유도하고 제품의 지속적인 성장에 관여합니다. 합류하시면 이런 일 을 함께 해요 현장 및 본사 미팅을 통한 플랫폼 기술을 소개합니다. • 새로운 미팅을 지속적으로 발굴하고 진행합니다. • 다양한 사업 기회를 발굴 • 건설사 대상으로 기술 영업 활동 • 프로덕트팀과 협업을 통한 재품 개선 및 인사이트 제공 • 마케팅팀과 협업하여 아웃바운드 활동을 통해 기회를 창출(신규 리드 발굴) 메이사는 이런 분 을 찾고 있어요 신입 또는 B2B/SaaS, IT솔루션 영업 경력이 있으신 분 (3~5년) • 기술 영업이나 건설 현장 경력이 있으신 분 (3~5년) • 스마트건설에 대한 관심이 있으신 분 • 산업과 고객의 목소리를 적극적으로 내부에 전달 하실 분 • 뛰어난 커뮤니케이션 능력으로 내,외부 적극적으로 대화를 하실 분 이런 성향, 경험 을 가지셨다면 더욱 좋아요 시공사 등 건설산업에 종사하셨던 분 • 건축/토목/측량/GIS 등 관련 전공자 • 발표 스킬 및 문서 작성 능력을 보유하신 분 • 스타트업에서 일해보신 분 또는 자기 주도적으로 일하시는 분 • 운전이 가능하신 분 근무형태 월 ~ 금 (주 5일, 주 40시간) • 08:00 ~ 11:00 유연출근, 6시간 근무 후 퇴근 가능 (자율 근무) • 주 2회 재택근무, 주 3회 사무실 출근 (3개월 수습기간 종료 후) 합류여정 을 안내해드릴게요 서류접수 및 검토 > 1차 실무 인터뷰 > 2차 컬쳐 인터뷰 > 합류여부 결정 • 단계별 자세한 내용이 궁금하다면? 메이사 합류여정 클릭! 기타 채용 문의 : recruit@meissa.ai Copyright ⓒ Meissa&Meissa Planet. All Rights Reserved","재택근무","","","계약직","","","","","active","2026-04-04T04:23:59.083624","2026-04-04T04:23:59.083646","True"
"320","746","주식회사 메이사","프로덕트 오너 (Product Owner)","https://recruit.meissa.ai/a2218d4c-bf37-40b7-a800-257d77864d92","기술로 세상을 함께 변화 시키는 여정에 함께 할 프로덕트 오너 (Product Owner) 를 찾습니다! 메이사는 이런 서비스 를 하고 있어요 메이사는 건설 현장 내에서 공간 정보를 활용하여 디지털화 및 업무 효율화를 이룰 수 있도록 하는 SaaS 서비스를 만들고 있습니다. 현장이 광활하게 커서 발생하는 운영상의 한계들을 공간 정보를 기반으로 한 모니터링, 커뮤니케이션 효율화를 통해 해소시키고 있으며 현재는 건설 뿐 아니라 다양한 인접 산업(골프장 잔디관리)으로 확장하는 시도를 하고 있습니다. 메이사는 다음과 같은 서비스를 운영중입니다. [모바일 앱 서비스] • Meissa Guard(모바일 위치 기반) • Meissa Mobile(모바일 기반 공간 정보 활용) • Meissa Scan(360카메라 기반 실내 데이터 스캔) [웹 서비스] • Meissa Platform(공간 정보 기반 건설 관리 SaaS) • Green Platform(공간 정보 기반 골프장 잔디 관리 SaaS) 메이사는 목적 조직 형태로 근무하며, 이번 채용은 Meissa Platform 서비스 를 담당해주실 PO를 찾고 있습니다. 합류하시면 이런 일 을 함께 해요 메이사의 Meissa Platform 서비스를 담당합니다. • VoC를 수집하여 건설 시장의 핵심 비즈니스를 파악합니다. • 다양한 이해관계자를 고려하여 각각의 문제를 정의하고 해결합니다. ◦ 메이사의 주 고객은 ＜종합건설사 · 공공 발주처 · 현장 관리자＞로, 건설 니치 마켓의 정확한 타겟 유저들로 형성되어 있습니다. • 유저 시나리오를 정의하고, MVP스펙을 확정합니다. • 회사의 장기 전략을 파악하고 중/단기 전략으로 적절하게 배분합니다. • 제품 백로그와 개발 우선순위를 관리합니다. • 출시 제품의 사용성 고도화 방안 등 유지보수를 지원합니다. • 국내/외 관련 프로덕트를 조사하고 벤치마킹 합니다. 메이사는 이런 분 을 찾고 있어요 일반적 B2C 프로덕트가 아닌 만큼, 새로운 경험에 의지가 있으신 분 • B2B 프로덕트에 강점이 있으신 분 • 플랫폼 서비스 PM/PO 경력 4년 이상 혹은 그에 준하는 실무 경험이 있는 분 • 디자이너, 개발자, 비즈니스팀 등 다른 직군 팀원들과 원활하게 소통하실 수 있는 분 • 문제를 정의하고 문서화 하는 것에 익숙하신 분 • 스스로 배우고 매니징 하기를 원하고 잘하시는 분 • 건설 업계나 회사의 비즈니스에 관심이 많으신 분 이런 성향, 경험 을 가지셨다면 더욱 좋아요 B2B, SaaS 프로덕트 기획 및 설계 경험이 있으신 분 • 비즈니스 모델을 이해하고 설명할 수 있는 커뮤니케이션 스킬이 있으신 분 • 시장의 문제를 파악하고 다양한 아이디어를 발산하는 것이 즐거우신 분 • 문제를 빠르게 파악하고 판단하는 결단력이 있으신 분 • 메이사에서 사용하는 툴에 익숙하신 분 (Notion, Slack, Figma) • 가설 수립-검증에 재능이 있으신 분 • 건설 산업에 대한 이해가 높으신 분 근무형태 월 ~ 금 (주 5일, 주 40시간) • 08:00 ~ 10:00 유연출근, 6시간 근무 후 퇴근 가능 (자율 근무) • 주 2회 재택근무, 주 3회 사무실 출근 (3개월 수습기간 종료 후) 합류여정 을 안내해드릴게요 서류접수 및 검토 > 1차 실무 인터뷰 > 2차 컬쳐 인터뷰 > 합류여부 결정 • 해당 포지션은 1차 실무 인터뷰 진행 시 후보자분께서 기획한 포트폴리오를 설명하는 시간이 있어요! (약 10분 내외 준비) • 제출서류 : 이력서(필수), 포트폴리오(필수) / PDF 형식 파일로 지원 권장 • 단계별 자세한 내용이 궁금하다면? 메이사 합류여정 클릭! 기타 채용 문의 : recruit@meissa.ai","","","","재택근무","","","","","","","","active","2026-04-04T04:24:04.981345","2026-04-04T04:24:04.981366","True"
"321","746","주식회사 메이사","프로덕트 오너 (Product Owner)","https://recruit.meissa.ai/ca43d7ad-8211-43bf-97bb-a04e31b09253","공간 정보 로 인류의 첫 걸음 을 편리하게! 기술로 세상을 함께 변화 시키는 여정에 함께 할 프로덕트 오너 (Product Owner) 을 찾습니다! 메이사 프로덕트오너(Product Owner) 는 이렇게 일해요! • 메이사 Product Owner 는 스마트 건설 시대를 개척하려는 목표 아래 Flight(드론 비행 iPad App), Lite(현장 관리자용 Flutter App) / MeiDay(현장 근로자용 Flutter App) 와 Platform(건설 관리 SaaS-Web)을 관리합니다. • 메이사의 주 고객은 종합건설사 · 공공 발주처 · 현장 관리자로 일반적인 B2C 프로덕트가 아닌, 건설 업계 종사자를 위한 니치 마켓의 프로덕트를 만들 PO 분을 찾고 있습니다. 합류하시면 이런 일을 함께 해요! • VoC를 수집하여 건설 시장의 핵심 비즈니스를 파악합니다. • 다양한 이해관계자를 고려하여 각각의 문제를 정의하고 해결합니다. • 유저 시나리오를 정의하고, MVP스펙을 확정합니다. • 회사의 장기 전략을 파악하고 중/단기 전략으로 적절하게 배분합니다. • 제품 백로그와 개발 우선순위를 관리합니다. • 출시 제품의 사용성 고도화 방안 등 유지보수를 지원합니다. • 국내/외 관련 프로덕트를 조사하고 벤치마킹 합니다. 메이사는 이런 분을 찾고 있어요! • Web/Mobile 프로덕트 기획/PM 경력 4년 이상 혹은 그에 준하는 실무 경험이 있는 분 • 디자이너, 개발자, 비즈니스팀 등 다른 직군 팀원들과 원활하게 소통하실 수 있는 분 • 문제를 정의하고 문서화 하는 것에 익숙하신 분 • 스스로 배우고 매니징 하기를 원하고 잘하시는 분 • 건설 업계나 회사의 비즈니스에 관심이 많으신 분 이런 성향, 경험을 가지셨다면 더욱 좋아요! • B2B, SaaS 프로덕트 기획 및 설계 경험이 있으신 분 • 비즈니스 모델을 이해하고 설명할 수 있는 커뮤니케이션 스킬이 있으신 분 • 시장의 문제를 파악하고 다양한 아이디어를 발산하는 것이 즐거우신 분 • 문제를 빠르게 파악하고 판단하는 결단력이 있으신 분 • 공간 정보와 관련된 경험이나 지식이 있으신 분 • 컴퓨터 비전에 관심 있으신 분 • 메이사에서 사용하는 툴에 익숙하신 분 (Notion, Slack, Figma) • 가설 수립-검증에 재능이 있으신 분 • 건설 산업에 대한 이해가 높으신 분 메이사 Crew Benefit! 합류여정을 안내해드릴게요! 전형 절차 • 서류 전형 → 1차 실무 인터뷰 > 2차 컬쳐 인터뷰 > 최종 합격 1차 실무 인터뷰 • 해당 포지션과 업무 연관성이 높은 팀원 및 소속리더와 함께 하는 실무 위주 인터뷰예요! • 1~3명의 팀원과 1시간 내외로 진행되며 상황에 따라 시간 및 면접 인원은 유동적이랍니다! • 그동안 경험하셨던 업무 내용, 스킬 등 실무에 관한 내용 위주로 구성된답니다! 2차 컬쳐핏 인터뷰 • 메이사의 C-Level 1분과 피플매니저 등 총 3분 내외의 분과 함께하는 인터뷰예요! • 서로가 생각하는 커리어의 방향, 문화, 비전 등 컬쳐핏을 확인하는 내용으로 구성된답니다! 메이사를 더 알아보세요! 메이사 소개 메이사가 일하는 방식 메이사 오피스 투어 메이사 채용공고 메이사의 복지혜택 메이사가 걸어온 길 메이사 오시는 길! 채용 문의 : recruit@meissa.ai • 채용 관련 문의사항이 있다면 편하게 연락주세요! 오피스 : 서울특별시 강남구 봉은사로18길 70, 1F~5F • 2호선 강남역 11번 출구 도보 400m , 9호선 신논현역 4번출구 400m 거리에 위치해있습니다!","","","• 서류 전형 → 1차 실무 인터뷰 > 2차 컬쳐 인터뷰 > 최종 합격 1차 실무 인터뷰 • 해당 포지션과 업무 연관성이 높은 팀원 및 소속리더와 함께 하는 실무 위주 인터뷰예요! • 1~3명의 팀원과 1시간 내외로 진행되며 상황에 따라 시간 및 면접 인원은 유동적이랍니다! • 그동안 경험하셨던 업무 내용, 스킬 등 실무에 관한 내용 위주로 구성된답니다! 2차 컬쳐핏 인터뷰 • 메이사의 C-Level 1분과 피플매니저 등 총 3분 내외의 분과 함께하는 인터뷰예요! • 서로가 생각하는 커리어의 방향, 문화, 비전 등 컬쳐핏을 확인하는 내용으로 구성된답니다! 메이사를 더 알아보세요! 메이사 소개 메이사가 일하는 방식 메이사 오피스 투어 메이사 채용공고 메이사의 복지","","","서울","","","","","","active","2026-04-04T04:24:35.063406","2026-04-04T04:24:35.063427","True"
"322","746","주식회사 메이사","플러터 엔지니어 (Flutter Engineer)","https://recruit.meissa.ai/a3bda279-7750-4919-8335-492029f9f21a","공간 정보 로 인류의 첫 걸음 을 편리하게! 기술로 세상을 변화 시키는 메이사의 여정에 함께 할 플러터 엔지니어 (Flutter Engineer) 을 찾습니다! 메이사 플러터 엔지니어 ( Flutter Engineer)는 이렇게 일해요! • PO와 논의를 통해 개발이 진행되어야 할 내용을 파악하고 의견을 제시합니다. • 디자이너가 기획 초안을 공유하면 엔지니어는 기획 이슈와 개발 이슈를 피드백합니다. • 담당자들 간 기능과 관련된 상세내용을 협의하며 개발을 진행합니다. • 개발이 완료된 내용은 같은 셀원, 기능 담당자들에게 리뷰를 받고 작업을 마무리 합니다. 합류하시면 이런 일을 함께 해요! • 건물을 짓는 사람들이 실제 건설 현장에서 사용할 앱을 만들어 나갑니다. • 메이사 드론 데이터 플랫폼의 기능과 목적을 고려하여 앱의 진행 방향을 협의하여 결정합니다. • B2B SaaS 서비스의 특수성을 이해하며 설계하고 개발합니다. • 서비스 개선을 위한것이라면 무엇이든지 적극적으로 소통합니다. • 더 나은 서비스 개발 및 운영 환경을 구성할 권한과 책임이 있습니다. 메이사는 이런 분을 찾고 있어요! • 플러터를 사용하여 안드로이드/iOS 애플리케이션 프로젝트를 도맡아 진행하실 수 있는 분 • 자체 서비스 개발 및 유지/보수에 자부심을 갖고 일할 수 있는 분 • REST API 통신과 같은, 서버 통신에 익숙하신 분 • 비즈니스 요구 사항에 따라, 관련 내용을 개발자로서 리서치 및 정리가 가능하신 분 이런 성향, 경험을 가지셨다면 더욱 좋아요! • 다양한 직군 (기획/디자인/클라이언트개발자)의 구성원들과 문제를 정의하고 해결책을 찾아 나갈 수 있는 협업 능력을 갖춘 분 • 모바일 애플리케이션 서비스 운영 경험이 있으신 분 • 테스트 코드를 작성 및 유지 보수하는데 관심이 있으신 분 • S/W 개발에 관해 이야기하기 좋아하시는 분 • 건설 업계, B2B SaaS, GIS에 관심이 있으신 분 메이사 Crew Benefit! 합류여정을 안내해드릴게요! 전형 절차 • 서류 전형 → 1차 실무 인터뷰 > 2차 컬쳐 인터뷰 > 최종 합격 1차 실무 인터뷰 • 해당 포지션과 업무 연관성이 높은 팀원 및 소속리더와 함께 하는 실무 위주 인터뷰예요! • 1~3명의 팀원과 1시간 내외로 진행되며 상황에 따라 시간 및 면접 인원은 유동적이랍니다! • 그동안 경험하셨던 업무 내용, 스킬 등 실무에 관한 내용 위주로 구성된답니다! 2차 컬쳐핏 인터뷰 • 메이사의 C-Level 1분과 피플매니저 등 총 3분 내외의 분과 함께하는 인터뷰예요! • 서로가 생각하는 커리어의 방향, 문화, 비전 등 컬쳐핏을 확인하는 내용으로 구성된답니다! 메이사를 더 알아보세요! 메이사 소개 메이사가 일하는 방식 메이사 오피스 투어 메이사 채용공고 메이사의 복지혜택 메이사가 걸어온 길 메이사 오시는 길! 채용 문의 : recruit@meissa.ai • 채용 관련 문의사항이 있다면 편하게 연락주세요! 오피스 : 서울특별시 강남구 봉은사로18길 70, 1F~5F • 2호선 강남역 11번 출구 도보 400m , 9호선 신논현역 4번출구 400m 거리에 위치해있습니다!","","","• 서류 전형 → 1차 실무 인터뷰 > 2차 컬쳐 인터뷰 > 최종 합격 1차 실무 인터뷰 • 해당 포지션과 업무 연관성이 높은 팀원 및 소속리더와 함께 하는 실무 위주 인터뷰예요! • 1~3명의 팀원과 1시간 내외로 진행되며 상황에 따라 시간 및 면접 인원은 유동적이랍니다! • 그동안 경험하셨던 업무 내용, 스킬 등 실무에 관한 내용 위주로 구성된답니다! 2차 컬쳐핏 인터뷰 • 메이사의 C-Level 1분과 피플매니저 등 총 3분 내외의 분과 함께하는 인터뷰예요! • 서로가 생각하는 커리어의 방향, 문화, 비전 등 컬쳐핏을 확인하는 내용으로 구성된답니다! 메이사를 더 알아보세요! 메이사 소개 메이사가 일하는 방식 메이사 오피스 투어 메이사 채용공고 메이사의 복지","","","서울","","","","","","active","2026-04-04T04:24:44.888890","2026-04-04T04:24:44.888917","True"
"323","746","주식회사 메이사","iOS 엔지니어 (iOS Engineer)","https://recruit.meissa.ai/859a83cc-cc38-4b1b-8db3-3c8da2d546e6","공간 정보 로 인류의 첫 걸음을 편리하게 ! 기술로 세상을 함께 변화 시키는 여정에 함께 할 iOS Engineer 를 찾습니다! 메이사 프로덕트팀은 이렇게 일하고 있어요! • 4주 스프린트 + 1주 자유개발기간을 갖습니다 • PO와 논의를 통해 개발이 진행되어야 할 내용을 파악하고 의견을 제시합니다 • 디자이너가 기획 초안을 공유하면 엔지니어는 개발 이슈를 피드백합니다 • 스프린트 기간동안 담당자들간에 기능 상세 내용을 협의하며 개발을 진행합니다 • 개발이 완료된 내용은 같은 셀 인원, 기능 담당자들에게 리뷰를 받고 작업을 마무리 합니다 • 스프린트 마지막 주에 전사QA를 통해 기능이 잘 동작하는지 확인합니다 합류하시면 이런 일을 함께 해요! • iOS 드론 비행 제어 애플리케이션의 모든 것을 만들어나갑니다. • 메이사 웹 플랫폼의 기능과 목적을 고려하여 앱의 진행 방향을 협의하여 결정합니다. • B2B SaaS 서비스의 특수성을 이해하며 설계하고 개발합니다. • 개발자 비개발자 관계없이, 서비스 개선을 위해 적극적으로 소통합니다. • 더 나은 서비스 개발 및 운영 환경을 구성할 책임과 권한이 있습니다. 메이사는 이런 분을 찾고 있어요! • 신입(경력1년 미만) ~ 경력 6년 이내 • iOS 애플리케이션 프로젝트를 처음부터 도맡아 진행하실 수 있는 분 • 자체 서비스 개발 및 유지보수에 자부심을 자부심을 갖고 일할 수 있는 분 • REST API 통신과 같은, 서버 통신에 익숙하신 분 • 비즈니스 요구사항에 따라 어떤 기술이 필요할지 리서치 및 정리가 가능하신 분 이런 성향, 경험을 가지셨다면 더욱 좋아요! • 기획/디자인/클라이언트개발자 등 다양한 직군의 구성원들과 함께 문제를 정의하고 해결책을 찾아 나갈 수 있는 협업 능력을 갖춘 분 • iOS 애플리케이션 서비스 운영 경험이 있으신 분 • 테스트 코드를 작성 및 유지 보수하는데 관심이 있으신 분 • 드론 비행에 관심이 있거나 경험이 있으신 분 • S/W 개발에 관해 이야기하기 좋아하시는 분 • 건설 업계, B2B SaaS, GIS에 관심이 있으신 분 메이사 Crew Benefit! 합류여정을 안내해드릴게요! 전형 절차 • 서류 전형 → 1차 실무 인터뷰 > 2차 컬쳐 인터뷰 > 최종 합격 1차 실무 인터뷰 • 해당 포지션과 업무 연관성이 높은 팀원 및 소속리더와 함께 하는 실무 위주 인터뷰예요! • 1~3명의 팀원과 1시간 내외로 진행되며 상황에 따라 시간 및 면접 인원은 유동적이랍니다! • 그동안 경험하셨던 업무 내용, 스킬 등 실무에 관한 내용 위주로 구성된답니다! 2차 컬쳐핏 인터뷰 • 메이사의 C-Level 1분과 피플매니저 등 총 3분 내외의 분과 함께하는 인터뷰예요! • 서로가 생각하는 커리어의 방향, 문화, 비전 등 컬쳐핏을 확인하는 내용으로 구성된답니다! 메이사를 더 알아보세요! 메이사 소개 메이사가 일하는 방식 메이사 오피스 투어 메이사 채용공고 메이사의 복지혜택 메이사가 걸어온 길 메이사 오시는 길! 채용 문의 : recruit@meissa.ai • 채용 관련 문의사항이 있다면 편하게 연락주세요! 오피스 : 서울특별시 강남구 봉은사로18길 70, 1F~5F • 2호선 강남역 11번 출구 도보 400m , 9호선 신논현역 4번출구 400m 거리에 위치해있습니다!","","","• 서류 전형 → 1차 실무 인터뷰 > 2차 컬쳐 인터뷰 > 최종 합격 1차 실무 인터뷰 • 해당 포지션과 업무 연관성이 높은 팀원 및 소속리더와 함께 하는 실무 위주 인터뷰예요! • 1~3명의 팀원과 1시간 내외로 진행되며 상황에 따라 시간 및 면접 인원은 유동적이랍니다! • 그동안 경험하셨던 업무 내용, 스킬 등 실무에 관한 내용 위주로 구성된답니다! 2차 컬쳐핏 인터뷰 • 메이사의 C-Level 1분과 피플매니저 등 총 3분 내외의 분과 함께하는 인터뷰예요! • 서로가 생각하는 커리어의 방향, 문화, 비전 등 컬쳐핏을 확인하는 내용으로 구성된답니다! 메이사를 더 알아보세요! 메이사 소개 메이사가 일하는 방식 메이사 오피스 투어 메이사 채용공고 메이사의 복지","","","서울","","","","","","active","2026-04-04T04:24:55.388363","2026-04-04T04:24:55.388387","True"
"324","746","주식회사 메이사","QA 엔지니어 (QA Engineer)","https://recruit.meissa.ai/eb5d0c64-f104-4c67-bd62-5a73f09d039e","기술로 세상을 함께 변화 시키는 여정에 함께 할 QA 엔지니어 (QA Engineer) 를 찾습니다! 메이사 프로덕트팀은 이런 팀 이에요 4주 스프린트 + 1주 자유개발기간을 갖습니다 • PO와 논의를 통해 개발이 진행되어야 할 내용을 파악하고 의견을 제시합니다 • 디자이너가 기획 초안을 공유하면 엔지니어는 개발 이슈를 피드백합니다 • 스프린트 기간동안 담당자들간에 기능 상세 내용을 협의하며 개발을 진행합니다 • 개발이 완료된 내용은 같은 셀 인원, 기능 담당자들에게 리뷰를 받고 작업을 마무리 합니다 • 스프린트 마지막 주에 전사QA를 통해 기능이 잘 동작하는지 확인합니다 메이사는 이런 서비스 를 하고 있어요 메이사는 건설 현장 내에서 공간 정보를 활용하여 디지털화 및 업무 효율화를 이룰 수 있도록 하는 SaaS 서비스를 만들고 있습니다. 현장이 광활하게 커서 발생하는 운영상의 한계들을 공간 정보를 기반으로 한 모니터링, 커뮤니케이션 효율화를 통해 해소시키고 있으며 현재는 건설 뿐 아니라 다양한 인접 산업(골프장 잔디관리)으로 확장하는 시도를 하고 있습니다. 메이사는 다음과 같은 서비스를 운영중입니다. [모바일 앱 서비스] • Meissa Guard(모바일 위치 기반) • Meissa Mobile(모바일 기반 공간 정보 활용) • Meissa Scan(360카메라 기반 실내 데이터 스캔) [웹 서비스] • Meissa Platform(공간 정보 기반 건설 관리 SaaS) • Green Platform(공간 정보 기반 골프장 잔디 관리 SaaS) 공간정보를 활용하는데 어려웠던 다양한 산업군에서 디지털화를 주도하고 있는 "" 메이사 플랫폼 ""을 함께 만들어나갈 분을 찾습니다 합류하시면 이런 일 을 함께 해요 메이사의 QA 엔지니어는 메이사에서 운영∙개발중인 SW의 전체 품질을 관리 합니다 • B2B SaaS 서비스의 특수성을 이해하여 품질 관리 프로세스를 수립하고 운영합니다 • 서비스 품질 관리, 결함 분석 및 오류 보고를 통해 품질을 관리하여 사용자들에게 안정적인 서비스를 제공합니다 • 개발 요구사항, 문서, 기능에 대한 리뷰를 통해 개발 엔지니어, PO와 소통하며 서비스 품질을 관리합니다 • 품질 기준을 정의하고 이를 수행하여 서비스에 대한 개선사항을 도출합니다 • 출시 제품의 사용성 고도화 방안 등 유지보수를 지원합니다. 메이사는 이런 분 을 찾고 있어요 소프트웨어 테스팅 및 QA 2년 이상의 경력 이 있으신 분 • QA 프로세스 설계부터 운영까지의 경험을 보유하신 분 • 웹, 앱 기반 서비스와 비즈니스에 대한 이해를 보유하신 분 • 요구사항 기반으로 논리적으로 TC를 작성하고 유저관점에서 우선순위를 설정하실 수 있는 분 • 유연한 사고를 기반으로 논리적으로 커뮤니케이션이 가능하신 분 • 여러 채널로 오는 이슈들을 하나의 context로 잘 정리할 수 있으신 분 • 사업/기획/개발/디자인 구성원과 원활히 소통하며 서비스를 만들어갈 수 있는 분 • 스스로 배우고 매니징 하기를 원하고 잘하시는 분 • 담당하는 테스트 결과에 대한 자부심과 Ownership이 있으신 분 이런 성향, 경험 을 가지셨다면 더욱 좋아요 업무 적응&수행에 도움이 되는 성향, 경험이지만, 지원 필수자격은 아니에요 • 테스트 자동화 경험이 있으신 분 • 대용량 파일 처리 테스트 경험이 있으신 분 • 빌링/결제 테스트 경험이 있으신 분 • 데이터 또는 로그를 통한 결함 및 오류 분석이 가능하신 분 • 이상현상(anomaly)에 대한 분석 및 체계적인 정리가 뛰어나신 분 • 다양한 테스트 도구(Selenium, Appium, SoapUI등) 활용 경험이 있으신 분 • 메이사에서 사용하는 툴에 익숙하신 분 (Notion, Slack, Postman …) • 외부 서비스(SaaS)의 연동 테스트 경험이 있으신 분 • 팀 단위(인하우스, 외주 등) QA를 운영해보신 분 근무형태 월 ~ 금 (주 5일, 주 40시간) • 08:00 ~ 11:00 유연출근, 6시간 근무 후 퇴근 가능 (자율 근무) • 주 2회 재택근무, 주 3회 사무실 출근 (3개월 수습기간 종료 후) 합류여정 을 안내해드릴게요 서류접수 및 검토 > 1차 실무 인터뷰 > 2차 컬쳐 인터뷰 > 합류여부 결정 • 단계별 자세한 내용이 궁금하다면? 메이사 합류여정 클릭! 기타 채용 문의 : recruit@meissa.ai","","","","재택근무","","","","","","","","active","2026-04-04T04:25:01.465488","2026-04-04T04:25:01.465507","True"
"325","746","주식회사 메이사","안드로이드 엔지니어(Android Engineer)","https://recruit.meissa.ai/dd9e1922-2d28-4781-a187-1bdf14940aa0","공간 정보 로 인류의 첫 걸음을 편리하게 ! 기술로 세상을 함께 변화 시키는 여정에 함께 할 안드로이드 엔지니어 를 찾습니다! 메이사 프로덕트팀은 이렇게 일하고 있어요! • 4주 스프린트 + 1주 자유개발기간을 갖습니다 • PO와 논의를 통해 개발이 진행되어야 할 내용을 파악하고 의견을 제시합니다 • 디자이너가 기획 초안을 공유하면 엔지니어는 개발 이슈를 피드백합니다 • 스프린트 기간동안 담당자들간에 기능 상세 내용을 협의하며 개발을 진행합니다 • 개발이 완료된 내용은 같은 셀 인원, 기능 담당자들에게 리뷰를 받고 작업을 마무리 합니다 • 스프린트 마지막 주에 전사QA를 통해 기능이 잘 동작하는지 확인합니다 합류하시면 이런 일을 함께 해요! • 안드로이드 드론 비행 제어 애플리케이션의 모든 것을 처음부터 만들어나갑니다. • 메이사 웹 플랫폼의 기능과 목적을 고려하여 앱의 진행 방향을 협의하여 결정합니다. • B2B SaaS 서비스의 특수성을 이해하며 설계하고 개발합니다. • 개발자 비개발자 관계없이, 서비스 개선을 위해 적극적으로 소통합니다. • 더 나은 서비스 개발 및 운영 환경을 구성할 책임과 권한이 있습니다. 메이사는 이런 분을 찾고 있어요! • 안드로이드 애플리케이션 프로젝트를 처음부터 도맡아 진행하실 수 있는 분 • 자체 서비스 개발 및 유지보수에 자부심을 자부심을 갖고 일할 수 있는 분 • REST API 통신과 같은, 서버 통신에 익숙하신 분 • 비즈니스 요구사항에 따라 어떤 기술이 필요할지 리서치 및 정리가 가능하신 분 이런 성향, 경험을 가지셨다면 더욱 좋아요! • 기획/디자인/클라이언트개발자 등 다양한 직군의 구성원들과 함께 문제를 정의하고 해결책을 찾아 나갈 수 있는 협업 능력을 갖춘 분 • 안드로이드 애플리케이션 서비스 운영 경험이 있으신 분 • 테스트 코드를 작성 및 유지 보수하는데 관심이 있으신 분 • 드론 비행에 관심이 있거나 경험이 있으신 분 • S/W 개발에 관해 이야기하기 좋아하시는 분 • 건설 업계, B2B SaaS, GIS에 관심이 있으신 분 메이사 Crew Benefit! 합류여정을 안내해드릴게요! 전형 절차 • 서류 전형 → 1차 실무 인터뷰 > 2차 컬쳐 인터뷰 > 최종 합격 1차 실무 인터뷰 • 해당 포지션과 업무 연관성이 높은 팀원 및 소속리더와 함께 하는 실무 위주 인터뷰예요! • 1~3명의 팀원과 1시간 내외로 진행되며 상황에 따라 시간 및 면접 인원은 유동적이랍니다! • 그동안 경험하셨던 업무 내용, 스킬 등 실무에 관한 내용 위주로 구성된답니다! 2차 컬쳐핏 인터뷰 • 메이사의 C-Level 1분과 피플매니저 등 총 3분 내외의 분과 함께하는 인터뷰예요! • 서로가 생각하는 커리어의 방향, 문화, 비전 등 컬쳐핏을 확인하는 내용으로 구성된답니다! 메이사 알아보기! 메이사 소개 메이사가 일하는 방식 메이사 오피스 투어 메이사 채용공고 메이사의 복지혜택 메이사가 걸어온 길 메이사 오시는 길! 채용 문의 : recruit@meissa.ai • 채용 관련 문의사항이 있다면 편하게 연락주세요! 오피스 : 서울특별시 강남구 봉은사로18길 70, 1F~5F • 2호선 강남역 11번 출구 도보 400m , 9호선 신논현역 4번출구 400m 거리에 위치해있습니다!","","","• 서류 전형 → 1차 실무 인터뷰 > 2차 컬쳐 인터뷰 > 최종 합격 1차 실무 인터뷰 • 해당 포지션과 업무 연관성이 높은 팀원 및 소속리더와 함께 하는 실무 위주 인터뷰예요! • 1~3명의 팀원과 1시간 내외로 진행되며 상황에 따라 시간 및 면접 인원은 유동적이랍니다! • 그동안 경험하셨던 업무 내용, 스킬 등 실무에 관한 내용 위주로 구성된답니다! 2차 컬쳐핏 인터뷰 • 메이사의 C-Level 1분과 피플매니저 등 총 3분 내외의 분과 함께하는 인터뷰예요! • 서로가 생각하는 커리어의 방향, 문화, 비전 등 컬쳐핏을 확인하는 내용으로 구성된답니다! 메이사 알아보기! 메이사 소개 메이사가 일하는 방식 메이사 오피스 투어 메이사 채용공고 메이사의 복지","","","서울","","","","","","active","2026-04-04T04:25:11.231724","2026-04-04T04:25:11.231750","True"
"326","746","주식회사 메이사","컴퓨터 비전 엔지니어(Computer Vision Engineer)","https://recruit.meissa.ai/6a36ccc1-0eb5-441c-8f42-dffa05303df8","공간 정보 로 인류의 첫 걸음 을 편리하게! 기술로 세상을 함께 변화 시키는 여정에 함께 할 컴퓨터 비전 엔지니어(Computer Vision Engineer) 를 찾습니다! 합류하시면 이런 일을 함께 해요! • R&D팀은 프로토타입을 기획, 개발하고 최고 수준의 제품을 제공하는 업무를 담당합니다. • 주도적인 연구 계획 능력을 기반으로 하여 발빠르게 프로토타입을 제작합니다. • 도출된 연구 결과에 대해 연구원들과 함께 논의하여 제품 출시에 반영합니다. • 기술영업팀에서 요구하는 새로운 기능을 플랫폼팀에 제공하기 위해 리서치를 시행합니다. • 스마트 건설에 필요한 최신 제반 지식을 습득하여,새로운 기능을 프로덕트팀에 제공합니다. 메이사는 이런 분을 찾고 있어요! • R&D팀은 프로토타입을 기획, 개발하고 최고 수준의 제품을 제공하는 업무를 담당합니다. • 주도적인 연구 계획 능력을 기반으로 하여 발빠르게 프로토타입을 제작합니다. • 도출된 연구 결과에 대해 연구원들과 함께 논의하여 제품 출시에 반영합니다. • 기술영업팀에서 요구하는 새로운 기능을 플랫폼팀에 제공하기 위해 리서치를 시행합니다. • 스마트 건설에 필요한 최신 제반 지식을 습득하여,새로운 기능을 프로덕트팀에 제공합니다. 필요한 기술스택은요! • Python • C++ 이런 성향, 경험을 가지셨다면 더욱 좋아요! • 3D Reconstruction 관련 경험 • C++ 개발 경험 • 컴퓨터 공학 관련 학위 • BIM, GIS, Remote Sensing 관련 경험 및 지식 • 연구 조직에서의 연구 경험 • Linear Algebra, Computer Vision 관련 지식 메이사 Crew Benefit! 합류여정을 안내해드릴게요! 전형 절차 • 서류 전형 → 1차 실무 인터뷰 > 2차 컬쳐 인터뷰 > 최종 합격 1차 실무 인터뷰 • 해당 포지션과 업무 연관성이 높은 팀원 및 소속리더와 함께 하는 실무 위주 인터뷰예요! • 1~3명의 팀원과 1시간 내외로 진행되며 상황에 따라 시간 및 면접 인원은 유동적이랍니다! • 그동안 경험하셨던 업무 내용, 스킬 등 실무에 관한 내용 위주로 구성된답니다! 2차 컬쳐핏 인터뷰 • 메이사의 C-Level 1분과 피플매니저 등 총 3분 내외의 분과 함께하는 인터뷰예요! • 서로가 생각하는 커리어의 방향, 문화, 비전 등 컬쳐핏을 확인하는 내용으로 구성된답니다! 메이사를 더 알아보세요! 메이사 소개 메이사가 일하는 방식 메이사 오피스 투어 메이사 채용공고 메이사의 복지혜택 메이사가 걸어온 길 메이사 오시는 길! 채용 문의 : recruit@meissa.ai • 채용 관련 문의사항이 있다면 편하게 연락주세요! 오피스 : 서울특별시 강남구 봉은사로18길 70, 1F~5F • 2호선 강남역 11번 출구 도보 400m , 9호선 신논현역 4번출구 400m 거리에 위치해있습니다!","","","• 서류 전형 → 1차 실무 인터뷰 > 2차 컬쳐 인터뷰 > 최종 합격 1차 실무 인터뷰 • 해당 포지션과 업무 연관성이 높은 팀원 및 소속리더와 함께 하는 실무 위주 인터뷰예요! • 1~3명의 팀원과 1시간 내외로 진행되며 상황에 따라 시간 및 면접 인원은 유동적이랍니다! • 그동안 경험하셨던 업무 내용, 스킬 등 실무에 관한 내용 위주로 구성된답니다! 2차 컬쳐핏 인터뷰 • 메이사의 C-Level 1분과 피플매니저 등 총 3분 내외의 분과 함께하는 인터뷰예요! • 서로가 생각하는 커리어의 방향, 문화, 비전 등 컬쳐핏을 확인하는 내용으로 구성된답니다! 메이사를 더 알아보세요! 메이사 소개 메이사가 일하는 방식 메이사 오피스 투어 메이사 채용공고 메이사의 복지","","","서울","","","","","","active","2026-04-04T04:25:15.987341","2026-04-04T04:25:15.987363","True"
"327","746","주식회사 메이사","마케팅 인턴 (Marketing Intern)","https://recruit.meissa.ai/eaf50479-6f60-4ca0-8788-69464cca6bdb","공간 정보 로 인류의 첫 걸음을 편리하게 ! 기술로 세상을 함께 변화 시키는 여정에 함께 할 Strategy Manager 를 찾습니다! 메이사 기업전략팀은 이런 팀이예요! • 메이사가 3년, 5년 나아가야 할 방향을 가장 먼저 고민하고 그림을 그려요. • 중장기 전략과 로드맵 수립, IR 전략 리드, 신규 시장 진출 검토 등 경영 전략의 전반을 리딩해요. • 사업팀, 프로덕트팀, R&D팀 등 사내 주요 부서와 모두 소통하면서 연결고리 역할을 담당해요. • 글로벌 탑티어 컨설팅 펌, 글로벌 IT 대기업, 스타트업 창업 등 다양한 백그라운드를 가진 리더/팀원들과 토론하고 협의하며 회사의 앞날을 개척해 나갑니다! 기업전략팀 내 ‘커뮤니케이션 파트’를 소개합니다! • 다양한 외부 이해관계자를 대상으로 가장 빠르게, 최전선에서 전략적으로 소통하는 브랜딩, 마케팅, PR 담당자가 속해있습니다. 전사적으로 제작되는 모든 컨텐츠가 이 곳을 통해 외부로 노출됩니다. ◦ 브랜드 이미지 및 메세지 총괄 ◦ 트리플 미디어 운영 합류하시면 이런 일을 함께 해요! • 메이사의 내부 상황을 잘 이해하고, 우리의 언어로 내외부 채널을 통한 커뮤니케이션 업무 지원 • 뉴스클립 및 SNS 채널별 콘텐츠 제작을 지원 • 메이사의 커뮤니케이션 전략 수립 및 실행 보조 (언론, 디지털 매체) ◦ 고객사 및 업계 정책, 이슈 등 실시간 모니터링 보조 ◦ 콘텐츠 기획 및 제작 보조 ◦ 신규 제품 및 서비스, 브랜드 홍보 관련 아이디어 제안 ◦ 주요 이슈 및 서비스, 상품에 대한 미디어 전략 도출 및 보도자료 작성 보조 ◦ 커뮤니케이션 전략 도출 및 미디어 관리 보조 ◦ 주요 매체 및 기자, 고객사 커뮤니케이션 보조 • 기타 팀 내 업무 지원 ◦ 중장기 전략 수립 및 refine, 세부 사업계획 및 로드맵 수립, 투자 전략 수립 및 실행 등 메이사는 이런 분들 찾고 있어요! • 논리적인 글쓰기가 가능한 분 • 업무 루틴을 세울 수 있고, 꾸준히 실천할 수 있는 분 • 다양한 이해관계자와 원만한 커뮤니케이션이 가능한 분 • B2B SaaS(또는 B2G SaaS)에 대한 이해와 관심이 있는 분 이런 성향, 경험을 가지셨다면 더욱 좋아요! • 미디어 서비스에서 콘텐츠를 기획, 제작한 경험이 있는 분 • 개인, 기업 블로그를 직접 운영해 본 경험이 있는 분 • 기자, 미디어 등 네트워크를 보유하신 분 • 간단한 디지털 디자인 툴(Figma, 미리캔버스 등) 사용 가능하신 분 • 간단한 영어 읽고/쓰기가 가능하신 분 (번역기 활용 가능) 메이사 Crew Benefit! 합류여정을 안내해드릴게요! 전형 절차 • 서류 전형 → 1차 실무 인터뷰 → 2차 컬쳐 인터뷰 → 최종 합격 1차 실무 인터뷰 • 해당 포지션과 업무 연관성이 높은 팀원 및 소속리더와 함께 하는 실무 위주 인터뷰예요! • 1~3명의 팀원과 1시간 내외로 진행되며 상황에 따라 시간 및 면접 인원은 유동적이랍니다! • 그동안 경험하셨던 업무 내용, 스킬 등 실무에 관한 내용 위주로 구성된답니다! 2차 컬쳐핏 인터뷰 • 메이사의 C-Level 1분과 피플매니저 등 총 3분 내외의 분과 함께하는 인터뷰예요! • 서로가 생각하는 커리어의 방향, 문화, 비전 등 컬쳐핏을 확인하는 내용으로 구성된답니다! 메이사를 더 알아보세요! 메이사 소개 메이사가 일하는 방식 메이사 오피스 투어 메이사 채용공고 메이사의 복지혜택 메이사가 걸어온 길 메이사 오시는 길! 채용 문의 : recruit@meissa.ai • 채용 관련 문의사항이 있다면 편하게 연락주세요! 오피스 : 서울특별시 강남구 봉은사로18길 70, 1F~5F • 2호선 강남역 11번 출구 도보 400m , 9호선 신논현역 4번출구 400m 거리에 위치해있습니다!","","","• 서류 전형 → 1차 실무 인터뷰 → 2차 컬쳐 인터뷰 → 최종 합격 1차 실무 인터뷰 • 해당 포지션과 업무 연관성이 높은 팀원 및 소속리더와 함께 하는 실무 위주 인터뷰예요! • 1~3명의 팀원과 1시간 내외로 진행되며 상황에 따라 시간 및 면접 인원은 유동적이랍니다! • 그동안 경험하셨던 업무 내용, 스킬 등 실무에 관한 내용 위주로 구성된답니다! 2차 컬쳐핏 인터뷰 • 메이사의 C-Level 1분과 피플매니저 등 총 3분 내외의 분과 함께하는 인터뷰예요! • 서로가 생각하는 커리어의 방향, 문화, 비전 등 컬쳐핏을 확인하는 내용으로 구성된답니다! 메이사를 더 알아보세요! 메이사 소개 메이사가 일하는 방식 메이사 오피스 투어 메이사 채용공고 메이사의 복지","","","서울","","","","","","active","2026-04-04T04:25:54.778868","2026-04-04T04:25:54.778888","True"
"328","746","주식회사 메이사","전략 매니저 (Strategy Manager)","https://recruit.meissa.ai/f64cfeff-6e20-4fc1-be30-722bb1d74c92","기술로 세상을 함께 변화 시키는 여정에 함께 할 전략 매니저 (Strategy Manager) 를 찾습니다! 메이사 전략팀은 이런 팀 이에요 드론, 위성 영상 등 각종 공간 정보 데이터에 애널리틱스를 더한 비즈니스 모델을 발굴하고, 발전시켜 나가고 있어요. • 회사의 성장에 필요한 전략 수립, 비즈니스 모델 점검 등과 이에 필요한 시장 조사 및 분석의 전 과정을 주도적으로 리딩해요. • 글로벌 탑티어 컨설팅 펌, 글로벌 IT 대기업, 글로벌 IT 스타트업, 창업 등 다양한 백그라운드를 가진 리더/팀원들과 토론하고 협의하며 회사의 앞날을 개척해 나갑니다! 합류하시면 이런 일 을 함께 해요 [경영 전략 수립] • 중장기 사업 전략 및 방향성 수립 • 비즈니스 모델 점검 및 조정 • 시장/경쟁사에 대한 리서치 및 대응 전략 수립 [사업개발] • 신규 사업 발굴 및 기획, 파트너십 • 지원/용역사업 수주 기반 매출/지원금 확보 [투자 대응] • IR(투자유치) 지원 (IR Deck 작성 등) • 투자사 대응 메이사는 이런 분 을 찾고 있어요 신입 또는 1 ~ 3년 유관 경력이 있으신 분 • 구조적이고 논리적인 사고와 일하는 방식이 좋으신 분 • 책임감이 강하고 꼼꼼하고 성실한 성격을 가지신 분 • 성장하는 조직에서, 함께 의미있는 결과를 만들어내는 챌린징한 과정을 즐기시는 분 이런 성향, 경험 을 가지셨다면 더욱 좋아요 초기 스타트업, 창업에 대한 관심이 많으신 분 RFP 작성 및 요구조건을 반영하여 정부 지원사업 등 제안서 작성 경험이 있으신 분 • 사업 기획, 전략, 컨설팅 커리어에 관심이 많으신 분 • 디지털 트윈, 공간정보, 드론, 위성, 인공지능, 스페이스 테크(space-tech) 등에 관심이 있으신 분 • 주도적으로 자신의 업무 영역을 개척해나가는 분 • 성장하는 환경에서 빠르게 적응하고 다양한 역할 수행이 가능한 분 근무형태 월 ~ 금 (주 5일, 주 40시간) • 08:00 ~ 10:00 유연출근, 6시간 근무 후 퇴근 가능 (자율 근무) • 주 2회 재택근무, 주 3회 사무실 출근 (3개월 수습기간 종료 후) 합류여정 을 안내해드릴게요 서류접수 및 검토 > 1차 실무 인터뷰 > 2차 컬쳐 인터뷰 > 합류여부 결정 • 단계별 자세한 내용이 궁금하다면? 메이사 합류여정 클릭! 기타 채용 문의 : recruit@meissa.ai","","","","재택근무","","","","","","","","active","2026-04-04T04:26:01.766799","2026-04-04T04:26:01.766856","True"
"329","746","주식회사 메이사","전략팀 인턴 (Strategy Team Intern)","https://recruit.meissa.ai/2c09ee64-dfaa-4a19-9435-9a1e573aa938","기술로 세상을 함께 변화 시키는 여정에 함께 할 전략팀 인턴 (Strategy Team Intern) 을 찾습니다! 메이사 전략팀은 이런 팀 이에요 드론, 위성 등 각종 공간 정보 데이터에 애널리틱스를 더한 비즈니스 모델을 발굴하고 발전시켜 나가고 있어요. • 회사의 성장에 필요한 전략 수립, 비즈니스 모델 점검 등과 이에 필요한 시장 조사 및 분석의 전 과정을 주도적으로 리딩해요. • 글로벌 탑티어 컨설팅 펌, 글로벌 IT 대기업, 창업 등 다양한 백그라운드를 가진 리더/팀원들과 토론하고 협의하며 회사의 앞날을 개척해 나갑니다! 합류하시면 이런 일 을 함께 해요 [경영 전략 수립] • 중장기 사업 전략 및 방향성 수립 • 비즈니스 모델 점검 및 조정 • 시장/경쟁사에 대한 리서치 및 대응 전략 수립 [사업개발] • 신규 사업 발굴 및 기획, 파트너십 확보 • 지원 사업 제안서 작업 및 수주 [투자 대응] • IR(투자유치) 지원 (IR Deck 작성 등) • 투자사 대응 메이사는 이런 분 을 찾고 있어요 대학 재학, 휴학, 졸업 예정, 졸업자이신 분 • 구조적이고 논리적인 사고와 일하는 방식이 좋으신 분 • 책임감이 강하고 꼼꼼하고 성실한 성격을 가지신 분 • 성장하는 조직에서, 함께 의미있는 결과를 만들어내는 챌린징한 과정을 즐기시는 분 이런 성향, 경험 을 가지셨다면 더욱 좋아요 초기 스타트업, 창업에 대한 관심이 많으신 분 • 사업 기획, 전략, 컨설팅 커리어에 관심이 많으신 분 • 디지털 트윈, 공간정보, 드론, 위성, 인공지능, 스페이스 테크(space-tech) 등에 관심이 있으신 분 • 주도적으로 자신의 업무 영역을 개척해나가는 분 • 성장하는 환경에서 빠르게 적응하고 다양한 역할 수행이 가능한 분 근무형태 월 ~ 금 (주 5일, 주 40시간) • 3개월 이상 인턴 근무 (기간 협의) • 08:00 ~ 10:00 유연출근, 6시간 근무 후 퇴근 가능 (자율 근무) • 주 2회 재택근무, 주 3회 사무실 출근 (3개월 동안은 사무실 근무) 합류여정 을 안내해드릴게요 서류접수 및 검토 > 실무 및 컬쳐 인터뷰(1차) > 합류여부 결정 • 단계별 자세한 내용이 궁금하다면? 메이사 합류여정 클릭! 기타 채용 문의 : recruit@meissa.ai","","","","재택근무","","","인턴","","","","","active","2026-04-04T04:26:18.161211","2026-04-04T04:26:18.161231","True"
"330","746","주식회사 메이사","총무 담당자 (GA Manager)","https://recruit.meissa.ai/5c9c768a-3562-493d-a2ca-c1581d07c6f2","공간 정보 로 인류의 첫 걸음 을 편리하게! 기술로 세상을 함께 변화 시키는 여정에 함께 할 GA Specialist 를 찾습니다! 메이사 경영기획팀 은 이런 팀 이에요 • HR(인사), FA(재무회계), GA(총무) 매니저가 모여있는 팀이에요. • 회사 운영 업무와 내외부 공식적인 커뮤니케이션을 담당하고 있어요. • 사내 제도 및 규정 기획, 시행, 지원 업무를 총괄하고 있어요. 합류하시면 이런 일을 함께 해요! • 유/무형의 전산, SW, 소모품 등 자산 구매, 유지보수 및 실사 등 관리 • GA/SW/일반 계약 관리 • 정부지원사업, 위성사업지원, ISO 인증 등 • 업무환경(비품, 간식, 시설) 관리 및 관련 업체 커뮤니케이션 메이사는 이런 분을 찾고 있어요! • 스타트업 또는 IT 업계 관련 업무(경영지원 및 GA 등) 경력이 2년 이상이신 분 • Google Workspace를 비롯한 협업툴(Slack, Notion, flex) 사용 경험이 있으신 분 • 컴퓨터활용능력 및 문서작성 능력이 우수하신 분 • IT, SW 구매, 관리에 대한 경험과 기본적인 이해도를 갖추신 분 • 업무에 적극적이고 내외부 이해관계자와 효율적인 커뮤니케이션이 가능하신 분 이런 성향, 경험을 가지셨다면 더욱 좋아요! • 주도적으로 자신의 업무 영역을 개척해나가는 분 • 성장하는 환경에서 빠르게 적응하고 다양한 역할 수행이 가능한 분 • 본인이 맡은 일을 꼼꼼하고 완벽하게 처리하시는 분 • 다양한 상황에 대해 유연한 대처능력을 가지신 분 • Software/Tech 기업의 직원으로서 새로운 기술을 습득하고 적용하는 데 능숙한 분 • 정부지원사업 관리 업무를 경험해보신 분 • 더존 유경험자 근무형태 월 ~ 금 (주 5일, 주 40시간) • 08:00 ~ 10:00 유연출근, 6시간 근무 후 퇴근 가능 (자율 근무) • 주 2회 재택근무, 주 3회 사무실 출근 (3개월 수습기간 종료 후) 합류여정 을 안내해드릴게요 서류접수 및 검토 > 1차 실무 인터뷰 > 2차 컬쳐 인터뷰 > 합류여부 결정 • 단계별 자세한 내용이 궁금하다면? 메이사 합류여정 ← 클릭! 메이사 오시는 길! 채용 문의 : recruit@meissa.ai • 채용 관련 문의사항이 있다면 편하게 연락주세요! 오피스 : 서울특별시 강남구 봉은사로18길 70, 1F~4F • 2호선 강남역 11번 출구 도보 400m , 9호선 신논현역 4번출구 400m 거리에 위치해있습니다!","","","","재택근무","","서울","계약직","","","","","active","2026-04-04T04:26:24.712730","2026-04-04T04:26:24.712749","True"
"331","746","주식회사 메이사","프론트엔드 엔지니어 (Frontend Engineer)","https://recruit.meissa.ai/5774f0bc-6bc6-4132-a4be-c8f866f353aa","공간 정보 로 인류의 첫 걸음을 편리하게 ! 기술로 세상을 함께 변화 시키는 여정에 함께 할 Frontend Engineer 를 찾습니다! 메이사 플래닛 Dev팀은 이런 팀이에요! • 위성 스케줄링, 위성 영상의 전처리와 후처리가 하나의 SaaS로 통합된 플랫폼을 개발합니다 • 대용량 위성 영상을 안정적으로 관리할 수 있는 플랫폼을 개발합니다. • AI 기술을 활용한 model들이 GIS 영상에 빠르게 적용될 수 있도록 파이프라인을 구축합니다. • 사용자가 위성 영상에 쉽게 접근하고 여러 AI model들을 효율적으로 적용해볼 수 있도록 고민하고 구현합니다. • MSA와 CI/CD를 지향하며 개발된 서비스를 도커와 쿠베네티스 환경에 배포해서 운영합니다. 합류하시면 이런 일을 함께 해요! • 위성 데이터와 SaaS 서비스의 특수성을 이해하며 개발합니다. • 위성 영상을 검색하고 분석할 수 있는 통합 웹 플랫폼을 구축합니다. • 인공위성의 지구관측 영상을 웹에서 볼 수 있도록 뷰어(지도 레이어, 3D 뷰어 등)를 개발합니다. • 다양한 AI model을 검색하고 위성 영상에 적용해볼 수 있는 웹콘솔을 개발합니다. 메이사 플래닛은 이런 분을 찾고 있어요! • 3년 이상의 Frontend 개발 경력을 보유하신 분 • React, Typescript를 이용한 개발 및 운영 경험이 있으신 분 • 크로스브라우징 및 반응형 웹에 대한 이해가 있으신 분 • HTML5, CSS3, Javascript(ES6 이상)을 능숙하게 사용하시는 분 • 기획, 디자인, 개발 등 다양한 직군과 같이 문제를 정의하고 해결책을 찾아나갈 수 있는 협업 능력을 갖춘 분 이런 성향, 경험을 가지셨다면 더욱 좋아요! • GIS에 관심이 많으신 분 • 좋은 UI/UX에 대한 고민을 지속적으로 하시는 분 • leaflet.js, Three.js 를 활용한 개발 경험이 있으신 분 • SPA Framework(Vue, Angular, Svelte 등)의 개발 및 운영 경험이 있으신 분 • SSR(Server Side Rendering) 환경 개발 경험이 있으신 분 메이사 Crew Benefit! 합류여정을 안내해드릴게요! 전형 절차 • 서류 전형 → 1차 실무 인터뷰 → 2차 컬쳐 인터뷰 → 최종 합격 1차 실무 인터뷰 • 해당 포지션과 업무 연관성이 높은 팀원 및 소속리더와 함께 하는 실무 위주 인터뷰예요! • 1~3명의 팀원과 1시간 내외로 진행되며 상황에 따라 시간 및 면접 인원은 유동적이랍니다! • 그동안 경험하셨던 업무 내용, 스킬 등 실무에 관한 내용 위주로 구성된답니다! 2차 컬쳐핏 인터뷰 • 메이사 플래닛의 C-Level 한 명과 피플매니저 등 총 세 명 내외와 함께하는 인터뷰예요! • 서로가 생각하는 커리어의 방향, 문화, 비전 등 컬쳐핏을 확인하는 내용으로 구성된답니다! 메이사 알아보기! 메이사 소개 메이사가 일하는 방식 메이사 오피스 투어 메이사 채용공고 메이사의 복지혜택 메이사가 걸어온 길 메이사 오시는 길! 채용 문의 : recruit@meissaplanet.com • 채용 관련 문의사항이 있다면 편하게 연락주세요! 오피스 : 서울특별시 강남구 봉은사로18길 70, 1F~5F • 2호선 강남역 11번 출구 도보 400m , 9호선 신논현역 4번출구 400m 거리에 위치해있습니다! 마지막 업데이트: @ 4/4/2022","","","• 서류 전형 → 1차 실무 인터뷰 → 2차 컬쳐 인터뷰 → 최종 합격 1차 실무 인터뷰 • 해당 포지션과 업무 연관성이 높은 팀원 및 소속리더와 함께 하는 실무 위주 인터뷰예요! • 1~3명의 팀원과 1시간 내외로 진행되며 상황에 따라 시간 및 면접 인원은 유동적이랍니다! • 그동안 경험하셨던 업무 내용, 스킬 등 실무에 관한 내용 위주로 구성된답니다! 2차 컬쳐핏 인터뷰 • 메이사 플래닛의 C-Level 한 명과 피플매니저 등 총 세 명 내외와 함께하는 인터뷰예요! • 서로가 생각하는 커리어의 방향, 문화, 비전 등 컬쳐핏을 확인하는 내용으로 구성된답니다! 메이사 알아보기! 메이사 소개 메이사가 일하는 방식 메이사 오피스 투어 메이사 채용공고 메이사의 복지","","","서울","","","","","","active","2026-04-04T04:26:31.189917","2026-04-04T04:26:31.189947","True"
"332","746","주식회사 메이사","전략 매니저 (Strategy Manager)","https://recruit.meissa.ai/5c357693-6fa0-48bf-8d0f-099a30b37329","공간 정보 로 인류의 첫 걸음을 편리하게 ! 기술로 세상을 함께 변화 시키는 여정에 함께 할 Strategy Manager 를 찾습니다! 메이사 플래닛 전략팀은 이런 팀이에요! • 드론, 위성 등 각종 공간 정보 데이터에 애널리틱스를 더한 비즈니스 모델을 새롭게 만들어가고 있어요. • 서비스의 초기적 구상부터 구현까지의 전 과정을 주도적으로 리딩하거나 참여해요. • 글로벌 탑티어 컨설팅 펌, 글로벌 IT 대기업, 스타트업 창업 등 다양한 백그라운드를 가진 리더/팀원들과 토론하고 협의하며 회사의 앞날을 개척해 나갑니다! 합류하시면 이런 일을 함께 해요! • 사업개발/기획 ◦ 단계별 사업모델 수립 및 refine, 세부 사업계획 및 로드맵 수립, 투자 전략 수립 및 실행 등 • 서비스 기획 ◦ 고객 요구도 분석, 서비스 프레임/콘텐츠/제공 가치 수립, pricing 전략 수립 등 • 시장 분석 및 벤치마킹 ◦ 우주 x 지구 관측 x 공간 정보의 산업과 트렌드를 이해하고 follow 메이사 플래닛은 이런 분을 찾고 있어요! • 전략 컨설팅펌 업무 경력 1-4년 보유하신 분 • 또는, 대기업에서 사업기획/사업개발/경영전략/신사업 등 유관 업무 경력 2-5년 보유하신 분 • 또는, 스타트업에서 사업기획/서비스기획/사업개발 등 유관 업무 경력 2-5년 보유하신 분 • 그리고, 어쩌면 막막하고 어려울 수 있는 비즈니스의 0 to 1 단계를 즐겁고 재미있게 느끼시는 분 이런 성향, 경험을 가지셨다면 더욱 좋아요! • 주도적으로 자신의 업무 영역을 개척해나가는 분 • 성장하는 환경에서 빠르게 적응하고 다양한 역할 수행이 가능한 분 • 다양한 상황에 대해 유연한 대처 능력을 가지신 분 • Software/Tech 기업의 직원으로서 새로운 기술을 습득하고 적용하는 데 능숙한 분 합류여정을 안내해드릴게요! 전형 절차 • 서류 전형 → 1차 실무 인터뷰 > 2차 컬쳐 인터뷰 > 최종 합격 1차 실무 인터뷰 • 해당 포지션과 업무 연관성이 높은 팀원 및 소속리더와 함께 하는 실무 위주 인터뷰예요! • 1~3명의 팀원과 1시간 내외로 진행되며 상황에 따라 시간 및 면접 인원은 유동적이랍니다! • 그동안 경험하셨던 업무 내용, 스킬 등 실무에 관한 내용 위주로 구성된답니다! 2차 컬쳐핏 인터뷰 • 메이사의 C-Level 1분과 피플매니저 등 총 3분 내외의 분과 함께하는 인터뷰예요! • 서로가 생각하는 커리어의 방향, 문화, 비전 등 컬쳐핏을 확인하는 내용으로 구성된답니다! 메이사 Crew Benefit! 메이사 알아보기! 메이사 소개 메이사가 일하는 방식 메이사 오피스 투어 메이사 채용공고 메이사의 복지혜택 메이사가 걸어온 길 메이사 오시는 길! 채용 문의 : recruit@meissa.ai • 채용 관련 문의사항이 있다면 편하게 연락주세요! 오피스 : 서울특별시 강남구 봉은사로18길 70, 1F~5F • 2호선 강남역 11번 출구 도보 400m , 9호선 신논현역 4번출구 400m 거리에 위치해있습니다!","","","• 서류 전형 → 1차 실무 인터뷰 > 2차 컬쳐 인터뷰 > 최종 합격 1차 실무 인터뷰 • 해당 포지션과 업무 연관성이 높은 팀원 및 소속리더와 함께 하는 실무 위주 인터뷰예요! • 1~3명의 팀원과 1시간 내외로 진행되며 상황에 따라 시간 및 면접 인원은 유동적이랍니다! • 그동안 경험하셨던 업무 내용, 스킬 등 실무에 관한 내용 위주로 구성된답니다! 2차 컬쳐핏 인터뷰 • 메이사의 C-Level 1분과 피플매니저 등 총 3분 내외의 분과 함께하는 인터뷰예요! • 서로가 생각하는 커리어의 방향, 문화, 비전 등 컬쳐핏을 확인하는 내용으로 구성된답니다! 메이사 Crew Benefit! 메이사 알아보기! 메이사 소개 메이사가 일하는 방식 메이사 오피스 투어 메이사 채용공고 메이사의 복지","","","서울","","","","","","active","2026-04-04T04:26:41.846303","2026-04-04T04:26:41.846329","True"
"333","746","주식회사 메이사","전략팀 리드(Strategy Team Lead)","https://recruit.meissa.ai/4db44a1e-ca0b-49f9-b75a-271bfeb490be","공간 정보 로 인류의 첫 걸음을 편리하게 ! 기술로 세상을 함께 변화 시키는 여정에 함께 할 Strategy Team Lead 를 찾습니다! 메이사 기업전략팀은 이런 팀이예요! • 메이사가 3년, 5년 나아가야 할 방향을 가장 먼저 고민하고 그림을 그려요. • 중장기 전략과 로드맵 수립, IR 전략 리드, 신규 시장 진출 검토 등 경영 전략의 전반을 리딩해요. • 사업팀, 프로덕트팀, R&D팀 등 사내 주요 부서와 모두 소통하면서 연결고리 역할을 담당해요. • 글로벌 탑티어 컨설팅 펌, 글로벌 IT 대기업, 스타트업 창업 등 다양한 백그라운드를 가진 리더/팀원들과 토론하고 협의하며 회사의 앞날을 개척해 나갑니다! 합류하시면 이런 일을 함께 해요! • 전사 전략 및 로드맵 수립 ◦ 중장기 전략 수립 및 refine, 세부 사업계획 및 로드맵 수립, 투자 전략 수립 및 실행 등 • 사업 성과 분석 ◦ 지역, 고객별 당사 성과 분석 및 개선 포인트 도출, action plan 수립 • 사업 확대를 위한 신규 시장 및 산업 분석 ◦ 글로벌 시장 진출을 위한 국가별 시장 분석 및 우선순위화 ◦ 건설 외 산업 확대를 위한 산업별 매력도 분석 및 우선순위화 메이사는 이런 분들 찾고 있어요! • 전략 컨설팅펌 업무 경력 2-5년 보유하신 분 • 또는, 대기업에서 사업기획/사업개발/경영전략/신사업 등 유관 업무 경력 3-5년 보유하신 분 • 또는, 스타트업에서 사업기획/서비스기획/사업개발 등 유관 업무 경력 3-5년 보유하신 분 • 성장하는 조직에서, 함께 의미있는 결과를 만들어내는 챌린징한 과정을 즐기시는 분 • (우대) 팀을 리딩하고 매니징해본 경력을 보유하신분 이런 성향, 경험을 가지셨다면 더욱 좋아요! • 초기 스타트업, 창업에 대한 관심이 많으신 분 • 사업 기획, 전략, 컨설팅 커리어에 관심이 많으신 분 • 드론, 데이터, 이미지 분석 등에 관심이 있으신 분 • 주도적으로 자신의 업무 영역을 개척해나가는 분 • 성장하는 환경에서 빠르게 적응하고 다양한 역할 수행이 가능한 분 메이사 Crew Benefit! 합류여정을 안내해드릴게요! 전형 절차 • 서류 전형 → 1차 실무 인터뷰 > 2차 컬쳐 인터뷰 > 최종 합격 1차 실무 인터뷰 • 해당 포지션과 업무 연관성이 높은 팀원 및 소속리더와 함께 하는 실무 위주 인터뷰예요! • 1~3명의 팀원과 1시간 내외로 진행되며 상황에 따라 시간 및 면접 인원은 유동적이랍니다! • 그동안 경험하셨던 업무 내용, 스킬 등 실무에 관한 내용 위주로 구성된답니다! 2차 컬쳐핏 인터뷰 • 메이사의 C-Level 1분과 피플매니저 등 총 3분 내외의 분과 함께하는 인터뷰예요! • 서로가 생각하는 커리어의 방향, 문화, 비전 등 컬쳐핏을 확인하는 내용으로 구성된답니다! 메이사를 더 알아보세요! 메이사 소개 메이사가 일하는 방식 메이사 오피스 투어 메이사 채용공고 메이사의 복지혜택 메이사가 걸어온 길 메이사 오시는 길! 채용 문의 : recruit@meissa.ai • 채용 관련 문의사항이 있다면 편하게 연락주세요! 오피스 : 서울특별시 강남구 봉은사로18길 70, 1F~5F • 2호선 강남역 11번 출구 도보 400m , 9호선 신논현역 4번출구 400m 거리에 위치해있습니다!","","","• 서류 전형 → 1차 실무 인터뷰 > 2차 컬쳐 인터뷰 > 최종 합격 1차 실무 인터뷰 • 해당 포지션과 업무 연관성이 높은 팀원 및 소속리더와 함께 하는 실무 위주 인터뷰예요! • 1~3명의 팀원과 1시간 내외로 진행되며 상황에 따라 시간 및 면접 인원은 유동적이랍니다! • 그동안 경험하셨던 업무 내용, 스킬 등 실무에 관한 내용 위주로 구성된답니다! 2차 컬쳐핏 인터뷰 • 메이사의 C-Level 1분과 피플매니저 등 총 3분 내외의 분과 함께하는 인터뷰예요! • 서로가 생각하는 커리어의 방향, 문화, 비전 등 컬쳐핏을 확인하는 내용으로 구성된답니다! 메이사를 더 알아보세요! 메이사 소개 메이사가 일하는 방식 메이사 오피스 투어 메이사 채용공고 메이사의 복지","","","서울","","","","","","active","2026-04-04T04:26:52.439149","2026-04-04T04:26:52.439172","True"
"334","746","주식회사 메이사","일본 CX 담당자 (Global CX Manager)","https://recruit.meissa.ai/ff93149f-901b-46f5-a650-2bc40a14a7b1","기술로 세상을 함께 변화시키는 여정에 함께 할 일본 CX 담당자 ( Global CX Manager) 를 찾습니다! 메이사는 이런 회사 에요 메이사는 국내의 스마트건설 업계의 B2B SaaS 탑 플레이어입니다. • 국내 TOP 10 대기업 건설사 중 8 곳에서 사용 중이며, 매년 2배 매출 성장세를 만들고 있습니다. ◦ 한국에서의 성공 방정식을 바탕으로 일본에 진출을 본격화하고 있어요. • B2B 제품은 이해관계자가 많고, 도입 및 사용 과정이 단순하지 않아요. 해당 과정에서 고객사의 니즈와 환경에 맞추어 메이사 플랫폼을 잘 사용할 수 있도록 제품 이슈 해결을 리드하고, 메이사에서 추구하는 고객 경험을 설계합니다. 고객의 문제를 가장 먼저, 가까이에서 해결하고 예상되는 문제를 예방하거나 선제 조치하여 제품을 지속 사용하여 고객사의 성공을 견인합니다. 메이사 해외사업개발팀은 이런 팀 이에요 국내 스마트건설 업계의 B2B SaaS 탑 플레이어, 메이사의 성장 동력을 해외 시장에 접목하여 시장을 확장하는 일 을 담당합니다. 어떤 기회 가 있나요? 건설은 개인의 의식’주’ 해결과 사회에 꼭 필요한 인프라를 구성하는 일본의 주요 산업입니다. • 해당 산업의 DX(Digital Transformation)의 과정에 메이사가 지향하는 고객 경험을 담당하는 CX 매니저로 성장할 수 있습니다. • Global Business Development 팀의 일원으로 초기 해외시장 고객과의 모든 접점(홈페이지, 플랫폼, 모바일, 온/오프라인 CS 과정 등)에서 고객 경험을 리딩할 수 있습니다. • 드론, 로보틱스, AI 등 H/W와 S/W 업계가 함께 연계되어 다양한 경험을 바탕으로 커리어를 쌓을 수 있습니다. 합류하시면 이런 일 을 함께 해요 일본 해외시장 개척을 위한 B2B 고객의 VOC를 수집하고, 타 팀에 전달하여 문제를 해결할 수 있도록 제품에 관여합니다. • 고객사의 피드백, 니즈를 파악하여 솔루션 확장 방안을 제시하고 설계합니다. • CX 핵심 지표를 설계하여 제품의 고객 만족을 위한 최상의 방법을 제안합니다. • 고객이 마주하는 기술적인 문제에 대응하여 최선의 해답을 찾아 전달합니다. • 일본사업개발 매니저와 함께 일본 시장을 개척합니다. 메이사는 이런 분 을 찾고 있어요 일본어에 능통하신 분(Business 수준 이상) • B2B SaaS, IT 솔루션 CX 경력자(3년 이상) • 산업과 고객의 목소리를 적극적으로 내부에 전달 하실 분 • 뛰어난 커뮤니케이션 능력으로 내/외부 적극적으로 대화가 가능하신 분 • CX 프로세스를 설계해보셨거나 CX 프로세스가 잘 갖추어진 조직에서의 경험을 보유하신 분 • AutoCAD 툴 활용이 가능하신 분 • 반복되는 일을 참지 않고 무엇이든 개선하는 분 • 메이사의 CX의 기준을 정의하고 개선하고 싶은 분 • 해외여행에 결격사유가 없는 분 • 해외 출장 및 근무가 가능한 분 이런 성향, 경험 을 가지셨다면 더욱 좋아요 일본 국적자 또는 Native 수준 일본어 능통하신 분 • 건설 산업에 대한 이해도가 높으신 분 • 건축/토목/측량/GIS 등 관련 전공 및 이공계 전공을 하신 분 • 문서 작성 능력이 뛰어나신 분 • 스타트업에서 일해보신 분 또는 자기 주도적으로 일하시는 분 • 운전 가능하신 분 • BIM 소프트웨어를 활용해보신 분(Revit, Civil 3D, Navisworks, Infraworks 등) • 일본 현지 거주 경험이 있으신 분 • 일본 취업을 희망하시는 분 근무형태 월 ~ 금 (주 5일, 주 40시간) • 08:00 ~ 11:00 유연출근, 6시간 근무 후 퇴근 가능 (자율 근무) • 주 2회 재택근무, 주 3회 사무실 출근 (3개월 수습기간 종료 후) 합류여정 을 안내해드릴게요 서류접수 및 검토 > 1차 실무 인터뷰 > 2차 컬쳐 인터뷰 > 합류여부 결정 • 단계별 자세한 내용이 궁금하다면? 메이사 합류여정 클릭! 기타 채용 문의 : recruit@meissa.ai","","","","재택근무","","","","","","","","active","2026-04-04T04:27:08.192854","2026-04-04T04:27:08.192886","True"
"335","746","주식회사 메이사","일본 마케팅 인턴 (Global Marketing Intern)","https://recruit.meissa.ai/c59d580e-da29-41f0-a3a2-38a5aabc40a7","기술로 세상을 함께 변화 시키는 여정에 함께 할 일본 마케팅 인턴 ( Global Marketing Intern) 을 찾습니다! 메이사는 이런 회사 에요 메이사는 국내의 스마트건설 업계의 B2B SaaS 탑 플레이어입니다. • 국내 TOP 10 대기업 건설사 중 8 곳에서 사용 중이며, 매년 2배 매출 성장세를 만들고 있습니다. ◦ 한국에서의 성공 방정식을 바탕으로 일본에 진출을 본격화하고 있어요. • B2B 제품은 이해관계자가 많고, 구매 여정이 단순하지 않아요. 그렇기에 더욱 정교한 타깃팅과 통찰력 있는 데이터 리터러시가 필요합니다. 뚝심있게, 차가운 머리와 열정으로 메이사의 일본 시장을 개척할 마케터를 찾습니다. 메이사 해외사업개발팀은 이런 팀 이에요 국내 스마트건설 업계의 B2B SaaS 탑 플레이어, 메이사의 성장 동력을 해외 시장에 접목하여 시장을 확장하는 일 을 담당합니다. 어떤 기회 가 있나요? 건설은 개인의 의식’주’ 해결과 사회에 꼭 필요한 인프라를 구성하는 일본의 주요 산업입니다. • 해당 산업의 DX(Digital Transformation)의 과정에 메이사가 지향하는 고객 경험을 담당하는 CX 매니저로 성장할 수 있습니다. • Global Business Development 팀의 일원으로 초기 해외시장 고객과의 모든 접점(홈페이지, 플랫폼, 모바일, 온/오프라인 CS 과정 등)에서 고객 경험을 리딩할 수 있습니다. • 드론, 로보틱스, AI 등 H/W와 S/W 업계가 함께 연계되어 다양한 경험을 바탕으로 커리어를 쌓을 수 있습니다. 합류하시면 이런 일 을 함께 해요 일본 해외시장 개척을 위한 B2B 마케팅 full-funnel의 온/오프라인 마케팅 전략을 함께 기획하고, 실행 및 모니터링 합니다 • 주요 채널별 필요한 콘텐츠를 기획하고, 제작합니다(홈페이지 블로그, Twitter 등) • 효과적이고 적합한 매체를 발굴하고 유기적인 운영 세팅을 지원합니다 • 오프라인 행사인 전시회를 함께 기획하고, 준비합니다 • 웹/앱 메이사 제품을 번역하고 UI 현지화를 지원합니다. 메이사는 이런 분 을 찾고 있어요 일본어에 능통하신 분( Native 급 ) • 논리적인 글쓰기가 가능한 분 • 업무 루틴을 세울 수 있고, 꾸준히 실천할 수 있는 분 • 다양한 이해관계자와 원만한 커뮤니케이션이 가능한 분 • B2B SaaS에 대한 이해와 관심이 있는 분 • 해외여행에 결격사유가 없는 분 • 해외 출장 및 근무가 가능한 분 이런 성향, 경험 을 가지셨다면 더욱 좋아요 일본 국적자 또는 Native 수준 일본어 능통하신 분 • 미디어 서비스에서 콘텐츠를 기획, 제작한 경험이 있는 분 • B2B 테크 블로그 작성 경험이 있는 분 • 일본 현지 거주 경험이 있으신 분 • IT업계 및 IT기술에 관심이 있는 일본국적자이신 분 근무형태 월 ~ 금 (주 5일, 주 40시간) • 3개월 인턴근무 후 정규직 전환 평가 • 08:00 ~ 11:00 유연출근, 6시간 근무 후 퇴근 가능 (자율 근무) • 주 2회 재택근무, 주 3회 사무실 출근 (3개월 수습기간 종료 후) 합류여정 을 안내해드릴게요 서류접수 및 검토 > 1차 실무 인터뷰 > 2차 컬쳐 인터뷰 > 합류여부 결정 • 단계별 자세한 내용이 궁금하다면? 메이사 합류여정 클릭! 기타 채용 문의 : recruit@meissa.ai","","","","재택근무","","","정규직","","","","","active","2026-04-04T04:27:15.280019","2026-04-04T04:27:15.280040","True"
"336","746","주식회사 메이사","일본 기술지원 담당자 (Global Technical Support Manager)","https://recruit.meissa.ai/f10e7c8f-b8a5-46a7-92c5-361285838dc3","기술로 세상을 함께 변화시키는 여정에 함께 할 일본 기술지원 담당자 (Technical Support Manager ) 를 찾습니다! 메이사는 이런 회사 에요 메이사는 국내의 스마트건설 업계의 B2B SaaS 탑 플레이어입니다. • 국내 TOP 10 대기업 건설사 중 8 곳에서 사용 중이며, 매년 2배 매출 성장세를 만들고 있습니다. ◦ 한국에서의 성공 방정식을 바탕으로 일본에 진출을 본격화하고 있어요. • B2B 제품은 이해관계자가 많고, 도입 및 사용 과정이 단순하지 않아요. 해당 과정에서 고객사의 니즈와 환경에 맞추어 메이사 플랫폼을 잘 사용할 수 있도록 제품 및 기술적 이슈 해결을 리드하고, 메이사에서 추구하는 고객 경험을 설계합니다. • 고객의 문제를 가장 먼저, 가까이에서 해결하고 예상되는 문제를 예방하거나 선제 조치하여 제품을 지속 사용하여 고객사의 성공을 견인합니다. 메이사 해외사업개발팀은 이런 팀 이에요 국내 스마트건설 업계의 B2B SaaS 탑 플레이어, 메이사의 성장 동력을 해외 시장에 접목하여 시장을 확장하는 일 을 담당합니다. 어떤 기회 가 있나요? 건설은 개인의 의식’주’ 해결과 사회에 꼭 필요한 인프라를 구성하는 일본의 주요 산업입니다. • 해당 산업의 DX(Digital Transformation)의 과정에 메이사 해외 고객의 제품 및 기술적 이슈를 빠르게 대응하여 고객 경험을 개선합니다. • Global Business Development 팀의 일원으로 초기 해외 고객과의 모든 접점에서 고객 경험을 만드는 경험을 함께 진행할 수 있습니다. • 드론, 로보틱스, AI 등 H/W와 S/W 업계가 함께 연계되어 다양한 경험을 바탕으로 커리어를 쌓을 수 있습니다. 합류하시면 이런 일 을 함께 해요 고객이 마주하는 기술적인 문제에 대응하여 최선의 해답을 찾아 전달합니다. • 고객의 VOC를 수집하고, 타 팀에 전달하여 문제를 해결할 수 있도록 제품에 관여합니다. • 고객의 피드백, 니즈를 파악하여 솔루션 확장 방안을 제시하고 설계합니다. • CX 핵심 지표를 함께 설계하여 제품의 고객 만족을 위한 최상의 방법을 제안합니다. 메이사는 이런 분 을 찾고 있어요 일본어에 능통하신 분(Business 수준 이상) • 1~2개월에 1회 이상 일본 출장 가능하신 분 • 건설 산업에 대한 이해도가 높으신 분 • 건축/토목/측량/GIS 등 관련 전공을 하신 분 • AutoCAD 툴 활용이 가능하신 분 • 산업과 고객의 목소리를 적극적으로 내부에 전달 하실 분 • 해외여행에 결격사유가 없는 분 • 장기출장 발생 시 일본 장기체류 가능하신 분 (예정) 이런 성향, 경험 을 가지셨다면 더욱 좋아요 일본 업체와의 비즈니스 경험이 1년 이상 되시는 분 • 일본 고객사 응대/대응 경험이 있으신 분 • IT 업계/B2B SaaS에 이해도가 높으신 분 • 문서 작성 능력이 뛰어나신 분 • 스타트업에서 일해보신 분 또는 자기 주도적으로 일하시는 분 • 운전 가능하신 분 • BIM 소프트웨어를 활용해보신 분(Revit, Civil 3D, Navisworks, Infraworks 등) • 일본 현지 거주 경험이 있으신 분 근무형태 월 ~ 금 (주 5일, 주 40시간) • 08:00 ~ 11:00 유연출근, 6시간 근무 후 퇴근 가능 (자율 근무) • 주 2회 재택근무, 주 3회 사무실 출근 (3개월 수습기간 종료 후) 합류여정 을 안내해드릴게요 서류접수 및 검토 > 1차 실무 인터뷰 > 2차 컬쳐 인터뷰 > 합류여부 결정 • 단계별 자세한 내용이 궁금하다면? 메이사 합류여정 클릭! 기타 채용 문의 : recruit@meissa.ai","","","","재택근무","","","","","","","","active","2026-04-04T04:27:20.077482","2026-04-04T04:27:20.077501","True"
"337","746","주식회사 메이사","R&D Project Manager","https://recruit.meissa.ai/2f82973c-1a5f-80fa-bfc8-e6c5d4c4b921","공간 정보 로 인류의 첫 걸음을 편리하게 ! 기술로 세상을 함께 변화 시키는 여정에 함께 할 R&D Project Manager 를 찾습니다! 메이사 Dev팀은 이런 팀 이에요 • 통합 플랫폼 개발 : 위성 스케줄링, 위성 영상의 전처리와 후처리가 하나로 통합된 SaaS 플랫폼을 개발합니다. • 대용량 데이터 관리 : 대용량 위성 영상을 안정적으로 관리하고 서비스할 수 있는 환경을 구축합니다. • AI 파이프라인 구축 : AI 기술을 활용한 모델들이 GIS 영상에 빠르게 적용될 수 있도록 효율적인 파이프라인을 고민합니다. • 신사업 발굴: 국방·항공우주 및 공공 분야의 신규 R&D 과제 또는 사업을 선제적으로 발굴하여 기술적 영향력을 확장합니다. 합류하시면 이런 일 을 함께 해요 1. 수요처 소통 및 대외 커뮤니케이션 • 수요처와의 정기/비정기 미팅 어레인지 및 논의 주도 • 미팅 주요 결정 사항 기록 및 내/외부 이해관계자 공유 2. 요구사항 분석 및 일정 조율 • 수요처의 요구사항을 수렴하고, 개발팀의 기술적 리소스를 고려하여 범위와 일정 협의 3. 문서 작성 및 R&D 사업 산출물 관리 • 사업 제안서, 과제 수행계획서, 발표용 PPT 구성 및 작성 • 단계별 필수 산출물(착수/중간/최종 보고서, 월간/주간 보고서 등) 관리 및 기술 문서 통합 작업 4. 내부 브릿지 역할 및 리스크 관리 • 개발 진행 상황을 파악하여 외부 변수(요구사항 변경 등)를 팀에 전달 • 일정 지연 요소나 기술적 병목 발생 시, 수요처 협의를 통한 선제적 대응 및 대안 제시 5. 품질 검수(QA) 지원 및 사후 관리 • 산출물이 수요처의 요구사항(RFP)과 일치하는지 최종 검토 • 최종 결과물 인도 및 유지보수 기간 내 인입되는 추가 요청 창구 일원화 메이사는 이런 분 을 찾고 있어요 • 실무 경력 5년 이상 또는 그에 준하는 역량을 보유하신 분 • 최소 1개 이상의 프로젝트를 독립적으로 리딩하여 성공적으로 완수한 경험이 있으신 분 • 개발팀 및 다양한 이해관계자와 원활하게 소통할 수 있는 커뮤니케이션 능력 을 갖추신 분 이런 성향, 경험 을 가지셨다면 더욱 좋아요 • 정부 과제(R&D) 혹은 용역사업의 프로세스에 대한 깊은 이해 및 수행 경험이 있으신 분 • 영상 데이터나 GIS 데이터를 활용한 프로젝트 관리 경험이 있으신 분 • 주니어 PM을 리딩하고 성장을 도운 경험이 있으신 분 합류여정 을 안내해드릴게요 서류접수 및 검토 > 1차 실무 인터뷰 > 2차 컬쳐 인터뷰 > 합류여부 결정 • 서류전형 합격 시 프로젝트 리딩 경험 관련 포트폴리오를 요청드리며, 해당 포트폴리오를 토대로 실무진과 질의응답 형식의 1차 실무 인터뷰를 진행하시게 됩니다. • 단계별 자세한 내용이 궁금하다면? 메이사 합류여정 클릭! 메이사 알아보기! 메이사 소개 메이사가 일하는 방식 메이사 오피스 투어 메이사 채용공고 메이사의 복지혜택 메이사가 걸어온 길 메이사 오시는 길! 채용 문의 : recruit@meissa.ai • 채용 관련 문의사항이 있다면 편하게 연락주세요! 오피스 : 서울특별시 강남구 봉은사로18길 70, 1F~5F • 2호선 강남역 11번 출구 도보 400m , 9호선 신논현역 4번출구 400m 거리에 위치해있습니다! 마지막 업데이트: @ 3/7/2025","","","","","","서울","","","","","","active","2026-04-04T04:27:27.027299","2026-04-04T04:27:27.027325","True"
"338","780","(주)신한디에스","사이트맵","https://www.shinhands.co.kr/career/talent","Shinhan 그룹소개 미션·핵심가치·그룹 비전 그룹사소개 사업라인 제휴사소개 About 신한DS 소개 CEO 인사말 ESG 연혁 회사위치 Story 신한DS 소식 PR CENTER Work 디지털신기술 인공지능 블록체인 Open API 사물인터넷 클라우드 UX 정보보안 보안컨설팅 보안SI 보안관제 전문가 서비스 IT 서비스 IT 서비스 개발 IT 서비스 운영 IT 인프라 운영 솔루션 데이터전문기관 솔루션 IoT동산관리 시스템 금융공동망 솔루션 전자어음 시스템 인사 시스템 PC사용시간관리 시스템 신한 Solution GLOBAL VIETNAM Insight 사업공시 인증&특허 인증현황 특허현황 고객사 소개 구축사례 SI 정보보안 Career 채용안내 인재상 인사제도 직무소개 인재육성 성과보상제도 기업문화 복리후생 임직원 인터뷰 채용안내 인재상 인사제도 직무소개 인재육성 성과보상제도 기업문화 복리후생 임직원 인터뷰 Career 인재상 신한DS와 미래를 함께 할 역량있는 인재를 찾습니다. 바르게 01 고객과 미래를 기준으로 바른 길을 선택하는 인재 빠르게 02 빠르게 실행하고 배우며 성장하는 인재 다르게 03 다름을 존중하며 남다른 결과를 만드는 인재 즐겁게 04 솔직한 소통으로 가치를 함께 나누는 인재","","","","","","","","","","","","active","2026-04-04T04:29:34.718949","2026-04-04T04:29:34.718973","True"
"339","789","(주)퓨쳐시스템","주메뉴","https://www.future.co.kr/company/company05.php#job-3631a748-0","제품 네트워크 보안 클라우드 보안 무선 보안 통합 관리 서비스 고객지원 전문상담 파트너 교육안내 다운로드 홍보센터 회사소식 보도기사 회사소개 기업정보 CEO 인사말 사업영역 회사연혁 채용정보 Contact Us","","","","","","","","","","","","active","2026-04-04T04:30:26.402183","2026-04-04T04:30:26.402201","True"
"340","793","(주)이앤오즈","우수 강사진","https://www.enoz.co.kr/info/teachers#job-2aa7a376-1","""교육의 도시 필리핀 마닐라 현지 법인센터 운영"" 전/현직 영어 교사 및 교육학 이수자 대상으로 선발 이앤오즈만의 체계적인 강사 채용 관리시스템 으로 운영 이앤오즈 대표강사님을 소개해 드립니다. 우수 강사진 업데이트 중입니다.","","","","","","","","","","","","active","2026-04-04T04:30:33.687794","2026-04-04T04:30:33.687816","True"
"341","793","(주)이앤오즈","""교육의 도시 필리핀 마닐라 현지 법인센터 운영""","https://www.enoz.co.kr/info/teachers#job-f2b77ac1-2","전/현직 영어 교사 및 교육학 이수자 대상으로 선발 이앤오즈만의 체계적인 강사 채용 관리시스템 으로 운영 이앤오즈 대표강사님을 소개해 드립니다.","","","","","","","","","","","","active","2026-04-04T04:30:33.695787","2026-04-04T04:30:33.695805","True"
"342","808","주식회사 지오케이","지오케이","http://www.goks.co.kr/31","알림 뒤로 알림 설정 뒤로 더보기 게시물 알림 내 글 반응 내가 작성한 게시물이나 댓글에 다른 사람이 댓글이나 답글을 작성하면 알려줍니다. 공지사항 사이트에서 보내는 중요한 공지를 실시간으로 알려줍니다. 회사소개 CEO 인사말 연혁 비전 사업분야 주요실적 사업실적 인증 및 증명서 고객센터 오시는 길 문의하기 인재모집 인재상 채용공고 회사소개 CEO 인사말 연혁 비전 사업분야 주요실적 사업실적 인증 및 증명서 고객센터 오시는 길 문의하기 인재모집 인재상 채용공고 지오케이는 도전과 성취를 함께할 역량있는 인재 를 기다리고 있습니다 지오케이는 도전과 성취를 함께할 역량있는 인재 를 기다리고 있습니다 채용절차 전 세계를 무대로 활동하며, 글로벌 리더로 성장할 수 있는 기회를 제공합니다 1차 면접 (온라인 모집) 지원서 서류전형 2차 면접 (서류 합격자에 한함) 오프라인 장소: 지오케이 본사 채용 Q&A 궁금한 점이 있으신가요? 언제든지 답변해 드리겠습니다 지원서 제출 후 결과는 언제 알 수 있나요? 지원서 제출 후 약 2주 이내에 서류 심사 결과를 안내해 드립니다. 각 단계별 결과는 최대한 신속하게 안내해 드리며, 최종 결과는 모든 면접이 완료된 후 통보해 드립니다. 회사의 문화와 분위기는 어떤가요? 지오케이는 개방적이고 협력적인 문화를 지향합니다. 모든 직원이 자유롭게 의견을 나누고 협력하며, 함께 성장하는 분위기를 조성하고 있습니다. 우리는 모두가 서로를 존중하고, 팀워크를 중시합니다. 추가로 궁금한 사항이 있으면 어떻게 하나요? 추가로 궁금한 사항이 있으시면 언제든지 지오케이 채용 담당자에게 문의해 주세요. 채용 페이지에 있는 이메일을 통해 질문을 남기시면 신속하게 답변 드리겠습니다. 채용 문의 지오케이는 도전과 성장을 추구하는 인재를 기다리고 있습니다 지오케이 는 신뢰할 수 있는 보안 솔루션을 제공하며, 함께 미래를 설계할 인재를 찾고 있습니다 지오케이와 도전을 즐기고 성취를 함께 나눌 수 있는 인재를 기다리고 있습니다. 혁신을 주도할 창의적이고 열정적인 인재라면 지오케이와 변화를 만들어보세요. 채용절차 전 세계를 무대로 활동하며, 글로벌 리더로 성장할 수 있는 기회를 제공합니다. 1차 면접 (온라인 모집) 지원서 서류전형 2차 면접 (서류 합격자에 한함) 오프라인 장소: 지오케이 본사 채용 Q&A 궁금한 점이 있으신가요? 언제든지 답변해 드리겠습니다. 지원서 제출 후 결과는 언제 알 수 있나요? 지원서 제출 후 약 2주 이내에 서류 심사 결과를 안내해 드립니다. 각 단계별 결과는 최대한 신속하게 안내해 드리며, 최종 결과는 모든 면접이 완료된 후 통보해 드립니다. 회사의 문화와 분위기는 어떤가요? 지오케이는 개방적이고 협력적인 문화를 지향합니다. 모든 직원이 자유롭게 의견을 나누고 협력하며, 함께 성장하는 분위기를 조성하고 있습니다. 우리는 모두가 서로를 존중하고, 팀워크를 중시합니다. 추가로 궁금한 사항이 있으면 어떻게 하나요? 추가로 궁금한 사항이 있으시면 언제든지 지오케이 채용 담당자에게 문의해 주세요. 채용 페이지에 있는 이메일을 통해 질문을 남기시면 신속하게 답변 드리겠습니다. 채용 문의 지오케이는 도전과 성장을 추구하는 인재를 기다리고 있습니다. 지오케이 는 신뢰할 수 있는 보안 솔루션을 제공하며, 함께 미래를 설계할 인재를 찾고 있습니다. 지오케이와 도전을 즐기고 성취를 함께 나눌 수 있는 인재를 기다리고 있습니다. 혁신을 주도할 창의적이고 열정적인 인재라면 지오케이와 변화를 만들어보세요. (주) 지오케이 사업자 등록번호 : 263-86-02525 본 사 : 경기도 고양시 덕양구 삼원로 63, 8층 806~809호, 826호 세종지사 : 세종특별자치시 갈매로 364, 2014호 전화번호 : 031-994-6771 이메일 : goks@goks.co.kr FAX : 031-994-6772 CS CENTER 031-994-6771 주중 오전10시 - 오후 6시","","","알림 뒤로 알림 설정 뒤로 더보기 게시물 알림 내 글 반응 내가 작성한 게시물이나 댓글에 다른 사람이 댓글이나 답글을 작성하면 알려줍니다. 공지사항 사이트에서 보내는 중요한 공지를 실시간으로 알려줍니다. 회사소개 CEO 인사말 연혁 비전 사업분야 주요실적 사업실적 인증 및 증명서 고객센터 오시는 길 문의하기 인재모집 인재상 채용공고 회사소개 CEO 인사말 연혁 비전 사업분야 주요실적 사업실적 인증 및 증명서 고객센터 오시는 길 문의하기 인재모집 인재상 채용공고 지오케이는 도전과 성취를 함께할 역량있는 인재 를 기다리고 있습니다 지오케이는 도전과 성취를 함께할 역량있는 인재 를 기다리고 있습니다 채용절차 전 세계를 무대로 활동하며, 글로벌 리더로 성장할 수 있는 기회를 제공합니다 1차 면접 (온라인 모집) 지원서 서류전형 2차 면접 (서류 합격자에 한함) 오프라인 장소: 지오케이 본사 채용 Q&A 궁금한 점이 있으신가요? 언제든지 답변해 드리겠습니다 지원서 제출 후 결과는 언제 알 수 있나요? 지원서 제출 후 약 2주 이내에 서류 심사 결과를 안내해 드립니다. 각 단계별 결과는 최대한 신속하게 안내해 드리며, 최종 결과는 모든 면접이 완료된 후 통보해 드립니다. 회사의 문화와 분위기는 어떤가요? 지오케이는 개방적이고 협력적인 문화를 지향합니다. 모든 직원이 자유롭게 의견을 나누고 협력하며, 함께 성장하는 분위기를 조성하고 있습니다. 우리는 모두가 서로를 존중하고, 팀워크를 중시합니다. 추가로 궁금한 사항이 있으면 어떻게 하나요? 추가로 궁금한 사항이 있으시면 언제든지 지오케이 채용 담당자에게 문의해 주세요. 채용 페이지에 있는 이메일을 통해 질문을 남기시면 신속하게 답변 드리겠습니다. 채용 문의 지오케이는 도전과 성장을 추구하는 인재를 기다리고 있습니다 지오케이 는 신뢰할 수 있는 보안 솔루션을 제공하며, 함께 미래를 설계할 인재를 찾고 있습니다 지오케이와 도전을 즐기고 성취를 함께 나눌 수 있는 인재를 기다리고 있습니다. 혁신을 주도할 창의적이고 열정적인 인재라면 지오케이와 변화를 만들어보세요. 채용절차 전 세계를 무대로 활동하며, 글로벌 리더로 성장할 수 있는 기회를 제공합니다. 1차 면접 (온라인 모집) 지원서 서류전형 2차 면접 (서류 합격자에 한함) 오프라인 장소: 지오케이 본사 채용 Q&A 궁금한 점이 있으신가요? 언제든지 답변해 드리겠습니다. 지원서 제출 후 결과는 언제 알 수 있나요? 지원서 제출 후 약 2주 이내에 서류 심사 결과를 안내해 드립니다. 각 단계별 결과는 최대한 신속하게 안내해 드리며, 최종 결과는 모든 면접이 완료된 후 통보해 드립니다. 회사의 문화와 분위기는 어떤가요? 지오케이는 개방적이고 협력적인 문화를 지향합니다. 모든 직원이 자유롭게 의견을 나누고 협력하며, 함께 성장하는 분위기를 조성하고 있습니다. 우리는 모두가 서로를 존중하고, 팀워크를 중시합니다. 추가로 궁금한 사항이 있으면 어떻게 하나요? 추가로 궁금한 사항이 있으시면 언제든지 지오케이 채용 담당자에게 문의해 주세요. 채용 페이지에 있는 이메일을 통해 질문을 남기시면 신속하게 답변 드리겠습니다. 채용 문의 지오케이는 도전과 성장을 추구하는 인재를 기다리고 있습니다. 지오케이 는 신뢰할 수 있는 보안 솔루션을 제공하며, 함께 미래를 설계할 인재를 찾고 있습니다. 지오케이와 도전을 즐기고 성취를 함께 나눌 수 있는 인재를 기다리고 있습니다. 혁신을 주도할 창의적이고 열정적인 인재라면 지오케이와 변화를 만들어보세요. (주) 지오케이 사업자 등록번호 : 263-86-02525 본 사 : 경기도 고양시 덕양구 삼원로 63, 8층 806~809호, 826호 세종지사 : 세종특별자치시 갈매로 364, 2014호 전화번호 : 031-994-6771 이메일 : goks@goks.co.kr FAX : 031-994-6772 CS CENTER 031-994-6771 주중 오전10시 - 오후 6시 이용약관 개인정보 처리방침 (주) 지오케이 사업자 등록번호 : 263-86-02525 본 사 : 경기도 고양시 덕양구 삼원로 63, 8층 806~809호, 826호 세종지사 : 세종특별자치시 갈매로 364, 2014호 전화번호 : 031-994-6771 이메일 : goks@goks.co.kr FAX : 031-994-6772 CS CENTER 031-994-6771 주중 오전 09시 - 오후 6시 이용약관 개인정보 처리방침","","","경기","","","","","","active","2026-04-04T04:31:06.834444","2026-04-04T04:31:06.834469","True"
"344","845","사회정보연구원","시설장 요양방문사 채용공고","http://sir.or.kr/%ea%b3%b5%ec%a7%80%ec%82%ac%ed%95%ad/?vid=32#job-b484818d-0","주요업무 시설장 1 명 정규직 사회복지사 자격증 소지자 및 관련 경력 3 년 이상 등 ( 재가시설 운영 경험자 우대 ) 기관 실무총괄 운영 요양보호사 00 명 정규직 , 계약직 요양보호사 1 급 또는 2 급 자격증 소지자 수급자 가정 방문 , 신체활동 · 가사 · 정서지원 등 3. 근무조건 구분 내용 근무시간 시설장 : 주 5 일 (09:00~18:00) 요양보호사 : 수급자 일정에 따른 탄력근무 (1 일 3~6 시간 ) 근무장소 은평구 일대 수급자 가정 임금수준 시설장 : 월 230 만원 ( 경력에 따라 협의 가능 ) 요양보호사 : 최소 시간당 12,700 원 이상 ( 등급별 차등지급 , 수당포함 )","","","","","","","","","","","","active","2026-04-04T04:33:06.175149","2026-04-04T04:33:06.175171","True"
"345","854","주식회사 에이치투테크","채용 정보","http://www.h2tech.kr/recruitment.html#job-909ea033-2","자격 요건 모집분야 프로그램 개발 접수기간 및 방법 제출서류 자격요건 -학력: 대졸이상 (졸업예정자 가능) -학력: 대졸이상 (졸업예정자 가능) -학력: 대졸이상 (졸업예정자 가능) -학력: 대졸이상 (졸업예정자 가능) -S/W(WEB, C/S) 개발에 관심이 많은 개발자 -JAVA / WEB 프로그램(javascript 필수) -경력,신입 우대사항 -C, C++, MFC, GCC 경험자 -전자정부 프레임워크, 스프링 가능자 -스스로 SW를 개발해본 유경험자 -관련 학과 전공자 -Python 개발 가능자 -정보처리기사 자격증 기간: 충원시까지 방법: 이메일 지원 -이력서, 자기소개서, 포트폴리오 제출 -최종 합격 후 주민등록 등본 제출 (허위 사실이 발견 될 경우 채용이 취소될 수 있습니다.) 채용 절차 서류심사 신입/경력 관계 없이 입사지원 양식에 맞게 이력서 작성 후 입사지원 실무진 면접 직무에 적합한 지원자의 역량과 인성, 가치관 및 발전가능성을 종합적으로 심사 임원진 면접 조직과 직무에 적합한 인재를 최종 선발 채용확정 개별 유선통화 및 E-mail, SNS를 통한 결과 안내","","","","","","","","","","","","active","2026-04-04T04:33:17.560192","2026-04-04T04:33:17.560212","True"
"346","854","주식회사 에이치투테크","자격 요건","http://www.h2tech.kr/recruitment.html#job-9d7728da-3","모집분야 프로그램 개발 접수기간 및 방법 제출서류 자격요건 -학력: 대졸이상 (졸업예정자 가능) -학력: 대졸이상 (졸업예정자 가능) -학력: 대졸이상 (졸업예정자 가능) -학력: 대졸이상 (졸업예정자 가능) -S/W(WEB, C/S) 개발에 관심이 많은 개발자 -JAVA / WEB 프로그램(javascript 필수) -경력,신입 우대사항 -C, C++, MFC, GCC 경험자 -전자정부 프레임워크, 스프링 가능자 -스스로 SW를 개발해본 유경험자 -관련 학과 전공자 -Python 개발 가능자 -정보처리기사 자격증 기간: 충원시까지 방법: 이메일 지원 -이력서, 자기소개서, 포트폴리오 제출 -최종 합격 후 주민등록 등본 제출 (허위 사실이 발견 될 경우 채용이 취소될 수 있습니다.)","","","","","","","","","","","","active","2026-04-04T04:33:17.563772","2026-04-04T04:33:17.563785","True"
"347","854","주식회사 에이치투테크","채용 절차","http://www.h2tech.kr/recruitment.html#job-f35b9ce8-4","서류심사 신입/경력 관계 없이 입사지원 양식에 맞게 이력서 작성 후 입사지원 실무진 면접 직무에 적합한 지원자의 역량과 인성, 가치관 및 발전가능성을 종합적으로 심사 임원진 면접 조직과 직무에 적합한 인재를 최종 선발 채용확정 개별 유선통화 및 E-mail, SNS를 통한 결과 안내","","","","","","","","","","","","active","2026-04-04T04:33:17.566905","2026-04-04T04:33:17.566917","True"
"348","861","LS티라유텍(주)","채용정보","https://ls-thirautech.com/recruitment/?pageid=7&mod=list","채용정보 LS티라유텍은 직원과 함께 미래를 만들어 나갑니다 꿈과 열정, 긍정적인 마인드로 조직과 함께 성장할 당신을 기다립니다 인재상 복리후생 인재상 자신의 능력과 열정으로 역량을 키워 회사의 핵심인력으로 성장할 당신을 기다립니다. 업무에 대한 전문적인 지식을 갖추고 지속적인 학습과 성장을 통하여 회사와 개인의 공통 목표를 위해 노력하는 인재 긍정적인 사고를 갖추고 티라유텍의 열정, 역량, 배려의 덕목을 성실히 수행하여 사회에 공헌 할 수 있는 인재 성공을 확신하는 열정적인 자세로 새로운 변화에 적극적으로 대처/주도하고 최고를 위해 끊임없이 도전하는 인재 다양성을 존중하고 포용하는 마음으로 나보다는 상대방을 위해 생각하고, 보다 나은 미래를 위해 팀워크 할 수 있는 인재 열정 배려 역량 올바른 가치관 복리후생 Great Work Place 장기근속 포상 명절 귀성비 및 선물 자녀수당 건강수당 체육대회 및 야유회 지원 기숙사 퇴직연금 Work & Life Balance 경조휴가 및 경조금 자기계발 지원 학위취득 축하금 산전휴가 및 육아휴직 연차(반차) 휴가 Health Cart & Insurance 본인 종합건강검진 4대보험 채용공고 01. 입사지원 02. 서류심사 03. 면접심사 (필요시 2차면접 진행) 04. 결과통보 Total 71 Newest Best Viewed Updated All 접수중 접수마감 All 접수중 접수마감 Number Title 공지일 상태 11 R&D SW개발자 경력 사원 모집 2020.09.18 | 접수마감 2020.09.18 접수마감 10 MES(공장자동화) Java/C# 개발자 모집 2020.09.18 | 접수마감 2020.09.18 접수마감 9 Smart Factory 분야 개발자 모집 2020.04.23 | 접수마감 2020.04.23 접수마감 8 품질 및 분석 관련 PL,컨설팅 및 개발 2020.04.07 | 접수마감 2020.04.07 접수마감 7 공장자동화(MES)개발 운영, C# 경력 사원 모집 2020.04.07 | 접수마감 2020.04.07 접수마감 6 Java,C#,공장자동화(MES)개발 경력 사원 모집 2020.04.07 | 접수마감 2020.04.07 접수마감 5 [성균관대학교] 2019년 성균관대학교 스마트팩토리융합학과 참여기업 공동면접전형 신입/경력 모집 2019.04.22 | 접수마감 2019.04.22 접수마감 4 [BIGDATA] 제조 품질 관리 및 빅데이터 분석 경력 사원 모집 2019.04.01 | 접수마감 2019.04.01 접수마감 3 [Robot] 물류로봇(AGV, LGV) 전문가 모집 2019.04.01 | 접수마감 2019.04.01 접수마감 2 [SCM] SCM모델링 Datavase개발자 경력 사원 모집 2019.04.01 | 접수마감 2019.04.01 접수마감 First « 1 2 3 4 5 6 7 8 » Last All Title Content Author Search","","","","건강검진, 경조휴가","","","","","","2020-08-19","2020-09-18","active","2026-04-04T04:33:49.739963","2026-04-04T04:33:49.739976","True"
"349","861","LS티라유텍(주)","채용정보","https://ls-thirautech.com/recruitment/?pageid=6&mod=list","채용정보 LS티라유텍은 직원과 함께 미래를 만들어 나갑니다 꿈과 열정, 긍정적인 마인드로 조직과 함께 성장할 당신을 기다립니다 인재상 복리후생 인재상 자신의 능력과 열정으로 역량을 키워 회사의 핵심인력으로 성장할 당신을 기다립니다. 업무에 대한 전문적인 지식을 갖추고 지속적인 학습과 성장을 통하여 회사와 개인의 공통 목표를 위해 노력하는 인재 긍정적인 사고를 갖추고 티라유텍의 열정, 역량, 배려의 덕목을 성실히 수행하여 사회에 공헌 할 수 있는 인재 성공을 확신하는 열정적인 자세로 새로운 변화에 적극적으로 대처/주도하고 최고를 위해 끊임없이 도전하는 인재 다양성을 존중하고 포용하는 마음으로 나보다는 상대방을 위해 생각하고, 보다 나은 미래를 위해 팀워크 할 수 있는 인재 열정 배려 역량 올바른 가치관 복리후생 Great Work Place 장기근속 포상 명절 귀성비 및 선물 자녀수당 건강수당 체육대회 및 야유회 지원 기숙사 퇴직연금 Work & Life Balance 경조휴가 및 경조금 자기계발 지원 학위취득 축하금 산전휴가 및 육아휴직 연차(반차) 휴가 Health Cart & Insurance 본인 종합건강검진 4대보험 채용공고 01. 입사지원 02. 서류심사 03. 면접심사 (필요시 2차면접 진행) 04. 결과통보 Total 71 Newest Best Viewed Updated All 접수중 접수마감 All 접수중 접수마감 Number Title 공지일 상태 21 Mobile Robot 설계 경력직 채용 공고 2020.12.18 | 접수마감 2020.12.18 접수마감 20 SCM 및 FP(생산계획) 개발자 모집(남부지사) 2020.12.18 | 접수마감 2020.12.18 접수마감 19 MES(공장자동화) JAVA, SQL, C#, 닷넷 개발자 모집(남부지사) 2020.12.18 | 접수마감 2020.12.18 접수마감 18 SMART FACTORY 기술영업 모집 2020.12.18 | 접수마감 2020.12.18 접수마감 17 SCM 및 FP(생산계획) 개발자 모집(남부지사) 2020.11.27 | 접수마감 2020.11.27 접수마감 16 MES(공장자동화) Java, SQL, C#, 닷넷 개발자 모집(남부지사) 2020.11.27 | 접수마감 2020.11.27 접수마감 15 Smart Factory 기술영업 모집 2020.11.10 | 접수마감 2020.11.10 접수마감 14 MES(공장자동화) Java, SQL, C#, 닷넷 개발자 모집 2020.11.10 | 접수마감 2020.11.10 접수마감 13 물류자동화 시스템 (MCS, WMS/WCS) 개발 및 구축 경력 2020.11.10 | 접수마감 2020.11.10 접수마감 12 물류자동화 시스템 (MCS, WMS/WCS) 개발 및 구축 경력 모집 2020.09.18 | 접수마감 2020.09.18 접수마감 First « 1 2 3 4 5 6 7 8 » Last All Title Content Author Search","","","","건강검진, 경조휴가","","","","","","2020-11-18","2020-12-18","active","2026-04-04T04:33:55.886350","2026-04-04T04:33:55.886374","True"
"350","861","LS티라유텍(주)","채용정보","https://ls-thirautech.com/recruitment/?pageid=5&mod=list","채용정보 LS티라유텍은 직원과 함께 미래를 만들어 나갑니다 꿈과 열정, 긍정적인 마인드로 조직과 함께 성장할 당신을 기다립니다 인재상 복리후생 인재상 자신의 능력과 열정으로 역량을 키워 회사의 핵심인력으로 성장할 당신을 기다립니다. 업무에 대한 전문적인 지식을 갖추고 지속적인 학습과 성장을 통하여 회사와 개인의 공통 목표를 위해 노력하는 인재 긍정적인 사고를 갖추고 티라유텍의 열정, 역량, 배려의 덕목을 성실히 수행하여 사회에 공헌 할 수 있는 인재 성공을 확신하는 열정적인 자세로 새로운 변화에 적극적으로 대처/주도하고 최고를 위해 끊임없이 도전하는 인재 다양성을 존중하고 포용하는 마음으로 나보다는 상대방을 위해 생각하고, 보다 나은 미래를 위해 팀워크 할 수 있는 인재 열정 배려 역량 올바른 가치관 복리후생 Great Work Place 장기근속 포상 명절 귀성비 및 선물 자녀수당 건강수당 체육대회 및 야유회 지원 기숙사 퇴직연금 Work & Life Balance 경조휴가 및 경조금 자기계발 지원 학위취득 축하금 산전휴가 및 육아휴직 연차(반차) 휴가 Health Cart & Insurance 본인 종합건강검진 4대보험 채용공고 01. 입사지원 02. 서류심사 03. 면접심사 (필요시 2차면접 진행) 04. 결과통보 Total 71 Newest Best Viewed Updated All 접수중 접수마감 All 접수중 접수마감 Number Title 공지일 상태 31 MES (공장자동화, 제조실행시스템) 구축 PM 및 PL, 개발 경력 모집 2021.04.09 | 접수마감 2021.04.09 접수마감 30 로봇사업부 HW개발, 마케팅, 관리 경력 모집 2021.03.26 | 접수마감 2021.03.26 접수마감 29 스마트 팩토리 리딩 기업 경력/신입 모집 2021.03.26 | 접수마감 2021.03.26 접수마감 28 MES (공장자동화, 제조실행시스템) 구축 PM 및 PL, 개발 경력 모집 2021.03.26 | 접수마감 2021.03.26 접수마감 27 WMS/WCS/TMS/OMS 경력 개발자 모집 2021.03.26 | 접수마감 2021.03.26 접수마감 26 그래픽 디자이너 경력사원 모집 2021.03.26 | 접수마감 2021.03.26 접수마감 25 디자인( 웹디자인/ 퍼블리싱)경력사원 모집 2021.03.04 | 접수마감 2021.03.04 접수마감 24 WEB, Java/C# 개발자 모집 2021.03.04 | 접수마감 2021.03.04 접수마감 23 WMS/WCS/TMS/OMS 경력 개발자 모집 2021.03.04 | 접수마감 2021.03.04 접수마감 22 MES(공장자동화) Java/C# 개발자 모집 2020.12.18 | 접수마감 2020.12.18 접수마감 First « 1 2 3 4 5 6 7 8 » Last All Title Content Author Search","","","","건강검진, 경조휴가","","","","","","2021-03-10","2021-04-09","active","2026-04-04T04:34:02.015155","2026-04-04T04:34:02.015170","True"
"351","861","LS티라유텍(주)","채용정보","https://ls-thirautech.com/recruitment","채용정보 LS티라유텍은 직원과 함께 미래를 만들어 나갑니다 꿈과 열정, 긍정적인 마인드로 조직과 함께 성장할 당신을 기다립니다 인재상 복리후생 인재상 자신의 능력과 열정으로 역량을 키워 회사의 핵심인력으로 성장할 당신을 기다립니다. 업무에 대한 전문적인 지식을 갖추고 지속적인 학습과 성장을 통하여 회사와 개인의 공통 목표를 위해 노력하는 인재 긍정적인 사고를 갖추고 티라유텍의 열정, 역량, 배려의 덕목을 성실히 수행하여 사회에 공헌 할 수 있는 인재 성공을 확신하는 열정적인 자세로 새로운 변화에 적극적으로 대처/주도하고 최고를 위해 끊임없이 도전하는 인재 다양성을 존중하고 포용하는 마음으로 나보다는 상대방을 위해 생각하고, 보다 나은 미래를 위해 팀워크 할 수 있는 인재 열정 배려 역량 올바른 가치관 복리후생 Great Work Place 장기근속 포상 명절 귀성비 및 선물 자녀수당 건강수당 체육대회 및 야유회 지원 기숙사 퇴직연금 Work & Life Balance 경조휴가 및 경조금 자기계발 지원 학위취득 축하금 산전휴가 및 육아휴직 연차(반차) 휴가 Health Cart & Insurance 본인 종합건강검진 4대보험 채용공고 01. 입사지원 02. 서류심사 03. 면접심사 (필요시 2차면접 진행) 04. 결과통보 Total 71 Newest Best Viewed Updated All 접수중 접수마감 All 접수중 접수마감 Number Title 공지일 상태 71 PLM 시스템 구축 기획·전략 PI 정규직 모집 2021.11.19 | 접수마감 2021.11.19 접수마감 70 물류자동화시스템 경력 모집 (스프링 가능자 우대) 2021.11.19 | 접수마감 2021.11.19 접수마감 69 하반기 기술지원&유지보수 채용 2021.11.19 | 접수마감 2021.11.19 접수마감 68 로봇사업부 채용(R&D 개발, PM) 2021.10.21 | 접수마감 2021.10.21 접수마감 67 MES(공장자동화) Java/C#/Web(Javascript, JQuery) 개발자 모집 2021.10.21 | 접수마감 2021.10.21 접수마감 66 SCM 사업부 경력직 개발자 채용 2021.10.21 | 접수마감 2021.10.21 접수마감 65 로봇사업부 채용(R&D 개발, PM) 2021.10.08 | 접수마감 2021.10.08 접수마감 64 물류자동화시스템 경력 사원 모집 (스프링 가능자 우대) 2021.10.08 | 접수마감 2021.10.08 접수마감 63 SCM 사업부 신규 인력 채용 2021.10.08 | 접수마감 2021.10.08 접수마감 62 ISP/PI Consulting 경력자 채용 2021.09.24 | 접수마감 2021.09.24 접수마감 1 2 3 4 5 6 7 8 » Last All Title Content Author Search","",") 2021.11.19 | 접수마감 2021.11.19 접수마감 69 하반기 기술지원&유지보수 채용 2021.11.19 | 접수마감 2021.11.19 접수마감 68 로봇사업부 채용(R&D 개발, PM) 2021.10.21 | 접수마감 2021.10.21 접수마감 67 MES(공장자동화) Java/C#/Web(Javascript, JQuery) 개발자 모집 2021.10.21 | 접수마감 2021.10.21 접수마감 66 SCM 사업부 경력직 개발자 채용 2021.10.21 | 접수마감 2021.10.21 접수마감 65 로봇사업부 채용(R&D 개발, PM) 2021.10.08 | 접수마감 2021.10.08 접수마감 64 물류자동화시스템 경력 사원 모집 (스프링 가능자 우대) 2021.10.08 | 접수마감 2021.10.08 접수마감 63 SCM 사업부 신규 인력 채용 2021.10.08 | 접수마감 2021.10.08 접수마감 62 ISP/PI Consulting 경력자 채용 2021.09.24 | 접수마감 2021.09.24 접수마감 1 2 3 4 5 6 7 8 » Last All Title Content Author Search","","건강검진, 경조휴가","","","정규직","","","2021-10-20","2021-11-19","active","2026-04-04T04:34:08.094957","2026-04-04T04:34:08.094972","True"
"352","861","LS티라유텍(주)","채용정보","https://ls-thirautech.com/recruitment/?pageid=8&mod=list","채용정보 LS티라유텍은 직원과 함께 미래를 만들어 나갑니다 꿈과 열정, 긍정적인 마인드로 조직과 함께 성장할 당신을 기다립니다 인재상 복리후생 인재상 자신의 능력과 열정으로 역량을 키워 회사의 핵심인력으로 성장할 당신을 기다립니다. 업무에 대한 전문적인 지식을 갖추고 지속적인 학습과 성장을 통하여 회사와 개인의 공통 목표를 위해 노력하는 인재 긍정적인 사고를 갖추고 티라유텍의 열정, 역량, 배려의 덕목을 성실히 수행하여 사회에 공헌 할 수 있는 인재 성공을 확신하는 열정적인 자세로 새로운 변화에 적극적으로 대처/주도하고 최고를 위해 끊임없이 도전하는 인재 다양성을 존중하고 포용하는 마음으로 나보다는 상대방을 위해 생각하고, 보다 나은 미래를 위해 팀워크 할 수 있는 인재 열정 배려 역량 올바른 가치관 복리후생 Great Work Place 장기근속 포상 명절 귀성비 및 선물 자녀수당 건강수당 체육대회 및 야유회 지원 기숙사 퇴직연금 Work & Life Balance 경조휴가 및 경조금 자기계발 지원 학위취득 축하금 산전휴가 및 육아휴직 연차(반차) 휴가 Health Cart & Insurance 본인 종합건강검진 4대보험 채용공고 01. 입사지원 02. 서류심사 03. 면접심사 (필요시 2차면접 진행) 04. 결과통보 Total 71 Newest Best Viewed Updated All 접수중 접수마감 All 접수중 접수마감 Number Title 공지일 상태 1 [R&D] 응용프로그램(C#, C++, Visual C++) 개발자 경력 사원 모집 2019.04.01 | 접수마감 2019.04.01 접수마감 First « 1 2 3 4 5 6 7 8 All Title Content Author Search","","","","건강검진, 경조휴가","","","","","","","","active","2026-04-04T04:34:13.626664","2026-04-04T04:34:13.626683","True"
"353","861","LS티라유텍(주)","채용정보","https://ls-thirautech.com/recruitment/?pageid=4&mod=list","채용정보 LS티라유텍은 직원과 함께 미래를 만들어 나갑니다 꿈과 열정, 긍정적인 마인드로 조직과 함께 성장할 당신을 기다립니다 인재상 복리후생 인재상 자신의 능력과 열정으로 역량을 키워 회사의 핵심인력으로 성장할 당신을 기다립니다. 업무에 대한 전문적인 지식을 갖추고 지속적인 학습과 성장을 통하여 회사와 개인의 공통 목표를 위해 노력하는 인재 긍정적인 사고를 갖추고 티라유텍의 열정, 역량, 배려의 덕목을 성실히 수행하여 사회에 공헌 할 수 있는 인재 성공을 확신하는 열정적인 자세로 새로운 변화에 적극적으로 대처/주도하고 최고를 위해 끊임없이 도전하는 인재 다양성을 존중하고 포용하는 마음으로 나보다는 상대방을 위해 생각하고, 보다 나은 미래를 위해 팀워크 할 수 있는 인재 열정 배려 역량 올바른 가치관 복리후생 Great Work Place 장기근속 포상 명절 귀성비 및 선물 자녀수당 건강수당 체육대회 및 야유회 지원 기숙사 퇴직연금 Work & Life Balance 경조휴가 및 경조금 자기계발 지원 학위취득 축하금 산전휴가 및 육아휴직 연차(반차) 휴가 Health Cart & Insurance 본인 종합건강검진 4대보험 채용공고 01. 입사지원 02. 서류심사 03. 면접심사 (필요시 2차면접 진행) 04. 결과통보 Total 71 Newest Best Viewed Updated All 접수중 접수마감 All 접수중 접수마감 Number Title 공지일 상태 41 로봇사업부 R&D 개발, 영업 경력 사원 모집 2021.05.13 | 접수마감 2021.05.13 접수마감 40 물류자동화시스템 (MCS) 경력 사원 모집 2021.05.13 | 접수마감 2021.05.13 접수마감 39 스마트 팩토리 리딩 기업 경력/신입 모집 2021.04.22 | 접수마감 2021.04.22 접수마감 38 R&D 개발자 경력 모집 2021.04.22 | 접수마감 2021.04.22 접수마감 37 로봇사업부 HW개발, 마케팅, 관리 경력 모집 2021.04.22 | 접수마감 2021.04.22 접수마감 36 로봇사업부 R&D 개발, 영업 경력 모집 2021.04.22 | 접수마감 2021.04.22 접수마감 35 SCM 사업부 신규 인력 채용 2021.04.22 | 접수마감 2021.04.22 접수마감 34 R&D 개발자 경력 모집 2021.04.12 | 접수마감 2021.04.12 접수마감 33 로봇사업부 HW개발, 마케팅, 관리 경력 모집 2021.04.09 | 접수마감 2021.04.09 접수마감 32 스마트 팩토리 리딩 기업 경력/신입 모집 2021.04.09 | 접수마감 2021.04.09 접수마감 First « 1 2 3 4 5 6 7 8 » Last All Title Content Author Search","","","","건강검진, 경조휴가","","","","","","2021-04-13","2021-05-13","active","2026-04-04T04:34:19.653542","2026-04-04T04:34:19.653558","True"
"354","861","LS티라유텍(주)","채용정보","https://ls-thirautech.com/recruitment/?pageid=3&mod=list","채용정보 LS티라유텍은 직원과 함께 미래를 만들어 나갑니다 꿈과 열정, 긍정적인 마인드로 조직과 함께 성장할 당신을 기다립니다 인재상 복리후생 인재상 자신의 능력과 열정으로 역량을 키워 회사의 핵심인력으로 성장할 당신을 기다립니다. 업무에 대한 전문적인 지식을 갖추고 지속적인 학습과 성장을 통하여 회사와 개인의 공통 목표를 위해 노력하는 인재 긍정적인 사고를 갖추고 티라유텍의 열정, 역량, 배려의 덕목을 성실히 수행하여 사회에 공헌 할 수 있는 인재 성공을 확신하는 열정적인 자세로 새로운 변화에 적극적으로 대처/주도하고 최고를 위해 끊임없이 도전하는 인재 다양성을 존중하고 포용하는 마음으로 나보다는 상대방을 위해 생각하고, 보다 나은 미래를 위해 팀워크 할 수 있는 인재 열정 배려 역량 올바른 가치관 복리후생 Great Work Place 장기근속 포상 명절 귀성비 및 선물 자녀수당 건강수당 체육대회 및 야유회 지원 기숙사 퇴직연금 Work & Life Balance 경조휴가 및 경조금 자기계발 지원 학위취득 축하금 산전휴가 및 육아휴직 연차(반차) 휴가 Health Cart & Insurance 본인 종합건강검진 4대보험 채용공고 01. 입사지원 02. 서류심사 03. 면접심사 (필요시 2차면접 진행) 04. 결과통보 Total 71 Newest Best Viewed Updated All 접수중 접수마감 All 접수중 접수마감 Number Title 공지일 상태 51 물류자동화시스템 (STOCKER, AGV) 경력 사원 모집 2021.06.24 | 접수마감 2021.06.24 접수마감 50 스마트공장 솔루션 개발 PM급 모집(대구경북사업소) 2021.06.24 | 접수마감 2021.06.24 접수마감 49 SCM 사업부 신규 인력 채용 2021.06.24 | 접수마감 2021.06.24 접수마감 48 로봇사업부 R&D 개발, PM 모집 2021.06.24 | 접수마감 2021.06.24 접수마감 47 SCM 사업부 신규 인력 채용 2021.06.24 | 접수마감 2021.06.24 접수마감 46 스마트공장 솔루션 개발 PM급 모집(대구경북사업소) 2021.05.28 | 접수마감 2021.05.28 접수마감 45 물류자동화시스템 (MCS) 경력 사원 모집 2021.05.28 | 접수마감 2021.05.28 접수마감 44 로봇사업부 R&D 개발, 영업 경력 사원 모집 2021.05.28 | 접수마감 2021.05.28 접수마감 43 SCM 사업부 신규 인력 채용 2021.05.28 | 접수마감 2021.05.28 접수마감 42 스마트공장 솔루션 개발 PM급 모집(대구경북사업소) 2021.05.13 | 접수마감 2021.05.13 접수마감 First « 1 2 3 4 5 6 7 8 » Last All Title Content Author Search","","","","건강검진, 경조휴가","","대구","","","","2021-05-25","2021-06-24","active","2026-04-04T04:34:26.184429","2026-04-04T04:34:26.184450","True"
"355","861","LS티라유텍(주)","채용정보","https://ls-thirautech.com/recruitment/?pageid=2&mod=list","채용정보 LS티라유텍은 직원과 함께 미래를 만들어 나갑니다 꿈과 열정, 긍정적인 마인드로 조직과 함께 성장할 당신을 기다립니다 인재상 복리후생 인재상 자신의 능력과 열정으로 역량을 키워 회사의 핵심인력으로 성장할 당신을 기다립니다. 업무에 대한 전문적인 지식을 갖추고 지속적인 학습과 성장을 통하여 회사와 개인의 공통 목표를 위해 노력하는 인재 긍정적인 사고를 갖추고 티라유텍의 열정, 역량, 배려의 덕목을 성실히 수행하여 사회에 공헌 할 수 있는 인재 성공을 확신하는 열정적인 자세로 새로운 변화에 적극적으로 대처/주도하고 최고를 위해 끊임없이 도전하는 인재 다양성을 존중하고 포용하는 마음으로 나보다는 상대방을 위해 생각하고, 보다 나은 미래를 위해 팀워크 할 수 있는 인재 열정 배려 역량 올바른 가치관 복리후생 Great Work Place 장기근속 포상 명절 귀성비 및 선물 자녀수당 건강수당 체육대회 및 야유회 지원 기숙사 퇴직연금 Work & Life Balance 경조휴가 및 경조금 자기계발 지원 학위취득 축하금 산전휴가 및 육아휴직 연차(반차) 휴가 Health Cart & Insurance 본인 종합건강검진 4대보험 채용공고 01. 입사지원 02. 서류심사 03. 면접심사 (필요시 2차면접 진행) 04. 결과통보 Total 71 Newest Best Viewed Updated All 접수중 접수마감 All 접수중 접수마감 Number Title 공지일 상태 61 스마트팩토리 솔루션 개발 PM급 모집(대구경북사업소) 2021.09.24 | 접수마감 2021.09.24 접수마감 60 로봇사업부 채용(R&D 개발, PM) 2021.09.24 | 접수마감 2021.09.24 접수마감 59 물류자동화시스템 (STOCKER, AGV) 경력 사원 모집 2021.09.24 | 접수마감 2021.09.24 접수마감 58 SCM 사업부 신규 인력 채용 2021.09.24 | 접수마감 2021.09.24 접수마감 57 SCM 사업부 신규 인력 채용 2021.08.13 | 접수마감 2021.08.13 접수마감 56 스마트팩토리 솔루션 개발 PM급 모집(대구경북사업소) 2021.08.13 | 접수마감 2021.08.13 접수마감 55 로봇사업부 R&D 개발, PM 모집 2021.08.13 | 접수마감 2021.08.13 접수마감 54 ISP/PI Consulting 경력자 모집 2021.08.13 | 접수마감 2021.08.13 접수마감 53 물류자동화시스템 (STOCKER, AGV) 경력 사원 모집 2021.07.29 | 접수마감 2021.07.29 접수마감 52 로봇사업부 채용(R&D 개발, PM) 2021.07.29 | 접수마감 2021.07.29 접수마감 First « 1 2 3 4 5 6 7 8 » Last All Title Content Author Search","","","","건강검진, 경조휴가","","대구","","","","2021-08-25","2021-09-24","active","2026-04-04T04:34:35.957427","2026-04-04T04:34:35.957444","True"
"356","861","LS티라유텍(주)","채용정보","https://ls-thirautech.com/recruitment/?pageid=1&mod=list","채용정보 LS티라유텍은 직원과 함께 미래를 만들어 나갑니다 꿈과 열정, 긍정적인 마인드로 조직과 함께 성장할 당신을 기다립니다 인재상 복리후생 인재상 자신의 능력과 열정으로 역량을 키워 회사의 핵심인력으로 성장할 당신을 기다립니다. 업무에 대한 전문적인 지식을 갖추고 지속적인 학습과 성장을 통하여 회사와 개인의 공통 목표를 위해 노력하는 인재 긍정적인 사고를 갖추고 티라유텍의 열정, 역량, 배려의 덕목을 성실히 수행하여 사회에 공헌 할 수 있는 인재 성공을 확신하는 열정적인 자세로 새로운 변화에 적극적으로 대처/주도하고 최고를 위해 끊임없이 도전하는 인재 다양성을 존중하고 포용하는 마음으로 나보다는 상대방을 위해 생각하고, 보다 나은 미래를 위해 팀워크 할 수 있는 인재 열정 배려 역량 올바른 가치관 복리후생 Great Work Place 장기근속 포상 명절 귀성비 및 선물 자녀수당 건강수당 체육대회 및 야유회 지원 기숙사 퇴직연금 Work & Life Balance 경조휴가 및 경조금 자기계발 지원 학위취득 축하금 산전휴가 및 육아휴직 연차(반차) 휴가 Health Cart & Insurance 본인 종합건강검진 4대보험 채용공고 01. 입사지원 02. 서류심사 03. 면접심사 (필요시 2차면접 진행) 04. 결과통보 Total 71 Newest Best Viewed Updated All 접수중 접수마감 All 접수중 접수마감 Number Title 공지일 상태 71 PLM 시스템 구축 기획·전략 PI 정규직 모집 2021.11.19 | 접수마감 2021.11.19 접수마감 70 물류자동화시스템 경력 모집 (스프링 가능자 우대) 2021.11.19 | 접수마감 2021.11.19 접수마감 69 하반기 기술지원&유지보수 채용 2021.11.19 | 접수마감 2021.11.19 접수마감 68 로봇사업부 채용(R&D 개발, PM) 2021.10.21 | 접수마감 2021.10.21 접수마감 67 MES(공장자동화) Java/C#/Web(Javascript, JQuery) 개발자 모집 2021.10.21 | 접수마감 2021.10.21 접수마감 66 SCM 사업부 경력직 개발자 채용 2021.10.21 | 접수마감 2021.10.21 접수마감 65 로봇사업부 채용(R&D 개발, PM) 2021.10.08 | 접수마감 2021.10.08 접수마감 64 물류자동화시스템 경력 사원 모집 (스프링 가능자 우대) 2021.10.08 | 접수마감 2021.10.08 접수마감 63 SCM 사업부 신규 인력 채용 2021.10.08 | 접수마감 2021.10.08 접수마감 62 ISP/PI Consulting 경력자 채용 2021.09.24 | 접수마감 2021.09.24 접수마감 1 2 3 4 5 6 7 8 » Last All Title Content Author Search","",") 2021.11.19 | 접수마감 2021.11.19 접수마감 69 하반기 기술지원&유지보수 채용 2021.11.19 | 접수마감 2021.11.19 접수마감 68 로봇사업부 채용(R&D 개발, PM) 2021.10.21 | 접수마감 2021.10.21 접수마감 67 MES(공장자동화) Java/C#/Web(Javascript, JQuery) 개발자 모집 2021.10.21 | 접수마감 2021.10.21 접수마감 66 SCM 사업부 경력직 개발자 채용 2021.10.21 | 접수마감 2021.10.21 접수마감 65 로봇사업부 채용(R&D 개발, PM) 2021.10.08 | 접수마감 2021.10.08 접수마감 64 물류자동화시스템 경력 사원 모집 (스프링 가능자 우대) 2021.10.08 | 접수마감 2021.10.08 접수마감 63 SCM 사업부 신규 인력 채용 2021.10.08 | 접수마감 2021.10.08 접수마감 62 ISP/PI Consulting 경력자 채용 2021.09.24 | 접수마감 2021.09.24 접수마감 1 2 3 4 5 6 7 8 » Last All Title Content Author Search","","건강검진, 경조휴가","","","정규직","","","2021-10-20","2021-11-19","active","2026-04-04T04:34:42.715228","2026-04-04T04:34:42.715259","True"
"357","861","LS티라유텍(주)","SCM 사업부 신규 인력 채용","https://ls-thirautech.com/recruitment/?uid=111&mod=document&pageid=1","채용정보 LS티라유텍은 직원과 함께 미래를 만들어 나갑니다 꿈과 열정, 긍정적인 마인드로 조직과 함께 성장할 당신을 기다립니다 인재상 복리후생 인재상 자신의 능력과 열정으로 역량을 키워 회사의 핵심인력으로 성장할 당신을 기다립니다. 업무에 대한 전문적인 지식을 갖추고 지속적인 학습과 성장을 통하여 회사와 개인의 공통 목표를 위해 노력하는 인재 긍정적인 사고를 갖추고 티라유텍의 열정, 역량, 배려의 덕목을 성실히 수행하여 사회에 공헌 할 수 있는 인재 성공을 확신하는 열정적인 자세로 새로운 변화에 적극적으로 대처/주도하고 최고를 위해 끊임없이 도전하는 인재 다양성을 존중하고 포용하는 마음으로 나보다는 상대방을 위해 생각하고, 보다 나은 미래를 위해 팀워크 할 수 있는 인재 열정 배려 역량 올바른 가치관 복리후생 Great Work Place 장기근속 포상 명절 귀성비 및 선물 자녀수당 건강수당 체육대회 및 야유회 지원 기숙사 퇴직연금 Work & Life Balance 경조휴가 및 경조금 자기계발 지원 학위취득 축하금 산전휴가 및 육아휴직 연차(반차) 휴가 Health Cart & Insurance 본인 종합건강검진 4대보험 채용공고 01. 입사지원 02. 서류심사 03. 면접심사 (필요시 2차면접 진행) 04. 결과통보 SCM 사업부 신규 인력 채용 접수마감 Author 경영기획팀 1 Date 2021-10-08 16:13 Views 2769 안녕하세요. 티라유텍에서 SCM 사업부 신규 인력을 모집하고 있습니다. 담당업무 : 채용분야 필수자격요건 우대 모집인원 연봉 SCM 제품파트 1. SQL (Oracle, SQL Server, ANSI SQL) 2. Web Development (HTML, javascript) 3. JAVA 경력 : 4년 이하 학력 : 대졸(2,3년) 이상 1. 산업공학 전공자 2. SCM경력자 0 명 협의 후 결 정 SCM 수행그룹 1. JAVA 2. SQL - PL/SQL, T-SQL 포함 (Oracle, SQL Server) 경력 : 5~11년 학력 : 대졸(2,3년) 이상 1. 산업공학 전공자 2. SCM 경력자 3. MES, SAP 시스템 경험자 ​0 명 협의 후 결정 SCM 물류 시스템 개발 1. Java 개발 경험자 2. HTML5/javascript 등 WEB 관련지식 보유 3. Oracle, MySQL 등 DB, SQL 지식 및 활용 경력 : 3년 이상 학력 : 대졸(2,3)년 이상 1. 물류, 산업공학, 컴퓨터공학 전공자 2. 제조/물류 업무 지식 있는 경험자 3. 국내외 물류 솔루션/시스템 프로젝트/개발 경험자 4. 외국어(영어) 가능자 0명 협의 후 결정 SCM 물류 자동화개발, 컨설팅 1. 물류자동화, 물류설비 등 WCS 경험자 2. 물류자동화 설비(AMR, AS/RS, Conveyor 등) 시스템 개발/운영 경험 또는 지식 보유자 3. 물류 자동화 설비(AMR, AS/RS, Conveyor 등) 시스템 개발/운영 경험자 또는 지식 보유자 경력 : 5년 이상 학력 : 대졸(2,3)년 이상 1. 물류, 산업공학, 컴퓨터공학 전공자 2. 자동화 라인 현장 운영 경험자 3. 다양한 설비들을 다루어본 경험자 4. 물류에 대한 지식이 있는 경험자 5. 외국어(영어) 가능자 0명 협의 후 결정 SCM 물류 시스템 개발/컨설팅 1. 물류업, 물류시스템 등 WMS/WCS 경험자 2. 물류/SCM 관련 제언/제안, Presales 컨설팅 지식 보유 3. 대기업/중견기업 물류설비 및 WCS 기술/지식 보유 경력 : 10년 이상 학력 : 대졸(4)년 이상 1. 물류, 산업공학, 컴퓨터공학 전공자 2. 제조/물류 업무 지식 있는 경험자 3. 국내외 물류 솔루션/시스템 프로젝트 PM/PL 경험자 4. 외국어(영어) 가능자 0명 협의 후 결정 SCM 생산 시스템 개발 1. Java 개발 경험자 2. HTML5/javascript 등 WEB관련 지식 보유 3. Oracle, MySQL 등 DB, SQL 지식 및 활용 경력 : 3년 이상 학력 : 대졸(2,3)년 이상 1. 물류, 산업공학, 컴퓨터공학 전공자 2. 제조/물류 업무 지식 있는 경험자 3. 국내외 MES, POP 프로젝트/개발 경험자 4. 외국어(영어) 가능자 0명 협의 후 결정 SCM 생산 시스템 개발/컨설팅 1. 제조업, 생산시스템 등 MES/POP 경험자 2. 제조 도메인/솔루션 제언/제안, Presales 컨설팅 지식 보유 3. 대기업/중견기업 물류설비 및 MES 기술/지식 보유 경력 : 10년 이상 학력 : 대졸(4)년 이상 1. 산업공학, 컴퓨터공학 전공자 2. 다양한 산업군 제조 프로세스에 대한 업무 지식 보유자 3. 국내외 MES 솔루션/시스템 프로젝트 PM/PL 경험자 4. 외국어(영어) 가능자 0명 협의 후 결정 SCM 사업지원 1. 정부지원 스마트공장 사업 관리 경험자 2. 영업 제안서 작성 경험 및 프레젠테이션 스킬 보유경력: 3년 이상 학력: 대졸(2,3)년 이상 1. 산업공학 전공자 2. 제조 및 물류 프로세스 업무 지식 보유자 3. 한글, word, PPT, Excel 등 문서 작성 능력 우수자 4. 대내외 커뮤니케이션 스킬 보유자 0명 협의 후 결정 모집기간 : 2021년 10월 08일 ~채용일 모집방법 : 채용사이트 ""사람인""에서 지원 지원 및 자세한 사항은 아래의 URL을 참고하여 주시기 바랍니다. URL : 사람인 페이로 이동 Like 0 Unlike 0 Print « ISP/PI Consulting 경력자 채용 물류자동화시스템 경력 사원 모집 (스프링 가능자 우대) » List","우대 모집인원 연봉 SCM 제품파트 1. SQL (Oracle, SQL Server, ANSI SQL) 2. Web Development (HTML, javascript) 3. JAVA 경력 : 4년 이하 학력 : 대졸(2,3년) 이상 1. 산업공학 전공자 2. SCM경력자 0 명 협의 후 결 정 SCM 수행그룹 1. JAVA 2. SQL PL/SQL, T SQL 포함 (Oracle, SQL Server) 경력 : 5~11년 학력 : 대졸(2,3년) 이상 1. 산업공학 전공자 2. SCM 경력자 3. MES, SAP 시스템 경험자 ​0 명 협의 후 결정 SCM 물류 시스템 개발 1. Java 개발 경험자 2. HTML5/javascript 등 WEB 관련지식 보유 3. Oracle, MySQL 등 DB, SQL 지식 및 활용 경력 : 3년 이상 학력 : 대졸(2,3)년 이상 1. 물류, 산업공학, 컴퓨터공학 전공자 2. 제조/물류 업무 지식 있는 경험자 3. 국내외 물류 솔루션/시스템 프로젝트/개발 경험자 4. 외국어(영어) 가능자 0명 협의 후 결정 SCM 물류 자동화개발, 컨설팅 1. 물류자동화, 물류설비 등 WCS 경험자 2. 물류자동화 설비(AMR, AS/RS, Conveyor 등) 시스템 개발/운영 경험 또는 지식 보유자 3. 물류 자동화 설비(AMR, AS/RS, Conveyor 등) 시스템 개발/운영 경험자 또는 지식 보유자 경력 : 5년 이상 학력 : 대졸(2,3)년 이상 1. 물류, 산업공학, 컴퓨터공학 전공자 2. 자동화 라인 현장 운영 경험자 3. 다양한 설비들을 다루어본 경험자 4. 물류에 대한 지식이 있는 경험자 5. 외국어(영어) 가능자 0명 협의 후 결정 SCM 물류 시스템 개발/컨설팅 1. 물류업, 물류시스템 등 WMS/WCS 경험자 2. 물류/SCM 관련 제언/제안, Presales 컨설팅 지식 보유 3. 대기업/중견기업 물류설비 및 WCS 기술/지식 보유 경력 : 10년 이상 학력 : 대졸(4)년 이상 1. 물류, 산업공학, 컴퓨터공학 전공자 2. 제조/물류 업무 지식 있는 경험자 3. 국내외 물류 솔루션/시스템 프로젝트 PM/PL 경험자 4. 외국어(영어) 가능자 0명 협의 후 결정 SCM 생산 시스템 개발 1. Java 개발 경험자 2. HTML5/javascript 등 WEB관련 지식 보유 3. Oracle, MySQL 등 DB, SQL 지식 및 활용 경력 : 3년 이상 학력 : 대졸(2,3)년 이상 1. 물류, 산업공학, 컴퓨터공학 전공자 2. 제조/물류 업무 지식 있는 경험자 3. 국내외 MES, POP 프로젝트/개발 경험자 4. 외국어(영어) 가능자 0명 협의 후 결정 SCM 생산 시스템 개발/컨설팅 1. 제조업, 생산시스템 등 MES/POP 경험자 2. 제조 도메인/솔루션 제언/제안, Presales 컨설팅 지식 보유 3. 대기업/중견기업 물류설비 및 MES 기술/지식 보유 경력 : 10년 이상 학력 : 대졸(4)년 이상 1. 산업공학, 컴퓨터공학 전공자 2. 다양한 산업군 제조 프로세스에 대한 업무 지식 보유자 3. 국내외 MES 솔루션/시스템 프로젝트 PM/PL 경험자 4. 외국어(영어) 가능자 0명 협의 후 결정 SCM 사업지원 1. 정부지원 스마트공장 사업 관리 경험자 2. 영업 제안서 작성 경험 및 프레젠테이션 스킬 보유경력: 3년 이상 학력: 대졸(2,3)년 이상 1. 산업공학 전공자 2. 제조 및 물류 프로세스 업무 지식 보유자 3. 한글, word, PPT, Excel 등 문서 작성 능력 우수자 4. 대내외 커뮤니케이션 스킬 보유자 0명 협의 후 결정 모집기간 : 2021년 10월 08일 ~채용일 모집방법 : 채용사이트 ""사람인""에서 지원 지원 및 자세한 사항은 아래의 URL을 참고하여 주시기 바랍니다. URL : 사람인 페이로 이동 Like 0 Unlike 0 Print « ISP/PI Consulting 경력자 채용 물류자동화시스템 경력 사원 모집 (스프링 가능자","모집인원 연봉 SCM 제품파트 1. SQL (Oracle, SQL Server, ANSI SQL) 2. Web Development (HTML, javascript) 3. JAVA 경력 : 4년 이하 학력 : 대졸(2,3년) 이상 1. 산업공학 전공자 2. SCM경력자 0 명 협의 후 결 정 SCM 수행그룹 1. JAVA 2. SQL - PL/SQL, T-SQL 포함 (Oracle, SQL Server) 경력 : 5~11년 학력 : 대졸(2,3년) 이상 1. 산업공학 전공자 2. SCM 경력자 3. MES, SAP 시스템 경험자 ​0 명 협의 후 결정 SCM 물류 시스템 개발 1. Java 개발 경험자 2. HTML5/javascript 등 WEB 관련지식 보유 3. Oracle, MySQL 등 DB, SQL 지식 및 활용 경력 : 3년 이상 학력 : 대졸(2,3)년 이상 1. 물류, 산업공학, 컴퓨터공학 전공자 2. 제조/물류 업무 지식 있는 경험자 3. 국내외 물류 솔루션/시스템 프로젝트/개발 경험자 4. 외국어(영어) 가능자 0명 협의 후 결정 SCM 물류 자동화개발, 컨설팅 1. 물류자동화, 물류설비 등 WCS 경험자 2. 물류자동화 설비(AMR, AS/RS, Conveyor 등) 시스템 개발/운영 경험 또는 지식 보유자 3. 물류 자동화 설비(AMR, AS/RS, Conveyor 등) 시스템 개발/운영 경험자 또는 지식 보유자 경력 : 5년 이상 학력 : 대졸(2,3)년 이상 1. 물류, 산업공학, 컴퓨터공학 전공자 2. 자동화 라인 현장 운영 경험자 3. 다양한 설비들을 다루어본 경험자 4. 물류에 대한 지식이 있는 경험자 5. 외국어(영어) 가능자 0명 협의 후 결정 SCM 물류 시스템 개발/컨설팅 1. 물류업, 물류시스템 등 WMS/WCS 경험자 2. 물류/SCM 관련 제언/제안, Presales 컨설팅 지식 보유 3. 대기업/중견기업 물류설비 및 WCS 기술/지식 보유 경력 : 10년 이상 학력 : 대졸(4)년 이상 1. 물류, 산업공학, 컴퓨터공학 전공자 2. 제조/물류 업무 지식 있는 경험자 3. 국내외 물류 솔루션/시스템 프로젝트 PM/PL 경험자 4. 외국어(영어) 가능자 0명 협의 후 결정 SCM 생산 시스템 개발 1. Java 개발 경험자 2. HTML5/javascript 등 WEB관련 지식 보유 3. Oracle, MySQL 등 DB, SQL 지식 및 활용 경력 : 3년 이상 학력 : 대졸(2,3)년 이상 1. 물류, 산업공학, 컴퓨터공학 전공자 2. 제조/물류 업무 지식 있는 경험자 3. 국내외 MES, POP 프로젝트/개발 경험자 4. 외국어(영어) 가능자 0명 협의 후 결정 SCM 생산 시스템 개발/컨설팅 1. 제조업, 생산시스템 등 MES/POP 경험자 2. 제조 도메인/솔루션 제언/제안, Presales 컨설팅 지식 보유 3. 대기업/중견기업 물류설비 및 MES 기술/지식 보유 경력 : 10년 이상 학력 : 대졸(4)년 이상 1. 산업공학, 컴퓨터공학 전공자 2. 다양한 산업군 제조 프로세스에 대한 업무 지식 보유자 3. 국내외 MES 솔루션/시스템 프로젝트 PM/PL 경험자 4. 외국어(영어) 가능자 0명 협의 후 결정 SCM 사업지원 1. 정부지원 스마트공장 사업 관리 경험자 2. 영업 제안서 작성 경험 및 프레젠테이션 스킬 보유경력: 3년 이상 학력: 대졸(2,3)년 이상 1. 산업공학 전공자 2. 제조 및 물류 프로세스 업무 지식 보유자 3. 한글, word, PPT, Excel 등 문서 작성 능력 우수자 4. 대내외 커뮤니케이션 스킬 보유자 0명 협의 후 결정 모집기간 : 2021년 10월 08일 ~채용일 모집방법 : 채용사이트 ""사람인""에서 지원 지원 및 자세한 사항은 아래의 URL을 참고하여 주시기 바랍니다. URL : 사람인 페이로 이동 Like 0 Unlike 0 Print « ISP/PI Consulting 경력자 채용 물류자동화시스템 경력 사원 모집 (스프링 가능자 우대) » List","","건강검진, 경조휴가","","","","","","2021-09-08","2021-10-08","active","2026-04-04T04:34:52.649917","2026-04-04T04:34:52.649932","True"
"358","861","LS티라유텍(주)","SCM 사업부 경력직 개발자 채용","https://ls-thirautech.com/recruitment/?uid=114&mod=document&pageid=1","채용정보 LS티라유텍은 직원과 함께 미래를 만들어 나갑니다 꿈과 열정, 긍정적인 마인드로 조직과 함께 성장할 당신을 기다립니다 인재상 복리후생 인재상 자신의 능력과 열정으로 역량을 키워 회사의 핵심인력으로 성장할 당신을 기다립니다. 업무에 대한 전문적인 지식을 갖추고 지속적인 학습과 성장을 통하여 회사와 개인의 공통 목표를 위해 노력하는 인재 긍정적인 사고를 갖추고 티라유텍의 열정, 역량, 배려의 덕목을 성실히 수행하여 사회에 공헌 할 수 있는 인재 성공을 확신하는 열정적인 자세로 새로운 변화에 적극적으로 대처/주도하고 최고를 위해 끊임없이 도전하는 인재 다양성을 존중하고 포용하는 마음으로 나보다는 상대방을 위해 생각하고, 보다 나은 미래를 위해 팀워크 할 수 있는 인재 열정 배려 역량 올바른 가치관 복리후생 Great Work Place 장기근속 포상 명절 귀성비 및 선물 자녀수당 건강수당 체육대회 및 야유회 지원 기숙사 퇴직연금 Work & Life Balance 경조휴가 및 경조금 자기계발 지원 학위취득 축하금 산전휴가 및 육아휴직 연차(반차) 휴가 Health Cart & Insurance 본인 종합건강검진 4대보험 채용공고 01. 입사지원 02. 서류심사 03. 면접심사 (필요시 2차면접 진행) 04. 결과통보 SCM 사업부 경력직 개발자 채용 접수마감 Author 경영기획팀 1 Date 2021-10-21 15:21 Views 2590 안녕하세요. 티라유텍에서 SCM 사업부 경력자를 모집하고 있습니다. 담당업무 : 채용분야 필수자격요건 우대 모집인원 연봉 SCM 제품파트 1. SQL (Oracle, SQL Server, ANSI SQL) 2. Web Development (HTML, javascript) 3. JAVA 경력 : 4년 이하 학력 : 대졸(2,3년) 이상 1. 산업공학 전공자 2. SCM경력자 0 명 협의 후 결정 SCM 수행그룹 1. JAVA 2. SQL - PL/SQL, T-SQL 포함 (Oracle, SQL Server) 경력 : 5~11년 학력 : 대졸(2,3년) 이상 1. 산업공학 전공자 2. SCM 경력자 3. MES, SAP 시스템 경험자 ​0 명 협의 후 결정 SCM 물류 시스템 개발 1. Java 개발 경험자 2. HTML5/javascript 등 WEB 관련지식 보유 3. Oracle, MySQL 등 DB, SQL 지식 및 활용 경력 : 3년 이상 학력 : 대졸(2,3)년 이상 1. 물류, 산업공학, 컴퓨터공학 전공자 2. 제조/물류 업무 지식 있는 경험자 3. 국내외 물류 솔루션/시스템 프로젝트/개발 경험자 4. 외국어(영어) 가능자 0명 협의 후 결정 SCM 물류 자동화개발, 컨설팅 1. 물류자동화, 물류설비 등 WCS 경험자 2. 물류자동화 설비(AMR, AS/RS, Conveyor 등) 시스템 개발/운영 경험 또는 지식 보유자 3. 물류 자동화 설비(AMR, AS/RS, Conveyor 등) 시스템 개발/운영 경험자 또는 지식 보유자 경력 : 5년 이상 학력 : 대졸(2,3)년 이상 1. 물류, 산업공학, 컴퓨터공학 전공자 2. 자동화 라인 현장 운영 경험자 3. 다양한 설비들을 다루어본 경험자 4. 물류에 대한 지식이 있는 경험자 5. 외국어(영어) 가능자 0명 협의 후 결정 SCM 물류 시스템 개발/컨설팅 1. 물류업, 물류시스템 등 WMS/WCS 경험자 2. 물류/SCM 관련 제언/제안, Presales 컨설팅 지식 보유 3. 대기업/중견기업 물류설비 및 WCS 기술/지식 보유 경력 : 10년 이상 학력 : 대졸(4)년 이상 1. 물류, 산업공학, 컴퓨터공학 전공자 2. 제조/물류 업무 지식 있는 경험자 3. 국내외 물류 솔루션/시스템 프로젝트 PM/PL 경험자 4. 외국어(영어) 가능자 0명 협의 후 결정 SCM 생산 시스템 개발 1. Java 개발 경험자 2. HTML5/javascript 등 WEB관련 지식 보유 3. Oracle, MySQL 등 DB, SQL 지식 및 활용 경력 : 3년 이상 학력 : 대졸(2,3)년 이상 1. 물류, 산업공학, 컴퓨터공학 전공자 2. 제조/물류 업무 지식 있는 경험자 3. 국내외 MES, POP 프로젝트/개발 경험자 4. 외국어(영어) 가능자 0명 협의 후 결정 SCM 생산 시스템 개발/컨설팅 1. 제조업, 생산시스템 등 MES/POP 경험자 2. 제조 도메인/솔루션 제언/제안, Presales 컨설팅 지식 보유 3. 대기업/중견기업 물류설비 및 MES 기술/지식 보유 경력 : 10년 이상 학력 : 대졸(4)년 이상 1. 산업공학, 컴퓨터공학 전공자 2. 다양한 산업군 제조 프로세스에 대한 업무 지식 보유자 3. 국내외 MES 솔루션/시스템 프로젝트 PM/PL 경험자 4. 외국어(영어) 가능자 0명 협의 후 결정 SCM 사업지원 1. 정부지원 스마트공장 사업 관리 경험자 2. 영업 제안서 작성 경험 및 프레젠테이션 스킬 보유경력: 3년 이상 학력: 대졸(2,3)년 이상 1. 산업공학 전공자 2. 제조 및 물류 프로세스 업무 지식 보유자 3. 한글, word, PPT, Excel 등 문서 작성 능력 우수자 4. 대내외 커뮤니케이션 스킬 보유자 0명 협의 후 결정 모집기간 : 2021년 10월 21일 ~채용일 모집방법 : 채용사이트 ""사람인""에서 지원 지원 및 자세한 사항은 아래의 URL을 참고하여 주시기 바랍니다. URL : 사람인 페이로 이동 Like 0 Unlike 0 Print « 로봇사업부 채용(R&D 개발, PM) MES(공장자동화) Java/C#/Web(Javascript, JQuery) 개발자 모집 » List","우대 모집인원 연봉 SCM 제품파트 1. SQL (Oracle, SQL Server, ANSI SQL) 2. Web Development (HTML, javascript) 3. JAVA 경력 : 4년 이하 학력 : 대졸(2,3년) 이상 1. 산업공학 전공자 2. SCM경력자 0 명 협의 후 결정 SCM 수행그룹 1. JAVA 2. SQL PL/SQL, T SQL 포함 (Oracle, SQL Server) 경력 : 5~11년 학력 : 대졸(2,3년) 이상 1. 산업공학 전공자 2. SCM 경력자 3. MES, SAP 시스템 경험자 ​0 명 협의 후 결정 SCM 물류 시스템 개발 1. Java 개발 경험자 2. HTML5/javascript 등 WEB 관련지식 보유 3. Oracle, MySQL 등 DB, SQL 지식 및 활용 경력 : 3년 이상 학력 : 대졸(2,3)년 이상 1. 물류, 산업공학, 컴퓨터공학 전공자 2. 제조/물류 업무 지식 있는 경험자 3. 국내외 물류 솔루션/시스템 프로젝트/개발 경험자 4. 외국어(영어) 가능자 0명 협의 후 결정 SCM 물류 자동화개발, 컨설팅 1. 물류자동화, 물류설비 등 WCS 경험자 2. 물류자동화 설비(AMR, AS/RS, Conveyor 등) 시스템 개발/운영 경험 또는 지식 보유자 3. 물류 자동화 설비(AMR, AS/RS, Conveyor 등) 시스템 개발/운영 경험자 또는 지식 보유자 경력 : 5년 이상 학력 : 대졸(2,3)년 이상 1. 물류, 산업공학, 컴퓨터공학 전공자 2. 자동화 라인 현장 운영 경험자 3. 다양한 설비들을 다루어본 경험자 4. 물류에 대한 지식이 있는 경험자 5. 외국어(영어) 가능자 0명 협의 후 결정 SCM 물류 시스템 개발/컨설팅 1. 물류업, 물류시스템 등 WMS/WCS 경험자 2. 물류/SCM 관련 제언/제안, Presales 컨설팅 지식 보유 3. 대기업/중견기업 물류설비 및 WCS 기술/지식 보유 경력 : 10년 이상 학력 : 대졸(4)년 이상 1. 물류, 산업공학, 컴퓨터공학 전공자 2. 제조/물류 업무 지식 있는 경험자 3. 국내외 물류 솔루션/시스템 프로젝트 PM/PL 경험자 4. 외국어(영어) 가능자 0명 협의 후 결정 SCM 생산 시스템 개발 1. Java 개발 경험자 2. HTML5/javascript 등 WEB관련 지식 보유 3. Oracle, MySQL 등 DB, SQL 지식 및 활용 경력 : 3년 이상 학력 : 대졸(2,3)년 이상 1. 물류, 산업공학, 컴퓨터공학 전공자 2. 제조/물류 업무 지식 있는 경험자 3. 국내외 MES, POP 프로젝트/개발 경험자 4. 외국어(영어) 가능자 0명 협의 후 결정 SCM 생산 시스템 개발/컨설팅 1. 제조업, 생산시스템 등 MES/POP 경험자 2. 제조 도메인/솔루션 제언/제안, Presales 컨설팅 지식 보유 3. 대기업/중견기업 물류설비 및 MES 기술/지식 보유 경력 : 10년 이상 학력 : 대졸(4)년 이상 1. 산업공학, 컴퓨터공학 전공자 2. 다양한 산업군 제조 프로세스에 대한 업무 지식 보유자 3. 국내외 MES 솔루션/시스템 프로젝트 PM/PL 경험자 4. 외국어(영어) 가능자 0명 협의 후 결정 SCM 사업지원 1. 정부지원 스마트공장 사업 관리 경험자 2. 영업 제안서 작성 경험 및 프레젠테이션 스킬 보유경력: 3년 이상 학력: 대졸(2,3)년 이상 1. 산업공학 전공자 2. 제조 및 물류 프로세스 업무 지식 보유자 3. 한글, word, PPT, Excel 등 문서 작성 능력 우수자 4. 대내외 커뮤니케이션 스킬 보유자 0명 협의 후 결정 모집기간 : 2021년 10월 21일 ~채용일 모집방법 : 채용사이트 ""사람인""에서 지원 지원 및 자세한 사항은 아래의 URL을 참고하여 주시기 바랍니다. URL : 사람인 페이로 이동 Like 0 Unlike 0 Print « 로봇사업부 채용(R&D 개발, PM) MES(공장자동화) Java/C#/Web(Javascript, JQuery) 개발자 모집 » List","모집인원 연봉 SCM 제품파트 1. SQL (Oracle, SQL Server, ANSI SQL) 2. Web Development (HTML, javascript) 3. JAVA 경력 : 4년 이하 학력 : 대졸(2,3년) 이상 1. 산업공학 전공자 2. SCM경력자 0 명 협의 후 결정 SCM 수행그룹 1. JAVA 2. SQL - PL/SQL, T-SQL 포함 (Oracle, SQL Server) 경력 : 5~11년 학력 : 대졸(2,3년) 이상 1. 산업공학 전공자 2. SCM 경력자 3. MES, SAP 시스템 경험자 ​0 명 협의 후 결정 SCM 물류 시스템 개발 1. Java 개발 경험자 2. HTML5/javascript 등 WEB 관련지식 보유 3. Oracle, MySQL 등 DB, SQL 지식 및 활용 경력 : 3년 이상 학력 : 대졸(2,3)년 이상 1. 물류, 산업공학, 컴퓨터공학 전공자 2. 제조/물류 업무 지식 있는 경험자 3. 국내외 물류 솔루션/시스템 프로젝트/개발 경험자 4. 외국어(영어) 가능자 0명 협의 후 결정 SCM 물류 자동화개발, 컨설팅 1. 물류자동화, 물류설비 등 WCS 경험자 2. 물류자동화 설비(AMR, AS/RS, Conveyor 등) 시스템 개발/운영 경험 또는 지식 보유자 3. 물류 자동화 설비(AMR, AS/RS, Conveyor 등) 시스템 개발/운영 경험자 또는 지식 보유자 경력 : 5년 이상 학력 : 대졸(2,3)년 이상 1. 물류, 산업공학, 컴퓨터공학 전공자 2. 자동화 라인 현장 운영 경험자 3. 다양한 설비들을 다루어본 경험자 4. 물류에 대한 지식이 있는 경험자 5. 외국어(영어) 가능자 0명 협의 후 결정 SCM 물류 시스템 개발/컨설팅 1. 물류업, 물류시스템 등 WMS/WCS 경험자 2. 물류/SCM 관련 제언/제안, Presales 컨설팅 지식 보유 3. 대기업/중견기업 물류설비 및 WCS 기술/지식 보유 경력 : 10년 이상 학력 : 대졸(4)년 이상 1. 물류, 산업공학, 컴퓨터공학 전공자 2. 제조/물류 업무 지식 있는 경험자 3. 국내외 물류 솔루션/시스템 프로젝트 PM/PL 경험자 4. 외국어(영어) 가능자 0명 협의 후 결정 SCM 생산 시스템 개발 1. Java 개발 경험자 2. HTML5/javascript 등 WEB관련 지식 보유 3. Oracle, MySQL 등 DB, SQL 지식 및 활용 경력 : 3년 이상 학력 : 대졸(2,3)년 이상 1. 물류, 산업공학, 컴퓨터공학 전공자 2. 제조/물류 업무 지식 있는 경험자 3. 국내외 MES, POP 프로젝트/개발 경험자 4. 외국어(영어) 가능자 0명 협의 후 결정 SCM 생산 시스템 개발/컨설팅 1. 제조업, 생산시스템 등 MES/POP 경험자 2. 제조 도메인/솔루션 제언/제안, Presales 컨설팅 지식 보유 3. 대기업/중견기업 물류설비 및 MES 기술/지식 보유 경력 : 10년 이상 학력 : 대졸(4)년 이상 1. 산업공학, 컴퓨터공학 전공자 2. 다양한 산업군 제조 프로세스에 대한 업무 지식 보유자 3. 국내외 MES 솔루션/시스템 프로젝트 PM/PL 경험자 4. 외국어(영어) 가능자 0명 협의 후 결정 SCM 사업지원 1. 정부지원 스마트공장 사업 관리 경험자 2. 영업 제안서 작성 경험 및 프레젠테이션 스킬 보유경력: 3년 이상 학력: 대졸(2,3)년 이상 1. 산업공학 전공자 2. 제조 및 물류 프로세스 업무 지식 보유자 3. 한글, word, PPT, Excel 등 문서 작성 능력 우수자 4. 대내외 커뮤니케이션 스킬 보유자 0명 협의 후 결정 모집기간 : 2021년 10월 21일 ~채용일 모집방법 : 채용사이트 ""사람인""에서 지원 지원 및 자세한 사항은 아래의 URL을 참고하여 주시기 바랍니다. URL : 사람인 페이로 이동 Like 0 Unlike 0 Print « 로봇사업부 채용(R&D 개발, PM) MES(공장자동화) Java/C#/Web(Javascript, JQuery) 개발자 모집 » List","","건강검진, 경조휴가","","","","","","2021-09-21","2021-10-21","active","2026-04-04T04:35:06.073825","2026-04-04T04:35:06.073841","True"
"359","861","LS티라유텍(주)","로봇사업부 채용(R&D 개발, PM)","https://ls-thirautech.com/recruitment/?uid=116&mod=document&pageid=1","채용정보 LS티라유텍은 직원과 함께 미래를 만들어 나갑니다 꿈과 열정, 긍정적인 마인드로 조직과 함께 성장할 당신을 기다립니다 인재상 복리후생 인재상 자신의 능력과 열정으로 역량을 키워 회사의 핵심인력으로 성장할 당신을 기다립니다. 업무에 대한 전문적인 지식을 갖추고 지속적인 학습과 성장을 통하여 회사와 개인의 공통 목표를 위해 노력하는 인재 긍정적인 사고를 갖추고 티라유텍의 열정, 역량, 배려의 덕목을 성실히 수행하여 사회에 공헌 할 수 있는 인재 성공을 확신하는 열정적인 자세로 새로운 변화에 적극적으로 대처/주도하고 최고를 위해 끊임없이 도전하는 인재 다양성을 존중하고 포용하는 마음으로 나보다는 상대방을 위해 생각하고, 보다 나은 미래를 위해 팀워크 할 수 있는 인재 열정 배려 역량 올바른 가치관 복리후생 Great Work Place 장기근속 포상 명절 귀성비 및 선물 자녀수당 건강수당 체육대회 및 야유회 지원 기숙사 퇴직연금 Work & Life Balance 경조휴가 및 경조금 자기계발 지원 학위취득 축하금 산전휴가 및 육아휴직 연차(반차) 휴가 Health Cart & Insurance 본인 종합건강검진 4대보험 채용공고 01. 입사지원 02. 서류심사 03. 면접심사 (필요시 2차면접 진행) 04. 결과통보 로봇사업부 채용(R&D 개발, PM) 접수마감 Author 경영기획팀 1 Date 2021-10-21 15:27 Views 2835 안녕하세요. 티라유텍에서 R&D 개발, PM 경력자를 모집하고 있습니다. 담당업무 : 채용분야 필수자격요건 우대 모집인원 연봉 전장1 보드/전장 하드웨어 모듈 설계 및 개발 OrCAD를 이용한 도면 및 아트웍 설계펌웨어 및 기타 인터페이스 개발 경력 : 무관 (신입가능) 학력 : 대졸(2,3년) 이상 AMR/AGV H/W 설계 경력자 0 명 협의 후 결정 전장2 전장 제어함 도면 및 하네스 도면 설계 파워,센서,전자 부품 등으로 구성된 전장 시스템 및 하네스 제작 경력 : 무관 ( 신입가능 ) 학력 : 대졸(2,3년) 이상 회로 도면 이해 EPLAN 소프트웨어 사용 가능자 전기, 전자 장비 회로에 대한 지식 AMR/AGV HW 개발 경력자 0 명 협의 후 결정 로봇 제어 시스템 SW 로봇 제어 시스템 SW 개발 Python, C++ 기반 제어 시스템 개발 (ROS, ROS2) 경력 : 무관 (신입 가능) 학력 : 대졸(2,3년) 이상 로봇 관련 개발 경력자 ROS, ROS2 환경 개발 경력자로봇 관련 학과 전공자 0 명 협의 후 결정 로봇 운영 (관제) 시스템 SW 로봇 운영 (관제) 시스템 SW 개발 Python, Java, C++ 기반 운영(관제) 시스템 개발 경력 : 무관 (신입 가능) 학력 : 대졸(2,3년) 이상 로봇 관련 개발 경력자 웹기반 (Python, Java, C++ 등) 프로그램 가능자 관련 학과 (컴퓨터공학, 전산 등) 전공자 ​0 명 협의 후 결정 기구 설계 AMR/AGV 기구설계 로봇기구설계CAD/CAM 가능자 Solidworks 가능자 경력 : 신입 (경력 2년 이하) 학력 : 대졸(2,3년) 이상 ​AutoCAD, 정/동 해석 프로그램 활용 가능자 AGV/AMR 설계 유 경험자 스마트팩토리 관련 설계 유 경험자 ​0 명​ 협의 후 결정 PM 프로젝트 매니저 자율주행 이송로봇 셋업 계획 수립, 고객대응 및 관리 해외 출장 가능하신 분 경력 : 1년 이상 학력 : 대졸(2,3년) 이상 설비 (로봇 관련) 셋업 경력 해당 직무 근무 경력 0 명 협의 후 결정 모집기간 : 2021년 10월 21일 ~채용일 모집방법 : 채용사이트 ""사람인""에서 지원 지원 및 자세한 사항은 아래의 URL을 참고하여 주시기 바랍니다. URL : 사람인 페이로 이동 Like 0 Unlike 0 Print « MES(공장자동화) Java/C#/Web(Javascript, JQuery) 개발자 모집 하반기 기술지원&유지보수 채용 » List","우대 모집인원 연봉 전장1 보드/전장 하드웨어 모듈 설계 및 개발 OrCAD를 이용한 도면 및 아트웍 설계펌웨어 및 기타 인터페이스 개발 경력 : 무관 (신입가능) 학력 : 대졸(2,3년) 이상 AMR/AGV H/W 설계 경력자 0 명 협의 후 결정 전장2 전장 제어함 도면 및 하네스 도면 설계 파워,센서,전자 부품 등으로 구성된 전장 시스템 및 하네스 제작 경력 : 무관 ( 신입가능 ) 학력 : 대졸(2,3년) 이상 회로 도면 이해 EPLAN 소프트웨어 사용 가능자 전기, 전자 장비 회로에 대한 지식 AMR/AGV HW 개발 경력자 0 명 협의 후 결정 로봇 제어 시스템 SW 로봇 제어 시스템 SW 개발 Python, C++ 기반 제어 시스템 개발 (ROS, ROS2) 경력 : 무관 (신입 가능) 학력 : 대졸(2,3년) 이상 로봇 관련 개발 경력자 ROS, ROS2 환경 개발 경력자로봇 관련 학과 전공자 0 명 협의 후 결정 로봇 운영 (관제) 시스템 SW 로봇 운영 (관제) 시스템 SW 개발 Python, Java, C++ 기반 운영(관제) 시스템 개발 경력 : 무관 (신입 가능) 학력 : 대졸(2,3년) 이상 로봇 관련 개발 경력자 웹기반 (Python, Java, C++ 등) 프로그램 가능자 관련 학과 (컴퓨터공학, 전산 등) 전공자 ​0 명 협의 후 결정 기구 설계 AMR/AGV 기구설계 로봇기구설계CAD/CAM 가능자 Solidworks 가능자 경력 : 신입 (경력 2년 이하) 학력 : 대졸(2,3년) 이상 ​AutoCAD, 정/동 해석 프로그램 활용 가능자 AGV/AMR 설계 유 경험자 스마트팩토리 관련 설계 유 경험자 ​0 명​ 협의 후 결정 PM 프로젝트 매니저 자율주행 이송로봇 셋업 계획 수립, 고객대응 및 관리 해외 출장 가능하신 분 경력 : 1년 이상 학력 : 대졸(2,3년) 이상 설비 (로봇 관련) 셋업 경력 해당 직무 근무 경력 0 명 협의 후 결정 모집기간 : 2021년 10월 21일 ~채용일 모집방법 : 채용사이트 ""사람인""에서 지원 지원 및 자세한 사항은 아래의 URL을 참고하여 주시기 바랍니다. URL : 사람인 페이로 이동 Like 0 Unlike 0 Print « MES(공장자동화) Java/C#/Web(Javascript, JQuery) 개발자 모집 하반기 기술지원&유지보수 채용 » List","모집인원 연봉 전장1 보드/전장 하드웨어 모듈 설계 및 개발 OrCAD를 이용한 도면 및 아트웍 설계펌웨어 및 기타 인터페이스 개발 경력 : 무관 (신입가능) 학력 : 대졸(2,3년) 이상 AMR/AGV H/W 설계 경력자 0 명 협의 후 결정 전장2 전장 제어함 도면 및 하네스 도면 설계 파워,센서,전자 부품 등으로 구성된 전장 시스템 및 하네스 제작 경력 : 무관 ( 신입가능 ) 학력 : 대졸(2,3년) 이상 회로 도면 이해 EPLAN 소프트웨어 사용 가능자 전기, 전자 장비 회로에 대한 지식 AMR/AGV HW 개발 경력자 0 명 협의 후 결정 로봇 제어 시스템 SW 로봇 제어 시스템 SW 개발 Python, C++ 기반 제어 시스템 개발 (ROS, ROS2) 경력 : 무관 (신입 가능) 학력 : 대졸(2,3년) 이상 로봇 관련 개발 경력자 ROS, ROS2 환경 개발 경력자로봇 관련 학과 전공자 0 명 협의 후 결정 로봇 운영 (관제) 시스템 SW 로봇 운영 (관제) 시스템 SW 개발 Python, Java, C++ 기반 운영(관제) 시스템 개발 경력 : 무관 (신입 가능) 학력 : 대졸(2,3년) 이상 로봇 관련 개발 경력자 웹기반 (Python, Java, C++ 등) 프로그램 가능자 관련 학과 (컴퓨터공학, 전산 등) 전공자 ​0 명 협의 후 결정 기구 설계 AMR/AGV 기구설계 로봇기구설계CAD/CAM 가능자 Solidworks 가능자 경력 : 신입 (경력 2년 이하) 학력 : 대졸(2,3년) 이상 ​AutoCAD, 정/동 해석 프로그램 활용 가능자 AGV/AMR 설계 유 경험자 스마트팩토리 관련 설계 유 경험자 ​0 명​ 협의 후 결정 PM 프로젝트 매니저 자율주행 이송로봇 셋업 계획 수립, 고객대응 및 관리 해외 출장 가능하신 분 경력 : 1년 이상 학력 : 대졸(2,3년) 이상 설비 (로봇 관련) 셋업 경력 해당 직무 근무 경력 0 명 협의 후 결정 모집기간 : 2021년 10월 21일 ~채용일 모집방법 : 채용사이트 ""사람인""에서 지원 지원 및 자세한 사항은 아래의 URL을 참고하여 주시기 바랍니다. URL : 사람인 페이로 이동 Like 0 Unlike 0 Print « MES(공장자동화) Java/C#/Web(Javascript, JQuery) 개발자 모집 하반기 기술지원&유지보수 채용 » List","","건강검진, 경조휴가","","","","","","2021-09-21","2021-10-21","active","2026-04-04T04:35:12.449872","2026-04-04T04:35:12.449886","True"
"360","861","LS티라유텍(주)","채용정보","https://ls-thirautech.com/recruitment/?category1=%EC%A0%91%EC%88%98%EB%A7%88%EA%B0%90&mod=list&pageid=1","채용정보 LS티라유텍은 직원과 함께 미래를 만들어 나갑니다 꿈과 열정, 긍정적인 마인드로 조직과 함께 성장할 당신을 기다립니다 인재상 복리후생 인재상 자신의 능력과 열정으로 역량을 키워 회사의 핵심인력으로 성장할 당신을 기다립니다. 업무에 대한 전문적인 지식을 갖추고 지속적인 학습과 성장을 통하여 회사와 개인의 공통 목표를 위해 노력하는 인재 긍정적인 사고를 갖추고 티라유텍의 열정, 역량, 배려의 덕목을 성실히 수행하여 사회에 공헌 할 수 있는 인재 성공을 확신하는 열정적인 자세로 새로운 변화에 적극적으로 대처/주도하고 최고를 위해 끊임없이 도전하는 인재 다양성을 존중하고 포용하는 마음으로 나보다는 상대방을 위해 생각하고, 보다 나은 미래를 위해 팀워크 할 수 있는 인재 열정 배려 역량 올바른 가치관 복리후생 Great Work Place 장기근속 포상 명절 귀성비 및 선물 자녀수당 건강수당 체육대회 및 야유회 지원 기숙사 퇴직연금 Work & Life Balance 경조휴가 및 경조금 자기계발 지원 학위취득 축하금 산전휴가 및 육아휴직 연차(반차) 휴가 Health Cart & Insurance 본인 종합건강검진 4대보험 채용공고 01. 입사지원 02. 서류심사 03. 면접심사 (필요시 2차면접 진행) 04. 결과통보 Total 71 Newest Best Viewed Updated All 접수중 접수마감 All 접수중 접수마감 Number Title 공지일 상태 71 PLM 시스템 구축 기획·전략 PI 정규직 모집 2021.11.19 | 접수마감 2021.11.19 접수마감 70 물류자동화시스템 경력 모집 (스프링 가능자 우대) 2021.11.19 | 접수마감 2021.11.19 접수마감 69 하반기 기술지원&유지보수 채용 2021.11.19 | 접수마감 2021.11.19 접수마감 68 로봇사업부 채용(R&D 개발, PM) 2021.10.21 | 접수마감 2021.10.21 접수마감 67 MES(공장자동화) Java/C#/Web(Javascript, JQuery) 개발자 모집 2021.10.21 | 접수마감 2021.10.21 접수마감 66 SCM 사업부 경력직 개발자 채용 2021.10.21 | 접수마감 2021.10.21 접수마감 65 로봇사업부 채용(R&D 개발, PM) 2021.10.08 | 접수마감 2021.10.08 접수마감 64 물류자동화시스템 경력 사원 모집 (스프링 가능자 우대) 2021.10.08 | 접수마감 2021.10.08 접수마감 63 SCM 사업부 신규 인력 채용 2021.10.08 | 접수마감 2021.10.08 접수마감 62 ISP/PI Consulting 경력자 채용 2021.09.24 | 접수마감 2021.09.24 접수마감 1 2 3 4 5 6 7 8 » Last All Title Content Author Search","",") 2021.11.19 | 접수마감 2021.11.19 접수마감 69 하반기 기술지원&유지보수 채용 2021.11.19 | 접수마감 2021.11.19 접수마감 68 로봇사업부 채용(R&D 개발, PM) 2021.10.21 | 접수마감 2021.10.21 접수마감 67 MES(공장자동화) Java/C#/Web(Javascript, JQuery) 개발자 모집 2021.10.21 | 접수마감 2021.10.21 접수마감 66 SCM 사업부 경력직 개발자 채용 2021.10.21 | 접수마감 2021.10.21 접수마감 65 로봇사업부 채용(R&D 개발, PM) 2021.10.08 | 접수마감 2021.10.08 접수마감 64 물류자동화시스템 경력 사원 모집 (스프링 가능자 우대) 2021.10.08 | 접수마감 2021.10.08 접수마감 63 SCM 사업부 신규 인력 채용 2021.10.08 | 접수마감 2021.10.08 접수마감 62 ISP/PI Consulting 경력자 채용 2021.09.24 | 접수마감 2021.09.24 접수마감 1 2 3 4 5 6 7 8 » Last All Title Content Author Search","","건강검진, 경조휴가","","","정규직","","","2021-10-20","2021-11-19","active","2026-04-04T04:35:20.088859","2026-04-04T04:35:20.088877","True"
"361","861","LS티라유텍(주)","채용정보","https://ls-thirautech.com/recruitment/?category1=%EC%A0%91%EC%88%98%EC%A4%91&mod=list&pageid=1","채용정보 LS티라유텍은 직원과 함께 미래를 만들어 나갑니다 꿈과 열정, 긍정적인 마인드로 조직과 함께 성장할 당신을 기다립니다 인재상 복리후생 인재상 자신의 능력과 열정으로 역량을 키워 회사의 핵심인력으로 성장할 당신을 기다립니다. 업무에 대한 전문적인 지식을 갖추고 지속적인 학습과 성장을 통하여 회사와 개인의 공통 목표를 위해 노력하는 인재 긍정적인 사고를 갖추고 티라유텍의 열정, 역량, 배려의 덕목을 성실히 수행하여 사회에 공헌 할 수 있는 인재 성공을 확신하는 열정적인 자세로 새로운 변화에 적극적으로 대처/주도하고 최고를 위해 끊임없이 도전하는 인재 다양성을 존중하고 포용하는 마음으로 나보다는 상대방을 위해 생각하고, 보다 나은 미래를 위해 팀워크 할 수 있는 인재 열정 배려 역량 올바른 가치관 복리후생 Great Work Place 장기근속 포상 명절 귀성비 및 선물 자녀수당 건강수당 체육대회 및 야유회 지원 기숙사 퇴직연금 Work & Life Balance 경조휴가 및 경조금 자기계발 지원 학위취득 축하금 산전휴가 및 육아휴직 연차(반차) 휴가 Health Cart & Insurance 본인 종합건강검진 4대보험 채용공고 01. 입사지원 02. 서류심사 03. 면접심사 (필요시 2차면접 진행) 04. 결과통보 Total 71 Newest Best Viewed Updated All 접수중 접수마감 All 접수중 접수마감 Number Title 공지일 상태 1 All Title Content Author Search","","","","건강검진, 경조휴가","","","","","","","","active","2026-04-04T04:35:25.427522","2026-04-04T04:35:25.427540","True"
"362","861","LS티라유텍(주)","채용정보","https://ls-thirautech.com/recruitment/?mod=list&pageid=1","채용정보 LS티라유텍은 직원과 함께 미래를 만들어 나갑니다 꿈과 열정, 긍정적인 마인드로 조직과 함께 성장할 당신을 기다립니다 인재상 복리후생 인재상 자신의 능력과 열정으로 역량을 키워 회사의 핵심인력으로 성장할 당신을 기다립니다. 업무에 대한 전문적인 지식을 갖추고 지속적인 학습과 성장을 통하여 회사와 개인의 공통 목표를 위해 노력하는 인재 긍정적인 사고를 갖추고 티라유텍의 열정, 역량, 배려의 덕목을 성실히 수행하여 사회에 공헌 할 수 있는 인재 성공을 확신하는 열정적인 자세로 새로운 변화에 적극적으로 대처/주도하고 최고를 위해 끊임없이 도전하는 인재 다양성을 존중하고 포용하는 마음으로 나보다는 상대방을 위해 생각하고, 보다 나은 미래를 위해 팀워크 할 수 있는 인재 열정 배려 역량 올바른 가치관 복리후생 Great Work Place 장기근속 포상 명절 귀성비 및 선물 자녀수당 건강수당 체육대회 및 야유회 지원 기숙사 퇴직연금 Work & Life Balance 경조휴가 및 경조금 자기계발 지원 학위취득 축하금 산전휴가 및 육아휴직 연차(반차) 휴가 Health Cart & Insurance 본인 종합건강검진 4대보험 채용공고 01. 입사지원 02. 서류심사 03. 면접심사 (필요시 2차면접 진행) 04. 결과통보 Total 71 Newest Best Viewed Updated All 접수중 접수마감 All 접수중 접수마감 Number Title 공지일 상태 71 PLM 시스템 구축 기획·전략 PI 정규직 모집 2021.11.19 | 접수마감 2021.11.19 접수마감 70 물류자동화시스템 경력 모집 (스프링 가능자 우대) 2021.11.19 | 접수마감 2021.11.19 접수마감 69 하반기 기술지원&유지보수 채용 2021.11.19 | 접수마감 2021.11.19 접수마감 68 로봇사업부 채용(R&D 개발, PM) 2021.10.21 | 접수마감 2021.10.21 접수마감 67 MES(공장자동화) Java/C#/Web(Javascript, JQuery) 개발자 모집 2021.10.21 | 접수마감 2021.10.21 접수마감 66 SCM 사업부 경력직 개발자 채용 2021.10.21 | 접수마감 2021.10.21 접수마감 65 로봇사업부 채용(R&D 개발, PM) 2021.10.08 | 접수마감 2021.10.08 접수마감 64 물류자동화시스템 경력 사원 모집 (스프링 가능자 우대) 2021.10.08 | 접수마감 2021.10.08 접수마감 63 SCM 사업부 신규 인력 채용 2021.10.08 | 접수마감 2021.10.08 접수마감 62 ISP/PI Consulting 경력자 채용 2021.09.24 | 접수마감 2021.09.24 접수마감 1 2 3 4 5 6 7 8 » Last All Title Content Author Search","",") 2021.11.19 | 접수마감 2021.11.19 접수마감 69 하반기 기술지원&유지보수 채용 2021.11.19 | 접수마감 2021.11.19 접수마감 68 로봇사업부 채용(R&D 개발, PM) 2021.10.21 | 접수마감 2021.10.21 접수마감 67 MES(공장자동화) Java/C#/Web(Javascript, JQuery) 개발자 모집 2021.10.21 | 접수마감 2021.10.21 접수마감 66 SCM 사업부 경력직 개발자 채용 2021.10.21 | 접수마감 2021.10.21 접수마감 65 로봇사업부 채용(R&D 개발, PM) 2021.10.08 | 접수마감 2021.10.08 접수마감 64 물류자동화시스템 경력 사원 모집 (스프링 가능자 우대) 2021.10.08 | 접수마감 2021.10.08 접수마감 63 SCM 사업부 신규 인력 채용 2021.10.08 | 접수마감 2021.10.08 접수마감 62 ISP/PI Consulting 경력자 채용 2021.09.24 | 접수마감 2021.09.24 접수마감 1 2 3 4 5 6 7 8 » Last All Title Content Author Search","","건강검진, 경조휴가","","","정규직","","","2021-10-20","2021-11-19","active","2026-04-04T04:35:31.824069","2026-04-04T04:35:31.824089","True"
"363","861","LS티라유텍(주)","로봇사업부 채용(R&D 개발, PM)","https://ls-thirautech.com/recruitment/?uid=113&mod=document&pageid=1","채용정보 LS티라유텍은 직원과 함께 미래를 만들어 나갑니다 꿈과 열정, 긍정적인 마인드로 조직과 함께 성장할 당신을 기다립니다 인재상 복리후생 인재상 자신의 능력과 열정으로 역량을 키워 회사의 핵심인력으로 성장할 당신을 기다립니다. 업무에 대한 전문적인 지식을 갖추고 지속적인 학습과 성장을 통하여 회사와 개인의 공통 목표를 위해 노력하는 인재 긍정적인 사고를 갖추고 티라유텍의 열정, 역량, 배려의 덕목을 성실히 수행하여 사회에 공헌 할 수 있는 인재 성공을 확신하는 열정적인 자세로 새로운 변화에 적극적으로 대처/주도하고 최고를 위해 끊임없이 도전하는 인재 다양성을 존중하고 포용하는 마음으로 나보다는 상대방을 위해 생각하고, 보다 나은 미래를 위해 팀워크 할 수 있는 인재 열정 배려 역량 올바른 가치관 복리후생 Great Work Place 장기근속 포상 명절 귀성비 및 선물 자녀수당 건강수당 체육대회 및 야유회 지원 기숙사 퇴직연금 Work & Life Balance 경조휴가 및 경조금 자기계발 지원 학위취득 축하금 산전휴가 및 육아휴직 연차(반차) 휴가 Health Cart & Insurance 본인 종합건강검진 4대보험 채용공고 01. 입사지원 02. 서류심사 03. 면접심사 (필요시 2차면접 진행) 04. 결과통보 로봇사업부 채용(R&D 개발, PM) 접수마감 Author 경영기획팀 1 Date 2021-10-08 16:18 Views 2525 안녕하세요. 티라유텍에서 R&D 개발, PM 경력자를 모집하고 있습니다. 담당업무 : 채용분야 필수자격요건 우대 모집인원 연봉 전장1 보드/전장 하드웨어 모듈 설계 및 개발 OrCAD를 이용한 도면 및 아트웍 설계펌웨어 및 기타 인터페이스 개발경력 : 무관 (신입가능) 학력 : 대졸(2,3년) 이상 AMR/AGV H/W 설계 경력자 0 명 협의 후 결정 전장2 전장 제어함 도면 및 하네스 도면 설계 파워,센서,전자 부품 등으로 구성된 전장 시스템 및 하네스 제작 경력 : 무관 ( 신입가능 ) 학력 : 대졸(2,3년) 이상 회로 도면 이해 EPLAN 소프트웨어 사용 가능자 전기, 전자 장비 회로에 대한 지식 AMR/AGV HW 개발 경력자 0 명 협의 후 결정 로봇 제어 시스템 SW 로봇 제어 시스템 SW 개발 Python, C++ 기반 제어 시스템 개발 (ROS, ROS2) 경력 : 무관 (신입 가능) 학력 : 대졸(2,3년) 이상 로봇 관련 개발 경력자 ROS, ROS2 환경 개발 경력자로봇 관련 학과 전공자 0 명 협의 후 결정 로봇 운영 (관제) 시스템 SW 로봇 운영 (관제) 시스템 SW 개발 Python, Java, C++ 기반 운영(관제) 시스템 개발 경력 : 무관 (신입 가능) 학력 : 대졸(2,3년) 이상 로봇 관련 개발 경력자 웹기반 (Python, Java, C++ 등) 프로그램 가능자 관련 학과 (컴퓨터공학, 전산 등) 전공자 ​0 명 협의 후 결정 기구 설계 AMR/AGV 기구설계 로봇기구설계CAD/CAM 가능자 Solidworks 가능자경력 : 신입 (경력 2년 이하) 학력 : 대졸(2,3년) 이상 ​AutoCAD, 정/동 해석 프로그램 활용 가능자 AGV/AMR 설계 유 경험자 스마트팩토리 관련 설계 유 경험자 ​0 명​ 협의 후 결정 PM 프로젝트 매니저 자율주행 이송로봇 셋업 계획 수립, 고객대응 및 관리 해외 출장 가능하신 분 경력 : 1년 이상 학력 : 대졸(2,3년) 이상 설비 (로봇 관련) 셋업 경력 해당 직무 근무 경력 0 명 협의 후 결정 모집기간 : 2021년 10월 08일 ~채용일 모집방법 : 채용사이트 ""사람인""에서 지원 지원 및 자세한 사항은 아래의 URL을 참고하여 주시기 바랍니다. URL : 사람인 페이로 이동 Like 0 Unlike 0 Print « 물류자동화시스템 경력 사원 모집 (스프링 가능자 우대) SCM 사업부 경력직 개발자 채용 » List","우대 모집인원 연봉 전장1 보드/전장 하드웨어 모듈 설계 및 개발 OrCAD를 이용한 도면 및 아트웍 설계펌웨어 및 기타 인터페이스 개발경력 : 무관 (신입가능) 학력 : 대졸(2,3년) 이상 AMR/AGV H/W 설계 경력자 0 명 협의 후 결정 전장2 전장 제어함 도면 및 하네스 도면 설계 파워,센서,전자 부품 등으로 구성된 전장 시스템 및 하네스 제작 경력 : 무관 ( 신입가능 ) 학력 : 대졸(2,3년) 이상 회로 도면 이해 EPLAN 소프트웨어 사용 가능자 전기, 전자 장비 회로에 대한 지식 AMR/AGV HW 개발 경력자 0 명 협의 후 결정 로봇 제어 시스템 SW 로봇 제어 시스템 SW 개발 Python, C++ 기반 제어 시스템 개발 (ROS, ROS2) 경력 : 무관 (신입 가능) 학력 : 대졸(2,3년) 이상 로봇 관련 개발 경력자 ROS, ROS2 환경 개발 경력자로봇 관련 학과 전공자 0 명 협의 후 결정 로봇 운영 (관제) 시스템 SW 로봇 운영 (관제) 시스템 SW 개발 Python, Java, C++ 기반 운영(관제) 시스템 개발 경력 : 무관 (신입 가능) 학력 : 대졸(2,3년) 이상 로봇 관련 개발 경력자 웹기반 (Python, Java, C++ 등) 프로그램 가능자 관련 학과 (컴퓨터공학, 전산 등) 전공자 ​0 명 협의 후 결정 기구 설계 AMR/AGV 기구설계 로봇기구설계CAD/CAM 가능자 Solidworks 가능자경력 : 신입 (경력 2년 이하) 학력 : 대졸(2,3년) 이상 ​AutoCAD, 정/동 해석 프로그램 활용 가능자 AGV/AMR 설계 유 경험자 스마트팩토리 관련 설계 유 경험자 ​0 명​ 협의 후 결정 PM 프로젝트 매니저 자율주행 이송로봇 셋업 계획 수립, 고객대응 및 관리 해외 출장 가능하신 분 경력 : 1년 이상 학력 : 대졸(2,3년) 이상 설비 (로봇 관련) 셋업 경력 해당 직무 근무 경력 0 명 협의 후 결정 모집기간 : 2021년 10월 08일 ~채용일 모집방법 : 채용사이트 ""사람인""에서 지원 지원 및 자세한 사항은 아래의 URL을 참고하여 주시기 바랍니다. URL : 사람인 페이로 이동 Like 0 Unlike 0 Print « 물류자동화시스템 경력 사원 모집 (스프링 가능자","모집인원 연봉 전장1 보드/전장 하드웨어 모듈 설계 및 개발 OrCAD를 이용한 도면 및 아트웍 설계펌웨어 및 기타 인터페이스 개발경력 : 무관 (신입가능) 학력 : 대졸(2,3년) 이상 AMR/AGV H/W 설계 경력자 0 명 협의 후 결정 전장2 전장 제어함 도면 및 하네스 도면 설계 파워,센서,전자 부품 등으로 구성된 전장 시스템 및 하네스 제작 경력 : 무관 ( 신입가능 ) 학력 : 대졸(2,3년) 이상 회로 도면 이해 EPLAN 소프트웨어 사용 가능자 전기, 전자 장비 회로에 대한 지식 AMR/AGV HW 개발 경력자 0 명 협의 후 결정 로봇 제어 시스템 SW 로봇 제어 시스템 SW 개발 Python, C++ 기반 제어 시스템 개발 (ROS, ROS2) 경력 : 무관 (신입 가능) 학력 : 대졸(2,3년) 이상 로봇 관련 개발 경력자 ROS, ROS2 환경 개발 경력자로봇 관련 학과 전공자 0 명 협의 후 결정 로봇 운영 (관제) 시스템 SW 로봇 운영 (관제) 시스템 SW 개발 Python, Java, C++ 기반 운영(관제) 시스템 개발 경력 : 무관 (신입 가능) 학력 : 대졸(2,3년) 이상 로봇 관련 개발 경력자 웹기반 (Python, Java, C++ 등) 프로그램 가능자 관련 학과 (컴퓨터공학, 전산 등) 전공자 ​0 명 협의 후 결정 기구 설계 AMR/AGV 기구설계 로봇기구설계CAD/CAM 가능자 Solidworks 가능자경력 : 신입 (경력 2년 이하) 학력 : 대졸(2,3년) 이상 ​AutoCAD, 정/동 해석 프로그램 활용 가능자 AGV/AMR 설계 유 경험자 스마트팩토리 관련 설계 유 경험자 ​0 명​ 협의 후 결정 PM 프로젝트 매니저 자율주행 이송로봇 셋업 계획 수립, 고객대응 및 관리 해외 출장 가능하신 분 경력 : 1년 이상 학력 : 대졸(2,3년) 이상 설비 (로봇 관련) 셋업 경력 해당 직무 근무 경력 0 명 협의 후 결정 모집기간 : 2021년 10월 08일 ~채용일 모집방법 : 채용사이트 ""사람인""에서 지원 지원 및 자세한 사항은 아래의 URL을 참고하여 주시기 바랍니다. URL : 사람인 페이로 이동 Like 0 Unlike 0 Print « 물류자동화시스템 경력 사원 모집 (스프링 가능자 우대) SCM 사업부 경력직 개발자 채용 » List","","건강검진, 경조휴가","","","","","","2021-09-08","2021-10-08","active","2026-04-04T04:35:46.960967","2026-04-04T04:35:46.960986","True"
"364","866","지에스엠비즈 주식회사","GS엠비즈","https://www.gsmbiz.com/recruit/information#job-535b7641-0","채용안내 GS엠비즈의 채용절차 및 채용유형에 대해 안내합니다. 인재채용 채용안내 채용절차 01 입사지원서 작성 GS엠비즈 홈페이지를 통한 온라인 지원서 접수만 가능합니다. 02 서류전형 선발과정의 초기단계로서 지원자가 제출한 서류를 기반으로 지원자의 적격성을 판단하는 단계로서 지원자의 경력,자질과 능력 및 잠재력을 파악합니다. 03 인/적성 검사 업무수행에 있어 기본이 되는 역량과 회사의 조직가치와 부합하는 인성을 파악합니다. 04 1차 면접전형 지원분야의 실무진과 다대일 면접이며, 직무적합성과 조직적합성을 판단합니다. 05 2차 면접전형 최종 임원진 면접으로 전체적인 회사와의 적합성 등을 판단합니다. 06 건강검진 07 최종합격 채용유형 ㆍ정기채용 년 1회 또는 2회 신입사원 공개채용을 진행합니다. ㆍ수시채용 추가로 필요 인력 발생 시 공개모집의 원칙아래 수시채용을 진행하고 있습니다. 입사지원하기","","","","건강검진","","","","","","","","active","2026-04-04T04:36:03.315424","2026-04-04T04:36:03.315441","True"
"365","873","(주)지아이에스","인재채용","https://gooilsol.com/?menu_code=194","인재경영 인재경영 인재채용 인재채용 인재상 복리후생 인재채용 Recruitment of Talent 회사와 함께 성장할 역량있는 인재를 소중히 여깁니다. 전형방법 STEP 01. 지원서 접수 STEP 02. 서류심사 STEP 03. 면접전형 STEP 03. 합격통보 채용방법 수시채용 (당사 홈페이지 및 학교 취업보도실) / 공개채용 (일간지 및 웹사이트) 제출서류 입사지원서 1부 졸업증명서 1부 자격증 사본(소지자에 한함), 공인 외국어 성적 증명서 사본(해당자에 한함) 접수 경북 구미시 산동읍 5공단5로 55 채용문의 부서: 경영지원팀 TEL : 054-473-9133 이메일 : ys.tak@gooilsol.com","","","","","","경북","","","","","","active","2026-04-04T04:36:21.661629","2026-04-04T04:36:21.661649","True"
"366","886","주식회사 브렌티(VRENTI Corp.)","[승인대기] 관리자의 승인을 기다리고 있습니다.","https://vrenti.com/hiring/?mod=document&uid=4","콘텐츠로 건너뛰기 검색: 회사소개 인사말 미션과 비전 연혁 오시는길 사업분야 통합 SI·SM 시스템·네트워크 기술R&D 실적·인증 인증현황 사업실적 채용정보 채용공고 고객지원 고객문의 뉴스룸 자주하는질문 채용정보 VRENTI와 함께 성장할 인재를 기다립니다. 채용공고 vrenti 2026-01-26T17:02:31+09:00 Recruit News 인재채용 함께 만들어가는 성과를 통해 변하지 않는 가치를 실현합니다. With Company 컴퍼니와 함께할 인재상 01 전문성을 갖춘 인재 02 소통하고 협력하는 인재 03 열적정으로 도전하는 인재 Recruit News 채용공고 함께 만들어가는 성과를 통해 변하지 않는 가치를 실현합니다. [승인대기] 관리자의 승인을 기다리고 있습니다. 작성자 vrenti 작성일 2026-01-26 11:07 조회 57 [관리자의 승인을 기다리고 있습니다.] 인쇄 목록보기 Powered by KBoard 오시는길 | 개인정보취급방침 | 회사소개서 세종특별자치시 한누리대로 538 도담센트럴프라자 707호, 브렌티 TEL : 044-862-3605 | Fax : 044-862-3609 | Email : vrenti@vrenti.com 페이지 로드 링크 Go to Top","","","","","","세종","","","","2025-12-27","2026-01-26","active","2026-04-04T04:36:45.195572","2026-04-04T04:36:45.195584","True"
"367","886","주식회사 브렌티(VRENTI Corp.)","채용정보","https://vrenti.com/hiring","콘텐츠로 건너뛰기 검색: 회사소개 인사말 미션과 비전 연혁 오시는길 사업분야 통합 SI·SM 시스템·네트워크 기술R&D 실적·인증 인증현황 사업실적 채용정보 채용공고 고객지원 고객문의 뉴스룸 자주하는질문 채용정보 VRENTI와 함께 성장할 인재를 기다립니다. 채용공고 vrenti 2026-01-26T17:02:31+09:00 Recruit News 인재채용 함께 만들어가는 성과를 통해 변하지 않는 가치를 실현합니다. With Company 컴퍼니와 함께할 인재상 01 전문성을 갖춘 인재 02 소통하고 협력하는 인재 03 열적정으로 도전하는 인재 Recruit News 채용공고 함께 만들어가는 성과를 통해 변하지 않는 가치를 실현합니다. 전체 1 최신순 추천순 조회순 업데이트순 번호 제목 작성자 작성일 추천 조회 1 채용 공고 테스트 vrenti | 2026.01.26 | 추천 0 | 조회 57 vrenti 2026.01.26 0 57 1 전체 제목 내용 작성자 검색 Powered by KBoard 오시는길 | 개인정보취급방침 | 회사소개서 세종특별자치시 한누리대로 538 도담센트럴프라자 707호, 브렌티 TEL : 044-862-3605 | Fax : 044-862-3609 | Email : vrenti@vrenti.com 페이지 로드 링크 Go to Top","","","","","","세종","","","","2025-12-27","2026-01-26","active","2026-04-04T04:36:50.098254","2026-04-04T04:36:50.098272","True"
"368","888","주식회사 원라인에이아이","一期一會","https://onelineai.com/careers_ml","ML 기반 자산 특성 추출 및 벡터화 ML 기반 사용자·자산 신호로 자산 랭킹 모델 학습 및 검증 ML/DL 기반 금융 시계열 처리 및 유관 특허 작성","유관 경력 2–3년 보유 Pandas, NumPy, PyTorch 에 대한 고급 이상의 숙련도 랭킹/개인화/검색 시스템 실무 경험 금융 시계열 처리 및 이미지 데이터 처리 경험","통계학·금융공학에 대한 이해. 정량 모델링·금융 데이터 처리에 대한 이해. 금융 분야 논문 및 특허 작성 경험. 금융 자산 리밸런싱 및 backtesting 프로젝트 경험","는 지원자의 경력 및 회사의 사정에 따라 늘어나거나 줄어들 수 있습니다.) ※지원시 자유로운 형식의 이력서, 포트폴리오 필수 제출 기타사항 자기계발지원 식대지원 건강검진지원 보너스 AI 선도 기업 재택근무 마감일 상시 채용 근무지역 서울특별시 마포구 마포대로 122 14F 프론트원 Contact 지원하기 지원하기 一期一會 평생 한 번 뿐인 기회 세계 금융 판도를 바꾸고 있는 진정한 Pioneer 팀에 합류하는 일생 일대의 기회 포지션 지원하기 一期一會 평생 한 번 뿐인 기회 세계 금융 판도를 바꾸고 있는 진정한 Pioneer 팀에 합류하는 일생 일대의 기회 포지션 지원하기 一期一會 평생 한 번 뿐인 기회 세계 금융 판도를 바꾸고 있는 진정한 Pioneer 팀에 합류하는 일생 일대의 기회 포지션 지원하기 About OLA OLAF Careers Blog Contact Privacy Policy Terms © 2025 OneLineAI, Inc. All rights reserved. About OLA OLAF Careers Blog Contact Privacy Policy Terms © 2025 OneLineAI, Inc. All rights reserved. About OLA OLAF Careers Blog Contact Privacy Policy Terms © 2025 OneLineAI, Inc. All rights reserved. OLA ・ 챗봇 이용자 280% 달성한 내용 보기 확인하기 홈 솔루션 채용 블로그 문의하기 OLA ・ 챗봇 이용자 280% 달성한 내용 보기 확인하기","건강검진, 경조사비, 교육비, 상여금, 식대, 인센티브, 재택근무","","서울","정규직","연봉: 회사 내규에 의함 (경력에 따라 협의","","","","active","2026-04-04T04:37:20.291553","2026-04-04T04:37:20.291575","True"
"369","888","주식회사 원라인에이아이","정한얼 원라인에이아이 대표 ""금융 콘텐츠 자동화","https://onelineai.com/careers","OLA ・ 챗봇 이용자 280% 달성한 내용 보기 확인하기 홈 솔루션 채용 블로그 문의하기 OLA ・ 챗봇 이용자 280% 달성한 내용 보기 확인하기 一期一會 평생 한 번 뿐인 기회 세계 금융 판도를 바꾸고 있는 진정한 Pioneer 팀에 합류하는 일생 일대의 기회 포지션 지원하기 一期一會 평생 한 번 뿐인 기회 세계 금융 판도를 바꾸고 있는 진정한 Pioneer 팀에 합류하는 일생 일대의 기회 포지션 지원하기 一期一會 평생 한 번 뿐인 기회 세계 금융 판도를 바꾸고 있는 진정한 Pioneer 팀에 합류하는 일생 일대의 기회 포지션 지원하기 폭풍성장중인 팀과 합류해보세요. Position 채용 중인 공고 시니어 백엔드 엔지니어 지원하기 프론트 엔지니어 지원하기 AI 엔지니어 지원하기 금융 머신러닝 엔지니어 지원하기 Article 언론 속의 원라인에이아이 정한얼 원라인에이아이 대표 ""금융 콘텐츠 자동화 솔루션으로 금융사 혁신"" 정한얼 원라인에이아이 대표 ""금융 콘텐츠 자동화 솔루션으로 금융사 혁신"" ""금융사 업무 혁신으로 '모바일트레이딩시스템(MTS) 2.0 시대를 열겠다."" 정한얼 원라인에이아이 대표는 20일 파이낸셜뉴스와 만나… 기사 보기 원라인에이아이, 한국판 AI 능력 평가 데이터셋 'KMMLU' 발표 금융 도메인 생성형 AI(인공지능) 전문기업 원라인에이아이(OneLineAI, 대표 정한얼)가 최근 대규모 한글 언어모델 평가 데이터셋 … 기사 보기 Interview 직무 인터뷰 서비스 개발 서비스 기획 AI 개발 About OLA OLAF Careers Blog Contact Privacy Policy Terms © 2025 OneLineAI, Inc.","","","","","","","","","","","","active","2026-04-04T04:37:37.102034","2026-04-04T04:37:37.102055","True"
"370","904","주식회사 솔루게이트","RECRUIT","http://www.solugate.com/recruit/recruit_pool","RECRUIT 당신에게 또는 당신의 고객에게 정확하고 즐거운 정보를 제공합니다. 홈 RECRUIT 인재등록 채용정보 인사제도 인재등록 인재등록 인재등록 조회 * 표시는 필수 입력 항목입니다. 기본정보 * 이 름 * 생년월일 ' - ' 없이 숫자만 (예 : 19850101) * 성 별 남성 여성 * 연락처(휴대폰) * 이메일 중복확인 * 비밀번호 영문/숫자 조합으로 8자이상 12자 이하 * 비밀번호 확인 상세정보 입력 * 최종학력 고등학교 전문학사 학사 석사 박사 * 지원종류 신입 경력 신입/경력 * 희망분야 챗봇 개발 음성인식 개발 자연어 처리 자연어 연구(연구소) 음성인식 연구(연구소) 솔루션 영업 마케팅 기획 기타 * 경력사항(성과 중심) * 자기소개(입사 각오) 개인정보 수집 및 활용 동의(필수) 솔루게이트 인재채용 관련 개인정보취급방침 주식회사 솔루게이트는 인재채용 서비스와 관련하여 이용자 개개인의 정보를 효과적으로 보호하며 정보통신망 이용촉진 및 정보보호 등에 관한 법률 등 모든 관련법규를 준수하고, 개인정보와 이용자 정보를 적절하게 취급합니다. 인재채용 관련 개인정보취급방침 솔루게이트는 이용자 개개인의 정보를 효과적으로 보호하고 「정보통신망 이용촉진 및 정보보호 등에 관한 법률」, 「개인정보보호법」, 「통신비밀보호법」, 「전기통신사업법」 등 정보통신서비스제공자가 준수하여야 할 관련 법령상의 개인정보보호 규정을 준수하며, 개인정보취급방침을 만들어 이를 준수하고 있습니다. 이러한 개인정보취급방침은 관련 법률 및 정부 지침의 변경과 솔루게이트의 내부 방침의 변경에 의하여 수시로 변경될 수 있습니다. 솔루게이트의 인재채용 관련 개인정보취급방침이 변경될 경우, 변경사항은 솔루게이트의 인재채용 웹사이트에 게시됩니다. 또 변경사항에 의문이 있으실 경우는 언제라도 솔루게이트 전략기획실에 연락하여 확인하실 수 있습니다. 솔루게이트의 인재채용 관련 개인정보취급방침은 다음과 같은 내용을 담고 있습니다. - 수집하는 개인정보 항목 및 수집방법 - 개인정보의 수집 및 이용목적 - 수집한 개인정보의 공유 및 제공 - 수집한 개인정보의 취급 및 위탁 - 수집한 개인정보의 보유 및 이용기간 - 개인정보의 열람, 갱신, 수정 및 동의 철회, 이용자탈퇴 방법 - 개인정보의 파기절차 및 방법 - 이용자 및 법정대리인의 권리와 그 행사방법 - 개인정보 자동수집장치의 설치/운영 및 그 거부에 관한 사항 - 개인정보 관리책임자 및 관리담당자 - 개인정보보호를 위한 기술적/관리적 대책 - 고지의 의무 1. 수집하는 개인정보 항목 및 수집방법 솔루게이트는 당사의 인재채용 관련 서비스 제공을 위해, 개인을 식별하거나 특정할 수 있는 정보 및 관련 정보 또는 웹 서버의 로그 해석 등에서 얻어지는 정보를 수집하고 있습니다. ▶ 솔루게이트는 인재채용과 관련하여 입사지원 (인재등록), 상담, 서비스 신청 등을 위해 아래와 같은 개인정보를 수집하고 있습니다. - 입사지원 (인재등록) 시 수집하는 정보: 이름, 생년월일, 이메일, 주소, 연락처, 휴대전화번호, 지원부문, 희망근무지, 학력, 병역사항, 보훈사항, 어학, 경력사항, 자격증, 국가 등 - 이용자의 인재채용 서비스 및 웹사이트에 대한 질문이나 문의를 한 경우, 이용자가 당사의 인재채용 서비스를 이용할 때, 당사에 제공되는 정보 * 이용자가 상기의 개인정보 및 인재등록 정보를 제공함에 있어서, 고의 혹은 과실 등의 이유로 부정확한 정보를 제공한 경우, 이에 대한 불이익 및 불편사항이 발생할 수 있음을 알려드립니다. ▶ 솔루게이트는 인재채용과 관련하여 다음과 같은 방법으로 개인정보를 수집합니다. - 홈페이지를 통해 이용자가 입력한 정보 (입사지원서 혹은 인재등록 접수 등), 서면양식, 전화, 팩스에 의한 정보 (이용자가입, 지원서 접수) 2. 개인정보 수집 및 이용목적 솔루게이트는 인재채용과 관련하여 개인정보를 취득할 경우, 개인정보의 이용목적을 명확히 정하고, 그 목적 달성에 필요한 범위 내에서 적법하며 공정한 수단을 통해 실시합니다. 개인정보의 이용목적은 이용자 본인에게 명확히 밝히며, 이용목적에 변경이 발생한 경우, 또는 목적 외로 이용하는 경우는 소정의 절차에 따르도록 합니다. ▶ 솔루게이트는 인재채용과 관련하여 수집한 개인정보를 다음의 목적을 위해 활용합니다. - 입사지원 (인재등록): 입사지원 서비스 제공에 관한 계약 이행 및 기타 서비스 제공 - 이용자 관리: 이용자 서비스 이용에 따른 본인확인, 본인식별, 본인의사 확인, 원활한 의사소통 경로 확보, 채용관련 최신 정보 및 진행사항 안내, 부정 이용 방지와 비인가 사용 방지, 가입 의사 확인, 가입 및 가입횟수 제한, 분쟁 조정을 위한 기록보존, 불만처리 등 민원처리, 고지사항 전달 - 인재채용 서비스: 해당 선발전형 지원의사 확인, 지원자격 확인, 채용절차 진행, 직무수행능력 평가, 학력, 자격 및 경력 확인, (채용 시) 고용계약 기타 인사 관련 업무, 인재채용 서비스 관련 프로그램 개발 및 특화, 이용자의 서비스 이용에 대한 통계, 설문조사, 이벤트 등 정보 전달 및 행사 3. 수집한 개인정보의 공유 및 제공 솔루게이트는 인재채용과 관련하여 ｢2. 개인정보 수집 및 이용목적｣에서 고지한 범위 내에서 사용하며, 동 범위를 초과하여 이용하거나 타인 또는 타기업 혹은 기관에 제공하지 않습니다. ▶ 다만, 아래의 경우에는 예외로 합니다. - 이용자가 사전에 동의한 경우 - 법령의 규정에 의거하거나, 수사 목적으로 법령에 정해진 절차와 방법에 따라 수사기관의 요구가 있는 경우 - 통계작성 및 학술연구나 시장조사를 위하여 특정 개인을 식별할 수 없는 형태로 가공하여 제공하는 경우 ▶ 그러나, 이용자에 대하여 보다 더 질 높은 서비스 제공 등을 위해 이용자의 개인정보를 제3자 (제휴사)에게 제공하거나 공유할 수 있으며, 이러한 경우 아래와 같은 정보를 사전에 이용자에게 통지합니다. - 제공정보의 이용목적, - 제공대상 (제휴업체), - 제공정보 (이름, 이메일, 휴대전화번호, 주소) - 제공정보의 보유 및 이용기간 4. 수집한 개인정보의 취급 및 위탁 솔루게이트는 인재채용과 관련하여 이용자의 동의 없이 이용자의 개인정보 취급을 외부 업체에 위탁하지 않습니다. 향후 그러한 필요가 생길 경우, 위탁 대상자와 위탁 업무 내용에 대해 이용자에게 통지하고 필요한 경우 사전 동의를 받습니다. ▶ 업무위탁을 하는 경우: 인재채용과 관련하여 서비스 이행을 위해 지원자의 동의를 얻어 아래와 같이 외부 전문업체에 업무를 위탁하고 있으며, 관계 법령에 따라 개인정보가 안전하게 관리될 수 있도록 필요한 사항을 규정하고 있으며, 정보제공 목적 달성 시 혹은 계약 종료 시 지체 없이 파기합니다. - 교육기관: 한국토익위원회, 서울대텝스관리위원회 (자격검증) - 교육기관: 각 대학본부 (학력검증) - 의료기관: 전국 각 병원 (건강검진) - 컨설팅업체: 한국행동과학연구소 (인성, 적성검사) - 배송업체: 우정사업본부, 현대로지엠㈜, KGB (배송업무) - IT업체: (주)EC21 (인재채용 관리 시스템 개발 및 DBMS 시스템 운영) 5. 수집한 개인정보의 보유 및 이용기간 원칙적으로, 개인정보 수집 및 이용목적이 달성된 후에는 해당 정보를 지체 없이 파기합니다. 단, 다음의 정보에 대해서는 아래의 이유로 명시한 기간 동안 보존합니다. 이 경우 회사는 보관하는 정보를 그 보관의 목적으로만 이용하며 보존기간은 아래와 같습니다. ▶ 제출된 입사지원서 또는 인재등록 서류 - 보존이유: 입사관련 서류 보존방침 (학교 및 경력사항 관련 증빙서류 등) - 보존기간: 3년 6. 개인정보의 열람, 갱신, 수정 및 동의 철회, 이용자탈퇴 방법 솔루게이트는 인재채용과 관련하여 개인정보 및 이용자정보에 대해 이용자로부터 열람, 갱신, 수정 및 동의철회, 이용자 탈퇴 등의 요청이 있을 경우는 성실하게 대응하겠습니다. ▶ 개인정보의 열람, 갱신, 수정 및 동의철회, 이용자 탈퇴 등의 문의는 전화나 팩스, 이메일을 통해서 할 수 있습니다. - 전화: 070-8882-5252 - 팩스: 070-4405-7835 - 이메일: sales@solugate.com 솔루게이트는 인재채용과 관련하여 이용자로부터 동의철회, 열람, 수정 요청이 있는 경우 즉시 필요한 조치를 취하고, 특히 정보수정요청에 대해서는 해당 정보가 정정될 때까지 동 정보를 이용하지 않습니다. 솔루게이트는 인재채용과 관련하여 만14세 미만 아동에게는 개인정보 제공을 필요로 하는 서비스를 제공하지 않습니다. 7. 개인정보 파기절차 및 방법 솔루게이트는 인재채용과 관련하여 원칙적으로 개인정보 수집 및 이용목적이 달성된 후에는 해당 정보를 지체 없이 파기합니다. 단, 이용자가 이용자가입 및 채용지원 시 제출한 입사지원서 혹은 인재등록 서류는 입사관련 서류 보존방침에 따라 입사지원 시점부터 3년간 보관할 수 있습니다. 파기절차 및 방법은 다음과 같습니다. ▶ 파기절차 - 이용자가 입사지원 (인재등록) 등을 위해 입력하신 정보는 목적이 달성된 후 내부 방침 및 기타 관련 법령에 의한 정보보호 사유에 따라 ([5. 수집한 개인정보의 보유 및 이용기간] 참조), 별도의 DB (혹은 별도의 서류함)로 옮겨져 일정 기간 저장된 후 파기됩니다. - 별도로 옮겨진 동 개인정보는 법률에 의한 경우가 아니고서는 보유 이외의 다른 목적으로 이용되지 않습니다. ▶ 파기방법 - 종이에 출력된 개인정보는 분쇄기로 분쇄하거나 소각을 통하여 파기하고, - 전자적 파일형태로 저장된 개인정보는 기록을 재생할 수 없는 기술적 방법을 사용하여 삭제합니다. 8. 이용자의 권리와 그 행사방법 이용자는 언제든지 등록되어 있는 자신의 개인정보에 대해 조회 및 수정, 가입 해지 등을 요청할 수도 있으며, 그 행사방법으로는 서면, 전화 또는 이메일에 의한 방법으로 행사할 수 있습니다. 이용자가 개인정보의 오류에 대한 정정을 요청하신 경우에는 정정을 완료하기 전까지 당해 개인정보를 이용 또는 제공하지 않습니다. 또한 잘못된 개인정보를 제3자에게 이미 제공한 경우에는 정정 처리결과를 제3자에게 지체 없이 통지하여 정정이 이루어지도록 하겠습니다. 솔루게이트는 이용자 혹은 법정 대리인의 요청에 의해 해지 또는 삭제된 개인정보는 ""솔루게이트가 수집하는 개인정보의","","","","건강검진","","서울","계약직","","","2019-12-16","2020-01-15","active","2026-04-04T04:38:38.442049","2026-04-04T04:38:38.442063","True"
"371","904","주식회사 솔루게이트","RECRUIT","http://www.solugate.com/recruit/recruit_personnel","RECRUIT 당신에게 또는 당신의 고객에게 정확하고 즐거운 정보를 제공합니다. 홈 RECRUIT 인사제도 채용정보 인재등록 인사제도 직급별 승진 소요 근무년수 일반직 직급 최저 근무년수 비고 차장 부장 5년 인사위원회 심의 과장 차장 4년 대리 과장 3년 사원 대리 2년 자동승진 연구직 연구직 직급 최저 근무년수 비고 책임 연구원 수석 연구원 5년 인사위원회 심의 선임 연구원 책임 연구원 4년 주임 연구원 선임 연구원 3년(+2) 자동승진 ※ 학사인 경우에는 +2년을 추가하여 진행한다. 복리후생 생활지원 4대보험 국민연금, 고용보험, 산재보험, 건강보험 경조비 경조금, 화환 및 경조휴가 부여 (본인/가족 결혼, 회갑, 조의 등) 의료지원 안전/건강 건강검진 휴가지원 휴가 연차, 반차, 경조휴가제, 노동절 휴무, 산전 후 휴가, 육아휴직 기타 교육 자기계발비 지원, 교육비 지원 명절 명절선물 편의시설 카페테리아, 안마의자, 스타일러, 커피머신","","","","건강검진, 경조휴가, 교육비","","","","","","","","active","2026-04-04T04:38:43.740776","2026-04-04T04:38:43.740796","True"
"372","904","주식회사 솔루게이트","RECRUIT","http://www.solugate.com/recruit/recruit_info","에 능동적으로 임한다. 윤리적 행동 책임감을 갖고 도덕과 정직의 가치관을 준수한다. 혁신의지 조직의 가치를 창출하기 위해 벽을 허물고 팀을 이뤄 혁신을 추진한다. 전형절차","","","근무조건 근무형태 : 정규직 근무요일/시간 : 주 5일(월~금) 오전 8시 ~ 오후 5시 / 오전 9시 ~ 오후 6시(탄력근무제) 근무지 : 서울특별시 금천구 가산디지털1로 145, 309~311호(가산동, 에이스하이엔드타워3차) 지원방법 e-메일 접수 (recruit@solugate.com) 입사지원하기 제출서류 이력서(지원자 자유 이력서), 자기소개서 제출(개발경험 및 포트폴리오) 최종합격 후 졸업증명서, 최종학교 전 학년 성적증명서, 공인시험 및 기타 자격증 사본(소지자에 한함), 취업보호대상증명서(대상자에 한함) 제출 기타유의사항 입사지원 서류에 허위사실이 발견될 경우, 채용확정 이후라도 채용이 취소될 수 있습니다.​ 각 전형별 합격자에 한해 개별통보 합니다. 제출된 서류는 일체 반환하지 않으며, 본 채용 목적 이외에는 사용되지 않습니다. 최종합격 시 직급 및 처우는 개인별 경력사항을 고려하여 본인 협의 후 결정됩니다.","","","서울","정규직","","","","","active","2026-04-04T04:38:48.111597","2026-04-04T04:38:48.111620","True"
"373","920","효성ITX(주)","HYOSUNG ITX","https://www.hyosungitx.com/ko/utility/finance.do","메뉴 바로가기 본문 바로가기 HYOSUNG ITX 회사소개 사업분야 투자정보 ESG 홍보센터 인재채용 Contact Us EN 메뉴버튼 회사소개 기업개요 CEO 인사말 경영이념 Hyosung Way 찾아오시는 길 사업분야 사업개요 IT Solution & Service ITO Service Smart Factory Solution Contact Center Service Contact Center AI Solution Cloud Contact Center Solution Display Solution 투자정보 재무정보 공시정보 연차보고서 효성ITX 공고 IR정보 주식정보 ESG 지속가능경영 윤리경영 환경경영 나눔경영 안전경영 기업지배구조 정보보호 홍보센터 뉴스센터 수상실적 인재채용 인재상 인재육성 평가/보상 채용안내 Digital Transformation leader 회사소개 기업개요 CEO 인사말 경영이념 Hyosung Way 찾아오시는 길 사업분야 사업개요 IT Solution & Service ITO Service Smart Factory Solution Contact Center Service Contact Center AI Solution Cloud Contact Center Solution Display Solution 투자정보 재무정보 공시정보 연차보고서 효성ITX 공고 IR정보 주식정보 ESG 지속가능경영 윤리경영 환경경영 나눔경영 안전경영 기업지배구조 정보보호 홍보센터 뉴스센터 수상실적 인재채용 인재상 인재육성 평가/보상 채용안내","","","","","","서울","","","","","","active","2026-04-04T04:39:22.762230","2026-04-04T04:39:22.762251","True"
"374","920","효성ITX(주)","인재채용","https://www.hyosungitx.com/ko/recruit/recruitGuide.do","인재채용 효성ITX의 성장과 함께할 인재를 기다립니다. HOME 인재채용 회사소개 사업분야 투자정보 ESG 홍보센터 인재채용 채용안내 인재상 인재육성 평가/보상 채용안내 채용안내 본사직군 각 사업부별 본사 채용은 연중 수시채용을 통해 이루어집니다. STEP 01 입사지원 STEP 02 서류전형 STEP 03 1차 면접 STEP 04 2차 면접 STEP 05 최종합격 채용안내 - 본사직군 구분 내용 채용시기 사업부별 채용계획에 따라 수시채용 모집분야 일반사무직 : 기획, 재무, 총무, 인사, 교육, 영업, 영업관리 등 IT : S/W 개발, IT시스템 개발 및 운영, 서버관리자, 보안관리자 등 접수 및 문의처 E-mail : HR@hyosung.com Tel : 02-2102-8489 상담직군 Contact Center 상담직군 채용은 Dodreami 사이트를 통해 수시채용이 이루어집니다. 상담직군 지원하기","","","","","","","","","","","","active","2026-04-04T04:39:27.014656","2026-04-04T04:39:27.014678","True"
"375","923","주식회사 오픈메이드컨설팅","채용 정보 | 오픈메이드컨설팅","https://www.openmade.co.kr/about-us/recrute","DA 컨설턴트 데이터 아키텍처 컨설팅 경험자 ​데이터 품질 관리 컨설팅 경험자 Data 모델러 데이터 모델링 5년 이상 경력자 SQL 튜닝 전문가 SQL 튜닝 5년 이상 전문가 DBA DBA 3년 이상 경력자 입사지원서 다운로드 지원서 아래 이메일로 보내기 khkim@openmade.co.kr 지원문의 TEL: 02-6310-6165 FAX: 02-6310-6166 지원방법 입사지원서 다운로드 받아 작성한 후 이메일 전송 지원기간 상시 모집 채용절차 1차: 서류전형 2차: 기본면접 및 기술인터뷰 ​3차: 연봉(급여) 협상 채용방식 정규직, ​계약직 인재 채용 끊임없는 혁신과 도전으로 업계를 선도하는 오픈메이드컨설팅과 함께 성장하며 미래를 만들어갈 열정적인 인재를 기다립니다. 당신의 가능성을 이곳에서 마음껏 펼쳐보세요. Recruit 오픈메이드컨설팅과 미래를 함께 할 인재를 모십니다.","","","DA 컨설턴트 데이터 아키텍처 컨설팅 경험자 ​데이터 품질 관리 컨설팅 경험자 Data 모델러 데이터 모델링 5년 이상 경력자 SQL 튜닝 전문가 SQL 튜닝 5년 이상 전문가 DBA DBA 3년 이상 경력자 입사지원서 다운로드 지원서 아래 이메일로 보내기 khkim@openmade.co.kr 지원문의 TEL: 02-6310-6165 FAX: 02-6310-6166 지원방법 입사지원서 다운로드 받아 작성한 후 이메일 전송 지원기간 상시 모집 채용절차 1차: 서류전형 2차: 기본면접 및 기술인터뷰 ​3차: 연봉(급여) 협상 채용방식 정규직, ​계약직 인재 채용 끊임없는 혁신과 도전으로 업계를 선도하는 오픈메이드컨설팅과 함께 성장하며 미래를 만들어갈 열정적인 인재를 기다립니다. 당신의 가능성을 이곳에서 마음껏 펼쳐보세요. Recruit 오픈메이드컨설팅과 미래를 함께 할 인재를 모십니다.","","","","정규직","","","","","active","2026-04-04T04:40:01.148630","2026-04-04T04:40:01.148652","True"
"376","924","주식회사 이프정보시스템","Recruit","https://www.ifinfo.co.kr/recruit","(주)이프정보시스템은 금융IT 분야를 이끌고 나갈 능력있고 패기있는 인재를 위해 입사의 기회가 항상 개방되어 있습니다. 지원해주신 여러분들의 소중한 정보는 검토 후 신속하게 개별 통보해 드리며, 자체 DB 구축 후 인원충원시 우선적으로 기회를 드립니다. 모집구분 모집분야 해당요건 인원 신입사원 금융IT 엔지니어 – 전산관련계열학과 전공자 – 상경계열학과 전공자 – 석사/박사 학위취득자 우대 00명 경력사원 금융IT 엔지니어 – 은행, 증권, 종금, 보험사 전산업무 3년 이상 경력자 – 국제금융, 외환관련 업무 경력자 – CBD/J2EE 프로젝트 경력자 – 해외 프로젝트 경력자 00명 금융IT 영업직 – 은행 및 금융권 IT영업 경력자 – 은행 전산기획 또는 업무기획팀 경력자 – 해외영업 경력자우대 00명 관련 자격증 또는 국제공인 자격증 소지자 우대 영어,중국어,일어 가능자 우대 해외업무 수행에 결격사유가 없는 자 접수방법 : [전자우편] whkim@ifinfo.co.kr ※담당자 : 김원희 차장 02-6383-3101 제출서류 : 이력서, 자기소개서(프로젝트, 경력위주 Free Format) 전형방법 : 서류전형 -> 면접 -> 2차면접 -> 채용 제출된 서류는 반환하지 않으며, 서류전형에 합격하신 분들에 한해 개별적으로 면접일자가 통보됩니다. 우리 (주)이프정보시스템의 모든 직원은 본인과 가족의 건강에 대하여 숭고한 책임의식을 가지고 전직원 금연을 실시하고 있습니다. 현재 흡연자의 경우라도 입사 후 금연에 성공할 수 있도록 동기부여하는 환경을 마련하고 있사오니 이점 양지하시기 바랍니다. 회사소개 이메일 무단수집 거부 찾아오시는 길","(주)이프정보시스템은 금융IT 분야를 이끌고 나갈 능력있고 패기있는 인재를 위해 입사의 기회가 항상 개방되어 있습니다. 지원해주신 여러분들의 소중한 정보는 검토 후 신속하게 개별 통보해 드리며, 자체 DB 구축 후 인원충원시 우선적으로 기회를 드립니다. 모집구분 모집분야 해당요건 인원 신입사원 금융IT 엔지니어 – 전산관련계열학과 전공자 – 상경계열학과 전공자 – 석사/박사 학위취득자 우대 00명 경력사원 금융IT 엔지니어 – 은행, 증권, 종금, 보험사 전산업무 3년 이상 경력자 – 국제금융, 외환관련 업무 경력자 – CBD/J2EE 프로젝트 경력자 – 해외 프로젝트 경력자 00명 금융IT 영업직 – 은행 및 금융권 IT영업 경력자 – 은행 전산기획 또는 업무기획팀 경력자 – 해외영업 경력자우대 00명 관련 자격증 또는 국제공인 자격증 소지자 우대 영어,중국어,일어 가능자 우대 해외업무 수행에 결격사유가 없는 자 접수방법 : [전자우편] whkim@ifinfo.co.kr ※담당자 : 김원희 차장 02-6383-3101 제출서류 : 이력서, 자기소개서(프로젝트, 경력위주 Free Format) 전형방법 : 서류전형 -> 면접 -> 2차면접 -> 채용 제출된 서류는 반환하지 않으며, 서류전형에 합격하신 분들에 한해 개별적으로 면접일자가 통보됩니다. 우리 (주)이프정보시스템의 모든 직원은 본인과 가족의 건강에 대하여 숭고한 책임의식을 가지고 전직원 금연을 실시하고 있습니다. 현재 흡연자의 경우라도 입사 후 금연에 성공할 수 있도록 동기부여하는 환경을 마련하고 있사오니 이점 양지하시기 바랍니다. 회사소개 이메일 무단수집 거부 찾아오시는 길 Copyright 2001-2026 IF Information Systems All Rights Reserved. 주소 : 서울 강서구 마곡서로 152 두산더랜드타워 B동 801호(마곡동) 대표번호 : 02-6383-3101 | 팩스 : 02-6383-3104 본 사이트의 콘텐츠는 저작권법의 보호를 받는바, 무단 전재, 복사, 배포 등을 금합니다.","00명 경력사원 금융IT 엔지니어 – 은행, 증권, 종금, 보험사 전산업무 3년 이상 경력자 – 국제금융, 외환관련 업무 경력자 – CBD/J2EE 프로젝트 경력자 – 해외 프로젝트 경력자 00명 금융IT 영업직 – 은행 및 금융권 IT영업 경력자 – 은행 전산기획 또는 업무기획팀 경력자 – 해외영업 경력자우대 00명 관련 자격증 또는 국제공인 자격증 소지자 우대 영어,중국어,일어 가능자 우대 해외업무 수행에 결격사유가 없는 자 접수방법 : [전자우편] whkim@ifinfo.co.kr ※담당자 : 김원희 차장 02-6383-3101 제출서류 : 이력서, 자기소개서(프로젝트, 경력위주 Free Format) 전형방법 : 서류전형 -> 면접 -> 2차면접 -> 채용 제출된 서류는 반환하지 않으며, 서류전형에 합격하신 분들에 한해 개별적으로 면접일자가 통보됩니다. 우리 (주)이프정보시스템의 모든 직원은 본인과 가족의 건강에 대하여 숭고한 책임의식을 가지고 전직원 금연을 실시하고 있습니다. 현재 흡연자의 경우라도 입사 후 금연에 성공할 수 있도록 동기부여하는 환경을 마련하고 있사오니 이점 양지하시기 바랍니다. 회사소개 이메일 무단수집 거부 찾아오시는 길 Copyright 2001-2026 IF Information Systems All Rights Reserved. 주소 : 서울 강서구 마곡서로 152 두산더랜드타워 B동 801호(마곡동) 대표번호 : 02-6383-3101 | 팩스 : 02-6383-3104 본 사이트의 콘텐츠는 저작권법의 보호를 받는바, 무단 전재, 복사, 배포 등을 금합니다.","","","","서울","","","","","","active","2026-04-04T04:40:14.336658","2026-04-04T04:40:14.336683","True"
"377","934","슈어소프트테크(주)","중복지원 가능한가요?","https://careers.suresofttech.com/recruit#job-82138728-13","동일한 공고로 중복 또는 재지원할 경우, 6개월 동안 재지원 불가합니다. (다른 공고로 재지원은 가능) 또한 동일한 공고에 두 가지 이상의 경로로 지원하셨을 경우 하나의 지원서로만 검토되며, 다른 지원서는 자동탈락처리 됩니다. (ex. 홈페이지 지원 후, 잡코리아 즉시지원)","","","","","","","","","","","","active","2026-04-04T04:40:27.907658","2026-04-04T04:40:27.907678","True"
"378","934","슈어소프트테크(주)","수시채용 필기전형은 코딩테스트인가요?","https://careers.suresofttech.com/recruit#job-d4ded3ba-17","센터와 연구소 모두 손코딩 테스트로 진행됩니다. 시험시간은 센터 30분 내외, 연구소 50분 내외입니다. ** 공개채용의 경우, 상이합니다. (채용공고 참고)","","","","","","","","","","","","active","2026-04-04T04:40:27.915459","2026-04-04T04:40:27.915470","True"
"379","934","슈어소프트테크(주)","2차 임원면접은 어떻게 진행되나요?","https://careers.suresofttech.com/recruit#job-07dfd5a6-18","2차 임원면접은 지원한 근무지와 무관하게 모두 판교 본사에서 대면으로 진행됩니다. * 총 소요시간 - 수시채용: 약 20분 내외 - 공개채용: 약 50분 내외","","","","","","","","","","","","active","2026-04-04T04:40:27.918327","2026-04-04T04:40:27.918340","True"
"380","934","슈어소프트테크(주)","졸업예정자인데 지원해도 되나요?","https://careers.suresofttech.com/recruit#job-6aaa2848-24","채용확정 후 공지드린 입사일부터 근무에 지장없는 분들은 가능합니다. 다만 입사 전 확인된 졸업예정일에 졸업이 어려워지거나 중간에 학교로 돌아가야하는 등 근무에 지장이 생길 경우 입사에 어려움이 있을 수 있으므로 사전에 피플팀과 협의가 필요합니다.","","","","","","","","","","","","active","2026-04-04T04:40:27.921283","2026-04-04T04:40:27.921310","True"
"381","934","슈어소프트테크(주)","경력 지원자인데, 신입공개채용에 지원하면 경력인정이 되나요?","https://careers.suresofttech.com/recruit#job-1e9506a4-26","경력자는 신입사원 공개채용 공고에 지원할 경우, 경력 인정이 불가합니다. 경력 지원자로서 경력인정을 원하실 경우, 경력직 공고로 지원 바랍니다.","","","","","","","","","","","","active","2026-04-04T04:40:27.924204","2026-04-04T04:40:27.924214","True"
"382","940","주식회사 앤토스","Contact","http://www.antos.co.kr#job-bbaff128-13","공공/민수 사업 public@antos.co.kr 국방 사업 defense@antos.co.kr 솔루션 사업 solution@antos.co.kr 채용 관련 recruit@antos.co.kr","","","","","","","","","","","","active","2026-04-04T04:40:42.342889","2026-04-04T04:40:42.342907","True"
"383","941","(주)인포큐브","infocube","https://www.infocube.co.kr/career","알림 뒤로 알림 설정 뒤로 더보기 게시물 알림 내 글 반응 내가 작성한 게시물이나 댓글에 다른 사람이 댓글이나 답글을 작성하면 알려줍니다. 공지사항 사이트에서 보내는 중요한 공지를 실시간으로 알려줍니다. COMPANY Overview Vision CEO Message History Customers Career CSR Location NEWS DELL PRODUCT Storage ALL-Flash & Hybrid File & Object Server AI Server DataCenter Server HCI DataProtection Backup Storage Backup Software TANIUM SUPPORT COMPANY Overview Vision CEO Message History Customers Career CSR Location NEWS DELL PRODUCT Storage ALL-Flash & Hybrid File & Object Server AI Server DataCenter Server HCI DataProtection Backup Storage Backup Software TANIUM SUPPORT 급여 관련 연봉제 / 퇴직연금 자격증 수당 / 성과급 경조사비 / 자녀 학비 보험 관련 4대보험 직장인 단체보험 개인 상해보험 업무 지원 통신료 / 식대 지원 유류대 / 주차료 지원 교육 지원 자격증 취득 지원 외국어 및 도서 지원 여가 지원 리조트 숙박 지원 골프 회원권 이용 행사 관련 아웃도어 행사 / 신년회 가족 송년회 / 1사1촌 기타 장기근속 포상 / 선물 생일 및 창사기념일 선물 계절별 특산품 선물 구분 모집분야 주요업무 및 자격요건 경력 기술지원 (엔지니어) • Dell Technologies 제품군 기술지원 • 가상화 및 OS 운영 가능자 우대 신입/경력 솔루션 영업 • IT 인프라 솔루션 제안 및 영업 • 고객사 관리 및 신규 발굴","경력 기술지원 (엔지니어) Dell Technologies 제품군 기술지원 가상화 및 OS 운영 가능자","신입/경력 솔루션 영업 • IT 인프라 솔루션 제안 및 영업 • 고객사 관리 및 신규 발굴","","경조사비, 식대","","","","","","","","active","2026-04-04T04:40:53.867747","2026-04-04T04:40:53.867770","True"
"384","958","에스케이텔레콤(주)","채용 절차","https://careers.sktelecom.com/skRecruitStory/process","채용 절차 SK텔레콤의 성장과 발전을 함께할 인재를 이렇게 선발합니다. Junior Talent 성장 잠재력을 보유하고 도전과 변화를 즐기는 신입 인재를 선발합니다. Junior Talent 채용 공고 확인하기 Expert Talent 전문적인 직무 역량을 보유한 최고의 경력 인재를 선발합니다. Expert Talent 채용 공고 확인하기 필기 전형 (SKCT/코딩테스트) 지원자의 인지/심층역량, 성장가능성, 조직적합도를 종합적인 관점으로 검사합니다. 서류 전형 업무 수행에 필요한 지원자의 경험과 소양, 보유 역량 등을 확인하고 검증하는 과정입니다. 서류 전형 업무 수행에 필요한 지원자의 경험과 소양, 보유 역량 등을 확인하고 검증하는 과정입니다. 1차 면접 직무 전문성과 실력을 집중 검증하는 과정입니다. 1차 면접 회사의 성장을 이끌기 위해 요구되는 소양과 역량을 다양하고 종합적인 관점으로 파악하는 과정입니다. 2차 면접 지원자가 SK텔레콤과 함께 성장할 수 있는 인재인지 리더가 심층적으로 검증합니다. 2차 면접 지원자가 SK텔레콤과 함께 성장할 수 있는 인재인지 심층적으로 판단합니다. SKCT SK에서 직무 수행을 위해 요구되는 역량을 다양하고 종합적인 관점으로 검사합니다. 건강 검진 SK텔레콤의 구성원이 되어 업무를 수행하고 행복을 추구하는 데에 건강 상 어려움과 불편함은 없는지 확인하고 지원하기 위해 시행합니다. 채용 절차 및 기타 궁금하신 사항은 ‘자주하는 질문’을 참고해주세요. 자주하는 질문 바로 가기 2024년 7월 22일 이후 새롭게 진행되는 채용 공고는​ SK 그룹 공통 채용 포털 ‘SK Careers’에 게시될 예정입니다. 기존에 전형이 진행 중이던 공고는​ ‘the Careers’에서 현황을 확인하실 수 있으니​ ​해당 내용을 참고하시어 아래 링크를 선택해주시기 바랍니다. the Careers 바로가기​ SK Careers 바로가기​​","","","채용 절차 SK텔레콤의 성장과 발전을 함께할 인재를 이렇게 선발합니다. Junior Talent 성장 잠재력을 보유하고 도전과 변화를 즐기는 신입 인재를 선발합니다. Junior Talent 채용 공고 확인하기 Expert Talent 전문적인 직무 역량을 보유한 최고의 경력 인재를 선발합니다. Expert Talent 채용 공고 확인하기 필기 전형 (SKCT/코딩테스트) 지원자의 인지/심층역량, 성장가능성, 조직적합도를 종합적인 관점으로 검사합니다. 서류 전형 업무 수행에 필요한 지원자의 경험과 소양, 보유 역량 등을 확인하고 검증하는 과정입니다. 서류 전형 업무 수행에 필요한 지원자의 경험과 소양, 보유 역량 등을 확인하고 검증하는 과정입니다. 1차 면접 직무 전문성과 실력을 집중 검증하는 과정입니다. 1차 면접 회사의 성장을 이끌기 위해 요구되는 소양과 역량을 다양하고 종합적인 관점으로 파악하는 과정입니다. 2차 면접 지원자가 SK텔레콤과 함께 성장할 수 있는 인재인지 리더가 심층적으로 검증합니다. 2차 면접 지원자가 SK텔레콤과 함께 성장할 수 있는 인재인지 심층적으로 판단합니다. SKCT SK에서 직무 수행을 위해 요구되는 역량을 다양하고 종합적인 관점으로 검사합니다. 건강 검진 SK텔레콤의 구성원이 되어 업무를 수행하고 행복을 추구하는 데에 건강 상 어려움과 불편함은 없는지 확인하고 지원하기 위해 시행합니다. 채용 절차 및 기타 궁금하신 사항은 ‘자주하는 질문’을 참고해주세요. 자주하는 질문 바로 가기 2024년 7월 22일 이후 새롭게 진행되는 채용 공고는​ SK 그룹 공통 채용 포털 ‘SK Careers’에 게시될 예정입니다. 기존에 전형이 진행 중이던 공고는​ ‘the Careers’에서 현황을 확인하실 수 있으니​ ​해당 내용을 참고하시어 아래 링크를 선택해주시기 바랍니다. the Careers 바로가기​ SK Careers 바로가기​​","","","","","","","2024-06-22","2024-07-22","active","2026-04-04T04:41:15.141257","2026-04-04T04:41:15.141270","True"
"385","959","(주)슬로워크(slowalk Co.,Ltd.)","메인콘텐츠","https://slowalk.co.kr/archives/23249#job-21ae3921-1","채용 [채용중] 슬로워크 콘텐츠 마케터 or 브랜드 기획자 채용 공고(~3.31) 2026.3.3. We are creators for movement. 슬로워크는 좋은 브랜드 경험을 통해 긍정적인 움직임을 만듭니다. 우리와 함께 콘텐츠를 통해 좋은 브랜드 경험을 만들어가요. 좋은 콘텐츠가 만드는 브랜드의 파급력을 믿습니다. 채용분야 기획팀 당당자(콘텐츠 마케터 or 브랜드 기획자) 마케팅 감각과 감도있는 글쓰기를 바탕으로, 프로젝트 운영부터 브랜드 경험 확장까지 함께 고민할 기획팀 멤버를 찾습니다. 주요 업무 프로젝트 운영 콘텐츠 매니징 : 홈페이지 콘텐츠 업데이트 및 주제 기반 운영 (월별) 퍼포먼스 관리: 월간 성과 리포트 작성 및 데이터 기반의 콘텐츠 도달/전환 개선안 도출 커뮤니케이션: 클라이언트 및 유관 부서와의 유기적인 협업 및 일정 관리 기획팀 공통 업무 (브랜드 빌딩) 브랜드 전략 기획, 버벌 아이덴티티 등 개발 다양한 온/오프라인 채널(SNS, 뉴스레터, 책자 등)의 마케팅 콘텐츠 기획 및 원고 작성 운영 경험을 바탕으로 한 신규 프로젝트 제안 및 PM 업무 지원 인터널 브랜드 ‘돌멩이’ 프로젝트 ‘돌멩이’ 브랜드 가치를 담은 돌멩이레터 기획 및 작성(월1건) 인스타그램 운영 및 커뮤니티/커머스 등 브랜드 확장 과정 참여 지원 자격 디지털 콘텐츠 기획 및 운영 경험이 있는 분 프로젝트의 일정과 과업을 스스로 관리할 수 있는 꼼꼼함이 있는 분 데이터(리포트)를 통해 콘텐츠의 보완점을 찾고 제안할 수 있는 분 브랜드 기획과 브랜딩 전반에 대한 깊은 호기심과 탐구심을 가진 분 우대 조건 브랜드 감도: 브랜드의 철학을 깊이 있게 해석하고, 이를 감도 높은 사용자 경험으로 설계할 줄 아는 분 제안 역량: 브랜딩 제안서 작성 및 발표 경험이 있는 분 데이터 기반 사고: GA4 등 로그 분석 툴 활용 경험이 있거나 리포트 기반의 운영 개선 경험이 있는 분 툴 활용: 피그마를 활용한 기획 및 협업 경험이 있는 분 AI 툴을 업무에 적극 도입하여 효율과 퀄리티를 높이는 실험을 즐기시는 분 채용절차 1차 심사 : 서류 2차 심사 : 면접 *필요에 따라 과제가 있을 수도 있습니다. *본 채용은 채용 시 마감됩니다. 업무 조건 채용 형태 : 입사 후 업무 적합성평가 기간(3개월) 후, 정규직으로 전환 업무 장소 : 서울특별시 마포구 동교로39길 4-13 3층 급여: 내규 협의 4대보험 가입, 1개월 근무 시 유급휴가 1일 사용 가능 노트북 등 업무에 필요한 하드웨어와 소프트웨어 제공 *주 2회 재택근무를 시행하고 있으며, 펫 프랜들리 사무실입니다. 제출 서류 *업무 역량과 관계없는 개인정보가 삽입되지 않게 주의해 주세요. 입사지원서 자기소개서 포트폴리오 직접 기획한 제안서&콘텐츠를 포함해주세요. 지원 방법 : 이메일(recruit+planning@slowalk.co.kr)로 서류 제출 (이메일 제목 : [채용 분야]지원자명) 문의 : recruit@slowalk.co.kr (문의는 메일로만 받습니다.)","","","","재택근무","","서울","","","","","","active","2026-04-04T04:41:23.475400","2026-04-04T04:41:23.475420","True"
"386","984","주식회사 샤인아이티","사이트 메뉴","http://shineit.co.kr?act=info.page&pcode=sub0106#job-6efcc420-0","회사소개 인사말 비전 연혁 조직도 채용문의 오시는길 서비스 IT SYSTEM 공급 IT SYSTEM 임대 IT 통합 유지보수 IT Infra 컨설팅 솔루션 IBM DELL HPE NCP MS Aruba 서버마켓 서버마켓 고객센터 상담문의 KR EN CN JP RU ID VN ES FR","","","","","","","","","","","","active","2026-04-04T04:41:59.672156","2026-04-04T04:41:59.672177","True"
"387","984","주식회사 샤인아이티","채용정보","http://shineit.co.kr?act=info.page&pcode=sub0106#job-500d8a0b-2","채용내용 채용분야 영업부, 기술부 채용기간 상시채용 전형절차 1 입사지원 recruit@shineit.co.kr 2 서류전형 3 개별면접 서류전형 통과자에 한해 개별 연락 진행 4 최종합격자발표 개별통보 근무조건 연봉 신입, 경력에 따라 다름 퇴직금 퇴직연금제도 운영 상여금 연봉 외 인센티브, 특별 상여금 근무시간 주 5일제 (9시~18시) 복리후생 4대보험 (건강보험, 국민연금,고용보험, 산재보험 ) 연차 근로기준법에 준하는 연차 지급 경조사 지원 사규에 따른 경조휴가 및 경조사비지원 휴가지원 법정휴일 및 근로자의 날 휴무 선물지급 명절, 생일 상여금 지급 장기근속자 포상 상여금 휴가 지원 식사 및 통신비, 운동지원금 지원 건강검진 건강검진 지원 근무외 수당 기술부 휴일 적용","","","","건강검진, 경조사비, 경조휴가","","","","","","","","active","2026-04-04T04:41:59.675348","2026-04-04T04:41:59.675358","True"
"388","1000","(주)투케이시스템","Recruit","http://www.2ksystem.co.kr/sub4/sub_01.html","채용 절차 및 지원 응시자격 ○ 성실, 근면하며 긍정적 성격의 소유자 ○ 해당분야 자격을 취득하셨거나 전공하신 분은 우대합니다. ○ 해외 여행에 결격사유가 없고 병역기피 사실이 없는 자 ○ 국가 보훈 대상자는 관계법령에 의거 전형 시 가점 부여 합니다. 모집시기 ○ 채용은 정기 채용과 경영환경 및 조직변화에 따라 수시로 실시하는 상시 채용으로 모집합니다. 입사 지원 시 제출된 서류의 내용 허위 기재 및 당사 기준에 결격사유가 있는 자는 입사를 취소할 수 있습니다. 제출 서류 및 문의 ○ 제출 서류 - 이력서(사진첨부), 자기소개서, 경력소개서(경력자에 한함), 자격증 사본(해당자에 한함) 각 1부. ○ 채용 문의 - 경영관리본부 TEL 062-974-0176 / E-mail : chkim@2ksystem.co.kr 로 연락 주시기 바랍니다. 입사지원","채용 절차 및 지원 응시자격 ○ 성실, 근면하며 긍정적 성격의 소유자 ○ 해당분야 자격을 취득하셨거나 전공하신 분은 우대합니다. ○ 해외 여행에 결격사유가 없고 병역기피 사실이 없는 자 ○ 국가 보훈 대상자는 관계법령에 의거 전형 시 가점 부여 합니다. 모집시기 ○ 채용은 정기 채용과 경영환경 및 조직변화에 따라 수시로 실시하는 상시 채용으로 모집합니다. 입사 지원 시 제출된 서류의 내용 허위 기재 및 당사 기준에 결격사유가 있는 자는 입사를 취소할 수 있습니다. 제출 서류 및 문의 ○ 제출 서류 - 이력서(사진첨부), 자기소개서, 경력소개서(경력자에 한함), 자격증 사본(해당자에 한함) 각 1부. ○ 채용 문의 - 경영관리본부 TEL 062-974-0176 / E-mail : chkim@2ksystem.co.kr 로 연락 주시기 바랍니다. 입사지원","합니다. ○ 해외 여행에 결격사유가 없고 병역기피 사실이 없는 자 ○ 국가 보훈 대상자는 관계법령에 의거 전형 시 가점 부여 합니다. 모집시기 ○ 채용은 정기 채용과 경영환경 및 조직변화에 따라 수시로 실시하는 상시 채용으로 모집합니다. 입사 지원 시 제출된 서류의 내용 허위 기재 및 당사 기준에 결격사유가 있는 자는 입사를 취소할 수 있습니다. 제출 서류 및 문의 ○ 제출 서류 - 이력서(사진첨부), 자기소개서, 경력소개서(경력자에 한함), 자격증 사본(해당자에 한함) 각 1부. ○ 채용 문의 - 경영관리본부 TEL 062-974-0176 / E-mail : chkim@2ksystem.co.kr 로 연락 주시기 바랍니다. 입사지원","및 지원 응시자격 ○ 성실, 근면하며 긍정적 성격의 소유자 ○ 해당분야 자격을 취득하셨거나 전공하신 분은 우대합니다. ○ 해외 여행에 결격사유가 없고 병역기피 사실이 없는 자 ○ 국가 보훈 대상자는 관계법령에 의거 전형 시 가점 부여 합니다. 모집시기 ○ 채용은 정기 채용과 경영환경 및 조직변화에 따라 수시로 실시하는 상시 채용으로 모집합니다. 입사 지원 시 제출된 서류의 내용 허위 기재 및 당사 기준에 결격사유가 있는 자는 입사를 취소할 수 있습니다. 제출 서류 및 문의 ○ 제출 서류 - 이력서(사진첨부), 자기소개서, 경력소개서(경력자에 한함), 자격증 사본(해당자에 한함) 각 1부. ○ 채용 문의 - 경영관리본부 TEL 062-974-0176 / E-mail : chkim@2ksystem.co.kr 로 연락 주시기 바랍니다. 입사지원","","","","","","","","","active","2026-04-04T04:42:37.072657","2026-04-04T04:42:37.072678","True"
"389","1010","넥스터 주식회사","NEXTOR - Next Creator","https://www.nextor.ai#job-70c2b2e0-0","NEXT CREATOR Creator와 함께 성장하고 발전하는 것이 넥스터가 지향하는 미래이자 자부심 입니다 Your browser does not support the video tag. 혁신과 창의로 연결되는 기술 혁신적인 기술과 창의적인 아이디어로 지속직인 혁신과 진보를 거듭하고 있습니다. Your browser does not support the video tag. AI와 METAVERSE의 융합 Creator의 창작 활동을 위한 커뮤니티 플랫폼 서비스를 제공합니다. ZEMIVERSE™ Contents 직거래하고 퍼블리싱이 가능한 크리에이터들이 만들어가는 Next Creator들의 커뮤니티 현실기반 메타버스 플랫폼 현실기반 3D 오픈월드 사용자 경험의 Identity에 기반한 도시의 핫 플레이스를 재미와 판타지가 결합된 월드 구현 Community Creator들이 직접 만들어가는 커뮤니티 Beyound Avatar Avatar 👉 반응형 아바타 👉 참여형 아바타 O2O 비즈니스 EcoSystem 현실 경제와 Sync되는 크리에이터 경제 생태계 ZEMIVERSE ARTIFICIAL INTELLIGENCE 인공지능 Data Acquisitor 플랫폼 X-MO:E 헬스케어, 자율주행, 영상분석, 얼굴인식, 음성, 사운드, 텍스트 등 인공지능 알고리즘 개발을 위하여 다양한 분야의 데이터를 수집 · 정제 · 가공 전문 기업입니다. 사물 이미지/영상 분석 Bounding Box Sementic Segmentation 인체 이미지/영상 분석 Bounding Box Sementic Segmentation 사운드 분석 Audio Segmentation 3D 이미지/영상 분석 3D Segmentation Object Tracking Next Creator와 함께 성장하고 발전하는 것이 넥스터가 지향하는 미래이자 자부심 입니다 CONTINUITY 창조적 도전과 열정으로 지속적인 성장 ETHICAL 신뢰와 진정성으로 고품질을 향한 끊임없는 도전 GLOBAL MODEL 현실 감응형 메타버스 플랫폼 글로벌 서비스 LEAD 새로운 기술과 혁신을 위한 도전하는 열정 2023 현실 세계를 모델링한 가상현실에서 사용자들이 생성한 컨텐츠를 NFT 방식으로 디지털 자산화하고 거래하기 위한 플랫폼 서비스 시스템 및 방법 특허 등록(2551004) 자본금 증자(5.3억원 -> 6.1억원) Seed 투자 26.5억원 가상융합기술기반 재난대응 교육훈련 플랫폼 구축(5년 298억원) 육군본부 경계용 데이터셋 구축 2022 충북 화장품 클러스트 메타버스 구축 현실세계를 모델링한 가상현실에서 사용자들이 생성한 컨텐츠의 유사도 분석을 통한 저작권침해 분석 방법 및 시스템(2421159) Seed 투자 15억원(주당 12,850원) 자본금 증자(4.8억원 -> 5.3억원) 한국지능정보사회진흥원 인공지능 학습데이터 구축(태양광적지분석) 2021 넥스터 주식회사로 회사명 변경 자본금 증자 (3.6억원 → 4.8억원) 인공지능 얼굴인식에 의한 광고 컨텐츠 매칭 및 이를 통한 광고 수익을 분배할 수 있는 광고 컨텐츠 공유 서비스 제공 시스템 및 방법에 대한 BM 특허 등록( 2261336 ) 한국지능정보사회진흥원 인공지능 학습 데이터 구축(안전, 환경 : 소리데이터 외 3개) 기업부설연구소 설립(플랫폼 LAB) 2020 얼굴인식 기반 광고 분석 및 추천을 통한광고제공 시스템 특허 등록( 2191044 ) 실시간 영상에서 안면 인식 시스템 특허 등록(2189405) 벤처기업확인(중소벤처기업진흥공단) 강릉시 스마트시티 기본계획 수립 한국정보화진흥원 인공지능 학습용 AI 데이터 구축(산업안전 학습데이터 구축) 신한은행 OFAC 필터링 ""국외 뱅킹시스템 UI & 인터페이스"" 개발 자본금 증자(3억원 → 3.6억원) ISO 9001 : 2015 인증 2019 자본금 증자(2억원 → 3억원) 11월 ㈜센스비전 설립(자본금 2억원) 많은 협력사와 함께 하고 있습니다. 넥스터의 새로운 소식 News 주주총회 소집공고 (제 7기 정기) 2026.03.11 News 넥스터 주식회사 3자배정 신주발행공고 2025.12.12 News 넥스터 주식회사 3자배정 신주발행공고 2025.10.22 News 넥스터 주식회사 3자배정 신주발행공고 2025.05.20 View more ZEMIVERSE 기술로 꿈의 세상을 만들어갈 동료를 기다립니다. 넥스터는 직원들의 자율성을 보장하고 업무 효율을 향상시키는 것에 초점을 두고 있습니다. 자유로운 복장, 유동적인 출퇴근 시간 그리고 개방적인 근무 환경은 직원들의 창의성을 자극하고 업무 집중도를 높이는데 큰 기여를 하고 있습니다. 복리후생 채용절차 입사지원 워라밸을 위해 복리후생제도 개선에 최선을 다하겠습니다. 직무발명 포상금 임직원 종합검진 명절 상여금 또는 선물 지급 자기개발비 지급 스톡옵션 및 인센티브제 Contact Us Address 서울특별시 강남구 테헤란로25길 15-5, IT빌딩 3층 Mail support@nextor.ai Tel 02-854-5807 Fax 02-854-5804","","","","스톡옵션","","서울","","","","","","active","2026-04-04T04:42:49.426596","2026-04-04T04:42:49.426615","True"
"390","1049","(주)삼우에이엔씨","인재채용","https://www.samwooanc.com/bbs/board.php?bo_table=recruit","× 회사소개 대표인사말 조직도 기술연구소 공평성 선언 인증사항 홍보자료 찾아오시는 길 사업분야 소음·진동방지시설 음향시험실 건축음향 소음·진동컨설팅 환경컨설팅 군소음 모니터링시스템 바닥충격음 수중소음 진동 능동형 소음저감 자동차 테스트 설비 제품소개 흡음재 방음벽 소음기 모니터링시스템 인재채용 인재상 채용정보 채용공고 고객마당 공지사항 자료실 질문과 답변 군사격장 소음조회 인재채용 환경을 생각하는 기술 (주)삼우에이엔씨가 함께 하겠습니다. 인재상 채용정보 채용공고 채용공고 Total 4건 1 페이지 게시판 검색 채용공고 목록 번호 제목 조회 날짜 공지 ［경력］회계/경리 (더존 사용 가능자) 채용(종료) 574 2021-08-26 공지 1. 채용 부문 : 소프트웨어 프로그램 개발자(종료) 711 2021-08-18 2 [신입/경력] 환경분야 소음진동 측정 사원 채용 678 2023-07-05 1 [경력] 건축/플랜트 분야 경력사원 채용 533 2023-07-05 검색 검색대상 제목 내용 제목+내용 글쓴이 글쓴이(코) 검색어 필수 검색 닫기 서울본사 _ 서울시 동작구 남부순환로 2021 2층 (사당동, 중앙대학교동창회관 2층) TEl : 02-6268-6990 | FAX : 02-6268-6994 | EMAIL : sw01@samwooanc.com","","","","","","서울","","","","2021-07-27","2021-08-26","active","2026-04-04T04:43:24.711868","2026-04-04T04:43:24.711881","True"
"391","1049","(주)삼우에이엔씨","인재채용","https://www.samwooanc.com/theme/basic/page/recruit-people.php","× 회사소개 대표인사말 조직도 기술연구소 공평성 선언 인증사항 홍보자료 찾아오시는 길 사업분야 소음·진동방지시설 음향시험실 건축음향 소음·진동컨설팅 환경컨설팅 군소음 모니터링시스템 바닥충격음 수중소음 진동 능동형 소음저감 자동차 테스트 설비 제품소개 흡음재 방음벽 소음기 모니터링시스템 인재채용 인재상 채용정보 채용공고 고객마당 공지사항 자료실 질문과 답변 군사격장 소음조회 인재채용 환경을 생각하는 기술 (주)삼우에이엔씨가 함께 하겠습니다. 인재상 채용정보 채용공고 인재상 서울본사 _ 서울시 동작구 남부순환로 2021 2층 (사당동, 중앙대학교동창회관 2층) TEl : 02-6268-6990 | FAX : 02-6268-6994 | EMAIL : sw01@samwooanc.com","","","","","","서울","","","","","","active","2026-04-04T04:43:33.728102","2026-04-04T04:43:33.728131","True"
"392","1051","엔트로링크(주)","ENTROLINK 채용정보","http://www.entrolink.com/home/m_view.php?ps_db=person&ps_boid=1&ps_mode=","COMPANY 회사소개 인사말 회사연혁 인증서 채용정보 Contact us 채용정보 ENTROLINK 채용정보 운영자 ㅣ 2020-01-20 [10:51] ㅣ 조회수 3053 접수기간 상시채용 모집부문 모집부문 학력 성별 나이 경력 모집인원 비고 SE 초대졸이상 . . 1년 1 지원방법 채용전형절차 입사지원서(당사양식)을 다운 받아 작성하여 이력서와 자기소개서 등을 내사 및 이메일 접수(sale@entrolink.com) 제출서류 입사지원서 1부(홈페이지에서 다운)-사진 부착 요망 자필이력서 1부 졸업증명서 1부 복리후생 및 급료 복리 후생 : 4대 보험 가입, 각종 동호회 활동지원 등... 급 여 : 연 봉 제(경력에 따라) 기타 지원서 접수는 우편이나 직접 내사하여 주시기 바랍니다.(단, 서울/경기외 지방거주자는 우편접수 가능) 문의처 / 접수처 본사 총무팀 (+82-2-881-5983, 인사 담당자 sale@entrolink.com) 본사 주소 : 서울 송파구 송파대로 201 테라타워2 B동 1714, 15호 지원서양식다운받기 MS-OFFICE 다운로드 한글파일 다운로드 목록 등록된 내용이 없습니다.","","","입사지원서(당사양식)을 다운 받아 작성하여 이력서와 자기소개서 등을 내사 및 이메일 접수(sale@entrolink.com) 제출서류 입사지원서 1부(홈페이지에서 다운)-사진 부착 요망 자필이력서 1부 졸업증명서 1부","","","서울","","","","2019-12-21","2020-01-20","active","2026-04-04T04:43:45.400151","2026-04-04T04:43:45.400165","True"
"393","1085","(주)테라테코","솔루션","https://www.terateco.co.kr/prcenter/recruit.php","솔루션 불법주정차 단속 시스템 조달우수제품 조달우수제품 공공조달제품 다수공급자계약 상용 소프트웨어 제품 전체 카메라 서버 전광판 기타 회사소개 회사개요 회사연혁 인증 오시는 길 홍보센터 공지 뉴스 채용공고 고객문의 고객문의 KOR ENG CHN 솔루션 솔루션 불법주정차 단속 시스템 조달우수제품 조달우수제품 조달우수제품 공공조달제품 공공조달제품 다수공급자계약 상용 소프트웨어 제품 제품 전체 카메라 서버 전광판 기타 회사소개 회사소개 회사개요 회사연혁 인증 오시는 길 홍보센터 홍보센터 공지 뉴스 채용공고 고객문의 고객문의 고객문의 홍보센터 notice 홍보센터 솔루션 조달우수제품 공공조달제품 제품 회사소개 홍보센터 고객문의 채용공고 공지 뉴스 채용공고 공지 뉴스 채용공고 채용공고 제목 내용 제목 + 내용 No. Title Date","","","","","","서울","계약직","","","","","active","2026-04-04T04:45:43.942304","2026-04-04T04:45:43.942324","True"
"394","1095","주식회사 유토비즈","“기술과 팀워크로 성장하는, 신뢰할 수 있는 도전의 일터”","http://www.utobiz.co.kr/theme/cont_basic/contents/file/sub_05a.php","What to do 우리는 이런 일을 합니다 VISION XR 혁신을 주도하는 최고의 융합형 솔루션 기업 MISSION 산업·국방·공공의 실무형 콘텐츠 개발과 확산 SLOGAN 4차 산업혁명시대 융복합 핵심 기술 개발로 기업성장 실현 기업전략 XR 기술 기반 교육·훈련 콘텐츠 전문화 DT+AI기반 지능형 메타버스 디지털 트윈 산업별 맞춤형 실감형 콘텐츠 제공 고객 맞춤 솔루션과 기술 지속 혁신 핵심기획 전문성 성장 고객중심 협업과 존중 기술혁신 Office environment 사내 환경을 소개합니다 사내분위기 모든 직원이 함께 Happy한 조직생활 을 할 수 있는 분위기를 조상합니다. 카페테리아 사무복 지급 해피런치데이 (주1회) 복지포인트카드 (월1회) 문화의날 (월1회) 건강복지 증진비 (월1회) 조직분위기 문제해결능력 향상을 위해 수평적 조직속에서 의사소통 을 하며 업무를 해결합니다. 수평적 의사소통 배려하는 분위기 자율적인 분위기 welfare 특별한 복지를 소개합니다 복지포인트 자기개발, 카페 등 복지포인트(매월1일)로 누려요 운동비 지원 직원 건강관리를 위해 매월 운동비를 지원해요 문화의날 실시 매월1회 문화의날을 통해 직원들의 친목도모 및 업무능력을 향상시켜요 해피데이 매주 수요일 (11시30분~13시30분) 여유 있는 점심시간으로 행복지수를 높여요 퇴직연금제 도입 퇴직연금제 도입으로 안정적인 퇴직금을 관리할 수 있어요 인센티브 노력한 성과만큼 인센티브를 지급해요 장기근속 포상 장기근속 시 5년마다 포상(여행)을 지원합니다. 경조사 지원 경조휴가와 경조금을 지원합니다. 일학습병행 일학습병행 운영을 통하여 직무교육을 전문적으로 실시해요 자기개발비 지원 계약학과와 연계하여 편입학 등을 지원해요 정기 워크샵 연2회 정기 워크샵 지원을 통해 발전적인 유토비즈 미래를 꿈꿔요 사내교육 전문성 강화를 위한 교육프로그램을 운영해요 interview 유토비즈인이 말합니다 재직자인터뷰 ① 협업과 혁신을 매우 중요시하고 있으며, 이를 통해 더 나은 결과와 성장을 추구하고 있습니다. 저희 회사는 협업과 혁신을 매우 중요하게 생각하는 회사로 그 중에서 협업의 경우에는 모든 기술과 솔루션을 혼자 할 수 없기 때문에 매우 중요합니다. 입사 3년차 / 박OO 대리 재직자인터뷰 ① 사용자와 커뮤니케이션, 의사소통 능력은 실질적인 니즈를 파악하고 정확한 결과물을 도출하는 데 있어 매우 중요한 역량입니다 사용자의 요구사항이 매우 중요해요. 고객들의 명확한 니즈를 분석하고, 이를 요구사항에 반영하는 것이 저희가 가장 중요하다고 생각하는 부분 중 하나입니다. 입사 2년차 / 문OO 주임 재직자인터뷰 ① 수평적 의사소통을 통해 각자의 생각을 자유롭게 나누고 공감대를 형성함으로써, 보다 유연하고 창의적인 문제 해결이 가능합니다. 수평적 구조로 어떤 문제를 풀어 나감에 있어 의사소통을 하고 이를 통해 공감능력을 키워 다 같이 문제를 해결해 나가요. 모든 직원들이 프로젝트를 수행하고 해결해 나감에 있어서 모두가 하나가 되어 적극적이에요. 입사 3년차 / 조OO 주임 recruitment 신입, 경력직 모집 공고 모집부문 업무내용 자격요건 및 우대사항 모집인원 XR기반 3D UI/UX 디자인 ※ 경력기술 및 포트폴리오 제출 필수 가상현실 콘텐츠 기획 가상현실 UI/UX 디자인 가상현실 교육/훈련 콘텐츠 디자인 자격 요건 - XR분야 UI/UX경험 2년 이상 우대사항 - 애니메이션, 이펙트 등을 다뤄 보신 분 - Blender, Substance, 포토샵, 일러스트 등에 능숙하신 분 - Unity/Unreal엔진을 활용한 게임 그래픽 경험이 있으신 분 - 일에 대한 열정이 있으신 분 - 원활한 커뮤니케이션 및 협업에 능숙하신 분 0명 XR기반 콘텐츠 개발 ※ 경력기술 및 포트폴리오 제출 필수 플랫폼 기반 서비스 개발 XR 교육훈련시스템 개발 디지털 트윈 개발 자격 요건 학력 무관 우대사항 - 다양한 XR개발 경험 있는 분 - 원활한 커뮤니케이션 및 협업에 능숙하신 분 - Unreal Engine,Unity3D등 물리엔진 사용 가능하신 분 - GIS에 대한 이해도가 높으신 분 - C++가능 하신 분 0명 신사업기획 및 관리 사업 기획 관리 정부지원사업 관리 사업과제 기획 및 관리 XR프로젝트 수행 자격 요건 - 학력 무관 우대사항 - 다양한 조직과의 협업을 리딩 해 본 경험이 있으신 분 - 원활한 커뮤니케이션 및 협업에 능숙하신 분 - 신규 기술에 대한 관심과 XR개발 프로세스에 이해도가 높으신 분 - 문서 산출물 작성에 능숙하신 분 (Excel, PowerPoint ,한글 등) 0명 지원방법 홈페이지 접속 > 채용안내 > 양식다운로드 지원양식 입사지원서 다운로드 (자사양식) 자기소개서양식 다운로드 (자사양식) 채용절차 서류지원 1차면접 2차 임원면접 최종합격 지원기간 상시모집 문의처 utobiz@utobiz.co.kr 042-825-3063","XR분야 UI/UX경험 2년 이상 우대사항 - 애니메이션, 이펙트 등을 다뤄 보신 분 - Blender, Substance, 포토샵, 일러스트 등에 능숙하신 분 - Unity/Unreal엔진을 활용한 게임 그래픽 경험이 있으신 분 - 일에 대한 열정이 있으신 분 - 원활한 커뮤니케이션 및 협업에 능숙하신 분 0명 XR기반 콘텐츠 개발 ※ 경력기술 및 포트폴리오 제출 필수 플랫폼 기반 서비스 개발 XR 교육훈련시스템 개발 디지털 트윈 개발 자격 요건 학력 무관 우대사항 - 다양한 XR개발 경험 있는 분 - 원활한 커뮤니케이션 및 협업에 능숙하신 분 - Unreal Engine,Unity3D등 물리엔진 사용 가능하신 분 - GIS에 대한 이해도가 높으신 분 - C++가능 하신 분 0명 신사업기획 및 관리 사업 기획 관리 정부지원사업 관리 사업과제 기획 및 관리 XR프로젝트 수행 자격 요건 - 학력 무관 우대사항 - 다양한 조직과의 협업을 리딩 해 본 경험이 있으신 분 - 원활한 커뮤니케이션 및 협업에 능숙하신 분 - 신규 기술에 대한 관심과 XR개발 프로세스에 이해도가 높으신 분 - 문서 산출물 작성에 능숙하신 분 (Excel, PowerPoint ,한글 등) 0명 지원방법 홈페이지 접속 > 채용안내 > 양식다운로드 지원양식 입사지원서 다운로드 (자사양식) 자기소개서양식 다운로드 (자사양식) 채용절차 서류지원 1차면접 2차 임원면접 최종합격 지원기간 상시모집 문의처 utobiz@utobiz.co.kr 042-825-3063","모집인원 XR기반 3D UI/UX 디자인 ※ 경력기술 및 포트폴리오 제출 필수 가상현실 콘텐츠 기획 가상현실 UI/UX 디자인 가상현실 교육/훈련 콘텐츠 디자인 자격 요건 - XR분야 UI/UX경험 2년 이상 우대사항 - 애니메이션, 이펙트 등을 다뤄 보신 분 - Blender, Substance, 포토샵, 일러스트 등에 능숙하신 분 - Unity/Unreal엔진을 활용한 게임 그래픽 경험이 있으신 분 - 일에 대한 열정이 있으신 분 - 원활한 커뮤니케이션 및 협업에 능숙하신 분 0명 XR기반 콘텐츠 개발 ※ 경력기술 및 포트폴리오 제출 필수 플랫폼 기반 서비스 개발 XR 교육훈련시스템 개발 디지털 트윈 개발 자격 요건 학력 무관 우대사항 - 다양한 XR개발 경험 있는 분 - 원활한 커뮤니케이션 및 협업에 능숙하신 분 - Unreal Engine,Unity3D등 물리엔진 사용 가능하신 분 - GIS에 대한 이해도가 높으신 분 - C++가능 하신 분 0명 신사업기획 및 관리 사업 기획 관리 정부지원사업 관리 사업과제 기획 및 관리 XR프로젝트 수행 자격 요건 - 학력 무관 우대사항 - 다양한 조직과의 협업을 리딩 해 본 경험이 있으신 분 - 원활한 커뮤니케이션 및 협업에 능숙하신 분 - 신규 기술에 대한 관심과 XR개발 프로세스에 이해도가 높으신 분 - 문서 산출물 작성에 능숙하신 분 (Excel, PowerPoint ,한글 등) 0명 지원방법 홈페이지 접속 > 채용안내 > 양식다운로드 지원양식 입사지원서 다운로드 (자사양식) 자기소개서양식 다운로드 (자사양식) 채용절차 서류지원 1차면접 2차 임원면접 최종합격 지원기간 상시모집 문의처 utobiz@utobiz.co.kr 042-825-3063","","경조휴가, 운동비, 인센티브, 퇴직금","","","계약직","","","","","active","2026-04-04T04:46:01.464466","2026-04-04T04:46:01.464488","True"
"395","1098","(주)컴스정보기술","채용정보","http://www.comsit.co.kr/info/main.html#job-500d8a0b-7","채용정보 상세보기 기술 및 영업 부분 수시 채용 공고 첨부 comsit-recruit.hwp(61KB) 01 입사지원 자격 IT 관련 자격증 우대 (IT 관련 국가공인자격증 포함) 해외여행에 결격사유가 없는 자 02 입사지원 분야 IT 관련 영업직 IT 관련 기술직 (서버/가상화/보안솔루션/네트워크) 경력무관 03 입사지원 서류 이력서 1부 자기소개서 1부(경력은 수행업무 중심으로 기재) 경력증명서 1부 또는 재직증명서 1부 04 입사지원 방법 우편접수 : 서울특별시 송파구 법원로9길 26, D-904호(문정동,에이치비지니스파크) 채용담당자 앞 Email : ekkim@comsit.co.kr 05 채용절차","","","","","","서울","","","","","","active","2026-04-04T04:46:11.127297","2026-04-04T04:46:11.127323","True"
"396","1116","주식회사 퍼즐시스템즈","함께 퍼즐을 맞출 당신을 기다립니다.","https://www.puzzlesystems.co.kr/recruit/?category1=Management&mod=list&pageid=1","02.2135.1338 Contact@puzzlesystems.co.kr 회사소개 고객사례 소식 채용 로그인 Solution 데이터 센터 최적화 하이브리드클라우드 클라우드관리자동화 데이터패브릭 Product Contact Puzzle Webzine Puzzle TV 로그인 Solution 데이터 센터 최적화 하이브리드클라우드 클라우드관리자동화 데이터패브릭 Product Contact 회사소개 고객사례 소식 채용 Puzzle Webzine Puzzle TV 02.2135.1338 Contact@puzzlesystems.co.kr 함께 퍼즐을 맞출 당신을 기다립니다. Solution & Data Solution & Management 퍼즐시스템즈는 열정 과 전문성 을 갖춘 인재와 함께합니다. 권한 과 책임 을 알고 있습니다. 내가 하는 일 을 끊임없이 공부합니다. 업무공유 를 위한 회의 를 적극적으로 수행합니다. 담당하고 있는 분야의 전문가 라는 자부심 을 갖습니다. 퍼즐시스템즈 복지제도 행복한 퍼즐시스템즈 flexible time 운영: 직원의 업무 효율 증대를 위해 탄력근무제 운영 휴가제도: 연월차를 기본으로 건강관리휴가제도 운영 4대보험 및 퇴직금 지급 성장하는 퍼즐시스템즈 도서구입비 지원: 업무 관련 서적 구입 시 도서구입비 지원 교육비 지원: 업무역량을 성장시키는 교육이라면 100% 지원 업무상의 필요장비 지원: 개인PC 지원(Mac or Windows) 든든한 퍼즐시스템즈 Health care: 30만원상당 종합검진 지원(2년1회) 식대 지원: 업무 중이라면 점심, 저녁 식대 지원 업무 비용 100% 지원 & 야근 시 택시비 지원 퍼즐시스템즈 채용 프로세스 직무 전문성을 갖춘 인력에 대해서 직무 면접과 임원 면접을 시행하고 있습니다. 직무 면접은 직무 전문성을 검증하기 위해 Technical Test / Presentation 등 다양한 방법을 통해 실시할 수 있습니다. 서류심사 면접 입사제안 입사 퍼즐시스템즈는 데이터, 클라우드, 경영 및 마케팅 전문가 들과 함께합니다. 인재 양성에 힘쓰고 있으며, 쾌적한 업무 환경을 제공합니다. Solution 분야 Data Solution 분야 Management 분야 퍼즐시스템즈 채용공고 전체 Cloud Platform Cloud DataCenter Management 더보기 입사 지원서 제목 * 이름 * 전화번호 * 이메일 * 생년월일 * 이력서 (자유양식) * 포트폴리오 (자유양식) 입사 후 포부 (500자 이내) 경력기술서 (1,000자 이내) 신입의 경우 해당 없음 필수 개인정보 수집 및 이용 에 동의 선택 개인정보 및 마케팅활용에 대한 수집 동의 입사지원","","","","교육비, 도서구입비, 식대, 퇴직금","","서울","","30만원","","","","active","2026-04-04T04:48:10.647996","2026-04-04T04:48:10.648019","True"
"397","1116","주식회사 퍼즐시스템즈","함께 퍼즐을 맞출 당신을 기다립니다.","https://www.puzzlesystems.co.kr/recruit/?category1=Cloud+DataCenter&mod=list&pageid=1","02.2135.1338 Contact@puzzlesystems.co.kr 회사소개 고객사례 소식 채용 로그인 Solution 데이터 센터 최적화 하이브리드클라우드 클라우드관리자동화 데이터패브릭 Product Contact Puzzle Webzine Puzzle TV 로그인 Solution 데이터 센터 최적화 하이브리드클라우드 클라우드관리자동화 데이터패브릭 Product Contact 회사소개 고객사례 소식 채용 Puzzle Webzine Puzzle TV 02.2135.1338 Contact@puzzlesystems.co.kr 함께 퍼즐을 맞출 당신을 기다립니다. Solution & Data Solution & Management 퍼즐시스템즈는 열정 과 전문성 을 갖춘 인재와 함께합니다. 권한 과 책임 을 알고 있습니다. 내가 하는 일 을 끊임없이 공부합니다. 업무공유 를 위한 회의 를 적극적으로 수행합니다. 담당하고 있는 분야의 전문가 라는 자부심 을 갖습니다. 퍼즐시스템즈 복지제도 행복한 퍼즐시스템즈 flexible time 운영: 직원의 업무 효율 증대를 위해 탄력근무제 운영 휴가제도: 연월차를 기본으로 건강관리휴가제도 운영 4대보험 및 퇴직금 지급 성장하는 퍼즐시스템즈 도서구입비 지원: 업무 관련 서적 구입 시 도서구입비 지원 교육비 지원: 업무역량을 성장시키는 교육이라면 100% 지원 업무상의 필요장비 지원: 개인PC 지원(Mac or Windows) 든든한 퍼즐시스템즈 Health care: 30만원상당 종합검진 지원(2년1회) 식대 지원: 업무 중이라면 점심, 저녁 식대 지원 업무 비용 100% 지원 & 야근 시 택시비 지원 퍼즐시스템즈 채용 프로세스 직무 전문성을 갖춘 인력에 대해서 직무 면접과 임원 면접을 시행하고 있습니다. 직무 면접은 직무 전문성을 검증하기 위해 Technical Test / Presentation 등 다양한 방법을 통해 실시할 수 있습니다. 서류심사 면접 입사제안 입사 퍼즐시스템즈는 데이터, 클라우드, 경영 및 마케팅 전문가 들과 함께합니다. 인재 양성에 힘쓰고 있으며, 쾌적한 업무 환경을 제공합니다. Solution 분야 Data Solution 분야 Management 분야 퍼즐시스템즈 채용공고 전체 Cloud Platform Cloud DataCenter Management Cloud DataCenter 서버 및 네트워크 엔지니어 모집(신입/경력) 더보기 입사 지원서 제목 * 이름 * 전화번호 * 이메일 * 생년월일 * 이력서 (자유양식) * 포트폴리오 (자유양식) 입사 후 포부 (500자 이내) 경력기술서 (1,000자 이내) 신입의 경우 해당 없음 필수 개인정보 수집 및 이용 에 동의 선택 개인정보 및 마케팅활용에 대한 수집 동의 입사지원","","","","교육비, 도서구입비, 식대, 퇴직금","","서울","","30만원","","","","active","2026-04-04T04:48:15.893881","2026-04-04T04:48:15.893903","True"
"398","1116","주식회사 퍼즐시스템즈","함께 퍼즐을 맞출 당신을 기다립니다.","https://www.puzzlesystems.co.kr/recruit/?category1=Cloud+Platform&mod=list&pageid=1","02.2135.1338 Contact@puzzlesystems.co.kr 회사소개 고객사례 소식 채용 로그인 Solution 데이터 센터 최적화 하이브리드클라우드 클라우드관리자동화 데이터패브릭 Product Contact Puzzle Webzine Puzzle TV 로그인 Solution 데이터 센터 최적화 하이브리드클라우드 클라우드관리자동화 데이터패브릭 Product Contact 회사소개 고객사례 소식 채용 Puzzle Webzine Puzzle TV 02.2135.1338 Contact@puzzlesystems.co.kr 함께 퍼즐을 맞출 당신을 기다립니다. Solution & Data Solution & Management 퍼즐시스템즈는 열정 과 전문성 을 갖춘 인재와 함께합니다. 권한 과 책임 을 알고 있습니다. 내가 하는 일 을 끊임없이 공부합니다. 업무공유 를 위한 회의 를 적극적으로 수행합니다. 담당하고 있는 분야의 전문가 라는 자부심 을 갖습니다. 퍼즐시스템즈 복지제도 행복한 퍼즐시스템즈 flexible time 운영: 직원의 업무 효율 증대를 위해 탄력근무제 운영 휴가제도: 연월차를 기본으로 건강관리휴가제도 운영 4대보험 및 퇴직금 지급 성장하는 퍼즐시스템즈 도서구입비 지원: 업무 관련 서적 구입 시 도서구입비 지원 교육비 지원: 업무역량을 성장시키는 교육이라면 100% 지원 업무상의 필요장비 지원: 개인PC 지원(Mac or Windows) 든든한 퍼즐시스템즈 Health care: 30만원상당 종합검진 지원(2년1회) 식대 지원: 업무 중이라면 점심, 저녁 식대 지원 업무 비용 100% 지원 & 야근 시 택시비 지원 퍼즐시스템즈 채용 프로세스 직무 전문성을 갖춘 인력에 대해서 직무 면접과 임원 면접을 시행하고 있습니다. 직무 면접은 직무 전문성을 검증하기 위해 Technical Test / Presentation 등 다양한 방법을 통해 실시할 수 있습니다. 서류심사 면접 입사제안 입사 퍼즐시스템즈는 데이터, 클라우드, 경영 및 마케팅 전문가 들과 함께합니다. 인재 양성에 힘쓰고 있으며, 쾌적한 업무 환경을 제공합니다. Solution 분야 Data Solution 분야 Management 분야 퍼즐시스템즈 채용공고 전체 Cloud Platform Cloud DataCenter Management 더보기 입사 지원서 제목 * 이름 * 전화번호 * 이메일 * 생년월일 * 이력서 (자유양식) * 포트폴리오 (자유양식) 입사 후 포부 (500자 이내) 경력기술서 (1,000자 이내) 신입의 경우 해당 없음 필수 개인정보 수집 및 이용 에 동의 선택 개인정보 및 마케팅활용에 대한 수집 동의 입사지원","","","","교육비, 도서구입비, 식대, 퇴직금","","서울","","30만원","","","","active","2026-04-04T04:48:23.735871","2026-04-04T04:48:23.735889","True"
"399","1116","주식회사 퍼즐시스템즈","함께 퍼즐을 맞출 당신을 기다립니다.","https://www.puzzlesystems.co.kr/recruit/?mod=list&pageid=1","02.2135.1338 Contact@puzzlesystems.co.kr 회사소개 고객사례 소식 채용 로그인 Solution 데이터 센터 최적화 하이브리드클라우드 클라우드관리자동화 데이터패브릭 Product Contact Puzzle Webzine Puzzle TV 로그인 Solution 데이터 센터 최적화 하이브리드클라우드 클라우드관리자동화 데이터패브릭 Product Contact 회사소개 고객사례 소식 채용 Puzzle Webzine Puzzle TV 02.2135.1338 Contact@puzzlesystems.co.kr 함께 퍼즐을 맞출 당신을 기다립니다. Solution & Data Solution & Management 퍼즐시스템즈는 열정 과 전문성 을 갖춘 인재와 함께합니다. 권한 과 책임 을 알고 있습니다. 내가 하는 일 을 끊임없이 공부합니다. 업무공유 를 위한 회의 를 적극적으로 수행합니다. 담당하고 있는 분야의 전문가 라는 자부심 을 갖습니다. 퍼즐시스템즈 복지제도 행복한 퍼즐시스템즈 flexible time 운영: 직원의 업무 효율 증대를 위해 탄력근무제 운영 휴가제도: 연월차를 기본으로 건강관리휴가제도 운영 4대보험 및 퇴직금 지급 성장하는 퍼즐시스템즈 도서구입비 지원: 업무 관련 서적 구입 시 도서구입비 지원 교육비 지원: 업무역량을 성장시키는 교육이라면 100% 지원 업무상의 필요장비 지원: 개인PC 지원(Mac or Windows) 든든한 퍼즐시스템즈 Health care: 30만원상당 종합검진 지원(2년1회) 식대 지원: 업무 중이라면 점심, 저녁 식대 지원 업무 비용 100% 지원 & 야근 시 택시비 지원 퍼즐시스템즈 채용 프로세스 직무 전문성을 갖춘 인력에 대해서 직무 면접과 임원 면접을 시행하고 있습니다. 직무 면접은 직무 전문성을 검증하기 위해 Technical Test / Presentation 등 다양한 방법을 통해 실시할 수 있습니다. 서류심사 면접 입사제안 입사 퍼즐시스템즈는 데이터, 클라우드, 경영 및 마케팅 전문가 들과 함께합니다. 인재 양성에 힘쓰고 있으며, 쾌적한 업무 환경을 제공합니다. Solution 분야 Data Solution 분야 Management 분야 퍼즐시스템즈 채용공고 전체 Cloud Platform Cloud DataCenter Management Cloud DataCenter 서버 및 네트워크 엔지니어 모집(신입/경력) 더보기 입사 지원서 제목 * 이름 * 전화번호 * 이메일 * 생년월일 * 이력서 (자유양식) * 포트폴리오 (자유양식) 입사 후 포부 (500자 이내) 경력기술서 (1,000자 이내) 신입의 경우 해당 없음 필수 개인정보 수집 및 이용 에 동의 선택 개인정보 및 마케팅활용에 대한 수집 동의 입사지원","","","","교육비, 도서구입비, 식대, 퇴직금","","서울","","30만원","","","","active","2026-04-04T04:48:31.463831","2026-04-04T04:48:31.463854","True"
"400","1116","주식회사 퍼즐시스템즈","함께 퍼즐을 맞출 당신을 기다립니다.","https://www.puzzlesystems.co.kr/recruit","02.2135.1338 Contact@puzzlesystems.co.kr 회사소개 고객사례 소식 채용 로그인 Solution 데이터 센터 최적화 하이브리드클라우드 클라우드관리자동화 데이터패브릭 Product Contact Puzzle Webzine Puzzle TV 로그인 Solution 데이터 센터 최적화 하이브리드클라우드 클라우드관리자동화 데이터패브릭 Product Contact 회사소개 고객사례 소식 채용 Puzzle Webzine Puzzle TV 02.2135.1338 Contact@puzzlesystems.co.kr 함께 퍼즐을 맞출 당신을 기다립니다. Solution & Data Solution & Management 퍼즐시스템즈는 열정 과 전문성 을 갖춘 인재와 함께합니다. 권한 과 책임 을 알고 있습니다. 내가 하는 일 을 끊임없이 공부합니다. 업무공유 를 위한 회의 를 적극적으로 수행합니다. 담당하고 있는 분야의 전문가 라는 자부심 을 갖습니다. 퍼즐시스템즈 복지제도 행복한 퍼즐시스템즈 flexible time 운영: 직원의 업무 효율 증대를 위해 탄력근무제 운영 휴가제도: 연월차를 기본으로 건강관리휴가제도 운영 4대보험 및 퇴직금 지급 성장하는 퍼즐시스템즈 도서구입비 지원: 업무 관련 서적 구입 시 도서구입비 지원 교육비 지원: 업무역량을 성장시키는 교육이라면 100% 지원 업무상의 필요장비 지원: 개인PC 지원(Mac or Windows) 든든한 퍼즐시스템즈 Health care: 30만원상당 종합검진 지원(2년1회) 식대 지원: 업무 중이라면 점심, 저녁 식대 지원 업무 비용 100% 지원 & 야근 시 택시비 지원 퍼즐시스템즈 채용 프로세스 직무 전문성을 갖춘 인력에 대해서 직무 면접과 임원 면접을 시행하고 있습니다. 직무 면접은 직무 전문성을 검증하기 위해 Technical Test / Presentation 등 다양한 방법을 통해 실시할 수 있습니다. 서류심사 면접 입사제안 입사 퍼즐시스템즈는 데이터, 클라우드, 경영 및 마케팅 전문가 들과 함께합니다. 인재 양성에 힘쓰고 있으며, 쾌적한 업무 환경을 제공합니다. Solution 분야 Data Solution 분야 Management 분야 퍼즐시스템즈 채용공고 전체 Cloud Platform Cloud DataCenter Management Cloud DataCenter 서버 및 네트워크 엔지니어 모집(신입/경력) 더보기 입사 지원서 제목 * 이름 * 전화번호 * 이메일 * 생년월일 * 이력서 (자유양식) * 포트폴리오 (자유양식) 입사 후 포부 (500자 이내) 경력기술서 (1,000자 이내) 신입의 경우 해당 없음 필수 개인정보 수집 및 이용 에 동의 선택 개인정보 및 마케팅활용에 대한 수집 동의 입사지원","","","","교육비, 도서구입비, 식대, 퇴직금","","서울","","30만원","","","","active","2026-04-04T04:48:36.652437","2026-04-04T04:48:36.652456","True"
"401","1121","주식회사 이트라이브","지원자 정보","https://www.etribe.co.kr/recruit#job-02410da6-7","이름 입력 (필수) 연락처 입력 (필수) 이메일 입력 (필수) 경력 선택 (필수) 신입 ~ 3년 3년 ~ 4년 5년 ~ 6년 7년 ~ 9년 10년 이상 지원분야 선택 (필수.다중선택) UIUX 기획 프로젝트 매니저 UIUX 디자인 운영 디자인 웹퍼블리싱 스크립트 웹개발자 메타버스 학력 전문학사 졸업 학사 졸업 석사 졸업 박사 졸업 기타 파일 첨부하기 pdf, ppt, word, excel, jpg, png 등 2개까지 업로드 가능 (최대 40MB) 지원사유 입력 0 / 1000","","","","","","","","","","","","active","2026-04-04T04:48:52.007150","2026-04-04T04:48:52.007168","True"
"402","1143","(주)싸이몬","싸이몬 채용정보","https://www.cimon.co.kr/about-us/career","채용안내 복리후생 채용공고 “세상의 변화를 찾고 싶어 한다면 우리와 함께 세상을 변화 시켜보세요” 싸이몬은 열정적인 혁신가들이 모여 고객사의 경쟁력 향상을 목표로 노력하고 있습니다 Learn More 싸이몬은 어떤 회사 일까요? 싸이몬을 알려면 제조업의 페러다임에 대해 먼저 알아 봐야 하는데요. 제조업이 일자리 창출에 중요하다는 점을 인식한 선진국들은 중국으로 몰린 전세계 제조업을 본국으로 다시 가져오는 리쇼어링(reshoring)현상이 발생하고 있습니다. 중국보다 인건비가 비싼 나라에서 본국으로 가져올 수 있는 이유는 바로 스마트팩토리를 구축 하기 때문입니다. 싸이몬은 사물인터넷을 이용하여 지능형공장인 스마트팩토리를 만들 수 있게 도움을 줍니다. 예를 들어 인간을 대신해서 포장을 하거나 나르거나 도색을 하거나 조립을 할 수 있습니다. 서울사무소에서 모니터를 통해 전국의 수십개 현장의 전력, 공조 조명등을 제어 할 수 있습니다. 스마트팜에서는 사람 대신 인공지능이 물을 주거나 온도를 조절하고 광량도 조절해 줍니다. 전력공급현장에서는 문제가 생긴 곳을 탐지해 주고 전력을 우회 공급해서 정전을 예방해 주기도 합니다. 이외에도 싸이몬은 다양한 분야에서 산업자동화 보급에 힘쓰고 있습니다. 싸이몬은 앞으로도 사물인터넷(IoT) 산업을 주도해 나갈 것입니다. 싸이몬에 도전하세요! 이제 근로자들은 스마트하게 일해야만 경쟁력을 가질 수 있습니다. 공장이 자동화 된다고 일자리가 없어지는 것이 아닙니다. 단순반복적인 작업, 위험한 작업, 어려운 작업은 인공지능에게 맡겨 두고 근로자는 인공지능을 프로그래밍하고 제어하는 고급 일자리가 창출됩니다. 어떠세요? 세상은 변하고 있습니다. 싸이몬은 기업의 원가를 절감하여 경쟁력을 키워줍니다. 정말 보람 있지 않나요? 세상의 변화를 주도하는 일 싸이몬이 하고 있습니다. 지금 도전하여 싸이몬에 합류하세요. 싸이몬은 언제나 열정적인 당신을 기다리고 있습니다. CEO 인터뷰 싸이몬 대표이사, 안재봉 산업자동화 분야가 국내에는 거의 없기 때문에 저희 회사에서 기술을 개발하면 바로 최고가 될 수 있습니다. 하지만 최고가 되기 위해서는 반드시 노력해야 하고 힘이 들어야 하지요. 많은 젊은이들이 최고가 되겠다는 열망을 가지고, 꿈을 키워 나간다는 자세로 싸이몬에 도전 하시기를 바랍니다. 싸이몬의 직무 경영지원 경영기획, 경영관리, 재무, 인사, 홍보, 구매 공장 품질보증, 생산기술, 생산관리, 고객서비스 연구개발 소프트웨어 개발, 펌웨어개발, 하드웨어 개발, 배전IT개발, 개발품질 영업 기술영업, 해외영업, 마케팅, 기술지원, 설계, 시운전 싸이몬 채용 프로세스 싸이몬의 복리후생 Work & Life Balance를 위한 풍요로운 복지 종합 메디컬 플랜 약 90여가지의 기본검사와 정밀검사 외 암검사, 초음파, 내시경 등 매년 1회 각종 검사 진행 사내식당 운영 다양한 코너에서 본인의 개성에 맞는 중식을 이용 명절 귀향비 지원 설날과 추석의 풍성한 명절의 의미를 함께 나누고자 귀향비를 지원합니다. 경조사 지원 경조사 발생 시 직원과 함께 기쁨과 슬픔을 나누기 위하여 경조휴가를 부여하고 축의금, 경조금, 경조화환(조화)을 지원합니다. 퇴직연금제도 직원의 노후 및 생활보장을 위해 퇴직연금제도를 도입, 운영하고 있습니다. 자기계발 지원 자기계발 및 업무능력 향상을 위하여 담당 분야의 전문 교육 비용을 지원합니다. 다양한 복리후생비용 지원 임직원의 복리후생에 아낌없이 지원합니다. 직군선택 전체 해외영업팀 기술교육팀 경영기획팀 기술연구소 생산기술팀 재무팀 홍보팀 품질보증팀 마케팅팀 자동화영업팀 PA영업팀 제어기기영업팀 영업총괄본부 고객서비스팀 상시채용 구매팀 구매팀 & 자동화영업팀 경영기획팀 & 자동화영업팀 각 부문 공개 채용 연구개발본부 등록된 내용이 없습니다.","","","","경조휴가","","서울","","","","","","active","2026-04-04T04:49:27.674497","2026-04-04T04:49:27.674517","True"
"403","1143","(주)싸이몬","싸이몬 채용정보","https://www.cimon.co.kr/about-us/cimoncareers","채용안내 복리후생 채용공고 “세상의 변화를 찾고 싶어 한다면 우리와 함께 세상을 변화 시켜보세요” 싸이몬은 열정적인 혁신가들이 모여 고객사의 경쟁력 향상을 목표로 노력하고 있습니다 Learn More 싸이몬은 어떤 회사 일까요? 싸이몬을 알려면 제조업의 페러다임에 대해 먼저 알아 봐야 하는데요. 제조업이 일자리 창출에 중요하다는 점을 인식한 선진국들은 중국으로 몰린 전세계 제조업을 본국으로 다시 가져오는 리쇼어링(reshoring)현상이 발생하고 있습니다. 중국보다 인건비가 비싼 나라에서 본국으로 가져올 수 있는 이유는 바로 스마트팩토리를 구축 하기 때문입니다. 싸이몬은 사물인터넷을 이용하여 지능형공장인 스마트팩토리를 만들 수 있게 도움을 줍니다. 예를 들어 인간을 대신해서 포장을 하거나 나르거나 도색을 하거나 조립을 할 수 있습니다. 서울사무소에서 모니터를 통해 전국의 수십개 현장의 전력, 공조 조명등을 제어 할 수 있습니다. 스마트팜에서는 사람 대신 인공지능이 물을 주거나 온도를 조절하고 광량도 조절해 줍니다. 전력공급현장에서는 문제가 생긴 곳을 탐지해 주고 전력을 우회 공급해서 정전을 예방해 주기도 합니다. 이외에도 싸이몬은 다양한 분야에서 산업자동화 보급에 힘쓰고 있습니다. 싸이몬은 앞으로도 사물인터넷(IoT) 산업을 주도해 나갈 것입니다. 싸이몬에 도전하세요! 이제 근로자들은 스마트하게 일해야만 경쟁력을 가질 수 있습니다. 공장이 자동화 된다고 일자리가 없어지는 것이 아닙니다. 단순반복적인 작업, 위험한 작업, 어려운 작업은 인공지능에게 맡겨 두고 근로자는 인공지능을 프로그래밍하고 제어하는 고급 일자리가 창출됩니다. 어떠세요? 세상은 변하고 있습니다. 싸이몬은 기업의 원가를 절감하여 경쟁력을 키워줍니다. 정말 보람 있지 않나요? 세상의 변화를 주도하는 일 싸이몬이 하고 있습니다. 지금 도전하여 싸이몬에 합류하세요. 싸이몬은 언제나 열정적인 당신을 기다리고 있습니다. CEO 인터뷰 싸이몬 대표이사, 안재봉 산업자동화 분야가 국내에는 거의 없기 때문에 저희 회사에서 기술을 개발하면 바로 최고가 될 수 있습니다. 하지만 최고가 되기 위해서는 반드시 노력해야 하고 힘이 들어야 하지요. 많은 젊은이들이 최고가 되겠다는 열망을 가지고, 꿈을 키워 나간다는 자세로 싸이몬에 도전 하시기를 바랍니다. 싸이몬의 직무 경영지원 경영기획, 경영관리, 재무, 인사, 홍보, 구매 공장 품질보증, 생산기술, 생산관리, 고객서비스 연구개발 소프트웨어 개발, 펌웨어개발, 하드웨어 개발, 배전IT개발, 개발품질 영업 기술영업, 해외영업, 마케팅, 기술지원, 설계, 시운전 싸이몬 채용 프로세스 싸이몬의 복리후생 Work & Life Balance를 위한 풍요로운 복지 종합 메디컬 플랜 약 90여가지의 기본검사와 정밀검사 외 암검사, 초음파, 내시경 등 매년 1회 각종 검사 진행 사내식당 운영 다양한 코너에서 본인의 개성에 맞는 중식을 이용 명절 귀향비 지원 설날과 추석의 풍성한 명절의 의미를 함께 나누고자 귀향비를 지원합니다. 경조사 지원 경조사 발생 시 직원과 함께 기쁨과 슬픔을 나누기 위하여 경조휴가를 부여하고 축의금, 경조금, 경조화환(조화)을 지원합니다. 퇴직연금제도 직원의 노후 및 생활보장을 위해 퇴직연금제도를 도입, 운영하고 있습니다. 자기계발 지원 자기계발 및 업무능력 향상을 위하여 담당 분야의 전문 교육 비용을 지원합니다. 다양한 복리후생비용 지원 임직원의 복리후생에 아낌없이 지원합니다. 직군선택 전체 해외영업팀 기술교육팀 경영기획팀 기술연구소 생산기술팀 재무팀 홍보팀 품질보증팀 마케팅팀 자동화영업팀 PA영업팀 제어기기영업팀 영업총괄본부 고객서비스팀 상시채용 구매팀 구매팀 & 자동화영업팀 경영기획팀 & 자동화영업팀 각 부문 공개 채용 연구개발본부 등록된 내용이 없습니다.","","","","경조휴가","","서울","","","","","","active","2026-04-04T04:49:31.714527","2026-04-04T04:49:31.714550","True"
"404","1143","(주)싸이몬","싸이몬 채용정보","https://www.cimon.co.kr/about-us/cimoncareers/?di=%EA%B0%81%20%EB%B6%80%EB%AC%B8%20%EA%B3%B5%EA%B0%9C%20%EC%B1%84%EC%9A%A9&tab=3","채용안내 복리후생 채용공고 “세상의 변화를 찾고 싶어 한다면 우리와 함께 세상을 변화 시켜보세요” 싸이몬은 열정적인 혁신가들이 모여 고객사의 경쟁력 향상을 목표로 노력하고 있습니다 Learn More 싸이몬은 어떤 회사 일까요? 싸이몬을 알려면 제조업의 페러다임에 대해 먼저 알아 봐야 하는데요. 제조업이 일자리 창출에 중요하다는 점을 인식한 선진국들은 중국으로 몰린 전세계 제조업을 본국으로 다시 가져오는 리쇼어링(reshoring)현상이 발생하고 있습니다. 중국보다 인건비가 비싼 나라에서 본국으로 가져올 수 있는 이유는 바로 스마트팩토리를 구축 하기 때문입니다. 싸이몬은 사물인터넷을 이용하여 지능형공장인 스마트팩토리를 만들 수 있게 도움을 줍니다. 예를 들어 인간을 대신해서 포장을 하거나 나르거나 도색을 하거나 조립을 할 수 있습니다. 서울사무소에서 모니터를 통해 전국의 수십개 현장의 전력, 공조 조명등을 제어 할 수 있습니다. 스마트팜에서는 사람 대신 인공지능이 물을 주거나 온도를 조절하고 광량도 조절해 줍니다. 전력공급현장에서는 문제가 생긴 곳을 탐지해 주고 전력을 우회 공급해서 정전을 예방해 주기도 합니다. 이외에도 싸이몬은 다양한 분야에서 산업자동화 보급에 힘쓰고 있습니다. 싸이몬은 앞으로도 사물인터넷(IoT) 산업을 주도해 나갈 것입니다. 싸이몬에 도전하세요! 이제 근로자들은 스마트하게 일해야만 경쟁력을 가질 수 있습니다. 공장이 자동화 된다고 일자리가 없어지는 것이 아닙니다. 단순반복적인 작업, 위험한 작업, 어려운 작업은 인공지능에게 맡겨 두고 근로자는 인공지능을 프로그래밍하고 제어하는 고급 일자리가 창출됩니다. 어떠세요? 세상은 변하고 있습니다. 싸이몬은 기업의 원가를 절감하여 경쟁력을 키워줍니다. 정말 보람 있지 않나요? 세상의 변화를 주도하는 일 싸이몬이 하고 있습니다. 지금 도전하여 싸이몬에 합류하세요. 싸이몬은 언제나 열정적인 당신을 기다리고 있습니다. CEO 인터뷰 싸이몬 대표이사, 안재봉 산업자동화 분야가 국내에는 거의 없기 때문에 저희 회사에서 기술을 개발하면 바로 최고가 될 수 있습니다. 하지만 최고가 되기 위해서는 반드시 노력해야 하고 힘이 들어야 하지요. 많은 젊은이들이 최고가 되겠다는 열망을 가지고, 꿈을 키워 나간다는 자세로 싸이몬에 도전 하시기를 바랍니다. 싸이몬의 직무 경영지원 경영기획, 경영관리, 재무, 인사, 홍보, 구매 공장 품질보증, 생산기술, 생산관리, 고객서비스 연구개발 소프트웨어 개발, 펌웨어개발, 하드웨어 개발, 배전IT개발, 개발품질 영업 기술영업, 해외영업, 마케팅, 기술지원, 설계, 시운전 싸이몬 채용 프로세스 싸이몬의 복리후생 Work & Life Balance를 위한 풍요로운 복지 종합 메디컬 플랜 약 90여가지의 기본검사와 정밀검사 외 암검사, 초음파, 내시경 등 매년 1회 각종 검사 진행 사내식당 운영 다양한 코너에서 본인의 개성에 맞는 중식을 이용 명절 귀향비 지원 설날과 추석의 풍성한 명절의 의미를 함께 나누고자 귀향비를 지원합니다. 경조사 지원 경조사 발생 시 직원과 함께 기쁨과 슬픔을 나누기 위하여 경조휴가를 부여하고 축의금, 경조금, 경조화환(조화)을 지원합니다. 퇴직연금제도 직원의 노후 및 생활보장을 위해 퇴직연금제도를 도입, 운영하고 있습니다. 자기계발 지원 자기계발 및 업무능력 향상을 위하여 담당 분야의 전문 교육 비용을 지원합니다. 다양한 복리후생비용 지원 임직원의 복리후생에 아낌없이 지원합니다. 각 부문 공개 채용 전체 해외영업팀 기술교육팀 경영기획팀 기술연구소 생산기술팀 재무팀 홍보팀 품질보증팀 마케팅팀 자동화영업팀 PA영업팀 제어기기영업팀 영업총괄본부 고객서비스팀 상시채용 구매팀 구매팀 & 자동화영업팀 경영기획팀 & 자동화영업팀 각 부문 공개 채용 연구개발본부 등록된 내용이 없습니다.","","","","경조휴가","","서울","","","","","","active","2026-04-04T04:49:37.632467","2026-04-04T04:49:37.632485","True"
"405","1143","(주)싸이몬","싸이몬 채용정보","https://www.cimon.co.kr/about-us/cimoncareers/?di=%EC%83%81%EC%8B%9C%EC%B1%84%EC%9A%A9&tab=3","채용안내 복리후생 채용공고 “세상의 변화를 찾고 싶어 한다면 우리와 함께 세상을 변화 시켜보세요” 싸이몬은 열정적인 혁신가들이 모여 고객사의 경쟁력 향상을 목표로 노력하고 있습니다 Learn More 싸이몬은 어떤 회사 일까요? 싸이몬을 알려면 제조업의 페러다임에 대해 먼저 알아 봐야 하는데요. 제조업이 일자리 창출에 중요하다는 점을 인식한 선진국들은 중국으로 몰린 전세계 제조업을 본국으로 다시 가져오는 리쇼어링(reshoring)현상이 발생하고 있습니다. 중국보다 인건비가 비싼 나라에서 본국으로 가져올 수 있는 이유는 바로 스마트팩토리를 구축 하기 때문입니다. 싸이몬은 사물인터넷을 이용하여 지능형공장인 스마트팩토리를 만들 수 있게 도움을 줍니다. 예를 들어 인간을 대신해서 포장을 하거나 나르거나 도색을 하거나 조립을 할 수 있습니다. 서울사무소에서 모니터를 통해 전국의 수십개 현장의 전력, 공조 조명등을 제어 할 수 있습니다. 스마트팜에서는 사람 대신 인공지능이 물을 주거나 온도를 조절하고 광량도 조절해 줍니다. 전력공급현장에서는 문제가 생긴 곳을 탐지해 주고 전력을 우회 공급해서 정전을 예방해 주기도 합니다. 이외에도 싸이몬은 다양한 분야에서 산업자동화 보급에 힘쓰고 있습니다. 싸이몬은 앞으로도 사물인터넷(IoT) 산업을 주도해 나갈 것입니다. 싸이몬에 도전하세요! 이제 근로자들은 스마트하게 일해야만 경쟁력을 가질 수 있습니다. 공장이 자동화 된다고 일자리가 없어지는 것이 아닙니다. 단순반복적인 작업, 위험한 작업, 어려운 작업은 인공지능에게 맡겨 두고 근로자는 인공지능을 프로그래밍하고 제어하는 고급 일자리가 창출됩니다. 어떠세요? 세상은 변하고 있습니다. 싸이몬은 기업의 원가를 절감하여 경쟁력을 키워줍니다. 정말 보람 있지 않나요? 세상의 변화를 주도하는 일 싸이몬이 하고 있습니다. 지금 도전하여 싸이몬에 합류하세요. 싸이몬은 언제나 열정적인 당신을 기다리고 있습니다. CEO 인터뷰 싸이몬 대표이사, 안재봉 산업자동화 분야가 국내에는 거의 없기 때문에 저희 회사에서 기술을 개발하면 바로 최고가 될 수 있습니다. 하지만 최고가 되기 위해서는 반드시 노력해야 하고 힘이 들어야 하지요. 많은 젊은이들이 최고가 되겠다는 열망을 가지고, 꿈을 키워 나간다는 자세로 싸이몬에 도전 하시기를 바랍니다. 싸이몬의 직무 경영지원 경영기획, 경영관리, 재무, 인사, 홍보, 구매 공장 품질보증, 생산기술, 생산관리, 고객서비스 연구개발 소프트웨어 개발, 펌웨어개발, 하드웨어 개발, 배전IT개발, 개발품질 영업 기술영업, 해외영업, 마케팅, 기술지원, 설계, 시운전 싸이몬 채용 프로세스 싸이몬의 복리후생 Work & Life Balance를 위한 풍요로운 복지 종합 메디컬 플랜 약 90여가지의 기본검사와 정밀검사 외 암검사, 초음파, 내시경 등 매년 1회 각종 검사 진행 사내식당 운영 다양한 코너에서 본인의 개성에 맞는 중식을 이용 명절 귀향비 지원 설날과 추석의 풍성한 명절의 의미를 함께 나누고자 귀향비를 지원합니다. 경조사 지원 경조사 발생 시 직원과 함께 기쁨과 슬픔을 나누기 위하여 경조휴가를 부여하고 축의금, 경조금, 경조화환(조화)을 지원합니다. 퇴직연금제도 직원의 노후 및 생활보장을 위해 퇴직연금제도를 도입, 운영하고 있습니다. 자기계발 지원 자기계발 및 업무능력 향상을 위하여 담당 분야의 전문 교육 비용을 지원합니다. 다양한 복리후생비용 지원 임직원의 복리후생에 아낌없이 지원합니다. 상시채용 전체 해외영업팀 기술교육팀 경영기획팀 기술연구소 생산기술팀 재무팀 홍보팀 품질보증팀 마케팅팀 자동화영업팀 PA영업팀 제어기기영업팀 영업총괄본부 고객서비스팀 상시채용 구매팀 구매팀 & 자동화영업팀 경영기획팀 & 자동화영업팀 각 부문 공개 채용 연구개발본부 등록된 내용이 없습니다.","","","","경조휴가","","서울","","","","","","active","2026-04-04T04:49:43.564082","2026-04-04T04:49:43.564104","True"
"406","1150","주식회사 하나이엔씨","주식회사 하나이엔씨종합건축사사무소 채용 페이지 안내 – 하나이엔씨","http://hana-enc.co.kr/?page_id=99&mod=document&uid=14","주식회사 하나이엔씨종합건축사사무소 채용 페이지 안내 작성자 하나이엔씨 작성일 2025-10-28 12:46 조회 369 현재 모집 중인 모든 채용 공고는 채용 플랫폼 사람인을 통해 확인 가능합니다. 세부 공고 내용 및 지원서 접수는 하단 공고 페이지 링크를 통해 확인 부탁드리겠습니다. 사람인 공고 페이지 확인하기 [클릭] 보안을 위해서 다운로드 비밀번호를 입력해야 합니다. 목록보기 이전 다음 공지사항 메인 설계 연구개발 오시는길 인재채용 지적재산권 진단 및 감리 회사동정 회사소개 회사연혁 및 등록면허 Hestia | 개발자 ThemeIsle","","","","","","","","","","2025-10-28","2025-11-27","active","2026-04-04T04:49:54.071375","2026-04-04T04:49:54.071390","True"
"407","1170","(주)이노시큐리티","이노시큐리티는 정보보호컨설팅 업계를 선도해나갈 \n역량있는 인재의 도전을 기다리고 있습니다.","http://innosecurity.co.kr/?page_id=117#job-7fa9048e-1","STEP 01 지원서 접수 STEP 02 서류 전형 STEP 03 실무자 면접 STEP 04 임원 면접 STEP 05 최종 합격 채용 분야 및 조건 정보보호 컨설턴트 모집 부분 – 종합 정보보호 컨설팅 – 정보보호 인증 대응 컨설팅 (ISO27001, ISMS, ISMS-P 등) – 정보보호 아키텍처 수립 컨설팅 – 정보보호 기반시설 취약점 분석〮평가 수행 – 기술적 취약점 진단 및 모의 해킹 자격 조건 – 대졸 이상 신입 – IT 경력 및 보안 경력 전문인력 – 동종업계 출신 최우선 우대 – CISA, CISSP, ISO27001/ISMS-P 심사원,정보처리기사, CPPG 자격증 소지자 우대 – 보안관련 코딩 및 소스 분석 가능자 고용 형태 – 정규직 또는 계약직 (계약직의 경우, 일정기간 경과 후 정규직 전환) ​복리후생 이노시큐리티 복리후생 – 임직원 자녀 학자금지원 – 만 6세 이하 아동의 육아지원비 – 전문 검진기관 또는 병원을 통한 건강검진 – 통신비지원 – 임직원 대출 – 장기근속포상 – 가족 Holiday를 위한 지원 – 그 외 다수 ​지원 방법 메일 접수 : contact@innosecurity.co.kr 입사지원서를 이메일로 접수 후 서류 전형에 따라 개별 통보 진행","","","","건강검진","","","","","","","","active","2026-04-04T04:50:10.531131","2026-04-04T04:50:10.531155","True"
"408","1185","(주)씨피엠에스","제출기간/제출처","http://www.cpms.co.kr/Company?page=4#job-2d5f2a45-2","기간 : 상시모집 우편 : 경기도 안산시 단원구 광덕대로 187 (고잔동) 장은타워 715호 (우: 15461) (주)씨피엠에스 인사담당 담당자 번호 : 070-5157-7585 담당자 E-mail : chantak@cpms.cp.kr","","","","","","경기","","","","","","active","2026-04-04T04:50:27.645285","2026-04-04T04:50:27.645302","True"
"409","1186","(주)링크나인시스템","링크나인시스템 채용안내","http://www.lnsystem.co.kr/page/page3","링크나인시스템은 젊음과 패기가 넘치는 진취적인 마인드를 가지신 분을 모집합니다. 인재상 창조인 일과 삶에 대한 창조적 태도를 견지할 수 있는 인재 지속적인 학습과 자기개발을 통해 자신과 조직을 혁신 시킬 수 있는 인재 소통인 동료와 끊임없이 소통 하는 인재 따듯한 마음을 품은 인재 도전인 실패를 두려워하지 않고 도전하는 인재 위기와 고난을 슬기롭게 극복할 줄 아는 인재 복리후생 연금보험 4대보험 (국민연금, 고용보험, 산재보험, 건강보험) 급여제도 정기보너스, 퇴직금 동호회 / 조직 사내동호회 지원 명절 / 기념일 명절선물 / 귀향비 생일선물 / 파티 의복관련 자유복장 교육 / 훈련 신입사원교육 (OJT), 직무능력향상교육 휴일 / 휴가 연차, 반차, 창립일휴무, 노동절휴무 각종행사 시무식행사, 종무식행사, 워크샵, 야유회, 팀워크데이 (매월) Close KOR ENG 회사소개 인사말 및 소개 연혁/조직도 오시는 길 사업분야 사업분야 안내 솔루션 솔루션 커뮤니티 공지사항 보도자료 갤러리 인재채용 채용안내 채용공고 Close","","","","퇴직금","","","","","","","","active","2026-04-04T04:50:41.109890","2026-04-04T04:50:41.109911","True"
"410","1203","(주)스마트넷테크놀로지","주식회사 스마트넷테크놀로지 - 인재채용","https://www.smartnet.co.kr/company/recruit","인재채용 HOME > 회사소개 > 인재채용 인재채용 새로운 기술을 끊임없이 연구하고 혁신을 추구하며 더 좋은 삶의로의 변화를 함께 이끌어 갈 인재를 모집합니다. Cooperation 인간미와 도덕성을 갖추고 타인과 협조하는 인재 Change 새로운 가치와 변화를 추구하는 인재 Affirmation 유연한 사고를 지닌 긍정적인 인재 Diligence 진취적이고 성실한 인재 면접유형 Document 서류전형 적합한 전공 여부 및 업무에 대한 기본적인 능력, 도전정신, 창의력, 기본 소양, 경험 등을 중점적으로 평가하여 심사합니다. Interview 면접전형 실무경력 및 능력, 업무지식, 자질 등을 평가면접 평점표를 통한 인적/직무 평가하여 심사합니다. 복리후생 01 급여제도 연봉제, 인센티브제, 퇴직연금 02 지원금 경조사, 자녀학자금, 개인연금, 교육비, 통신비 03 포상제도 장기근속자, 우수직원 표창 및 포상 04 선물 창립기념일, 명절, 생일 05 의료비 정기검진 및 종합검진 06 자기개발 어학지원, 직무관련 도서구입 및 교육훈련비 지원 07 휴가 연차, 법정휴가, 경조휴가, 산전/후 휴가, 육아휴직 08 사내동호회 활동 동호회 운영지원 및 체련단련 지원 09 이벤트 활동 춘추계 체육행사, 워크샵, 송년회 등 채용절차 01 1차심사 서류전형 02 2차심사 1차 면접 (인적/직무평가) 03 3차심사 2차 면접 (임원) 기타 채용공고 채용 웹사이트 등","","","","경조휴가, 교육비, 인센티브","","","","","","","","active","2026-04-04T04:52:27.731425","2026-04-04T04:52:27.731447","True"
"411","1208","더에이아이랩 주식회사","Career","https://www.theailab.co/en/page/51","Career HOME > Career > Career CAREER The AI Lab is a coding Edu-tech start-up company with the dream of becoming amazon in the education market. We are running eagerly to provide services like welcome rain to friends who are struggling in the wasteland of education and to create established services. Currently, we are providing code-learning management services to educational institutions and preparing untact and online learning services. We all always take the initiative in thinking about everything regarding our products for good user experience, business impact, and meaningful change. Nowadays, there is a word called ‘WaLine’ rather than a ‘WaLiBal(Work-Life-Balance)’. Waline means Work-Life Integration. People can’t live without work and beat up those who try hard without going the extra mile. Many people we admire had been fallen into work like crazy. Walibal wasn’t there for them who were competitive. Instead of that, there was ‘WaLine’. As our company is a start-up, it won’t be in a condition which you can do what you want to do, and won’t have a good ‘Walibal’, but if you have the passion and greed to create something well, I think it is a good condition that you can work happily as we have colleagues who can coverage it. In this way, we look for a ‘WaLine’ that makes life more enjoyable and rewarding when we unite with people and ignite out passion for valuable work. Please feel free to apply if you think that you fit with us along with the desire to create worthful results in the education field. Benefits and welfare 01 Provide MacBook Pro 02 A vacation that you can use freely in 2-hours unit of time at any time without reading the other's countenance 03 Working condition similar as a cafe 04 Flexible commute system 05 All-you-can-eat coffee, drinks and snacks 06 Support of purchasing work-related books and contents 07 Monthly holding culture day 08 Granting incentives and stock options based on performance Interview procedure 01 First document interview 02 Second practical interview 03 Third executive interview 04 Acceptance Whom to hire Junior product designer (ended) Assigned task [Proceed by sharing] Service planning & design(UX/UI) and design system production Brand design(BI) and brand system creation Content planning & design and guide production Business plan, IR data design(edit design) In-house operation document planning @ design(editing design) Design QA Qualification Regardless of career Experience of using design tools such as XD or Figma,Sketch Those who find work by themselves and take the initiative Those who submit, persuade and design opinions with basis and logic rather than emotions in all work processes Those who have a lot of learning desires and want to grow consistently Those who are interested in or have learned coding Passion and greed to create something unique and outstanding Those who have strong sense of responsibility, respect, and consideration for communication and active attitude. Preferential treatment Those who are from natural or engineering department Those who have work experience related to the position Those interested in data-driven decision making Those who have good ability to write documents and analyze data on figures Those with good ability to analyze and understand online media trends Those who have experience in creating and operating content or something Those with an excellent insight and sense Those who have affinity and cohesion Required documents Resume Portfolio (URL or PDF) Pre-questions answers List of prior questions (product designer) What are your goals? What is your idea of a good product designer? Have you experienced in making decisions based on data or evidence? If you do, please share your experience with us Have you experienced in creating and organizing design system or common rules of design? If you do, please share your experience with us If you do work with us, what is your expected duty? What do you think your strengths are? Motivation for our company application Last thing you would like to say Annual income : Based on company regulations (Minimum wage – 40 million Korean dollar) Recruitment application email address contact@theailab.co Contents & Service producer (ended) Responsibility Planing / making / operating coding education contents Lecturer recruitment and lecturer management Participate in and conduct service planning and operation meetings Educators and learning interview and research Communication and planning with the project owner Qualification Regardless of career Those who find work by themselves and take the initiative Those who submit, persuade and design opinions with basis and logic rather than emotions in all work processes Those who have a lot of learning desires and want to grow consistently Those who are interested in or have learned coding Passion and greed to create something unique and outstanding Those who have strong sense of responsibility, respect, and consideration for communication and active ","","","es Those who have a lot of learning desires and want to grow consistently Those who are interested in or have learned coding Passion and greed to create something unique and outstanding Those who have strong sense of responsibility, respect, and consideration for communication and active attitude. Preferential treatment Those who are from natural or engineering department Those who have work experience related to the position Those interested in data-driven decision making Those who have good ability to write documents and analyze data on figures Those with good ability to analyze and understand online media trends Those who have experience in creating and operating content or something Those with an excellent insight and sense Those who have affinity and cohesion Required documents Resume Portfolio (URL or PDF) Pre-questions answers List of prior questions (product designer) What are your goals? What is your idea of a good product designer? Have you experienced in making decisions based on data or evidence? If you do, please share your experience with us Have you experienced in creating and organizing design system or common rules of design? If you do, please share your experience with us If you do work with us, what is your expected duty? What do you think your strengths are? Motivation for our company application Last thing you would like to say Annual income : Based on company regulations (Minimum wage – 40 million Korean dollar) Recruitment application email address contact@theailab.co Contents & Service producer (ended) Responsibility Planing / making / operating coding education contents Lecturer recruitment and lecturer management Participate in and conduct service planning and operation meetings Educators and learning interview and research Communication and planning with the project owner Qualification Regardless of career Those who find work by themselves and take the initiative Those who submit, persuade and design opinions with basis and logic rather th","","","","","","","","","active","2026-04-04T04:52:35.683769","2026-04-04T04:52:35.683791","True"
"412","1230","(주)위스텍","채용절차 | (주)위스텍","https://www.wistek.co.kr/recruit-1","인재채용 채용절차 채용절차 직무소개 복리후생 ● 채용안내 구분 분야 ​전 직무 신입 - 해외여행에 결격사유가 없는 자 - 남자의 경우 군필자 또는 면제자 자격 경력 ​전 직무 ​ ​ ​ - 해당 직무 경험자 - 해외여행에 결격 사유가 없는 자 - 남자의 경우 군필자 또는 면제자 - 해당 공고는 상시채용을 위한 인재 Pool로 활용되며, 별도의 마감 일정이나 세부 전형 일정은 정해져 있지 않습니다. - 채용 수요 발생 시, 수시로 지원서를 검토하여 서류 전형 합격 시 이후 전형 일정을 안내드립니다. ● 채용절차 01 서류 전형 02 실무 면접 03 임원 면접 04 ​최종 합격 05 채용 ● 접수방법 및 문의사항 이메일 wistek@wistek.co.kr 전화 070-4801-4383","","","인재채용 채용절차 채용절차 직무소개 복리후생 ● 채용안내 구분 분야 ​전 직무 신입 - 해외여행에 결격사유가 없는 자 - 남자의 경우 군필자 또는 면제자 자격 경력 ​전 직무 ​ ​ ​ - 해당 직무 경험자 - 해외여행에 결격 사유가 없는 자 - 남자의 경우 군필자 또는 면제자 - 해당 공고는 상시채용을 위한 인재 Pool로 활용되며, 별도의 마감 일정이나 세부 전형 일정은 정해져 있지 않습니다. - 채용 수요 발생 시, 수시로 지원서를 검토하여 서류 전형 합격 시 이후 전형 일정을 안내드립니다. ● 채용절차 01 서류 전형 02 실무 면접 03 임원 면접 04 ​최종 합격 05 채용 ● 접수방법 및 문의사항 이메일 wistek@wistek.co.kr 전화 070-4801-4383","","","","","","","","","active","2026-04-04T04:53:21.445628","2026-04-04T04:53:21.445648","True"
"413","1230","(주)위스텍","복리후생 | (주)위스텍","https://www.wistek.co.kr/recruit-3","인재채용 복리후생 채용절차 직무소개 복리후생 조직문화 노사협의회 사내 동호회 운영 및 지원 창립기념일 행사 우수사원 시상식 특허 및 업무 개선 제안 제도 포상 선물 웰컴키트 지급 명절 선물 지급 입사 축하금 지급(100만원) 생일자 상품권 지급 인재 추천 제도(최대 100만원) 근무복 지급 급여제도 퇴직연금 우수사원포상 4대보험 장기근속자 포상 연차수당 상여금 제도 리프레시 연차 여름휴가(4일) 운영 경조 휴가제 창립일 휴무 근로자의 날 휴무 근로자 휴가 지원 사업 참여 교육/생활 워크샵 신규 입사자 교육(OJT) ​직무능력향상교육 교육비 및 자격증 취득비 지원 점심식사 제공 및 스낵바 운영 사우회(경조사회) 지원금/보험 직원 대출 제도(최대 5000만원) 각종 경조사 지원 정밀 건강 검진 지원 정기 건강 상담 프로그램 운영 청년 목돈 마련 지원 (각종 정부지원 제도 참여)","","","","교육비, 상여금, 연차수당","","","","100만원","","","","active","2026-04-04T04:53:26.062133","2026-04-04T04:53:26.062152","True"
"414","1230","(주)위스텍","직무소개 | (주)위스텍","https://www.wistek.co.kr/recruit-2","인재채용 직무소개 채용절차 직무소개 복리후생 ● 조직도 ● 직무소개 경영관리실 • 행정 및 사무 지원 • 운영 효율성 증대 • 경영 의사 결정 지원 • 프로젝트 및 프로그램 지원 • 예산 및 재무 관리 사업본부 – 사업팀 • 사업 기획 및 전략 수립 • 사업 실행 및 운영 • 성과 관리 및 개선 • 내•외부 관계사 관리 • 위험 관리 및 문제 해결 사업본부 – 연구소 • 연구 기획 • 연구 수행 및 관리 • 지식재산권 확보 및 기술 경쟁력 강화 • 인재 육성 및 기술 문화 형성 사업본부 – SI팀 • 차량형 TMMR 설치 및 유지 보수(현장) • 무선 시스템 구축 • 외주 업체 선정 및 진도 관리 업무 • 현장 대응 및 군과의 커뮤니케이션 생산본부 – 생산팀 • 생산 계획 수립 및 실행 • 공정 관리 및 생산성 향상 • 품질 관리 • 작업자 관리 • 원가 절감 생산본부 – 생산기술팀 • 생산 공정 최적화 및 개선 • 신제품 생산 기술 개발 및 적용 • 설비 운영 및 유지 보수 • 품질 관리 지원 • 생산 현장 기술 지원 품질실 • 품질 표준 및 절차 개발 및 구현 • 품질관리시스템(QMS) 관리 • 품질 검사 및 테스트 수행 • 공급 업체 품질 관리 • 고객 불만 처리 및 피드백 분석 정보보안팀 • 방위산업 기술보호 및 보안 업무 • DLP, 문서중앙화, DRM, UTM, NAC 솔루션 운용 • 그룹웨어, 전자결재, 홈페이지, Mail 솔루션 운용 • 네트워크 관리, IT 자산 관리 • 사내 S/W 개발 및 유지보수","","","","","","","","","","","","active","2026-04-04T04:53:31.472304","2026-04-04T04:53:31.472336","True"
"415","1231","주식회사 한국픽셀","공지사항 뉴스 문의","http://hankookpixel.com/main/index.html#job-c929057c-0","공지사항 보도자료 채용공고 공군예경보시스템 유지보수 2023.05.16 22년 심리뇌파분석시스템 유지보수사업 종... 2023.01.13 23 국 노후 네트워크 교체사업 2023.01.13 국군1068부대 통합유지보수 실시 2022.10.26 공군, 비행장에 자율 제초로봇 도입 2024.02.06 AI로 자율주행하는 제초로봇 개발완료 2022.12.15 2015,2016년 육군통합유지보수 계약 2015.07.19 2015년 영문카다로그 English Edition 2015.06.30 21년 하반기 네트워크 CS엔지니어모집 2021.07.05 프로그래머 및 오라클 전문엔지니어 모집 2018.05.01 2018년도 상반기 신입사원모집 2018.01.24 2017년도 하반기 신입/경력사원모집 2017.05.09","","","","","","","","","","","","active","2026-04-04T04:53:38.648049","2026-04-04T04:53:38.648070","True"
"416","1238","주식회사 펜타크리드","채용시기","http://www.pentacreed.co.kr/page.php?p_id=job3","채용시기 연중 상시 채용 서류전형 1차 면접 (실무면접) 2차 면접 (임원면접) 최종합격 제출서류 이력서, 자기소개서 공인시험 및 기타 자격증 사본(소지자 경우) 최종학력 졸업증명서&성적증명서 경력증명서(관련경력있는 경우) 이력서 다운로드 기술경력서 다운로드 ABAP 기술경력서 지원방법 채용사이트(사람인, 잡코리아 등)를 통한 제출 이력서 및 기술경력서 다운로드 후 작성하여 mail로 접수 문의처 전화번호 : 02-568-3422 E-mail : contact@pentacreed.com 주소 : 서울시 강남구 논현로 406, 5층(요경빌딩) 채용담당자 앞","","","채용시기 연중 상시 채용 서류전형 1차 면접 (실무면접) 2차 면접 (임원면접) 최종합격 제출서류 이력서, 자기소개서 공인시험 및 기타 자격증 사본(소지자 경우) 최종학력 졸업증명서&성적증명서 경력증명서(관련경력있는 경우) 이력서 다운로드 기술경력서 다운로드 ABAP 기술경력서 지원방법 채용사이트(사람인, 잡코리아 등)를 통한 제출 이력서 및 기술경력서 다운로드 후 작성하여 mail로 접수 문의처 전화번호 : 02-568-3422 E-mail : contact@pentacreed.com 주소 : 서울시 강남구 논현로 406, 5층(요경빌딩) 채용담당자 앞","","","서울","","","","","","active","2026-04-04T04:53:50.750782","2026-04-04T04:53:50.750806","True"
"417","1254","효성중공업(주)","인재상","https://www.hyosungheavyindustries.com/kr/company/recruitment/ideal-talent","인재상 Company 인재채용 인재상 Promising the Future Today 고객의 내일을 가장 먼저 약속합니다. Hyosung Way의 4대 핵심가치 '최고', '혁신', '책임', '신뢰‘ 에 부합하는 Agile Promise(고객을 향한 몰입과 약속) 를 실천할 인재를 초대합니다. Agile Promise를 실천해갈 인재로서 초대 최고. 글로벌 고객에게 인정 받고 고객의 삶에 필요한 가치를 최고 수준으로 성취하기 위해 노력하는 인재 혁신. 변화를 끊임없이 추구하며 새로운 방식을 통한 도전과 어려움을 두려워 하지 않는 혁신을 꿈꾸는 인재 책임. 미래세대를 책임질 인성과 철학을 갖춘 책임감 있는 인재 신뢰. 역동적이고 유연한 시너지를 내기 위한 상호 존중과 신뢰를 갖춘 인재 효성 그룹은 효성그룹 채용사이트에서 채용을 진행하고 있으며, 투명하고 공정한 채용 기회를 제공하고 국가 유공자와 장애인, 사회적 취약계층에 대한 고용우대 정책도 운영 중입니다.","","","","","","","","","","","","active","2026-04-04T04:54:36.309448","2026-04-04T04:54:36.309469","True"
"418","1254","효성중공업(주)","직무소개","https://www.hyosungheavyindustries.com/kr/company/recruitment/job-description","직무소개 Company 인재채용 직무소개 사업분야 소개 산업 인프라의 중심 전력 솔루션 전력 설비 소개 전력 시스템 소개 디지털 솔루션 소개 웰딩 솔루션 소개 01 / 03 기간산업의 중추 기전 솔루션 전동기 & 발전기 소개 산업기계 시스템 소개 기어 솔루션 소개 02 / 03 신기술로 창조하는 미래공간 건설 사업 건설 사업 소개 03 / 03 직무 소개 생산기술 영업 경영지원 생산기술 설계 제품 견적업무와 기술지원으로 영업팀의 입찰업무를 지원하여 수주에 기여합니다. 제품을 설계하여 제작으로 이어지도록 하며, 원가개선, 불량조치, 하자예방으로 제품의 경쟁력을 향상시킵니다. 개발 기술개발 전략을 수립하고, 고객 요구에 부합하는 신제품을 연구하여 개발합니다. 기존 제품의 원가 절감 방안을 발굴하고, 최신 기술을 사내 배포, 지원하여 제품 경쟁력을 향상시킵니다. 제작 글로벌 시장을 선도하는 기술력을 바탕으로 정해진 품질 규격에 맞는 제품이 적시에 안정적으로 생산될 수 있도록 생산 공정을 최적의 상태로 운영하며, 나아가 미래 시장에서도 승리할 수 있는 경쟁력을 갖추기 위해 생산 공정을 개선하여 원가 경쟁력을 강화하는 등 생산 전반의 효율을 극대화 합니다. Utility 관리 생산 설비가 정상적으로 가동되기 위해 필요한 공장의 동력, 환경설비, 유틸리티 설비 등의 운영 및 유지보수와 개선을 통해 공정 효율을 높이고 에너지 절감 및 배출량 저감 활동을 추진합니다. 환경관리 유해화학물질 관리를 통한 환경영향 최소화, 대기오염 방지시설, 폐수처리장, 폐기물 처리시설 등 환경시설을 관리 및 운영하여 사업활동으로 인한 부정적인 환경 영향을 최소화합니다. 안전관리 환경안전 법규를 준수하는 사업장 안전 표준을 수립하고 관리하며, 근로자의 잠재적 사고를 예방하기 위해 생산 현장과 공사업체 작업 현장을 관리합니다. 시공 · 기술 건설 현장의 공정관리 및 시공설계 업무를 수행하며, 현장 실행 예산을 효율적으로 편성하고 집행하는 업무를 담당합니다. 프로젝트 총괄 관리자로 책임감을 갖고 프로젝트를 최적으로 진행합니다. 영업 국내영업 회사의 이익 극대화를 실현하기 위해 영업 목표를 수립하고, 국내 고객을 대상으로 제품을 제안·판매하고 고객을 관리합니다. 해외영업 글로벌 고객의 니즈를 파악하여, 고객별로 최적화된 글로벌 생산기지에서 제품을 생산하여 고객에게 차별화된 VIU(value-in-use)를 제공하며 회사의 수익 창출에 기여합니다. 기술영업 제품/기술에 대한 전문성을 바탕으로 고객의 니즈에 맞고, 회사의 가치가 극대화 될 수 있는 차별화 제품을 고객에게 제안해 신제품 및 신규 고객 Approval과 고객 불만사항을 관리하는 업무를 수행합니다. 또한 고객별 차별화된 솔루션 제안을 통해 고객 교류를 확대해 고객만족을 극대화합니다. 마케팅 영업 판매 목표달성을 위해 철저하고 세밀하게 시장조사를 수행하고 경쟁사 동향을 파악하여 신시장을 개척하고, 고객의 니즈를 철저히 분석하여 신규고객을 확보할 수 있는 마케팅 전략을 수립합니다. 경영지원 전략기획 회사가 지속 성장할 수 있도록 사업의 비전과 목표를 수립하고, 경영목표를 달성하고 기존 사업 역량을 강화하기 위해 다양한 경영전략을 경영진에 제시하며, 사업 Risk에 사전 대응하는 등 경영과 관련된 다양한 업무를 수행합니다. IT 관리 각 사업분야의 디지털 혁신 전략을 기획하고 시스템을 개발하여 스마트팩토리화를 추진하고, 생산기지 시스템의 정보화/자동화/지능화를 구현하는 업무를 수행합니다. 재무 회사 경영활동에 필요한 자금을 조달하고 집행하는 자금 업무, 대내외 공시업무 및 재무제표 작성과 결산보고를 통해 회사의 재무정보를 대내외 제공하는 회계업무와 법인세, 부가세 등 신고를 담당하는 세무업무를 주로 수행합니다. 인사/교육 채용, 평가, 인력운영, 건전한 노사관계 구축 등을 통해 인적 자원을 효율적으로 관리하고, 임직원들이 글로벌 사업을 운영할 수 있는 비즈니스 역량을 갖춘 인재로 성장할 수 있도록 교육 프로그램을 운영하여, 개인과 조직의 경쟁력을 강화하고 있습니다. 총무 조직원들이 최적의 환경에서 주인의식과 열정을 갖고 자신의 역량을 마음껏 발휘할 수 있도록 최적의 근무환경을 조성하고, 각종 행사를 진행하며, 회사의 유무형 자산을 관리합니다. 홍보 각종 매체, 언론 홍보 등 기업의 경영활동과 사회공헌 활동 등을 대내외에 알려 기업 이미지를 개선하는 대외 PR업무와, 회사의 가치와 기업 문화 등을 사보, 사내방송 등의 사내 커뮤니케이션 채널을 통해 임직원들에게 공유하는 대내 커뮤니케이션 업무를 수행합니다. 법무 조직원들이 법과 사내 규칙에 따라 업무를 수행하도록 지원합니다. 외사의 활동 중 발생할 수 있는 법적 리스트를 관리하고, 법적 분쟁 발생시 자문하고 소송 및 중재 업무를 수행합니다. 구매 최고 품질의 제품을 생산할 수 있도록 양질의 원료를 경쟁력 있는 가격으로 적기에 조달하는 업무를 담당합니다.","","","","","","","","","","","","active","2026-04-04T04:54:39.793114","2026-04-04T04:54:39.793139","True"
"419","1254","효성중공업(주)","인재육성","https://www.hyosungheavyindustries.com/kr/company/recruitment/talent-development","인재육성 방향 고객의 가치를 높이는 것을 목표로 글로벌 경쟁력을 갖춘 인재를 육성하고 있습니다. 이를 위하여 ’경영철학 공유‘, ‘리더 양성’, ‘직무 전문성 강화’, ‘글로벌 역량 강화＇를 핵심 미션으로 삼고 있습니다. 효성중공업 경영철학 공유 글로벌 역량 강화 리더양성 직무 전문성 강화 핵심가치 전파 핵심 가치인 ‘Hyosung Way’와 이를 기반으로 한 ‘일하는 자세’ 를 모든 임직원이 내재화 하여 현장에서 실천할 수 있도록 하기 위해 직급별로 맞춤 교육을 실시하고 있습니다. 다양한 교육자료를 활용하여 회사의 경영방침 및 핵심 가치에 대한 임직원들의 이해도를 높이고, 이를 바탕으로 전 임직원이 일관된 방향성을 가지고 목표를 달성하도록 지원합니다. 리더 육성 Leadership 교육 회사의 지속 성장을 이끌어 나갈 미래 경영자를 육성하기 위한 교육 체계를 구축하여 운영하고 있습니다. 각 계층별로 차별화된 교육을 제공함으로써 리더십 역량 향상을 지원하고, 경영 역량 전반을 강화하여 효과적으로 사업을 관리 및 운영할 수 있도록 합니다. 주요교육 세부 교육 사항 승격임원 교육 사업가로서 변화와 혁신을 통하여 회사의 지속성장에 기여할 수 있도록 각 직급별 역할에 맞춰 경영 역량과 환경변화 대응력 향상을 지원 영입임원 교육 조기 적응할 수 있도록 회사 고유의 문화와 핵심가치, 사업 방향과 현황,제반 제도를 설명하고 지원 GMC 과정 (Global Management Course) 임원 후보자를 대상으로 주요 경영 기능 이해를 돕고 실제 업무 개선 과제를 부여하여 업무에 적용할 수 있도록 지원 팀장교육 효과적인 팀 운영을 위하여 동기부여, 권한위임, 코칭/피드백 등 조직관리에 필요한 소통 스킬을 강화하도록 지원 신임팀장 교육 팀 관리자로서 필요한 기본 역할인 성과/사람/조직 관리의 역할과 책임을 다할 수 있도록 지원 인사이트 포럼 리더의 의사결정에 도움이 되는 최신 경영 트렌드 및 인문학적 통찰 제공 현장역량 증진 영업, 생산, 연구, 관리 직군별로 단계적 교육과정을 제공하여 전 사원의 현장역량을 증진시키고 궁극적으로는 Global Excellence를 통한 가치경영을 실현하고자 합니다. 글로벌 역량 강화 해외법인의 지속적인 성장을 지원하기 위해 현지의 교육 요구에 기반을 둔 교육 체계를 수립하고 있습니다. 리더, 주재원, 현지에서 채용된 인력을 대상으로 직무 관련 교육과 어학 교육 과정을 제공하고 있으며, 임직원들이 각자의 역할에서 최대한의 성과를 낼 수 있도록 지원합니다. 이를 통해 해외법인의 안정적인 성장과 글로벌 시장에서의 경쟁력 강화에 기여하고 있습니다. 사업장 세부지원활동 해외법인 효성역사 및 핵심가치 교육 글로벌 공통 Rules & Policies 전파 교육체계 구축 지원 영업 역량 강화를 위한 교육 직무 전문성 강화 전 사원의 직무 역량을 증진하고 Global Excellence를 통한 가치경영을 실현하고자 영업, 생산, 연구, 관리 등 다양한 직군별로 단계적인 교육 과정을 제공합니다. • 직원들이 직무 기본 역량과 업무 기초 지식을 조기에 습득할 수 있도록 지원하며, 각 직무 분야별로 실용적인 업무 스킬 향상에 초점을 두고 있습니다. • 각 사업회사에서는 사업의 특성에 따라 업무 현장에서 필요한 전문 교육을 PU, 사업장, 팀 단위로 상시 운영하여 임직원의 전문성 강화를 지원합니다. • 주관 부서에서 제공하지 못하는 사외 전문 직무 교육을 수강할 수 있도록 사외교육 지원제도를 운영하고 있습니다. 인력개발원 직무교육(전 그룹사 직원): 직군 별 핵심 지식/기술 직군 구분 세부 교육 사항 공통 직무 교육 Biz 커뮤니케이션, 프레젠테이션, 기획력, 문제해결, 데이터 활용, 애자일 등 영업 직무 교육 마케팅 전략, 상담 스킬, 핵심거래처 관리, 해외시장 조사, 가격협상, 영업전략 등 생산 직무 교육 제조원가관리, 품질문제해결, 프로세스 혁신, 품질관리, 현장문제 개선, 데이터 분석 등 연구 직무 교육 프로젝트 관리, R&D 성과평가, 창의적 문제해결, 원가절감설계, 제품/공정 문제개선 등 회계 직무 교육 재무제표 읽기, 재무분석, 원가관리, 원가/손익 분석, 사업타당성 분석, 기업가치 평가 등 PU/사업장별 상시교육: 사업특성별 차별화 직무 지식/기술 직군 구분 세부 교육 사항 영업 직무 교육 고객/시장/경쟁/여신/재고/물류 등 영업활동 전반에 대한 이해 생산 직무 교육 공정/설비/품질/혁신활동/환경안전 등 생산활동 전반에 대한 이해 연구 직무 교육 기술개발/연구방법론/사업타당성 등 R&D전반에 대한 이해 관리 직무 교육 원가/회계/관련법규/인사/노무 등 경영지원 및 관리활동 전반에 대한 이해 공통 직무 교육 제품지식/기본마인드/조직전략 등 해당 사업부의 필요 지식과 역량 함양 사내 적응 프로그램 효성중공업은 조직에 새로 입사하는 임직원들이 빠르게 적응하고 자신의 역량을 발휘할 수 있도록 다양한 사내 적응 프로그램을 운영하고 있습니다. 이 프로그램은 공개 채용을 통해 입사한 신입사원, 수시 채용을 통해 입사한 경력사원, 외부에서 영입된 영입 임원을 대상으로 합니다. 효성중공업은 내외부의 인적자원 관리 환경이 빠르게 변하고 있는 시점에서 다양한 요구에 맞게 사내 적응 프로그램을 제공함으로써 신규 입사자들이 조직에 빠르고 효과적으로 정착할 수 있도록 지원합니다. 글로벌 역량 강화 대상 사내 적응 프로그램 신입사원 효성의 핵심가치와 역사, 비즈니스 스킬, 명사 특강 등으로 구성된 그룹 입문교육 사업 및 직무 이해를 위한 각 사업 부서별 본사/사업장 입문교육 OJT 프로그램 자세히보기 경력사원 새로운 조직의 핵심가치와 조직문화, 조직체계, 사내 제도를 소개하는 분기별 교육 영업임원 입사 직후 경영 현황과 조직체계, 회사의 문화와 철학을 이해할 수 있도록 하는 분기별 교육 임직원 지속가능경영교육 효성중공업은 지속가능경영의 중요성이 강조되는 상황에 발맞춰 관련 교육 과정을 사내 전반에 제공하고 있습니다. 전 임직원을 대상으로 법정의무교육을 포함하여 지속가능경영 개요, 환경, 인권, 안전보건, 보안, 윤리/준법(윤리경영, 공정거래) 등 6개 분야로 지속가능경영 교육을 운영 중입니다. 지속가능경영 개요 지속가능경영 개념 이해 사회책임 경영 환경 기후변화와 생물다양성 위험화학물질 인권 인권경영 직장내 성희롱 예방 장애인 인식개선 직장내 괴롭힘 예방 아동학대 신고의무자 안전보건 근무환경관리 안전관리지침 건강관리 보안 개인정보보호 보안의식 제고 윤리/준법 윤리경영 이해 공정거래법 기간 그룹/OC 입문교육을 마치고 신입사원 부서 배치가 완료된 후, 선발된 지도사원과 함께 약 6개월 간 진행 (각 사업부 특성에 따라 상이함) 프로그램 내용 지도사원은 신입사원에게 필요한 업무 능력을 전수함으로써 조기 정착과 전력화 지원 <지도사원 자격 요건> 신입사원이 배치될 부서에서 3년 이상 근무한 자 회사 전반에 대한 이해가 높고 근무 평가가 우수한 자 팀장의 추천을 받은 자 프로그램 초반 4개월 동안 일과 학습을 병행하여 직무 위주의 집중 교육을 실시 이후 2개월 간 본인 및 팀 전반 업무별 프로세스를 Review해 보며 효과적으로 업무를 수행하기 위한 개선안을 도출하여 해당 직무에 대한 기본 소양 및 역량 배양","> 신입사원이 배치될 부서에서 3년 이상 근무한 자 회사 전반에 대한 이해가 높고 근무 평가가 우수한 자 팀장의 추천을 받은 자 프로그램 초반 4개월 동안 일과 학습을 병행하여 직무 위주의 집중 교육을 실시 이후 2개월 간 본인 및 팀 전반 업무별 프로세스를 Review해 보며 효과적으로 업무를 수행하기 위한 개선안을 도출하여 해당 직무에 대한 기본 소양 및 역량 배양","","","","","","","","","","","active","2026-04-04T04:54:45.454971","2026-04-04T04:54:45.454990","True"
"420","1258","(주)아이옵스","24-07 ML 엔지니어 채용 > CAREER","https://i-ops.co.kr/bbs/board.php?bo_table=career&wr_id=6","24-07 ML 엔지니어 채용 > CAREER | IOPS 메뉴열기 언어 선택 ABOUT US WHAT WE DO PRODUCT CAREER NEWS 메뉴닫기 NEWS IOPS NEWS CAREER 24-07 ML 엔지니어 채용 페이지 정보 작성자 최고관리자 조회 check 944 작성일 Date 24-07-18 18:56 본문 24-07 ML 엔지니어 채용 list Prev 24-7 웨이브온 재무행정/회계 담당 채용 24.07.30 Sitemap | CEO : Youngwook Kim ㅣ Tel : +82-42-322-7600 ㅣ E-mail : contact@i-ops.co.kr ㅣ Address : 30, Wolpyeongjung-ro, Seo-gu, Daejeon, Republic of Korea ㅣ SNS :","","","","","","","","","","","","active","2026-04-04T04:55:08.339117","2026-04-04T04:55:08.339140","True"
"421","1258","(주)아이옵스","24-7 웨이브온 재무행정/회계 담당 채용 > CAREER","https://i-ops.co.kr/bbs/board.php?bo_table=career&wr_id=7","24-7 웨이브온 재무행정/회계 담당 채용 > CAREER | IOPS 메뉴열기 언어 선택 ABOUT US WHAT WE DO PRODUCT CAREER NEWS 메뉴닫기 NEWS IOPS NEWS CAREER 24-7 웨이브온 재무행정/회계 담당 채용 페이지 정보 작성자 최고관리자 조회 check 737 작성일 Date 24-07-30 14:21 본문 24-7 웨이브온 재무행정/회계 담당 채용 list Prev 24-08 안양 사업 확정 추가 채용 24.08.14 Next 24-07 ML 엔지니어 채용 24.07.18 Sitemap | CEO : Youngwook Kim ㅣ Tel : +82-42-322-7600 ㅣ E-mail : contact@i-ops.co.kr ㅣ Address : 30, Wolpyeongjung-ro, Seo-gu, Daejeon, Republic of Korea ㅣ SNS :","","","","","","","","","","","","active","2026-04-04T04:55:11.829259","2026-04-04T04:55:11.829280","True"
"422","1258","(주)아이옵스","24-08 안양 사업 확정 추가 채용 > CAREER","https://i-ops.co.kr/bbs/board.php?bo_table=career&wr_id=8","24-08 안양 사업 확정 추가 채용 > CAREER | IOPS 메뉴열기 언어 선택 ABOUT US WHAT WE DO PRODUCT CAREER NEWS 메뉴닫기 NEWS IOPS NEWS CAREER 24-08 안양 사업 확정 추가 채용 페이지 정보 작성자 최고관리자 조회 check 664 작성일 Date 24-08-14 10:00 본문 24-08 안양 사업 확정 추가 채용 list Prev 24-08 대전 S/N 채용 24.08.19 Next 24-7 웨이브온 재무행정/회계 담당 채용 24.07.30 Sitemap | CEO : Youngwook Kim ㅣ Tel : +82-42-322-7600 ㅣ E-mail : contact@i-ops.co.kr ㅣ Address : 30, Wolpyeongjung-ro, Seo-gu, Daejeon, Republic of Korea ㅣ SNS :","","","","","","대전","","","","","","active","2026-04-04T04:55:15.257855","2026-04-04T04:55:15.257872","True"
"423","1258","(주)아이옵스","24-08 대전 S/N 채용 > CAREER","https://i-ops.co.kr/bbs/board.php?bo_table=career&wr_id=9","24-08 대전 S/N 채용 > CAREER | IOPS 메뉴열기 언어 선택 ABOUT US WHAT WE DO PRODUCT CAREER NEWS 메뉴닫기 NEWS IOPS NEWS CAREER 24-08 대전 S/N 채용 페이지 정보 작성자 최고관리자 조회 check 921 작성일 Date 24-08-19 13:58 본문 24-08 대전 S/N 채용 list Prev 24-09 H/W 개발자 채용_수정본 24.08.26 Next 24-08 안양 사업 확정 추가 채용 24.08.14 Sitemap | CEO : Youngwook Kim ㅣ Tel : +82-42-322-7600 ㅣ E-mail : contact@i-ops.co.kr ㅣ Address : 30, Wolpyeongjung-ro, Seo-gu, Daejeon, Republic of Korea ㅣ SNS :","","","","","","대전","","","","","","active","2026-04-04T04:55:18.755466","2026-04-04T04:55:18.755486","True"
"424","1258","(주)아이옵스","24-09 H/W 개발자 채용_수정본 > CAREER","https://i-ops.co.kr/bbs/board.php?bo_table=career&wr_id=10","24-09 H/W 개발자 채용_수정본 > CAREER | IOPS 메뉴열기 언어 선택 ABOUT US WHAT WE DO PRODUCT CAREER NEWS 메뉴닫기 NEWS IOPS NEWS CAREER 24-09 H/W 개발자 채용_수정본 페이지 정보 작성자 최고관리자 조회 check 676 작성일 Date 24-08-26 10:41 본문 24-09 H/W 개발자 채용_수정본 list Prev 24-09 사업전략팀원 모집 24.08.29 Next 24-08 대전 S/N 채용 24.08.19 Sitemap | CEO : Youngwook Kim ㅣ Tel : +82-42-322-7600 ㅣ E-mail : contact@i-ops.co.kr ㅣ Address : 30, Wolpyeongjung-ro, Seo-gu, Daejeon, Republic of Korea ㅣ SNS :","","","","","","대전","","","","","","active","2026-04-04T04:55:22.442904","2026-04-04T04:55:22.442924","True"
"425","1258","(주)아이옵스","24-09 사업전략팀원 모집 > CAREER","https://i-ops.co.kr/bbs/board.php?bo_table=career&wr_id=11","24-09 사업전략팀원 모집 > CAREER | IOPS 메뉴열기 언어 선택 ABOUT US WHAT WE DO PRODUCT CAREER NEWS 메뉴닫기 NEWS IOPS NEWS CAREER 24-09 사업전략팀원 모집 페이지 정보 작성자 최고관리자 조회 check 675 작성일 Date 24-08-29 12:44 본문 24-09 사업전략팀원 모집 list Prev 24-09 경영지원실 인사총무 담당자 24.09.09 Next 24-09 H/W 개발자 채용_수정본 24.08.26 Sitemap | CEO : Youngwook Kim ㅣ Tel : +82-42-322-7600 ㅣ E-mail : contact@i-ops.co.kr ㅣ Address : 30, Wolpyeongjung-ro, Seo-gu, Daejeon, Republic of Korea ㅣ SNS :","","","","","","","","","","","","active","2026-04-04T04:55:26.275258","2026-04-04T04:55:26.275283","True"
"426","1258","(주)아이옵스","'24-10 용인운용요원 채용 > CAREER","https://i-ops.co.kr/bbs/board.php?bo_table=career&wr_id=15","'24-10 용인운용요원 채용 > CAREER | IOPS 메뉴열기 언어 선택 ABOUT US WHAT WE DO PRODUCT CAREER NEWS 메뉴닫기 NEWS IOPS NEWS CAREER '24-10 용인운용요원 채용 페이지 정보 작성자 최고관리자 조회 check 520 작성일 Date 24-09-30 12:42 본문 '24-10 용인운용요원 채용 list Prev 24-10 대전 제주 운용요원 통합 공고_정기 24.09.30 Next '24 DP부 상시 채용 공고 24.09.13 Sitemap | CEO : Youngwook Kim ㅣ Tel : +82-42-322-7600 ㅣ E-mail : contact@i-ops.co.kr ㅣ Address : 30, Wolpyeongjung-ro, Seo-gu, Daejeon, Republic of Korea ㅣ SNS :","","","","","","대전","","","","","","active","2026-04-04T04:55:30.407725","2026-04-04T04:55:30.407746","True"
"427","1258","(주)아이옵스","'24 DP부 상시 채용 공고 > CAREER","https://i-ops.co.kr/bbs/board.php?bo_table=career&wr_id=14","'24 DP부 상시 채용 공고 > CAREER | IOPS 메뉴열기 언어 선택 ABOUT US WHAT WE DO PRODUCT CAREER NEWS 메뉴닫기 NEWS IOPS NEWS CAREER '24 DP부 상시 채용 공고 페이지 정보 작성자 최고관리자 조회 check 600 작성일 Date 24-09-13 16:45 본문 '24 DP부 상시 채용 공고 list Prev '24-10 용인운용요원 채용 24.09.30 Next 24-09 경영지원실 인사총무 담당자 24.09.09 Sitemap | CEO : Youngwook Kim ㅣ Tel : +82-42-322-7600 ㅣ E-mail : contact@i-ops.co.kr ㅣ Address : 30, Wolpyeongjung-ro, Seo-gu, Daejeon, Republic of Korea ㅣ SNS :","","","","","","","","","","","","active","2026-04-04T04:55:34.783327","2026-04-04T04:55:34.783349","True"
"428","1258","(주)아이옵스","24-10 S/N부 채용_재게시용 > CAREER","https://i-ops.co.kr/bbs/board.php?bo_table=career&wr_id=17","24-10 S/N부 채용_재게시용 > CAREER | IOPS 메뉴열기 언어 선택 ABOUT US WHAT WE DO PRODUCT CAREER NEWS 메뉴닫기 NEWS IOPS NEWS CAREER 24-10 S/N부 채용_재게시용 페이지 정보 작성자 최고관리자 조회 check 638 작성일 Date 24-10-14 13:13 본문 24-10 S/N부 채용_재게시용 list Prev 24-11 사업전략팀 경력직 증원 24.10.29 Next 24-10 대전 제주 운용요원 통합 공고_정기 24.09.30 Sitemap | CEO : Youngwook Kim ㅣ Tel : +82-42-322-7600 ㅣ E-mail : contact@i-ops.co.kr ㅣ Address : 30, Wolpyeongjung-ro, Seo-gu, Daejeon, Republic of Korea ㅣ SNS :","","","","","","대전","","","","","","active","2026-04-04T04:55:39.074571","2026-04-04T04:55:39.074595","True"
"429","1258","(주)아이옵스","24-11 사업전략팀 경력직 증원 > CAREER","https://i-ops.co.kr/bbs/board.php?bo_table=career&wr_id=18","24-11 사업전략팀 경력직 증원 > CAREER | IOPS 메뉴열기 언어 선택 ABOUT US WHAT WE DO PRODUCT CAREER NEWS 메뉴닫기 NEWS IOPS NEWS CAREER 24-11 사업전략팀 경력직 증원 페이지 정보 작성자 최고관리자 조회 check 667 작성일 Date 24-10-29 10:12 본문 24-11 사업전략팀 경력직 증원 list Prev 24-11 사업전략팀 신입급 증원 24.10.29 Next 24-10 S/N부 채용_재게시용 24.10.14 Sitemap | CEO : Youngwook Kim ㅣ Tel : +82-42-322-7600 ㅣ E-mail : contact@i-ops.co.kr ㅣ Address : 30, Wolpyeongjung-ro, Seo-gu, Daejeon, Republic of Korea ㅣ SNS :","","","","","","","","","","","","active","2026-04-04T04:55:42.860784","2026-04-04T04:55:42.860804","True"
"430","1258","(주)아이옵스","CAREER 1 페이지","https://i-ops.co.kr/bbs/board.php?bo_table=career","CAREER 1 페이지 | IOPS 메뉴열기 언어 선택 ABOUT US WHAT WE DO PRODUCT CAREER NEWS 메뉴닫기 NEWS IOPS NEWS CAREER Total 13건 1 페이지 13 24-11 사업전략팀 신입급 증원 작성자 최고관리자 조회 1044 작성일 10-29 12 24-11 사업전략팀 경력직 증원 작성자 최고관리자 조회 668 작성일 10-29 11 24-10 S/N부 채용_재게시용 작성자 최고관리자 조회 639 작성일 10-14 10 24-10 대전 제주 운용요원 통합 공고_정기 작성자 최고관리자 조회 681 작성일 09-30 9 '24-10 용인운용요원 채용 작성자 최고관리자 조회 521 작성일 09-30 8 '24 DP부 상시 채용 공고 작성자 최고관리자 조회 601 작성일 09-13 7 24-09 경영지원실 인사총무 담당자 작성자 최고관리자 조회 653 작성일 09-09 6 24-09 사업전략팀원 모집 작성자 최고관리자 조회 676 작성일 08-29 5 24-09 H/W 개발자 채용_수정본 작성자 최고관리자 조회 677 작성일 08-26 4 24-08 대전 S/N 채용 작성자 최고관리자 조회 922 작성일 08-19 3 24-08 안양 사업 확정 추가 채용 작성자 최고관리자 조회 665 작성일 08-14 2 24-7 웨이브온 재무행정/회계 담당 채용 작성자 최고관리자 조회 738 작성일 07-30 1 24-07 ML 엔지니어 채용 작성자 최고관리자 조회 945 작성일 07-18 게시물 검색 검색대상 제목 내용 제목+내용 회원아이디 회원아이디(코) 글쓴이 글쓴이(코) 검색어 필수 Sitemap | CEO : Youngwook Kim ㅣ Tel : +82-42-322-7600 ㅣ E-mail : contact@i-ops.co.kr ㅣ Address : 30, Wolpyeongjung-ro, Seo-gu, Daejeon, Republic of Korea ㅣ SNS :","","","","","","대전","","","","","","active","2026-04-04T04:55:51.425110","2026-04-04T04:55:51.425133","True"
"431","1265","비컴솔루션(주)","비컴솔루션(주)","http://www.becomesolution.com/subpage.php?sd=5&sc=5_1",":기술영업 전자/제조 부문 Project, 컨설팅 또는 영업 유경험자 경력 5년~10년 모집안내 1. 근무형태 정규직/인턴 2. 지원","","경력 구분 R&D 0명 - 제품기획 및 서버/클라이언트 개발 - 솔루션 Framework 개발 - JAVA, C#, HTML5, ORACLE 경력/신입 엔지니어링(솔루션/자동화) 0명 - MES, 설비자동화 경험자 우대 - JAVA, C#, HTML5, ORACLE, MS-SQL - DB 모델링, Data Migration 가능자 경력/신입 ITO 0명 - MES, 설비자동화 경험자 우대 - JAVA, C# 개발자 - HSMS/SECS 개발 경력/신입 국내영업 0명 - 담당업무:기술영업 - 전자/제조 부문 Project, 컨설팅 또는 영업 유경험자 경력 5년~10년 - 모집안내 1. 근무형태 - 정규직/인턴 2. 지원자격 - 학력 : 초대졸 이상(졸업예정자 가능) - 모집 : 신입 / 경력(관련 경력 3년 이상) - 우대 : 관련기술 자격증 보유 3. 접수기간 및 방법 - 기간 : 상시 지원 - 이력서 양식 : 채용사이트(사람인 온라인 이력서) - 접수방법 : 사람인 입사지원, 이메일 지원(recruit@becomesolution.com) - 제출서류 : 이력서, 자기소개서, 경력기술서 (제출하신 서류는 일절 반환하지 않음) 4. 전형방법 - 1차 서류전형 - 2차 면접전형(1차 합격자에 한해 임원면접) - 합격자 발표 : 합격자에 한해 개별통보(유무선) 5. 채용결격사유 - 금치산자 또는 한정치산자 - 파산자로서 복권되지 아니한 자 - 금고이상의 형의 선고유예를 받은 경우에 그 선고유예 기간 중에 있는 자 6. 기타 유의사항 - 제출서류에 허위 사실이 기재된 경우 채용이 취소될 수 있음. - 모집요강은 회사 사정에 의해 일부 변경 될 수 있습니다. 7. 문의사항 - 참조 : 당사 홈페이지 참조(www.becomesolution.com) - 문의 : 경영 지원실 채용담당자 - Tel : 02-3019-6226 - E-mail : recruit@becomesolution.com CEO : 황영주 113-86-22003 © BECOME SOLUTION Co., Ltd. all rights reserved. becomesolution.com CONTACT US Address : 06258 서울특별시 강남구 도곡로2길 10 6층 (도곡동, 뱅뱅별관) Tel : 02-3461-4909 Fax : 02-3461-4978","","","","서울","정규직","","","","","active","2026-04-04T04:56:05.318770","2026-04-04T04:56:05.318791","True"
"432","1284","(주)인텍에프에이","S I T E M A P","http://www.intech-fa.co.kr/kr/recruit/talent.php","S I T E M A P 사업부문 신재생 에너지 ESS 대용량 ESS 중용량 ESS 소용량 HYBRID 계통연계형, 독립형 PROJECT 자동화기기 입력용 노이즈필터 DC 리액터 AC 리액터 출력용 노이즈필터 마이크로 서지필터 대지간용 마이크로 서지필터 사인 웨이브 필터 제동유닛 제동저항 회생제동장치 파워스택 AC 드라이브 환경 시스템 대규모 클린룸 소규모 클린룸 FFU, BLDC용 Drive 로봇 시스템 대용량 로봇제어기 중용량 로봇제어기 소용량 로봇제어기 연구개발 연구소 소개 연구소 기술 현황 개발실적 고객지원 자료실 제품 담당자 공지사항 회사소개 CEO인사말 경영이념 회사 연혁 오시는 길 채용정보 인재상 인사제도 채용공고 고객을 위한 최적가치창출 의 경영이념과 행복한 기업 의 비젼을 실천 가치창출 창조인 창의성과 실행력으로 성과를 창출하여 미래를 선도해나가는 인재 변화주도 조직인 끊임없는 도전과 혁신을 주도하고 팀웍을 발휘하여 조직 발전에 공헌하는 인재 자기계발 전문인 지속적인 학습과 자기계발로 자기분야의 최고 전문가를 지향하는 인재","","","","","","","","","","","","active","2026-04-04T04:56:18.760764","2026-04-04T04:56:18.760783","True"
"433","1284","(주)인텍에프에이","S I T E M A P","http://www.intech-fa.co.kr/kr/recruit/career.php?bbs_data=c3RhcnRQYWdlPTQwJmNvZGU9Y2FyZWVyJmNhdGU9JnRhYmxlPWNzX2Jic19kYXRhJnNlYXJjaF9pdGVtPSZzZWFyY2hfb3JkZXI9%7C%7C","S I T E M A P 사업부문 신재생 에너지 ESS 대용량 ESS 중용량 ESS 소용량 HYBRID 계통연계형, 독립형 PROJECT 자동화기기 입력용 노이즈필터 DC 리액터 AC 리액터 출력용 노이즈필터 마이크로 서지필터 대지간용 마이크로 서지필터 사인 웨이브 필터 제동유닛 제동저항 회생제동장치 파워스택 AC 드라이브 환경 시스템 대규모 클린룸 소규모 클린룸 FFU, BLDC용 Drive 로봇 시스템 대용량 로봇제어기 중용량 로봇제어기 소용량 로봇제어기 연구개발 연구소 소개 연구소 기술 현황 개발실적 고객지원 자료실 제품 담당자 공지사항 회사소개 CEO인사말 경영이념 회사 연혁 오시는 길 채용정보 인재상 인사제도 채용공고 제출서류 이력서, 자기소개서 - 입사지원서 양식: 회사양식 또는 자율양식 가능 - 경력직의 경우 경력 상세 기술 전형방법 ※ 서류전형 및 면접전형 합격자에게 개별 통지 담당자 TEL 031-218-4883 이메일 recruit@intech-fa.co.kr 입사지원서 다운로드  신입사원용  경력사원용 TOTAL : 46 개 번호 제목 시작일 마감일 진행여부 6 SW개발 2017-03-29 2017-04-30 마감 5 기술지원 2016-12-13 2016-12-25 마감 4 구매관리 2016-12-12 2016-12-25 마감 3 연구개발, SW개발, 자재관리 2016-10-24 2016-11-06 마감 2 생산기술 2016-10-11 2016-10-21 마감 1 품질보증 2016-09-26 2016-10-04 마감 1 2 3 4 5 제목 ","","","S I T E M A P 사업부문 신재생 에너지 ESS 대용량 ESS 중용량 ESS 소용량 HYBRID 계통연계형, 독립형 PROJECT 자동화기기 입력용 노이즈필터 DC 리액터 AC 리액터 출력용 노이즈필터 마이크로 서지필터 대지간용 마이크로 서지필터 사인 웨이브 필터 제동유닛 제동저항 회생제동장치 파워스택 AC 드라이브 환경 시스템 대규모 클린룸 소규모 클린룸 FFU, BLDC용 Drive 로봇 시스템 대용량 로봇제어기 중용량 로봇제어기 소용량 로봇제어기 연구개발 연구소 소개 연구소 기술 현황 개발실적 고객지원 자료실 제품 담당자 공지사항 회사소개 CEO인사말 경영이념 회사 연혁 오시는 길 채용정보 인재상 인사제도 채용공고 제출서류 이력서, 자기소개서 - 입사지원서 양식: 회사양식 또는 자율양식 가능 - 경력직의 경우 경력 상세 기술 전형방법 ※ 서류전형 및 면접전형 합격자에게 개별 통지 담당자 TEL 031-218-4883 이메일 recruit@intech-fa.co.kr 입사지원서 다운로드  신입사원용  경력사원용 TOTAL : 46 개 번호 제목 시작일 마감일 진행여부 6 SW개발 2017-03-29 2017-04-30 마감 5 기술지원 2016-12-13 2016-12-25 마감 4 구매관리 2016-12-12 2016-12-25 마감 3 연구개발, SW개발, 자재관리 2016-10-24 2016-11-06 마감 2 생산기술 2016-10-11 2016-10-21 마감 1 품질보증 2016-09-26 2016-10-04 마감 1 2 3 4 5 제목 ","","","","","","","","","active","2026-04-04T04:56:24.033613","2026-04-04T04:56:24.033632","True"
"434","1284","(주)인텍에프에이","S I T E M A P","http://www.intech-fa.co.kr/kr/recruit/career.php?bbs_data=c3RhcnRQYWdlPTMwJmNvZGU9Y2FyZWVyJmNhdGU9JnRhYmxlPWNzX2Jic19kYXRhJnNlYXJjaF9pdGVtPSZzZWFyY2hfb3JkZXI9%7C%7C","S I T E M A P 사업부문 신재생 에너지 ESS 대용량 ESS 중용량 ESS 소용량 HYBRID 계통연계형, 독립형 PROJECT 자동화기기 입력용 노이즈필터 DC 리액터 AC 리액터 출력용 노이즈필터 마이크로 서지필터 대지간용 마이크로 서지필터 사인 웨이브 필터 제동유닛 제동저항 회생제동장치 파워스택 AC 드라이브 환경 시스템 대규모 클린룸 소규모 클린룸 FFU, BLDC용 Drive 로봇 시스템 대용량 로봇제어기 중용량 로봇제어기 소용량 로봇제어기 연구개발 연구소 소개 연구소 기술 현황 개발실적 고객지원 자료실 제품 담당자 공지사항 회사소개 CEO인사말 경영이념 회사 연혁 오시는 길 채용정보 인재상 인사제도 채용공고 제출서류 이력서, 자기소개서 - 입사지원서 양식: 회사양식 또는 자율양식 가능 - 경력직의 경우 경력 상세 기술 전형방법 ※ 서류전형 및 면접전형 합격자에게 개별 통지 담당자 TEL 031-218-4883 이메일 recruit@intech-fa.co.kr 입사지원서 다운로드  신입사원용  경력사원용 TOTAL : 46 개 번호 제목 시작일 마감일 진행여부 16 연구개발 / SW개발 / 기구설계 2019-02-27 2019-03-10 마감 15 연구개발 / SW개발 / 총무 / 생산기술 / 조립·검사 2018-12-19 2018-12-31 마감 14 연구개발 / SW개발 / 기구설계 / 생산기술 / 품질 / 조립·검사 2018-10-17 2018-10-31 마감 13 연구개발/SW개발/생산기술/경영사무 직원모집 2018-08-17 2018-08-31 마감 12 생산기술, 제조, 품질관리 직원모집 2018-07-04 2018-07-11 마감 11 품질관리, 품질보증 직원모집 2018-05-16 2018-05-27 마감 10 SW개발 2018-04-20 상시모집 마감 9 총무 2018-06-08 2018-06-19 마감 8 기구설계, S/W 개발 2018-03-26 2018-04-06 마감 7 S/W 개발자, 기술지원 2018-03-05 2018-03-18 마감 1 2 3 4 5 제목 ","","","S I T E M A P 사업부문 신재생 에너지 ESS 대용량 ESS 중용량 ESS 소용량 HYBRID 계통연계형, 독립형 PROJECT 자동화기기 입력용 노이즈필터 DC 리액터 AC 리액터 출력용 노이즈필터 마이크로 서지필터 대지간용 마이크로 서지필터 사인 웨이브 필터 제동유닛 제동저항 회생제동장치 파워스택 AC 드라이브 환경 시스템 대규모 클린룸 소규모 클린룸 FFU, BLDC용 Drive 로봇 시스템 대용량 로봇제어기 중용량 로봇제어기 소용량 로봇제어기 연구개발 연구소 소개 연구소 기술 현황 개발실적 고객지원 자료실 제품 담당자 공지사항 회사소개 CEO인사말 경영이념 회사 연혁 오시는 길 채용정보 인재상 인사제도 채용공고 제출서류 이력서, 자기소개서 - 입사지원서 양식: 회사양식 또는 자율양식 가능 - 경력직의 경우 경력 상세 기술 전형방법 ※ 서류전형 및 면접전형 합격자에게 개별 통지 담당자 TEL 031-218-4883 이메일 recruit@intech-fa.co.kr 입사지원서 다운로드  신입사원용  경력사원용 TOTAL : 46 개 번호 제목 시작일 마감일 진행여부 16 연구개발 / SW개발 / 기구설계 2019-02-27 2019-03-10 마감 15 연구개발 / SW개발 / 총무 / 생산기술 / 조립·검사 2018-12-19 2018-12-31 마감 14 연구개발 / SW개발 / 기구설계 / 생산기술 / 품질 / 조립·검사 2018-10-17 2018-10-31 마감 13 연구개발/SW개발/생산기술/경영사무 직원모집 2018-08-17 2018-08-31 마감 12 생산기술, 제조, 품질관리 직원모집 2018-07-04 2018-07-11 마감 11 품질관리, 품질보증 직원모집 2018-05-16 2018-05-27 마감 10 SW개발 2018-04-20 상시모집 마감 9 총무 2018-06-08 2018-06-19 마감 8 기구설계, S/W 개발 2018-03-26 2018-04-06 마감 7 S/W 개발자, 기술지원 2018-03-05 2018-03-18 마감 1 2 3 4 5 제목 ","","","","","","","","","active","2026-04-04T04:56:29.931290","2026-04-04T04:56:29.931344","True"
"435","1284","(주)인텍에프에이","S I T E M A P","http://www.intech-fa.co.kr/kr/recruit/career.php?bbs_data=c3RhcnRQYWdlPTIwJmNvZGU9Y2FyZWVyJmNhdGU9JnRhYmxlPWNzX2Jic19kYXRhJnNlYXJjaF9pdGVtPSZzZWFyY2hfb3JkZXI9%7C%7C","S I T E M A P 사업부문 신재생 에너지 ESS 대용량 ESS 중용량 ESS 소용량 HYBRID 계통연계형, 독립형 PROJECT 자동화기기 입력용 노이즈필터 DC 리액터 AC 리액터 출력용 노이즈필터 마이크로 서지필터 대지간용 마이크로 서지필터 사인 웨이브 필터 제동유닛 제동저항 회생제동장치 파워스택 AC 드라이브 환경 시스템 대규모 클린룸 소규모 클린룸 FFU, BLDC용 Drive 로봇 시스템 대용량 로봇제어기 중용량 로봇제어기 소용량 로봇제어기 연구개발 연구소 소개 연구소 기술 현황 개발실적 고객지원 자료실 제품 담당자 공지사항 회사소개 CEO인사말 경영이념 회사 연혁 오시는 길 채용정보 인재상 인사제도 채용공고 제출서류 이력서, 자기소개서 - 입사지원서 양식: 회사양식 또는 자율양식 가능 - 경력직의 경우 경력 상세 기술 전형방법 ※ 서류전형 및 면접전형 합격자에게 개별 통지 담당자 TEL 031-218-4883 이메일 recruit@intech-fa.co.kr 입사지원서 다운로드  신입사원용  경력사원용 TOTAL : 46 개 번호 제목 시작일 마감일 진행여부 26 연구개발 / 품질 / 자재관리 / 회계 2021-10-01 2021-10-14 마감 25 연구개발 2021-04-21 상시모집 마감 24 개발 / PCB Artwork 2021-03-29 2021-04-12 마감 23 연구개발 / SW개발 2021-02-15 2021-02-28 마감 22 품질 2020-10-19 2020-11-01 마감 21 연구개발 / 품질 / 기술지원 2020-06-24 2020-07-08 마감 20 연구개발 / 기구개발 2020-05-19 2020-06-02 마감 19 장비영업 / SW개발 2019-12-26 2020-01-10 마감 18 기구개발 / SW개발 / 기술지원 / 제조 2019-09-24 2019-10-09 마감 17 자재관리 / 제조 2019-07-03 2019-07-15 마감 1 2 3 4 5 제목 ","","","S I T E M A P 사업부문 신재생 에너지 ESS 대용량 ESS 중용량 ESS 소용량 HYBRID 계통연계형, 독립형 PROJECT 자동화기기 입력용 노이즈필터 DC 리액터 AC 리액터 출력용 노이즈필터 마이크로 서지필터 대지간용 마이크로 서지필터 사인 웨이브 필터 제동유닛 제동저항 회생제동장치 파워스택 AC 드라이브 환경 시스템 대규모 클린룸 소규모 클린룸 FFU, BLDC용 Drive 로봇 시스템 대용량 로봇제어기 중용량 로봇제어기 소용량 로봇제어기 연구개발 연구소 소개 연구소 기술 현황 개발실적 고객지원 자료실 제품 담당자 공지사항 회사소개 CEO인사말 경영이념 회사 연혁 오시는 길 채용정보 인재상 인사제도 채용공고 제출서류 이력서, 자기소개서 - 입사지원서 양식: 회사양식 또는 자율양식 가능 - 경력직의 경우 경력 상세 기술 전형방법 ※ 서류전형 및 면접전형 합격자에게 개별 통지 담당자 TEL 031-218-4883 이메일 recruit@intech-fa.co.kr 입사지원서 다운로드  신입사원용  경력사원용 TOTAL : 46 개 번호 제목 시작일 마감일 진행여부 26 연구개발 / 품질 / 자재관리 / 회계 2021-10-01 2021-10-14 마감 25 연구개발 2021-04-21 상시모집 마감 24 개발 / PCB Artwork 2021-03-29 2021-04-12 마감 23 연구개발 / SW개발 2021-02-15 2021-02-28 마감 22 품질 2020-10-19 2020-11-01 마감 21 연구개발 / 품질 / 기술지원 2020-06-24 2020-07-08 마감 20 연구개발 / 기구개발 2020-05-19 2020-06-02 마감 19 장비영업 / SW개발 2019-12-26 2020-01-10 마감 18 기구개발 / SW개발 / 기술지원 / 제조 2019-09-24 2019-10-09 마감 17 자재관리 / 제조 2019-07-03 2019-07-15 마감 1 2 3 4 5 제목 ","","","","","","","2021-09-01","2021-10-01","active","2026-04-04T04:56:37.534433","2026-04-04T04:56:37.534444","True"
"436","1284","(주)인텍에프에이","S I T E M A P","http://www.intech-fa.co.kr/kr/recruit/career.php?bbs_data=c3RhcnRQYWdlPTEwJmNvZGU9Y2FyZWVyJmNhdGU9JnRhYmxlPWNzX2Jic19kYXRhJnNlYXJjaF9pdGVtPSZzZWFyY2hfb3JkZXI9%7C%7C","S I T E M A P 사업부문 신재생 에너지 ESS 대용량 ESS 중용량 ESS 소용량 HYBRID 계통연계형, 독립형 PROJECT 자동화기기 입력용 노이즈필터 DC 리액터 AC 리액터 출력용 노이즈필터 마이크로 서지필터 대지간용 마이크로 서지필터 사인 웨이브 필터 제동유닛 제동저항 회생제동장치 파워스택 AC 드라이브 환경 시스템 대규모 클린룸 소규모 클린룸 FFU, BLDC용 Drive 로봇 시스템 대용량 로봇제어기 중용량 로봇제어기 소용량 로봇제어기 연구개발 연구소 소개 연구소 기술 현황 개발실적 고객지원 자료실 제품 담당자 공지사항 회사소개 CEO인사말 경영이념 회사 연혁 오시는 길 채용정보 인재상 인사제도 채용공고 제출서류 이력서, 자기소개서 - 입사지원서 양식: 회사양식 또는 자율양식 가능 - 경력직의 경우 경력 상세 기술 전형방법 ※ 서류전형 및 면접전형 합격자에게 개별 통지 담당자 TEL 031-218-4883 이메일 recruit@intech-fa.co.kr 입사지원서 다운로드  신입사원용  경력사원용 TOTAL : 46 개 번호 제목 시작일 마감일 진행여부 36 연구개발 채용 0000-00-00 상시모집 마감 35 연구개발 / SW개발 / 구매 / 자재 / 품질 / 제조 2023-01-31 2023-02-15 마감 34 연구개발 / SW개발 / 품질보증 / 품질 / 구매 / 자재 / 회계 2022-11-01 2023-07-02 마감 33 연구개발 / SW개발 / 회로설계 / 구매자재 / 품질 / 제조 2022-09-28 2022-10-12 마감 32 연구개발 / 설계 / 자재관리 / 품질 / 제조 2022-08-16 2022-08-25 마감 31 연구개발 / 연구지원 / 구매 / 제조 2022-07-05 2022-07-20 마감 30 연구개발 / SW개발 / 제조 2022-05-02 2022-05-24 마감 29 연구개발 / SW개발 / 제조 / 총무 2022-03-14 2022-03-27 마감 28 연구개발 / 제조 2022-02-21 2022-03-06 마감 27 연구개발 / 품질 / 생산기술 / 제조 2021-12-03 2021-12-16 마감 1 2 3 4 5 제목 ","","","S I T E M A P 사업부문 신재생 에너지 ESS 대용량 ESS 중용량 ESS 소용량 HYBRID 계통연계형, 독립형 PROJECT 자동화기기 입력용 노이즈필터 DC 리액터 AC 리액터 출력용 노이즈필터 마이크로 서지필터 대지간용 마이크로 서지필터 사인 웨이브 필터 제동유닛 제동저항 회생제동장치 파워스택 AC 드라이브 환경 시스템 대규모 클린룸 소규모 클린룸 FFU, BLDC용 Drive 로봇 시스템 대용량 로봇제어기 중용량 로봇제어기 소용량 로봇제어기 연구개발 연구소 소개 연구소 기술 현황 개발실적 고객지원 자료실 제품 담당자 공지사항 회사소개 CEO인사말 경영이념 회사 연혁 오시는 길 채용정보 인재상 인사제도 채용공고 제출서류 이력서, 자기소개서 - 입사지원서 양식: 회사양식 또는 자율양식 가능 - 경력직의 경우 경력 상세 기술 전형방법 ※ 서류전형 및 면접전형 합격자에게 개별 통지 담당자 TEL 031-218-4883 이메일 recruit@intech-fa.co.kr 입사지원서 다운로드  신입사원용  경력사원용 TOTAL : 46 개 번호 제목 시작일 마감일 진행여부 36 연구개발 채용 0000-00-00 상시모집 마감 35 연구개발 / SW개발 / 구매 / 자재 / 품질 / 제조 2023-01-31 2023-02-15 마감 34 연구개발 / SW개발 / 품질보증 / 품질 / 구매 / 자재 / 회계 2022-11-01 2023-07-02 마감 33 연구개발 / SW개발 / 회로설계 / 구매자재 / 품질 / 제조 2022-09-28 2022-10-12 마감 32 연구개발 / 설계 / 자재관리 / 품질 / 제조 2022-08-16 2022-08-25 마감 31 연구개발 / 연구지원 / 구매 / 제조 2022-07-05 2022-07-20 마감 30 연구개발 / SW개발 / 제조 2022-05-02 2022-05-24 마감 29 연구개발 / SW개발 / 제조 / 총무 2022-03-14 2022-03-27 마감 28 연구개발 / 제조 2022-02-21 2022-03-06 마감 27 연구개발 / 품질 / 생산기술 / 제조 2021-12-03 2021-12-16 마감 1 2 3 4 5 제목 ","","","","","","","2023-01-01","2023-01-31","active","2026-04-04T04:56:43.433708","2026-04-04T04:56:43.433726","True"
"438","4","이노솔루텍","채용정보","http://www.innost.co.kr/kor/careers/menu_01.html","인재상 이노솔루텍은 창의적이고 도전적인 당신을 기다립니다! 여러분들도 지금 도전하세요! 이노솔루텍은 언제나 당신을 향해 열려 있습니다. Collaboration 협동하라! 먼저 마음을 열고 다가가는 인재를 원합니다. 서로 협력하여 더 높은 성과에 도전하는 인재를 원합니다. Integrity 정직 잘못을 솔직하게 시인할 줄 아는 용기를 가진 인재를 원합니다. 진정으로 사람과 일을 대하고 언행일치에 힘쓰는 인재를 원합니다. Challenge 도전 목표를 높게 잡고 끈질기게 추구하는 인재를 원합니다. 실패를 통해서도 배우며 포기하지 않는 인재를 원합니다.","","","","","","","","","","","","active","2026-04-14T12:43:49.054081","2026-04-14T12:43:49.054131","True"
"439","7","아라드네트웍스","IoT 네트워크 보안을 책임질 당신을 기다립니다","https://www.aradnetworks.com/sub/sub0105.php","About us Company facts Overview Certifications Identity What we do Business Areas Customers & Partners Achivements & Successes Events & News Notice Media Security Issues Tech & Product Core Tech Products Solutions ARAD Home ARAD Home Solution Simulation ARAD CCTV ARAD CCTV Solution Simulation ARAD Signage Arad Signage Solution Simulation ARAD Future Smart Factory Smart Car Smart City Brochures Brochures Contact Us Contacts Location Requests New Partner Inquiry Product inquiry Partner Inquiry Blog Careers 아라드네트웍스 About us Company facts What we do Achivements & Successes Events & News Tech & Product Core Tech Products Solutions ARAD Home ARAD CCTV ARAD Signage ARAD Future Brochures Brochures Contact Us Contacts Location Requests Blog Careers 아라드네트웍스 KR EN 아라드네트웍스 About us Company facts What we do Achivements & Successes Events & News Tech & Product Core Tech Products Solutions ARAD Home ARAD CCTV ARAD Signage ARAD Future Brochures Brochures Contact Us Contacts Location Requests Blog Careers Careers Contact Us About us Tech & Product Solutions Brochures Contact Us Careers Contacts Location Requests Blog Careers Recruitment Employment IoT 네트워크 보안을 책임질 당신을 기다립니다 아라드네트웍스는 지원자의 학력, 자격증, 외모 등 눈에 보이는 스펙을 보지 않습니다. 지금은 부족해도 내 분야에 있어서 만큼은 최고가 되고 싶고 성공하고 싶은 그리고 그렇게 될 자신감과 그 자신감을 뒷받침해줄 열정을 봅니다. 인재상 채용 절차 기업문화 & 복지 워라밸 문화 초과근무 지양! 집중해서 일하고 정시에 퇴근해요. 워라밸 문화 초과근무 지양! 집중해서 일하고 정시에 퇴근해요. 자율근무제 원하는 시간에 출근하고 원하는 시간에 퇴근할 수 있어요. 보상제도 운영 인센티브/스톡옵션 지급을 통해 공로를 칭찬해요. ※ 경영성과 발생시 자기개발비 지원 임직원의 자기역량 강화를 위해 문화생활,운동, 교육, 도서구입 비용을 지원해요. 자유로운 휴가 사용 연차, 월차를 원하는 때에 자유롭게 사용할 수 있어요. 자유로운 회식문화 잦은 회식 No! 2차는 가고 싶은 사람만! 자유로운 회식 분위기 지향해요. 자유 복장 편하게 입고 일하니 업무 능률도 쑥쑥 올라가요. 최신장비 지원 개발자 최신 장비 지원 최신 노트북 지원 멘토링 제도 주니어 멘토 모임을 통해 서로의고민을 나누고 격려하는 시간을 가져요. 아라드네트웍스 facebook youtube instagram link din (06266) 서울시 강남구 남부순환로 351길 19, 2층/3층(도곡동,영빌딩) TEL :+82-2-571-1883 E-MAIL : sales@aradnetworks.com ARAD Networks Co., Ltd.","","","기업문화 & 복지 워라밸 문화 초과근무 지양! 집중해서 일하고 정시에 퇴근해요. 워라밸 문화 초과근무 지양! 집중해서 일하고 정시에 퇴근해요. 자율근무제 원하는 시간에 출근하고 원하는 시간에 퇴근할 수 있어요. 보상제도 운영 인센티브/스톡옵션 지급을 통해 공로를 칭찬해요. ※ 경영성과 발생시 자기개발비 지원 임직원의 자기역량 강화를 위해 문화생활,운동, 교육, 도서구입 비용을 지원해요. 자유로운 휴가 사용 연차, 월차를 원하는 때에 자유롭게 사용할 수 있어요. 자유로운 회식문화 잦은 회식 No! 2차는 가고 싶은 사람만! 자유로운 회식 분위기 지향해요. 자유 복장 편하게 입고 일하니 업무 능률도 쑥쑥 올라가요. 최신장비 지원 개발자 최신 장비 지원 최신 노트북 지원 멘토링 제도 주니어 멘토 모임을 통해 서로의고민을 나누고 격려하는 시간을 가져요. 아라드네트웍스 facebook youtube instagram link din (06266) 서울시 강남구 남부순환로 351길 19, 2층/3층(도곡동,영빌딩) TEL :+82-2-571-1883 E-MAIL : sales@aradnetworks.com ARAD Networks Co., Ltd.","스톡옵션, 인센티브","","","","","","","","active","2026-04-14T12:43:54.413267","2026-04-14T12:43:54.413301","True"
"440","8","소올아이티","주메뉴","http://soarit.net/sub/sub04_01.php","소올아이티는 인간 중심의 휴먼네트워크를 표방하고 모든 임직원이 각 분야에서 전문가가 될 수 있는 지원 을 아끼지 않고 있습니다. 01 인재상 핵심역량과 포용력이 뛰어난 사람 소올아이트는 비전과 가치를 공유하고 업무에 대한 열정과 전문성, 유연성을 겸비한 사람, 구성원간의 역량증대와 성과를 위해 솔선수범하여 팀워크를 높이는 리더, 고객을 깊이 이해하고 고객감동을 실천하며 전문 핵심역량과 포용력이 뛰어난 사람입니다. 02 인사원칙 전문가가 될 수 있는 아낌없는 지원 소올아이티는 인간 중심의 휴먼네트워크를 표방하고 모든 임직원이 각 분야에서 전문가가 될 수 있는 지원을 아끼지 않고 있습니다. 이를 위해 “전문가로서의 개인 성장”, “성과에 따른 보상”, “회사와 임직원의 동반자 관계 형성”이라는 세 가지 인사원칙을 지켜나가고 있습니다. 03 인사평가 및 보상제도 공정한 평가 실시 소올아이티는 목표관리(MBO)를 통한 성과중심의 공정한 평가 실시를 합니다. 합리적인 보상을 위하여 성과중심의 선진형 연봉제를 도입하여 실시하고 있으며, 성과에 따른 인센티브를 제공하고자 성과급 제도를 운영하고 있습니다. (주)소올아이티 주소 : 서울시 금천구 가산디지털1로 16, 519호 (가산동 673, SK V1 AP TOWER 5층) 사업자등록번호 : 738-86-01715 TEL : 02-6138-2020 E-mail : huh20000@soarit.net ©","","","","인센티브","","","","","","","","active","2026-04-14T12:44:04.677998","2026-04-14T12:44:04.678052","True"
"442","29","영림원소프트랩","모집분야 및 응시자격","https://www.ksystem.co.kr/right-people-for-younglimwon","상세기재) 작성 입사지원서 다운로드 Step. 2 아래로 서류 제출 담당자 : 기획혁신 채용담당자 전화번호 : 02-2093-2724 , 1960 E-mail : recruit@ksystem.co.kr 제출된 서류와 자료는 일체 반환되지 않습니다. 고객지원센터 : 1661-1155 AS문의 : 1688-1155 클라우드 문의 : 1688-7048 원격지원서비스 공지사항 고객지원서비스 교육센터","","비트 교육센터 위탁교육 시니어 개발자 10 2개월 입사 후 교육 시니어 숙련된 개발 스킬 경력자로 높은 개발 생산성 기대 인턴 개발자 20 2개월 인턴종료 후 정규직 전환 대학생 일학습병형제를 통한 IT전공자 위주 ERP 컨설턴트 시니어 컨설턴트 10 3개월 입사 후 교육 시니어 컨설팅, 실무, 전산 등의 실무 경력자로 짧은 기간에 ERP PM컨설턴트 수행 기대 그 외 모집분야 경력 응시자격 영업 2년이상 ① 응용소프트웨어 영업 2년이상 유경험자 마케팅 3년이상 ① 국내외 소프트웨어 영업기획, 마케팅 분야 ② 3년 이상 유경험자 경영지원 3년이상 ① 경영 전반과 매니지먼트에 대한 이해 ② 법인결산업무 3년이상 유경험자 ③ 코스닥 등록업무 및 주식관리 업무 유경험자 ④ 총무, 인사분야 유경험자 채용 프로세스 서류심사 이메일 접수 적성검사 적성검사 및 영어 필기 테스트 면접 및 프리젠테이션 적성검사 심사후 개별통보 합격자 발표 면접 후 개별통보","","","","","","","","","","active","2026-04-14T12:44:52.659127","2026-04-14T12:44:52.659163","True"
"443","28","더존비즈온","더존ICT그룹","https://www.douzone.com/job/talented.jsp","채용 더존ICT그룹은 창조적이고, 도전적이며, 변화를 두려워하지 않는 인재를 찾고 있습니다. 도전과 열정 도전과 열정은 현재의 위치에 안주하지 않고 항상 보다 큰 목표를 세우고 두려움 없이 업무를 추진하는 것을 의미합니다. 1. 목표를 세우고, 망설임 없이 추진하며 결과를 돌아보라. 2. 현재에 안주하지 않고, 새로운 가치를 추구하라. 3. 실패를 두려워하지 말고 끊임없이 노력하라. 소통과 화합 소통과 화합은 활발한 의사소통을 통해 공감대를 형성하고 부서 및 기능간 협력을 통해 시너지 효과를 극대화하는 것을 의미합니다. 1. 항상 고객과 눈높이를 맞추고 귀를 열어라. 2. 열린 마음으로 상대방의 입장과 다양성을 존중하라. 3. 작은 의견도 귀담아 듣고 차이를 이해하라. 4. 개방된 자세로 지식과 아이디어를 공유하고 협력하라. 책임과 신뢰 책임과 신뢰는 책임감을 갖고 정직하고 공정하게 경쟁하는 더존의 모습을 담고 있다. 1. 스스로의 주인으로 행동하라. 2. 관계 속의 신뢰를 이룩하라. 3. 기본으로 돌아가라.","","","","","","","","","","","","active","2026-04-14T12:45:01.436238","2026-04-14T12:45:01.436265","True"
"444","56","인젠트","개인정보처리방침","https://www.inzent.com/board/board.php?bo_table=recruit&idx=68","ㆍAPI/ 오픈소스 DB/ 문서중앙화 솔루션 영업 ㆍ고객 관리 , 신규 고객사 발굴 지원자격 (* 신입가능) ㆍ IT개발/ 영업 경험자 ㆍ 솔루션 영업 경험 ㆍ 제조/유통/통신 영업 경험자","(* 신입가능) ㆍ IT개발/ 영업 경험자 ㆍ 솔루션 영업 경험 ㆍ 제조/유통/통신 영업 경험자","","및 기타 지원 유의사항","","","","","","","","2023-12-05","active","2026-04-14T12:47:32.684369","2026-04-14T12:47:32.684394","True"
"445","63","마크애니","마크애니 기업문화 및 채용","https://www.markany.com/recruit","알림 뒤로 알림 설정 뒤로 더보기 게시물 알림 내 글 반응 내가 작성한 게시물이나 댓글에 다른 사람이 댓글이나 답글을 작성하면 알려줍니다. 공지사항 사이트에서 보내는 중요한 공지를 실시간으로 알려줍니다. 기업정보보안 기업 정보 보안 문서 위변조 방지/증명 콘텐츠 보안 AI영상보안 AI 영상 관제/분석 CCTV 영상 반출 보안/자산관리 병원·수술실 CCTV 관리/보안 국방 국방 정보 보안 국방 CCTV 경계보안 조달/바우처 조달 제품 바우처 제품 기업사례 공공 기관 기업 고객 블로그 재미있는 보안 이야기 최신 보안 이슈 고객지원 비가시성 워터마크 출력물 보안 솔루션 3000원 프로모션 기업정보보안 기업 정보 보안 문서 위변조 방지/증명 콘텐츠 보안 AI영상보안 AI 영상 관제/분석 CCTV 영상 반출 보안/자산관리 병원·수술실 CCTV 관리/보안 국방 국방 정보 보안 국방 CCTV 경계보안 조달/바우처 조달 제품 바우처 제품 기업사례 공공 기관 기업 고객 블로그 재미있는 보안 이야기 최신 보안 이슈 고객지원 비가시성 워터마크 출력물 보안 솔루션 3000원 프로모션 기업정보보안 기업 정보 보안 문서 위변조 방지/증명 콘텐츠 보안 AI영상보안 AI 영상 관제/분석 CCTV 영상 반출 보안/자산관리 병원·수술실 CCTV 관리/보안 국방 국방 정보 보안 국방 CCTV 경계보안 조달/바우처 조달 제품 바우처 제품 기업사례 공공 기관 기업 고객 블로그 재미있는 보안 이야기 최신 보안 이슈 고객지원 마크애니는 이렇게 일합니다. 일은 스스로 선택합니다. 마크애니 팀은 회사가 향하는 명확한 비전 아래 스스로 할 일을 찾아서 하는 사람들이 모였습니다. 같은 목표를 생각합니다. 우리는 ‘사용자를 위한 서비스를 만들기 위해 진심을 다하고 있다’ 는 생각을 가지고 있습니다. 정보를 투명하게 공유합니다. 정보의 독점은 수직적인 소통 구조를 만들고 효율을 떨어뜨립니다. 일에 관련한 커뮤니케이션은 과해도 좋습니다. 모두가 행복해야 일도 잘됩니다. 솔루션 소개 둘러보기 기업 정보 보안 문서 위변조 방지/증명 콘텐츠 보안 AI 영상 관제/분석 CCTV 영상 반출 보안 병원 · 수술실 CCTV 국방 정보 보안 국방 CCTV 경계보안 조달 제품 바우처 제품 공공 기관 기업 고객 보안이야기 마크애니 고객지원 회사소개 기업문화 및 채용 특허/수상/인증 마크애니 뉴스 ESG 고객지원 공지사항 (주)마크애니 ㅣ 서울시 중구 퇴계로 286 쌍림빌딩 13층 ㅣ (+82) 02-2262-5222 ㅣ contact@markany.com ㅣ 사 업자 등록번호 : 101-81-47345","","","","","","","","","","","","active","2026-04-14T12:47:49.667532","2026-04-14T12:47:49.667590","True"
"446","67","데이터스트림즈","커리어","https://datastreams.co.kr/company/careers/java-backend","Enterprise data fabric Data Fabric Service를 제공하는 솔루션은 방대한 양의 데이터를 빠르고 정확하며, 효율적으로 관리할 수 있는 솔루션입니다. Enterprise Data Governance & Data Catalog 데이터 거버넌스& 데이터 카탈로그 통합 플랫폼으로 데이터 표준, 품질, 비즈데이터, 흐름관리를 통합 관리합니다. Data Integration 데이터 통합 프로세스를 보다 편리하고 신속하게 개발하고 체계적으로 관리할 수 있는 데이터 통합 솔루션입니다. Metadata Management Metadata 기반의 데이터 표준화 및 메타 데이터 관리 솔루션입니다. Data Quality 데이터를 검증하고 품질을 관리하는 솔루션입니다. AI/ML 빅 데이터 / 데이터 패브릭 기반의 통합 데이터 AI/ML 분석 환경을 제공하는 플랫폼입니다. Biz Metadata Management 실무에서 사용하는 보고서에 대한 메타 데이터 및 업무용어를 관리하는 솔루션입니다. Data Lineage 데이터의 대한 흐름을 시각화하여 직관적이고, 정확한 Data Lineage 정보를 제공합니다 Masterdata Management 전사 기준이 되는 Masterdata를 단일버전으로 제공함으로써 전략적 데이터 활용의 기반이 됩니다. Privacy Protection 개인정보를 서버에 저장하지 않는 구조로 유저 디바이스 기반 인증과 서비스 연결 플랫폼입니다. Healthcare 빅데이터와 머신러닝 기술의 결합으로 보다 정확하고 빠른 의료분야의 솔루션을 제공합니다. Retail 중요한 재고와 고객정보 데이터들이 낭비되지 않도록 최적의 솔루션을 제공합니다. Financial 금융산업에 중요한 데이터의 관리, 빅데이터 분석, AI 활용 등 금융 서비스에 필요한 솔루션을 제공합니다. Government 공공·민간의 데이터와 서비스가 자유롭고, 안전하게 공유되고 편리하게 활용하는데 필요한 솔루션을 제공합니다. Manufacturing 생산 현장에서 발생되는 다양한 데이터들을 효율적으로 관리하는 솔루션을 제공합니다 Support Portal 데이터를 보다 체계적으로 관리하기 위해 필요한 모든 것을 물어보세요. Data 전문가가 항상 대기 중입니다. Customer Success Stories DataStreams와 함께한 고객사의 Data 구축 예시를 확인할 수 있습니다. Partners 데이터스트림즈 파트너에게는 비즈니스에 필요한 데이터를 가치있고 경제적으로 관리할 수 있도록 다양한 혜택을 제공합니다. Our Partners Partner up with DataStreams Our Story DataStreams는 모든 데이터 플랫폼에서 데이터를 안전하고 효율적으로 처리, 관리 및 제공하는 세계 최고의 솔루션을 구축합니다. Leadership Awards Careers Media Newsletter Youtube Blog Notice Locations Enterprise data fabric Data Fabric Service를 제공하는 솔루션은 방대한 양의 데이터를 빠르고 정확하며, 효율적으로 관리할 수 있는 솔루션입니다. Enterprise Data Governance & Data Catalog 데이터 거버넌스& 데이터 카탈로그 통합 플랫폼으로 데이터 표준, 품질, 비즈데이터, 흐름관리를 통합 관리합니다. Data Integration 데이터 통합 프로세스를 보다 편리하고 신속하게 개발하고 체계적으로 관리할 수 있는 데이터 통합 솔루션입니다. Metadata Management Metadata 기반의 데이터 표준화 및 메타 데이터 관리 솔루션입니다. Data Quality 데이터를 검증하고 품질을 관리하는 솔루션입니다. AI/ML 빅 데이터 / 데이터 패브릭 기반의 통합 데이터 AI/ML 분석 환경을 제공하는 플랫폼입니다. Biz Metadata Management 실무에서 사용하는 보고서에 대한 메타 데이터 및 업무용어를 관리하는 솔루션입니다. Data Lineage 데이터의 대한 흐름을 시각화하여 직관적이고, 정확한 Data Lineage 정보를 제공합니다 Masterdata Management 전사 기준이 되는 Masterdata를 단일버전으로 제공함으로써 전략적 데이터 활용의 기반이 됩니다. Privacy Protection 개인정보를 서버에 저장하지 않는 구조로 유저 디바이스 기반 인증과 서비스 연결 플랫폼입니다. Healthcare 빅데이터와 머신러닝 기술의 결합으로 보다 정확하고 빠른 의료분야의 솔루션을 제공합니다. Retail 중요한 재고와 고객정보 데이터들이 낭비되지 않도록 최적의 솔루션을 제공합니다. Financial 금융산업에 중요한 데이터의 관리, 빅데이터 분석, AI 활용 등 금융 서비스에 필요한 솔루션을 제공합니다. Government 공공·민간의 데이터와 서비스가 자유롭고, 안전하게 공유되고 편리하게 활용하는데 필요한 솔루션을 제공합니다. Manufacturing 생산 현장에서 발생되는 다양한 데이터들을 효율적으로 관리하는 솔루션을 제공합니다 Support Portal 데이터를 보다 체계적으로 관리하기 위해 필요한 모든 것을 물어보세요. Data 전문가가 항상 대기 중입니다. Customer Success Stories DataStreams와 함께한 고객사의 Data 구축 예시를 확인할 수 있습니다. Partners 데이터스트림즈 파트너에게는 비즈니스에 필요한 데이터를 가치있고 경제적으로 관리할 수 있도록 다양한 혜택을 제공합니다. Our Partners Partner up with DataStreams Our Story DataStreams는 모든 데이터 플랫폼에서 데이터를 안전하고 효율적으로 처리, 관리 및 제공하는 세계 최고의 솔루션을 구축합니다. Leadership Awards Careers Media Newsletter Youtube Blog Notice Locations Request Demo Product Tour","","","","","","","","","","","","active","2026-04-14T12:47:56.366218","2026-04-14T12:47:56.366255","True"
"447","67","데이터스트림즈","Careers – datastreamsglobal-한국","https://datastreams.co.kr/company/careers","Enterprise data fabric Data Fabric Service를 제공하는 솔루션은 방대한 양의 데이터를 빠르고 정확하며, 효율적으로 관리할 수 있는 솔루션입니다. Enterprise Data Governance & Data Catalog 데이터 거버넌스& 데이터 카탈로그 통합 플랫폼으로 데이터 표준, 품질, 비즈데이터, 흐름관리를 통합 관리합니다. Data Integration 데이터 통합 프로세스를 보다 편리하고 신속하게 개발하고 체계적으로 관리할 수 있는 데이터 통합 솔루션입니다. Metadata Management Metadata 기반의 데이터 표준화 및 메타 데이터 관리 솔루션입니다. Data Quality 데이터를 검증하고 품질을 관리하는 솔루션입니다. AI/ML 빅 데이터 / 데이터 패브릭 기반의 통합 데이터 AI/ML 분석 환경을 제공하는 플랫폼입니다. Biz Metadata Management 실무에서 사용하는 보고서에 대한 메타 데이터 및 업무용어를 관리하는 솔루션입니다. Data Lineage 데이터의 대한 흐름을 시각화하여 직관적이고, 정확한 Data Lineage 정보를 제공합니다 Masterdata Management 전사 기준이 되는 Masterdata를 단일버전으로 제공함으로써 전략적 데이터 활용의 기반이 됩니다. Privacy Protection 개인정보를 서버에 저장하지 않는 구조로 유저 디바이스 기반 인증과 서비스 연결 플랫폼입니다. Healthcare 빅데이터와 머신러닝 기술의 결합으로 보다 정확하고 빠른 의료분야의 솔루션을 제공합니다. Retail 중요한 재고와 고객정보 데이터들이 낭비되지 않도록 최적의 솔루션을 제공합니다. Financial 금융산업에 중요한 데이터의 관리, 빅데이터 분석, AI 활용 등 금융 서비스에 필요한 솔루션을 제공합니다. Government 공공·민간의 데이터와 서비스가 자유롭고, 안전하게 공유되고 편리하게 활용하는데 필요한 솔루션을 제공합니다. Manufacturing 생산 현장에서 발생되는 다양한 데이터들을 효율적으로 관리하는 솔루션을 제공합니다 Support Portal 데이터를 보다 체계적으로 관리하기 위해 필요한 모든 것을 물어보세요. Data 전문가가 항상 대기 중입니다. Customer Success Stories DataStreams와 함께한 고객사의 Data 구축 예시를 확인할 수 있습니다. Partners 데이터스트림즈 파트너에게는 비즈니스에 필요한 데이터를 가치있고 경제적으로 관리할 수 있도록 다양한 혜택을 제공합니다. Our Partners Partner up with DataStreams Our Story DataStreams는 모든 데이터 플랫폼에서 데이터를 안전하고 효율적으로 처리, 관리 및 제공하는 세계 최고의 솔루션을 구축합니다. Leadership Awards Careers Media Newsletter Youtube Blog Notice Locations Enterprise data fabric Data Fabric Service를 제공하는 솔루션은 방대한 양의 데이터를 빠르고 정확하며, 효율적으로 관리할 수 있는 솔루션입니다. Enterprise Data Governance & Data Catalog 데이터 거버넌스& 데이터 카탈로그 통합 플랫폼으로 데이터 표준, 품질, 비즈데이터, 흐름관리를 통합 관리합니다. Data Integration 데이터 통합 프로세스를 보다 편리하고 신속하게 개발하고 체계적으로 관리할 수 있는 데이터 통합 솔루션입니다. Metadata Management Metadata 기반의 데이터 표준화 및 메타 데이터 관리 솔루션입니다. Data Quality 데이터를 검증하고 품질을 관리하는 솔루션입니다. AI/ML 빅 데이터 / 데이터 패브릭 기반의 통합 데이터 AI/ML 분석 환경을 제공하는 플랫폼입니다. Biz Metadata Management 실무에서 사용하는 보고서에 대한 메타 데이터 및 업무용어를 관리하는 솔루션입니다. Data Lineage 데이터의 대한 흐름을 시각화하여 직관적이고, 정확한 Data Lineage 정보를 제공합니다 Masterdata Management 전사 기준이 되는 Masterdata를 단일버전으로 제공함으로써 전략적 데이터 활용의 기반이 됩니다. Privacy Protection 개인정보를 서버에 저장하지 않는 구조로 유저 디바이스 기반 인증과 서비스 연결 플랫폼입니다. Healthcare 빅데이터와 머신러닝 기술의 결합으로 보다 정확하고 빠른 의료분야의 솔루션을 제공합니다. Retail 중요한 재고와 고객정보 데이터들이 낭비되지 않도록 최적의 솔루션을 제공합니다. Financial 금융산업에 중요한 데이터의 관리, 빅데이터 분석, AI 활용 등 금융 서비스에 필요한 솔루션을 제공합니다. Government 공공·민간의 데이터와 서비스가 자유롭고, 안전하게 공유되고 편리하게 활용하는데 필요한 솔루션을 제공합니다. Manufacturing 생산 현장에서 발생되는 다양한 데이터들을 효율적으로 관리하는 솔루션을 제공합니다 Support Portal 데이터를 보다 체계적으로 관리하기 위해 필요한 모든 것을 물어보세요. Data 전문가가 항상 대기 중입니다. Customer Success Stories DataStreams와 함께한 고객사의 Data 구축 예시를 확인할 수 있습니다. Partners 데이터스트림즈 파트너에게는 비즈니스에 필요한 데이터를 가치있고 경제적으로 관리할 수 있도록 다양한 혜택을 제공합니다. Our Partners Partner up with DataStreams Our Story DataStreams는 모든 데이터 플랫폼에서 데이터를 안전하고 효율적으로 처리, 관리 및 제공하는 세계 최고의 솔루션을 구축합니다. Leadership Awards Careers Media Newsletter Youtube Blog Notice Locations Request Demo Product Tour • 빅데이터 플렛폼 개발자 • Java 개발자 • Web Backend 개발 • 제품기획 • 도메인 컨설턴트 • 컨설팅 그룹 • AI 분석 그룹 • 영업대표 • PM • PMO • 프로젝트 개발자 (ETL) • 프로젝트 개발자 (JAVA) • Web 포털 기획자 • Web 포털 디자이너 • Web 포털 퍼블리셔 • 시스템 엔지니어(Tachnical Architecturi) • QA팀 • 기술지원팀(ETL) • 제품 기획 • 인사총무 팀장 • 인사총무팀 • 마케팅팀 • 전략기획 팀 • 법무팀 Contact us Requst Demo Product Tour","","","","","","","","","","","","active","2026-04-14T12:48:06.699107","2026-04-14T12:48:06.699131","True"
"448","74","케이사인","KSIGN","https://www.ksign.com/ksign/notice/recruit.php","HOME 알림 채용안내 새소식 채용 안내 ESG 열정 (Passion) 기본과 원칙을 기본으로 미래를 준비하는 마음가짐 도전 (Challenge) 실패를 두려워하지 않고 변화를 만들어가는 자세 협력 (Cooperation) 협력을 통해 조직과 동반 성장하는 미덕 혁신 (Innovation) 창의적 생각을 통해 만들어가는 미래의 가치 01 서류 전형 ※ 당사 홈페이지 또는 사람인/ 잡코리아 채용사이트 공고 02 실무진 면접 03 임원 면접 04 최종 합격 ※ 당사 홈페이지 또는 사람인/ 잡코리아 채용사이트 공고 제품소개서 다운로드 ㆍ 제품소개서를 다운받으시려면 아래의 정보를 작성해 주세요. 성함 * 회사명 * 이메일 * 연락처 * 마케팅 정보 활용 동의 * 회사는 다음의 목적을 위해 고객님의 개인정보를 수집하고 이용합니다. (1)서비스 제공에 관한 계약 이행 및 서비스 제공 - 케이사인 뉴스레터,이벤트 참여 및 기프티콘, 정기 뉴스레터 발송 (2)신규 서비스 개발 및 마케팅 - 신규 서비스 개발 및 맞춤 서비스 제공, 통계학적 특성에 따른 서비스 제공 및 광고 게재, 서비스의 유효성 확인, 이벤트 및 광고성 정보 제공 및 참여기회 제공 - 뉴스레터 신청 및 발송 - 제공해 주신 개인정보는 본 행사의 주최/주관/후원사가 고객님께 유용한 정보(예: 솔루션, 행사 초청 메일) 등을 제공하기 위한 세일즈 및 마케팅 활동 목적으로 활용될 수 있습니다. ■ 수집하는 개인정보의 항목 케이사인에서는 서비스 제공을 위해 등록 시 아래와 같은 개인정보를 수집하고 있으며 아래 개인정보는 위 목적을 위해 필요한 최소한의 개인정보입니다. 고객님은 개인정보 제공에 대한 동의를 거부할 수 있으나, 이 경우 이벤트 참여 및 경품 발송이 제한될 수 있습니다. - 이벤트 : 이름, 회사명, 핸드폰 번호, 부서명, 직함 - 뉴스레터 : 이메일주소 ■ 개인정보 제 3자 제공 동의 1. 개인정보를 제공받는 자 : 케이사인 2. 제공 목적 : 영업관리, 설문조사 및 프로모션, 이벤트 경품 제공-행사 관련 마케팅 3. 제공하는 개인정보 : 성명, 회사명, 부서명, 직책, 연락처, 휴대폰, 이메일 4. 개인정보의 보유 및 이용 기간 : 개인정보 취급 목적을 달성하여 더 이상 개인정보가 불필요하게 된 경우 지체 없이 해당 정보를 파기할 것입니다. * 정보주체는 해당 개인정보 제3자 제공 동의에 대한 거부 권리가 있습니다. 마케팅 정보 활용에 동의 합니다. (주)케이사인 대표 : 구자동, 최현철 | 사업자 등록번호 : 114-87-13936 경기도 과천시 과천대로7나길 25(갈현동) TEL : 02-564-0182 FAX : 02-564-1627 Mail : k-secu@ksign.com 개인정보관리책임자 : 김정미 이사 (보안기술 연구소) jenny@ksign.com","","","","","","","","","","","","active","2026-04-14T12:48:17.487143","2026-04-14T12:48:17.487172","True"
"449","93","알서포트","알서포트의 열린 조직문화는","https://www.rsupport.com/ko-kr/career","콘텐츠 바로가기 메뉴 바로가기 하단정보 바로가기 Rsupport 제품 리모트뷰 리모트뷰BOX 리모트콜 리모트VS 리모트미팅 Airepoto 콜라박스 리모트WOL 투자 투자 요약 기업지배구조 재무정보 실적발표 감사보고서 투자 공고 투자 질의응답 투자 뉴스 뉴스 언론 보도 홍보 영상 블로그 지원 공지사항","","","","재택근무","","","정규직","","","","","active","2026-04-14T12:49:02.585734","2026-04-14T12:49:02.585763","True"
"450","93","알서포트","알서포트는 여러분의 도전을","https://www.rsupport.com/ko-kr/career/recruit/fullstack","콘텐츠 바로가기 메뉴 바로가기 하단정보 바로가기 Rsupport 제품 리모트뷰 리모트뷰BOX 리모트콜 리모트VS 리모트미팅 Airepoto 콜라박스 리모트WOL 투자 투자 요약 기업지배구조 재무정보 실적발표 감사보고서 투자 공고 투자 질의응답 투자 뉴스 뉴스 언론 보도 홍보 영상 블로그 지원 공지사항 자주 묻는 질문 다운로드 Contact Us CI&BI 회사 회사 소개 회사 연혁 수상 및 인증 사회 공헌 기술 소개 파트너 사옥 온라인 제보 채용 채용 요약 팀 문화 스토리 역할과 책임 채용공고 인재풀 모바일 메뉴 kr en jp cn 모바일 메뉴 Home 채용 채용공고 알서포트는 여러분의 도전을 서포트합니다 Solution 웹 Full Stack 개발 (3년 이상) 지원 마감 디데이 D-22 지원 가능일 2026-03-09 ~ 2026-05-11 직군 기술지원 경력사항 경력 고용형태 정규직 근무지 서울 본사 포지션 Solution 웹 Full Stack 개발 업무내용 Java Web Applicaion Full Stack 개발 On-Premise서버 관리 및 운영 지원(하드웨어 설정 및 설치에 대한 업무 수행) 자격요건 및 우대사항 [ 자격요건 ] Java&JSP 및 Java Script 프로그래밍 경험이 있으신 분 SpringBoot 2.X 를 이용하여 Back-end 개발이 가능하신 분 DBMS 경험이 있으신 분 (MariaDB, Oracle 등) JPA(Hibernate) ORM 사용 경험이 있으신 분 Git을 통해 코드 관리 및 개발이 가능하신 분 [ 우대사항 ] Linux 운영체제 사용이 가능하신 분 솔루션 통합(SI)/유지보수(SM) 프로젝트 경험이 있으신 분 네트워크 및 보안지식이 있으신 분 관련학과 전공을 하셨거나 부트캠프 통해 교육을 이수하신 분 자동화 배포 프로세스(CI/CD) 구축/활용 경험이 있으신 분 워크플로우 개선에 관심이 있으신 분 기타사항 국가보훈해당자 및 장애인은 관련 법률에 의거 우대합니다. (증빙서류 제출자에 한함) 제출서류에 허위기재 또는 기재 착오, 구비서류 미제출 등으로 인한 불이익은 응시자 본인의 책임으로 합니다. 제출서류나 각종 증명서의 기재내용이 허위일 경우, 응시를 무효처리하며 합격을 취소합니다. 기타 문의사항은 채용관련 문의를 이용해 주시기 바라며, 제출된 서류는 개인정보 보호법에따라 관리됩니다. 목록 직군 기술지원 경력사항 경력 고용형태 정규직 근무지 서울 본사 지원하기 IR 투자 정보 받기 top RemoteCall RemoteView Ai:repoto COLABOX RemoteMeeting RemoteCall RemoteView Ai:repoto COLABOX RemoteMeeting 알서포트(주) 대표 서형수 (05203) 서울특별시 강동구 고덕비즈밸리로2가길 12 (고덕동) 사업자등록번호 114-86-82265 통신판매업 신고번호 제 2024-서울강동-1214호 문의 070-7011-3900 이메일 sales.kr@rsupport.com 팩스 02-479-4429 개인정보 처리방침 내부정보관리규정","및 우대사항 [ 자격요건 ] Java&JSP 및 Java Script 프로그래밍 경험이 있으신 분 SpringBoot 2.X 를 이용하여 Back-end 개발이 가능하신 분 DBMS 경험이 있으신 분 (MariaDB, Oracle 등) JPA(Hibernate) ORM 사용 경험이 있으신 분 Git을 통해 코드 관리 및 개발이 가능하신 분 [ 우대사항 ] Linux 운영체제 사용이 가능하신 분 솔루션 통합(SI)/유지보수(SM) 프로젝트 경험이 있으신 분 네트워크 및 보안지식이 있으신 분 관련학과 전공을 하셨거나 부트캠프 통해 교육을 이수하신 분 자동화 배포 프로세스(CI/CD) 구축/활용 경험이 있으신 분 워크플로우 개선에 관심이 있으신 분 기타사항 국가보훈해당자 및 장애인은 관련 법률에 의거 우대합니다. (증빙서류 제출자에 한함) 제출서류에 허위기재 또는 기재 착오, 구비서류 미제출 등으로 인한 불이익은 응시자 본인의 책임으로 합니다. 제출서류나 각종 증명서의 기재내용이 허위일 경우, 응시를 무효처리하며 합격을 취소합니다. 기타 문의사항은 채용관련 문의를 이용해 주시기 바라며, 제출된 서류는 개인정보 보호법에따라 관리됩니다. 목록 직군 기술지원 경력사항 경력 고용형태 정규직 근무지 서울 본사 지원하기 IR 투자 정보 받기 top RemoteCall RemoteView Ai:repoto COLABOX RemoteMeeting RemoteCall RemoteView Ai:repoto COLABOX RemoteMeeting 알서포트(주) 대표 서형수 (05203) 서울특별시 강동구 고덕비즈밸리로2가길 12 (고덕동) 사업자등록번호 114-86-82265 통신판매업 신고번호 제 2024-서울강동-1214호 문의 070-7011-3900 이메일 sales.kr@rsupport.com 팩스 02-479-4429 개인정보 처리방침 내부정보관리규정 COPYRIGHT © 2026 RSUPPORT CO., LTD. ALL RIGHTS RESERVED. 공식 SNS 채널 + Facebook youtube Blog Linkedin 알서포트 투자 실적 정보 받기 별도의 요청없이도 알서포트가 제공하는 투자와 관련된 상세 자료들을 간편하게 받아보실 수 있습니다. 팝업 닫기 투자실적 정보 받기 신청이 완료되었습니다. 입력해주신 메일 주소로 답변 드립니다. 확인 팝업 닫기","[ 자격요건 ] Java&JSP 및 Java Script 프로그래밍 경험이 있으신 분 SpringBoot 2.X 를 이용하여 Back-end 개발이 가능하신 분 DBMS 경험이 있으신 분 (MariaDB, Oracle 등) JPA(Hibernate) ORM 사용 경험이 있으신 분 Git을 통해 코드 관리 및 개발이 가능하신 분 [ 우대사항 ] Linux 운영체제 사용이 가능하신 분 솔루션 통합(SI)/유지보수(SM) 프로젝트 경험이 있으신 분 네트워크 및 보안지식이 있으신 분 관련학과 전공을 하셨거나 부트캠프 통해 교육을 이수하신 분 자동화 배포 프로세스(CI/CD) 구축/활용 경험이 있으신 분 워크플로우 개선에 관심이 있으신 분 기타사항 국가보훈해당자 및 장애인은 관련 법률에 의거 우대합니다. (증빙서류 제출자에 한함) 제출서류에 허위기재 또는 기재 착오, 구비서류 미제출 등으로 인한 불이익은 응시자 본인의 책임으로 합니다. 제출서류나 각종 증명서의 기재내용이 허위일 경우, 응시를 무효처리하며 합격을 취소합니다. 기타 문의사항은 채용관련 문의를 이용해 주시기 바라며, 제출된 서류는 개인정보 보호법에따라 관리됩니다. 목록 직군 기술지원 경력사항 경력 고용형태 정규직 근무지 서울 본사 지원하기 IR 투자 정보 받기 top RemoteCall RemoteView Ai:repoto COLABOX RemoteMeeting RemoteCall RemoteView Ai:repoto COLABOX RemoteMeeting 알서포트(주) 대표 서형수 (05203) 서울특별시 강동구 고덕비즈밸리로2가길 12 (고덕동) 사업자등록번호 114-86-82265 통신판매업 신고번호 제 2024-서울강동-1214호 문의 070-7011-3900 이메일 sales.kr@rsupport.com 팩스 02-479-4429 개인정보 처리방침 내부정보관리규정 COPYRIGHT © 2026 RSUPPORT CO., LTD. ALL RIGHTS RESERVED. 공식 SNS 채널 + Facebook youtube Blog Linkedin 알서포트 투자 실적 정보 받기 별도의 요청없이도 알서포트가 제공하는 투자와 관련된 상세 자료들을 간편하게 받아보실 수 있습니다. 팝업 닫기 투자실적 정보 받기 신청이 완료되었습니다. 입력해주신 메일 주소로 답변 드립니다. 확인 팝업 닫기","","","","서울","정규직","","","2026-02-07","2026-03-09","active","2026-04-20T03:07:38.759725","2026-04-14T12:49:17.425159","True"
"451","93","알서포트","알서포트는 여러분의 도전을","https://www.rsupport.com/ko-kr/career/recruit/se","콘텐츠 바로가기 메뉴 바로가기 하단정보 바로가기 Rsupport 제품 리모트뷰 리모트뷰BOX 리모트콜 리모트VS 리모트미팅 Airepoto 콜라박스 리모트WOL 투자 투자 요약 기업지배구조 재무정보 실적발표 감사보고서 투자 공고 투자 질의응답 투자 뉴스 뉴스 언론 보도 홍보 영상 블로그 지원 공지사항 자주 묻는 질문 다운로드 Contact Us CI&BI 회사 회사 소개 회사 연혁 수상 및 인증 사회 공헌 기술 소개 파트너 사옥 온라인 제보 채용 채용 요약 팀 문화 스토리 역할과 책임 채용공고 인재풀 모바일 메뉴 kr en jp cn 모바일 메뉴 Home 채용 채용공고 알서포트는 여러분의 도전을 서포트합니다 클라우드 시스템 엔지니어 (3년 이상) 지원 마감 디데이 D-22 지원 가능일 2026-03-09 ~ 2026-05-11 직군 연구개발 경력사항 경력 고용형태 정규직 근무지 서울 본사 포지션 클라우드 시스템 엔지니어 업무내용 클라우드 운영 : AWS, OCI 등 클라우드 시스템 구축, 운영, 관리, 모니터링, 장애 대응 제품(서비스) 운영 지원 : SaaS 서비스 정기 & 비정기 업데이트 지원, 신규 system Architecture 구성 인프라 관리 : 사내 인프라 시스템 운영 자동화 관리 및 보안 관리 기타 : 최신 동향 파악 및 기술 검토, 신기술 검증 후 운영 시스템에 적용 자격요건 및 우대사항 [ 자격요건 ] AWS Cloud 시스템 운영관리 및 아키텍처 구성 경험이 있으신 분 AWS Cloud 및 Web/WAS 보안 관리 경험이 있으신 분 Python, Shell Script 등 스크립트 언어가 가능하신 분 CI/CD 경험이 있으신 분 (AWS CodeCommit, CodeBuild, CodeDeploy) [ 우대사항 ] Linux Server 구성 및 각종 오픈소스 설치 경험이 있으신 분 AWS Solution Architect 자격증을 소유하셨거나 교육을 받으신 분 AWS, OCI 운영 자동화 경험이 있으신 분 MS SQL Server, MariaDB 운영 경험이 있으신 분 네트워크 관리 경험이 있으신 분 (방화벽, L2, L3, L4 스위치, DNS 등) Docker, Kubernetes 운영 경험이 있으신 분 기타사항 국가보훈해당자 및 장애인은 관련 법률에 의거 우대합니다. (증빙서류 제출자에 한함) 제출서류에 허위기재 또는 기재 착오, 구비서류 미제출 등으로 인한 불이익은 응시자 본인의 책임으로 합니다. 제출서류나 각종 증명서의 기재내용이 허위일 경우, 응시를 무효처리하며 합격을 취소합니다. 기타 문의사항은 채용관련 문의를 이용해 주시기 바라며, 제출된 서류는 개인정보 보호법에따라 관리됩니다. 목록 직군 연구개발 경력사항 경력 고용형태 정규직 근무지 서울 본사 지원하기 IR 투자 정보 받기 top RemoteCall RemoteView Ai:repoto COLABOX RemoteMeeting RemoteCall RemoteView Ai:repoto COLABOX RemoteMeeting 알서포트(주) 대표 서형수 (05203) 서울특별시 강동구 고덕비즈밸리로2가길 12 (고덕동) 사업자등록번호 114-86-82265 통신판매업 신고번호 제 2024-서울강동-1214호 문의 070-7011-3900 이메일 sales.kr@rsupport.com 팩스 02-479-4429 개인정보 처리방침 내부정보관리규정","및 우대사항 [ 자격요건 ] AWS Cloud 시스템 운영관리 및 아키텍처 구성 경험이 있으신 분 AWS Cloud 및 Web/WAS 보안 관리 경험이 있으신 분 Python, Shell Script 등 스크립트 언어가 가능하신 분 CI/CD 경험이 있으신 분 (AWS CodeCommit, CodeBuild, CodeDeploy) [ 우대사항 ] Linux Server 구성 및 각종 오픈소스 설치 경험이 있으신 분 AWS Solution Architect 자격증을 소유하셨거나 교육을 받으신 분 AWS, OCI 운영 자동화 경험이 있으신 분 MS SQL Server, MariaDB 운영 경험이 있으신 분 네트워크 관리 경험이 있으신 분 (방화벽, L2, L3, L4 스위치, DNS 등) Docker, Kubernetes 운영 경험이 있으신 분 기타사항 국가보훈해당자 및 장애인은 관련 법률에 의거 우대합니다. (증빙서류 제출자에 한함) 제출서류에 허위기재 또는 기재 착오, 구비서류 미제출 등으로 인한 불이익은 응시자 본인의 책임으로 합니다. 제출서류나 각종 증명서의 기재내용이 허위일 경우, 응시를 무효처리하며 합격을 취소합니다. 기타 문의사항은 채용관련 문의를 이용해 주시기 바라며, 제출된 서류는 개인정보 보호법에따라 관리됩니다. 목록 직군 연구개발 경력사항 경력 고용형태 정규직 근무지 서울 본사 지원하기 IR 투자 정보 받기 top RemoteCall RemoteView Ai:repoto COLABOX RemoteMeeting RemoteCall RemoteView Ai:repoto COLABOX RemoteMeeting 알서포트(주) 대표 서형수 (05203) 서울특별시 강동구 고덕비즈밸리로2가길 12 (고덕동) 사업자등록번호 114-86-82265 통신판매업 신고번호 제 2024-서울강동-1214호 문의 070-7011-3900 이메일 sales.kr@rsupport.com 팩스 02-479-4429 개인정보 처리방침 내부정보관리규정 COPYRIGHT © 2026 RSUPPORT CO., LTD. ALL RIGHTS RESERVED. 공식 SNS 채널 + Facebook youtube Blog Linkedin 알서포트 투자 실적 정보 받기 별도의 요청없이도 알서포트가 제공하는 투자와 관련된 상세 자료들을 간편하게 받아보실 수 있습니다. 팝업 닫기 투자실적 정보 받기 신청이 완료되었습니다. 입력해주신 메일 주소로 답변 드립니다. 확인 팝업 닫기","[ 자격요건 ] AWS Cloud 시스템 운영관리 및 아키텍처 구성 경험이 있으신 분 AWS Cloud 및 Web/WAS 보안 관리 경험이 있으신 분 Python, Shell Script 등 스크립트 언어가 가능하신 분 CI/CD 경험이 있으신 분 (AWS CodeCommit, CodeBuild, CodeDeploy) [ 우대사항 ] Linux Server 구성 및 각종 오픈소스 설치 경험이 있으신 분 AWS Solution Architect 자격증을 소유하셨거나 교육을 받으신 분 AWS, OCI 운영 자동화 경험이 있으신 분 MS SQL Server, MariaDB 운영 경험이 있으신 분 네트워크 관리 경험이 있으신 분 (방화벽, L2, L3, L4 스위치, DNS 등) Docker, Kubernetes 운영 경험이 있으신 분 기타사항 국가보훈해당자 및 장애인은 관련 법률에 의거 우대합니다. (증빙서류 제출자에 한함) 제출서류에 허위기재 또는 기재 착오, 구비서류 미제출 등으로 인한 불이익은 응시자 본인의 책임으로 합니다. 제출서류나 각종 증명서의 기재내용이 허위일 경우, 응시를 무효처리하며 합격을 취소합니다. 기타 문의사항은 채용관련 문의를 이용해 주시기 바라며, 제출된 서류는 개인정보 보호법에따라 관리됩니다. 목록 직군 연구개발 경력사항 경력 고용형태 정규직 근무지 서울 본사 지원하기 IR 투자 정보 받기 top RemoteCall RemoteView Ai:repoto COLABOX RemoteMeeting RemoteCall RemoteView Ai:repoto COLABOX RemoteMeeting 알서포트(주) 대표 서형수 (05203) 서울특별시 강동구 고덕비즈밸리로2가길 12 (고덕동) 사업자등록번호 114-86-82265 통신판매업 신고번호 제 2024-서울강동-1214호 문의 070-7011-3900 이메일 sales.kr@rsupport.com 팩스 02-479-4429 개인정보 처리방침 내부정보관리규정 COPYRIGHT © 2026 RSUPPORT CO., LTD. ALL RIGHTS RESERVED. 공식 SNS 채널 + Facebook youtube Blog Linkedin 알서포트 투자 실적 정보 받기 별도의 요청없이도 알서포트가 제공하는 투자와 관련된 상세 자료들을 간편하게 받아보실 수 있습니다. 팝업 닫기 투자실적 정보 받기 신청이 완료되었습니다. 입력해주신 메일 주소로 답변 드립니다. 확인 팝업 닫기","","","","서울","정규직","","","2026-02-07","2026-03-09","active","2026-04-20T03:07:44.586453","2026-04-14T12:49:17.781551","True"
"452","93","알서포트","최고의 성과를 위해","https://www.rsupport.com/ko-kr/career/role","Home 채용 역할과 책임 최고의 성과를 위해 역할과 책임을 다합니다. 역할과 책임 목록 전체 경영지원 국내영업 글로벌기술지원 글로벌마케팅 연구개발본부 전략 품질경영 경영관리 경영지원 제품기획 연구개발본부 전략기획 전략 회계 경영지원 법무총무 경영지원 자금 경영지원 인사 경영지원 정보보안 경영지원 품질관리 품질경영 1 2 3 4 다음 알서포트의 복지 정책이 궁금하신가요","","","","","","","","","","","","active","2026-04-14T12:50:32.664912","2026-04-14T12:50:32.664936","True"
"453","93","알서포트","성장에 도전하는","https://www.rsupport.com/ko-kr/career/story","Home 채용 스토리 성장에 도전하는 사람들과 함께 합니다 스토리 목록 전체 #문화 #복지 #채용 #피플 #문화 [알서포트] 2023년 상반기 우수프로젝트 시상식 작성일 2023-08-24 #피플 알터뷰 #1 알서포트 CEO, 서형수 대표님 안녕하세요 알서포트 대표이사 서형수입니다. 작성일 2023-04-27 #복지 [알서포트] 부산 워케이션 5기, 정리하며 안녕하세요 인사팀 ?진입니다! 10월 24일~11월 18일까지 약 한 달간 부산 워케이션을 다녀왔습니다 ? 부산에 내려가기 전 다 같이 만나서 약속 한 한 가지, 스포츠 및 취미활동은 개인적으로 해도 밥은 같이 먹자였습니다! 맛집 얘기도 하고 선호하는 음식을 말하다 보니 술을 뺄 수가 없더라고요...ᄏᄏᄏᄏ 그렇게 정해진 알썹부산5기의 주제는!@ [술기로운 부산 생활] ? 작성일 2022-11-25 #문화 알서포트 역량 강화 교육 L0 ~ L2 easy IT, easy LIFE ""세계로 뻗어나가는 1등 원격 기업, 알서포트"" 작성일 2022-09-14 #피플 알터뷰 #0 사내 카페 박*식 님 밝은 에너지로 알서포트에 아침을 여는 박*식 바리스타입니다. 정*희 님 커피를 사랑하고 맛있는 커피를 내려 드렸을 때 보람을 느끼는 정*희 바리스타입니다. 작성일 2022-05-31 #채용 가천대 AI 소프트웨어학부 채용박람회 📌easy IT, easy LIFE""세계로 뻗어나가는 1등 원격 기업, 알서포트"" 안녕하세요 채용담당자입니다. 오늘 #게더타운 에서 #알서포트 설명회를 진행했습니다! 학생들의 미래와 선택에 도움이 되길 바라는 마음을 담아 들어간 게더타운!게더타운 처음 접속을 가천대와 함께 하니, 정말 떨렸어요 😮 작성일 2023-04-27 #문화 더 친해지는 소통 창구 – The 친구 📌easy IT, easy LIFE""세계로 뻗어나가는 1등 원격 기업, 알서포트"" 안녕하세요 채용담당자입니다. 느슨해진 코로나를 피해 알서포트에서 모임을 진행했습니다! 😎 소통 모임을 참여하기 위한 조건이 있었는데요! 오후 4시부터 6시 사이, 편한 시간에 카페로 오기 바빠서 만나지 못했던 동료와 함께 하기새로운 동료와 인사 나누며 자유롭게 이야기해 보기 자유롭게 참여가 가능한 모임! 함께 즐겨요!😁🤭 작성일 2022-06-20","","","","","","","","","","","","active","2026-04-14T12:51:47.738628","2026-04-14T12:51:47.738652","True"
"454","93","알서포트","우리만의 방식과 도전으로","https://www.rsupport.com/ko-kr/career/culture","Home 채용 팀문화 우리만의 방식과 도전으로 남들이 가지 않는 길을 만들어 갑니다 Leadership 누구나, 언제든 리더가 될 수 있습니다. 더보기 주체적으로 일한다는 것, 스스로 동기를 부여하고 성장하는 알서포트의 일하는 방식입니다. 알서포트에서는 누구든지 리더가 되어 주도적으로 일 할 수 있습니다. 스스로 목표를 세우고 필요한 멤버들을 구성하여 프로젝트를 운영할 수 있습니다. 알서포트에는 부서와 직급이란 장벽이 없습니다. 필요하다면 누구든 팀으로 구성할 수 있고, 평가와 피드백을 주고받을 수 있습니다. 업무 중심으로 리더를 경험하는 것, 회사와 직원이 모두 성장하는 최고의 방법이라 믿습니다. 알서포트에서는 모두가 리더로 성장하고 있습니다. Challenge 성장을 위한 도전을 응원합니다. 더보기 작은 도전의 결과가 모여 혁신을 만들어 냅니다. 알서포트는 성공과 실패에 연연하지 않습니다. 도전 그 자체만으로 우리는 또 하나의 경험을 만들 수 있고, 새로운 혁신을 만들어 낼 수 있습니다. 우리의 성장이 곧 회사의 성장이라 믿습니다. ‘창의’와 ‘도전’을 지향하고, 성장할 수 있는 많은 기회를 제공합니다. 실패의 두려움으로 망설이지 않는다면, 누구든 도전하고 성장할 수 있습니다. 실패를 두려워하지 않고, 도전하는 용기를 알서포트는 항상 응원합니다. Goal 명확한 목표관리로 어디서든 성과를 만듭니다. 더보기 일을 시작하기에 앞서, 명확한 목표를 세우기 위해 먼저 고민합니다. 왜 이 일을 해야 하는지, 이 일을 통해서 우리가 달성해야 하는 목표가 무엇인지 바른 생각 안에서 고민합니다. 명확한 목표관리는 어디서든 성과를 만들어 낸다고 믿습니다. 이를 증명하기 위해 알서포트는 부산 워케이션 제도를 도입하여 장소에 구애받지 않고 일을 하고 있습니다. 명확한 목표로 성과를 내는 것, 이것이 우리 알서포트만의 일하는 방식이자 우리의 문화입니다. 알서포트의 다양한 스토리가 궁금하신가요","","","","","","","","","","","","active","2026-04-14T12:52:05.512651","2026-04-14T12:52:05.512679","True"
"455","105","두나무","두나무를 만드는 사람들의 이야기 | 두나무","https://www.dunamu.com/careers/jobs/1064","채용 함께 만드는 더 가치있는 미래 채용공고 두나무 이야기 채용공고 새로운 미래를 만드는 여정에 함께할 최고의 동료를 찾습니다 두나무를 만드는 사람들의 이야기 2024.11.22 “두나무에선 최대한의 역량을 발휘해 더 큰 성장을 할 수 있어요” - 두나무 서비스 개발자 첫 만남 제가 처음 입사했을 당시엔 블록체인이라는 산업 분야는 정말 미지의 세계였어요. 그때부터 지금까지 우리가 실제 사용하는 재화를 디지털화하고, 거래하고, 그리고 또 우리가 실생활에 이용할 수 있는 모든 것들을 블록체인화 할 수 있는 개발 업무들을 맡아 진행하면서 단순히 일을 한다는 개념을 넘어서 제 스스로가 사회에 기여할 수 있는 일을 하고 있다는 느낌을 받고 있어요. 여정 저는 개발적으로 새로운 시도를 하고 싶은 니즈가 큰 편이라 개발 기술적인 습득에 대한 욕심이 많은 개발자인데요, 두나무는 신기술을 탐구할 수 있도록 분위기를 지지해 준다고 생각해요. 물론 안정적으로 운영되어야 하는 서비스이기 때문에 새로운 무언가를 반영하기까지 확인에 또 확인을 셀 수 없이 거치긴 하지만, 그런 과정에서 제가 모르고 지나칠 수 있는 기술들에 대해 더욱 뎁스있게 배울 수 있는 시간들로 돌아오기 때문에 제 배움에 대한 니즈가 채워지는 것 같아요. 더불어서 문제점들에 대해서도 활발하게 논의할 수 있는 환경을 제공해주기 때문에 무엇보다 개발자로서 뒤쳐지지 않겠다 하는 느낌을 받으면서 일하고 있어요. 한 마디 두나무에선 수많은 기술들을 빠르게 접할 수 있어요. 신기술을 빠르게 접해서 시도해보는 것에 열려있는 편이랄까요? 다만 신뢰를 기반으로 운영되는 서비스를 만들어 가고 있기 때문에 무엇보다 ‘신뢰할 수 있는’ 기술인지에 대한 신기술 테스트와 서베이를 선행하고 이 작업에 충분한 시간을 들이고 있어요. 시간이 많이 걸리긴해도 실제 서비스에 반영하기에 앞서서 어떤 특정한 결과물을 얻을 수 있을 것 같다는 판단이 들거나, 안정화가 될 수 있을 거란 확신이 들 때까지 집요하게 확인을 하는 편이에요. 그런 의미에서 현 상황에 안주하기 보단 새로운 기술 습득에 열려있고, 또 그 기술을 접목해서 기존의 안정적인 서비스들을 더욱 더 발전시키길 원한다면 두나무에 합류하시면 좋을 것 같아요! “직원들이 서로 존중을 하고 있다는 게 많이 느껴져요” - 두나무 프로덕트 디자이너 첫 만남 이전 직장에선 콘텐츠를 담을 수 있는 서비스만 하다가 두나무에서 금융 관련된 서비스를 맡게되다 보니 살펴 볼 수 있는 데이터들이 정말 많은데요, 숫자로 관련된 데이터와 무분별하게 나와 있던 금융 관련 정보들을 업비트 앱 안에 함축적으로 유저들한테 잘 전달할 수 있는 방법을 고민하는 작업이 매력적으로 다가왔어요. 동료 동료들 간에 존중을 하고 있다는 게 많이 느껴져요. 예를 들면, 저희 팀은 매일 아침에 데일리 스크럼을 진행하는데 인원이 좀 많아요. 매일 진행되는 미팅에서 몇십 명 되는 동료들이 오늘 할 일이나 이슈를 이야기를 하면 듣는데 힘이 들 수도 있잖아요. 근데 힘든 내색 전혀 없이 다른 동료들의 이야기를 경청해주고, 누군가가 의견을 내면 그 의견에 대해서 작은 피드백이라도 주려고 노력을 하는 편이에요. 이런 걸 보면 저희 동료들은 커뮤니케이션에 특화되어 있다고 생각해요. 자질 두나무는 동료들과 함께 합을 맞추며 성장할 수 있는 곳이에요. 저희 회사 분위기상 안주하려고 하는 분들은 없다는 걸 많이 느끼거든요. 업비트 서비스만 계속 진행을 해도 만들 건 정말 많지만, 더 좋은 서비스를 제공하려고 끊임없이 노력하는 분들이 더 많아요. 다들 그렇게 같이 일하면서 ‘우리’가 일궈낸 서비스를, ‘우리의 힘’으로 이만큼 많이 성장시켰다는 사실에 자부심을 가지고 있고요. 그래서 나도 회사를 성장시킬 수 있고 그 성장에 기여할 수 있는 한 일원이라는 마음으로 일을 하시는 분들이 주변에 많은 것 같아요. 한 마디 개인적으로는 두나무의 성장가치는 무한대라고 생각해요. 금융 산업의 새로운 트렌드와 흐름을 포착해서 업비트, 증권플러스, 증권플러스 비상장을 런칭한 과정에서 실력있는 동료들의 합이 가장 큰 역할을 했다고 생각하고요. 그런 의미에서 여러 분야의 동료들과 시너지를 내며 일할 수 있는 분들이 오신다면 좋을 것 같아요! “직원들 자발적으로 생긴 오너십으로 업무를 진행한다는 느낌을 받아요” - 두나무 서비스 기획자 첫 만남 저는 입사 전에 당시 두나무가 만든 카카오 증권(현 증권플러스)라는 서비스 통해서 투자와 주식을 즐겨했었어요. 당시 가장 많이 사용하던 서비스였는데 그 서비스를 만드는 회사에 제가 입사하게 될 줄은 상상도 못했어요. 기존 증권사에서 제공하는 서비스를 사용하려면 포털 사이트 같은 곳에서 OO증권 사용법, OO증권 계좌 개설 방법 등을 공부해야 시작할 수 있었기 때문에 어렵게 느껴졌거든요. 그런데 두나무가 제공하는 서비스는 일반 금융사의 서비스와는 다른 편의성이 있었어요. 여정 업비트 런칭 후 초기에는 어제와 오늘이 굉장히 많이 다른 수준이었어요. 어제의 지표 대비해서 2배, 3배 정도까지 오늘의 지표가 올라가는 걸 직접 제 눈으로 확인했거든요. 이렇게 폭발적으로 성장하는 서비스가 있을까 하는 생각을 저 뿐만 아니라 제 동료들도 갖고 있었고요. 숫자적인 지표 뿐만 아니라 퇴근길에 지하철을 타서 주변을 한번 돌아보면 가상자산을 보는 분들이 한 두 분은 꼭 계셨는데, 그때마다 보이는 서비스가 거의 업비트였어요. 그때 자부심을 많이 느꼈죠. 우리 팀이 하고 있는 서비스가 정말 많은 유저들이 사용하는 서비스가 됐구나 생각도 들어서 책임감이 더 많이 생겼던 것 같아요. 자질 저는 위닝 멘탈리티라고 생각해요. 주변 동료들이 갖고 있는 잘 진행된 프로젝트 경험을 토대로 내가 앞으로 할 것들도 다 잘될 거야 하는 기저의 강한 믿음이나 자신감이 있어서 그 이후에 두나무에서 했던 프로젝트들이 대부분 성공적인 결과로 이어졌던 것 같아요. 동료 저도 그렇고 제 주변 동료들도 그렇고 자발적인 오너십을 갖고 일하고 있어요. 단순히 조직에서 오너십이 중요하기 때문에 ‘우리 동료들이 다 오너십 갖고 일했으면 좋겠어’라고 계속해서 푸시를 넣어주는 강요성을 띠는 오너십이 아니라, 동료들이 자발적으로 안에서 생겨나는 오너십으로 업무를 진행한다는 느낌을 많이 받아요. 이런 오너십을 왜 많은 동료들이 갖고 있을까를 생각해 보면, 내가 맡고 있는 서비스를 어떤 식으로 기여를 해서 어떤 좋은 결과로 이어지게 할 지 고민한 부분이 직접적으로 결과에 반영되다 보니, 결과물을 보게 되면 성취감으로 돌아오더라고요. 이러면서 자연스럽게 자발적인 오너십을 가지게 되는 것 같아요. 좋은 아웃풋이 나온 경험을 통해서 다음번에 더 잘하고 싶다라는 생각으로 이어지고, 긍정적인 다짐이 좋은 성과로 이어져서 다시 또 오너십이 생기게 되는 좋은 선순환 과정이 계속 일어나더라고요. 한 마디 블록체인과 크립토라는 분야에 관심이 많은 분들은 학습 욕구가 되게 뛰어나신 분들이라고 생각하는데요. 오너십을 충분히 가지고 일을 즐겨하는 분이나, 일을 함으로써 심리적인 만족감을 많이 얻는 분들이 오신다면 큰 성취감을 느끼실 거라 생각해요. 그동안 정말 빠르게 성장해 왔는데 앞으로 더 빠르게 성장할 거라는 확신이 있거든요. 제가 느꼈던 성장들을 많은 분들도 다 함께 나누었으면 좋겠어요. 본 글은 두나무 직원들의 인터뷰 내용을 토대로 작성되었습니다. 채용공고 보기","","","","","","","","","","","","active","2026-04-14T12:52:19.812475","2026-04-14T12:52:19.812502","True"
"456","122","당근마켓","Business Development Manager | 로컬 잡스","https://about.daangn.com/jobs/5913421003","Business Development Manager | 로컬 잡스 당근 정규직 경력 영입정보","","","","","","","정규직","","","","","active","2026-04-14T12:52:26.952770","2026-04-14T12:52:26.952799","True"
"457","105","두나무","사회공헌 교육사업 기획/운영 담당자 | 두나무","https://careers.dunamu.com/detail/556","사회공헌 교육사업 기획/운영 담당자 조직소개 우리 조직은 전 세대를 위한 디지털 금융·자산 교육을 통해 누구나 미래 금융을 이해하고 준비할 수 있도록 돕는 사업을 기획 운영합니다. 우리 조직에서는 다음과 같은 경험을 할 수 있습니다. 전 세대를 아우르는 디지털 자산 교육 프로그램을 직접 기획·확산하며, 금융 교육의 새로운 표준을 만들어갈 수 있습니다. 참여형·확장형 교육을 주도하며 업계와 서비스에 대한 긍정적 인식을 직접 만들어갈 수 있습니다. 외부 교육 현장부터 내부 임직원 교육까지 폭넓은 스펙트럼의 프로젝트를 경험하며, 디지털 금융·자산 교육 분야의 전문성을 빠르게 성장시킬 수 있습니다. 주요업무 업클래스 전 세대 교육사업 기획 및 운영 (주니어 / 청년 / 시니어 / 법인 / 이벤트 / 앱 기반 교육 프로그램) 사회공헌 목적의 금융·자산 교육 프로그램 기획 및 실행 교육 커리큘럼 및 콘텐츠 교육 성과 분석 및 개선 전략 수립 외부 파트너(강사, 기관, 기업 등) 협업 및 프로젝트 관리 '찾아가는 업클래스' 진행 시, 디지털 금융·디지털 자산 관련 직접 강의 자격요건 6~12년의 유관 경력이 있으신 분 교육사업(기획/운영) 또는 유관 사업 분야 경험이 있으신 분 사회공헌 목적의 교육 프로그램 기획·운영 경험이 있으신 분 디지털 금융, 자산, 또는 디지털 자산에 대한 이해가 깊으신 분 프로젝트 리딩 및 다수 이해관계자 협업 경험이 있으신 분 문서 작성 및 커뮤니케이션 역량이 뛰어나신 분 우대사항 본인이 강사가 되어 직접 강의/세미나/워크숍을 진행해본 경험이 있으신 분 공공기관, 학교, 기업 대상 교육 프로젝트 경험이 있으신 분 앱 기반 교육 서비스 기획 또는 운영 경험이 있으신 분 금융·디지털 자산 투자 및 스터디 경험이 있으신 분 지원서 작성 방법 이력서, 경력기술서, 포트폴리오는 필수로 제출하셔야 하며 양식은 자유입니다. 포트폴리오에는 본인이 기획하거나 수행한 주요 프로젝트를 중심으로 구체적으로 작성해주시기 바랍니다. (필수 포함 항목 : 프로젝트 목적, 규모, 본인의 역할, 기여도) 유의사항 재직 이력은 빠짐없이 정확하게 작성해 주시고, 휴직 이력이 있다면 기간과 사유를 구체적으로 기재해 주세요. 채용 과정에서 전/현직 직장의 영업 비밀이 침해되지 않도록 유의해 주세요. 주민번호, 현재 연봉, 희망 연봉 등 민감한 정보는 삭제하거나 마스킹 후 제출해 주세요. 공통 지원자격 해외 여행에 결격 사유가 없으신 분 [채용절차] 서류전형 → 1차면접 → 2차면접 → 처우협의 → 최종합격 전형은 상황 및 일정에 따라 변경될 수 있습니다. 지원서 내용 중 허위사실이 있는 경우에는 지원이 취소될 수 있습니다. 국가 유공자 및 장애인 등 취업 보호 대상자는 관계 법령에 따라 우대합니다. 최종 전형 전, 인성검사를 진행합니다. 본 포지션에 합격하시는 경우, 3개월의 수습 기간을 적용합니다. [채용정보] 채용인원 : 0명 고용형태 : 정규직 채용유형 : 경력직 근무지역 : 서울특별시 서초구 강남대로 369, DF Tower 공고기간 : 상시채용 (채용 완료 시 조기에 마감될 수 있습니다.) [두나무 소개] 두나무가 이직하기 좋은 기업인 이유 채용공고 목록 직군 Communication 경력사항 경력 고용형태 정규직 마감일자 상시채용 근무지역 보기 지원하기 지원서 이어서 작성하기 TOP 두나무 주식회사 대표 오경석 서울시 서초구 강남대로 369 사업자등록번호 119-86-54968 채용 문의 jobs@dunamu.com","6~12년의 유관 경력이 있으신 분 교육사업(기획/운영) 또는 유관 사업 분야 경험이 있으신 분 사회공헌 목적의 교육 프로그램 기획·운영 경험이 있으신 분 디지털 금융, 자산, 또는 디지털 자산에 대한 이해가 깊으신 분 프로젝트 리딩 및 다수 이해관계자 협업 경험이 있으신 분 문서 작성 및 커뮤니케이션 역량이 뛰어나신 분 우대사항 본인이 강사가 되어 직접 강의/세미나/워크숍을 진행해본 경험이 있으신 분 공공기관, 학교, 기업 대상 교육 프로젝트 경험이 있으신 분 앱 기반 교육 서비스 기획 또는 운영 경험이 있으신 분 금융·디지털 자산 투자 및 스터디 경험이 있으신 분 지원서 작성 방법 이력서, 경력기술서, 포트폴리오는 필수로 제출하셔야 하며 양식은 자유입니다. 포트폴리오에는 본인이 기획하거나 수행한 주요 프로젝트를 중심으로 구체적으로 작성해주시기 바랍니다. (필수 포함 항목 : 프로젝트 목적, 규모, 본인의 역할, 기여도) 유의사항 재직 이력은 빠짐없이 정확하게 작성해 주시고, 휴직 이력이 있다면 기간과 사유를 구체적으로 기재해 주세요. 채용 과정에서 전/현직 직장의 영업 비밀이 침해되지 않도록 유의해 주세요. 주민번호, 현재 연봉, 희망 연봉 등 민감한 정보는 삭제하거나 마스킹 후 제출해 주세요. 공통 지원자격 해외 여행에 결격 사유가 없으신 분 [채용절차] 서류전형 → 1차면접 → 2차면접 → 처우협의 → 최종합격 전형은 상황 및 일정에 따라 변경될 수 있습니다. 지원서 내용 중 허위사실이 있는 경우에는 지원이 취소될 수 있습니다. 국가 유공자 및 장애인 등 취업 보호 대상자는 관계 법령에 따라 우대합니다. 최종 전형 전, 인성검사를 진행합니다. 본 포지션에 합격하시는 경우, 3개월의 수습 기간을 적용합니다. [채용정보] 채용인원 : 0명 고용형태 : 정규직 채용유형 : 경력직 근무지역 : 서울특별시 서초구 강남대로 369, DF Tower 공고기간 : 상시채용 (채용 완료 시 조기에 마감될 수 있습니다.) [두나무 소개] 두나무가 이직하기 좋은 기업인 이유","본인이 강사가 되어 직접 강의/세미나/워크숍을 진행해본 경험이 있으신 분 공공기관, 학교, 기업 대상 교육 프로젝트 경험이 있으신 분 앱 기반 교육 서비스 기획 또는 운영 경험이 있으신 분 금융·디지털 자산 투자 및 스터디 경험이 있으신 분 지원서 작성 방법 이력서, 경력기술서, 포트폴리오는 필수로 제출하셔야 하며 양식은 자유입니다. 포트폴리오에는 본인이 기획하거나 수행한 주요 프로젝트를 중심으로 구체적으로 작성해주시기 바랍니다. (필수 포함 항목 : 프로젝트 목적, 규모, 본인의 역할, 기여도) 유의사항 재직 이력은 빠짐없이 정확하게 작성해 주시고, 휴직 이력이 있다면 기간과 사유를 구체적으로 기재해 주세요. 채용 과정에서 전/현직 직장의 영업 비밀이 침해되지 않도록 유의해 주세요. 주민번호, 현재 연봉, 희망 연봉 등 민감한 정보는 삭제하거나 마스킹 후 제출해 주세요. 공통 지원자격 해외 여행에 결격 사유가 없으신 분 [채용절차] 서류전형 → 1차면접 → 2차면접 → 처우협의 → 최종합격 전형은 상황 및 일정에 따라 변경될 수 있습니다. 지원서 내용 중 허위사실이 있는 경우에는 지원이 취소될 수 있습니다. 국가 유공자 및 장애인 등 취업 보호 대상자는 관계 법령에 따라 우대합니다. 최종 전형 전, 인성검사를 진행합니다. 본 포지션에 합격하시는 경우, 3개월의 수습 기간을 적용합니다. [채용정보] 채용인원 : 0명 고용형태 : 정규직 채용유형 : 경력직 근무지역 : 서울특별시 서초구 강남대로 369, DF Tower 공고기간 : 상시채용 (채용 완료 시 조기에 마감될 수 있습니다.) [두나무 소개] 두나무가 이직하기 좋은 기업인 이유","","","","","","","","","","active","2026-04-14T12:54:25.237848","2026-04-14T12:54:25.237873","True"
"458","147","인크루트","한국부동산원 기업정보","https://www.incruit.com/company/33133531/job","한국부동산원 은 1969년에 설립된 부동산 관련 서비스업 사업을 하는 공기업, 공공기관 입니다. 자본금 90억원 최근 매출액 1990억0000만원의 사원수 1189명 규모로 대구광역시 동구 이노밸리로 291에 위치하고 있습니다. 22 회 최근 2년간 정규직6회/비정규직16회의 채용정보, 부동산사무, 감정평가사, 부동산 직종 등의 채용 History 가 있습니다. 신입/경력 채용현황 고용형태 주요 모집 직종 부동산사무 10 감정평가사 8 부동산 8 일반사무 7 통계·SAS 7 최근재직자 현황 총 인원 1,197명 정보제공 : 공공데이터포털 아이디 로그인 을 하면 담당자의 정확한 회신이 가능합니다. 제목 연봉정보 수정 요청드립니다. 초임연봉정보 수정요청시 시간 소요되며 , 경우에 따라 업데이트 불가한 경우도 있으니 참고 부탁드립니다. 본 자료는 인크루트 자체 수집 데이터와 공공기관에서 공개한 자료, 언론 보도자료, 기업 자체 제공 자료 등을 토대로 추정, 작성되었습니다. 자료 출처 및 성과급, 계약직 근로자 급여 등의 포함 여부는 기업마다 다를 수 있습니다. 실제 초임 연봉과 차이가 있을 수 있으므로 해당 정보는 단순 참고 용으로 활용하시기를 권장해 드립니다. 보내기 취소","","","","인센티브","","","계약직","","","","","active","2026-04-14T12:54:42.367388","2026-04-14T12:54:42.367418","True"
"459","129","티맵모빌리티","04.  인터뷰 참석하기!","https://www.tmapmobility.com/people/culture/detail/103#job-754bfe3c-10","티맵모빌리티의 인터뷰는 일반적으로 2회에 걸쳐 진행됩니다. 인터뷰는 회사가 지원자를 일방적으로 평가하는 시간이 아닌, 지원자와 회사가 함께 성장할 수 있는 좋은 관계가 될 수 있을지에 대해 서로 충분히 알아가기 위한 자리입니다. 지원자분도 본인이 티맵모빌리티 문화와 잘 맞을지, 합류하고 싶은지 등을 인터뷰를 통해 판단해 주세요. <1차 인터뷰> 1차 인터뷰는 제출해 주신 이력서를 바탕으로 지원하신 직무 적합성을 알아보는 자리입니다. 팀 리더 및 업무 연관성이 높은 팀원 2-3명과 다대일로 1시간가량 깊이 있는 이야기를 나눠요. 지금까지 쌓아온 경험과 역량을 구체적으로 이야기해 주시고, 티맵모빌리티에 대한 궁금한 점들도 많이 물어봐 주세요! <2차 인터뷰 (인성검사 포함)> 2차 인터뷰는 지원하신 포지션의 경영진과 1시간가량 심도 있게 대화하는 방식으로 진행됩니다. 티맵모빌리티가 일하는 방식인 '티모비 Way&Action'과 지원자분이 잘 맞을지, 서로가 추구하는 가치관과 문화가 같은지에 대한 이야기를 나눠요. 1차 인터뷰에서 확인 못했던 직무적인 질문들도 추가로 진행될 수 있습니다. 2차 인터뷰 당일 인성검사도 같이 진행될 예정이에요. 온라인으로 45분-1시간가량 소요되며, 인터뷰 당일 오전 9시~오후 10시 사이 편하신 시간과 장소에서 응시해 주시면 됩니다. 관련된 자세한 내용은 유선으로 2차 인터뷰 일정 조율하면서 함께 안내 드릴게요. <티맵모빌리티가 일하는 방식 : TMOBI WAY> 1. 고객중심 : 고객의 눈높이에서 고객이 정말 필요로 하는 것이 무엇인지 찾아내는 것을 최우선으로 합니다. 이를 통해 고객 WOW 포인트를 만듭니다. 2. 프로답게 : 내 분야 업무의 전문가 답게 일합니다. 환경을 뛰어 넘는 적극적인 자세로 문제를 찾고 해결하기 위해 노력합니다. 3. 열린소통 : 서로 존중하며 개방적으로 소통합니다. 또한 적시에 정확하게 소통하며 공감대를 만들어 갑니다. 4. 한계없이 : 작게 실행하고 빠르게 실패하기를 반복하여 맞는 답을 지속적으로 찾아갑니다. 한계 없이 고민하고 Out-of-box-thinking을 통해 솔루션을 만들어 갑니다. 5. 함께성장 : 신뢰와 존중 안에서 적극적인 피드백을 통해 함께 성장해 나갑니다. 서로가 서로의 영감이 되어 함께 시너지를 만들어 갑니다. 인터뷰 진행 시 아래 사항을 꼭 참고해 주세요! - 인터뷰는 포지션에 따라서 화상 또는 대면으로 진행됩니다. 화상면접은 Microsoft Teams를 사용하고 있으며, 대면면접은 티맵모빌리티 본사에서 진행하고 있어요. 자세한 진행 방식은 채용 담당자가 사전에 전화로 안내 드릴게요. - 화상면접으로 진행할 경우, 네트워크 연결 상태를 미리 점검해 주세요. 연결이 불안정한 상태에서는 원활한 커뮤니케이션이 어려울 수 있습니다. - 지원자님의 생각과 의견을 솔직하고, 자신감 있게 말씀해 주세요. 인터뷰는 정해진 답을 찾는 과정이 아니기에, 지원자님께서 갖고 있는 경험과 생각을 그대로 보여주세요. - 빠른 채용 프로세스를 위해 처우 자료를 사전에 요청드리고 있습니다. 처우 자료를 2차 면접 이틀 전까지 이메일로 회신 부탁드립니다.","","","","","","","","","","","","active","2026-04-14T12:55:05.545356","2026-04-14T12:55:05.545386","True"
"460","171","루닛","Join the Minds Turning AI into a Force Against Cancer","https://www.lunit.io/en/careers","s If you don’t see a position that fits your interests—or you’re not ready to apply just yet—you can join our Talent Pool. ( Lunit / Lunit International ). Senior Software Engineer (NZ) Engineering Hybrid, Wellington Central Apply Now View all roles If you don’t see a position that fits your interests—or you’re not ready to apply just yet—you can join our Talent Pool. ( Lunit / Lunit International ). Lunitian Interview Meet Our Team “At Lunit, I feel free to be myself. When I express my individuality, my colleagues genuinely acknowledge and respect it. Surrounded by people who create such a warm atmosphere, I’m grateful that we can debate ideas—and technology—openly and passionately.” Kani Platform Team “I’ve worked in many organizations and Lunit International is by far the best in terms of challenging work, cutting edge technology, and awesome people with lots of diversity.” Livi A. Head of Software Quality Assurance, NZ “After joining Lunit, I truly understood what it means to feel motivated. Before, I rarely had the chance to try new things and felt limited in my own growth. Here, I’ve found the excitement of learning, challenging myself, and seeing how far I can go.” Kyung-sik Jo Lunit Japan ""I have a science background, so the science behind the company, and the mission to save families from breast cancer drew me in."" Penny W. Software Engineer, NZ Cancer Screening Cancer Screening AI Radiology Platform Lunit INSIGHT MMG (2D) Lunit INSIGHT DBT (3D) Scorecard Risk Pathways Analytics Live Patient Hub Lunit INSIGHT CXR Precision Oncology Precision Oncology AI Precision Oncology Platform Overview Lunit SCOPE IO Lunit SCOPE IHC Suite Lunit SCOPE GP Partners Partners Radiology Biopharma Our Company Our Company About Us Our Technology Our Team Media Hub Sustainability Governance Knowledge Hub Knowledge Hub Resources Publications Investors Investors Overview Financials Other Links Other Links Patients Careers Corporate Blog Cancer Screening Precision Oncology Terms of Use Information Security and Medical Device Registration Bug Bounty Program Cookie Policy Privacy Policy Trust Center Ethics Hotline © 2026 Lunit Inc.","","","","재택근무","","","인턴","","","","","active","2026-04-14T12:55:48.770269","2026-04-14T12:55:48.770541","True"
"461","93","알서포트","알서포트는 여러분의 도전을","https://www.rsupport.com/ko-kr/career/recruit/sales","콘텐츠 바로가기 메뉴 바로가기 하단정보 바로가기 Rsupport 제품 리모트뷰 리모트뷰BOX 리모트콜 리모트VS 리모트미팅 Airepoto 콜라박스 리모트WOL 투자 투자 요약 기업지배구조 재무정보 실적발표 감사보고서 투자 공고 투자 질의응답 투자 뉴스 뉴스 언론 보도 홍보 영상 블로그 지원 공지사항 자주 묻는 질문 다운로드 Contact Us CI&BI 회사 회사 소개 회사 연혁 수상 및 인증 사회 공헌 기술 소개 파트너 사옥 온라인 제보 채용 채용 요약 팀 문화 스토리 역할과 책임 채용공고 인재풀 모바일 메뉴 kr en jp cn 모바일 메뉴 Home 채용 채용공고 알서포트는 여러분의 도전을 서포트합니다 제품 기술영업 [on-Premise] (3년 이상) 지원 마감 디데이 D-22 지원 가능일 2026-03-09 ~ 2026-05-11 직군 영업 경력사항 경력 고용형태 정규직 근무지 서울 본사 포지션 제품 기술영업(on-Premise) 업무내용 기업/금융 및 공공기관 대상 S/W(on-Premise), H/W(영상장비, 회의부스 등) 기술영업 신규 거래처 발굴 및 기존 거래처 관리 ※ 자사 제품 PT 5분 이내 준비 및 발표 필수 자격요건 및 우대사항 [ 자격요건 ] 프레젠테이션 및 보고 문서 작성 능력을 보유하신 분 고객사 요구 조건에 맞춘 S/W 솔루션(On-Premise) 납품 영업을 경험해 보신 분 화상회의 장비, 영상장비 기술영업을 경험해 보신 분 관계자 간 원활한 커뮤니케이션 능력을 보유하신 분 성실하고 적극적인 성격을 보유하신 분 [ 우대사항 ] IT 관련 지식을 보유하시고 관심이 많으신 분 컴퓨터 및 정보통신 등 IT 계열 학과를 전공하신 분 영어 혹은 일본어로 업무가 가능하신 분 각종 제조분야 관련 S/W(ERP, SCM, MES, PLM 등)영업경력을 해보신 분 기타사항 국가보훈해당자 및 장애인은 관련 법률에 의거 우대합니다. (증빙서류 제출자에 한함) 제출서류에 허위기재 또는 기재 착오, 구비서류 미제출 등으로 인한 불이익은 응시자 본인의 책임으로 합니다. 제출서류나 각종 증명서의 기재내용이 허위일 경우, 응시를 무효처리하며 합격을 취소합니다. 기타 문의사항은 채용관련 문의를 이용해 주시기 바라며, 제출된 서류는 개인정보 보호법에따라 관리됩니다. 목록 직군 영업 경력사항 경력 고용형태 정규직 근무지 서울 본사 지원하기 IR 투자 정보 받기 top RemoteCall RemoteView Ai:repoto COLABOX RemoteMeeting RemoteCall RemoteView Ai:repoto COLABOX RemoteMeeting 알서포트(주) 대표 서형수 (05203) 서울특별시 강동구 고덕비즈밸리로2가길 12 (고덕동) 사업자등록번호 114-86-82265 통신판매업 신고번호 제 2024-서울강동-1214호 문의 070-7011-3900 이메일 sales.kr@rsupport.com 팩스 02-479-4429 개인정보 처리방침 내부정보관리규정","및 우대사항 [ 자격요건 ] 프레젠테이션 및 보고 문서 작성 능력을 보유하신 분 고객사 요구 조건에 맞춘 S/W 솔루션(On-Premise) 납품 영업을 경험해 보신 분 화상회의 장비, 영상장비 기술영업을 경험해 보신 분 관계자 간 원활한 커뮤니케이션 능력을 보유하신 분 성실하고 적극적인 성격을 보유하신 분 [ 우대사항 ] IT 관련 지식을 보유하시고 관심이 많으신 분 컴퓨터 및 정보통신 등 IT 계열 학과를 전공하신 분 영어 혹은 일본어로 업무가 가능하신 분 각종 제조분야 관련 S/W(ERP, SCM, MES, PLM 등)영업경력을 해보신 분 기타사항 국가보훈해당자 및 장애인은 관련 법률에 의거 우대합니다. (증빙서류 제출자에 한함) 제출서류에 허위기재 또는 기재 착오, 구비서류 미제출 등으로 인한 불이익은 응시자 본인의 책임으로 합니다. 제출서류나 각종 증명서의 기재내용이 허위일 경우, 응시를 무효처리하며 합격을 취소합니다. 기타 문의사항은 채용관련 문의를 이용해 주시기 바라며, 제출된 서류는 개인정보 보호법에따라 관리됩니다. 목록 직군 영업 경력사항 경력 고용형태 정규직 근무지 서울 본사 지원하기 IR 투자 정보 받기 top RemoteCall RemoteView Ai:repoto COLABOX RemoteMeeting RemoteCall RemoteView Ai:repoto COLABOX RemoteMeeting 알서포트(주) 대표 서형수 (05203) 서울특별시 강동구 고덕비즈밸리로2가길 12 (고덕동) 사업자등록번호 114-86-82265 통신판매업 신고번호 제 2024-서울강동-1214호 문의 070-7011-3900 이메일 sales.kr@rsupport.com 팩스 02-479-4429 개인정보 처리방침 내부정보관리규정 COPYRIGHT © 2026 RSUPPORT CO., LTD. ALL RIGHTS RESERVED. 공식 SNS 채널 + Facebook youtube Blog Linkedin 알서포트 투자 실적 정보 받기 별도의 요청없이도 알서포트가 제공하는 투자와 관련된 상세 자료들을 간편하게 받아보실 수 있습니다. 팝업 닫기 투자실적 정보 받기 신청이 완료되었습니다. 입력해주신 메일 주소로 답변 드립니다. 확인 팝업 닫기","[ 자격요건 ] 프레젠테이션 및 보고 문서 작성 능력을 보유하신 분 고객사 요구 조건에 맞춘 S/W 솔루션(On-Premise) 납품 영업을 경험해 보신 분 화상회의 장비, 영상장비 기술영업을 경험해 보신 분 관계자 간 원활한 커뮤니케이션 능력을 보유하신 분 성실하고 적극적인 성격을 보유하신 분 [ 우대사항 ] IT 관련 지식을 보유하시고 관심이 많으신 분 컴퓨터 및 정보통신 등 IT 계열 학과를 전공하신 분 영어 혹은 일본어로 업무가 가능하신 분 각종 제조분야 관련 S/W(ERP, SCM, MES, PLM 등)영업경력을 해보신 분 기타사항 국가보훈해당자 및 장애인은 관련 법률에 의거 우대합니다. (증빙서류 제출자에 한함) 제출서류에 허위기재 또는 기재 착오, 구비서류 미제출 등으로 인한 불이익은 응시자 본인의 책임으로 합니다. 제출서류나 각종 증명서의 기재내용이 허위일 경우, 응시를 무효처리하며 합격을 취소합니다. 기타 문의사항은 채용관련 문의를 이용해 주시기 바라며, 제출된 서류는 개인정보 보호법에따라 관리됩니다. 목록 직군 영업 경력사항 경력 고용형태 정규직 근무지 서울 본사 지원하기 IR 투자 정보 받기 top RemoteCall RemoteView Ai:repoto COLABOX RemoteMeeting RemoteCall RemoteView Ai:repoto COLABOX RemoteMeeting 알서포트(주) 대표 서형수 (05203) 서울특별시 강동구 고덕비즈밸리로2가길 12 (고덕동) 사업자등록번호 114-86-82265 통신판매업 신고번호 제 2024-서울강동-1214호 문의 070-7011-3900 이메일 sales.kr@rsupport.com 팩스 02-479-4429 개인정보 처리방침 내부정보관리규정 COPYRIGHT © 2026 RSUPPORT CO., LTD. ALL RIGHTS RESERVED. 공식 SNS 채널 + Facebook youtube Blog Linkedin 알서포트 투자 실적 정보 받기 별도의 요청없이도 알서포트가 제공하는 투자와 관련된 상세 자료들을 간편하게 받아보실 수 있습니다. 팝업 닫기 투자실적 정보 받기 신청이 완료되었습니다. 입력해주신 메일 주소로 답변 드립니다. 확인 팝업 닫기","","","","서울","정규직","","","2026-02-07","2026-03-09","active","2026-04-20T03:07:32.929146","2026-04-20T03:07:32.929160","True"
"462","122","당근마켓","UX Researcher (인턴) | 로컬 비즈니스","https://about.daangn.com/jobs/6617687003","UX Researcher (인턴) | 로컬 비즈니스 당근 인턴 신입 영입정보 지원하기 Local Business를 소개해요 Local Business는 동네 이웃과 동네 업체의 활발한 연결을 만들어내는 일을 하고 있어요. 당근 사용자들이 동네 가게의 다양한 정보와 소식을 쉽고 즐겁게 발견할 수 있도록 경험을 만들고, 사장님들에게는 단골 고객과 장기적으로 소통하며 관계를 쌓을 수 있는 도구를 제공해요. 나아가 동네 안에서 가게와 이웃이 신뢰와 가치를 주고받는 지속 가능한 로컬 상권 생태계를 만들어가고 있어요. Local Business UX Researcher 직무는 사장님과 유저가 모두 만족할 수 있는 경험을 만들기 위해 로컬비즈니스의 다양한 서비스의 유용성과 사용성 검증을 주도해요. 또한 사장님과 유저의 동네 업체 이용 과정에서 겪는 다양한 맥락을 이해하고 문제를 발견하여 제품 전략을 제안해요. 제품 팀과 밀접하게 협업하며 문제를 발견하고 제품 개선의 실행을 주도해요. 이런 일을 해요 인터뷰 일정 조율, 시작 전 안내, 사례비 지급, 기타 문의 사항 안내 등 사용자 인터뷰 운영을 전담해요 당근 사용자를 대상으로 로컬 비즈니스 대면/비대면 인터뷰에 참여할 분을 모집해요 인터뷰 일정 조율 및 인터뷰 중 발생하는 다양한 상황을 직접 대처하며 주도적으로 문제를 해결해요 사용자 인터뷰에 참여하는 고객 경험에 전반에 대해 책임감을 갖고 참여자와 진행자 사이의 정확하고 빠른 커뮤니케이션을 담당해요 로컬 비즈니스의 모든 팀이 사용자 중심 서비스를 만들 수 있도록 리서치 환경과 문화를 개선하고 최적화해요 사용자 인터뷰 운영 방식을 개선하거나 필요한 정책, 가이드를 만들어요 UX 리서치 인사이트 도출에 필요한 데스크 리서치, 인터뷰 녹취 및 노트테이킹을 수행해요 UX 리서치 프로젝트 전반에 참여하며 사용자의 목소리를 팀에 전달해요 이런 분과 함께하고 싶어요 유선, 대면으로 고객을 응대하는 아르바이트, 인턴 경험이 있는 분 다양한 이해관계자들과 원활하게 소통하며 일을 추진할 수 있는 분 빠른 습득 능력을 갖추신 분 주도적으로 업무를 진행하고 논리적인 커뮤니케이션 능력을 갖춘 분 몰입도 있게 일하는 것을 좋아하는 분 이런 분이면 더 좋아요! 모바일 서비스와 UX 리서치에 관심이 많은 분 기본적인 SQL 역량을 갖추신 분 참고해 주세요 본 포지션은 3개월 근무 후 평가에 따라 3개월 연장 여부를 결정하는 체험형 인턴 포지션이에요 ‘장애인고용촉진 및 직업재활법’, ‘국가유공자 등 예우 및 지원에 관한 법률’에 따라 장애인 및 보훈대상자는 채용 전형 시 우대하고 있어요 서류 접수는 4월 21일 화요일 오후 11시 59분 마감 예정이며, 상황에 따라 조기 마감 혹은 연장될 수 있어요 최종 합격 시 5월 11일 입사 예정이며, 입사일은 변경될 수 있어요 서류 제출 단계에 사전 질문이 있으니 작성 후 제출해 주세요 이렇게 합류해요 1. 서류 전형 (사전 질문) → 2. 직무 인터뷰 → 3. 최종 합격 👉 당근 합류 여정 가이드 바로 가기 (🔗) 지원하기 자주묻는질문 목록으로 돌아가기","","하고 있어요 서류 접수는 4월 21일 화요일 오후 11시 59분 마감 예정이며, 상황에 따라 조기 마감 혹은 연장될 수 있어요 최종 합격 시 5월 11일 입사 예정이며, 입사일은 변경될 수 있어요 서류 제출 단계에 사전 질문이 있으니 작성 후 제출해 주세요 이렇게 합류해요 1. 서류 전형 (사전 질문) → 2. 직무 인터뷰 → 3. 최종 합격 👉 당근 합류 여정 가이드 바로 가기 (🔗) 지원하기 자주묻는질문 목록으로 돌아가기","","","","","인턴","","","","","active","2026-04-20T03:08:42.785860","2026-04-20T03:08:42.785881","True"
"463","122","당근마켓","Software Engineer, Frontend (인턴) | 로컬 비즈니스 (S&D)","https://about.daangn.com/jobs/7702533003","Software Engineer, Frontend (인턴) | 로컬 비즈니스 (S&D) 당근 인턴 경력/신입 영입정보 지원하기 S&D팀을 소개해요 당근의 로컬 비즈니스에서는 동네의 사장님들과 이웃들을 연결해주는 여러 서비스를 만들고 있어요. 그 중 Local Business S&D(Search & Discovery) 팀은 당근 사용자들이 동네의 다양한 가게와 서비스를 더 쉽게 발견하고, 자연스럽게 이용까지 이어지도록 만드는 팀이에요. 당근에는 중고거래뿐 아니라 동네 가게의 후기, 픽업, QR오더, 전문가 서비스, 로컬딜 등 다양한 로컬 비즈니스 서비스가 함께 존재해요. 하지만 이런 서비스들이 사용자에게 필요한 순간에 자연스럽게 전달되기가 쉽지 않아요. S&D 팀은 이 간극을 줄이고, 사용자의 탐색 흐름 속에서 자연스럽게 로컬 비즈니스를 발견할 수 있는 접점을 설계해요. 지도, 검색, 추천, 콘텐츠 노출 등 다양한 인터페이스를 통해 사용자가 지금 있는 동네에서 “지금 필요한 가게와 정보”를 바로 만날 수 있도록 만드는 것이 우리의 역할이에요. 단순히 정보를 보여주는 것을 넘어서, 탐색 → 발견 → 관심 → 방문/이용으로 이어지는 전체 흐름을 설계하며 동네 사장님과 이웃을 연결하는 경험을 만들어가고 있어요. S&D팀에 합류하면 이런 경험을 할 수 있어요 실제 사용자들이 사용하는 동네지도(Local Map)의 경험을 직접 개선하며, 제품이 사용자 행동을 바꾸는 과정을 경험해요 아직 정답이 정해지지 않은 공통 지면 서비스에서 PMF(Product Market Fit)를 함께 찾아가며, 제품 개발과 플랫폼 개발을 모두 경험할 수 있어요 가설을 세우고 → 실험하고 → 데이터를 통해 검증하며, 제품이 어떻게 성장하는지를 직접 만들어가요 반복적인 작업에 머무르지 않고, 자동화와 안정성 개선을 통해 팀의 생산성을 높이는 일에도 기여할 수 있어요 WebView 기반 지도 서비스에서의 성능, 렌더링, 구조 설계 등 일반적인 웹 개발보다 더 복잡한 문제를 다루며 기술적으로 빠르게 성장할 수 있어요 AI 도구를 활용해 더 빠르고 효율적으로 문제를 해결하는 방법을 팀과 함께 고민하고 실험해요 이런 일을 해요 자체 개발된 지도를 기반으로 동네지도(Local Map) 서비스를 설계하고 개발해요 검색, 추천, 지도 탐색이 자연스럽게 이어지는 사용자 플로우를 설계하고 지속적으로 개선해요 다양한 로컬 비즈니스 콘텐츠(후기, 로컬딜, 픽업, 전문가 등)를 효과적으로 표현하고 인터랙션을 구현해요 다양한 실험(A/B 테스트)을 통해 어떤 노출과 인터랙션이 실제 탐색과 행동으로 이어지는지 검증하고 개선해요 지도와 UI 간의 상태 동기화, 데이터 흐름, 렌더링 구조를 설계해 복잡도를 낮추고 확장 가능한 구조를 만들어요 모바일 웹뷰 환경에서의 렌더링 성능, 초기 로딩 속도, 인터랙션 등을 개선하며 사용자 경험을 최적화해요 다양한 로컬 비즈니스 서비스팀이 동네지도에 기여할 수 있도록, 안전하고 확장 가능한 개발 환경을 만들어요 이런 분과 함께하고 싶어요 서비스 구조와 흐름을 빠르게 이해하고, 문제의 본질을 파악하는 데에 흥미를 느끼는 분 유저에게 보이는 경험의 품질에 높은 기준을 가지고 작은 디테일까지 신경 쓰시는 분 새로운 기술에 호기심을 가지고 문제를 해결하며, 프로덕트의 가치를 높이는 데 기여할 수 있는 분 불편함을 당연하게 넘기지 않고, 더 나은 방향을 고민하는 분 다양한 팀원과의 협업 과정에서 열린 태도로 소통하고, 피드백을 적극적으로 주고받을 수 있는 분 이런 분이면 더 좋아요 모바일 웹뷰 개발 경험이 있는 분 단순 구현을 넘어 “왜 이걸 만드는지”를 고민해본 경험이 있는 분 지도, 검색, 추천 등 Discovery 기반 서비스에 대한 관심이나 경험이 있으신 분 성능 최적화, 로딩 전략, 리스트 렌더링 등 대규모 사용자 환경에서의 FE 경험이 있는 분 디자인 시스템을 활용하거나 컴포넌트 설계에 경험이 있는 분 참고해 주세요 3개월 근무 후 평가에 따라 3개월 연장 여부를 결정하는 체험형 인턴 이에요 '장애인고용촉진 및 직업재활법', '국가유공자 등 예우 및 지원에 관한 법률'에 따라 장애인 및 보훈대상자는 채용 전형 시 우대하고 있어요 서류는 4월 28일 오후 23시 59분 마감 예정이며, 상황에 따라 조기 마감 혹은 연장될 수 있어요 직무 인터뷰는 5월 6일 - 5월 8일 진행 예정이에요 최종 합격 시 5월 18일 입사 예정 이며, 입사일은 변경될 수 있어요 이렇게 합류해요 1. 서류 전형 → 2. 직무 인터뷰 → 3. 최종합격 👉 당근 합류 여정 가이드 바로가기(🔗) 지원하기 자주묻는질문 목록으로 돌아가기","","하고 있어요 서류는 4월 28일 오후 23시 59분 마감 예정이며, 상황에 따라 조기 마감 혹은 연장될 수 있어요 직무 인터뷰는 5월 6일 - 5월 8일 진행 예정이에요 최종 합격 시 5월 18일 입사 예정 이며, 입사일은 변경될 수 있어요 이렇게 합류해요 1. 서류 전형 → 2. 직무 인터뷰 → 3. 최종합격 👉 당근 합류 여정 가이드 바로가기(🔗) 지원하기 자주묻는질문 목록으로 돌아가기","","","","","인턴","","","","","active","2026-04-20T03:09:39.663039","2026-04-20T03:09:39.663068","True"
"464","122","당근마켓","Software Engineer, Backend | 로컬 비즈니스 (주문경험)","https://about.daangn.com/jobs/7540124003","Software Engineer, Backend | 로컬 비즈니스 (주문경험) 당근 정규직 경력 영입정보 지원하기 Local Business를 소개해요 Local Business에서는 동네의 사장님들과 이웃들을 연결해주는 서비스를 만들고 있어요. 당근 사용자들에게 동네 가게의 정보를 더 잘 발견할 수 있도록 접점을 제공해요. 사장님들에게는 동네 고객과 소통할 수 있도록 도구를 제공하는 역할을 해요. 주문경험팀은 이웃이 동네 가게를 더 쉽고, 합리적으로 이용할 수 있도록 돕는 팀이에요. 픽업(포장주문)과 QR오더(테이블오더) 제품을 통해 오프라인 매장을 온라인으로 연결하고, 이웃에게는 절약과 편리함을, 사장님에게는 단골 확보와 매출 성장을 제공하고 있어요. 우리는 단순한 주문 시스템을 만드는 것이 아니라 ‘우리 동네에서 가장 따뜻한 거래 경험’을 기술로 구현하는 일을 하고 있어요. 이 과정을 통해 가게, 이웃 그리고 지역사회가 함께 활력을 얻는 지속 가능한 로컬 상생 생태계를 만들어가요. 이런 일을 해요 당근 QR오더 및 픽업 제품의 백엔드 핵심 시스템을 설계·개발·운영해요. 당근 비즈프로필, 주문, 결제, 메뉴, 포인트 등 다양한 도메인을 다루며 제품 스테이지에 적합한 산출물을 만들어내고, 지속 가능한 시스템으로 발전시켜요. POS, PG, 외부 시스템을 안정적으로 연동해요. 제품 기획·디자인·프론트엔드·사업개발팀과 긴밀히 협업해 제품의 완성도를 함께 높여요. 이런 분과 함께하고 싶어요 Kotlin, Java, Spring Framework 기반의 서비스 설계 및 운영 경험이 있는 분 RESTful API 설계 및 DB 모델링, 캐시·트랜잭션 관리 등 서버 기본기를 탄탄히 갖춘 분 자기주도적이고 커뮤니케이션이 원활하며, 빠른 실행력이 있는 분 비즈니스 목표를 이해하고 기술적 판단을 제품 임팩트와 연결할 수 있는 분 동료와 피드백을 주고받으며 함께 성장하는 것에 즐거움을 느끼는 분 이런 분이면 더 좋아요 불확실한 환경 속에서도 문제를 스스로 정의하고 빠르게 실행하는 분 F&B나 O2O, 결제·주문 시스템 등 실서비스 운영 경험이 있는 분 초기 단계의 제품을 함께 성장시키며, 기술적 기반과 조직 문화를 함께 만들어가고 싶은 분 분산 처리 시스템 또는 마이크로서비스 아키텍처 이해도가 높으신 분 로컬 커머스 생태계에 관심이 많은 분 참고해 주세요 정규직 채용의 경우 3개월의 수습기간이 있어요 ‘장애인고용촉진 및 직업재활법’, ‘국가유공자 등 예우 및 지원에 관한 법률’에 따라 장애인 및 보훈대상자는 채용 전형 시 우대하고 있어요 이렇게 합류해요 1. 서류 전형 → 2. 화상 인터뷰 → 3. 직무 인터뷰 → 4. 컬처핏 인터뷰 및 레퍼런스 체크 → 5. 처우협의 → 6. 최종 합격 및 입사 👉 당근 합류 여정 가이드 바로가기(🔗) 지원하기 자주묻는질문 목록으로 돌아가기","","하고 있어요 이렇게 합류해요 1. 서류 전형 → 2. 화상 인터뷰 → 3. 직무 인터뷰 → 4. 컬처핏 인터뷰 및 레퍼런스 체크 → 5. 처우협의 → 6. 최종 합격 및 입사 👉 당근 합류 여정 가이드 바로가기(🔗) 지원하기 자주묻는질문 목록으로 돌아가기","","","","","정규직","","","","","active","2026-04-20T03:10:11.490705","2026-04-20T03:10:11.490731","True"
"465","122","당근마켓","Software Engineer, Backend (전환형 인턴) | 운영 (운영개발)","https://about.daangn.com/jobs/7703726003","Software Engineer, Backend (전환형 인턴) | 운영 (운영개발) 당근 인턴 신입 영입정보 지원하기 운영개발팀을 소개해요 당근이 많은 사용자에게 사랑받고 빠르게 성장할 수 있었던 배경에는 고도화된 운영 시스템이 숨어있어요 운영개발팀은 기술을 이용해서 사용자들이 믿고 쓸 수 있는 안전한 당근을 만드는 팀이에요 사기와 어뷰징으로부터 사용자를 보호하고, 건강한 컨텐츠만 사용자에게 도달할 수 있도록 하며, 서비스 이용 중 궁금한 점을 쉽고 빠르게 해결할 수 있는 환경을 만들어요 당근을 떠올렸을 때 느껴지는 따뜻함을 만들기 위해, 보이는 곳과 보이지 않는 곳에서 노력하는 팀이에요 운영개발팀이 일하는 방식과 문화에 대해서는 아래 아티클에서 자세히 살펴볼 수 있어요! 🥕 여기가 당근 찜질방이라면서요? 이런 일을 해요 운영개발팀은 당근 전사 서비스의 운영 자동화를 목표로 하고 있어요. 이를 위해 플랫폼을 만들고, 그 플랫폼 위에서 운영 문제를 해결해요. 플랫폼을 만들어요 당근의 모든 서비스 트래픽을 받아 운영정책을 위반하는 컨텐츠를 탐지하고, 사용자에게 건강한 컨텐츠만 도달할 수 있도록 운영 로직을 관리하는 플랫폼을 만들어요 AI 에이전트를 당근의 전사 구성원들 모두 쉽게 만들고 관리할 수 있는 플랫폼을 만들어요 MAU 2,000만 규모의 대용량 트래픽을 고려하여 서버를 설계해요 플랫폼을 활용해 운영 자동화를 수행해요 사용자가 당근을 안심하고 쓸 수 있도록 스팸, 사기, 어뷰징을 탐지하고 제재해요 거래 과정에서 발생하는 분쟁을 빠르고 공정하게 해결할 수 있는 시스템을 만들어요 사용자가 당근을 이용하면서 궁금한 부분에 대해 쉽게 답을 얻을 수 있는 AI 고객센터를 만들어요 이런 분과 함께하고 싶어요 익숙한 프로그래밍 언어가 하나 이상 있고 새로운 언어를 배우는 데 거부감이 없는 분 DB, 캐시, 데이터 구조에 대한 이론적인 지식을 알고 있는 분 AI 기술에 관심이 있고 활용해보고 싶은 분 다양한 직군의 동료들과 긍정적이고 원활한 커뮤니케이션이 가능한 분 문제 해결의 과정에서 적극적이고 주도적인 성향을 가지신 분 이런 분이면 더 좋아요 서비스를 직접 배포하고 운영해본 경험이 있는 분 AI 기술을 활용해 실제 동작하는 제품이나 기능을 만들어본 경험이 있는 분 복잡한 내용에 대해 말 또는 글로 쉽게 설명을 잘하는 분 풀어야 할 문제와 요구사항에 대해 주도적으로 고민하는 걸 좋아하는 분 피상적인 해결에 그치지 않고 근본적인 문제를 찾으려고 하시는 분 제품을 만드는 것 자체보다 제품으로 줄 수 있는 가치에 집중할 수 있는 분 프론트엔드 개발도 무섭지 않은 분 운영개발팀에서 사용하는 기술이에요 운영개발팀에서는 Rails, FastAPI, Vue.js, React, Redis, PostgreSQL, MySQL, gRPC, Vector DB(Pinecone, pgvector), Amazon Neptune 등의 다양한 기술을 쓰고 있어요 관련 경험이 없더라도 학습에 대한 흥미가 있다면 충분해요 참고해 주세요 3개월 근무 후 평가에 따라 3개월 연장 여부를 결정하는 전환형 인턴 이에요 '장애인고용촉진 및 직업재활법', '국가유공자 등 예우 및 지원에 관한 법률'에 따라 장애인 및 보훈대상자는 채용 전형 시 우대하고 있어요 서류는 4월 26일 일요일 오후 23시 59분 마감 예정이며, 상황에 따라 조기 마감 혹은 연장될 수 있어요 최종 합격 시 5월 18일 입사 예정 이며, 입사일은 변경될 수 있어요 이렇게 합류해요 1. 서류 전형 → 2. 직무 인터뷰 → 3. 최종합격 👉 당근 합류 여정 가이드 바로가기(🔗) 🥕 운영개발팀 멤버들이 발표한 내용을 담은 아래 영상에서 좀 더 자세한 이야기를 들어볼 수 있어요! 지원하기 자주묻는질문 목록으로 돌아가기","","하고 있어요 서류는 4월 26일 일요일 오후 23시 59분 마감 예정이며, 상황에 따라 조기 마감 혹은 연장될 수 있어요 최종 합격 시 5월 18일 입사 예정 이며, 입사일은 변경될 수 있어요 이렇게 합류해요 1. 서류 전형 → 2. 직무 인터뷰 → 3. 최종합격 👉 당근 합류 여정 가이드 바로가기(🔗) 🥕 운영개발팀 멤버들이 발표한 내용을 담은 아래 영상에서 좀 더 자세한 이야기를 들어볼 수 있어요! 지원하기 자주묻는질문 목록으로 돌아가기","","","","","인턴","","","","","active","2026-04-20T03:10:25.395072","2026-04-20T03:10:25.395096","True"
"466","122","당근마켓","Product Researcher (인턴) | 중고거래","https://about.daangn.com/jobs/7702863003","Product Researcher (인턴) | 중고거래 당근 인턴 신입 영입정보 지원하기 중고거래실을 소개해요 당근 중고거래실은 한국과 글로벌 유저를 타겟으로 하는 지역 기반 중고거래 서비스를 만들어가고 있어요. 우리는 사용자의 문제를 깊이 이해하고 기술적 도전을 통해 유저의 문제를 해결하는 동시에 회사의 목표를 달성할 수 있는 프로덕트를 만들어내요. 지금 팀은 AI를 활용한 새로운 기능을 빠르게 실험하고 있는 시점이에요. 그 과정에서 사용자의 목소리를 직접 듣고 제품에 반영하는 일이 더욱 중요해졌고, 이 역할이 그 중심에 있어요. 이런 일을 해요 사용자 인터뷰, 설문조사, 사용성 테스트(UT) 등 다양한 방법론을 활용하여 직접 리서치를 수행하고 사용자 행동, 니즈, Pain Point를 발굴하고 분석해요 리서치 결과를 바탕으로 중고거래 서비스 개선을 위한 인사이트를 도출하고 프로덕트 개선 방향을 제안해요 AI 기반 기능의 사용자 경험 개선을 위해 사용자 패턴을 파악하고, LLM 결과물을 검토해 개선 방향을 제안해요 이런 분과 함께하고 싶어요 사용자 리서치, 사용자 경험, 프로덕트에 대한 깊은 관심이 있는 분 AI/LLM 등 새로운 기술을 제품에 적용하는 과정을 함께하고 싶으신 분 논리적 사고와 데이터 기반으로 문제를 접근하고 해결해본 경험이 있는 분 중고거래를 좋아하고 거래를 많이 해보신 분 이런 분이면 더 좋아요 서비스를 직접 만들고 운영해본 경험이 있는 분 신규 시장 조사, 고객군 분석과 같은 정량 리서치를 진행해본 적 있으신 분 사용자와 직접적인 커뮤니케이션(대면, 화상, 통화 등)을 원활하게 하실 수 있는 분 참고해 주세요 3개월 근무 후 평가에 따라 3개월 연장 여부를 결정하는 체험형 인턴 이에요 '장애인고용촉진 및 직업재활법', '국가유공자 등 예우 및 지원에 관한 법률'에 따라 장애인 및 보훈대상자는 채용 전형 시 우대하고 있어요 서류는 4월 26일 일요일 오후 23시 59분 마감 예정이며, 상황에 따라 조기 마감 혹은 연장될 수 있어요 최종 합격 시 5월 18일 입사 예정 이며, 입사일은 변경될 수 있어요 이렇게 합류해요 1. 서류 전형 → 2. 직무 인터뷰 → 3. 최종합격 👉 당근 합류 여정 가이드 바로가기(🔗) 지원하기 자주묻는질문 목록으로 돌아가기","","","","","","","인턴","","","","","active","2026-04-20T03:10:47.309334","2026-04-20T03:10:47.309362","True"
"467","122","당근마켓","Product Manager (인턴) | 커뮤니티 (모임)","https://about.daangn.com/jobs/7701732003","를 해내기 위해 개발자, 디자이너, PM 뿐만 아니라 파트/팀 리더 등 다양한 팀원들과 함께 소통해요. 팀 외에도 사내의 다른 팀과의 커뮤니케이션 및 협업을 해요. 이런 분과 함께하고 싶어요 Mobile/Web 프로덕트에 대한 관심과 이해도가 높은 분 SQL과 쿼리에 대한 기본적인 이해가 있으신 분 복잡하고 막연해 보이는 상황과 문제를 분석하여, 작은 단위들로 나누어 정의하고 해결 방법을 찾아 설계할 수 있는 분 몰입도 있게 일하는 것을 좋아하고 프로덕트에 대한 관심과 애정이 있는 분 사용자 인터뷰를 위해 고객과 직접적인 커뮤니케이션(대면, 화상, 통화 등)을 원활하게 할 수 있는 분 다른 대외 활동과 병행은 힘들어요 이런 분이면 더 좋아요 오프라인 커뮤니티 혹은 소셜 커뮤니티 서비스에 대한 이해도와 관심이 깊고 감도가 높은 분 꼭 IT 프로덕트가 아니더라도 프로젝트의 오너십을 가지고 책임지고 성공, 실패와 관계없이 결과물을 만들어 내본 경험이 있는 분 제한되고 도전적인 상황 속에서 지치지 않고 문제의 본질을 꿰뚫고 밀고 나아갈 수 있는 분 타사에서 인턴 혹은 본인의 사업을 해본 경험이 있으신 분 예비 당근 인턴 분들을 위한 이력서 가이드라인을 드려요 이력서와 포트폴리오는 합하여 최대 3장 이내의 PDF 로 제출 해주세요. 업무나 프로젝트 내용을 적을 때 단순 어떤 일을 했는지보다는 사용자 기반의 문제는 무엇이었는지, 또한 이를 해결하기 위한 솔루션/전략과 이에 대한 분석을 적어주세요 혼자 진행한 프로젝트가 아니라면 본인이 직접적으로 어느 범위까지 기여를 했는지 명확히 적어주세요 본인의 지속적인 발전과 성장을 보여줄 수 있으면 좋아요 학생이거나 예비 졸업생 신분이라면 최종 학력과 재학/휴학/졸업예정과 학기를 기재 해주세요. 혹여나 이력서, 포트폴리오 등에 링크가 삽입된 경우, 제3자 입장에서 열리는 권한이 있는지 다시 한번 확인해 주세요 참고해 주세요 3개월 근무 후 평가에 따라 3개월 연장 여부를 결정하는 체험형 인턴 이에요 '장애인고용촉진 및 직업재활법', '국가유공자 등 예우 및 지원에 관한 법률'에 따라 장애인 및 보훈대상자는 채용 전형 시 우대하고 있어요 서류는 5월 3일 일요일 오후 23시 59분 마감 예정이며, 상황에 따라 조기 마감 혹은 연장될 수 있어요 최종 합격 시 6월 1일 입사 예정 이며, 입사일은 변경될 수 있어요 이렇게 합류해요 1. 서류 전형 → 2. 직무 인터뷰 → 3. 최종합격 👉 당근 합류 여정 가이드 바로가기(🔗) 지원하기 자주묻는질문 목록으로 돌아가기","","하고 있어요 서류는 5월 3일 일요일 오후 23시 59분 마감 예정이며, 상황에 따라 조기 마감 혹은 연장될 수 있어요 최종 합격 시 6월 1일 입사 예정 이며, 입사일은 변경될 수 있어요 이렇게 합류해요 1. 서류 전형 → 2. 직무 인터뷰 → 3. 최종합격 👉 당근 합류 여정 가이드 바로가기(🔗) 지원하기 자주묻는질문 목록으로 돌아가기","","","","","인턴","","","","","active","2026-04-20T03:16:15.271550","2026-04-20T03:16:15.271572","True"
"468","5005","(주)아이하트","인사제도","https://www.i-heart.co.kr/html/sub3.html#job-e1079490-1","개인의 역량과 성과에 따라 연봉을 결정하는 연봉제 시행 매년 경영성과에 따른 이익을 실현했을 경우 업적을 평가하여 기여도에 따라 인센티브 지급 매년 성과에 대한 공정한 평가를 통하여 진급대상자 선정","","","","인센티브","","","","","","","","active","2026-04-20T06:16:32.716153","2026-04-20T06:16:32.716178","True"
"469","5005","(주)아이하트","지원방법","https://www.i-heart.co.kr/html/sub3.html#job-cde6b383-3","채용시기 사업별로 수시채용 실시 제출서류 지원양식 이력서, 자기소개서 ( 분량 제한 없이, 자유형식으로 작성 ) 서류접수 fin@i-heart.co.kr (문의 070-4659-6495) / 경영지원팀 유의사항 서류합격자에 한하여 면접일정은 개별적으로 유선 안내 각종 증빙서류는 서류전형 합격자에 한해 별도 제출 경력사항은 세부 프로젝트 수행 결과 기술 입사지원서를 허위로 기재한 경우 채용 취소 ※ 제출된 서류는 심사를 위해서만 활용되며, 일체 반환하지 않습니다.","","","채용시기 사업별로 수시채용 실시 제출서류 지원양식 이력서, 자기소개서 ( 분량 제한 없이, 자유형식으로 작성 ) 서류접수 fin@i-heart.co.kr (문의 070-4659-6495) / 경영지원팀 유의사항 서류합격자에 한하여 면접일정은 개별적으로 유선 안내 각종 증빙서류는 서류전형 합격자에 한해 별도 제출 경력사항은 세부 프로젝트 수행 결과 기술 입사지원서를 허위로 기재한 경우 채용 취소 ※ 제출된 서류는 심사를 위해서만 활용되며, 일체 반환하지 않습니다.","","","","","","","","","active","2026-04-20T06:16:32.720543","2026-04-20T06:16:32.720555","True"
"470","5483","주식회사 라온텍","채용 절차","http://www.raontec.co.kr/employment.view#job-f35b9ce8-4","입사지원 양식에 맞게 이력서 작성 후 입사지원 역량과 인성, 가치관 및 발전가능성을 종합적으로 심사 조직과 직무에 적합한 인재를 최종 선발 유선통화 및 E-mail, SNS를 통한 결과 안내","","","입사지원 양식에 맞게 이력서 작성 후 입사지원 역량과 인성, 가치관 및 발전가능성을 종합적으로 심사 조직과 직무에 적합한 인재를 최종 선발 유선통화 및 E-mail, SNS를 통한 결과 안내","","","","","","","","","active","2026-04-20T06:16:43.860105","2026-04-20T06:16:43.860125","True"
"471","4620","주식회사 아이티지","아이티지 홈페이지 입니다.","http://it-global.co.kr/recruit/recruit.php","Home Sitemap Contact us 회사소개 CEO 인사말 회사개요 인증현황 회사연혁 조직도 경영이념 CI소개 사업소개 공공사업 네트워크사업 주요실적 협력업체 제품소개 VoIP 비상벨 시스템 시각동기화 시스템 SLC 시스템 CCTV카메라 솔루션 고객서비스 공지사항 문의게시판 온라인문의 다운로드 채용정보 채용정보 Recruit 채용정보 채용정보 > 채용정보 > 채용정보 채용정보 번호 제목 작성자 작성일 조회 2 2016년도 상반기 영업/연구개발 부문 모집공고 (주)아이티지 2016-02-22 2223 1 채용공고 게시판입니다. (주)아이티지 2016-01-26 1522 1 / 제 목 내 용 제목 + 내용 작성자 아이디 ﻿ (주)아이티지 대표이사: 김금태 사업자등록번호 : 609-81-94527 주소: 경기도 안양시 동안구 학의로 268 안양메가밸리 617호 TEL: 031-420-0811~3 Fax: 031-420-0810 E-mail: admin@it-global.co.kr","","","","","","경기","","","","","","active","2026-04-20T06:21:21.027627","2026-04-20T06:21:21.027648","True"
"472","16526","(주)진화기술공사","진화기술공사","http://www.jinhwaeng.co.kr/en/recruit","진화기술공사 About US Greeting Message from CEO Management Philosophy Company History Licenses & Permissions Map Business Sectors Roads & Transportations Water / Environment Urban Planning Electronic Construction Safety Diagnosis Construction Project Management Technology Development Labs Technology Patents R&D Promotion Center Company News Contracts Awarded Jinhwa’s Corporate Identity Brochure 한국어 English About US Greeting Message from CEO Management Philosophy Company History Licenses & Permissions Map Business Sectors Roads & Transportations Water / Environment Urban Planning Electronic Construction Safety Diagnosis Construction Project Management Technology Development Labs Technology Patents R&D Promotion Center Company News Contracts Awarded Jinhwa’s Corporate Identity Brochure 채용 안내 전문성과 열정, 그리고 팀워크를 갖춘 인재 전문성 Professionalism 주어진 전문분야에서 최고의 능력을 발휘하는 인재 열정 Passion 회사와 구성원의 발전과 성장을 위해 스스로 개발·연구하는 열정을 가진 인재 팀워크 Teamwork 조직문화에 부합하는 가치관을 바탕으로 구성원과 융화하여 시너지를 만드는 인재 채용공고 복리후생 진화의 가족을 위해 다양한 복리후생을 지원하고 있습니다. 경조금 지급 경조사 유형별 휴가 및 경조금 지원 휴가 및 연차제도 연차 휴가 사용 장려 휴양시설 지원 휴양지 콘도 지원 단체상해보험 지원 단체상해보험 지원 청년내일채움공제 청년내일채움공제 지원으로 목돈 마련 직원 거주용 숙소 지원 직원 거주용 숙소 지원 근무복 지원 동복 / 춘추복 지원 4대보험 국민연금 / 고용보험 / 건강보험 / 산재보험 165, Dogok-ro, Gangnam-gu, Seoul, Republic of Korea | TEL : 02-558-1997 / FAX : 02-558-4371 334, Chuncheon-ro, Chuncheon-si, Gangwon-do, Republic of Korea | TEL : 033-255-1997 / FAX : 033-255-1993 19, Hyeoksin-ro, Wonju-si, Gangwon-do, Republic of Korea | TEL : 033-733-1997 / FAX : 033-764-0269","","진화기술공사 About US Greeting Message from CEO Management Philosophy Company History Licenses & Permissions Map Business Sectors Roads & Transportations Water / Environment Urban Planning Electronic Construction Safety Diagnosis Construction Project Management Technology Development Labs Technology Patents R&D Promotion Center Company News Contracts Awarded Jinhwa’s Corporate Identity Brochure 한국어 English About US Greeting Message from CEO Management Philosophy Company History Licenses & Permissions Map Business Sectors Roads & Transportations Water / Environment Urban Planning Electronic Construction Safety Diagnosis Construction Project Management Technology Development Labs Technology Patents R&D Promotion Center Company News Contracts Awarded Jinhwa’s Corporate Identity Brochure 채용 안내 전문성과 열정, 그리고 팀워크를 갖춘 인재 전문성 Professionalism 주어진 전문분야에서 최고의 능력을 발휘하는 인재 열정 Passion 회사와 구성원의 발전과 성장을 위해 스스로 개발·연구하는 열정을 가진 인재 팀워크 Teamwork 조직문화에 부합하는 가치관을 바탕으로 구성원과 융화하여 시너지를 만드는 인재 채용공고 복리후생 진화의 가족을 위해 다양한 복리후생을 지원하고 있습니다. 경조금 지급 경조사 유형별 휴가 및 경조금 지원 휴가 및 연차제도 연차 휴가 사용 장려 휴양시설 지원 휴양지 콘도 지원 단체상해보험 지원 단체상해보험 지원 청년내일채움공제 청년내일채움공제 지원으로 목돈 마련 직원 거주용 숙소 지원 직원 거주용 숙소 지원 근무복 지원 동복 / 춘추복 지원 4대보험 국민연금 / 고용보험 / 건강보험 / 산재보험 165, Dogok-ro, Gangnam-gu, Seoul, Republic of Korea | TEL : 02-558-1997 / FAX : 02-558-4371 334, Chuncheon-ro, Chuncheon-si, Gangwon-do, Republic of Korea | TEL : 033-255-1997 / FAX : 033-255-1993 19, Hyeoksin-ro, Wonju-si, Gangwon-do, Republic of Korea | TEL : 033-733-1997 / FAX : 033-764-0269 COPYRIGHT 2020 ALL RIGHTS RESERVED","","","","","","","","","","active","2026-04-20T06:24:08.850197","2026-04-20T06:24:08.850216","True"
"473","16526","(주)진화기술공사","인재채용","http://www.jinhwaeng.co.kr/ko/recruit","진화기술공사 회사소개 CEO인사말 경영이념 회사연혁 업면허등록현황 회사약도 사업분야 도로 · 교통 물 · 환경 도시계획 전력토목 안전진단 건설사업관리 기술개발 기술연구소 기술 특허 R&D 홍보센터 진화 소식 수주 소식 진화 CI 브로슈어 인재채용 채용 안내 채용 공고 복리 후생 한국어 English 채용 안내 채용 공고 복리 후생 인재채용 당신의 전문성과 열정이 진화의 브랜드입니다. 인재채용 당신의 전문성과 열정이 진화의 브랜드입니다. 회사소개 CEO인사말 경영이념 회사연혁 업면허등록현황 회사약도 사업분야 도로 · 교통 물 · 환경 도시계획 전력토목 안전진단 건설사업관리 기술개발 기술연구소 기술 특허 R&D 홍보센터 진화 소식 수주 소식 진화 CI 브로슈어 인재채용 채용 안내 채용 공고 복리 후생 채용 안내 전문성과 열정, 그리고 팀워크를 갖춘 인재 전문성 Professionalism 주어진 전문분야에서 최고의 능력을 발휘하는 인재 열정 Passion 회사와 구성원의 발전과 성장을 위해 스스로 개발·연구하는 열정을 가진 인재 팀워크 Teamwork 조직문화에 부합하는 가치관을 바탕으로 구성원과 융화하여 시너지를 만드는 인재 채용공고 복리후생 진화의 가족을 위해 다양한 복리후생을 지원하고 있습니다. 경조금 지급 경조사 유형별 휴가 및 경조금 지원 휴가 및 연차제도 연차 휴가 사용 장려 휴양시설 지원 휴양지 콘도 지원 단체상해보험 지원 단체상해보험 지원 청년내일채움공제 청년내일채움공제 지원으로 목돈 마련 직원 거주용 숙소 지원 직원 거주용 숙소 지원 근무복 지원 동복 / 춘추복 지원 4대보험 국민연금 / 고용보험 / 건강보험 / 산재보험 서울특별시 강남구 도곡로 165 | TEL : 02-558-1997 / FAX : 02-558-4371 강원도 춘천시 춘천로 334 | TEL : 033-255-1997 / FAX : 033-255-1993 강원도 원주시 혁신로 19, 5층 506호(반곡동, 에이치타워) | TEL : 033-733-1997 / FAX : 033-764-0269","","","","","","서울","","","","","","active","2026-04-20T06:24:14.418272","2026-04-20T06:24:14.418293","True"
"474","23101","온스퀘어","온스퀘어(Onsquare)","https://o-n2.com#job-0f87dfe6-0","Blog Recruit 튜너 & 메트로놈 App 사운드코르셋 자세히 보기 새로운 생각의 편에 섭니다 뉴스 온스퀘어 기술 블로그 개설 머신러닝 기술을 알기 쉽게 소개하는 블로그를 개설했습니다. 2022.12.5. 사운드코르셋이 5천만 다운로드를 달성했습니다. 2026년 4월 사운드코르셋이 누적 다운로드 5천만을 달성했습니다. 2026. 4. 14. 사운드코르셋이 5천만 다운로드를 달성했습니다. 2026. 4. 14. 2013년 첫선을 보인 사운드코르셋은 2017년부터 분기 평균 150만 건 이상의 다운로드를 기록하며 가파르게 성장해 왔으며, 마침내 2026년 4월 누적 다운로드 5천만 건을 돌파했습니다. 저희는 현재의 성과에 안주하지 않고, 앞으로도 고객 여러분께 최고의 사용 경험을 선사할 수 있도록 서비스를 더욱 고도화해 나갈 것입니다. 한층 업그레이드된 기능과 세련된 디자인으로 보내주신 뜨거운 성원에 보답하겠습니다. 닫기 온스퀘어 로고 디자인 변경 온스퀘어가 정보의 정확한 전달과 서비스 품질 향상을 위하여 관련 디자인을 리뉴얼했습니다. 2018.02.20. 온스퀘어 로고 디자인 변경 2018.02.20. 2012년 첫걸음을 내디딘 온스퀘어는 악기 연주자들에게 꼭 필요한 프로그램을 만들기 위해 쉼 없이 달려왔습니다. 저희의 이런 진심을 담아 디자인 아이덴티티를 새롭게 가다듬고, 변화하는 흐름에 발맞춰 디자인을 단장했습니다. 앞으로도 따뜻한 응원 부탁드립니다. 온스퀘어 닫기 사운드코르셋 ( Soundcorset ) 5,000만명의 선택! 음악가에게 꼭 필요한 기능을 모아서 가장 편리하게 사용할 수 있도록 디자인했습니다. 메트로놈, 튜너, 녹음기, 그리고 악보가 하나의 앱으로 통합! 스피드 트레이너 어려운 부분은 천천히 시작해서, 점점 빠르게 연습이 가능합니다. 메트로놈 스마트폰 플래시 기능을 이용하여 박자를 맞출 수 있습니다. 튜너 실시간으로 확인할 수 있는 3가지 방식 차트가 구현되었습니다. 레코더 연습한 곡은 녹음하여 언제든지 다시 재생할 수 있습니다. 사업목표 악기 연주를 지도하는 인공지능 개발 기술 소개 악기를 연주하는 사람들이 좀더 편리하고 효율적으로 기량을 향상시킬 수 있도록, 온스퀘어는 첨단 기술을 접목한 서비스를 만들고 있습니다. 1. Beat detector 핸드폰으로 입력된 소리를 autocorrelation 기술을 통해 처리하여 현재 비트 상태를 분석합니다. 처음 몇 초의 분석만으로도 박자가 일정한지의 여부를 4단계로 구분하여 사용자에게 제공합니다. 2. 다성음 인식 (Polyphony recognizer) 여러 성부로 이루어져 서로 다른 멜로디가 함께 연주되는 음악의 음정을 인식하는 것은 어려운 일입니다. NMF (Non-negative matrix factorization) 기술을 이용하여 해결합니다. 3. 스칼로이드 (Scaloid) 스칼로이드 는 복잡한 안드로이드 코드를 간단하게 만들어주는 오픈소스 라이브러리입니다. 스칼로이드는 사운드코르셋에 탑재되어 개발 생산성과 유지보수성 향상에 기여하고 있습니다. 아래와 같이 복잡한 코드를 val button = new Button (context) button.setText(""Greet"") button.setOnClickListener( new OnClickListener () { def onClick ( v : View ) { Toast .makeText(context, ""Hello!"", Toast . LENGTH_SHORT ).show() } }) layout.addView(button) 다음처럼 간단하게 스칼라 언어로 표현할 수 있습니다. SButton ( ""Greet "", toast( ""Hello! "")) 연혁 2026년 4월 구글플레이에서 5,000만 다운로드 기록 2022년 12월 온스퀘어 기술블로그 개설 2022년 3월 본사 이전 (서울 한강로3가) 2020년 12월 악기 연주의 숙련도를 평가해주는 AI tutor 출시 2019년 10월 중국 앱마켓에서 500만 다운로드 기록 2018년 10월 일본특허 6420345 등록 2018년 8월 구글플레이에서 1,000만 다운로드 기록 2017년 11월 본사 이전 (서울 신도림동) 2017년 10월 대한민국특허 10-1790998 등록 2017년 4월 미국특허 US9613542B2 등록 2015년 4월 구글플레이에서 100만 다운로드 기록 2014년 7월 스칼로이드 Github star 1,000기록 2013년 12월 공개SW개발자대회 대상 수상 2013년 7월 사운드코르셋, 구글플레이에서 10만 다운로드 기록 2013년 5월 한국컴퓨터그래픽스학회 신진연구자상 수상 2013년 5월 본사 이전 (인천 도화동) 2012년 3월 온스퀘어 설립 채용 악기 연주는 많은 사람들의 마음을 움직이는 진정 가치있는 활동입니다. 사람들이 좀 더 편리하고 효율적으로 연주실력을 향상시킬 수 있도록, 우리는 첨단기술을 접목한 서비스를 만들고 있습니다. 우리가 출시한 앱, 사운드코르셋은 전체 사용자의 90%이상이 해외 사용자입니다. 미국, 브라질을 비롯한 세계 70여개국 에서 매월 400만명 이상 사용하고 있습니다. 악기 연주자에게 꼭 필요한 툴을 한 자리에 모았고, 누구라도 쉽게 쓸 수 있게 고민에 고민을 거듭했습니다. 메트로놈과 튜너를 시작으로, 악보 표시 기능, 녹음 공유 기능을 개발해 왔으며, 현재는 기계학습 기반의 악기 연주 지도 서비스를 개발 중입니다. 우리의 목표는 세계 최대의 온라인 음악 교육 회사가 되는 것입니다. 탄탄하게 설계된 제품과 이를 신뢰하는 수백만의 사용자들에 힘입어, 우리는 목표에 한걸음씩 다가가고 있습니다. 재능있는 분들이 더 많이 필요합니다. 함께 하시겠습니까? [지원자격] 다음 중 한 가지 이상에 대하여 자신있는 프로그래머: * 기계학습 * 함수형 언어 * 의존형(dependent type) 이론 * 자신의 생각을 글로 조리있게 표현하는 일 [지원방법] 이력서는 자유양식이며 [email protected] 으로 접수하고 있습니다. 찾아오시는 길 주소: (04387) 서울 용산구 서빙고로 17 센트럴파크타워 409호 대중교통: 1호선 용산역 1번출구, 4호선 신용산역 2번출구, 버스 신용산역에 내리시면 편리합니다. 자가운전: 용산센트럴파크 남쪽(101동과 신용산교회 사이) 출입구로 진입하시어 주차하시고 먼저 1층 옥외로 이동하신 다음, 아래 지도 가운데에 표시된 건물(센트럴파크타워)로 이동하시기 바랍니다. 새로운 생각의 편에 섭니다 새로운 생각을 해낸다는 것은 어려워 보입니다. 그러나 새로운 생각은 알고보면 흔합니다. 사실 우리는 하루에도 몇 번씩 새로운 생각들을 마주하곤 하지만, 낮설게 여기거나 틀린 생각으로 여기고 지나치기 쉽습니다. 이런 생각들을 가꿔서 사람들 사이에서 자연스럽게 받아들여지도록 발전시키기까지는 인내와 노력이 필요합니다. 온스퀘어의 목표는 새로운 생각을 보편적인 것으로 발전시키는 것입니다. 이러한 사명으로 온스퀘어는 음악 교육 분야에 도전합니다. 여기서 펼쳐질 혁신들은 온스퀘어가 처음 제안하고, 머지않아 모든 사람들이 당연한 것으로 여기게 될 것입니다. Blog Open source Recruit 상호 : 온스퀘어 대표 : 이성호 사업자등록번호 : 130-36-25179 주소 : (04387) 서울 용산구 서빙고로 17 센트럴파크타워 409호 © Onsquare.","","","","","","서울","","","","2022-11-05","2022-12-05","active","2026-04-20T06:25:24.354002","2026-04-20T06:25:24.354016","True"
"475","25564","(주)국보디자인","국보디자인","http://ikukbo.com/employment.php","Careers 인재상 인사제도 채용정보 당신의 ‘도전’과 ‘열정’을 기다립니다. 상시채용 및 채용공고 안내에 따라 지원해주세요. 상시채용 채용절차 1차 실무진 면접 2차 인사팀 면접 3차 대표이사 면접 (필요시) 신체검사 및 입사구비서류 심사 최종 합격 통보 이력서 작성 후 다음 주소로 메일을 보내주시기 바랍니다. 시류전형에 합격하신 분들에 한해 개별 연락을 드리며 면접일정에 대해 안내 드립니다. 제출하신 입시서류는 채용을 위한 자료로만 사용되며, 채용 완료 후 파기 되어 다른 용도로는 사용되지 않습니다. 입사지원서 채용공고 구분 모집내용 채용사이트 상태 진행중인 채용공고가 없습니다.","","","Careers 인재상 인사제도 채용정보 당신의 ‘도전’과 ‘열정’을 기다립니다. 상시채용 및 채용공고 안내에 따라 지원해주세요. 상시채용 채용절차 1차 실무진 면접 2차 인사팀 면접 3차 대표이사 면접 (필요시) 신체검사 및 입사구비서류 심사 최종 합격 통보 이력서 작성 후 다음 주소로 메일을 보내주시기 바랍니다. 시류전형에 합격하신 분들에 한해 개별 연락을 드리며 면접일정에 대해 안내 드립니다. 제출하신 입시서류는 채용을 위한 자료로만 사용되며, 채용 완료 후 파기 되어 다른 용도로는 사용되지 않습니다. 입사지원서 채용공고 구분 모집내용 채용사이트 상태 진행중인 채용공고가 없습니다.","","","","","","","","","active","2026-04-20T06:25:45.549516","2026-04-20T06:25:45.549539","True"
"476","32050","깨끗한나라","깨끗한나라","https://www.kleannara.com/Recruit/info","회사소개 회사소개 회사연혁 연혁개요 디지털 역사관 공장소개 계열사소개 오시는길 사업소개 PS사업부 산업용지 All-pulp N2N WHITE HORSE BLANQ HL사업부 깨끗한나라 순수한면 디어스킨 보솜이 포포몽 PROF 솔루션 위생케어 서비스 푸드 서비스 산업용품 서비스 ESG경영 ESG 환경경영 사회적책임경영 지배구조 윤리경영 윤리경영소개 및 정책 부조리신고센터/분쟁조정신청 동반성장 고객만족경영 지속가능경영보고서 투자정보 경영정보 이사회 재무정보 재무상태표 손익계산서 현금흐름표 주식정보 실시간주가 주식현황 IR정보 영업보고서 감사보고서 IR자료 공시/공고 공시자료 전자공고 뉴스룸 언론홍보 알림마당 홍보자료 인재채용 인재상 인사제도 채용정보 직무소개 PS사업부 HL사업부 PROF솔루션 고객센터 KR KR EN CH","","","는 변경될 수 있습니다. 채용서류 반환청구 채용절차의 공정화에 관한 법률 제11조 및 같은 법 시행령 제2조 및 제4조에 따라 채용서류의 반환을 청구하는 지원자에 한하여 본인임을 확인 후 채용서류를 반환하고 있습니다. 아래사항 참고하시어 반환청구 하시기 바랍니다. * 반환 시 발행하는 비용은 전액 회사에서 부담합니다. * 이와 별도로 채용 사이트를 통해 접수된 입사지원서는 관련법에 따라 일정기간 종료 후 즉시 파기 됩니다. 청구 기한 채용여부가 확정된 날로부터 14일~180일 이내 (해당기간 이후 채용서류 파기) 반환 서류 지원자가 채용과정에서 제출한 서류 * 홈페이지 또는 전자우편으로 제출한 경우나 지원자가 자발적으로 제출한 서류는 제외 청구 방법 채용절차법 시행규칙의 [별지 제3호서식] 채용서류 반환청구서 다운로드 및 작성 후 이메일 신청 (이메일 주소 : job@kleannara.com) 반환 방법 청구일로부터 14일 이내 요청서류 반환 (등기우편) 문의처 HR팀 채용담당 (02-2270-9277) 채용공고 진행중인 공고를 볼 수 있습니다. 채용공고 보기 입사지원 사이트에서 입사지원을 할 수 있습니다. 입사지원 하기 Brand 닫기 깨끗한나라 디어스킨 보솜이 N2N 순수한면 White Horse 포포몽 Top 개인정보처리방침 이메일 무단수집거부 오시는길 서울특별시 용산구 한남대로 98, 일신빌딩 4층 Tel : (02) 2270-9200 2018년 10월 18일부터 산업안전보건법에 의한 고객응대 근로자보호조치가 시행됩니다. 고객응대 근로자에게 폭언, 폭행, 성희롱 등을 하지 말아주시기 바랍니다. © KLEANNARA ALL RIGHTS RESERVEDCORP. 페이스북 인스타그램 유튜브 네이버스토어 자사몰 CCM인증 네이버블로그","건강검진","","서울","","","","","","active","2026-04-20T06:26:27.735958","2026-04-20T06:26:27.735981","True"
"477","32050","깨끗한나라","깨끗한나라","https://www.kleannara.com/Recruit/system","회사소개 회사소개 회사연혁 연혁개요 디지털 역사관 공장소개 계열사소개 오시는길 사업소개 PS사업부 산업용지 All-pulp N2N WHITE HORSE BLANQ HL사업부 깨끗한나라 순수한면 디어스킨 보솜이 포포몽 PROF 솔루션 위생케어 서비스 푸드 서비스 산업용품 서비스 ESG경영 ESG 환경경영 사회적책임경영 지배구조 윤리경영 윤리경영소개 및 정책 부조리신고센터/분쟁조정신청 동반성장 고객만족경영 지속가능경영보고서 투자정보 경영정보 이사회 재무정보 재무상태표 손익계산서 현금흐름표 주식정보 실시간주가 주식현황 IR정보 영업보고서 감사보고서 IR자료 공시/공고 공시자료 전자공고 뉴스룸 언론홍보 알림마당 홍보자료 인재채용 인재상 인사제도 채용정보 직무소개 PS사업부 HL사업부 PROF솔루션 고객센터 KR KR EN CH","","","","건강검진","","서울","계약직","","","","","active","2026-04-20T06:26:32.337315","2026-04-20T06:26:32.337342","True"
"478","32050","깨끗한나라","깨끗한나라","https://www.kleannara.com/Recruit/talent","회사소개 회사소개 회사연혁 연혁개요 디지털 역사관 공장소개 계열사소개 오시는길 사업소개 PS사업부 산업용지 All-pulp N2N WHITE HORSE BLANQ HL사업부 깨끗한나라 순수한면 디어스킨 보솜이 포포몽 PROF 솔루션 위생케어 서비스 푸드 서비스 산업용품 서비스 ESG경영 ESG 환경경영 사회적책임경영 지배구조 윤리경영 윤리경영소개 및 정책 부조리신고센터/분쟁조정신청 동반성장 고객만족경영 지속가능경영보고서 투자정보 경영정보 이사회 재무정보 재무상태표 손익계산서 현금흐름표 주식정보 실시간주가 주식현황 IR정보 영업보고서 감사보고서 IR자료 공시/공고 공시자료 전자공고 뉴스룸 언론홍보 알림마당 홍보자료 인재채용 인재상 인사제도 채용정보 직무소개 PS사업부 HL사업부 PROF솔루션 고객센터 KR KR EN CH","","","","","","서울","","","","","","active","2026-04-20T06:26:37.363766","2026-04-20T06:26:37.363790","True"
"479","3051","주식회사 더씬","채용 공고","https://www.thesyn.co.kr/career/jobs.php","본문 바로가기 주메뉴 바로가기 주식회사 더씬 The SYN 회사소개 연혁 오시는 길 사업 Infrastructure - Dell Technologies 가상화 - Vmware 네트워크 - 다산네트웍스 보안 - 휴네시온 - 한드림넷 데이터관리 - X-LOG 모니터 - 삼성사이니지 면진 - 면진장치 인재채용 인사복지 채용공고 문의상담 문의상담 EN KR Family Site HUNESION SECURE SYSTEMS otoones 인재채용 고객을 성공으로 이끄는 사람들, 우리는 더씬입니다. Home The SYN 사업 인재채용 문의상담 인사복지 채용공고 채용 공고 채용 절차 1 입사지원 진행 중인 채용공고를 확인하시고 입사 지원서(이력서, 자기소개서)를 제출해 주시면 됩니다. 2 서류전형 입사지원서를 토대로 채용부문별 자격요건에 부합여부와 기본역량을 심사합니다. 3 면접전형 채용부문에서 필요로 하는 실무능력, 성장 가능성, 조직 적합성, 인성과 태도 등을 심사합니다. 4 채용확정 면접전형에 합격자는 인사부서에서 유선을 통해 개별적으로 연락을 드리고 연봉, 처우 등을 협의합니다. 채용 공고 전체 : 0 전체 경영지원 검색하기 조회된 글이 없습니다. 조회된 글이 없습니다. 주식회사 더씬 주소 : 서울특별시 강동구 고덕비즈밸리로 2가길 67 (고덕동, 휴네시온타워), 6층 대표자명 : 정동섭, 신규식 대표번호 : 02-539-9530 팩스 : 02-6280-9530 사업자등록번호 : 451-81-00075","에 부합여부와 기본역량을 심사합니다. 3 면접","","본문 바로가기 주메뉴 바로가기 주식회사 더씬 The SYN 회사소개 연혁 오시는 길 사업 Infrastructure - Dell Technologies 가상화 - Vmware 네트워크 - 다산네트웍스 보안 - 휴네시온 - 한드림넷 데이터관리 - X-LOG 모니터 - 삼성사이니지 면진 - 면진장치 인재채용 인사복지 채용공고 문의상담 문의상담 EN KR Family Site HUNESION SECURE SYSTEMS otoones 인재채용 고객을 성공으로 이끄는 사람들, 우리는 더씬입니다. Home The SYN 사업 인재채용 문의상담 인사복지 채용공고 채용 공고 채용 절차 1 입사지원 진행 중인 채용공고를 확인하시고 입사 지원서(이력서, 자기소개서)를 제출해 주시면 됩니다. 2 서류전형 입사지원서를 토대로 채용부문별 자격요건에 부합여부와 기본역량을 심사합니다. 3 면접전형 채용부문에서 필요로 하는 실무능력, 성장 가능성, 조직 적합성, 인성과 태도 등을 심사합니다. 4 채용확정 면접전형에 합격자는 인사부서에서 유선을 통해 개별적으로 연락을 드리고 연봉, 처우 등을 협의합니다. 채용 공고 전체 : 0 전체 경영지원 검색하기 조회된 글이 없습니다. 조회된 글이 없습니다. 주식회사 더씬 주소 : 서울특별시 강동구 고덕비즈밸리로 2가길 67 (고덕동, 휴네시온타워), 6층 대표자명 : 정동섭, 신규식 대표번호 : 02-539-9530 팩스 : 02-6280-9530 사업자등록번호 : 451-81-00075 COPYRIGHT© 2023 주식회사 더씬. Designed by WebSite.co.kr 개인정보처리방침 이메일무단수집거부 TOP","","","서울","","","","","","active","2026-04-20T06:27:03.266586","2026-04-20T06:27:03.266611","True"
"480","3051","주식회사 더씬","인사복지","https://www.thesyn.co.kr/career/benefits.php","본문 바로가기 주메뉴 바로가기 주식회사 더씬 The SYN 회사소개 연혁 오시는 길 사업 Infrastructure - Dell Technologies 가상화 - Vmware 네트워크 - 다산네트웍스 보안 - 휴네시온 - 한드림넷 데이터관리 - X-LOG 모니터 - 삼성사이니지 면진 - 면진장치 인재채용 인사복지 채용공고 문의상담 문의상담 EN KR Family Site HUNESION SECURE SYSTEMS otoones 인재채용 고객을 성공으로 이끄는 사람들, 우리는 더씬입니다. Home The SYN 사업 인재채용 문의상담 인사복지 채용공고 인사복지 인사 / 복지 THE SYN은 성과 평가 제도와 직무 및 직위 특성에 따른 역량 평가 제도를 운영합니다. 성과 및 역량 평가 결과는 임직원 개개인의 연봉, 승진 등의 심사 자료로 사용합니다. 승진제도 THE SYN은 매년 인사평가를 통해 포상 및 승진자를 선별하며, 성과 및 능력에 따라 승진 제도를 운영하고 있습니다. 보상체계 THE SYN은 매년 지급하는 기본 연봉과 매년 회사 및 개인 성과에 따라 지급하는 인센티브로 구성된 성과급형 임금제도를 운영합니다. 복리후생 전 임직원 해외 및 국내 워크숍 장기근속 포상 5년 단위/포상금 및 휴가 우사사원 및 우수부서 포상 인재추천 포상 자기개발비 지원 학위, 자격증 등 명절선물 기념일 조기퇴근 월별 부서 활동비 지원 부서 워크숍 지원 법인 보유 리조트 사내동호회 회사 기숙사 운영 주식회사 더씬 주소 : 서울특별시 강동구 고덕비즈밸리로 2가길 67 (고덕동, 휴네시온타워), 6층 대표자명 : 정동섭, 신규식 대표번호 : 02-539-9530 팩스 : 02-6280-9530 사업자등록번호 : 451-81-00075","","","","인센티브","","서울","","","","","","active","2026-04-20T06:27:08.468224","2026-04-20T06:27:08.468246","True"
"481","3538","(주)엔씨엘","(주)금화피에스시","https://www.netchus.com/hr3","인재채용 풍부한 시공경험과기술력을 바탕으로 미래를 선도하는 금화피에스시 인재채용 금화피에스시 사업분야 투자정보 지속가능경영 인재채용 홍보센터 고객지원 신문고 인사제도 인사제도 채용 인사제도 채용 복리후생 금화피에스시의 복리후생 제도는 임직원 개인과 가족, 회사간의 조화로운 발전과 더불어 높은 만족도를 통하여 즐거운 여가를 보내는데 도움이 되는 제도를 만들어갑니다. 근무시간 평일(월~금) 09:00~18:00(주 5일 근무제) 사내복리후생제도 학자금지원 2년이상 근속 임직원의 자녀중 유치원,중,고,대학생 학자금지원 주택자금보조지원 재직중인 임직원중 무주택자를 위한 주택자금 지원 경조사지원 경조금 및 경조화환 지원 동아리지원 직원의 취미활동 및 친목도로를 위한 각종 사내 동아리 활동지원 건강진단 전 임직원을 대상으로 2년 1회 실시 모범사원해외연수지원 매년 1회 모범사원 선발, 본인외 1인 해외연수 3박 4일 지원 콘도회원권 운영 직원 및 가족들의 여가선용과 재충전기회를 위한 콘도 운영 현장근무자 숙소지원 현장 근무 임직원에게 숙소 제공 법정복리후생제도 산재보험 국민연금 건강보험 고용보험 교육제도 사내 발전정비교육 당사 충남 당진 소재, 사내 개인별 전문기술 배양 사내외 계층별교육 사내외 교육 사내외 직종별 전문직무교육 금화피에스시 평가보상 철학 평가절차의 공정성 및 투명성 확보를 통하여 합리적이고 공정한 평가운영 회사목표 및 개인목표의 연계, 평가 항목을 사전합의하여 과정과 결과를 통한 육성형 평가 조직 및 개인의 성과, 역량에 따른 공정한 보상을 통하여 우수인재 및 경쟁력 확보와 유지","","","","","","충남","","","","","","active","2026-04-20T06:27:31.206934","2026-04-20T06:27:31.206958","True"
"482","5319","(주)브이이엔지","고객센터","http://www.veng.co.kr/careers",": 마케팅, 전시, eDM, 유튜브 ● 전자기장 해석 엔지니어 모집기간: 수시채용 지원방법: 이메일 (admin@veng.co.kr) – 자유양식 이력서와 자기소개서 송부 고용형태: 정규직 근무조건: 4대보험, 연봉제(연봉은 사규에 따르며 면접 후 협의), 성과급, 명절휴가 교통비 담당업무: CST소프트웨어 기술지원, 교육 및 Consulting","",": 전자기장 해석 관련 석사학위 이상 소유자, 관련 소프트웨어 (CST, ANSYS 등) 사용 경험자 ● 구조 해석 엔지니어 모집기간: 수시채용 지원방법: 이메일 (admin@veng.co.kr) – 자유양식 이력서와 자기소개서 송부 고용형태: 정규직 근무조건: 4대보험, 연봉제(연봉은 사규에 따르며 면접 후 협의), 성과급, 명절휴가 교통비","","","","경기","정규직","","","2025-10-20","2025-11-19","active","2026-04-20T06:27:50.964981","2026-04-20T06:27:50.964996","True"
"483","5661","주식회사 미래정보기술원","(주)미래정보기술원","http://www.mitaudit.co.kr/recruit.php?p=1","Home 회사소개 회사개요 조직도 사업분야 정보시스템 분야 정보통신 분야 컨설팅 분야 사업실적 감리 컨설팅 인재채용 인재모집 고객지원 감리비산정 보도자료 자료실 NEWS [ 2025-09-04 ] [전자신문] 오픈AI, 일반·추론 통합 AI 모델 'GPT-5' 공개…“... [ 2025-09-04 ] [전자신문] 공공 차세대 '발주자 가이드라인' 마련…공공 SW 사업 품질... [ 2025-09-04 ] [전자신문] 오픈AI, 새 AI 모델 GPT-4.1 공개…코딩·지시수행↑... [ 2025-09-04 ] [전자신문] 70만 공무원 쓰는 '온-나라 시스템', AI·클라우드로... [ 2025-03-20 ] [전자신문] 정부, '민관협력형(PPP) 클라우드' 증설한다. 인재모집 (주)미래정보기술원은 고객님들의 만족을 약속합니다. 인재채용 인재모집 모집부문 정보시스템감리 정보통신감리 PMO컨설팅 모집시기 연중상시 지원자격 기술사, 감리사, 정보시스템수석감리원 및 감리원 자격소유자 IT컨설팅 분야의 5년 이상의 경력자 접수방법 아래의 신청서를 다운로드 받아 작성하여, 이력서(경력사항 포함, 자기소개서 A4 2장 이내)와 함께 E-mail : mit@mitaudit.co.kr 로 접수 하여 주시기 바랍니다. 지원신청서 양식 접수문의 경영관리본부 박상현 과장 Tel: 02-3471-0183 / Fax: 02-6442-0866 e-Mail: mit@mitaudit.co.kr 인재채용 인재모집 Home 회사소개 사업분야 사업실적 인재채용 고객지원 상호명: 미래정보기술원 / 대표자: 장석윤 / 주소: 서울특별시 용산구 한강대로98길 3, 8층(갈월동, KCC IT빌딩 Tel. 02-3447-0183 / Fax. 02–6442-0866 / E-mail: mit@mitaudit.co.kr","Home 회사소개 회사개요 조직도 사업분야 정보시스템 분야 정보통신 분야 컨설팅 분야 사업실적 감리 컨설팅 인재채용 인재모집 고객지원 감리비산정 보도자료 자료실 NEWS [ 2025-09-04 ] [전자신문] 오픈AI, 일반·추론 통합 AI 모델 'GPT-5' 공개…“... [ 2025-09-04 ] [전자신문] 공공 차세대 '발주자 가이드라인' 마련…공공 SW 사업 품질... [ 2025-09-04 ] [전자신문] 오픈AI, 새 AI 모델 GPT-4.1 공개…코딩·지시수행↑... [ 2025-09-04 ] [전자신문] 70만 공무원 쓰는 '온-나라 시스템', AI·클라우드로... [ 2025-03-20 ] [전자신문] 정부, '민관협력형(PPP) 클라우드' 증설한다. 인재모집 (주)미래정보기술원은 고객님들의 만족을 약속합니다. 인재채용 인재모집 모집부문 정보시스템감리 정보통신감리 PMO컨설팅 모집시기 연중상시 지원자격 기술사, 감리사, 정보시스템수석감리원 및 감리원 자격소유자 IT컨설팅 분야의 5년 이상의 경력자 접수방법 아래의 신청서를 다운로드 받아 작성하여, 이력서(경력사항 포함, 자기소개서 A4 2장 이내)와 함께 E-mail : mit@mitaudit.co.kr 로 접수 하여 주시기 바랍니다. 지원신청서 양식 접수문의 경영관리본부 박상현 과장 Tel: 02-3471-0183 / Fax: 02-6442-0866 e-Mail: mit@mitaudit.co.kr 인재채용 인재모집 Home 회사소개 사업분야 사업실적 인재채용 고객지원 상호명: 미래정보기술원 / 대표자: 장석윤 / 주소: 서울특별시 용산구 한강대로98길 3, 8층(갈월동, KCC IT빌딩 Tel. 02-3447-0183 / Fax. 02–6442-0866 / E-mail: mit@mitaudit.co.kr Copyright (c)2014 미래정보기술원 All Right Reserved.","","","","","서울","","","","2025-08-05","2025-09-04","active","2026-04-20T06:28:16.476463","2026-04-20T06:28:16.476481","True"
"484","10335","주식회사 모코코","채용 - MOCOCO","https://mococo.co.kr/recruit","MOCOCO 채용 채용 모코코의 채용 소개 페이지 입니다 Hiring 채용공고 현재 모코코에서 진행하고 있는 채용공고입니다. Inquiry 채용문의 채용 관련 문의사항이 있으신 경우, 아래 양식을 통해 문의부탁드립니다. Recruitment FAQs 채용 FAQ 모코코 채용 관련하여 자주 문의하는 질문에 대한 답변입니다. Who we look for 인재상 타인의 피드백에 열려있고, 함께 일하면서 성장하는 인재들을 기다립니다. Life at Mococo 조직문화 직원이 원하는 방향으로 모코코의 문화가 만들어집니다. Benefits 복지제도 모코코는 직원들이 자신의 업무를 기쁘게 수행하며, 서로에게 존중과 지지가 이루어지는 행복한 근무 환경을 조성합니다.","","","","","","","","","","","","active","2026-04-20T06:29:53.331176","2026-04-20T06:29:53.331201","True"
"485","12506","재단법인 한국문화정보원","알림마당 | 채용정보 - 한국문화정보원","https://www.kcisa.kr/kr/board/recruit/boardList.do?pageIndex=3","운영사이트 바로가기 공공누리 공공저작권 신탁관리시스템 모바일큐아이 문화공공데이터광장 문화비소득공제 문화빅데이터플랫폼 문화포털 5G기반실감형전시플랫폼 공지사항 입찰정보 계약정보 채용정보 보도자료 행사 및 홍보 채용정보 전체 제목 내용 검색구분 검색어 검색 총 413 건의 게시물이 등록 되어 있습니다. 채용정보 - 리스트 ( 번호, 제목, 첨부, 등록일, 조회수) 번호 제목 첨부 등록일 조회수 393 한국문화정보원 2024년 하반기 제1차 직원채용 면접전형 결과 안내 24.12.24 1018 392 한국문화정보원 2024년 하반기 제1차 직원채용 서류전형 결과 및 면접전형 안내 24.12.13 1417 391 한국문화정보원 2024년 하반기 제2차 직원채용(정규직(무기직)) 공고 24.12.02 5771 390 한국문화정보원 2024년 하반기 제1차 직원채용(체험형인턴) 공고 24.11.21 6762 389 한국문화정보원 2024년 상반기 제4차 직원채용 면접전형 결과 안내 24.08.02 1843 388 한국문화정보원 2024년 상반기 제3차 직원채용 면접전형 결과 안내 24.07.25 1270 387 한국문화정보원 2024년 상반기 제4차 직원채용 필기전형 결과 및 면접전형 안내 24.07.23 1227 386 한국문화정보원 2024년 상반기 제4차 직원채용 서류전형 결과 및 필기전형 안내 24.07.16 1437 385 한국문화정보원 2024년 상반기 제3차 직원채용 서류전형 결과 및 면접전형 안내 24.07.16 1130 384 한국문화정보원 2024년 상반기 제4차 직원채용(정규직) 24.06.24 12373 1 2 3 4 5","","","","","","","정규직","","","","","active","2026-04-20T06:30:40.643977","2026-04-20T06:30:40.643999","True"
"486","2665","주식회사 제이투디비 (J2DB Co. , Ltd. )","(주)제이투디비 J2DB Co., ltd.","https://www.j2db.co.kr/23","알림 뒤로 알림 설정 뒤로 더보기 게시물 알림 내 글 반응 내가 작성한 게시물이나 댓글에 다른 사람이 댓글이나 답글을 작성하면 알려줍니다. 공지사항 사이트에서 보내는 중요한 공지를 실시간으로 알려줍니다. Company Overview 기업 개요 연혁 대외인증 및 자격 Contact 성공사례 Solution 자체개발 솔루션 J2DB Spoc J2DB GD J2DB DM 파트너 솔루션 BMC Helix ITSM BMC Control-M STEG e-GENE ITSM Zendesk IT서비스 맞춤형 개발 ITO 및 통합유지보수 커뮤니티 뉴스 채용안내 Company Overview 기업 개요 연혁 대외인증 및 자격 Contact 성공사례 Solution 자체개발 솔루션 J2DB Spoc J2DB GD J2DB DM 파트너 솔루션 BMC Helix ITSM BMC Control-M STEG e-GENE ITSM Zendesk IT서비스 맞춤형 개발 ITO 및 통합유지보수 커뮤니티 뉴스 채용안내 (주 )제이투디 비 에 오신것을 환영합니다. Company Overview 기업 개요 연혁 대외인증 및 자격 Contact 성공사례 Solution 자체개발 솔루션 J2DB Spoc J2DB GD J2DB DM 파트너 솔루션 BMC Helix ITSM BMC Control-M STEG e-GENE ITSM Zendesk IT서비스 맞춤형 개발 ITO 및 통합유지보수 커뮤니티 뉴스 채용안내 (주)제이투디비에 오신것을 환영합니다. Careers (주)제이투디비 인재상 J 2 D B J ointly, 개인이 아닌 조직으로 T ogether, 업무에서는 언제나 함께 하고 D eep diving, 깊이 배우고자 하는 자세로 B uild, 미래를 만들어 나가는 제이투디비가 되고자 합니다 채용 시기 연중 상시 채용 채용 절차 응시 자격 학력에 제한이 없습니다. 해외여행에 결격사유가 없고, 병역을 기피한 사실이 없어야 합니다. 접수 및 문의처 접수 처 : (주)제이투디비 인사담당자 ( j2db1005@j2db.co.kr ) Tel. 031-781-3290 신입 : 졸업증명서, 성적증명서, 자격증사본 경력 : 졸업증명서, 성적증명서, 자격증사본, 경력증명서, 최근급여명세표 Ter ​ ​ ms of Use l Privacy Policy 13449 경기도 성남시 수정구 창업로40번길 30, B112호~B115호 | Tel 031-781-3290 | Fax 02-755-3291 | 대표이사 : 김병욱 @","","","응시 자격 학력에 제한이 없습니다. 해외여행에 결격사유가 없고, 병역을 기피한 사실이 없어야 합니다. 접수 및 문의처 접수 처 : (주)제이투디비 인사담당자 ( j2db1005@j2db.co.kr ) Tel. 031-781-3290 신입 : 졸업증명서, 성적증명서, 자격증사본 경력 : 졸업증명서, 성적증명서, 자격증사본, 경력증명서, 최근급여명세표 Ter ​ ​ ms of Use l Privacy Policy 13449 경기도 성남시 수정구 창업로40번길 30, B112호~B115호 | Tel 031-781-3290 | Fax 02-755-3291 | 대표이사 : 김병욱 @Copyright 2026. All Right Reserved. Made by J2DB Co., ltd y Copyright ⓒ 2026 (주)제이투디비 J2DB Co., ltd. All rights reserved.","","","경기","","","","","","active","2026-04-20T06:33:56.670801","2026-04-20T06:33:56.670824","True"
"487","217","네이버웹툰","NAVER WEBTOON Careers","https://recruit.webtoonscorp.com/rcrt/list.do","Join us Search Jobs 검색 아이콘 Filter 직군/직무 Tech 전체 Software Development Frontend Android iOS Backend AI/ML Data Engineering Embedded SW Graphics Hardware Development Hardware Infra Engineering Infra Engineering Data Center Engineering Security Security Tech Operations Tech Staff QA 공통 공통 Design 전체 Product Design Product Design Visual Comm. & Brand Design Visual Comm. & Brand Design Interactive Design Interactive Design Experience Insight & Planning Experience Insight & Planning Content Writing Content Writing 공통 공통 Service & Business 전체 Product Development Product Development Content Development Content Development Business Development Business Development Trust&Safety Trust&Safety 어카운트/세일즈 어카운트/세일즈 공통 공통 Corporate 전체 Marketing Marketing Brand Planning Content Creative User Research & Data Insight Finance 재무기획 회계 세무 자금 Service Infra 소싱 운영관리 빌링 구매 부동산 Partner Growth Support Partner Growth Support Corporate Development 투자 Investor Relations Corporate Strategy ESG Compliance Risk Management 내부감사 Legal 법무 지식재산 Privacy 개인정보보호 통신비밀보호 Communication Strategic Communication 산업및정책연구 Corporate Experience HR Human Resources Employee Relations Talent Acquisition Culture Experience Assist 채용운영 통번역 비서 기사 Health Care 운영지원 고용형태 정규 계약 인턴 경력 신입 경력 무관 근무지 분당 서울 춘천 세종 글로벌 Clear filters filter 닫기 지난 공개 채용 다시보기 Join us 네이버웹툰과 함께할 동료를 기다립니다. Search Jobs 검색 아이콘 [네이버웹툰] International PMO (경력) 모집 부서 Service & Business 모집 분야 Business Development 모집 경력 경력 근로 조건 정규 모집 기간 2026.04.16 ~ 2026.05.05 Share Save 주소가 복사되었습니다. 원하는 곳에 붙여넣기(Ctrl+V)해 주세요. 닫기 버튼 네이버 블로그 네이버 카페 라인 링크드인 카카오톡 페이스북 URL 복사 NAVER [네이버웹툰] 연결회계 (경력) 모집 부서 Corporate 모집 분야 회계 모집 경력 경력 근로 조건 정규 모집 기간 2026.04.15 ~ 2026.05.05 Share Save 주소가 복사되었습니다. 원하는 곳에 붙여넣기(Ctrl+V)해 주세요. 닫기 버튼 네이버 블로그 네이버 카페 라인 링크드인 카카오톡 페이스북 URL 복사 NAVER [네이버웹툰] Client Partner (US) (경력) 모집 부서 Service & Business 모집 분야 Business Development 모집 경력 경력 근로 조건 정규 모집 기간 2026.04.10 ~ 2026.04.26 Share Save 주소가 복사되었습니다. 원하는 곳에 붙여넣기(Ctrl+V)해 주세요. 닫기 버튼 네이버 블로그 네이버 카페 라인 링크드인 카카오톡 페이스북 URL 복사 NAVER [네이버웹툰] 태국어 현지화 프로젝트 코디네이터 (경력) 모집 부서 Service & Business 모집 분야 Content Development 모집 경력 경력 근로 조건 정규 모집 기간 2026.04.07 ~ 2026.04.26 Share Save 주소가 복사되었습니다. 원하는 곳에 붙여넣기(Ctrl+V)해 주세요. 닫기 버튼 네이버 블로그 네이버 카페 라인 링크드인 카카오톡 페이스북 URL 복사 NAVER [네이버웹툰] Korea Webtoon Data Analyst (경력) 모집 부서 Tech 모집 분야 Data Engineering 모집 경력 경력 근로 조건 정규 모집 기간 2026.04.08 ~ 2026.04.20 Share Save 주소가 복사되었습니다. 원하는 곳에 붙여넣기(Ctrl+V)해 주세요. 닫기 버튼 네이버 블로그 네이버 카페 라인 링크드인 카카오톡 페이스북 URL 복사 NAVER [네이버웹툰] 캐릭터 AI 모델 기획 및 테스트 (체험형 인턴) 모집 부서 Service & Business 모집 분야 Product Development 모집 경력 신입 근로 조건 인턴 모집 기간 2026.04.17 ~ 2026.04.26 Share Save 주소가 복사되었습니다. 원하는 곳에 붙여넣기(Ctrl+V)해 주세요. 닫기 버튼 네이버 블로그 네이버 카페 라인 링크드인 카카오톡 페이스북 URL 복사 NAVER [네이버웹툰] 퍼포먼스 마케팅 크리에이티브 (체험형 인턴) 모집 부서 Service & Business 모집 분야 Content Development 모집 경력 신입 근로 조건 인턴 모집 기간 2026.04.14 ~ 2026.04.28 Share Save 주소가 복사되었습니다. 원하는 곳에 붙여넣기(Ctrl+V)해 주세요. 닫기 버튼 네이버 블로그 네이버 카페 라인 링크드인 카카오톡 페이스북 URL 복사 NAVER [네이버웹툰] 인도네시아어 현지화 프로젝트 운영 지원 (체험형 인턴) 모집 부서 Service & Business 모집 분야 Content Development 모집 경력 신입 근로 조건 인턴 모집 기간 2026.04.08 ~ 2026.04.26 Share Save 주소가 복사되었습니다. 원하는 곳에 붙여넣기(Ctrl+V)해 주세요. 닫기 버튼 네이버 블로그 네이버 카페 라인 링크드인 카카오톡 페이스북 URL 복사 NAVER 네이버웹툰(유) 경력 경영지원 직군 인재Pool 모집 부서 Corporate 모집 분야 재무기획 외 모집 경력 경력 근로 조건 정규 모집 기간 상시모집 Share Save 주소가 복사되었습니다. 원하는 곳에 붙여넣기(Ctrl+V)해 주세요. 닫기 버튼 네이버 블로그 네이버 카페 라인 링크드인 카카오톡 페이스북 URL 복사 NAVER 네이버웹툰(유) 경력 디자인 직군 인재Pool 모집 부서 Design 모집 분야 Product Design 외 모집 경력 경력 근로 조건 정규 모집 기간 상시모집 Share Save 주소가 복사되었습니다. 원하는 곳에 붙여넣기(Ctrl+V)해 주세요. 닫기 버튼 네이버 블로그 네이버 카페 라인 링크드인 카카오톡 페이스북 URL 복사 NAVER 불러오는 중 입니다.","","","","","","서울","계약직","","","2026-03-17","2026-04-16","active","2026-04-20T06:37:52.195953","2026-04-20T06:37:52.195968","True"
"488","812","(주)제이쓰리씨","제이쓰리씨 채용공고","https://www.j3c.co.kr/myboard/em_recruit","채용공고 총 0 건의 채용공고가 있습니다. 등록된 데이터가 없습니다. 검색 조건 선택 제목 검색 제이쓰리씨 회사소개 J3C 소개 주요 연혁 회사위치 인증/특허 사업영역 국방 M&S AR·VR·XR Simulator Digital Twin 보유기술 구축 사례 주요 실적 현황 회사소식 보도자료 공지사항 고객사 및 파트너사 고객지원 문의하기 채용공고 브로셔 언어선택 KOR ENG","","","","","","","","","","","","active","2026-04-20T06:38:13.742108","2026-04-20T06:38:13.742131","True"
"489","1917","주식회사 지뉴소프트","인재상","https://gnewsoft.com/careers","Careers AI로 가치를 만들어가는 여정, 함께할 당신을 기다립니다. 지뉴소프트 채용 공고 보기 인재상 창의와 소통, 열정을 바탕으로 고객과 사회에 새로운 가치를 전하는 인재 다양한 시도와 협업을 통해 세계 최고 수준의 목표를 달성하는 인재 01 Challenge 끊임없는 시도와 실행 변화하는 시장 속에서 두려움 없이 새로운 길을 개척합니다. 02 Innovation 차별화된 가치 창출 첨단 AI와 원천기술로 사회와 산업의 난제를 창의적으로 해결합니다. 03 Professionalism 깊이 있는 역량과 책임 전문성과 책임감을 바탕으로 글로벌 무대에서 신뢰받는 성과를 창출합니다. 04 Communication 열린 협력과 신뢰 존중과 투명한 소통으로 함께 성장의 기반을 만듭니다. 05 Responsibility 책임감 있는 완수 맡은 일에 책임을 가지고 끝까지 마무리하며, 함께 성장의 신뢰를 쌓아갑니다. 지뉴소프트 소개영상 복지와 보상 지뉴소프트는 사람 중심의 문화를 바탕으로, 구성원의 Work & Life를 위한 실질적인 복지를 제공합니다. 채용 공고 5개의 채용공고가 있습니다.","","","","","","","","","","","","active","2026-04-20T06:38:49.055812","2026-04-20T06:38:49.055833","True"
"490","5054","주식회사 지비아이티(GBIT Co.Ltd)","사이트 메뉴","http://www.gbit.co.kr/?act=info.page&pcode=sub3-4","사이트 메뉴 회사소개 지비아이티생각 사업비전 조직도 근무제도&복지 찾아오시는 길 사업분야 사업분야 사업실적 주요고객 공지사항 공지사항 우리들이야기 지비톡 채용정보 채용정보 공지사항 우리들이야기 지비톡 채용정보 우리 ㈜지비아이티는 “직원의 마음을 채워 고객의 필요를 채운다”는 신념을 기본으로 직원들과 이익을 공유하고, 직원과 소통을 통해 회사를 경영하는 직원이 주인인 회사이며, 이를 위해 끊임없이 노력하는 회사입니다. 우리 회사와 함께 꿈을 키워가실 창의적이고 도전적인 인재를 찾습니다. 채용분야 증권업무 시스템 운영 및 개발 응용프로그래머(업무시스템 운영 프로그래머) 지원자격 IT관련 전공자 증권금융 IT 개발 및 운영 유경험자 우대 관련분야 자격증 소지자 우대 병역필 또는 면제자로서 해외여행에 결격사유가 없는자 기술요건 Pro-C, C, Java, Oracle, Sql 가능자 전형방법 1차(서류전형) : 이력서(기술능력 및 경력 포함) 및 자기소개서 ※ e-mail접수 : gbit@gbit.co.kr 2차(면접전형) : 임원 및 담당업무팀장 ※ 1차전형 합격자 개별통지 모집시기 충원계획에 의한 연중 수시 모집 경력사항 신입 및 경력 문의처 gbit@gbit.co.kr [ Sitemap ] 지비아이티는? 지비아이티의 생각 | 사업비전 | 조직도 | 근무제도&복지 | 찾아오시는 길 사업분야 사업분야 | 사업실적 | 주요고객 공지사항 공지사항 | 우리들이야기 | 지비톡 | 채용정보","","관련분야 자격증 소지자 우대 병역필 또는 면제자로서 해외여행에 결격사유가 없는자 기술요건 Pro-C, C, Java, Oracle, Sql 가능자 전형방법 1차(서류전형) : 이력서(기술능력 및 경력 포함) 및 자기소개서 ※ e-mail접수 : gbit@gbit.co.kr 2차(면접전형) : 임원 및 담당업무팀장 ※ 1차전형 합격자 개별통지 모집시기 충원계획에 의한 연중 수시 모집 경력사항 신입 및 경력 문의처 gbit@gbit.co.kr [ Sitemap ] 지비아이티는? 지비아이티의 생각 | 사업비전 | 조직도 | 근무제도&복지 | 찾아오시는 길 사업분야 사업분야 | 사업실적 | 주요고객 공지사항 공지사항 | 우리들이야기 | 지비톡 | 채용정보 이용약관 개인정보취급방침 이메일주소무단수집거부 회사명 : (주)지비아이티 대표이사 : 이기광, 이진영 사업자등록번호 : 109-86-38108 본사 : (우08785) 서울특별시 관악구 청룡2길 16-8 여의도사업장 : (우07331) 서울특별시 영등포구 국제금융로6길 33 맨하탄빌딩 5층 지비아이티 Email : gbit@gbit.co.kr Tel : 02-767-8343 회사명 : (주)지비아이티 대표이사 : 이기광, 이진영 사업자등록번호 : 109-86-38108 본사 : (우08785) 서울특별시 관악구 청룡2길 16-8 여의도사업장 : (우07331) 서울특별시 영등포구 국제금융로6길 33 맨하탄빌딩 5층 지비아이티 Email : gbit@gbit.co.kr Tel : 02-767-8343 Copyright ⓒ (주)지비아이티 All rights reserved. Designed & Programmed by WHOIS","","","","서울","","","","","","active","2026-04-20T06:40:41.512091","2026-04-20T06:40:41.512114","True"
"491","6750","주식회사 인아이티","인아이티 :: Recruit","http://www.initgroup.kr/html/Recruit.html#job-3b995fe4-0","국내외 통계 시스템 관련 자료 Search 및 자료 정리 해외 규정(통계법 관련) 번역 및 보고서 작성 국내외 통계 포털 시스템 및 데이터 센터 현황 파악 OA 문서 작성 (PPT, 엑셀, 한글), 통계 패키지 R 기능 습득 3. 업무 스킬 OA(PPT, 엑셀, 한글) 중급 수준 성실하고 책임감이 강한 인재 영어 Skill 중급 수준(해외 Site Search 및 보고서 작성, 자료 번역 가능자) 4. 제출 서류 서류 접수 : 일반 이력서, 자기소개서 접수 방법 : 이메일(support@initgroup.kr) 및 우편 접수 연락처 : Tel / 070 . 8785 . 9647 _ Fax / 042 . 483 . 9647 5. 기타 급여는 회사 규정에 따르며 면접 후 조정 가능함 짧은 기간 동안 국내외 통계 시스템에 대한 식견을 넓힐 수 있음 국내 통계 데이터 관련 Meta Data, Macro Data, Row Data 등에 대한 식견을 넓힐 수 있음 업무 포탈 및 통계 시스템 개발ㆍ운영 경력 및 인턴 모집 1. 모집분야 모집 부분 : 업무 포탈 및 통계 시스템 개발・운영 모집 직급 : 경력 및 인턴 모집 인원 : 수시모집 근무 지역 : 대전광역시 외 기타 지역 2.","Recruit 전문성과 빅데이터 기반의 분석 노하우를 통한 고객의 NEEDS를 다양한 분석방법을 활용하여 맞춤형 콘텐츠 개발 및 서비스를 하는 통계 전문 분석 업체입니다 통계 시스템 컨설팅 인턴 모집 1. 모집분야 모집 부분 : 국내외 통계 시스템 모집 직급 : 인턴 및 아르바이트 모집 인원 : 수시모집 근무 기간 : 3개월 (인턴 계약 종료 후, 면접 및 평가를 통한 정규직 전환) 근무 지역 : 대전광역시 2. 담당 업무 국내외 통계 시스템 관련 자료 Search 및 자료 정리 해외 규정(통계법 관련) 번역 및 보고서 작성 국내외 통계 포털 시스템 및 데이터 센터 현황 파악 OA 문서 작성 (PPT, 엑셀, 한글), 통계 패키지 R 기능 습득 3. 업무 스킬 OA(PPT, 엑셀, 한글) 중급 수준 성실하고 책임감이 강한 인재 영어 Skill 중급 수준(해외 Site Search 및 보고서 작성, 자료 번역 가능자) 4. 제출 서류 서류 접수 : 일반 이력서, 자기소개서 접수 방법 : 이메일(support@initgroup.kr) 및 우편 접수 연락처 : Tel / 070 . 8785 . 9647 _ Fax / 042 . 483 . 9647 5. 기타 급여는 회사 규정에 따르며 면접 후 조정 가능함 짧은 기간 동안 국내외 통계 시스템에 대한 식견을 넓힐 수 있음 국내 통계 데이터 관련 Meta Data, Macro Data, Row Data 등에 대한 식견을 넓힐 수 있음 업무 포탈 및 통계 시스템 개발ㆍ운영 경력 및 인턴 모집 1. 모집분야 모집 부분 : 업무 포탈 및 통계 시스템 개발・운영 모집 직급 : 경력 및 인턴 모집 인원 : 수시모집 근무 지역 : 대전광역시 외 기타 지역 2. 자격 요건 통계학, 상경계열, 컴퓨터 관련 전공자로 학사학위 이상 소지자 및 동등 자격 소유자 통계 시스템 운영 관리 업무 유 경험자 웹 개발(JAVA), 파이썬(Python), R, SQL을 활용한 프로그램 개발 가능자 3. 우대 사항 정보처리기사 자격증 및 데이터 분석 자격증 보유자(SAS, ADP, ADSP) 정부 및 공공기관 영역 사업 PM 경험 보유자 4. 선발 방법 1차 서류 면접 2차 대면 면접(서류 전형 합격자에 한해 진행됨) 3차 임원 면접 5. 제출 서류 서류 접수 : 일반 이력서, 자기소개서, 소프트웨어기술자 경력증명서(경력직 지원자만 해당) 접수 방법 : 이메일(support@initgroup.kr) 및 우편 접수 연락처 : Tel / 070 . 8785 . 9647 _ Fax / 042 . 483 . 9647 6. 기타 급여는 회사 규정에 따르며 면접 후 조정 가능함 임용 제한 금치산자 또는 한정치산자 파산자로서 복권되지 아니한 자 금고 이상의 형을 받고 그 집행이 종료되거나 면제된 후 5년이 경과되지 아니한 자 징계에 의하여 파면 처분을 받은 날로부터 5년이 경과되지 아니한 자 법원의 판결에 의하여 자격이 상실 또는 정지된 자 병역법에 의한 병역 기피자 제출 서류에 허위사실이 판명된 자 기타 인아이티에서 부적합하다고 인정되는 사유가 있는 자","정보처리기사 자격증 및 데이터 분석 자격증 보유자(SAS, ADP, ADSP) 정부 및 공공기관 영역 사업 PM 경험 보유자 4. 선발 방법 1차 서류 면접 2차 대면 면접(서류 전형 합격자에 한해 진행됨) 3차 임원 면접 5. 제출 서류 서류 접수 : 일반 이력서, 자기소개서, 소프트웨어기술자 경력증명서(경력직 지원자만 해당) 접수 방법 : 이메일(support@initgroup.kr) 및 우편 접수 연락처 : Tel / 070 . 8785 . 9647 _ Fax / 042 . 483 . 9647 6. 기타 급여는 회사 규정에 따르며 면접 후 조정 가능함 임용 제한 금치산자 또는 한정치산자 파산자로서 복권되지 아니한 자 금고 이상의 형을 받고 그 집행이 종료되거나 면제된 후 5년이 경과되지 아니한 자 징계에 의하여 파면 처분을 받은 날로부터 5년이 경과되지 아니한 자 법원의 판결에 의하여 자격이 상실 또는 정지된 자 병역법에 의한 병역 기피자 제출 서류에 허위사실이 판명된 자 기타 인아이티에서 부적합하다고 인정되는 사유가 있는 자","","","","대전","정규직","","","","","active","2026-04-20T06:41:54.309255","2026-04-20T06:41:54.309274","True"
"492","10096","주식회사 크립토랩","HEaaN Library","https://www.cryptolab.co.kr/careers#job-ab164226-4","동형암호 최적화를 위해서는 CPU/GPU/FPGA등의 시스템 수준 최적화가 필요합니다. 크립토랩은 시스템 최적화를 통해 세계 최고의 속도를 자랑하는 동형암호 라이브러리를 개발했고, 지속적인 성능 개선을 위해 시스템/Compiler 분야 전문가를 모집하고 있습니다. 크립토랩에 입사하게 되면 최고의 전문가 분들과 협력하며 본인의 능력을 키울 수 있습니다.","","","","","","","","","","","","active","2026-04-20T06:43:35.572074","2026-04-20T06:43:35.572092","True"
"493","10096","주식회사 크립토랩","HEaaN PQC","https://www.cryptolab.co.kr/careers#job-19cafd6f-6","기존 컴퓨터가 해결하는데 수 조 년이 걸리는 문제를 단 몇 분 만에 처리할 수 있는 양자컴퓨팅으로 무장한 사이버 위협으로부터 데이터를 보호하기 위해서, 크립토랩이 개발한 양자안전암호를 기반으로 암호 알고리즘에 대하여 흥미를 가지고 함께 구현/분석할 수 있는 분을 모십니다. 암호화에 대한 이해를 바탕으로 현재와 미래에 더 안전한 환경을 만들어 갈 수 있습니다.","","기존 컴퓨터가 해결하는데 수 조 년이 걸리는 문제를 단 몇 분 만에 처리할 수 있는 양자컴퓨팅으로 무장한 사이버 위협으로부터 데이터를 보호하기 위해서, 크립토랩이 개발한 양자안전암호를 기반으로 암호 알고리즘에 대하여 흥미를 가지고 함께 구현/분석할 수 있는 분을 모십니다. 암호화에 대한 이해를 바탕으로 현재와 미래에 더 안전한 환경을 만들어 갈 수 있습니다.","","","","","","","","","","active","2026-04-20T06:43:35.579619","2026-04-20T06:43:35.579630","True"
"494","11459","다공에스앤티 주식회사","[상시채용] 철근샵드로잉(샵기사) 경력직 채용","https://www.dakong.co.kr/boardPost/128229/1","다공에스앤티 주식회사 LOG IN 로그인 회사소개 사업분야 I 철근SHOP도면 작성 I 자재모니터링 보고서 I BIM 골조 수량산출 I CCTV시스템 설계시공 I 에너지시스템 컨설팅 I 스마트시티적용 컨설팅 프로젝트 인재채용 다공에스앤티 주식회사 회사소개 사업분야 I 철근SHOP도면 작성 I 자재모니터링 보고서 I BIM 골조 수량산출 I CCTV시스템 설계시공 I 에너지시스템 컨설팅 I 스마트시티적용 컨설팅 프로젝트 인재채용 Search 검색 Log In 로그인 Cart 장바구니 다공에스앤티 주식회사 다공에스앤티 주식회사 회사소개 사업분야 I 철근SHOP도면 작성 I 자재모니터링 보고서 I BIM 골조 수량산출 I CCTV시스템 설계시공 I 에너지시스템 컨설팅 I 스마트시티적용 컨설팅 프로젝트 인재채용 Search 검색 Log In 로그인 Cart 장바구니 다공에스앤티 주식회사 수정하기 삭제하기 글쓴이 내용 댓글 쓰기 목록으로 가기","","","","","","서울","","","","","","active","2026-04-20T06:43:58.946283","2026-04-20T06:43:58.946304","True"
"495","11459","다공에스앤티 주식회사","[상시채용] 빌더허브 모델러 경력직 채용","https://www.dakong.co.kr/boardPost/128229/2","다공에스앤티 주식회사 LOG IN 로그인 회사소개 사업분야 I 철근SHOP도면 작성 I 자재모니터링 보고서 I BIM 골조 수량산출 I CCTV시스템 설계시공 I 에너지시스템 컨설팅 I 스마트시티적용 컨설팅 프로젝트 인재채용 다공에스앤티 주식회사 회사소개 사업분야 I 철근SHOP도면 작성 I 자재모니터링 보고서 I BIM 골조 수량산출 I CCTV시스템 설계시공 I 에너지시스템 컨설팅 I 스마트시티적용 컨설팅 프로젝트 인재채용 Search 검색 Log In 로그인 Cart 장바구니 다공에스앤티 주식회사 다공에스앤티 주식회사 회사소개 사업분야 I 철근SHOP도면 작성 I 자재모니터링 보고서 I BIM 골조 수량산출 I CCTV시스템 설계시공 I 에너지시스템 컨설팅 I 스마트시티적용 컨설팅 프로젝트 인재채용 Search 검색 Log In 로그인 Cart 장바구니 다공에스앤티 주식회사 수정하기 삭제하기 글쓴이 내용 댓글 쓰기 목록으로 가기","","","","","","서울","","","","","","active","2026-04-20T06:44:03.756106","2026-04-20T06:44:03.756126","True"
"496","11459","다공에스앤티 주식회사","[상시채용] 연구개발 업무 신규직 채용","https://www.dakong.co.kr/boardPost/128229/3","다공에스앤티 주식회사 LOG IN 로그인 회사소개 사업분야 I 철근SHOP도면 작성 I 자재모니터링 보고서 I BIM 골조 수량산출 I CCTV시스템 설계시공 I 에너지시스템 컨설팅 I 스마트시티적용 컨설팅 프로젝트 인재채용 다공에스앤티 주식회사 회사소개 사업분야 I 철근SHOP도면 작성 I 자재모니터링 보고서 I BIM 골조 수량산출 I CCTV시스템 설계시공 I 에너지시스템 컨설팅 I 스마트시티적용 컨설팅 프로젝트 인재채용 Search 검색 Log In 로그인 Cart 장바구니 다공에스앤티 주식회사 다공에스앤티 주식회사 회사소개 사업분야 I 철근SHOP도면 작성 I 자재모니터링 보고서 I BIM 골조 수량산출 I CCTV시스템 설계시공 I 에너지시스템 컨설팅 I 스마트시티적용 컨설팅 프로젝트 인재채용 Search 검색 Log In 로그인 Cart 장바구니 다공에스앤티 주식회사 수정하기 삭제하기 글쓴이 내용 댓글 쓰기 목록으로 가기","","","","","","서울","","","","","","active","2026-04-20T06:44:08.276433","2026-04-20T06:44:08.276454","True"
"497","11459","다공에스앤티 주식회사","인재채용 | 다공에스앤티 주식회사","https://www.dakong.co.kr/people","다공에스앤티 주식회사 LOG IN 로그인 회사소개 사업분야 I 철근SHOP도면 작성 I 자재모니터링 보고서 I BIM 골조 수량산출 I CCTV시스템 설계시공 I 에너지시스템 컨설팅 I 스마트시티적용 컨설팅 프로젝트 인재채용 다공에스앤티 주식회사 회사소개 사업분야 I 철근SHOP도면 작성 I 자재모니터링 보고서 I BIM 골조 수량산출 I CCTV시스템 설계시공 I 에너지시스템 컨설팅 I 스마트시티적용 컨설팅 프로젝트 인재채용 Search 검색 Log In 로그인 Cart 장바구니 다공에스앤티 주식회사 다공에스앤티 주식회사 회사소개 사업분야 I 철근SHOP도면 작성 I 자재모니터링 보고서 I BIM 골조 수량산출 I CCTV시스템 설계시공 I 에너지시스템 컨설팅 I 스마트시티적용 컨설팅 프로젝트 인재채용 Search 검색 Log In 로그인 Cart 장바구니 다공에스앤티 주식회사 회사소개 사업분야 프로젝트 인재채용 DAKONG solution & system & technology DAKONG solution & system & technology PEOPLE OF DAKONG 기술인의로서의 자부심, 작은 집단 일지라도 그말을 가슴깊게 새기고 일합니다. 수많은 사람이 함께 일하고 있는 건설분야에서 단순히 내일이 아니라고 쉽게 생각하여 누군가 지시하지 않으면 스스로 움지이지 않는 일이 늘 관습처럼 반복됩니다. 이런 분위기에 휩쓸리지 않고 과학적인 생각과 빅데이터에 기반한 트렌드 분석력을 바탕으로 '우리'가 하면 반듯이 믿을 수 있다라는 자신감과 함께 '신뢰'의 중심이 되어갑니다. 우리는 세상에 없는 기술들을 만듭니다. 누구나 안된다고 하는 그 일들을 '내가' 해야하기에 도전정신은 가장 중요한 다공의 인재상 중 하나입니다. 우리의 일은 거대한 기계의 수많은 톱니바퀴 중 하나에 불과합니다. 절대 혼자 해낼 수 없기에 동료를 넘어 회사 간에 협력정신은 건설인에게 빠져서는 안될 중요한 덕목입니다. 엔지니어는 끊임없이 탐구하는 직업입니다. 누군가 알려주는 매뉴얼이 아닌 스스로 찾아가며 탐구하는 빅데이터 속에서 보석을 찾아가는 과정은 언제나 흥분됩니다. ORGANIZATION 다공에스앤티는 총 7개 조직과 함께 연구개발실을 별도로 운영합니다. 광주본사는 DRS기술본부 산하 SHOP 3개팀과 연구개발 1개팀으로 구성되며 총 25명 근무 중입니다. 서울지사는 스마트도시본부 산하 BIM 1개팀과 EG솔루션 1개팀, 스마트시티 1개팀으로 구성되며 총 8명이 근무 중입니다. 서한석 대표이사 전남대학교 공학박사 서울과학기술대학교 석사 기획/인사관리팀 운영 옥종호 고문 콜로라도대학교 공학박사 서울과학기술대학교 교수역임 미국 구조기술사 보유 김윤석 본부장 광주본사 운영 담당자 총괄 경영/영업 담당자 DRS기술본부 운영 (모니터링) 김정민 이사 서울지사 운영 담당자 서울과학기술대 석사 EG솔루션팀 운영 (센싱,CCTV) 박계승 팀장 10년차 전문 엔지니어 SHOP도면작성 기준관리 DK-DRS 1팀 운영 (SHOP) 조예슬 팀장 8년차 전문 엔지니어 철근가공 및 자재관리법 교육 DK-DRS 2팀 운영 (SHOP) 이도영 팀장 8년차 전문 엔지니어 시공상세도 작성방법 교육 DK-DRS 3팀 운영 (SHOP) 이종현 팀장 서울과학기술대 석사 스마트도시본부 운영 BIM팀 운영 (적산) JOB ACADEMY 전문가 양성 취업아카데미 다공솔루션은 약 6년간 꾸준히 목포대학교 및 목포시와 협력을 체결하고 건축구조설계 전문인력 양성을 진행 중이며 수료한 인재를 대상으로 취업의 기회까지 제공 중입니다. 2023년에도 7명 정도의 신규인력이 다공에 취직하여 함께 엔지니어로서 성장하고 있습니다. RECRUIT NOTICE 다공은 여러분의 지원을 기다립니다. 번호 제목 글쓴이 조회수 등록일 3 [상시채용] 연구개발 업무 신규직 채용 관리자 / 조회수 1111 / 2023.01.20 14:18 2 [상시채용] 빌더허브 모델러 경력직 채용 관리자 / 조회수 1923 / 2021.06.03 19:03 1 [상시채용] 철근샵드로잉(샵기사) 경력직 채용 관리자 / 조회수 3042 / 2021.06.03 19:02 검색","","","","","","서울","","","","2022-12-21","2023-01-20","active","2026-04-20T06:44:13.803332","2026-04-20T06:44:13.803345","True"
"498","12497","(주)세피스","모집 부분 및 자격요건","https://www.seffice.com/Company/Recruit#job-4db011d7-3","모집부문 구분 자격요건 IT 기술영업 신입,경력 1) IT 영업 2년 이상자 또는 신입 2) 기간업무부분 영업가능자 (G/W + ERP) 개발자 (Developer,PM) 경력 1) 모바일 개발 경험자 2) 웹프로그래밍 개발 경험자 (HTML/ JavaScript / ASP / PHP) 3) DB프로그래밍 개발 경험자 (MSSQL, Oracle) 4) 개발경험자 우대 (C#, .NET, Java) 5) ActiveX 개발 경험자 우대 (VB, VC++) 6) 그룹웨어, ERP, POP 모듈 개발 경험자 7) 그룹웨어, ERP, POP 프로젝트 참여 경력우대","모집부문 구분 자격요건 IT 기술영업 신입,경력 1) IT 영업 2년 이상자 또는 신입 2) 기간업무부분 영업가능자 (G/W + ERP) 개발자 (Developer,PM) 경력 1) 모바일 개발 경험자 2) 웹프로그래밍 개발 경험자 (HTML/ JavaScript / ASP / PHP) 3) DB프로그래밍 개발 경험자 (MSSQL, Oracle) 4) 개발경험자 우대 (C#, .NET, Java) 5) ActiveX 개발 경험자 우대 (VB, VC++) 6) 그룹웨어, ERP, POP 모듈 개발 경험자 7) 그룹웨어, ERP, POP 프로젝트 참여 경력우대","","","","","","","","","","","active","2026-04-20T06:44:39.175165","2026-04-20T06:44:39.175191","True"
"499","12497","(주)세피스","채용 프로세스","https://www.seffice.com/Company/Recruit#job-25fcec86-4","세피스의 채용은 필요인력 발생시 수시채용하며 채용공고에서 회사 및 직무확인 후 입사가능합니다. 문의사항 : 02-852-4321 서류전형 이력서(사진,경력 및 상벌사항 포함) 1통 자기소개서 1부 (A4지 2장이내) 보내실 곳 : 담당자 메일 admin@seffice.com 면접전형 모집부문 실무진 면접 시행 및 경영진 면접 시행 결과통보 1주일안에 개별 통보해드리며, 제출하신 서류는 반환되지 않습니다. 입사 입사 교육및 수습과정이 개인에 따라 있을 수 있음","","","","","","","","","","","","active","2026-04-20T06:44:39.182638","2026-04-20T06:44:39.182655","True"
"500","12530","주식회사 프라임아이앤에스","채용정보 - 프라임 아이앤에스","http://prime-ins.co.kr/recruit#job-93d7b363-0","채용정보 여러분의 꿈과 도전을 함께 합니다. 채용절차 서류접수 서류전형 면접 – 1차(실무)/2차(임원) 입사결정 서류접수 · 모집기간 : 인재발굴을 위한 상시 채용 · 모집분야 : 1. IT영업 신입/경력 2. 솔루션 기술지원 신입/경력 · 지원방법 : E-mail 제출 (prime-ins@prime-ins.co.kr) 서류전형 공통 : 이력서/자기소개서(자유양식, MS-Word 또는 한글 작성), 최종 학교 성적증명서(신입에 한함) ※ 참고 : 기술직의 경우 1차 면접전형 시 기술 테스트 진행될 수 있음 ※ 당사 제출 서류는 일체 반환하지 않음 – 입사지원시 유의사항 • 이력서 : 희망 연봉 기재 및 증명사진 등재 필수 • 서류제출 : 경력 및 각종 증명서류는 면접전형시 제출 • 진행절차 : 서류전형 합격자에 한하여 개별 면접전형 일정 통보 채용문의 경영지원본부 인사팀 02-6268-6201 prime-ins@prime-ins.co.kr 02-6268-6203 주식회사 프라임아이앤에스 대표 : 김상구, 최원택 | 사업자 등록번호 : 698-81-00543 | 전화 : 02-6268-6201 | 팩스 : 02-6268-6203 (07251) 서울특별시 영등포구 영신로166, 207호(영등포동6가, 영등포반도아이비밸리 | 개인정보관리책임자 : 주식회사 프라임아이앤에스(prime-ins@prime-ins.co.kr) |","","","채용정보 여러분의 꿈과 도전을 함께 합니다. 채용절차 서류접수 서류전형 면접 – 1차(실무)/2차(임원) 입사결정 서류접수 · 모집기간 : 인재발굴을 위한 상시 채용 · 모집분야 : 1. IT영업 신입/경력 2. 솔루션 기술지원 신입/경력 · 지원방법 : E-mail 제출 (prime-ins@prime-ins.co.kr) 서류전형 공통 : 이력서/자기소개서(자유양식, MS-Word 또는 한글 작성), 최종 학교 성적증명서(신입에 한함) ※ 참고 : 기술직의 경우 1차 면접전형 시 기술 테스트 진행될 수 있음 ※ 당사 제출 서류는 일체 반환하지 않음 – 입사지원시 유의사항 • 이력서 : 희망 연봉 기재 및 증명사진 등재 필수 • 서류제출 : 경력 및 각종 증명서류는 면접전형시 제출 • 진행절차 : 서류전형 합격자에 한하여 개별 면접전형 일정 통보 채용문의 경영지원본부 인사팀 02-6268-6201 prime-ins@prime-ins.co.kr 02-6268-6203 주식회사 프라임아이앤에스 대표 : 김상구, 최원택 | 사업자 등록번호 : 698-81-00543 | 전화 : 02-6268-6201 | 팩스 : 02-6268-6203 (07251) 서울특별시 영등포구 영신로166, 207호(영등포동6가, 영등포반도아이비밸리 | 개인정보관리책임자 : 주식회사 프라임아이앤에스(prime-ins@prime-ins.co.kr) | Copyright © 2025 주식회사 프라임아이앤에스 All rights reserved.","","","서울","","","","","","active","2026-04-20T06:44:54.667282","2026-04-20T06:44:54.667298","True"
"501","15032","(주)에이씨아이케미칼아시아","채용센터","https://acieconchem.com/%ec%9d%b8%ec%9e%ac%ec%b1%84%ec%9a%a9","채용센터 인재채용 채용센터 인재상 인재채용 채용공고 인재상 인재채용 채용공고 채용센터 인재상 인재채용 채용공고 지속 가능한 미래를 위한 여정에 당신을 초대합니다! 환경 문제 해결에 대한 열정과 책임감을 가진 인재라면, ACI와 함께 지구를 더 나은 곳으로 만들어 갈 수 있습니다. 직무소개 복리후생 4대 보험 국민건강보험, 국민연금보험, 고용보험, 산재보험 퇴직금 퇴직연금제도 가입 휴가제도 연차휴가, 하계휴가 경조사지원 경조휴가, 경조사비 등 지원 포상제도 우수사원, 장기근속자, 각종 표창 및 포상 회식지원 부서별 단합 회식 워크샵 전직원의 화합과 소통을 위한 단합대회 수당지원 야근, 휴일, 출장 근무자 수당지원 교육지원 도서구입 및 자기계발비 지원 등 스톡옵션 전직원 대상 스톡옵션 시행 유연근무제 임신, 육아 유연 근무제 실시 청년내일채움공제 청년 초기경력 형성 지원 기념일, 명절 선물 직원 생일 등 기념일과 명절 선물 지급 채용절차 MMD-IV JNO-R-SH MMD-II MMD-I WTB-H WTB-V","","","","경조사비, 경조휴가, 스톡옵션, 퇴직금","","","","","","","","active","2026-04-20T06:46:07.242717","2026-04-20T06:46:07.242741","True"
"502","31961","알트","주메뉴","https://www.altech.kr/kr/recruit/recruit.php","ALT와 함께할 인재 를 기다립니다. ALT Team 전략기획 및 사업개발 회사의 경영 전략과 사업 방향성 리딩 상품기획 및 국내외 영업 전반적인 제품 기획•관리 및 B2B/B2C 시장에서 영업기회 발굴 UI/UX 디자인 사용자 및 제품에 최적화된 UI/UX 기획 및 디자인 Media 개발 미디어 디바이스에 대한 HW/SW/ME 개발 및 품질 관리 Mobile 개발 모바일 디바이스에 대한 HW/SW/ME 개발 및 품질 관리 경영 관리 회사의 재무•회계 관리 및 효율적인 인사제도 운영 복리후생 건강검진 직원 외 가족 1인 종합검진 지원 (배우자, 본인 및 배우자 부모) 경조사 지원 각종 경조금, 경조 휴가제 지원 기념일 선물 기념일 선물 및 상품권 지급 (명절 및 생일) 점심 식대 지원 점심 식대 지원 (연봉 별도) 월별 팀워크 장려비 부서별 회식비 지원, 1인당 워크샵 비용 지원 Happy Friday 월 1회 금요일 조기 퇴근제도 사내 인재 추천 제도 입사 추천인 포상금 지원 제도 선택적 복리후생 항공권, 숙박, 문화, 교육 등 다양한 복리후생 비용 지원 채용절차 입사지원 서류전형 면접전형 최종합격 현재 진행되고 있는 채용공고 가 없습니다. 채용공고 주식회사 알트 고객센터 1661-7098 E-mail service@altech.kr","","","","건강검진, 식대","","","","","","","","active","2026-04-20T06:47:37.737080","2026-04-20T06:47:37.737102","True"
"503","32286","비트맥스","제1조(개인(위치)정보의 처리목적, 수집방법, 수집항목 및 보유기간)","https://bitmax.im/About/recruit.php","BTC Investment BTC Investment 비트코인 AR 플랫폼 AR 플랫폼 상세 기능 Image Tracker + Cloud Recognizer Instant Tracker Object Tracker Space Tracker Marker Tracker QR Code Tracker AR Fusion Tracker QR/Barcode reader 적용사례 BITMAX AR SDK 디지털 트윈 플랫폼 디지털 트윈 플랫폼 상세 기능 워크스페이스 스튜디오 뷰어 적용사례 와이더스 구축형 솔루션 구축형 솔루션 산업용 AR 솔루션 AR 설비 점검 AR 원격 지원 디지털 트윈 솔루션 적용사례 MAXWORK ESG 경영 ESG 경영 경영원칙 기업윤리규범 경영진 준수 의지 개인정보 내부관리 계획 About About 회사소개 개요 회사 정보 사업 소개 특허 / 수상 / 성과 연혁 오시는 길 IR · PR 공고 공시정보 회사소식 주주서한 인재채용 문의하기 한국어 English 인재채용 next prev Home / About / 인재채용 BITMAX와 끊임없는 도전에 함께 할 구성원을 찾습니다. BITMAX와 함께 메타버스 세상을 만들어 갈 분들의 많은 지원 바랍니다. 인재채용 next prev 공유하기 채용절차 BITMAX는 상시채용 방식으로 진행하고 있습니다. 서류심사 실무면접 임원면접 최종 합격 채용공고 바로가기 궁금하신 점이 있으신가요? 문의하기를 통해 무엇이든 알려주세요. 문의하기 [뉴스레터 & 이벤트 정보] BITMAX 소식 구독 구독 신청 × 비트맥스 소식 구독하기 지금 구독하면 비트맥스의 최신 뉴스를 만나보실 수 있습니다. ""늘 진심이기에 바쁘고 복잡한 일상의 당신께, BITMAX가 이뤄낸 소식을 전합니다."" 이메일 국가 국가를 선택해주세요. Korea(한국) New Zealand(뉴질랜드) Australia(오스트레일리아) Singapore(싱가포르) Taiwan(대만) Malaysia(말레이시아) Thailand(타이) Vietnam(베트남) Philippines(필리핀) Japan(일본) Indonesia(인도네시아) India(인도) China(중국) Finland(핀란드) Denmark(덴마크) Austria(오스트리아) Sweden(스웨덴) Netherlands(네덜란드) Spain(스페인) Italy(이탈리아) France(프랑스) Germany(독일) United Kingdom(영국) United Arab Emirates(아랍에미리트) Saudi Arabia(사우디아라비아) Canada(캐나다) United States(미국) Chile(칠레) Peru(페루) Argentina(아르헨티나) Mexico(멕시코) Brazil(브라질) Etc(기타) 비트맥스(주) 개인(위치)정보처리방침 비트맥스 주식회사(이하 “회사”라고 합니다)는 정보주체의 자유와 권리 보호를 위해 「개인정보 보호법」 및 관계 법령이 정한 바를 준수하여, 적법하게 개인(위치)정보를 처리하고 안전하게 관리하고 있습니다. 이에 「개인정보 보호법」 제30조에 따라 정보주체에게 개인(위치)정보 처리에 관한 절차 및 기준을 안내하고, 이와 관련한 고충을 신속하고 원활하게 처리할 수 있도록 하기 위하여 다음과 같이 개인(위치)정보 처리방침을 수립·공개합니다. 제1조(개인(위치)정보의 처리목적, 수집방법, 수집항목 및 보유기간) 1. 회사는 다음의 목적을 위하여 개인(위치)정보를 처리합니다. 처리하고 있는 개인(위치)정보는 다음의 목적 이외의 용도로는 이용되지 않으며, 이용 목적이 변경되는 경우에는 「개인정보 보호법」 제18조에 따라 별도의 동의를 받는 등 필요한 조치를 이행할 예정입니다. ① 회사가 제공하는 위치기반서비스의 내용 및 개인위치정보의 수집방법, 보유목적과 보유기간은 아래와 같습니다. 회원 가입의사 확인, 회원제 서비스 제공에 따른 본인 식별·인증, 회원자격 유지·관리, 서비스 부정이용 방지, 만 14세 미만 아동의 개인정보 처리 시 법정대리인의 동의여부 확인, 각종 고지·통지, 고충처리 목적으로 개인(위치)정보를 처리합니다. ② 위치기반서비스 제공 ③ 홍보 및 마케팅에 활용 ""개인정보 보호법""에 따라 맥스트 서비스의 홍보 및 마케팅을 위한 개인정보 수집·이용할 수 있으며, 사전에 이용자의 동의를 구하고 있습니다. 이용자는 원하지 않은 경우 언제든지 동의를 철회할 수 있습니다. 2. 개인(위치)정보를 수집하는 방법은 다음 각 호의 방법에 의합니다. ① 해당 서비스 이용 신청을 통한 정보수집 ② 이용자 이벤트 응모를 통한 정보수집 ③ 고객문의 게시판을 통한 정보수집 ④ 서비스 이용과정이나 사업처리 과정을 통한 정보수집 ⑤ 전화/팩스를 통한 정보수집 ⑥ 스마트폰, AR글라스 또는 영상 장비의 이미지를 서버로 전송하면 VPS 공간맵 구축 솔루션을 이용해 개인의 위치정보를 수집 3. 수집하는 개인정보 항목 및 보유기간은 다음과 같습니다. ① 수집하는 개인정보의 항목: 이름, 이메일(아이디), 전화번호, 비밀번호 ② 수집근거: 정보주체의 동의 ③ 보유기간: 회원 탈퇴 요청 전까지 ④ 보유근거: 정보주체의 동의 4. 수집하는 개인위치정보 항목 및 보유기간은 다음과 같습니다. ① 수집하는 개인위치정보의 항목: 위치기반서비스 사용 시 이용자의 현재 위치 ② 수집근거: 정보주체의 동의 ③ 보유기간: 위치기반서비스 이용 시(이용 시작 시점부터 이용 종료 시점까지) ④ 보유근거: 정보주체의 동의 5. 홍보 및 마케팅을 위한 개인정보 항목 및 보유기간은 다음과 같습니다. ① 수집목적: 회사 소식 발송, 상품 관련 업데이트 ② 수집항목: 국적, 이메일 ③ 보유기간: 회원 탈퇴시까지 제2조(개인(위치)정보 처리의 위탁) 회사는 원칙적으로 제3자에게 개인(위치)정보 처리를 위탁하지 않습니다. 서비스 제공을 위해 필요한 업무 중 일부에 한하여 이용자의 개인(위치)정보를 외부에 위탁하여 처리하고 있으며 관계 법령에 따라 위탁계약 시 개인(위치)정보가 안전하게 관리될 수 있도록 하고 있습니다. 회사가 개인(위치)정보를 위탁할 경우에는 위탁하는 업무의 내용과 개인(위치)정보 처리업무 수탁자에 관하여 회사의 홈페이지에 지속적으로 게재하는 방법을 통하여 이용자가 언제든지 쉽게 확인할 수 있도록 하고 개인(위치)정보가 안전하게 관리될 수 있도록 하겠습니다. 제3조(개인(위치)정보의 제3자 제공) 회사는 개인(위치)정보를 제1조 개인(위치)정보의 수집/이용 목적에서 고지한 범위 내에서 사용하며, 원칙적으로 이용자의 사전 동의 없이는 동 범위를 초과하여 이용하거나 개인(위치)정보를 외부에 공개하지 않습니다. 다만, 아래 각 호의 경우에는 예외적으로 개인(위치)정보를 제3자에게 제공할 수 있으며 이 경우 회사는 이용자에게 개인(위치)정보를 제공받는 자, 개인(위치)정보를 제공받는 자의 개인(위치)정보 이용 목적, 제공하는 개인(위치)정보의 항목, 개인(위치)정보를 제공받는 자의 개인(위치)정보 보유 및 이용 기간, 동의를 거부할 권리가 있다는 사실 및 동의 거부에 따른 불이익이 있는 경우에는 그 불이익의 내용을 알리고, 동의를 받겠습니다. ① 이용자가 사전에 동의한 경우 ② 법령의 규정에 의거하거나, 수사목적으로 법령에 정해진 절차와 방법에 따라 수사기관의 요구가 있는 경우 제4조(이용자의 권리, 의무 및 그 행사방법) 1. 이용자 또는 법정 대리인은 회사에 대해 언제든지 다음 각 호의 개인정보 보호 관련 권리를 행사할 수 있습니다. ① 개인정보 열람 요구 ② 오류 등이 있을 경우 정정 요구 ③ 삭제 요구 ④ 처리정지 요구 ⑤ 개인정보처리에 대한 동의에 대한 철회 2. 전항에 따른 권리 행사는 회사에 대해 「정보통신망 이용촉진 및 정보보호 등에 관한 법률 시행규칙」 별지 제8호 서식(개인정보 열람, 정정·삭제, 처리정지 요구서)에 따라 서면, 전자우편, 모사전송(FAX), 웹사이트 내 설정 탭 등을 통하여 하실 수 있으며 회사는 이에 대해 지체 없이 조치하겠습니다. 3. 회사는 이용자의 요청에 의해 해지 또는 삭제된 개인정보는 제1조에 명시된 바에 따라 처리하고 그 외의 용도로 열람 또는 이용할 수 없도록 처리하고 있습니다. 이용자가 개인정보의 오류 등에 대한 정정 또는 삭제를 요구한 경우에 회사는 정정 또는 삭제를 완료할 때까지 당해 개인정보를 이용 또는 제공하지 않습니다. 또한 잘못된 개인정보를 제3자에게 이미 제공한 경우에는 정정 처리결과를 제3자에게 지체 없이 통지하여 정정이 이루어지도록 하겠습니다. 4. 제1항에 따른 권리 행사는 이용자의 법정대리인이나 위임을 받은 자 등 대리인을 통하여 하실 수 있습니다. 이와 같이 이용자의 법정 대리인이 이용자의 개인정보의 열람 및 변경을 원할 경우 문의 메일을 통해 문의 주시거나, 대표번호로 전화하여 권리행사를 할 수 있고 이 경우 개인정보보호법 시행규칙 별지 제11호 서식에 따른 위임장을 제출하셔야 합니다. 5. 개인정보의 정정 및 삭제 요구는 다른 법령에서 그 개인정보가 수집 대상으로 명시되어 있는 경우에는 그 삭제를 요구할 수 없습니다. 6. 개인정보 열람 및 처리정지 요구는 개인정보보호법 제35조 제5항, 제37조 제2항에 의하여 제한될 수 있습니다. 7. 회사는 열람 요구, 정정·삭제의 요구, 처리정지의 요구 시 열람 등 요구를 한 자가 본인이거나 정당한 대리인인지를 확인합니다. 제5조(개인(위치)정보 파기절차 및 방법) 1. 회사는 개인(위치)정보 보유기간의 경과, 처리목적 달성 등 개인(위치)정보가 불필요하게 되었을 때에는 지체없이 해당 개인(위치)정보를 파기합니다. 2. 이용자로부터 동의받은 개인(위치)정보 보유기간이 경과하거나 처리목적이 달성되었음에도 불구하고 다른 법령에 따라 개인(위치)정보를 보존하여야 하는 경우에는, 해당 개인(위치)정보를 별도의 데이터베이스(DB)로 옮기거나 보관장소를 달리하여 보존하고, 해당 기간 경과 후 지체 없이 재생 불가능한 방법으로 파기합니다. 이때 별도 저장 관리되는 개인(위치)정보는 법령에 정한 경우를 제외하고 다른 용도로 이용되지 않습니다. 3. 개인(위치)정보의 구체적인 파기 절차 및 방법은 다음과 같습니다. ① 전자적 파일 형태인 경우 복구 및 재생되지 않도록 안전하게 삭제하고, 그 밖에 기록물, 인쇄물, 서면 등의 경우 분쇄하거나 ","","","","","","서울","계약직","","","2023-10-25","2023-11-24","active","2026-04-20T06:48:00.691882","2026-04-20T06:48:00.691896","True"
"504","32426","휴먼테크놀로지","복지제도","https://humantechn.com/recruitment/welfare","회사소개 회사개요 CEO인사말 주요연혁 CI소개 오시는길 사업영역 방산 사업 통신 디바이스 사업 콘텐츠 커머스 사업 투자정보 IR공지 공시정보 재무정보 주가정보 미디어 언론기사 홍보자료 공지사항 채용 복지제도 채용절차 X KO EN Recruitment 복지제도 복지제도 채용절차 휴먼테크놀로지는 임직원의 업무 효율과 삶의 질 향상을 위해 다양한 복지를 제공하고 있습니다. 1 가정의날 시행 일과 가정의 조화를 위해 매월 3째주 수요일마다 15시 30분 조기퇴근 시행 2 장기근속 포상 휴먼테크놀로지와 오랫동안 함께한 임직원에게 5년, 10년, 15년 근속 시 유급 휴가 제공 3 건강검진 지원 휴먼테크놀로지 임직원의 건강검진에 소요되는비용 전액 지원 및 가족 검진 비용 일부 지원 4 명절상품권 지급 구정과 추석 명절, 연 2회 전 직원에게 백화점 상품권 지급 5 경조금 지원 휴먼테크놀로지 임직원 직계 가족의 축혼, 조의금, 출산 축하금 지원 6 심야 교통비 지원 휴먼테크놀로지 임직원의 안전한 귀가를 위하여 업무 택시 도입 및 심야 교통비 지원 7 회식비 지원 휴먼테크놀로지 임직원의 사기 증진을 위해 분기별 회식비 제공 및 워크샵 비용 지원 8 복지포인트 지원 휴먼테크놀로지 임직원의 폭넓은 복지 선택을 위하여 매년 120만원의 복지 포인트 제공 9 사내 동호회 휴먼테크놀로지 임직원의 소통과 유대 강화 및사기 증진을 위하여 사내 동호회 지원 회사소개 회사개요 CEO인사말 주요연혁 CI소개 오시는길 회사개요 CEO인사말 주요연혁 CI소개 오시는길 사업영역 방산 통신 디바이스 콘텐츠 커머스 방산 통신 디바이스 콘텐츠 커머스 투자정보 IR공지 공시정보 재무정보 주가정보 IR공지 공시정보 재무정보 주가정보 미디어 언론기사 홍보자료 공지사항 언론기사 홍보자료 공지사항 채용 복지제도 채용절차 복지제도 채용절차 패밀리 사이트 휴먼아고스 휴먼넥시스 휴먼아고스 휴먼넥시스 패밀리 사이트 휴먼아고스 휴먼넥시스 X 본사 경기 성남시 분당구 황새울로 335번길 5, 3층 301호 TEL. 02-6205-0505 FAX. 031-714-0454 E-MAIL. editor@humantechn.com AS. as@humantechn.com 서울 HQ 서울특별시 송파구 석촌호수로 222, J타워 2층 TEL. 02-6205-0505 FAX. 031-714-0454 A/S 안내 개인정보취급방침 운영정책 이메일무단수집거부 ⓒ 2025 Human Technology.","","","","건강검진","","서울","","120만원","","","","active","2026-04-20T06:48:40.032482","2026-04-20T06:48:40.032507","True"
"505","32426","휴먼테크놀로지","채용절차","https://humantechn.com/recruitment/procedure","회사소개 회사개요 CEO인사말 주요연혁 CI소개 오시는길 사업영역 방산 사업 통신 디바이스 사업 콘텐츠 커머스 사업 투자정보 IR공지 공시정보 재무정보 주가정보 미디어 언론기사 홍보자료 공지사항 채용 복지제도 채용절차 X KO EN Recruitment 채용절차 복지제도 채용절차 휴먼테크놀로지는 합리적이고 공정한 절차에 따라 직무 특성에 맞는 인재 채용을 실시합니다. 1 지원서 접수 2 서류전형 3 실무진 면접 4 임원 면접 5 최종 입사 1. 지원서 접수 지원자는 정해진 기간에 채용 관련 사이트에 접속하여 온라인 입사 지원서를 접수해야 합니다. 2. 서류 전형 서류전형은 지원자의 경력사항 및 자격 사항 등을 종합적으로 고려하여 평가합니다. 입사지원서 내용이 해당 직무에 적합한지 꼼꼼히 검토하여 면접 대상자를 선정합니다. 3. 실무진 면접 서류전형 합격자에 한하여 1차 실무진 면접을 진행합니다. 실무 능력, 교육 사항, 업무 경험,협업 등 해당 직무에 필요한 능력을 평가합니다. 4. 임원 면접 실무진 면접에 합격한 분에 한하여 2차 임원 면접을 진행합니다. 실무능력, 인성 등에 대한 심층 면접을 통해 지원자를 평가합니다. 5. 최종 입사 면접 전형에 최종 합격하신 지원자와 처우 등의 협의를 진행하고 입사 관련 안내를 드립니다. 회사소개 회사개요 CEO인사말 주요연혁 CI소개 오시는길 회사개요 CEO인사말 주요연혁 CI소개 오시는길 사업영역 방산 통신 디바이스 콘텐츠 커머스 방산 통신 디바이스 콘텐츠 커머스 투자정보 IR공지 공시정보 재무정보 주가정보 IR공지 공시정보 재무정보 주가정보 미디어 언론기사 홍보자료 공지사항 언론기사 홍보자료 공지사항 채용 복지제도 채용절차 복지제도 채용절차 패밀리 사이트 휴먼아고스 휴먼넥시스 휴먼아고스 휴먼넥시스 패밀리 사이트 휴먼아고스 휴먼넥시스 X 본사 경기 성남시 분당구 황새울로 335번길 5, 3층 301호 TEL. 02-6205-0505 FAX. 031-714-0454 E-MAIL. editor@humantechn.com AS. as@humantechn.com 서울 HQ 서울특별시 송파구 석촌호수로 222, J타워 2층 TEL. 02-6205-0505 FAX. 031-714-0454 A/S 안내 개인정보취급방침 운영정책 이메일무단수집거부 ⓒ 2025 Human Technology.","","","회사소개 회사개요 CEO인사말 주요연혁 CI소개 오시는길 사업영역 방산 사업 통신 디바이스 사업 콘텐츠 커머스 사업 투자정보 IR공지 공시정보 재무정보 주가정보 미디어 언론기사 홍보자료 공지사항 채용 복지제도 채용절차 X KO EN Recruitment 채용절차 복지제도 채용절차 휴먼테크놀로지는 합리적이고 공정한 절차에 따라 직무 특성에 맞는 인재 채용을 실시합니다. 1 지원서 접수 2 서류전형 3 실무진 면접 4 임원 면접 5 최종 입사 1. 지원서 접수 지원자는 정해진 기간에 채용 관련 사이트에 접속하여 온라인 입사 지원서를 접수해야 합니다. 2. 서류 전형 서류전형은 지원자의 경력사항 및 자격 사항 등을 종합적으로 고려하여 평가합니다. 입사지원서 내용이 해당 직무에 적합한지 꼼꼼히 검토하여 면접 대상자를 선정합니다. 3. 실무진 면접 서류전형 합격자에 한하여 1차 실무진 면접을 진행합니다. 실무 능력, 교육 사항, 업무 경험,협업 등 해당 직무에 필요한 능력을 평가합니다. 4. 임원 면접 실무진 면접에 합격한 분에 한하여 2차 임원 면접을 진행합니다. 실무능력, 인성 등에 대한 심층 면접을 통해 지원자를 평가합니다. 5. 최종 입사 면접 전형에 최종 합격하신 지원자와 처우 등의 협의를 진행하고 입사 관련 안내를 드립니다. 회사소개 회사개요 CEO인사말 주요연혁 CI소개 오시는길 회사개요 CEO인사말 주요연혁 CI소개 오시는길 사업영역 방산 통신 디바이스 콘텐츠 커머스 방산 통신 디바이스 콘텐츠 커머스 투자정보 IR공지 공시정보 재무정보 주가정보 IR공지 공시정보 재무정보 주가정보 미디어 언론기사 홍보자료 공지사항 언론기사 홍보자료 공지사항 채용 복지제도 채용절차 복지제도 채용절차 패밀리 사이트 휴먼아고스 휴먼넥시스 휴먼아고스 휴먼넥시스 패밀리 사이트 휴먼아고스 휴먼넥시스 X 본사 경기 성남시 분당구 황새울로 335번길 5, 3층 301호 TEL. 02-6205-0505 FAX. 031-714-0454 E-MAIL. editor@humantechn.com AS. as@humantechn.com 서울 HQ 서울특별시 송파구 석촌호수로 222, J타워 2층 TEL. 02-6205-0505 FAX. 031-714-0454 A/S 안내 개인정보취급방침 운영정책 이메일무단수집거부 ⓒ 2025 Human Technology. All Rights Reserved.","","","서울","","","","","","active","2026-04-20T06:48:46.079119","2026-04-20T06:48:46.079143","True"
"506","471","주식회사 트루커뮤니케이션즈","트루커뮤니케이션즈","http://www.true-comm.co.kr/34","알림 뒤로 알림 설정 뒤로 더보기 게시물 알림 내 글 반응 내가 작성한 게시물이나 댓글에 다른 사람이 댓글이나 답글을 작성하면 알려줍니다. 공지사항 사이트에서 보내는 중요한 공지를 실시간으로 알려줍니다. 로그인이 필요합니다. 로그인 Company CEO Message History Business Global Network Business Area Portfolio & Careers Portfolio OVERSEAS EVENT CONFERENCE & CEREMONY EXPO & EXHIBITION SPORTS & COMPETITION CULTURAL EVENT COMPANY & PROMOTION DIGITAL MARKETING MEDIA & CULTURE BUSINESS Partners Careers Organization Recruit Contact us Company CEO Message History Business Global Network Business Area Portfolio & Careers Portfolio OVERSEAS EVENT CONFERENCE & CEREMONY EXPO & EXHIBITION SPORTS & COMPETITION CULTURAL EVENT COMPANY & PROMOTION DIGITAL MARKETING MEDIA & CULTURE BUSINESS Partners Careers Organization Recruit Contact us Careers True-comm changes the world with true story Recruit ※ 경력직 채용 지원 안내 각 분야별 실무 경력자를 대상으로 상시 채용을 진행중입니다. 별도의 채용 공고가 없는 경우에도 상시 지원이 가능하며 해당 본부에 채용 소요 발생 시 지원서 검토 후 결과를 통보합니다 정상적으로 접수되었습니다 확인","","","","","","","","","","","","active","2026-04-20T06:49:10.064862","2026-04-20T06:49:10.064884","True"
"507","1013","주식회사 오토노머스에이투지","일하는 문화","https://autoa2z.co.kr/culture","일하는 문화 채용공고 일하는 문화 채용공고 모두를 위한 모빌리티를 실현하기 위한 A2Z만의 일하는 방식 icon A2Z는 누구나 일하기 좋은 함께 성장할 수 있는 문화를 지향합니다. A2Z는 누구나 일하기 좋은 함께 성장할 수 있는 문화를 지향합니다. 자율적인 근무 환경을 만듭니다. 구성원 모두 ‘매니저' 호칭을 사용하여 누구나 동등한 입장에서 의견을 제안하고 받아들입니다. 자율 출퇴근제와 자유로운 휴가 사용으로 구성원의 삶을 우선시합니다. 자율적인 근무 환경을 만듭니다. 구성원 모두 ‘매니저' 호칭을 사용하여 누구나 동등한 입장에서 의견을 제안하고 받아들입니다. 자율 출퇴근제와 자유로운 휴가 사용으로 구성원의 삶을 우선시합니다. 일하기 즐거운 문화를 주도합니다. 한달에 한번 사내 동호회로 동료들과 끈끈한 커뮤니티를 만들고 오피스 내 운동기구, 안마의자, 게임기 등 즐겁게 일할 수 있는 문화를 지향해 나갑니다. 일하기 즐거운 문화를 주도합니다. 한달에 한번 사내 동호회로 동료들과 끈끈한 커뮤니티를 만들고 오피스 내 운동기구, 안마의자, 게임기 등 즐겁게 일할 수 있는 문화를 지향해 나갑니다. 개인과 회사의 성장을 적극 지원합니다. 전문가로서 성장할 수 있도록 아낌없이 지원해주며 스스로가 결정하고 성과를 창출할 수 있습니다. 성과에 대해서는 충분한 보상을, 실패에 대해서는 서로 나눔으로써 함께 성장하는 문화를 지향합니다. 개인과 회사의 성장을 적극 지원합니다. 전문가로서 성장할 수 있도록 아낌없이 지원해주며 스스로가 결정하고 성과를 창출할 수 있습니다. 성과에 대해서는 충분한 보상을, 실패에 대해서는 서로 나눔으로써 함께 성장하는 문화를 지향합니다. 뛰어난 동료들이 함께 합니다. '모두를 위한 모빌리티'라는 공동의 목표를 가지고, 언제나 새로운 길을 개척해 나가며 무에서 유를 창조해 낼 수 있는 창의적인 최고의 동료들과 함께합니다. 뛰어난 동료들이 함께 합니다. '모두를 위한 모빌리티'라는 공동의 목표를 가지고, 언제나 새로운 길을 개척해 나가며 무에서 유를 창조해 낼 수 있는 창의적인 최고의 동료들과 함께합니다. A2Z가 지원하는 복지 업무에 몰입할 수 있도록 자율출퇴근제 운영 고사양 업무 기기 제공 간식 및 커피 무제한 제공 점심 및 야근 시 저녁 식대 제공 야근 시 택시비 지원 성장에 집중할 수 있도록 자기계발비 지원 아이디어 제안 시 선물 제공 워크샵 지원 즐겁게 일할 수 있도록 만 3년/5년/7년 근무 시 리프레시 휴가 및 휴가비 지급 동호회 지원 경조사비 지급 우수사원포상과 성과급 지급 기념일 (생일/결혼기념일) 휴가 지급 개인과 가족의 건강을 위해 종합건강검진 및 휴가 제공 육아지원제도 운영 (육아휴직, 난임치료/태아검진 휴가, 단축 근무, 가족돌봄휴가 등) 오피스 내 힐링룸(안마의자) 및 체력단련실 운영 사고나 질병에 대비한 단체상해보험 제공 우리는 자율 주행 시장에서 새로운 역사를 만들어가고 있습니다. A2Z가 이뤄가는 혁신의 여정을 당신과 함께 만들고 싶습니다. 지금, A2Z의 여정에 함께하세요. 자율적인 근무 환경을 만듭니다. 구성원 모두 ‘매니저' 호칭을 사용하여 누구나 동등한 입장에서 의견을 제안하고 받아들입니다. 자율 출퇴근제와 자유로운 휴가 사용으로 구성원의 삶을 우선시합니다. 자율적인 근무 환경을 만듭니다. 구성원 모두 ‘매니저' 호칭을 사용하여 누구나 동등한 입장에서 의견을 제안하고 받아들입니다. 자율 출퇴근제와 자유로운 휴가 사용으로 구성원의 삶을 우선시합니다. 일하기 즐거운 문화를 주도합니다. 한달에 한번 사내 동호회로 동료들과 끈끈한 커뮤니티를 만들고 오피스 내 운동기구, 안마의자, 게임기 등 즐겁게 일할 수 있는 문화를 지향해 나갑니다. 일하기 즐거운 문화를 주도합니다. 한달에 한번 사내 동호회로 동료들과 끈끈한 커뮤니티를 만들고 오피스 내 운동기구, 안마의자, 게임기 등 즐겁게 일할 수 있는 문화를 지향해 나갑니다. 개인과 회사의 성장을 적극 지원합니다. 전문가로서 성장할 수 있도록 아낌없이 지원해주며 스스로가 결정하고 성과를 창출할 수 있습니다. 성과에 대해서는 충분한 보상을, 실패에 대해서는 서로 나눔으로써 함께 성장하는 문화를 지향합니다. 개인과 회사의 성장을 적극 지원합니다. 전문가로서 성장할 수 있도록 아낌없이 지원해주며 스스로가 결정하고 성과를 창출할 수 있습니다. 성과에 대해서는 충분한 보상을, 실패에 대해서는 서로 나눔으로써 함께 성장하는 문화를 지향합니다. 뛰어난 동료들이 함께 합니다. '모두를 위한 모빌리티'라는 공동의 목표를 가지고, 언제나 새로운 길을 개척해 나가며 무에서 유를 창조해 낼 수 있는 창의적인 최고의 동료들과 함께합니다. 뛰어난 동료들이 함께 합니다. '모두를 위한 모빌리티'라는 공동의 목표를 가지고, 언제나 새로운 길을 개척해 나가며 무에서 유를 창조해 낼 수 있는 창의적인 최고의 동료들과 함께합니다. A2Z가 지원하는 복지 업무에 몰입할 수 있도록 자율출퇴근제 운영 고사양 업무 기기 제공 커피/음료/간식 무제한 제공 점심 및 야근 시 저녁 식대 제공 야근 시 택시비 지원 성장에 집중할 수 있도록 아이디어 제안 시 선물 제공 워크샵 지원 즐겁게 일할 수 있도록 만 3년/5년/7년 근무 시 리프레시 휴가 및 휴가비 지급 사내 동호회 활동 지원 경조사비 지급 우수사원포상과 성과급 지급 기념일 (생일/결혼기념일) 휴가 지급 개인과 가족의 건강을 위해 종합건강검진 및 휴가 제공 육아지원제도 운영 (육아휴직, 난임치료/태아검진 휴가, 단축 근무, 가족돌봄휴가 등) 오피스 내 힐링룸(안마의자) 및 체력단련실 운영 사고나 질병에 대비한 단체상해보험 가입 우리는 자율 주행 시장에서 새로운 역사를 만들어가고 있습니다. A2Z가 이뤄가는 혁신의 여정을 당신과 함께 만들고 싶습니다. 지금, A2Z의 여정에 함께하세요.","","","일하는 문화 채용공고 일하는 문화 채용공고 모두를 위한 모빌리티를 실현하기 위한 A2Z만의 일하는 방식 icon A2Z는 누구나 일하기 좋은 함께 성장할 수 있는 문화를 지향합니다. A2Z는 누구나 일하기 좋은 함께 성장할 수 있는 문화를 지향합니다. 자율적인 근무 환경을 만듭니다. 구성원 모두 ‘매니저' 호칭을 사용하여 누구나 동등한 입장에서 의견을 제안하고 받아들입니다. 자율 출퇴근제와 자유로운 휴가 사용으로 구성원의 삶을 우선시합니다. 자율적인 근무 환경을 만듭니다. 구성원 모두 ‘매니저' 호칭을 사용하여 누구나 동등한 입장에서 의견을 제안하고 받아들입니다. 자율 출퇴근제와 자유로운 휴가 사용으로 구성원의 삶을 우선시합니다. 일하기 즐거운 문화를 주도합니다. 한달에 한번 사내 동호회로 동료들과 끈끈한 커뮤니티를 만들고 오피스 내 운동기구, 안마의자, 게임기 등 즐겁게 일할 수 있는 문화를 지향해 나갑니다. 일하기 즐거운 문화를 주도합니다. 한달에 한번 사내 동호회로 동료들과 끈끈한 커뮤니티를 만들고 오피스 내 운동기구, 안마의자, 게임기 등 즐겁게 일할 수 있는 문화를 지향해 나갑니다. 개인과 회사의 성장을 적극 지원합니다. 전문가로서 성장할 수 있도록 아낌없이 지원해주며 스스로가 결정하고 성과를 창출할 수 있습니다. 성과에 대해서는 충분한 보상을, 실패에 대해서는 서로 나눔으로써 함께 성장하는 문화를 지향합니다. 개인과 회사의 성장을 적극 지원합니다. 전문가로서 성장할 수 있도록 아낌없이 지원해주며 스스로가 결정하고 성과를 창출할 수 있습니다. 성과에 대해서는 충분한 보상을, 실패에 대해서는 서로 나눔으로써 함께 성장하는 문화를 지향합니다. 뛰어난 동료들이 함께 합니다. '모두를 위한 모빌리티'라는 공동의 목표를 가지고, 언제나 새로운 길을 개척해 나가며 무에서 유를 창조해 낼 수 있는 창의적인 최고의 동료들과 함께합니다. 뛰어난 동료들이 함께 합니다. '모두를 위한 모빌리티'라는 공동의 목표를 가지고, 언제나 새로운 길을 개척해 나가며 무에서 유를 창조해 낼 수 있는 창의적인 최고의 동료들과 함께합니다. A2Z가 지원하는 복지 업무에 몰입할 수 있도록 자율출퇴근제 운영 고사양 업무 기기 제공 간식 및 커피 무제한 제공 점심 및 야근 시 저녁 식대 제공 야근 시 택시비 지원 성장에 집중할 수 있도록 자기계발비 지원 아이디어 제안 시 선물 제공 워크샵 지원 즐겁게 일할 수 있도록 만 3년/5년/7년 근무 시 리프레시 휴가 및 휴가비 지급 동호회 지원 경조사비 지급 우수사원포상과 성과급 지급 기념일 (생일/결혼기념일) 휴가 지급 개인과 가족의 건강을 위해 종합건강검진 및 휴가 제공 육아지원제도 운영 (육아휴직, 난임치료/태아검진 휴가, 단축 근무, 가족돌봄휴가 등) 오피스 내 힐링룸(안마의자) 및 체력단련실 운영 사고나 질병에 대비한 단체상해보험 제공 우리는 자율 주행 시장에서 새로운 역사를 만들어가고 있습니다. A2Z가 이뤄가는 혁신의 여정을 당신과 함께 만들고 싶습니다. 지금, A2Z의 여정에 함께하세요. 자율적인 근무 환경을 만듭니다. 구성원 모두 ‘매니저' 호칭을 사용하여 누구나 동등한 입장에서 의견을 제안하고 받아들입니다. 자율 출퇴근제와 자유로운 휴가 사용으로 구성원의 삶을 우선시합니다. 자율적인 근무 환경을 만듭니다. 구성원 모두 ‘매니저' 호칭을 사용하여 누구나 동등한 입장에서 의견을 제안하고 받아들입니다. 자율 출퇴근제와 자유로운 휴가 사용으로 구성원의 삶을 우선시합니다. 일하기 즐거운 문화를 주도합니다. 한달에 한번 사내 동호회로 동료들과 끈끈한 커뮤니티를 만들고 오피스 내 운동기구, 안마의자, 게임기 등 즐겁게 일할 수 있는 문화를 지향해 나갑니다. 일하기 즐거운 문화를 주도합니다. 한달에 한번 사내 동호회로 동료들과 끈끈한 커뮤니티를 만들고 오피스 내 운동기구, 안마의자, 게임기 등 즐겁게 일할 수 있는 문화를 지향해 나갑니다. 개인과 회사의 성장을 적극 지원합니다. 전문가로서 성장할 수 있도록 아낌없이 지원해주며 스스로가 결정하고 성과를 창출할 수 있습니다. 성과에 대해서는 충분한 보상을, 실패에 대해서는 서로 나눔으로써 함께 성장하는 문화를 지향합니다. 개인과 회사의 성장을 적극 지원합니다. 전문가로서 성장할 수 있도록 아낌없이 지원해주며 스스로가 결정하고 성과를 창출할 수 있습니다. 성과에 대해서는 충분한 보상을, 실패에 대해서는 서로 나눔으로써 함께 성장하는 문화를 지향합니다. 뛰어난 동료들이 함께 합니다. '모두를 위한 모빌리티'라는 공동의 목표를 가지고, 언제나 새로운 길을 개척해 나가며 무에서 유를 창조해 낼 수 있는 창의적인 최고의 동료들과 함께합니다. 뛰어난 동료들이 함께 합니다. '모두를 위한 모빌리티'라는 공동의 목표를 가지고, 언제나 새로운 길을 개척해 나가며 무에서 유를 창조해 낼 수 있는 창의적인 최고의 동료들과 함께합니다. A2Z가 지원하는 복지 업무에 몰입할 수 있도록 자율출퇴근제 운영 고사양 업무 기기 제공 커피/음료/간식 무제한 제공 점심 및 야근 시 저녁 식대 제공 야근 시 택시비 지원 성장에 집중할 수 있도록 아이디어 제안 시 선물 제공 워크샵 지원 즐겁게 일할 수 있도록 만 3년/5년/7년 근무 시 리프레시 휴가 및 휴가비 지급 사내 동호회 활동 지원 경조사비 지급 우수사원포상과 성과급 지급 기념일 (생일/결혼기념일) 휴가 지급 개인과 가족의 건강을 위해 종합건강검진 및 휴가 제공 육아지원제도 운영 (육아휴직, 난임치료/태아검진 휴가, 단축 근무, 가족돌봄휴가 등) 오피스 내 힐링룸(안마의자) 및 체력단련실 운영 사고나 질병에 대비한 단체상해보험 가입 우리는 자율 주행 시장에서 새로운 역사를 만들어가고 있습니다. A2Z가 이뤄가는 혁신의 여정을 당신과 함께 만들고 싶습니다. 지금, A2Z의 여정에 함께하세요.","건강검진, 경조사비, 식대, 자율출퇴근제","","","","","","","","active","2026-04-20T06:49:51.396854","2026-04-20T06:49:51.396878","True"
"508","1767","주식회사 라피치","Recruit","https://www.rapeech.com/notice/recruit","인 재상 채 용절차 지 원방법 채용 플랫폼 또는 메일이력서 제출 ( 제출처 : hr@rapeech.com ) 제 출서류 신입 : 이력서 (필요시 포트폴리오첨부) 경력 : 이력서 및 경력기술서 (필요시 포트폴리오 첨부) 자사 이력서 양식 다운로드 지 원자격 초대졸 이상 병력 필 또는 면제자로 해외여행에 결격사유가 없는자 전문연구요원, 산업기능요원 지원 가능 우 대사항 장애인복지법에 따른 장애인 근 무지역 본사 서울특별시 강남구 도곡로 8길 6(도곡동 553-3) 지호빌딩 3층 연구소 서울특별시 강남구 도곡로 8길 6(도곡동 553-3) 지호빌딩 2층","","인 재상 채 용절차 지 원방법 채용 플랫폼 또는 메일이력서 제출 ( 제출처 : hr@rapeech.com ) 제 출서류 신입 : 이력서 (필요시 포트폴리오첨부) 경력 : 이력서 및 경력기술서 (필요시 포트폴리오 첨부) 자사 이력서 양식 다운로드 지 원자격 초대졸 이상 병력 필 또는 면제자로 해외여행에 결격사유가 없는자 전문연구요원, 산업기능요원 지원 가능 우 대사항 장애인복지법에 따른 장애인 근 무지역 본사 서울특별시 강남구 도곡로 8길 6(도곡동 553-3) 지호빌딩 3층 연구소 서울특별시 강남구 도곡로 8길 6(도곡동 553-3) 지호빌딩 2층","","","","서울","","","","","","active","2026-04-20T06:50:10.912075","2026-04-20T06:50:10.912098","True"
"509","3994","(주)에이펀인터렉티브","CAREER","http://www.afun-interactive.com/career/sub01.html?PHPSESSID=cc6b866876726811efce09ffed0f6446#job-33f74a5a-0","AFUN Interactive에서 필요한 인재는... 에이펀 인터렉티브는 매번 새롭게 발전하는 미디어 콘텐츠의 제작을 위해 다양한 분야의 인재를 환영합니다. System Design Part 3D Asset Developer Modeling Texturing Sculpting 3D Asset Rigger Rigging Blend Shape Character 3D Animatior 3D Animation CG Lighter Lighting Lookdevelop Technical Part Programmer Coding Engineering R&D","","","","","","","","","","","","active","2026-04-20T06:51:13.921660","2026-04-20T06:51:13.921680","True"
"510","5442","(주)웨보노믹스","인재채용 | (주)웨보노믹스","https://webonomics.co.kr/new/html/recruit.php","주메뉴로 바로가기 본문으로 바로가기 회사소개 회사소개 회사연혁 회사현황 조직과 인력 인재채용 오시는길 사업분야 웹 솔루션 개발 홈페이지 제작 쇼핑몰 제작 모바일 웹/앱 제작 온라인 마케팅 클라우드 사업실적 지자체 전자상거래 솔루션 제작 온도모니터링 솔루션 개발 학교 급식관리 및 Haccp 운영 솔루션 개발 DID 및 메뉴보드 솔루션 개발 홈페이지 제작 구축문의 구축문의 고객센터 일반유지보수 클라우드 고객센터 홈 회원가입 로그인 공지사항 웨보노믹스 고객의 성공을 생각하는 자가 고객을 성공하게 만듭니다. (주)웨보노믹스 회사소개 회사연혁 회사현황 조직과 인력 인재채용 오시는길 RECRUITMENT 웹 세상의 중심에서 함께 일 할 열정 있는 가족을 기다립니다. 아래 내용을 적어주시면 내부적으로 검토 후 연락 드리도록 하겠습니다. 이름 * 전화번호 * 이메일 * 지원분야 * 기획 영업 디자인 프로그램 고객지원 내용 * 파일첨부 * 파일첨부하기(20MB 이하) *이력서 및 포트폴리오를 첨부해주세요 개인정보수집에 동의합니다. 웨보노믹스에 지원해주셔서 감사합니다. 빠른 시일내에 연락드리겠습니다.","","","","","","","","","","","","active","2026-04-20T06:52:02.366944","2026-04-20T06:52:02.366964","True"
"511","7601","티에스라인시스템 주식회사","채용절차","https://www.tsline.co.kr/career#job-0773abd2-0","서류전형 지원자의 입사 지원서를 검토합니다. 1차 실무 면접 서류 전형 합격자에 한해 사업 부장 면접을 진행합니다. 2차 임원 면접 1차 실무 면접 합격자에 한해 임원진 면접을 진행합니다. 최종 합격 최종 합격을 축하합니다!","","","서류전형 지원자의 입사 지원서를 검토합니다. 1차 실무 면접 서류 전형 합격자에 한해 사업 부장 면접을 진행합니다. 2차 임원 면접 1차 실무 면접 합격자에 한해 임원진 면접을 진행합니다. 최종 합격 최종 합격을 축하합니다!","","","","","","","","","active","2026-04-20T06:52:33.423559","2026-04-20T06:52:33.423579","True"
"512","8907","(주)에스제이더블유인터내셔널","시원스쿨 리크루트","https://recruit.siwonschool.com/?s=recruit&p=main","회사소개 시원스쿨 인사말 인재상 조직문화 언론보도 히스토리 오시는 길 직무소개 서비스 채용안내 채용전형 인사제도 강사채용 인재채용 채용공고 내 지원서 보기 인재풀 등록 FAQ Contact Us Inno Crew. 다가오는 난관들을 하나의 팀이 되어 슬기롭게 헤쳐 나가며 주어진 목표를 향해 도전적으로 창의적으로 달성시켜 가는 우리를 뜻합니다. 총 0 건의 채용 공고 검색폼 제목 검색 모집 구분 모집 분야 모집 직무 접수 기간 이 페이지에서 제공하는 정보에 대하여 어느 정도 만족하셨습니까? 매우만족 만족 보통 불만족 매우불만족 의견등록 여러분의 의견이 더 좋은 시원스쿨의 서비스를 만듭니다. [평균 1.6점 / 107명 참여] 의견 등록 대표번호 02-6409-0878 | 기업체 교육 컨설팅 및 출강 02-2014-8254 | FAX 02-6406-1309 |","","","","","","서울","","","","","","active","2026-04-20T06:53:07.271617","2026-04-20T06:53:07.271637","True"
"513","8907","(주)에스제이더블유인터내셔널","시원스쿨 리크루트","https://recruit.siwonschool.com/?s=recruit&p=main&sec_cate1=188","회사소개 시원스쿨 인사말 인재상 조직문화 언론보도 히스토리 오시는 길 직무소개 서비스 채용안내 채용전형 인사제도 강사채용 인재채용 채용공고 내 지원서 보기 인재풀 등록 FAQ Contact Us Inno Crew. 다가오는 난관들을 하나의 팀이 되어 슬기롭게 헤쳐 나가며 주어진 목표를 향해 도전적으로 창의적으로 달성시켜 가는 우리를 뜻합니다. 총 0 건의 채용 공고 검색폼 제목 검색 모집 구분 모집 분야 모집 직무 접수 기간 이 페이지에서 제공하는 정보에 대하여 어느 정도 만족하셨습니까? 매우만족 만족 보통 불만족 매우불만족 의견등록 여러분의 의견이 더 좋은 시원스쿨의 서비스를 만듭니다. [평균 1.6점 / 107명 참여] 의견 등록 대표번호 02-6409-0878 | 기업체 교육 컨설팅 및 출강 02-2014-8254 | FAX 02-6406-1309 |","","","","","","서울","","","","","","active","2026-04-20T06:53:11.245237","2026-04-20T06:53:11.245256","True"
"514","8907","(주)에스제이더블유인터내셔널","시원스쿨 채용전형","https://recruit.siwonschool.com/?s=info&p=process","시원스쿨 채용전형 더 폭넓고 많은 이들에게 사랑받는 서비스를 제공하는 꿈이 있는 시원스쿨에서 멋진 꿈을 펼쳐보세요. 시원스쿨은 당신의 자격조건이나 학벌, 나이, 성별이나 외모로 여러분을 판단하지 않습니다. 시원스쿨의 채용절차는 당신의 열정과 이노크루로서 함께 할 수 있을지를 가늠하는 것에 초점을 두고 있습니다. APPLY 입사지원 PAPERS 서류전형 INTERVIEW AI면접 / 역량검사 INTERVIEW 1,2차 면접진행 Salary/Position NEGOTIABLE 처우 협의 PASS 최종합격 채용 절차 Recruit Process 각 전형별 합격자에 한해 개별적으로 연락 드리며, 다음 단계 전형을 실시합니다. 일반적으로 1차 면접만 진행하고 있으나, 필요에 따라 2차 면접을 진행합니다. 면접 전형 시, 직무 관련 시험 또는 PT면접을 진행할 수 있습니다. 최종 합격 후 입사 진행 시, 모든 포지션에 수습기간이 적용됩니다. 입사지원서의 내용이 사실과 다를 경우 합격이 취소될 수 있습니다. 채용 FAQ 보기 채용 관련 문의하기 이 페이지에서 제공하는 정보에 대하여 어느 정도 만족하셨습니까? 매우만족 만족 보통 불만족 매우불만족 의견등록 여러분의 의견이 더 좋은 시원스쿨의 서비스를 만듭니다. [평균 1.0점 / 3명 참여] 모집 직무 제출일 진행상태","","","시원스쿨 채용전형 더 폭넓고 많은 이들에게 사랑받는 서비스를 제공하는 꿈이 있는 시원스쿨에서 멋진 꿈을 펼쳐보세요. 시원스쿨은 당신의 자격조건이나 학벌, 나이, 성별이나 외모로 여러분을 판단하지 않습니다. 시원스쿨의 채용절차는 당신의 열정과 이노크루로서 함께 할 수 있을지를 가늠하는 것에 초점을 두고 있습니다. APPLY 입사지원 PAPERS 서류전형 INTERVIEW AI면접 / 역량검사 INTERVIEW 1,2차 면접진행 Salary/Position NEGOTIABLE 처우 협의 PASS 최종합격 채용 절차 Recruit Process 각 전형별 합격자에 한해 개별적으로 연락 드리며, 다음 단계 전형을 실시합니다. 일반적으로 1차 면접만 진행하고 있으나, 필요에 따라 2차 면접을 진행합니다. 면접 전형 시, 직무 관련 시험 또는 PT면접을 진행할 수 있습니다. 최종 합격 후 입사 진행 시, 모든 포지션에 수습기간이 적용됩니다. 입사지원서의 내용이 사실과 다를 경우 합격이 취소될 수 있습니다. 채용 FAQ 보기 채용 관련 문의하기 이 페이지에서 제공하는 정보에 대하여 어느 정도 만족하셨습니까? 매우만족 만족 보통 불만족 매우불만족 의견등록 여러분의 의견이 더 좋은 시원스쿨의 서비스를 만듭니다. [평균 1.0점 / 3명 참여] 모집 직무 제출일 진행상태","","","","","","","","","active","2026-04-20T06:53:15.598320","2026-04-20T06:53:15.598345","True"
"515","9880","(주) 케이티아이에스","KT is","https://www.ktis.co.kr/personnelSystem.kt","회사소개 채용정보 인사제도 인사제도 복리후생 채용안내 인사제도 채용/교육 채용 kt is는 지원자의 역량을 정확하게 파악하기 위하여 다양한 선발 도구를 활용하고 있으며, 회사에 적합한 인재를 채용하기 위해 공정한 선발기준에 의한 채용을 진행하고 있습니다. 교육 kt is는 구성원의 주도적인 역량 향상 및 직무전문가로 육성하기 위하여 교육 이수제를 통한 다양한 원격교육 및 사이버 대학교, 대학원 지원 등 교육제도를 운영 하고 있습니다. 평가/보상 평가 kt is는 조직의 목표와 연계한 개인별 목표를 수립하고 성과/역량 평가를 통해 공정하고 명확한 평가 제도를 운영하고 있습니다. 보상 kt is는 성과에 기반한 합리적인 보상 제도를 운영하고 있습니다. 개인의 성과를 고려한 기본급 외에도 조직성과급, 실적 연동 인센티브 등 다양한 제도를 통해 성과에 대한 합리적인 보상을 받을 수 있도록 운영하고 있습니다. 인재육성방향 kt is는 미래형 리더/인재 육성으로 직원과 조직의 동반성장을 목표로 나아가고 있습니다. 신뢰와 실력을 갖춘 리더 육성 kt is 리더상 기반 성장 단계별 역량 향상/역할 수행 지원 직무 고수 육성 직무 별 전문성 제고를 위한 자기주도학습 지원 미래 성장 동력 확보 디지털 역량 강화를 위한 다양한 지원 제도 시행 Footer 채용안내 | 두드림(신문고) | 문의/제안 | 제증명발급확인 | 방문/전화권유 판매직원 조회","","","","인센티브","","서울","","","","","","active","2026-04-20T06:53:39.471235","2026-04-20T06:53:39.471258","True"
"516","9880","(주) 케이티아이에스","KT is","https://www.ktis.co.kr/recruitIntroduce.kt","본문 바로가기 회사소개 채용정보 채용안내 인사제도 복리후생 채용안내 채용안내 직원을 소중히 여기는 kt is와 함께 성장해 나갈 인재를 모십니다. 경영지원 직무 경영지원직군 각 사업부별 경영지원직군 채용은 연중 채용계획에 따라 수시 이루어집니다. 채용절차 STEP 01 서류 전형 STEP 02 AI 면접 STEP 03 면접 전형 STEP 04 신체 검사 STEP 05 최종 합격 모집분야 기획 사업 지원 HR 신사업 개발 마케팅 유통 근무지 여의도 사옥 서울특별시 영등포구 여의대로 14 10층(여의도동, 주식회사케이티여의도빌딩) (지하철 9,5호선 여의도역 인근) 을지로 사옥 서울특별시 중구 을지로 158 10층(을지로4가, 삼풍넥서스빌딩) (지하철 2,3호선 을지로3가 인근) 광화문 사옥 서울특별시 중구 청계천로 24 20층(다동, 케이스퀘어시티빌딩) (지하철 5호선 광화문역 인근) 컨설턴트 직무 컨설팅직군 컨설팅직군 채용은 수시채용으로 이루어집니다. 채용절차 교육단계(포함/미포함)는 센터별로 상이합니다. STEP 01 서류 전형 STEP 02 면접 전형 STEP 03 신입 교육 STEP 04 교육수료자 최종합격 모집분야 지원자격은 직무별/센터별 상이하므로 공고문을 확인해 주세요 KT 고객센터 KT 유/무선 상담서비스 업종별 컨택센터 120여개 콜센터 서비스 온/오프라인 유통서비스 KT플라자, 플라자샵, 별정서비스 KT고객센터 근무지 센터찾기 바로가기 고객응대 근로자 보호 표준업무매뉴얼 애로사항 및 고충해소 관리 고충처리위원회 자체개발 심리상담프로그램 “KT헤아림” 지원 고객응대 근로 중 필요시 힐링 프로그램 지원 입사지원 바로가기 Footer 채용안내 | 두드림(신문고) | 문의/제안 | 제증명발급확인 | 방문/전화권유 판매직원 조회","","","","","","서울","","","","","","active","2026-04-20T06:53:48.687744","2026-04-20T06:53:48.687765","True"
"517","9960","(주)윈정보기술","CUSTOMER","https://www.win-it.co.kr/html/Customer/customer01.html","CUSTOMER 메인으로 이동 CUSTOMER COMPANY SYSTEM SOLUTION CUSTOMER 채용정보 채용정보 관계사 CUSTOMER [하위메뉴열기] 채용정보 관계사 채용정보 윈정보기술 은 한사람, 한사람 그 사람만이 가지고 있는 특별한 가치를 소중히 여기는 회사입니다. 01 지원서 접수 02 서류전형 03 실무진 면접 04 최종합격자 발표 모집 분야 / 지원자격 모집분야 구분 지원자격 인원 모집기간 프로그램개발 Net / C# / ASP PowerBuilder / Visual Basic JAVA / JSP / EJB Oracle / MS-SQL 신입/경력 경력 : 1년 이상의 경력을 가진 자 신입 : 전문대 이상 졸업예정 및 졸업자 00명 / 수시모집 제출서류/지원방법 제출서류 : 이력서, 자기소개서, 프로젝트 참여내역 (경력지원자에 한함) - 등록 된 양식 다운로드 후 작성 (경력 지원자는 프로젝트 참여 내역을 상세히 작성바랍니다.) 지원방법 : 이메일 지원 한함 - 접수이메일 : jatuli@empas.com 양식 다운로드 ↓ 전형방법 1차 서류전형 / 2차면접 전형일정은 서류전형 합격자에 한하여 개별 통보되며, 서류심사 합격자에 한하여 면접일정 통보합니다. - 제출한 서류는 본사 입사전형에만 사용되며 일체 반환하지 않습니다. 지원문의처 인사담당자 연락처 : 052) 257-8664~5","CUSTOMER 메인으로 이동 CUSTOMER COMPANY SYSTEM SOLUTION CUSTOMER 채용정보 채용정보 관계사 CUSTOMER [하위메뉴열기] 채용정보 관계사 채용정보 윈정보기술 은 한사람, 한사람 그 사람만이 가지고 있는 특별한 가치를 소중히 여기는 회사입니다. 01 지원서 접수 02 서류전형 03 실무진 면접 04 최종합격자 발표 모집 분야 / 지원자격 모집분야 구분 지원자격 인원 모집기간 프로그램개발 Net / C# / ASP PowerBuilder / Visual Basic JAVA / JSP / EJB Oracle / MS-SQL 신입/경력 경력 : 1년 이상의 경력을 가진 자 신입 : 전문대 이상 졸업예정 및 졸업자 00명 / 수시모집 제출서류/지원방법 제출서류 : 이력서, 자기소개서, 프로젝트 참여내역 (경력지원자에 한함) - 등록 된 양식 다운로드 후 작성 (경력 지원자는 프로젝트 참여 내역을 상세히 작성바랍니다.) 지원방법 : 이메일 지원 한함 - 접수이메일 : jatuli@empas.com 양식 다운로드 ↓ 전형방법 1차 서류전형 / 2차면접 전형일정은 서류전형 합격자에 한하여 개별 통보되며, 서류심사 합격자에 한하여 면접일정 통보합니다. - 제출한 서류는 본사 입사전형에만 사용되며 일체 반환하지 않습니다. 지원문의처 인사담당자 연락처 : 052) 257-8664~5","","","","","","","","","","","active","2026-04-20T06:54:06.314550","2026-04-20T06:54:06.314571","True"
"518","13569","(주)에이치앤디솔루션","Global No1. 솔루션 기업을 넘어  O2O 모바일 플랫폼 사업자로의 도전을 지향 합니다.","http://hndsolution.com#job-91df1352-1","소상공인 O4O 모바일 플랫폼 소상공인 누구나 모바일 플랫폼 샵스토리에서 매장을 개설하여 고객과 디지털 서비스를 통해 소통하여 사업영역을 확장해 보세요. #Story 금융, 공공기관 Top-tier 레퍼런스 보유 다양한 산업군을 대상으로한 솔루션 구축 경험을 통해 다양한 기술력을 보유하여 안정적 서비스 제공합니다. 바로가기 R&D 및 기술인력 90% 연구개발 및 엔지니어 Pool을 기반으로 지속적 성장을 위한 솔루션 제공 및 비즈니스 모델 실현합니다. 수시채용 ※ 기술프로필 작성 후 이메일 첨부","","","","","","","","","","","","active","2026-04-20T06:55:41.136714","2026-04-20T06:55:41.136733","True"
"519","15142","타임기술","타임기술 - 채용공고","https://timett.co.kr/recruit","타임기술소개 기업개요 회사연혁 주요고객 인증현황 오시는길 IPS 기술번역 AR/VR/MR RAM-C SW공급 공시정보 재무정보 전자공시 보도자료 공지사항 고객문의 인재채용 채용공고 ENGLISH Close LANGUAGE 한국어 English 커뮤니티 회사소개 사업분야 IR정보 커뮤니티 채용공고 공지사항 고객문의 인재채용 채용공고 Home › 커뮤니티 › 채용공고 T 추천글꼴 추천글꼴 ✔ 나눔고딕 ✔ 맑은고딕 ✔ 돋움 ✔ ✔ 게시물을 뷰어로 보기 검색 쓰기 제목+내용 제목 내용 댓글 이름 닉네임 아이디 등록일 태그 검색 List Zine Gallery List of Articles 번호 제목 글쓴이 날짜 조회 수 9 일러스트, CAD 정규직 모집[신입&경력] - 종료 - (주)타임기술 2022.07.21 2232 8 종합군수지원 ILS 개발 연구원 모집[신입&경력] (주)타임기술 2022.07.21 2403 7 [신입 및 경력]전자매뉴얼(아보텍스트) 스타일시트 개발 (주)타임기술 2022.06.24 1970 6 종합군수지원 ILS 개발 연구원 모집[신입&경력] - 종료 - (주)타임기술 2022.06.24 1888 5 2022년 상반기 기술번역사업부 (번역) 신규 채용공고 - 종료 - (주)타임기술 2022.04.06 2555 4 2022년 상반기 기술번역사업부 (편집) 신규 채용공고 - 종료 - (주)타임기술 2022.04.06 1838 3 [신입]2022/상반기 문서편집, 제안서 디자인 담당자 - 종료 - (주)타임기술 2022.04.05 1712 2 일러스트, CAD 정규직 모집[신입&경력] - 종료 - (주)타임기술 2022.04.05 1559 1 종합군수지원 ILS 개발 연구원 모집[신입&경력] - 종료 - (주)타임기술 2022.04.05 3039 Search 검색 제목+내용 제목 내용 댓글 이름 닉네임 아이디 등록일 태그 쓰기 Board Pagination ‹ Prev 1 Next › / 1 GO X 나눔글꼴 설치 안내 이 PC에는 나눔글꼴 이 설치되어 있지 않습니다. 이 사이트를 나눔글꼴 로 보기 위해서는 나눔글꼴 을 설치해야 합니다. ✔ 설치 취소 Sketchbook5, 스케치북5 Sketchbook5, 스케치북5 Sketchbook5, 스케치북5 Sketchbook5, 스케치북5 주 소 : 창원시 성산구 완암로 50, 메카동 813호(성산동, SK테크노파크) | 전화 : 055-281-6540 (+82-55-281-6540) | 팩스 : 055-281-6545 (+82-55-281-6545) Head Office : #813 & 912, Mecha-zone, SK Technopark, 50, Wanam-ro, Seongsan-gu,Changwon-si, Gyeongsangnam-do, Republic of Korea 대표자 : 주양효 | 사업자등록번호 : 864-86-00956 | Mail : timett77@hanmail.net","","","","","","","정규직","","","2022-06-21","2022-07-21","active","2026-04-20T06:56:19.999465","2026-04-20T06:56:19.999481","True"
"520","15142","타임기술","타임기술 - 인재채용","https://timett.co.kr/recruitguide","타임기술소개 기업개요 회사연혁 주요고객 인증현황 오시는길 IPS 기술번역 AR/VR/MR RAM-C SW공급 공시정보 재무정보 전자공시 보도자료 공지사항 고객문의 인재채용 채용공고 ENGLISH Close LANGUAGE 한국어 English 커뮤니티 회사소개 사업분야 IR정보 커뮤니티 인재채용 공지사항 고객문의 인재채용 채용공고 (주)타임기술과 함께할 인재를 모집합니다. 일에 대한 열정이 있는 인재 공동체를 위한 헌신과 협조적 마인드로 커뮤니케이션하며, 타임기술의 주인이라는 자세로 업무 및 사회적 책임을 다한다. 패기와 끈기가 있는 인재 어떤 어려움이 있더라도 단념하지 않고 끈질기게 견디어 나가는 자세는 타임기술 인재에게 요구되는 도전정신과 개척정신의 근간이 된다. 배려심이 있는 인재 구성원간 신뢰와 업무에 대한 성실한 자세로부터 발현되는 배려를 통해 올바른 공동체적 가치를 조성하고 발전시켜 나간다. 채용절차 지원서 접수 > 서류심사 (기본적 자질 및 가치관 평가) > 면접심사 (역량, 가치관 및 발전 가능성을 종합적으로 심사) > 건강검진 > 최종합격 복리후생제도 주 소 : 창원시 성산구 완암로 50, 메카동 813호(성산동, SK테크노파크) | 전화 : 055-281-6540 (+82-55-281-6540) | 팩스 : 055-281-6545 (+82-55-281-6545) Head Office : #813 & 912, Mecha-zone, SK Technopark, 50, Wanam-ro, Seongsan-gu,Changwon-si, Gyeongsangnam-do, Republic of Korea 대표자 : 주양효 | 사업자등록번호 : 864-86-00956 | Mail : timett77@hanmail.net","","","","건강검진","","","","","","","","active","2026-04-20T06:56:25.542034","2026-04-20T06:56:25.542057","True"
"521","19007","(주)에스엠티코리아","컨텐츠 바로기기","http://www.smtkorea.co.kr/bbs/board.php?bo_table=board8","컨텐츠 바로기기 본문으로 바로가기 주메뉴로 바로가기 하단 홈페이지정보 바로가기 회사소개 CEO인사말 회사연혁 조직도 오시는 길 제품소개 Solder Paste & Wire & Bar Underfill 수지 Soldering Pallet(CDM) NC Master ProLine System ProLCR System 기술자료 SMT란 SMT장비 Line구성 공정기술기초 기술자료 게시판 공지사항 중고설비 매매 임가공 주고 받기 구인구직 회원간 Q&A 제품문의하기 자유게시판 채용정보 인재상 복지제도 채용공고 채용정보 인재상 복지제도 채용공고 HOME > 채용정보 > 채용공고 채용공고 채용공고 목록 Total 1건 1 페이지 채용공고 목록 번호 제목 글쓴이 날짜 조회 1 채용공고-지그기술영업부(경력자) SMTKorea 11-09 16994 게시물 검색 검색대상 제목 내용 제목+내용 회원아이디 회원아이디(코) 글쓴이 글쓴이(코) 검색어 필수 주 소 : 경기도 화성시 동탄면 동탄산단2길 7-3 TEL : 사무실 (031) 376-2401(대표) | 부설연구소 (031) 376-2403 | FAX : (031) 376-2405","","","","","","경기","","","","","","active","2026-04-20T06:58:01.005775","2026-04-20T06:58:01.005793","True"
"522","19007","(주)에스엠티코리아","컨텐츠 바로기기","http://www.smtkorea.co.kr/recruitment/recruit2.php","컨텐츠 바로기기 본문으로 바로가기 주메뉴로 바로가기 하단 홈페이지정보 바로가기 회사소개 CEO인사말 회사연혁 조직도 오시는 길 제품소개 Solder Paste & Wire & Bar Underfill 수지 Soldering Pallet(CDM) NC Master ProLine System ProLCR System 기술자료 SMT란 SMT장비 Line구성 공정기술기초 기술자료 게시판 공지사항 중고설비 매매 임가공 주고 받기 구인구직 회원간 Q&A 제품문의하기 자유게시판 채용정보 인재상 복지제도 채용공고 채용정보 인재상 복지제도 채용공고 HOME > 채용정보 > 복지제도 복지제도 인사 복지 제도 국민연금, 건강보험, 고용보험, 산재보험, 퇴직연금 주 40시간 근무 사내 식당 식사 무료 제공(조식, 중식, 석식) 연말 특별 상여제도(성과급) 연중휴가 유급 휴가(3일) 연중휴가 휴가비 지원 명절 선물 지급 경조사 휴가 및 경조금 지급 주 소 : 경기도 화성시 동탄면 동탄산단2길 7-3 TEL : 사무실 (031) 376-2401(대표) | 부설연구소 (031) 376-2403 | FAX : (031) 376-2405","","","","","","경기","","","","","","active","2026-04-20T06:58:05.596921","2026-04-20T06:58:05.596945","True"
"523","19007","(주)에스엠티코리아","컨텐츠 바로기기","http://www.smtkorea.co.kr/recruitment/recruit1.php","컨텐츠 바로기기 본문으로 바로가기 주메뉴로 바로가기 하단 홈페이지정보 바로가기 회사소개 CEO인사말 회사연혁 조직도 오시는 길 제품소개 Solder Paste & Wire & Bar Underfill 수지 Soldering Pallet(CDM) NC Master ProLine System ProLCR System 기술자료 SMT란 SMT장비 Line구성 공정기술기초 기술자료 게시판 공지사항 중고설비 매매 임가공 주고 받기 구인구직 회원간 Q&A 제품문의하기 자유게시판 채용정보 인재상 복지제도 채용공고 채용정보 인재상 복지제도 채용공고 HOME > 채용정보 > 인재상 인재상 SMT KOREA는 열정 이 넘치고, 연구하고 발전하는 창조적 이며, 동료들과 단결 할 수 있는 사람과 미래를 함께 하고 싶습니다. 주 소 : 경기도 화성시 동탄면 동탄산단2길 7-3 TEL : 사무실 (031) 376-2401(대표) | 부설연구소 (031) 376-2403 | FAX : (031) 376-2405","","","","","","경기","","","","","","active","2026-04-20T06:58:09.708453","2026-04-20T06:58:09.708471","True"
"524","19007","(주)에스엠티코리아","컨텐츠 바로기기","http://www.smtkorea.co.kr/bbs/board.php?bo_table=board3","컨텐츠 바로기기 본문으로 바로가기 주메뉴로 바로가기 하단 홈페이지정보 바로가기 회사소개 CEO인사말 회사연혁 조직도 오시는 길 제품소개 Solder Paste & Wire & Bar Underfill 수지 Soldering Pallet(CDM) NC Master ProLine System ProLCR System 기술자료 SMT란 SMT장비 Line구성 공정기술기초 기술자료 게시판 공지사항 중고설비 매매 임가공 주고 받기 구인구직 회원간 Q&A 제품문의하기 자유게시판 채용정보 인재상 복지제도 채용공고 게시판 공지사항 중고설비 매매 임가공 주고받기 구인구직 회원간 Q&A 제품문의하기 자유게시판 HOME > 게시판 > 구인구직 구인구직 구인구직 목록 구인구직 카테고리 전체 구인 구직 Total 64,527건 1 페이지 구인구직 목록 번호 제목 글쓴이 날짜 조회 공지 공지 게시판 이용 안내 댓글 68 개 SMTKorea 08-14 3242 64526 구직 15년만에 글써보네요. 댓글 1 개 SMQQ 04-19 10 64525 구직 생산 제조 PCB 수삽 조립 후공정 파트장 팀장급 관리자 구직합니다 starvic 04-19 3 64524 구직 경기도 구직 즉시출근 댓글 1 개 NCT00 04-18 34 64523 구인 안양 SMT OP인원 충원합니다. dhrehd91 04-17 96 64522 구인 [가산] 수삽/땜 경력자분 귀하게 모십니다. 감사 04-17 56 64521 구인 SMT 영업사원 모집 uto0506 04-17 64 64520 구직 SMT OP구직 합니다 tnstngkstkfkd 04-17 46 64519 구인 AOI검사,확대경검사 사원모집(주간-군포농심근처) geolsu 04-17 27 64518 구직 안녕하세요. qkqkdyd 04-17 51 64517 구인 smt 품질 관리자 모집 합니다 당께 04-17 54 64516 구인 AOI 검사 경력자 모집합니다. freelks 04-16 79 64515 구인 SMT 해외근무 중국업체 영업담당 모집 댓글 1 개 Mnest 04-16 109 64514 구직 알바 구합니다 mistershen 04-16 49 64513 구직 야마하 설비로 이직원해요,수원인근지역 근무희망 rjatk512 04-16 47 글쓰기 열린 1 페이지 2 페이지 3 페이지 4 페이지 5 페이지 6 페이지 7 페이지 8 페이지 9 페이지 10 페이지 다음 맨끝 게시물 검색 검색대상 제목 내용 제목+내용 회원아이디 회원아이디(코) 글쓴이 글쓴이(코) 검색어 필수 주 소 : 경기도 화성시 동탄면 동탄산단2길 7-3 TEL : 사무실 (031) 376-2401(대표) | 부설연구소 (031) 376-2403 | FAX : (031) 376-2405","","","","","","경기","","","","","","active","2026-04-20T06:58:14.862786","2026-04-20T06:58:14.862805","True"
"525","21506","(주)케이알산업","채용공고","http://recruit.krindus.co.kr","인재상 인사/복리후생 채용안내 채용공고 KR산업 YOUR DREAMS COME TRUE WITH KR INDUSTRY COMPANY ""KR산업과 함께 할 Creative한 미래형 인재를 기다립니다"" 채용공고 바로가기 KR산업의 인재상 KR산업은 언제나 인재를 제일로 생각합니다. 인재가 기업가치의 원천이라는 믿음을 가지고 개인에 대한 존중과 신뢰를 바탕으로 인재를 육성하고 있습니다. 인사/복리후생 제도 KR산업이 추구하는 인재상은 능력있는 창조인입니다. KR산업은 역량과 성과에 따른 보상정책을 기본원칙으로 직원들의 안정적이고 풍부한 삶을 지원하고 있습니다. 채용공고 진행중인 채용공고가 없습니다. 계룡그룹의 가족회사 깨끗하고 건강한 기업문화, 끊임없는도전으로 세상에 새로운 꿈을 전하는 이름이 되겠습니다. 위례 사옥 : 서울특별시 송파구 위례순환로 480, KR산업 위례빌딩 이천 본점 : 경기도 이천시 부발읍 경충대로 2042-1","","","","","","서울","","","","","","active","2026-04-20T06:58:30.397920","2026-04-20T06:58:30.397945","True"
"526","22726","주식회사 트림블솔루션즈코리아","당사의 문화와 가치","https://www.tekla.com/kr/%ED%9A%8C%EC%82%AC%20%EC%86%8C%EA%B0%9C/%EC%B1%84%EC%9A%A9%20%EC%A0%95%EB%B3%B4#job-f35c59b8-0","모든 성공적인 혁신 뒤에는 다른 이들을 돕고, 당면한 문제에 참여하며, 아이디어를 더 발전시키도록 영감을 받은 비범한 사람이 있습니다. Trimble 채용 정보에서 자세히 알아보기","","모든 성공적인 혁신 뒤에는 다른 이들을 돕고, 당면한 문제에 참여하며, 아이디어를 더 발전시키도록 영감을 받은 비범한 사람이 있습니다. Trimble 채용 정보에서 자세히 알아보기","","","","","","","","","","active","2026-04-20T06:58:58.053486","2026-04-20T06:58:58.053505","True"
"527","22726","주식회사 트림블솔루션즈코리아","자세한 정보","https://www.tekla.com/kr/%ED%9A%8C%EC%82%AC%20%EC%86%8C%EA%B0%9C/%EC%B1%84%EC%9A%A9%20%EC%A0%95%EB%B3%B4#job-fa500af8-5","인재 유치 팀: laura.virkkunen@trimble.com mirja.humppi@trimble.com 지원자를 위한 개인 정보 보호 통지","","","","","","","","","","","","active","2026-04-20T06:58:58.060554","2026-04-20T06:58:58.060565","True"
"528","23576","한국발명진흥회","알림광장","https://www.kipa.org/kipa/notice/recruit_notice.jsp?mode=list&board_no=1345&pager.offset=70","공지사항 인사채용 입찰공고 유관기관공지사항 인사채용 게시글 검색 검색분류선택 제목 내용 작성자 total: 74 page: 8 / 8 인사채용 게시판 번호 제목 등록일 조회수 첨부 4 2022년도 제2차 한국발명진흥회 임시계약직 채용 공고 2022-03-29 4248 3 2022년도 제1차 한국발명진흥회 체험형 인턴 채용 공고 2022-03-04 5942 2 2022년도 제1차 한국발명진흥회 전문계약직 채용 공고 2022-02-04 5479 1 2022년도 제1차 한국발명진흥회 임시계약직 채용 공고 2022-01-27 4370 1 2 3 4 5 6 7 8 전체목록 2572 / 2572 위 정보에 만족하셨습니까? 열람하신 정보에 대해 만족하십니까? 현재 페이지의 만족도를 평가해 주세요. 의견을 수렴하여 빠른 시일 내에 반영하겠습니다. 열람하신 정보에 대해 만족하십니까? 매우만족 만족 보통 불만 매우불만 만족도 코멘트 ㆍ콘텐츠 담당자 : [기획인재실] ㆍ전화문의: 02-3459-2740","","","","","","","계약직","","","2022-02-27","2022-03-29","active","2026-04-20T06:59:22.397327","2026-04-20T06:59:22.397340","True"
"529","23576","한국발명진흥회","알림광장","https://www.kipa.org/kipa/notice/recruit_notice.jsp?mode=list&board_no=1345&pager.offset=60","공지사항 인사채용 입찰공고 유관기관공지사항 인사채용 게시글 검색 검색분류선택 제목 내용 작성자 total: 74 page: 7 / 8 인사채용 게시판 번호 제목 등록일 조회수 첨부 14 2022년도 제3차 한국발명진흥회 전문계약직 채용 공고 2022-08-12 4663 13 2022년도 제2차 한국발명진흥회 공무직 채용 공고 2022-08-12 5972 12 2022년 한국발명진흥회 정규직 신입(6급, 채용형 인턴) 채용 공고 2022-08-03 14692 11 2022년도 제3차 한국발명진흥회 체험형 인턴(장애인 제한경쟁) 채용 공고 2022-06-15 3934 10 2022년도 제3차 한국발명진흥회 임시계약직 채용 공고 2022-06-15 4378 9 2022년도 한국발명진흥회 체험형 인턴(2차, 장애인 제한경쟁) 채용 공고 2022-05-12 3866 8 한국발명진흥회 경영관리본부장 직위 공모 공고 2022-05-03 3847 7 2022년도 공무직(1차) 채용 공고 2022-04-28 6288 6 2022년도 전문계약직(2차) 채용 공고 2022-04-28 4353 5 2022년도 대전지식재산센터장 공개 모집 공고 2022-04-27 3294 1 2 3 4 5 6 7 8 전체목록 2572 / 2572 위 정보에 만족하셨습니까? 열람하신 정보에 대해 만족하십니까? 현재 페이지의 만족도를 평가해 주세요. 의견을 수렴하여 빠른 시일 내에 반영하겠습니다. 열람하신 정보에 대해 만족하십니까? 매우만족 만족 보통 불만 매우불만 만족도 코멘트 ㆍ콘텐츠 담당자 : [기획인재실] ㆍ전화문의: 02-3459-2740","","","","","","대전","정규직","","","2022-07-13","2022-08-12","active","2026-04-20T06:59:27.875893","2026-04-20T06:59:27.875914","True"
"530","23576","한국발명진흥회","알림광장","https://www.kipa.org/kipa/notice/recruit_notice.jsp?mode=list&board_no=1345&pager.offset=40","공지사항 인사채용 입찰공고 유관기관공지사항 인사채용 게시글 검색 검색분류선택 제목 내용 작성자 total: 74 page: 5 / 8 인사채용 게시판 번호 제목 등록일 조회수 첨부 34 2024년 제1차 한국발명진흥회 체험형인턴 채용 공고 2024-01-26 4918 33 2024년 제1차 한국발명진흥회 전문계약직 채용 공고 2024-01-26 3786 32 2023년도 제3차 한국발명진흥회 체험형 인턴 채용 공고 2023-10-20 5147 31 2023년도 제2차 한국발명진흥회 임시계약직 채용 공고 2023-10-20 3788 30 2023년도 제3차 한국발명진흥회 전문계약직 채용 공고 2023-10-20 3266 29 2023년도 제2차 한국발명진흥회 공무직 채용 공고 2023-10-20 4006 28 2023년 세종지식재산센터장 공개 모집 공고 2023-08-04 3622 27 2023년 한국발명진흥회 정규직 신입(6급, 채용형 인턴) 채용 공고 2023-06-01 13110 26 2023년도 제2차 한국발명진흥회 체험형 인턴 채용 공고 2023-05-18 5135 25 2023년 제2차 한국발명진흥회 전문계약직 채용 공고 2023-05-18 4252 1 2 3 4 5 6 7 8 전체목록 2572 / 2572 위 정보에 만족하셨습니까? 열람하신 정보에 대해 만족하십니까? 현재 페이지의 만족도를 평가해 주세요. 의견을 수렴하여 빠른 시일 내에 반영하겠습니다. 열람하신 정보에 대해 만족하십니까? 매우만족 만족 보통 불만 매우불만 만족도 코멘트 ㆍ콘텐츠 담당자 : [기획인재실] ㆍ전화문의: 02-3459-2740","","","","","","세종","정규직","","","2023-12-27","2024-01-26","active","2026-04-20T06:59:41.591119","2026-04-20T06:59:41.591141","True"
"531","23576","한국발명진흥회","알림광장","https://www.kipa.org/kipa/notice/recruit_notice.jsp?mode=view&article_no=113391&board_wrapper=%2Fkipa%2Fnotice%2Frecruit_notice.jsp&pager.offset=0&board_no=1345","공지사항 인사채용 입찰공고 유관기관공지사항 인사채용 인사채용 게시글의 상세 화면 제목 한국발명진흥회 경영관리본부장 직위 공모 작성자 이민희 등록일 2025-11-14 조회수 1616 [붙임1] 한국발명진흥회 경영관리본부장 공개모집 공고문.pdf [붙임2] 채용지원서, 이력서 등 양식.hwp 한국발명진흥회 공고 제2025-170호 한국발명진흥회 경영관리본부장 직위 공모 2025.11.14. 한국발명진흥회장 1. 모집 개요 - 모집분야 : 경영관리본부장(개방형 직위/계약직) - 모집인원 : 1명 이내 - 근 무 지 : 서울 강남구 - 근무기간 : 계약일로부터 최대 3년(근무성과에 따라 1년단위 재계약) 2. 주요직무 및 자격요건 : [붙임1] 공고문 참조 3. 지원서 접수 - 접수기간: `25. 11. 14.(금) ~ 12. 1.(월) 18:00까지 [18일간] - 접수방법: 방문 또는 등기우편접수(서울특별시 강남구 테헤란로131 한국지식재산센터 19층 한국발명진흥회 기획인재실 인사담당자) - 제출서류: 첨부파일 양식 참조 ①. 지원서 1부 ②. 이력서 1부 ③. 자기소개서 1부 ④. 직무수행계획서 1부 ⑤. 개인정보 수집, 활용, 제공 동의서 1부 4. 기타 세부내용은 첨부의 채용공고문 참고 5. 문의 : 한국발명진흥회 인사담당자 02-3459-2723 인사채용 게시판의 이전글 다음글 이전글 (251201) 한국발명진흥회 인사 다음글 (250922) 한국발명진흥회 인사 목록 2572 / 2572 위 정보에 만족하셨습니까? 열람하신 정보에 대해 만족하십니까? 현재 페이지의 만족도를 평가해 주세요. 의견을 수렴하여 빠른 시일 내에 반영하겠습니다. 열람하신 정보에 대해 만족하십니까? 매우만족 만족 보통 불만 매우불만 만족도 코멘트 ㆍ콘텐츠 담당자 : [기획인재실] ㆍ전화문의: 02-3459-2740",": [붙임1] 공고문 참조 3. 지원서 접수 접수기간: `25. 11. 14.(금) ~ 12. 1.(월) 18:00까지 [18일간] 접수방법: 방문 또는 등기우편접수(서울특별시 강남구 테헤란로131 한국지식재산센터 19층 한국발명진흥회 기획인재실 인사","","","","","서울","계약직","","","2025-11-14","2025-12-14","active","2026-04-20T07:00:02.210416","2026-04-20T07:00:02.210432","True"
"532","23576","한국발명진흥회","알림광장","https://www.kipa.org/kipa/notice/recruit_notice.jsp?mode=view&article_no=113646&board_wrapper=%2Fkipa%2Fnotice%2Frecruit_notice.jsp&pager.offset=0&board_no=1345","공지사항 인사채용 입찰공고 유관기관공지사항 인사채용 인사채용 게시글의 상세 화면 제목 (251201) 한국발명진흥회 인사 작성자 최용준 등록일 2025-11-28 조회수 2557 한국발명진흥회 인사발령 사항을 다음과 같이 안내드립니다. - 성명 : 김승보 - 발령일자 : 2025년 12월 1일 - 발령사항 : 부장(2급) -> 수석부장(1급) - 성명 : 유주현, 민홍규 - 발령일자 : 2025년 12월 1일 - 발령사항 : 차장(3급) -> 부장(2급) 인사채용 게시판의 이전글 다음글 이전글 (260101)한국발명진흥회 인사 다음글 한국발명진흥회 경영관리본부장 직위 공모 목록 2572 / 2572 위 정보에 만족하셨습니까? 열람하신 정보에 대해 만족하십니까? 현재 페이지의 만족도를 평가해 주세요. 의견을 수렴하여 빠른 시일 내에 반영하겠습니다. 열람하신 정보에 대해 만족하십니까? 매우만족 만족 보통 불만 매우불만 만족도 코멘트 ㆍ콘텐츠 담당자 : [기획인재실] ㆍ전화문의: 02-3459-2740","","","","","","","","","","2025-11-28","2025-12-28","active","2026-04-20T07:00:06.884818","2026-04-20T07:00:06.884837","True"
"533","23576","한국발명진흥회","알림광장","https://www.kipa.org/kipa/notice/recruit_notice.jsp?mode=view&article_no=120245&board_wrapper=%2Fkipa%2Fnotice%2Frecruit_notice.jsp&pager.offset=0&board_no=1345","공지사항 인사채용 입찰공고 유관기관공지사항 인사채용 인사채용 게시글의 상세 화면 제목 2026년 제1차 한국발명진흥회 전문계약직 채용 작성자 이민희 등록일 2026-01-05 조회수 3713 2026년 제1차 한국발명진흥회 전문계약직 채용 공고.pdf 2026년 제1차 한국발명진흥회 전문계약직 채용 NCS 기반 직무기술서.pdf 채용 결과 이의 신청서 및 채용서류 반환 청구서양식.hwp 한국발명진흥회 공고 제2026-001호 2026년 제1차 한국발명진흥회 전문계약직 채용 공고 2026. 1. 5. 한국발명진흥회장 □ 모집 개요 ㅇ 채용인원 : 7개 분야 총 12명 채용 ㅇ 채용형태 : 전문계약직 ㅇ 근 무 지 : 한국발명진흥회 본회(서울), RIPC ( 지역지식재산센터 -인천,대전,창원) □ 지원 자격 ㅇ 우리회 인사규정상 채용 결격사유에 해당되지 않는 자 ㅇ 입사지원서 접수마감일 기준 우리회 정년(만 60세)에 도달하지 않은 자 ㅇ 병역법 제76조에서 정한 병역의무 불이행 사실이 없는 자 ㅇ 해외여행에 결격사유가 없는 자 ㅇ 채용 확정 후 즉시 근무 가능한 자 ※ 모집분야별 세부 지원자격이 상이하므로 공고문 확인 必 □ 전형 일정 ㅇ (원서접수) `26. 1. 5.(월) ~ 1. 19.(월) 14:00 ㅇ (서류전형) 합격자 발표 : `26. 1. 28.(수) 이내 ㅇ (필기전형-인적성검사) `26. 1 . 30.(금) ~ 2. 1.(일) * AI 역량평가(온라인) 실시 ㅇ (면접전형) `26. 2 . 5.(목) ~ 2.6(금) * 한국발명진흥회 본회 실시 예정 ㅇ (입 사) `26. 3. 3.(화) 이후 ※ 상기 일정은 기관 사정에 의하여 변경될 수 있으며, 변경 시 홈페이지에 별도 공지 예정 □ 지원서 접수 : 채용 홈페이지 ( https://kipa.recruiter.co.kr/ ) 를 통한 온라인 접수 * 분야별 중복지원 불가, 우편/방문접수 불가 전형 단계별 평가기준 및 가점사항, 제출서류 등 세부내용은 첨부된 채용 공고문을 반드시 확인하시기 바랍니다. 감사합니다. 인사채용 게시판의 이전글 다음글 이전글 2026년 제1차 한국발명진흥회 체험형 인턴 채용 공고(장애인 제한경쟁 및 일반) 다음글 (260101)한국발명진흥회 인사 목록 2572 / 2572 위 정보에 만족하셨습니까? 열람하신 정보에 대해 만족하십니까? 현재 페이지의 만족도를 평가해 주세요. 의견을 수렴하여 빠른 시일 내에 반영하겠습니다. 열람하신 정보에 대해 만족하십니까? 매우만족 만족 보통 불만 매우불만 만족도 코멘트 ㆍ콘텐츠 담당자 : [기획인재실] ㆍ전화문의: 02-3459-2740","공지사항 인사채용 입찰공고 유관기관공지사항 인사채용 인사채용 게시글의 상세 화면 제목 2026년 제1차 한국발명진흥회 전문계약직 채용 작성자 이민희 등록일 2026-01-05 조회수 3713 2026년 제1차 한국발명진흥회 전문계약직 채용 공고.pdf 2026년 제1차 한국발명진흥회 전문계약직 채용 NCS 기반 직무기술서.pdf 채용 결과 이의 신청서 및 채용서류 반환 청구서양식.hwp 한국발명진흥회 공고 제2026-001호 2026년 제1차 한국발명진흥회 전문계약직 채용 공고 2026. 1. 5. 한국발명진흥회장 □ 모집 개요 ㅇ 채용인원 : 7개 분야 총 12명 채용 ㅇ 채용형태 : 전문계약직 ㅇ 근 무 지 : 한국발명진흥회 본회(서울), RIPC ( 지역지식재산센터 -인천,대전,창원) □ 지원 자격 ㅇ 우리회 인사규정상 채용 결격사유에 해당되지 않는 자 ㅇ 입사지원서 접수마감일 기준 우리회 정년(만 60세)에 도달하지 않은 자 ㅇ 병역법 제76조에서 정한 병역의무 불이행 사실이 없는 자 ㅇ 해외여행에 결격사유가 없는 자 ㅇ 채용 확정 후 즉시 근무 가능한 자 ※ 모집분야별 세부 지원자격이 상이하므로 공고문 확인 必 □ 전형 일정 ㅇ (원서접수) `26. 1. 5.(월) ~ 1. 19.(월) 14:00 ㅇ (서류전형) 합격자 발표 : `26. 1. 28.(수) 이내 ㅇ (필기전형-인적성검사) `26. 1 . 30.(금) ~ 2. 1.(일) * AI 역량평가(온라인) 실시 ㅇ (면접전형) `26. 2 . 5.(목) ~ 2.6(금) * 한국발명진흥회 본회 실시 예정 ㅇ (입 사) `26. 3. 3.(화) 이후 ※ 상기 일정은 기관 사정에 의하여 변경될 수 있으며, 변경 시 홈페이지에 별도 공지 예정 □ 지원서 접수 : 채용 홈페이지 ( https://kipa.recruiter.co.kr/ ) 를 통한 온라인 접수 * 분야별 중복지원 불가, 우편/방문접수 불가 전형 단계별 평가기준 및 가점사항, 제출서류 등 세부내용은 첨부된 채용 공고문을 반드시 확인하시기 바랍니다. 감사합니다. 인사채용 게시판의 이전글 다음글 이전글 2026년 제1차 한국발명진흥회 체험형 인턴 채용 공고(장애인 제한경쟁 및 일반) 다음글 (260101)한국발명진흥회 인사 목록 2572 / 2572 위 정보에 만족하셨습니까? 열람하신 정보에 대해 만족하십니까? 현재 페이지의 만족도를 평가해 주세요. 의견을 수렴하여 빠른 시일 내에 반영하겠습니다. 열람하신 정보에 대해 만족하십니까? 매우만족 만족 보통 불만 매우불만 만족도 코멘트 ㆍ콘텐츠 담당자 : [기획인재실] ㆍ전화문의: 02-3459-2740","","","","","서울","계약직","","","2026-01-05","2026-02-04","active","2026-04-20T07:00:20.478719","2026-04-20T07:00:20.478734","True"
"534","23576","한국발명진흥회","알림광장","https://www.kipa.org/kipa/notice/recruit_notice.jsp?mode=view&article_no=120246&board_wrapper=%2Fkipa%2Fnotice%2Frecruit_notice.jsp&pager.offset=0&board_no=1345","및 전형 단계별 평가기준 등 세부 사항은 첨부된 채용 공고문을 반드시 확인하시기 바랍니다. 감사합니다. 인사채용 게시판의 이전글 다음글 이전글 2026년 제1차 한국발명진흥회 임시계약직 채용 공고 다음글 2026년 제1차 한국발명진흥회 전문계약직 채용 목록 2572 / 2572 위 정보에 만족하셨습니까? 열람하신 정보에 대해 만족하십니까? 현재 페이지의 만족도를 평가해 주세요. 의견을 수렴하여 빠른 시일 내에 반영하겠습니다. 열람하신 정보에 대해 만족하십니까? 매우만족 만족 보통 불만 매우불만 만족도 코멘트 ㆍ콘텐츠 담당자 : [기획인재실] ㆍ전화문의: 02-3459-2740","공지사항 인사채용 입찰공고 유관기관공지사항 인사채용 인사채용 게시글의 상세 화면 제목 2026년 제1차 한국발명진흥회 체험형 인턴 채용 공고(장애인 제한경쟁 및 일반) 작성자 이민희 등록일 2026-01-05 조회수 3518 2026년 제1차 한국발명진흥회 체험형 인턴 채용 공고.pdf 2026년 제1차 한국발명진흥회 체험형 인턴 채용 NCS 기반 직무기술서.pdf 채용 결과 이의 신청서 및 채용서류 반환 청구서양식.hwp 한국발명진흥회 공고 제2026-002호 2026년 제1차 한국발명진흥회 체험형인턴 채용 공고 2026. 1. 5. 한국발명진흥회장 □ 모집 개요 ㅇ 채용인원 : 11명 ㅇ 채용형태 : 체험형 인턴 ㅇ 근 무 지 : 한국발명진흥회 본회(서울), 발명인의 전당(대전 지식재산처 內) □ 지원 자격 ㅇ 우리회 인사규정상 채용 결격사유에 해당되지 않는 자 ㅇ 입사지원서 접수마감일 기준 우리회 정년(만 60세)에 도달하지 않은 자 ㅇ 병역법 제76조에서 정한 병역의무 불이행 사실이 없는 자 ㅇ 해외여행에 결격사유가 없는 자 ㅇ 채용 확정 후 즉시 근무 가능한 자 ㅇ (인턴-01) 장애인 증명서 소지자 □ 전형 일정 ㅇ (원서접수) `26. 1. 5.(월) ~ 1. 19.(월) 14:00 ㅇ (서류전형) 합격자 발표 : `26. 1. 28.(수) 이내 ㅇ (면접전형) `26. 1 . 30.(금) ~ 2. 1.(일) * AI 역량면접(온라인) 실시 ㅇ (입 사) `26. 3. 3.(화) 이후 ※ 상기 일정은 기관 사정에 의하여 변경될 수 있으며, 변경 시 홈페이지에 별도 공지 예정 □ 지원서 접수 : 채용 홈페이지 ( https://kipa.recruiter.co.kr/ ) 를 통한 온라인 접수 * 분야별 중복지원 불가, 우편/방문접수 불가 담당 업무 및 전형 단계별 평가기준 등 세부 사항은 첨부된 채용 공고문을 반드시 확인하시기 바랍니다. 감사합니다. 인사채용 게시판의 이전글 다음글 이전글 2026년 제1차 한국발명진흥회 임시계약직 채용 공고 다음글 2026년 제1차 한국발명진흥회 전문계약직 채용 목록 2572 / 2572 위 정보에 만족하셨습니까? 열람하신 정보에 대해 만족하십니까? 현재 페이지의 만족도를 평가해 주세요. 의견을 수렴하여 빠른 시일 내에 반영하겠습니다. 열람하신 정보에 대해 만족하십니까? 매우만족 만족 보통 불만 매우불만 만족도 코멘트 ㆍ콘텐츠 담당자 : [기획인재실] ㆍ전화문의: 02-3459-2740","","","","","서울","계약직","","","2026-01-05","2026-02-04","active","2026-04-20T07:00:24.141358","2026-04-20T07:00:24.141374","True"
"535","23576","한국발명진흥회","알림광장","https://www.kipa.org/kipa/notice/recruit_notice.jsp?mode=view&article_no=120247&board_wrapper=%2Fkipa%2Fnotice%2Frecruit_notice.jsp&pager.offset=0&board_no=1345","및 전형 단계별 평가기준 등 세부 사항은 첨부된 채용 공고문을 반드시 확인하시기 바랍니다. 감사합니다. 인사채용 게시판의 이전글 다음글 이전글 2026년 부산지식재산센터장 공개 모집 공고 다음글 2026년 제1차 한국발명진흥회 체험형 인턴 채용 공고(장애인 제한경쟁 및 일반) 목록 2572 / 2572 위 정보에 만족하셨습니까? 열람하신 정보에 대해 만족하십니까? 현재 페이지의 만족도를 평가해 주세요. 의견을 수렴하여 빠른 시일 내에 반영하겠습니다. 열람하신 정보에 대해 만족하십니까? 매우만족 만족 보통 불만 매우불만 만족도 코멘트 ㆍ콘텐츠 담당자 : [기획인재실] ㆍ전화문의: 02-3459-2740","공지사항 인사채용 입찰공고 유관기관공지사항 인사채용 인사채용 게시글의 상세 화면 제목 2026년 제1차 한국발명진흥회 임시계약직 채용 공고 작성자 이민희 등록일 2026-01-05 조회수 2853 2026년 제1차 한국발명진흥회 임시계약직 채용 공고.pdf 2026년 제1차 한국발명진흥회 임시계약직 채용 NCS 기반 직무기술서.pdf 채용 결과 이의 신청서 및 채용서류 반환 청구서양식.hwp 한국발명진흥회 공고 제2026-003호 2026년 제1차 한국발명진흥회 임시계약직 채용 공고 2026. 1 . 5. 한국발명진흥회장 □ 모집 개요 ㅇ 채용인원 : 발명교육활성화사업 1명 ㅇ 채용형태 : 임시계약직 ㅇ 근 무 지 : 한국발명진흥회 본회(서울) □ 지원 자격 ㅇ 우리회 인사규정상 채용 결격사유에 해당되지 않는 자 ㅇ 입사지원서 접수마감일 기준 우리회 정년(만 60세)에 도달하지 않은 자 ㅇ 병역법 제76조에서 정한 병역의무 불이행 사실이 없는 자 ㅇ 해외여행에 결격사유가 없는 자 ㅇ 채용 확정 후 즉시 근무 가능한 자 ※ 세부 지원자격 공고문 확인 必 □ 전형 일정 ㅇ (원서접수) `26. 1. 5.(월) ~ 1. 19.(월) 14:00 ㅇ (서류전형) 합격자 발표 : `26. 1. 28.(수) 이내 ㅇ (면접전형) `26. 1 . 30.(금) ~ 2. 1.(일) * AI 역량면접(온라인) 실시 ㅇ (입 사) `26. 4. 2.(목) 이후 ※ 상기 일정은 기관 사정에 의하여 변경될 수 있으며, 변경 시 홈페이지에 별도 공지 예정 □ 지원서 접수 : 채용 홈페이지 ( https://kipa.recruiter.co.kr/ ) 를 통한 온라인 접수 * 분야별 중복지원 불가, 우편/방문접수 불가 담당 업무 및 전형 단계별 평가기준 등 세부 사항은 첨부된 채용 공고문을 반드시 확인하시기 바랍니다. 감사합니다. 인사채용 게시판의 이전글 다음글 이전글 2026년 부산지식재산센터장 공개 모집 공고 다음글 2026년 제1차 한국발명진흥회 체험형 인턴 채용 공고(장애인 제한경쟁 및 일반) 목록 2572 / 2572 위 정보에 만족하셨습니까? 열람하신 정보에 대해 만족하십니까? 현재 페이지의 만족도를 평가해 주세요. 의견을 수렴하여 빠른 시일 내에 반영하겠습니다. 열람하신 정보에 대해 만족하십니까? 매우만족 만족 보통 불만 매우불만 만족도 코멘트 ㆍ콘텐츠 담당자 : [기획인재실] ㆍ전화문의: 02-3459-2740","","","","","서울","계약직","","","2026-01-05","2026-02-04","active","2026-04-20T07:00:27.851011","2026-04-20T07:00:27.851031","True"
"536","23576","한국발명진흥회","알림광장","https://www.kipa.org/kipa/notice/recruit_notice.jsp?mode=view&article_no=122373&board_wrapper=%2Fkipa%2Fnotice%2Frecruit_notice.jsp&pager.offset=0&board_no=1345","공지사항 인사채용 입찰공고 유관기관공지사항 인사채용 인사채용 게시글의 상세 화면 제목 2026년 부산지식재산센터장 공개 모집 공고 작성자 이민희 등록일 2026-04-08 조회수 324 2026년 부산지식재산센터장(개방형 직위) 공개모집 공고문.pdf 2026년 부산지식재산센터장(개방형 직위) 공개모집 지원서 등 양식.hwp 한국발명진흥회 공고 제2026-67호 부산지식재산센터장 공개 모집 2026. 4. 8. 한국발명진흥회장 1. 모집 개요 - 모집분야 : 부산지식재산센터장(개방형 직위) - 모집인원 : 1명 이내 - 근 무 지 : 한국발명진흥회 부산지부 (부산 사상구 학감대로 257 보생빌딩 305호) - 근무기간 : 임용일로부터 3년 (평가 결과에 따라 1회 연임가능) 2. 지원서 접수 - 접수기간: 4. 8.(수) ~ 4 . 22.(수) 18:00까지 [15일간] - 접수방법: 이메일 (apply@kipa.org) 또는 우편 접수 (서울특별시 강남구 테헤란로131 한국지식재산센터 19층 기획인재실 채용담당자 앞) - 제출서류: 첨부파일 양식 참조 ①. 지원서 1부 ②. 이력서 1부 ③. 자기소개서 1부 ④. 직무수행계획서 1부 ⑤. 지원자격 증빙서류 1부 (전공, 경력 또는 자격증빙) ⑥. 개인정보 수집·활용 · 제공 동의서 1부 ⑦. 장애인인 경우 장애인증명서 또는 복지카드 사본 1부 ⑧. 취업지원대상자인 경우 취업지원대상자 증명서 1부 * 제출서류 미비 시 지원자격 미달 혹은 허위기재로 간주되며 전형 대상에서 제외 또는 불합격 처리될 수 있음 (제출서류 ①~⑥ 필수제출 / ⑦~⑧ 해당자만 제출) 3. 지원자격 및 전형일정 등 세부내용은 첨부의 채용 공고문 참조 4. 문의 : 한국발명진흥회 인사담당자 02-3459-2740 / apply@kipa.org 인사채용 게시판의 이전글 다음글 이전글 2026년 제2차 한국발명진흥회 전문계약직 채용 다음글 2026년 제1차 한국발명진흥회 임시계약직 채용 공고 목록 2572 / 2572 위 정보에 만족하셨습니까? 열람하신 정보에 대해 만족하십니까? 현재 페이지의 만족도를 평가해 주세요. 의견을 수렴하여 빠른 시일 내에 반영하겠습니다. 열람하신 정보에 대해 만족하십니까? 매우만족 만족 보통 불만 매우불만 만족도 코멘트 ㆍ콘텐츠 담당자 : [기획인재실] ㆍ전화문의: 02-3459-2740","","","","","","서울","계약직","","","2026-04-08","2026-05-08","active","2026-04-20T07:00:34.037133","2026-04-20T07:00:34.037153","True"
"537","23576","한국발명진흥회","알림광장","https://www.kipa.org/kipa/notice/recruit_notice.jsp?mode=view&article_no=122387&board_wrapper=%2Fkipa%2Fnotice%2Frecruit_notice.jsp&pager.offset=0&board_no=1345","공지사항 인사채용 입찰공고 유관기관공지사항 인사채용 인사채용 게시글의 상세 화면 제목 2026년 제2차 한국발명진흥회 전문계약직 채용 작성자 이민희 등록일 2026-04-09 조회수 632 2026년 제2차 한국발명진흥회 전문계약직 채용 공고.pdf 2026년 제2차 한국발명진흥회 전문계약직 채용 NCS 기반 직무기술서.pdf 채용 결과 이의 신청서 및 채용서류 반환 청구서양식.hwp 한국발명진흥회 공고 제2026-068호 2026년 제2차 한국발명진흥회 전문계약직 채용 공고 2026. 4. 9. 한국발명진흥회장 □ 모집 개요 ㅇ 채용인원 : 3개 분야 총 5명 이내 채용 ㅇ 채용형태 : 전문계약직 ㅇ 근 무 지 : 한국발명진흥회 본회(서울), RIPC (대전 지역지식재산센터) □ 지원 자격 ㅇ 우리회 인사규정상 채용 결격사유에 해당되지 않는 자 ㅇ 입사지원서 접수마감일 기준 우리회 정년(만 60세)에 도달하지 않은 자 ㅇ 병역법 제76조에서 정한 병역의무 불이행 사실이 없는 자 ㅇ 해외여행에 결격사유가 없는 자 ㅇ 채용 확정 후 즉시 근무 가능한 자 ※ 모집분야별 세부 지원자격이 상이하므로 공고문 확인 必 □ 전형 일정 ㅇ (원서접수) `26. 4. 9.(목) ~ 4. 23.(목) 14:00 ㅇ (서류전형) 합격자 발표 : `26. 5. 7.(목) 이내 ㅇ (필기전형-인적성검사) `26. 5 . 9.(토) ~ 5. 11.(월) * AI 역량평가(온라인) 실시 ㅇ (면접전형) `26. 5 . 15.(금) ~ 5.18(월) * 한국발명진흥회 본회 실시 예정 ㅇ (입 사) `26. 6. 1.(월) 이후 ※ 상기 일정은 기관 사정에 의하여 변경될 수 있으며, 변경 시 홈페이지에 별도 공지 예정 □ 지원서 접수 : 채용 홈페이지 ( https://kipa.recruiter.co.kr/ ) 를 통한 온라인 접수 * 분야별 중복지원 불가, 우편/방문접수 불가 전형 단계별 평가기준 및 가점사항, 제출서류 등 세부내용은 첨부된 채용 공고문을 반드시 확인하시기 바랍니다. 감사합니다. 인사채용 게시판의 이전글 다음글 이전글 2026년 제2차 한국발명진흥회 임시계약직 채용 공고 다음글 2026년 부산지식재산센터장 공개 모집 공고 목록 2572 / 2572 위 정보에 만족하셨습니까? 열람하신 정보에 대해 만족하십니까? 현재 페이지의 만족도를 평가해 주세요. 의견을 수렴하여 빠른 시일 내에 반영하겠습니다. 열람하신 정보에 대해 만족하십니까? 매우만족 만족 보통 불만 매우불만 만족도 코멘트 ㆍ콘텐츠 담당자 : [기획인재실] ㆍ전화문의: 02-3459-2740","공지사항 인사채용 입찰공고 유관기관공지사항 인사채용 인사채용 게시글의 상세 화면 제목 2026년 제2차 한국발명진흥회 전문계약직 채용 작성자 이민희 등록일 2026-04-09 조회수 632 2026년 제2차 한국발명진흥회 전문계약직 채용 공고.pdf 2026년 제2차 한국발명진흥회 전문계약직 채용 NCS 기반 직무기술서.pdf 채용 결과 이의 신청서 및 채용서류 반환 청구서양식.hwp 한국발명진흥회 공고 제2026-068호 2026년 제2차 한국발명진흥회 전문계약직 채용 공고 2026. 4. 9. 한국발명진흥회장 □ 모집 개요 ㅇ 채용인원 : 3개 분야 총 5명 이내 채용 ㅇ 채용형태 : 전문계약직 ㅇ 근 무 지 : 한국발명진흥회 본회(서울), RIPC (대전 지역지식재산센터) □ 지원 자격 ㅇ 우리회 인사규정상 채용 결격사유에 해당되지 않는 자 ㅇ 입사지원서 접수마감일 기준 우리회 정년(만 60세)에 도달하지 않은 자 ㅇ 병역법 제76조에서 정한 병역의무 불이행 사실이 없는 자 ㅇ 해외여행에 결격사유가 없는 자 ㅇ 채용 확정 후 즉시 근무 가능한 자 ※ 모집분야별 세부 지원자격이 상이하므로 공고문 확인 必 □ 전형 일정 ㅇ (원서접수) `26. 4. 9.(목) ~ 4. 23.(목) 14:00 ㅇ (서류전형) 합격자 발표 : `26. 5. 7.(목) 이내 ㅇ (필기전형-인적성검사) `26. 5 . 9.(토) ~ 5. 11.(월) * AI 역량평가(온라인) 실시 ㅇ (면접전형) `26. 5 . 15.(금) ~ 5.18(월) * 한국발명진흥회 본회 실시 예정 ㅇ (입 사) `26. 6. 1.(월) 이후 ※ 상기 일정은 기관 사정에 의하여 변경될 수 있으며, 변경 시 홈페이지에 별도 공지 예정 □ 지원서 접수 : 채용 홈페이지 ( https://kipa.recruiter.co.kr/ ) 를 통한 온라인 접수 * 분야별 중복지원 불가, 우편/방문접수 불가 전형 단계별 평가기준 및 가점사항, 제출서류 등 세부내용은 첨부된 채용 공고문을 반드시 확인하시기 바랍니다. 감사합니다. 인사채용 게시판의 이전글 다음글 이전글 2026년 제2차 한국발명진흥회 임시계약직 채용 공고 다음글 2026년 부산지식재산센터장 공개 모집 공고 목록 2572 / 2572 위 정보에 만족하셨습니까? 열람하신 정보에 대해 만족하십니까? 현재 페이지의 만족도를 평가해 주세요. 의견을 수렴하여 빠른 시일 내에 반영하겠습니다. 열람하신 정보에 대해 만족하십니까? 매우만족 만족 보통 불만 매우불만 만족도 코멘트 ㆍ콘텐츠 담당자 : [기획인재실] ㆍ전화문의: 02-3459-2740","","","","","서울","계약직","","","2026-04-09","2026-05-09","active","2026-04-20T07:00:41.708298","2026-04-20T07:00:41.708314","True"
"538","23576","한국발명진흥회","알림광장","https://www.kipa.org/kipa/notice/recruit_notice.jsp?mode=view&article_no=122388&board_wrapper=%2Fkipa%2Fnotice%2Frecruit_notice.jsp&pager.offset=0&board_no=1345","및 전형 단계별 평가기준 등 세부 사항은 첨부된 채용 공고문을 반드시 확인하시기 바랍니다. 감사합니다. 인사채용 게시판의 이전글 다음글 이전글 2026년 제2차 한국발명진흥회 체험형 인턴 채용 공고(장애인 제한경쟁 및 일반) 다음글 2026년 제2차 한국발명진흥회 전문계약직 채용 목록 2572 / 2572 위 정보에 만족하셨습니까? 열람하신 정보에 대해 만족하십니까? 현재 페이지의 만족도를 평가해 주세요. 의견을 수렴하여 빠른 시일 내에 반영하겠습니다. 열람하신 정보에 대해 만족하십니까? 매우만족 만족 보통 불만 매우불만 만족도 코멘트 ㆍ콘텐츠 담당자 : [기획인재실] ㆍ전화문의: 02-3459-2740","공지사항 인사채용 입찰공고 유관기관공지사항 인사채용 인사채용 게시글의 상세 화면 제목 2026년 제2차 한국발명진흥회 임시계약직 채용 공고 작성자 이민희 등록일 2026-04-09 조회수 478 2026년 제2차 한국발명진흥회 임시계약직 채용 공고.pdf 2026년 제2차 한국발명진흥회 임시계약직 채용 NCS 기반 직무기술서.pdf 채용 결과 이의 신청서 및 채용서류 반환 청구서양식.hwp 한국발명진흥회 공고 제2026-69호 2026년 제2차 한국발명진흥회 임시계약직 채용 공고 2026. 4 . 9. 한국발명진흥회장 □ 모집 개요 ㅇ 채용인원 : 2명 이내 (본회1 / 세종1) ㅇ 채용형태 : 임시계약직 (육아휴직 대체인력) ㅇ 근 무 지 : 한국발명진흥회 본회(서울) / 세종지부 □ 지원 자격 ㅇ 우리회 인사규정상 채용 결격사유에 해당되지 않는 자 ㅇ 입사지원서 접수마감일 기준 우리회 정년(만 60세)에 도달하지 않은 자 ㅇ 병역법 제76조에서 정한 병역의무 불이행 사실이 없는 자 ㅇ 해외여행에 결격사유가 없는 자 ㅇ 채용 확정 후 즉시 근무 가능한 자 ※ 세부 지원자격 공고문 확인 必 □ 전형 일정 ㅇ (원서접수) `26. 4. 9.(목) ~ 4. 23.(목) 14:00 ㅇ (서류전형) 합격자 발표 : `26. 5. 7.(목) 이내 ㅇ (면접전형) 26. 5 . 9.(토) ~ 5. 11.(월) * AI 역량면접(온라인) 실시 ㅇ (입 사) `26. 6. 1.(월) 이후 ※ 상기 일정은 기관 사정에 의하여 변경될 수 있으며, 변경 시 홈페이지에 별도 공지 예정 □ 지원서 접수 : 채용 홈페이지 ( https://kipa.recruiter.co.kr/ ) 를 통한 온라인 접수 * 분야별 중복지원 불가, 우편/방문접수 불가 담당 업무 및 전형 단계별 평가기준 등 세부 사항은 첨부된 채용 공고문을 반드시 확인하시기 바랍니다. 감사합니다. 인사채용 게시판의 이전글 다음글 이전글 2026년 제2차 한국발명진흥회 체험형 인턴 채용 공고(장애인 제한경쟁 및 일반) 다음글 2026년 제2차 한국발명진흥회 전문계약직 채용 목록 2572 / 2572 위 정보에 만족하셨습니까? 열람하신 정보에 대해 만족하십니까? 현재 페이지의 만족도를 평가해 주세요. 의견을 수렴하여 빠른 시일 내에 반영하겠습니다. 열람하신 정보에 대해 만족하십니까? 매우만족 만족 보통 불만 매우불만 만족도 코멘트 ㆍ콘텐츠 담당자 : [기획인재실] ㆍ전화문의: 02-3459-2740","","","","","서울","계약직","","","2026-04-09","2026-05-09","active","2026-04-20T07:00:45.828265","2026-04-20T07:00:45.828281","True"
"539","23576","한국발명진흥회","알림광장","https://www.kipa.org/kipa/notice/recruit_notice.jsp?mode=view&article_no=122389&board_wrapper=%2Fkipa%2Fnotice%2Frecruit_notice.jsp&pager.offset=0&board_no=1345","및 전형 단계별 평가기준 등 세부 사항은 첨부된 채용 공고문을 반드시 확인하시기 바랍니다. 감사합니다. 인사채용 게시판의 이전글 다음글 이전글 등록된 글이 없습니다. 다음글 2026년 제2차 한국발명진흥회 임시계약직 채용 공고 목록 2572 / 2572 위 정보에 만족하셨습니까? 열람하신 정보에 대해 만족하십니까? 현재 페이지의 만족도를 평가해 주세요. 의견을 수렴하여 빠른 시일 내에 반영하겠습니다. 열람하신 정보에 대해 만족하십니까? 매우만족 만족 보통 불만 매우불만 만족도 코멘트 ㆍ콘텐츠 담당자 : [기획인재실] ㆍ전화문의: 02-3459-2740","공지사항 인사채용 입찰공고 유관기관공지사항 인사채용 인사채용 게시글의 상세 화면 제목 2026년 제2차 한국발명진흥회 체험형 인턴 채용 공고(장애인 제한경쟁 및 일반) 작성자 이민희 등록일 2026-04-09 조회수 545 2026년 제2차 한국발명진흥회 체험형 인턴 채용 공고.pdf 2026년 제2차 한국발명진흥회 체험형 인턴 채용 NCS 기반 직무기술서.pdf 채용 결과 이의 신청서 및 채용서류 반환 청구서양식.hwp 한국발명진흥회 공고 제2026-70호 2026년 제2차 한국발명진흥회 체험형인턴 채용 공고 2026. 4. 9. 한국발명진흥회장 □ 모집 개요 ㅇ 채용인원 : 6명 이내 ㅇ 채용형태 : 체험형 인턴 ㅇ 근 무 지 : 한국발명진흥회 본회(서울), 발명인의 전당(대전 지식재산처 內) □ 지원 자격 ㅇ 우리회 인사규정상 채용 결격사유에 해당되지 않는 자 ㅇ 입사지원서 접수마감일 기준 우리회 정년(만 60세)에 도달하지 않은 자 ㅇ 병역법 제76조에서 정한 병역의무 불이행 사실이 없는 자 ㅇ 해외여행에 결격사유가 없는 자 ㅇ 채용 확정 후 즉시 근무 가능한 자 ㅇ (인턴-01) 장애인 증명서 소지자 □ 전형 일정 ㅇ (원서접수) `26. 4. 9.(목) ~ 4. 23.(목) 14:00 ㅇ (서류전형) 합격자 발표 : `26. 5. 7.(목) 이내 ㅇ (면접전형) 26. 5 . 9.(토) ~ 5. 11.(월) * AI 역량면접(온라인) 실시 ㅇ (입 사) `26. 6. 1.(월) 이후 ※ 상기 일정은 기관 사정에 의하여 변경될 수 있으며, 변경 시 홈페이지에 별도 공지 예정 □ 지원서 접수 : 채용 홈페이지 ( https://kipa.recruiter.co.kr/ ) 를 통한 온라인 접수 * 분야별 중복지원 불가, 우편/방문접수 불가 담당 업무 및 전형 단계별 평가기준 등 세부 사항은 첨부된 채용 공고문을 반드시 확인하시기 바랍니다. 감사합니다. 인사채용 게시판의 이전글 다음글 이전글 등록된 글이 없습니다. 다음글 2026년 제2차 한국발명진흥회 임시계약직 채용 공고 목록 2572 / 2572 위 정보에 만족하셨습니까? 열람하신 정보에 대해 만족하십니까? 현재 페이지의 만족도를 평가해 주세요. 의견을 수렴하여 빠른 시일 내에 반영하겠습니다. 열람하신 정보에 대해 만족하십니까? 매우만족 만족 보통 불만 매우불만 만족도 코멘트 ㆍ콘텐츠 담당자 : [기획인재실] ㆍ전화문의: 02-3459-2740","","","","","서울","계약직","","","2026-04-09","2026-05-09","active","2026-04-20T07:00:50.070141","2026-04-20T07:00:50.070156","True"
"540","32418","파인테크닉스","인재채용","https://www.finetechnix.com/company/talent#job-d9e5c3d5-10","#sub_wrap {padding:8rem 0 0;} .test {position:absolute; right:0; top:0;} 인재상 파인테크닉스 에서 함께 가치창출을 이루어 나갈 소중한 인재 를 기다립니다. 인사/교육제도 공정하고 체계적인 인사제도와 개개인의 직무역량 향상을 위한 교육제도를 운영합니다. 목표관리 인사평가(MBO), 성과중심의 보상제도 운영 공정하고 투명한 평가방식 적용 개인적 직무역량 기반 업무배치 신입사원 직무교육 부터 전문가 양성을 위한 다양한 교육제도 지원 채용절차 STEP 01 지원서 접수 STEP 02 서류전형 STEP 03 면접전형 STEP 04 직무심화평가 STEP 05 입사 채용문의 경영지원팀 인사담당자 : 031-463-8836","","","","","","","","","","","","active","2026-04-20T07:02:20.467817","2026-04-20T07:02:20.467837","True"
"541","32418","파인테크닉스","인재채용 [GPT Manual Compare]","https://www.finetechnix.com/company/talent#gpt-manual-compare-job-540","파인테크닉스 인재채용 안내 페이지. 지원서 접수, 서류전형, 면접전형, 직무심화평가, 입사 단계의 채용 절차를 소개한다.","","","지원서 접수 → 서류전형 → 면접전형 → 직무심화평가 → 입사","공정하고 체계적인 인사제도, 교육제도 지원","GPT manual compare duplicate from original URL: https://www.finetechnix.com/company/talent#job-d9e5c3d5-10","경기","","","","","","gpt_manual_compare","2026-04-20T09:44:14.474855","2026-04-20T09:44:14.474875","True"
"542","23576","한국발명진흥회","2026년 제2차 한국발명진흥회 체험형 인턴 채용 공고(장애인 제한경쟁 및 일반) [GPT Manual Compare]","https://www.kipa.org/kipa/notice/recruit_notice.jsp?mode=view&article_no=122389&board_wrapper=%2Fkipa%2Fnotice%2Frecruit_notice.jsp&pager.offset=0&board_no=1345&gpt_compare=manual","한국발명진흥회 체험형 인턴 채용 공고. 본회(서울) 및 대전 근무, 채용 인원 6명 이내, 채용 홈페이지를 통한 온라인 접수 안내.","인사규정상 결격사유 없음, 정년 미도달, 병역의무 불이행 사실 없음, 해외여행 결격사유 없음, 즉시 근무 가능자, 일부 전형은 장애인 증명서 소지자 대상","","원서접수 → 서류전형 → AI 역량면접(온라인) → 입사","","GPT manual compare duplicate from original URL: https://www.kipa.org/kipa/notice/recruit_notice.jsp?mode=view&article_no=122389&board_wrapper=%2Fkipa%2Fnotice%2Frecruit_notice.jsp&pager.offset=0&board_no=1345","서울","인턴","","","","","gpt_manual_compare","2026-04-20T09:44:14.483904","2026-04-20T09:44:14.483919","True"
"543","23576","한국발명진흥회","한국발명진흥회 인사채용 목록(과거 페이지) [GPT Manual Compare]","https://www.kipa.org/kipa/notice/recruit_notice.jsp?mode=list&board_no=1345&pager.offset=70&gpt_compare=manual","한국발명진흥회 인사채용 게시판의 과거 목록 페이지로 2022년 채용 공고 목록이 노출된다. 개별 상세 공고가 아닌 리스트 화면이다.","","","","","GPT manual compare duplicate from original URL: https://www.kipa.org/kipa/notice/recruit_notice.jsp?mode=list&board_no=1345&pager.offset=70 (listing page, not detail post)","","","","","","","gpt_manual_compare","2026-04-20T09:44:14.486812","2026-04-20T09:44:14.486823","True"
"544","3994","(주)에이펀인터렉티브","CAREER 안내 [GPT Manual Compare]","http://www.afun-interactive.com/career/sub01.html?PHPSESSID=cc6b866876726811efce09ffed0f6446#gpt-manual-compare-job-509","AFUN Interactive 커리어 페이지로 Design Part와 Technical Part 직군(3D Asset Developer, Rigger, Animator, CG Lighter, Programmer 등)을 소개한다.","","","","","GPT manual compare duplicate from original URL: http://www.afun-interactive.com/career/sub01.html?PHPSESSID=cc6b866876726811efce09ffed0f6446#job-33f74a5a-0","","","","","","","gpt_manual_compare","2026-04-20T09:44:14.489716","2026-04-20T09:44:14.489728","True"
"545","5442","(주)웨보노믹스","웨보노믹스 인재채용 지원 폼 [GPT Manual Compare]","https://webonomics.co.kr/new/html/recruit.php?gpt_compare=manual","웨보노믹스 인재채용 페이지. 기획, 영업, 디자인, 프로그램, 고객지원 분야 지원 폼과 이력서/포트폴리오 첨부 안내를 제공한다.","","","지원서 제출 후 내부 검토 및 개별 연락","","GPT manual compare duplicate from original URL: https://webonomics.co.kr/new/html/recruit.php","경북","","","","","","gpt_manual_compare","2026-04-20T09:44:14.492689","2026-04-20T09:44:14.492701","True"
"546","23576","한국발명진흥회","한국발명진흥회 경영관리본부장 직위 공모 [GPT Manual Compare]","https://www.kipa.org/kipa/notice/recruit_notice.jsp?mode=view&article_no=113391&board_wrapper=%2Fkipa%2Fnotice%2Frecruit_notice.jsp&pager.offset=0&board_no=1345&gpt_compare=manual","한국발명진흥회 경영관리본부장(개방형 직위/계약직) 공개모집 공고. 서울 강남구 근무, 계약일로부터 최대 3년.","세부 자격요건은 공고문 참조, 제출서류 및 방문/등기우편 접수 필요","","지원서 접수 → 세부 전형은 공고문 참조","","GPT manual compare duplicate from original URL: https://www.kipa.org/kipa/notice/recruit_notice.jsp?mode=view&article_no=113391&board_wrapper=%2Fkipa%2Fnotice%2Frecruit_notice.jsp&pager.offset=0&board_no=1345","서울","계약직","","","","","gpt_manual_compare","2026-04-20T09:44:14.495604","2026-04-20T09:44:14.495615","True"
"547","7601","티에스라인시스템 주식회사","TSLine Career 안내 [GPT Manual Compare]","https://www.tsline.co.kr/career#gpt-manual-compare-job-511","TSLine Career 페이지로 채용절차, 채용방식, 복지제도, 입사지원서 다운로드 안내를 제공한다.","","","서류전형 → 1차 실무 면접 → 2차 임원 면접 → 최종 합격","4대보험, 반차/연차, 경조휴가, 성과급, 통신비/유류비/주차비 지원, 장기근속 포상 등","GPT manual compare duplicate from original URL: https://www.tsline.co.kr/career#job-0773abd2-0","서울","","","","","","gpt_manual_compare","2026-04-20T09:44:14.498334","2026-04-20T09:44:14.498344","True"
"548","21506","(주)케이알산업","KR산업 채용안내 [GPT Manual Compare]","http://recruit.krindus.co.kr/?gpt_compare=manual","KR산업 채용 메인 페이지. 인재상, 인사/복리후생, 채용공고 메뉴를 안내하며 현재 진행중인 공고는 없다고 표시된다.","","","","인사/복리후생 제도 안내 메뉴 제공","GPT manual compare duplicate from original URL: http://recruit.krindus.co.kr","","","","","","","gpt_manual_compare","2026-04-20T09:44:14.501338","2026-04-20T09:44:14.501350","True"
"549","19007","(주)에스엠티코리아","SMTKorea 구인구직 게시판 [GPT Manual Compare]","http://www.smtkorea.co.kr/bbs/board.php?bo_table=board3&gpt_compare=manual","SMTKorea의 구인구직 게시판 메인 목록 페이지. 다수의 구인/구직 게시물이 혼합되어 있으며 단일 공고 상세가 아니다.","","","","","GPT manual compare duplicate from original URL: http://www.smtkorea.co.kr/bbs/board.php?bo_table=board3 (mixed board listing)","경기","","","","","","gpt_manual_compare","2026-04-20T09:44:14.504366","2026-04-20T09:44:14.504378","True"
"550","23576","한국발명진흥회","2026년 부산지식재산센터장 공개 모집 공고 [GPT Manual Compare]","https://www.kipa.org/kipa/notice/recruit_notice.jsp?mode=view&article_no=122373&board_wrapper=%2Fkipa%2Fnotice%2Frecruit_notice.jsp&pager.offset=0&board_no=1345&gpt_compare=manual","한국발명진흥회 부산지식재산센터장(개방형 직위) 공개 모집 공고. 부산 사상구 근무, 임용일로부터 3년, 이메일 또는 우편 접수.","세부 지원자격 및 전형일정은 공고문 참조, 제출서류 다수 필요","장애인 또는 취업지원대상자 제출서류 해당 시 제출","지원서 접수 → 세부 전형은 공고문 참조","","GPT manual compare duplicate from original URL: https://www.kipa.org/kipa/notice/recruit_notice.jsp?mode=view&article_no=122373&board_wrapper=%2Fkipa%2Fnotice%2Frecruit_notice.jsp&pager.offset=0&board_no=1345","부산","계약직","","","","","gpt_manual_compare","2026-04-20T09:44:14.507411","2026-04-20T09:44:14.507423","True"
