id,company_id,company_name,title,post_url,job_description,qualifications,preferred_qualifications,hiring_process,benefits,location,employment_type,salary,deadline_at,posted_at,status
1,7060,(주)다스콘,입사지원 | 채용공고 | 서울아산병원,https://recruit.amc.seoul.kr/recruit/career/list.do?codeFirst=T04005,입사지원 채용공고 검색 구분 --직군-- 의사직 일반직 --대직종-- --소직종-- 검색 검색 총 119건 입니다. 보안관리팀 보안원(기능) 모집 지원기간 : 2026.03.24(화) 14:00 ~ 2026.03.31(화) 23:00 D-7 임상시험센터 기능직(CTA) 모집 지원기간 : 2026.03.24(화) 13:00 ~ 2026.03.31(화) 23:00 D-7 특수검사팀 임상병리사 모집 지원기간 : 2026.03.24(화) 14:00 ~ 2026.03.29(일) 23:00 D-5 원무팀 사무직 모집 지원기간 : 2026.03.24(화) 12:00 ~ 2026.03.29(일) 23:00 D-5 [모집연장] 시설팀 기술직(자동화/통신) 모집 지원기간 : 2026.03.09(월) 15:00 ~ 2026.03.29(일) 23:00 D-5 [모집연장] 특수검사팀(장기이식센터) 간호사 모집 지원기간 : 2026.03.12(목) 14:00 ~ 2026.03.22(일) 23:00 마감 외래간호팀 간호사 모집 지원기간 : 2026.03.18(수) 12:00 ~ 2026.03.22(일) 23:00 마감 건진운영팀 기능직(조무) 모집 지원기간 : 2026.03.17(화) 14:00 ~ 2026.03.24(화) 23:00 D-0 [모집연장] 시설팀 기술직(설비) 모집 지원기간 : 2026.03.09(월) 15:00 ~ 2026.03.23(월) 23:00 마감 영상의학팀 간호사 모집 지원기간 : 2026.03.16(월) 15:00 ~ 2026.03.22(일) 23:00 마감 처음으로 이전페이지 1 2 3 4 5 6 7 8 9 10 다음페이지 마지막으로,,,,,,,,,,active
2,7060,(주)다스콘,입사지원 | 채용공고 | 서울아산병원,https://recruit.amc.seoul.kr/recruit/career/list.do,입사지원 채용공고 검색 구분 --직군-- 의사직 일반직 --대직종-- --소직종-- 검색 검색 총 135건 입니다. 보안관리팀 보안원(기능) 모집 지원기간 : 2026.03.24(화) 14:00 ~ 2026.03.31(화) 23:00 D-7 임상시험센터 기능직(CTA) 모집 지원기간 : 2026.03.24(화) 13:00 ~ 2026.03.31(화) 23:00 D-7 특수검사팀 임상병리사 모집 지원기간 : 2026.03.24(화) 14:00 ~ 2026.03.29(일) 23:00 D-5 원무팀 사무직 모집 지원기간 : 2026.03.24(화) 12:00 ~ 2026.03.29(일) 23:00 D-5 [모집연장] 시설팀 기술직(자동화/통신) 모집 지원기간 : 2026.03.09(월) 15:00 ~ 2026.03.29(일) 23:00 D-5 내과 당직전담(촉탁의사) 초빙 지원기간 : 2026.03.09(월) 18:00 ~ 2026.03.29(일) 18:00 D-5 서울아산병원 진료교수 초빙 지원기간 : 2026.03.09(월) 18:00 ~ 2026.03.29(일) 18:00 D-5 서울아산병원 입원전담전문의(Hospitalist) 초빙 지원기간 : 2026.03.09(월) 18:00 ~ 2026.03.29(일) 18:00 D-5 [모집연장] 특수검사팀(장기이식센터) 간호사 모집 지원기간 : 2026.03.12(목) 14:00 ~ 2026.03.22(일) 23:00 마감 2026년 임상강사 모집 (추가) 지원기간 : 2026.03.18(수) 16:00 ~ 2026.03.18(수) 19:00 마감 처음으로 이전페이지 1 2 3 4 5 6 7 8 9 10 다음페이지 마지막으로,,,,,서울,,,,,active
3,31697,SM C&amp;C,법인영업 담당 신입/경력직 채용,https://careers.smcultureandcontents.com/ko/o/129054,"신규 고객사 ​발굴 ​및 영업(기업체 ​공개 입찰, ​PT참여) 출장 ​관련 고객사 관리/유지 ​및 컴플레인 ​응대, VIP CARE 서비스 등 영업 관련 전반적인 업무 고객사 출장지 맞춤 비자 안내 및 대행 서비스 고객사 월간·분기별 항공,비자,호텔 리포트 작성 ﻿연간 항공 트렌드 분석 리포트 작성",전문학사 ​이상 학위를 ​소지하신 분 신입 또는 관련 ​경력 ​1년 이상 ​12년 이하 이신 ​분 유관부서 및 ​외부 ​관계자들과 원활한 ​커뮤니케이션 ​역량 ​보유하신 분 (문서작성/PT포함) 해외출장에 ​결격사유가 ​없으신 분,영어 ​회화 ​가능하신 분,"Search Jobs 법인영업 담당 신입/경력직 채용 구분 여행사업부문 마감기한 2026년 03월 30일, 14:59 D -6 직군 법인영업 경력사항 경력 무관 고용형태 정규직 근무지 (주)에스엠컬처앤콘텐츠 대한민국 서울특별시 성동구 왕십리로 83-21 📢 모집직무 법인영업 ​ 📢 ​",건강검진,서울,정규직,,2026-03-30,2026-02-28,active
4,31697,SM C&amp;C,광고기획(AE) 담당 경력직 채용,https://careers.smcultureandcontents.com/ko/o/203141,"IMC/광고 ​캠페인 전략 ​수립 ​및 기획 클라이언트 ​커뮤니케이션 및 ​프로젝트 ​실행 미디어 집행 및 ​운영 관리 프로모션, ​SNS, Viral, OOH 및 디지털, 기타 캠페인 관련 콘텐츠 기획 및 운영 신규 광고주 개발을 위한 경쟁PT","학사 ​이상 ​학위를 소지하신 ​분 관련 경력 8년 이상 ​12년 ​이하 이신 ​분 광고대행사 AE 직무 ​경력 보유하신 ​분 경쟁PT ​및 IMC/광고캠페인 ​제안, ​실행 ​경험 보유하신 분 클라이언트 ​직접 ​응대 및 캠페인 ​진행 ​경험 ​보유하신 분","하며, 면접 시 관련 서류 제출 요청할 수 있습니다. 입사 시 제출 서류에 허위 사실이 있을 경우 채용이 취소될 수 있습니다. 제출하신 서류는 채용절차의 공정화에 관한 법률 제11조에 의거하여 추후 반환 청구 가능합니다. 단, 홈페이지 또는 전자우편으로 제출했거나 회사의 요구 없이 자발적으로 제출한 경우에는 반환 대상에서 제외됩니다. 공유하기 지원하기 광고기획(AE) 담당 경력직 채용 📢 모집직무 광고기획(AE) 📢 ​ 자격요건 학사 ​이상 ​학위를 소지하신 ​분 관련 경력 8년 이상 ​12년 ​이하 이신 ​분 광고대행사 AE 직무 ​경력 보유하신 ​분 경쟁PT ​및 IMC/광고캠페인 ​제안, ​실행 ​경험 보유하신 분 클라이언트 ​직접 ​응대 및 캠페인 ​진행 ​경험 ​보유하신 분 📢 담당업무 IMC/광고 ​캠페인 전략 ​수립 ​및 기획 클라이언트 ​커뮤니케이션 및 ​프로젝트 ​실행 미디어 집행 및 ​운영 관리 프로모션, ​SNS, Viral, OOH 및 디지털, 기타 캠페인 관련 콘텐츠 기획 및 운영 신규 광고주 개발을 위한 경쟁PT 📢 채용절차 서류전형 → 1차 면접 → 2차 면접 → 처우협의 → 건강검진 → 최종합격 전형 단계 추가 등 변동 있을 수 있으며, 전형 대상자에 한하여 별도의 증빙서류 제출을 요청할 수 있습니다. 📢 기타사항 서류전형은 공고 마감일로부터 최대 4주 소요될 수 있습니다. 본 채용 건은 정규직 채용 건이며, 입사 시 수습기간 3개월 적용될 예정입니다. 해외여행에 결격 사유가 없으며, 남성의 경우 군필자 또는 면제자에 한해서만 지원 가능합니다. 보훈대상자 및 장애인 등 취업보호대상자는 관계 법령에 따라 우대하며, 면접 시 관련 서류 제출 요청할 수 있습니다. 입사 시 제출 서류에 허위 사실이 있을 경우 채용이 취소될 수 있습니다. 제출하신 서류는 채용절차의 공정화에 관한 법률 제11조에 의거하여 추후 반환 청구 가능합니다. 단, 홈페이지 또는 전자우편으로 제출했거나 회사의 요구 없이 자발적으로 제출한 경우에는 반환 대상에서 제외됩니다. 구분 광고사업부문 마감기한 2026년 04월 02일, 14:59 D -9 직군 광고기획(AE) 경력사항 경력 4년 이상 고용형태 정규직 근무지 (주)에스엠컬처앤콘텐츠 대한민국 서울특별시 성동구 왕십리로 83-21 지원하기 공유하기 SM Culture & Contents © SM Culture & Contents. ALL RIGHTS RESERVED. 개인정보 처리방침 서비스 이용약관 made with Greeting","Search Jobs 광고기획(AE) 담당 경력직 채용 구분 광고사업부문 마감기한 2026년 04월 02일, 14:59 D -9 직군 광고기획(AE) 경력사항 경력 4년 이상 고용형태 정규직 근무지 (주)에스엠컬처앤콘텐츠 대한민국 서울특별시 성동구 왕십리로 83-21 📢 모집직무 광고기획(AE) 📢 ​",건강검진,서울,정규직,,2026-04-02,2026-03-03,active
5,31697,SM C&amp;C,광고전략(AP) 담당 신입/경력직 채용,https://careers.smcultureandcontents.com/ko/o/207733,경쟁 PT 커뮤니케이션 전략 수립 주요 광고주의 Annual 프로젝트 브랜드 진단 및 컨설팅 소비자 정량/정성 조사 설계 및 분석 영 타겟 트렌드 조사 및 분석,"학사 ​이상 ​학위를 소지하신 ​분 신입 또는 관련 경력 ​6년 ​이하 이신 ​분 소비자 조사(정량/정성)에 ​대한 이해도가 ​있으신 ​분 조사 데이터, ​버즈량 ​등 ​빅데이터에 대한 이해도가 ​있으신 ​분 최신 트렌드, 라이프스타일, ​타겟 ​등에 ​대한 관심과 인사이트가 ​있으신 분 브랜드/커뮤니케이션 ​이론 ​및 업계 ​동향에 대한 ​이해도가 ​있으신 분 AI툴에 대한 ​이해 및 ​활용 경험 보유하신 분","브랜딩, 광고, 사회과학, 마케팅 관련 전공하신 분 광고대행사 업무 경력 보유하신 분","Search Jobs 광고전략(AP) 담당 신입/경력직 채용 구분 광고사업부문 마감기한 2026년 04월 02일, 14:59 D -9 직군 광고전략 경력사항 경력 무관 고용형태 정규직 근무지 (주)에스엠컬처앤콘텐츠 대한민국 서울특별시 성동구 왕십리로 83-21 📢 모집직무 광고전략(AP) 📢 ​",건강검진,서울,정규직,,2026-04-02,2026-03-03,active
6,31697,SM C&amp;C,SM C&C 채용,https://careers.smcultureandcontents.com/ko/guide2,"About Process Search Jobs Job Openings 채용 공고 구분 여행사업부문 광고사업부문 직군 광고기획(AE) 법인영업 MICE/행사 광고전략 경력사항 경력 경력 무관 고용형태 정규직 근무지 (주)에스엠컬처앤콘텐츠 필터 광고전략(AP) 담당 신입/경력직 채용 광고사업부문 광고전략 경력 무관 정규직 (주)에스엠컬처앤콘텐츠 2026. 04. 02, 14:59까지 D -9 광고기획(AE) 담당 경력직 채용 광고사업부문 광고기획(AE) 경력 4년 이상 정규직 (주)에스엠컬처앤콘텐츠 2026. 04. 02, 14:59까지 D -9 MICE/행사 기획 및 운영 담당 채용 여행사업부문 MICE/행사 경력 무관 정규직 (주)에스엠컬처앤콘텐츠 2026. 04. 06, 14:59까지 D -13 법인영업 담당 신입/경력직 채용 여행사업부문 법인영업 경력 무관 정규직 (주)에스엠컬처앤콘텐츠 2026. 03. 30, 14:59까지 D -6 SM Culture & Contents © SM Culture & Contents.",,,"Search Jobs Job Openings 채용 공고 구분 여행사업부문 광고사업부문 직군 광고기획(AE) 법인영업 MICE/행사 광고전략 경력사항 경력 경력 무관 고용형태 정규직 근무지 (주)에스엠컬처앤콘텐츠 필터 광고전략(AP) 담당 신입/경력직 채용 광고사업부문 광고전략 경력 무관 정규직 (주)에스엠컬처앤콘텐츠 2026. 04. 02, 14:59까지 D -9 광고기획(AE) 담당 경력직 채용 광고사업부문 광고기획(AE) 경력 4년 이상 정규직 (주)에스엠컬처앤콘텐츠 2026. 04. 02, 14:59까지 D -9 MICE/행사 기획 및 운영 담당 채용 여행사업부문 MICE/행사 경력 무관 정규직 (주)에스엠컬처앤콘텐츠 2026. 04. 06, 14:59까지 D -13 법인영업 담당 신입/경력직 채용 여행사업부문 법인영업 경력 무관 정규직 (주)에스엠컬처앤콘텐츠 2026. 03. 30, 14:59까지 D -6 SM Culture & Contents © SM Culture & Contents. ALL RIGHTS RESERVED. 개인정보 처리방침 서비스 이용약관 made with Greeting",,,정규직,,2026-04-02,2026-03-03,active
7,15,(주)이루온,주메뉴,http://www.inssys.co.kr/p/recruit,"채용안내 Recruit Home > 고객지원 > 채용안내 채용절차 이루온의 꿈을 함께 이룰 분들을 찾습니다. 이루온은 언제나 여러분을 향해 열려 있습니다. 01 서류전형: 지원분야 및 희망 연봉 필히 기재 02 면접전형: 서류전형 합격자 개별통보 03 임원면접: 합격통보 자격/근무/복지 우대 및 공통 자격 요건 <공통 자격 요건> 컴퓨터, 전산, 통신 및 관련학과 졸업자 정보통신, IT, 모바일 분야 관심자 해외여행에 결격사유가 없는 자 남자의 경우 병역필 또는 면제자 <우대 요건> 유무선 통신솔루션 개발 및 운용 경력자 이동통신사 PM 및 Project 경험자 관련 자격증 소지자 복지제도 건강검진 지원 경조휴가 및 경조금 지원 선택적 복리후생 지원 (교육, 의료, 문화, 체육, 도서 등) 유류비, 통신비, 석식, 교통비, 워크샵 지원 명절 선물 및 기념일 지원 콘도미니엄, 까페테리아 운영 장기근속 포상금 및 포상휴가 지원 직무발명시 포상금 지급 근무시간 및 급여 주 5일 근무 09:00 - 18:00 연공 및 서열을 중시하기보다는 개인의 특성과 업적을 우대하는 제도 모집분야 및 자격요건 국내영업 -이동통신 솔루션 영업 경력 -IT분야 영업/기획/마케팅/프로젝트 관리 경력 해외영업 -유무선 통신 솔루션 개발 및 컨설팅 -IT서비스 기획 및 해외영업 -영어 의사소통 및 해외근무 가능 연구개발(R&D) -유무선 통신 솔루션 개발 -유무선 멀티미디어 서비스 개발 -통신 시스템 개발 및 PM -통신 Protocol 개발 -Linux/Unix 기반 C/C++ 개발 -네트워크, DB프로그래밍 개발 -Web 및 Java 프로그래밍 개발 -멀티미디어 플랫폼/서비스 개발 기술지원(SE) -유무선 통신 시스템 및 서비스 운용 관리 -IT Network Infra 운용 관리 -DB 시스템 운용 관리 -국내/외 고객사 운용 지원 입사지원 입사지원 방법 입사지원서를 다운받아 작성하신 후 이메일이나 우편으로 보내주시기 바랍니다. 지원문의 연락처 : 070-4489-1000 이메일 : jjh0920@eluon.com / kangsh@eluon.com 주의사항 입사지원서의 기재내용이 허위로 판명될 경우, 합격 및 입사가 취소됩니다.","국내영업 이동통신 솔루션 영업 경력 IT분야 영업/기획/마케팅/프로젝트 관리 경력 해외영업 유무선 통신 솔루션 개발 및 컨설팅 IT서비스 기획 및 해외영업 영어 의사소통 및 해외근무 가능 연구개발(R&D) 유무선 통신 솔루션 개발 유무선 멀티미디어 서비스 개발 통신 시스템 개발 및 PM 통신 Protocol 개발 Linux/Unix 기반 C/C++ 개발 네트워크, DB프로그래밍 개발 Web 및 Java 프로그래밍 개발 멀티미디어 플랫폼/서비스 개발 기술지원(SE) 유무선 통신 시스템 및 서비스 운용 관리 IT Network Infra 운용 관리 DB 시스템 운용 관리 국내/외 고객사 운용 지원 입사지원 입사지원 방법 입사지원서를 다운받아 작성하신 후 이메일이나 우편으로 보내주시기 바랍니다. 지원문의 연락처 : 070 4489 1000 이메일 : jjh0920@eluon.com / kangsh@eluon.com 주의사항 입사지원서의 기재내용이 허위로 판명될 경우, 합격 및 입사가 취소됩니다.","및 공통 자격 요건 <공통 자격 요건> 컴퓨터, 전산, 통신 및 관련학과 졸업자 정보통신, IT, 모바일 분야 관심자 해외여행에 결격사유가 없는 자 남자의 경우 병역필 또는 면제자 <우대 요건> 유무선 통신솔루션 개발 및 운용 경력자 이동통신사 PM 및 Project 경험자 관련 자격증 소지자 복지제도 건강검진 지원 경조휴가 및 경조금 지원 선택적",,"건강검진, 경조휴가",,,,,,active
8,38,아이티센,People & Culture,https://itcen.com/empmn/culture/page.do,"People & Culture ITCEN GROUP ITCEN FAMILY 제품/서비스 인사이트 지속가능경영 뉴스룸 채용 People & Culture 채용정보 채용공고 창의, 열정, 봉사의 그룹 핵심가치에 기반해 개인의 개성과 다양성을 존중하며 창의적인 인재를 육성합니다. 지원하기 People & Culture 채용정보 안내 인재상 Creativity 다양한 시각과 열린 마음으로 기존 업무방식을 과감히 혁신하고, 지속적인 학습으로 새로운 가치개발을 위해 노력하는 인재 Energy 목표달성을 향하여 끊임없이 노력하고, 당면과제의 적극적인 해결을 위해 책임감 있게 업무에 최선을 다하는 인재 National Service 고객에 대한 자발적 행동으로 진심이 담긴 서비스를 제공하며, 나눔을 통한 사회 기여를 할 수 있도록 노력하는 인재 Core Perspective Credibility 신뢰할 수 있는 리더 축적된 경험과 전문화된 지식으로 고객의 디지털 전환을 가속하며 고객과의 신뢰를 리드합니다. Evolution 혁신적인기술 시장에 대한 폭 넓은이해를 통해 끊임없이 기술 진화를 실현하며 시장을 새롭게 혁신합니다. Next Value 지속 가능한 가치 복잡한 고객 니즈에 맞춰 새로운 경험을 구현하고 기업의 지속 가능한 시너지 창출을 통해미래가치를 발굴합니다. Culture People Life 워라벨 유연한 근무제도로 삶과 업무의 균형을 지원합니다. 유연근무제도 선택적 근로시간제를 도입하여 업무에 따라 근로시간을 자유롭게 설정할수 있어요 Family Day 운영 매월 2, 4번 째 금요일은 1시간 조기 퇴근해서 가족들과 즐거운 시간을 보낼 수 있도록 지원해요 휴양시설 운영 전국 각지에 있는 휴양소를 활용해 직원들의 Refresh를 지원해요 가족친화제도 가족 돌봄 휴직, 육아휴직, 임시 육아기 단축근무 제도를 운영해요 단체 휴무일 운영 징검다리 연휴를 단체 휴무일로 지정하여 직원들의 휴식을 지원해요 생활지원 편리한 일상을 위해 다양한 생활 복지 혜택을 제공합니다. 복지포인트 제도 쇼핑, 여행, 문화, 운동 등 자유롭게 쓸 수 있는 복지포인트 제도를 운영해요 통신비 지원 직군별 / 근무형태별로 매월 통신비를 지원해요 경조사 지원 경조사 발생 시 경조금과 경조 휴가를 지급해요 학자금 지원제도 고등학생, 대학생 자녀가 있는 임직원을 대상으로 분기별 교육비를 지원해요 내일채움공제 운영 사업기준을 충족하는 신입사원들을 대상으로 목돈 마련에 힘을 보태요 퇴직 연금 제도 임직원의 퇴직금 보호 및 관리를 위해 퇴직 연금에 가입했어요 명절 상여 지원 직원들의 행복한 명절 연휴를 응원하며 명절 상여를 年 2회 지급해요 보육수당 지원 5~7세 자녀를 양육하는 직원에게 자녀 수 제한 없이 수당을 지급해요 인센티브 제도 운영 성과가 있는 곳에 보상을! 수익을 직원들과 함께 나눠요 사내 카페 운영 그룹 내 장애인 표준사업장 '카페드센'을 통해 맛있는 음료를 저렴하게 이용할 수 있어요 건강 검진 지원 직급에 따른 건강검진을 지원하며, 복지포인트를 활용한 할인 혜택을 적용해요 육성지원 다양한 교육 프로그램으로 빠른 업무 적응과 역량 강화를 지원합니다. 우수 사원 포상 근무 성과가 우수하고 모범이 되는 직원은 포상금을 받아요 역량 개발 제도 개인별 자기주도적 경력개발을 위한 CDP(Career Development Plan) 제도를 시행해요 멘토링 프로그램 신입사원의 빠른 업무적응과 조직문화 내재화를 위해 밀착형 멘토 프로그램을 시행해요 Fast Track 운영 승진 포인트제도를 운영하여 고성과자들의 빠른 승진을 보장해요 자격 취득 축하금 지원 직무 유관 자격 취득에 필요한 비용을 지원해요 직무 전문가 보상 Cloud Expert제도, Architect Expert제도, PM등급 인증제도를 운영하며 직무전문가로 성장 시 직무 수당을 지급해요 사내 추천제도 회사 성장에 필요한 인력을 추천하여 입사할 경우 인재 추천 장려금을 지원해요 근무환경 쾌적한 업무 공간으로 일하기 좋은 환경을 조성합니다. 아이티센타워(과천) 아이티센타워(과천사옥) 피트니스센터(B1) 카페드센(1층/로비, 2호점) 다이닝라운지(2층) 제안센터/교육장(3층) 그랜드홀(15층) 아이티센빌딩(서초) 아이티센빌딩(서초사옥) 전산센터(B1층) 카페드센(1층) 거점오피스(2층) 하늘공원(7층) 알림",,,,"건강검진, 교육비, 인센티브, 퇴직금",,파트타임,,,,active
9,16,웨이브글로벌,PI/PD,http://www.wave-global.com/recruitment-information.html#job-57cced74-1,"4년제 대졸이상 석사우대 Chip Top 경험자 우대, Hierarchy Desing 경험,Blook partiton, Top CTS CPU/GPU DDR Hardening경험자 우대 P&R Experience Floorplan, Place& Route CTS,STA,DRC/LVS IR DROP 파운드리 공정 (TSMC, 삼성, GF 등 130nm ~28nm,14nm 이하 경험자 우대)",,,,,,,,,,active
10,16,웨이브글로벌,SoC,http://www.wave-global.com/recruitment-information.html#job-a5cad1b3-2,4년제 대졸이상 석사우대 디지털 로직 구현을 위한 EDA Software의 이해 로직 합성과 타이밍 분석에 대한 개념 이해 TCL/C-shell 언어에 대한 경험 우선 VHDL or Verilog HDL 언어에 대한 이해와 경험,,,,,,,,,,active
11,56,인젠트,개인정보처리방침,https://www.inzent.com/recruit_jobintro.php,"채용정보 인재상 복리후생 직무소개 FAQ 채용공고 내일을 함께할 IT Player 를 기다립니다 . 지원하고 싶은 분야를 선택해 주세요 . 개발 인젠트 IT Player 와 함께 하세요 . 디지털사업실 ECM사업팀 자사 솔루션(Xtorm 솔루션) 개발 외부/내부 프로젝트 수행(ECM 솔루션 기반) Web Service 또는 interface 개발 Data migration 자격 조건 Java, Web 개발자 - JSP, Java Script 우대사항 DB 및 WAS에 대한 기본적인 이해 PPR사업팀 Formula 솔루션 개발 - 솔루션 UI 및 Interface 모듈개발 - Java 기반 Unix용 전자서식 모듈 개발 Formula 솔루션 커스터마이징 전자서식 비즈니스 룰 관리 Core 개발 자격 조건 JSP, Java 웹 개발 경험 MFC, C++ 우대사항 Java JSP / C#, C++ 개발경험 퍼블리싱 가능자 금융사 PPR(전자창구) 구축 PJT경험 플랫폼사업실 iGate 사업팀 금융권 iGate 연계 사업 수행 - MCI/FEP 설계 및 구축 API G/W 사업 수행 - API G/W 설계 및 구축 iGate / APIM 기술지원 및 유지보수 자격 조건 Java, DBMS 필수 SQL 가능 우대사항 K8S이용 클라우드 개발 경험자 우대 프로토콜 (RESTful, SOCKET, SOAP, HTTP, HTTPs 등) 개발 경험자 우대 PM 가능자 우대 eCross 사업팀 eCross 사업팀 프로젝트 수행 - 데이터 연계/AP 연계 개발 - eCross 컴포넌트 및 제품 관련 모듈 개발 자격 조건 Java 개발자 SQL 가능 우대사항 K8S이용 클라우드 개발 경험자 우대 프로토콜 (RESTful, SOCKET, SOAP, HTTP, HTTPs 등) 개발 경험자 우대 PM 가능자 우대 APIM 사업팀 APIM 유지관리 및 개발 API G/W 거래생성 및 업무 연계 마이데이터, 오픈뱅킹 REST API 자격 조건 Java, HTTP Rest API, DBMS 필수 우대사항 HTML/ jQuery/ Vue.js/ React.js 우대 Digital Transfomation 이해자 우대 프로토콜 (RESTful, SOCKET, SOAP, HTTP, HTTPs 등) 개발 경험자 우대 문서중앙화 사업실 문서중앙화사업팀 자사 솔루션(XEDM 솔루션)사업 수행 기존 문서 migration Develop(자동화 프로그램 개발) 솔루션 개발 및 프로젝트 구축 관련 API 개발 문서중앙화 Filter 및 Plug-in 자격 조건 Java, jSP, 웹 개발 우대사항 퍼블리싱 가능자 우대 프로토콜 (RESTful, SOCKET, SOAP, HTTP, HTTPs 등) 개발 경험자 우대 문서중앙화 R&D XEDM Agent 웹뷰 화면 개발 XEDM 웹,관리자,모바일 화면 개발 SW52 사용자 프론트엔드 유지보수 개발 자격 조건 알고리즘,모바일 객체지향 설계 Vue.js 프레임워크 R&D Center eCross R&D EAI / ESB 기술을 바탕으로 한 미들웨어 솔루션 개발 이기종간의 데이터 전송을 위한 기술 개발 TCP, HTTP, SOAP, REST 등 다양한 메시지 처리를 위한 Gateway 개발 자격 조건 JAVA 필수 iGate R&D팀 솔루션 개발 프로젝트 기술지원 신기술 연구 자격 조건 Java / JavaScript / SQL 필수 MCI/EAI/FEP 개발 경험 우대사항 NoSQL(MongoDB) 개발 경험 우대 데이터 사업실 데이터사업1팀 PostgreSQL 유지보수 및 구축 프로젝트 수행 PostgreSQL DBMS Version release에 따른 R&D On-premise, Cloud 환경에서 eXperDB 구축 및 Migration 자격 조건 PostgreSQL 사용 가능 Oracle 사용 가능 우대사항 DBMS 관련 프로젝트 경험자 우대 DA, DBA 등 DBMS 관련 직무 경험자 우대 K8S이용 등 클라우드 경험자 우대 데이터사업2팀 PostgreSQL 유지보수 및 구축 프로젝트 수행 PostgreSQL DBMS Version release에 따른 R&D On-premise, Cloud 환경에서 eXperDB 구축 및 Migration 자격 조건 PostgreSQL 사용 가능 Oracle 사용 가능 우대사항 DBMS 관련 프로젝트 경험자 우대 DA, DBA 등 DBMS 관련 직무 경험자 우대 K8S이용 등 클라우드 경험자 우대 데이터플랫폼팀 솔루션 개발 및 유지보수, 모니터링 신규 개발, 클라우드 플랫폼 개발 솔루션 검증 및 프로세스 설계/ 개발지원, 제품관리 및 기술지원 신규 솔루션 개발 자격 조건 JAVA, DBMS 필수 Linux 환경 능숙 우대사항 K8S이용 클라우드 개발 경험자 우대 Golang, C/C++ 개발 가능자 우대 JS/SVG/Canvas 등 데이터 시각화 가능자 우대 지원하기 비개발 인젠트 IT Player 와 함께 하세요 . 지원하기",,"채용정보 인재상 복리후생 직무소개 FAQ 채용공고 내일을 함께할 IT Player 를 기다립니다 . 지원하고 싶은 분야를 선택해 주세요 . 개발 인젠트 IT Player 와 함께 하세요 . 디지털사업실 ECM사업팀 자사 솔루션(Xtorm 솔루션) 개발 외부/내부 프로젝트 수행(ECM 솔루션 기반) Web Service 또는 interface 개발 Data migration 자격 조건 Java, Web 개발자 - JSP, Java Script 우대사항 DB 및 WAS에 대한 기본적인 이해 PPR사업팀 Formula 솔루션 개발 - 솔루션 UI 및 Interface 모듈개발 - Java 기반 Unix용 전자서식 모듈 개발 Formula 솔루션 커스터마이징 전자서식 비즈니스 룰 관리 Core 개발 자격 조건 JSP, Java 웹 개발 경험 MFC, C++ 우대사항 Java JSP / C#, C++ 개발경험 퍼블리싱 가능자 금융사 PPR(전자창구) 구축 PJT경험 플랫폼사업실 iGate 사업팀 금융권 iGate 연계 사업 수행 - MCI/FEP 설계 및 구축 API G/W 사업 수행 - API G/W 설계 및 구축 iGate / APIM 기술지원 및 유지보수 자격 조건 Java, DBMS 필수 SQL 가능 우대사항 K8S이용 클라우드 개발 경험자 우대 프로토콜 (RESTful, SOCKET, SOAP, HTTP, HTTPs 등) 개발 경험자 우대 PM 가능자 우대 eCross 사업팀 eCross 사업팀 프로젝트 수행 - 데이터 연계/AP 연계 개발 - eCross 컴포넌트 및 제품 관련 모듈 개발 자격 조건 Java 개발자 SQL 가능 우대사항 K8S이용 클라우드 개발 경험자 우대 프로토콜 (RESTful, SOCKET, SOAP, HTTP, HTTPs 등) 개발 경험자 우대 PM 가능자 우대 APIM 사업팀 APIM 유지관리 및 개발 API G/W 거래생성 및 업무 연계 마이데이터, 오픈뱅킹 REST API 자격 조건 Java, HTTP Rest API, DBMS 필수 우대사항 HTML/ jQuery/ Vue.js/ React.js 우대 Digital Transfomation 이해자 우대 프로토콜 (RESTful, SOCKET, SOAP, HTTP, HTTPs 등) 개발 경험자 우대 문서중앙화 사업실 문서중앙화사업팀 자사 솔루션(XEDM 솔루션)사업 수행 기존 문서 migration Develop(자동화 프로그램 개발) 솔루션 개발 및 프로젝트 구축 관련 API 개발 문서중앙화 Filter 및 Plug-in 자격 조건 Java, jSP, 웹 개발 우대사항 퍼블리싱 가능자 우대 프로토콜 (RESTful, SOCKET, SOAP, HTTP, HTTPs 등) 개발 경험자 우대 문서중앙화 R&D XEDM Agent 웹뷰 화면 개발 XEDM 웹,관리자,모바일 화면 개발 SW52 사용자 프론트엔드 유지보수 개발 자격 조건 알고리즘,모바일 객체지향 설계 Vue.js 프레임워크 R&D Center eCross R&D EAI / ESB 기술을 바탕으로 한 미들웨어 솔루션 개발 이기종간의 데이터 전송을 위한 기술 개발 TCP, HTTP, SOAP, REST 등 다양한 메시지 처리를 위한 Gateway 개발 자격 조건 JAVA 필수 iGate R&D팀 솔루션 개발 프로젝트 기술지원 신기술 연구 자격 조건 Java / JavaScript / SQL 필수 MCI/EAI/FEP 개발 경험 우대사항 NoSQL(MongoDB) 개발 경험 우대 데이터 사업실 데이터사업1팀 PostgreSQL 유지보수 및 구축 프로젝트 수행 PostgreSQL DBMS Version release에 따른 R&D On-premise, Cloud 환경에서 eXperDB 구축 및 Migration 자격 조건 PostgreSQL 사용 가능 Oracle 사용 가능 우대사항 DBMS 관련 프로젝트 경험자 우대 DA, DBA 등 DBMS 관련 직무 경험자 우대 K8S이용 등 클라우드 경험자 우대 데이터사업2팀 PostgreSQL 유지보수 및 구축 프로젝트 수행 PostgreSQL",,,,,,,,active
12,1,앤비전,Test Job,http://test.com/test,,,,,,,,,,,active
13,83,넷앤드,채용 절차,https://www.netand.co.kr/home/recruit.php,"채용 절차 회사소개 채용 절차 넷앤드 소개 연혁 인증/특허 채용 채용 절차 복지 제도 넷앤드에서 당신의 가능성을 펼쳐보세요. 넷앤드와 함께 통합 IT 보안관리의 새로운 기준을 만들어갈 당신을 기다립니다. 넷앤드에서는, 국내 최고의 IAM 전문가들과 함께 단순한 ‘일’이 아닌 새로운 ‘가치’ 를 창출하며 자신의 전문성을 한 단계 더 성장시킬 수 있습니다. 남부럽지 않은 복지제도와 합리적인 보상체계는 물론, 워라밸까지 지킬 수 있도록 적극 지원합니다. 최고의 기술력을 바탕으로 시장을 선도하며 계속 성장해 갈 업계 1위 회사로, 안정적으로 커리어를 만들어갈 수 있습니다. Team NETAND 채용 절차 01. 서류전형 채용 공고에 맞게 제출하신 이력서, 자기소개서, 포트폴리오 등을 토대로 지원 자격을 검토합니다. 넷앤드에서 현재 모집 중인 채용 공고는 사람인, 잡코리아 등 채용 사이트에서 확인 및 지원 할 수 있습니다. 지금 바로 ‘넷앤드’를 검색해 주세요! 02. 실무 면접 실무 면접은 질의응답 형식으로 지원자가 제출한 내용에 대해 검증합니다. 직무별, 상황에 따라 실무 면접은 최대 2차까지 진행될 수 있습니다. 실무 1차 면접에 참석해주신 지원자분께는 감사한 마음을 담아 기프티콘을 보내드립니다. 03. 임원 면접 임원 면접은 지원자의 핏이 맞는지 등을 확인하는 자리입니다. 팀 또는 포지션, 상황에 따라 임원 면접이 생략될 수 있습니다. 04. 최종 합격 최종 합격 시 처우 협의를 거쳐 입사가 확정되며, 경영지원실에서 합격자에게 입사절차를 안내합니다. 관련 서류는 사전에 준비해 입사 당일까지 제출해주시면 됩니다. 근무 형태는 채용 공고 상 별도의 안내가 없을 경우 모두 정규직이며, 신입사원의 경우 3개월의 수습 기간이 적용되는 점 참고해 주세요. 채용 FAQ Q. 서류 전형의 평가 기준은 무엇인가요? 서류 전형의 경우 지원자의 경력/경험과 지원 직무와의 관련성을 가장 중점적으로 봅니다. 신입의 경우 직무에 맞는 교육 과정 또는 경험이 있는지, 그리고 직무 관련 경험이 없더라도 자기소개서에 기재된 직무에 대한 관심과 포부 등이 주요 평가 기준이 됩니다. 경력직의 경우 지원한 직무와 경력기술서 상의 업무 적합성 여부가 가장 중요합니다. 아무래도 경력직의 경우 최대한 빠르게 실무를 수행하고, 다른 곳에서의 좋은 경험을 넷앤드에도 적용할 수 있기를 기대하기 때문이죠. Q. 실무 면접은 어떤 방식으로 이뤄지며 무엇을 준비해야 할까요? 실무 면접은 직무 인터뷰로, 지원하신 직무의 팀 리더 및 팀원들이 참석해 다대일 또는 다대다로 면접이 진행됩니다. 약 30분에서 1시간 정도 소요되며, 실질적으로 수행하게 될 업무에 대한 기존의 경력과 경험 등에 대해 검증합니다. 신입의 경우 자신이 공부한 내용 중 지원한 직무와 연관이 있는 부분을 복습해 오시는 것을 추천합니다! 특히, 학창시절에 경험한 일 중 인상 깊었던 것들에 대해서도 생각해 오시면 면접에 도움이 될 거에요. 경력직의 경우 자신이 맡았던 업무와 결과물(포트폴리오)에 대한 상세하고 솔직한 설명을 준비해주세요. Q. 실무 면접에서 직무별로 자주 나오는 질문들이 있나요? 실무 실무진 면접은 지원 직무에 따라 기술적인 질문이 포함될 수 있습니다. 개발직무의 경우 주 사용 언어, 알고리즘, 사용 가능 라이브러리 등에 대한 소프트웨어 개발 관련된 질문이 포함됩니다. 기술직무(시스템 엔지니어)의 경우 IT 인프라에 대한 지식이나 네트워크, 시스템 보안 등에 관한 질문이 있습니다. Q. 임원 면접은 어떤 방식으로 이뤄지며 무엇을 준비해야 할까요? 임원 면접은 임원진과 진행되는 인터뷰로, 인성적인 부분과 조직문화 적합성(culture-fit)을 검증하는 전형입니다. 주로 개인적인 경험이나 조직 문화와 관련한 내용을 주제로 자연스럽게 대화하는 형식의 면접이기 때문에 솔직하고 당당한 자세가 가장 중요하겠습니다. 회사만 지원자를 평가하는 것이 아닌, 지원자 본인도 넷앤드의 조직문화가 나와 잘 맞을지 생각해볼 수 있는 자리인 만큼 넷앤드에 궁금한 점들을 자유롭게 질문해주시기 바랍니다! Q. 서류 마감일로부터 최종합격 발표까지 소요되는 기간은 어느 정도 인가요? 서류 마감일로부터 최종 합격까지는 통상 3~4주 소요될 수 있습니다. 채용 절차는 가능한 빠르게 진행하고자 노력하고 있으며, 서류 접수 기간 중에도 수시로 접수된 서류를 검토해 면접 일정을 조율하고 있습니다. 면접 전형 결과는 일주일 이내로 발표하며, 결과 안내가 지연되는 경우 미리 연락드립니다. 전형 절차에 대한 문의사항은 채용 담당자(recruit@netand.co.kr)으로 연락해 주시면 빠른 시일 내에 답변드리도록 하겠습니다. Q. 넷앤드 채용을 준비하는 분들께 전하고 싶은 말이 있나요? 넷앤드는 완벽히 준비된 인재도 좋지만, 함께 성장해나갈 수 있는 분들도 기다리고 있습니다 :> 적극적으로 관심 가져주시면 넷앤드의 문은 항상 열려있으니 어려워마시고 많은 지원 부탁드립니다! (주)넷앤드 사업자 등록 번호 : 109-86-11375 (07333) 서울시 영등포구 의사당대로 1길 25 하남빌딩 10층 대표전화 02-2661-1410 Fax 02-2661-1420 E-MAIL : info@netand.co.kr 정보보안 및",,,"채용 절차 회사소개 채용 절차 넷앤드 소개 연혁 인증/특허 채용 채용 절차 복지 제도 넷앤드에서 당신의 가능성을 펼쳐보세요. 넷앤드와 함께 통합 IT 보안관리의 새로운 기준을 만들어갈 당신을 기다립니다. 넷앤드에서는, 국내 최고의 IAM 전문가들과 함께 단순한 ‘일’이 아닌 새로운 ‘가치’ 를 창출하며 자신의 전문성을 한 단계 더 성장시킬 수 있습니다. 남부럽지 않은 복지제도와 합리적인 보상체계는 물론, 워라밸까지 지킬 수 있도록 적극 지원합니다. 최고의 기술력을 바탕으로 시장을 선도하며 계속 성장해 갈 업계 1위 회사로, 안정적으로 커리어를 만들어갈 수 있습니다. Team NETAND 채용 절차 01. 서류전형 채용 공고에 맞게 제출하신 이력서, 자기소개서, 포트폴리오 등을 토대로 지원 자격을 검토합니다. 넷앤드에서 현재 모집 중인 채용 공고는 사람인, 잡코리아 등 채용 사이트에서 확인 및 지원 할 수 있습니다. 지금 바로 ‘넷앤드’를 검색해 주세요! 02. 실무 면접 실무 면접은 질의응답 형식으로 지원자가 제출한 내용에 대해 검증합니다. 직무별, 상황에 따라 실무 면접은 최대 2차까지 진행될 수 있습니다. 실무 1차 면접에 참석해주신 지원자분께는 감사한 마음을 담아 기프티콘을 보내드립니다. 03. 임원 면접 임원 면접은 지원자의 핏이 맞는지 등을 확인하는 자리입니다. 팀 또는 포지션, 상황에 따라 임원 면접이 생략될 수 있습니다. 04. 최종 합격 최종 합격 시 처우 협의를 거쳐 입사가 확정되며, 경영지원실에서 합격자에게 입사절차를 안내합니다. 관련 서류는 사전에 준비해 입사 당일까지 제출해주시면 됩니다. 근무 형태는 채용 공고 상 별도의 안내가 없을 경우 모두 정규직이며, 신입사원의 경우 3개월의 수습 기간이 적용되는 점 참고해 주세요. 채용 FAQ Q. 서류 전형의 평가 기준은 무엇인가요? 서류 전형의 경우 지원자의 경력/경험과 지원 직무와의 관련성을 가장 중점적으로 봅니다. 신입의 경우 직무에 맞는 교육 과정 또는 경험이 있는지, 그리고 직무 관련 경험이 없더라도 자기소개서에 기재된 직무에 대한 관심과 포부 등이 주요 평가 기준이 됩니다. 경력직의 경우 지원한 직무와 경력기술서 상의 업무 적합성 여부가 가장 중요합니다. 아무래도 경력직의 경우 최대한 빠르게 실무를 수행하고, 다른 곳에서의 좋은 경험을 넷앤드에도 적용할 수 있기를 기대하기 때문이죠. Q. 실무 면접은 어떤 방식으로 이뤄지며 무엇을 준비해야 할까요? 실무 면접은 직무 인터뷰로, 지원하신 직무의 팀 리더 및 팀원들이 참석해 다대일 또는 다대다로 면접이 진행됩니다. 약 30분에서 1시간 정도 소요되며, 실질적으로 수행하게 될 업무에 대한 기존의 경력과 경험 등에 대해 검증합니다. 신입의 경우 자신이 공부한 내용 중 지원한 직무와 연관이 있는 부분을 복습해 오시는 것을 추천합니다! 특히, 학창시절에 경험한 일 중 인상 깊었던 것들에 대해서도 생각해 오시면 면접에 도움이 될 거에요. 경력직의 경우 자신이 맡았던 업무와 결과물(포트폴리오)에 대한 상세하고 솔직한 설명을 준비해주세요. Q. 실무 면접에서 직무별로 자주 나오는 질문들이 있나요? 실무 실무진 면접은 지원 직무에 따라 기술적인 질문이 포함될 수 있습니다. 개발직무의 경우 주 사용 언어, 알고리즘, 사용 가능 라이브러리 등에 대한 소프트웨어 개발 관련된 질문이 포함됩니다. 기술직무(시스템 엔지니어)의 경우 IT 인프라에 대한 지식이나 네트워크, 시스템 보안 등에 관한 질문이 있습니다. Q. 임원 면접은 어떤 방식으로 이뤄지며 무엇을 준비해야 할까요? 임원 면접은 임원진과 진행되는 인터뷰로, 인성적인 부분과 조직문화 적합성(culture-fit)을 검증하는 전형입니다. 주로 개인적인 경험이나 조직 문화와 관련한 내용을 주제로 자연스럽게 대화하는 형식의 면접이기 때문에 솔직하고 당당한 자세가 가장 중요하겠습니다. 회사만 지원자를 평가하는 것이 아닌, 지원자 본인도 넷앤드의 조직문화가 나와 잘 맞을지 생각해볼 수 있는 자리인 만큼 넷앤드에 궁금한 점들을 자유롭게 질문해주시기 바랍니다! Q. 서류 마감일로부터 최종합격 발표까지 소요되는 기간은 어느 정도 인가요? 서류 마감일로부터 최종 합격까지는 통상 3~4주 소요될 수 있습니다. 채용 절차는 가능한 빠르게 진행하고자 노력하고 있으며, 서류 접수 기간 중에도 수시로 접수된 서류를 검토해 면접 일정을 조율하고 있습니다. 면접 전형 결과는 일주일 이내로 발표하며, 결과 안내가 지연되는 경우 미리 연락드립니다. 전형 절차에 대한 문의사항은 채용 담당자(recruit@netand.co.kr)으로 연락해 주시면 빠른 시일 내에 답변드리도록 하겠습니다. Q. 넷앤드 채용을 준비하는 분들께 전하고 싶은 말이 있나요? 넷앤드는 완벽히 준비된 인재도 좋지만, 함께 성장해나갈 수 있는 분들도 기다리고 있습니다 :> 적극적으로 관심 가져주시면 넷앤드의 문은 항상 열려있으니 어려워마시고 많은 지원 부탁드립니다! (주)넷앤드 사업자 등록 번호 : 109-86-11375 (07333) 서울시 영등포구 의사당대로 1길 25 하남빌딩 10층 대표전화 02-2661-1410 Fax 02-2661-1420 E-MAIL : info@netand.co.kr 정보보안 및 개인정보처리방침 COPYRIGHTⓒ NETAND, ALL RIGHTS RESERVED",,서울,정규직,,,,active
14,89,알티베이스,개인정보처리방침,https://www.altibase.com/kr/recruitment/pop_support.php?type=1#job-5381fd49-0,"1. 개인정보의 수집 및 이용목적 가. 입사 지원자와의 원활한 의사소통을 통한 전형 진행 지원 나. 입사 지원자의 합격 여부 확인 시 지원자 본인 확인 다. 입사 지원 관련 문의 접수 및 처리결과 회신 라. 채용 발생 시 입사지원 응시 이력 활용 2. 수집하는 개인정보의 항목 및 수집방법 회사는 원활한 입사지원 업무를 위해 아래와 같은 개인정보를 수집하고 있습니다. 선택항목을 입력하시지 않았다 하여 입사지원에 제한은 없습니다. - 필수 항목 : 성명(한글,영문), 이메일 주소, 전화번호, 휴대폰, 사진, 주소, 희망연봉, 병역사항(병역구분이 군미필인 경우 복무계획만 입력) 보훈사항(보훈대상의 경우 보훈번호 포함), 학력(학력이 대학교 이상인 경우 학부/학과, 학점 포함), 학교, 입학연월 ,졸업(예정)연월, 소재지, 최종학력, 졸업구분 - 선택 항목 : 학력사항 내 편입여부, 어학사항, 경력사항, 자격사항, 수상내역, 자기소개 등 - 수집방법 : 입력한 정보는 이메일로 자동으로 정보 수집되고, 경우에 따라 출력된 형태의 종이문서로 수집 할 수 도 있습니다. 3. 개인정보의 보유 및 이용기간 이용자의 개인정보는 이용자로부터 수집되는 시점(작성중 저장 포함)부터 수집 및 이용목적만을 위하여 활용되며, 온라인으로 제출한 개인정보 메일은 1개월 이내 삭제하며 면접절차 진행중일 경우는 절차 종료 후 즉시 삭제합니다. 또, 1개월 이내 입사지원자가 개인정보의 삭제를 원하는 경우 지체 없이 삭제합니다. 4. 개인정보 처리 문의 hire@altibase.com",,,,,,,,,,active
15,91,티맥스소프트,직무 적응교육,https://www.tmaxsoft.com/kr/recruit#job-64cad620-4,신입/경력사원 입문 교육 OJT(on the job Training) 신입사원 멘토링 제도 운영 직무별 특성에 맞는 공통+특화 교육 제공(연구소/기술 지원/사업부/관리 등),,,,,,,,,,active
16,91,티맥스소프트,채용절차,https://www.tmaxsoft.com/kr/recruit#job-0773abd2-11,"다양한 분야의 전문가들과 함께 IT 전문가로서 새로운 미래를 만들어가세요. 서류전형 1차 실무면접 2차 임원면접 처우협의 및 입사 연구직군(신입)의 경우 코딩테스트 시행 단, 경력의 경우 상황​에 따라 코딩테스트 시행 가능​ 직군/직책에 따라 면접전형이 변경될 수 있음",,,,,,,,,,active
17,91,티맥스소프트,FAQ,https://www.tmaxsoft.com/kr/recruit#job-1fe917b0-12,"Q. 입사 지원 방법은 어떻게 되나요? 현재 운영 중인 메인 채용사이트(https://tmaxsoft.recruiter.co.kr/app/jobnotice/list)에서 채용부문을 확인하고 지원서를 제출해 주시면 됩니다. 이 외에도 잡코리아, 사람인, 워크넷, 자소설닷컴 등 다양한 채널을 통해 티맥스소프트의 채용 공고를 확인하실 수 있습니다. Q. 제출한 지원서를 수정하려면 어떻게 해야하나요? 이미 제출 완료한 지원서는 수정이 불가능합니다. 따라서 최종 제출 전 기입하신 모든 정보를 한 번 더 확인하신 후 제출하여 주시기 바랍니다. 만일 제출 완료 후 수정이 반드시 필요한 경우에는 채용담당자에게 문의하여 주시기 바랍니다. Q. 입사지원 기록이 있어도 재지원이 가능한가요? 가능합니다. 다만 동일 기간 내 진행되는 동일 전형에 재지원은 불가합니다. 기존 지원 시 부족했던 부분을 채울 수 있는 노력을 통해 발전된 모습으로 재지원 했을 경우 언제든 기회는 열려 있습니다. Q. 온라인 지원서 작성 시 홈페이지 오류가 발생하면 어떻게 하나요? 작성하신 지원서를 저장하신 다음 로그아웃하신 후 재로그인하여 보시기 바랍니다 만일 계속해서 오류가 있을 경우 해당 채용플랫폼 헬프데스크를 이용하여 주시거나 채용 담당자에게 문의하여 주시기 바랍니다. Q. 면접 시 복장은 어떻게 되나요? 면접은 지원자와 회사가 처음으로 대면하는 자리이므로 좋은 이미지를 심어줄 수 있도록 본인과 어울리는 단정하고 깨끗한 복장을 권합니다. Q. 채용 전형 결과는 어떻게 알 수 있나요? 지원서 작성 시 기재해 주신 개인 이메일 주소를 통해 합격과 불합격 경우 모두 결과를 알려드리고 있습니다 또한, 필요에 따라 메일 외에도 전화나 문자 등으로 별도 안내해 드릴 수 있으 지원서 작성 시 개인 연락처 정보를 정확하게 기재 부탁드립니다. Q. 연봉 및 처우 수준은 어떠한가요? 지원자의 학력, 경력, 전문성에 따라 개인별 처우는 차이가 있습니다 또한 자신이 속한 조직의 성과에 따라 인센티브가 부여될 뿐 아니라 전 사원이 연봉제로 개인의 능력에 따라 차별화된 보상을 받고 있습니다. Q. 처우 이외의 복리후생에는 어떤 것들이 있나요? 4대보험 가입, 리프레쉬 휴가, 경조 휴가, 법정 휴가, 조기퇴근제도(트윙클데이), 복지포인트, 사내 포상(우수사원, 근속상), 경조금 지원, 건강관리실, 구내식당 등 다양한 복리 후생제도를 운영하고 있으며 지속적으로 추가하여 운영 중에 있습니다. 자세한 내용은 인사제도 소개란을 참고하여 주시기 바랍니다. Q. 전문연구요원(병역특례)로 지원이 가능한가요? 전문연구요원은 전산 관련 학과를 전공한 석사 이상의 학력자만이 지원할 수 있습니다. 단, 공익근무요원 판정을 받은 경우(신체검사 4급 이하)는 학사도 지원 가능합니다. 채용 절차 모두 동일하며 입사일 등에 의거하여 순차적으로 진행합니다. 단, 회사 사정 혹은 당해년도 병무청 T/O 소진 등으로 인해 편입이 불가할 수 있으니 지원서 제출 전 채용담당자를 통해 편입 가능 여부를 선 확인하여 주시기 바랍니다. *산업기능요원은 채용하지 않습니다. Q. 채용 기간은 어떻게 되나요? (신입/경력) 신입/경력 모두 충원 계획에 따라 필요에 의해 연중 수시 채용을 진행하고 있습니다. 신입의 경우 상황에 따라 연 1~2회 정도 공채를 진행하며 특별공채를 추가로 진행할 수 있습니다. Q. 공고된 채용부문의 선발 인원을 알 수 있나요? 공고된 채용부문은 지원자의 자질에 따라 선발 인원수는 조정될 수 있습니다. 따라서 사전에 선발 인원을 알려드리기는 어려운 점 양해 부탁드립니다. 채용인원과 상관 없이 지원자 본인이 꼭 합격할 수 있다는 자신감과 채용 활동에 필요한 준비를 하신다면 분명히 좋은 결과가 있을 것으로 생각합니다. Q. 계약직 혹은 인턴 채용 시 정규직 전환은 가능한가요? 필요에 따라 계약직 혹은 인턴(산학협력 체결한 대학) 수시 채용을 진행하고 있으며 업무 성과, 태도 등 다양한 방면을 고려 후 정규직 전환 가능성은 언제든지 열려 있습니다. Q. 컴퓨터나 전산관련 전공자가 아닌데 개발 관련 부문에 지원이 가능할까요? 컴퓨터, 전산 관련 전공자를 선호하지만 해당 분야에 열정을 가지고 다양한 교육과 경력을 쌓아오신 분이라면 지원 가능합니다. IT 분야에 관심이 있고 열정적으로 업무할 의욕이 있으신 분을 기다리고 있습니다. Q. 기타 문의는 어떻게 해야 하나요? 채용 관련하여 궁금증이 있으시다면 먼저 FAQ를 참고하여 주시고 그 외에 궁금하신 사항은 채용 담당자에게 개별 문의하시면 됩니다. Q. 신규 입사자에게는 어떤 교육의 기회가 있나요? 신규 입사자를 대상으로 조직에 빠르게 적응할 수 있도록 신규 입사자 오리엔테이션 및 제품교육과 멘토링 제도를 기본으로 실시하고 있습니다. 내부 전문가에 의한 사내 자체 교육 및 기술 세미나를 수시로 진행하고 있으며, 온/오프라인 직무교육을 통해 개인의 자질 향상과 능력개발을 향상 시킬 수 있는 기회를 제공하고 있습니다. 또한 리더 양성을 위해 임원 및 직책자를 대상으로 리더십 교육과정을 운영하고 있습니다. 자세한 내용은 인사제도 소개란을 참고하여 주시기 바랍니다.",,,,,,,,,,active
18,93,알서포트,알서포트는 여러분의 도전을,https://www.rsupport.com/ko-kr/career/recruit/saas,"콘텐츠 바로가기 메뉴 바로가기 하단정보 바로가기 Rsupport 제품 리모트뷰 리모트뷰BOX 리모트콜 리모트VS 리모트미팅 Airepoto 콜라박스 리모트WOL 투자 투자 요약 기업지배구조 재무정보 실적발표 감사보고서 투자 공고 투자 질의응답 투자 뉴스 뉴스 언론 보도 홍보 영상 블로그 지원 공지사항 자주 묻는 질문 다운로드 Contact Us CI&BI 회사 회사 소개 회사 연혁 수상 및 인증 사회 공헌 기술 소개 파트너 사옥 온라인 제보 채용 채용 요약 팀 문화 스토리 역할과 책임 채용공고 인재풀 모바일 메뉴 kr en jp cn 모바일 메뉴 Home 채용 채용공고 알서포트는 여러분의 도전을 서포트합니다 SaaS 영업 담당자 (신입 또는 경력) 지원 마감 디데이 D-10 지원 가능일 2026-03-09 ~ 2026-04-13 직군 영업 경력사항 경력 고용형태 정규직 근무지 서울 본사 포지션 SaaS 영업 담당자 업무내용 B2B SaaS 신규 고객 발굴 인바운드/아웃바운드 프로세스 구축 및 파이프라인 관리 도입 문의 고객(인바운드 리드) 대상 상담 및 클로징을 통한 매출 생성 고객 대상 SaaS 상품 소개 프레젠테이션 진행 자격요건 및 우대사항 [ 자격요건 ] SaaS 서비스 영업 경험을 보유하신 분 세일즈 리드 수 및 고객 유입 단계별 전환율 개선을 위한 프로세스를 이해하며 수행이 가능하신 분 프레젠테이션 및 보고 문서 작성 능력을 보유하신 분 콜드콜, 이메일, 캠페인, 이벤트 등을 활용하여 영업하는데 어려움이 없으신 분 해결책을 주도적으로 설계할 수 있는 문제 해결력 및 실행력을 보유하신 분 주도적이며 도전적인 목표를 즐기고 집요하게 실행해내는 분 [ 우대사항 ] SaaS 상품, IT Solution 아웃바운드 및 인바운드 세일즈 경력이 있으신 분 지속적이고 안정적으로 매출목표를 달성한 경험을 보유하신 분 CRM 시스템 활용 경험이 있으신 분 (Salesforce 등) 기타사항 국가보훈해당자 및 장애인은 관련 법률에 의거 우대합니다. (증빙서류 제출자에 한함) 제출서류에 허위기재 또는 기재 착오, 구비서류 미제출 등으로 인한 불이익은 응시자 본인의 책임으로 합니다. 제출서류나 각종 증명서의 기재내용이 허위일 경우, 응시를 무효처리하며 합격을 취소합니다. 기타 문의사항은 채용관련 문의를 이용해 주시기 바라며, 제출된 서류는 개인정보 보호법에따라 관리됩니다. 목록 직군 영업 경력사항 경력 고용형태 정규직 근무지 서울 본사 지원하기 IR 투자 정보 받기 top RemoteCall RemoteView Ai:repoto COLABOX RemoteMeeting RemoteCall RemoteView Ai:repoto COLABOX RemoteMeeting 알서포트(주) 대표 서형수 (05203) 서울특별시 강동구 고덕비즈밸리로2가길 12 (고덕동) 사업자등록번호 114-86-82265 통신판매업 신고번호 제 2024-서울강동-1214호 문의 070-7011-3900 이메일 sales.kr@rsupport.com 팩스 02-479-4429 개인정보 처리방침 내부정보관리규정","및 우대사항 [ 자격요건 ] SaaS 서비스 영업 경험을 보유하신 분 세일즈 리드 수 및 고객 유입 단계별 전환율 개선을 위한 프로세스를 이해하며 수행이 가능하신 분 프레젠테이션 및 보고 문서 작성 능력을 보유하신 분 콜드콜, 이메일, 캠페인, 이벤트 등을 활용하여 영업하는데 어려움이 없으신 분 해결책을 주도적으로 설계할 수 있는 문제 해결력 및 실행력을 보유하신 분 주도적이며 도전적인 목표를 즐기고 집요하게 실행해내는 분 [ 우대사항 ] SaaS 상품, IT Solution 아웃바운드 및 인바운드 세일즈 경력이 있으신 분 지속적이고 안정적으로 매출목표를 달성한 경험을 보유하신 분 CRM 시스템 활용 경험이 있으신 분 (Salesforce 등) 기타사항 국가보훈해당자 및 장애인은 관련 법률에 의거 우대합니다. (증빙서류 제출자에 한함) 제출서류에 허위기재 또는 기재 착오, 구비서류 미제출 등으로 인한 불이익은 응시자 본인의 책임으로 합니다. 제출서류나 각종 증명서의 기재내용이 허위일 경우, 응시를 무효처리하며 합격을 취소합니다. 기타 문의사항은 채용관련 문의를 이용해 주시기 바라며, 제출된 서류는 개인정보 보호법에따라 관리됩니다. 목록 직군 영업 경력사항 경력 고용형태 정규직 근무지 서울 본사 지원하기 IR 투자 정보 받기 top RemoteCall RemoteView Ai:repoto COLABOX RemoteMeeting RemoteCall RemoteView Ai:repoto COLABOX RemoteMeeting 알서포트(주) 대표 서형수 (05203) 서울특별시 강동구 고덕비즈밸리로2가길 12 (고덕동) 사업자등록번호 114-86-82265 통신판매업 신고번호 제 2024-서울강동-1214호 문의 070-7011-3900 이메일 sales.kr@rsupport.com 팩스 02-479-4429 개인정보 처리방침 내부정보관리규정 COPYRIGHT © 2026 RSUPPORT CO., LTD. ALL RIGHTS RESERVED. 공식 SNS 채널 + Facebook youtube Blog Linkedin 알서포트 투자 실적 정보 받기 별도의 요청없이도 알서포트가 제공하는 투자와 관련된 상세 자료들을 간편하게 받아보실 수 있습니다. 팝업 닫기 투자실적 정보 받기 신청이 완료되었습니다. 입력해주신 메일 주소로 답변 드립니다. 확인 팝업 닫기","[ 자격요건 ] SaaS 서비스 영업 경험을 보유하신 분 세일즈 리드 수 및 고객 유입 단계별 전환율 개선을 위한 프로세스를 이해하며 수행이 가능하신 분 프레젠테이션 및 보고 문서 작성 능력을 보유하신 분 콜드콜, 이메일, 캠페인, 이벤트 등을 활용하여 영업하는데 어려움이 없으신 분 해결책을 주도적으로 설계할 수 있는 문제 해결력 및 실행력을 보유하신 분 주도적이며 도전적인 목표를 즐기고 집요하게 실행해내는 분 [ 우대사항 ] SaaS 상품, IT Solution 아웃바운드 및 인바운드 세일즈 경력이 있으신 분 지속적이고 안정적으로 매출목표를 달성한 경험을 보유하신 분 CRM 시스템 활용 경험이 있으신 분 (Salesforce 등) 기타사항 국가보훈해당자 및 장애인은 관련 법률에 의거 우대합니다. (증빙서류 제출자에 한함) 제출서류에 허위기재 또는 기재 착오, 구비서류 미제출 등으로 인한 불이익은 응시자 본인의 책임으로 합니다. 제출서류나 각종 증명서의 기재내용이 허위일 경우, 응시를 무효처리하며 합격을 취소합니다. 기타 문의사항은 채용관련 문의를 이용해 주시기 바라며, 제출된 서류는 개인정보 보호법에따라 관리됩니다. 목록 직군 영업 경력사항 경력 고용형태 정규직 근무지 서울 본사 지원하기 IR 투자 정보 받기 top RemoteCall RemoteView Ai:repoto COLABOX RemoteMeeting RemoteCall RemoteView Ai:repoto COLABOX RemoteMeeting 알서포트(주) 대표 서형수 (05203) 서울특별시 강동구 고덕비즈밸리로2가길 12 (고덕동) 사업자등록번호 114-86-82265 통신판매업 신고번호 제 2024-서울강동-1214호 문의 070-7011-3900 이메일 sales.kr@rsupport.com 팩스 02-479-4429 개인정보 처리방침 내부정보관리규정 COPYRIGHT © 2026 RSUPPORT CO., LTD. ALL RIGHTS RESERVED. 공식 SNS 채널 + Facebook youtube Blog Linkedin 알서포트 투자 실적 정보 받기 별도의 요청없이도 알서포트가 제공하는 투자와 관련된 상세 자료들을 간편하게 받아보실 수 있습니다. 팝업 닫기 투자실적 정보 받기 신청이 완료되었습니다. 입력해주신 메일 주소로 답변 드립니다. 확인 팝업 닫기",,,서울,정규직,,2026-03-09,2026-02-07,active
19,93,알서포트,알서포트는 여러분의 도전을,https://www.rsupport.com/ko-kr/career/recruit/ux,"콘텐츠 바로가기 메뉴 바로가기 하단정보 바로가기 Rsupport 제품 리모트뷰 리모트뷰BOX 리모트콜 리모트VS 리모트미팅 Airepoto 콜라박스 리모트WOL 투자 투자 요약 기업지배구조 재무정보 실적발표 감사보고서 투자 공고 투자 질의응답 투자 뉴스 뉴스 언론 보도 홍보 영상 블로그 지원 공지사항 자주 묻는 질문 다운로드 Contact Us CI&BI 회사 회사 소개 회사 연혁 수상 및 인증 사회 공헌 기술 소개 파트너 사옥 온라인 제보 채용 채용 요약 팀 문화 스토리 역할과 책임 채용공고 인재풀 모바일 메뉴 kr en jp cn 모바일 메뉴 Home 채용 채용공고 알서포트는 여러분의 도전을 서포트합니다 UX기획자 (7년 이상) 지원 마감 디데이 D-10 지원 가능일 2026-03-09 ~ 2026-04-13 직군 마케팅 경력사항 경력 고용형태 정규직 근무지 서울 본사 포지션 UX 기획자 업무내용 제품 브랜드 사이트의 UI/UX 전략 수립, IA 설계, 와이어프레임 작성 마케팅 캠페인 관련 (랜딩페이지, 뉴스레터, 온드채널 등) UX 개선 기획 웹사이트 운영 및 개선 PM (콘텐츠 관리, 디자인, QA, 배포 등 전 과정 관리) SEO, AEO/GEO 대응 UX writing 및 메타 태그 관리 CJM 분석 및 시나리오 수립 → 데이터 분석으로 UI/UX 개선방안 도출 자격요건 및 우대사항 [ 자격요건 ] 웹 기반의 UI/UX 기획 경험 7년 이상이신 분 GA4, GSC, 히트맵 등 DATA 분석을 통한 UX/UI 개선 경험을 보유하신 분 영업, 마케팅, 디자인, 개발 등 유관부서와의 원활한 커뮤니케이션 경험을 보유하신 분 피그마 툴 숙련자, UX writing 능력, AI 활용 능력을 보유하신 분 ※ 포트폴리오 제출 필수 [ 우대사항 ] 높은 마케팅 이해도를 보유하며 메인/상세페이지·블로그 등 콘텐츠 작성이 가능하신 분 웹사이트 구축 전반(A to Z)을 모두 담당해보신 분 글로벌 (다국어) 웹사이트 기획 및 운영 경험을 보유하신 분 기타사항 국가보훈해당자 및 장애인은 관련 법률에 의거 우대합니다. (증빙서류 제출자에 한함) 제출서류에 허위기재 또는 기재 착오, 구비서류 미제출 등으로 인한 불이익은 응시자 본인의 책임으로 합니다. 제출서류나 각종 증명서의 기재내용이 허위일 경우, 응시를 무효처리하며 합격을 취소합니다. 기타 문의사항은 채용관련 문의를 이용해 주시기 바라며, 제출된 서류는 개인정보 보호법에따라 관리됩니다. 목록 직군 마케팅 경력사항 경력 고용형태 정규직 근무지 서울 본사 지원하기 IR 투자 정보 받기 top RemoteCall RemoteView Ai:repoto COLABOX RemoteMeeting RemoteCall RemoteView Ai:repoto COLABOX RemoteMeeting 알서포트(주) 대표 서형수 (05203) 서울특별시 강동구 고덕비즈밸리로2가길 12 (고덕동) 사업자등록번호 114-86-82265 통신판매업 신고번호 제 2024-서울강동-1214호 문의 070-7011-3900 이메일 sales.kr@rsupport.com 팩스 02-479-4429 개인정보 처리방침 내부정보관리규정","및 우대사항 [ 자격요건 ] 웹 기반의 UI/UX 기획 경험 7년 이상이신 분 GA4, GSC, 히트맵 등 DATA 분석을 통한 UX/UI 개선 경험을 보유하신 분 영업, 마케팅, 디자인, 개발 등 유관부서와의 원활한 커뮤니케이션 경험을 보유하신 분 피그마 툴 숙련자, UX writing 능력, AI 활용 능력을 보유하신 분 ※ 포트폴리오 제출 필수 [ 우대사항 ] 높은 마케팅 이해도를 보유하며 메인/상세페이지·블로그 등 콘텐츠 작성이 가능하신 분 웹사이트 구축 전반(A to Z)을 모두 담당해보신 분 글로벌 (다국어) 웹사이트 기획 및 운영 경험을 보유하신 분 기타사항 국가보훈해당자 및 장애인은 관련 법률에 의거 우대합니다. (증빙서류 제출자에 한함) 제출서류에 허위기재 또는 기재 착오, 구비서류 미제출 등으로 인한 불이익은 응시자 본인의 책임으로 합니다. 제출서류나 각종 증명서의 기재내용이 허위일 경우, 응시를 무효처리하며 합격을 취소합니다. 기타 문의사항은 채용관련 문의를 이용해 주시기 바라며, 제출된 서류는 개인정보 보호법에따라 관리됩니다. 목록 직군 마케팅 경력사항 경력 고용형태 정규직 근무지 서울 본사 지원하기 IR 투자 정보 받기 top RemoteCall RemoteView Ai:repoto COLABOX RemoteMeeting RemoteCall RemoteView Ai:repoto COLABOX RemoteMeeting 알서포트(주) 대표 서형수 (05203) 서울특별시 강동구 고덕비즈밸리로2가길 12 (고덕동) 사업자등록번호 114-86-82265 통신판매업 신고번호 제 2024-서울강동-1214호 문의 070-7011-3900 이메일 sales.kr@rsupport.com 팩스 02-479-4429 개인정보 처리방침 내부정보관리규정 COPYRIGHT © 2026 RSUPPORT CO., LTD. ALL RIGHTS RESERVED. 공식 SNS 채널 + Facebook youtube Blog Linkedin 알서포트 투자 실적 정보 받기 별도의 요청없이도 알서포트가 제공하는 투자와 관련된 상세 자료들을 간편하게 받아보실 수 있습니다. 팝업 닫기 투자실적 정보 받기 신청이 완료되었습니다. 입력해주신 메일 주소로 답변 드립니다. 확인 팝업 닫기","[ 자격요건 ] 웹 기반의 UI/UX 기획 경험 7년 이상이신 분 GA4, GSC, 히트맵 등 DATA 분석을 통한 UX/UI 개선 경험을 보유하신 분 영업, 마케팅, 디자인, 개발 등 유관부서와의 원활한 커뮤니케이션 경험을 보유하신 분 피그마 툴 숙련자, UX writing 능력, AI 활용 능력을 보유하신 분 ※ 포트폴리오 제출 필수 [ 우대사항 ] 높은 마케팅 이해도를 보유하며 메인/상세페이지·블로그 등 콘텐츠 작성이 가능하신 분 웹사이트 구축 전반(A to Z)을 모두 담당해보신 분 글로벌 (다국어) 웹사이트 기획 및 운영 경험을 보유하신 분 기타사항 국가보훈해당자 및 장애인은 관련 법률에 의거 우대합니다. (증빙서류 제출자에 한함) 제출서류에 허위기재 또는 기재 착오, 구비서류 미제출 등으로 인한 불이익은 응시자 본인의 책임으로 합니다. 제출서류나 각종 증명서의 기재내용이 허위일 경우, 응시를 무효처리하며 합격을 취소합니다. 기타 문의사항은 채용관련 문의를 이용해 주시기 바라며, 제출된 서류는 개인정보 보호법에따라 관리됩니다. 목록 직군 마케팅 경력사항 경력 고용형태 정규직 근무지 서울 본사 지원하기 IR 투자 정보 받기 top RemoteCall RemoteView Ai:repoto COLABOX RemoteMeeting RemoteCall RemoteView Ai:repoto COLABOX RemoteMeeting 알서포트(주) 대표 서형수 (05203) 서울특별시 강동구 고덕비즈밸리로2가길 12 (고덕동) 사업자등록번호 114-86-82265 통신판매업 신고번호 제 2024-서울강동-1214호 문의 070-7011-3900 이메일 sales.kr@rsupport.com 팩스 02-479-4429 개인정보 처리방침 내부정보관리규정 COPYRIGHT © 2026 RSUPPORT CO., LTD. ALL RIGHTS RESERVED. 공식 SNS 채널 + Facebook youtube Blog Linkedin 알서포트 투자 실적 정보 받기 별도의 요청없이도 알서포트가 제공하는 투자와 관련된 상세 자료들을 간편하게 받아보실 수 있습니다. 팝업 닫기 투자실적 정보 받기 신청이 완료되었습니다. 입력해주신 메일 주소로 답변 드립니다. 확인 팝업 닫기",,,서울,정규직,,2026-03-09,2026-02-07,active
20,93,알서포트,알서포트는 여러분의 도전을,https://www.rsupport.com/ko-kr/career/recruit/front_end_dev,"콘텐츠 바로가기 메뉴 바로가기 하단정보 바로가기 Rsupport 제품 리모트뷰 리모트뷰BOX 리모트콜 리모트VS 리모트미팅 AI레포토 콜라박스 리모트WOL 투자 투자 요약 기업지배구조 재무정보 실적발표 감사보고서 투자 공고 투자 질의응답 투자 뉴스 뉴스 언론 보도 홍보 영상 블로그 지원 공지사항 자주 묻는 질문 다운로드 Contact Us CI&BI 회사 회사 소개 회사 연혁 수상 및 인증 사회 공헌 기술 소개 파트너 사옥 온라인 제보 채용 채용 요약 팀 문화 스토리 역할과 책임 복리후생 채용공고 인재풀 모바일 메뉴 kr en jp cn 모바일 메뉴 Home 채용 채용공고 알서포트는 여러분의 도전을 서포트합니다 프론트엔드 개발자 (3년 이상) 지원 마감 디데이 D-20 지원 가능일 2026-03-09 ~ 2026-04-13 직군 연구개발 경력사항 경력 고용형태 정규직 근무지 서울 본사 포지션 프론트엔드 개발자 업무내용 WebRTC 기반 프론트엔드 Application 개발 및 유지보수 자격요건 및 우대사항 [ 자격요건 ] 최신 React, 상태관리(Recoil / Zustand등), 번들러(webpack/vite등) 경험이 있으신분 AI Vibe Coding이 가능하신 분 AI를 적극적으로 활용해서 개발하시는 분 프론트엔드에 대한 지식이 많으신 분 원만한 커뮤니케이션 능력이 있으신 분 개발에 대한 열정이 넘치고 책임감이 강하신 분 [ 우대사항 ] WebRTC / Web Socket 개발 지식 보유 및 개발경험이 있으신 분 웹성능 최적화에 관심이 높으신 분 새로운 지식습득에 거부감이 없으신 분 기타사항 국가보훈해당자 및 장애인은 관련 법률에 의거 우대합니다. (증빙서류 제출자에 한함) 제출서류에 허위기재 또는 기재 착오, 구비서류 미제출 등으로 인한 불이익은 응시자 본인의 책임으로 합니다. 제출서류나 각종 증명서의 기재내용이 허위일 경우, 응시를 무효처리하며 합격을 취소합니다. 기타 문의사항은 채용관련 문의를 이용해 주시기 바라며, 제출된 서류는 개인정보 보호법에따라 관리됩니다. 목록 직군 연구개발 경력사항 경력 고용형태 정규직 근무지 서울 본사 지원하기 IR 투자 정보 받기 top RemoteCall RemoteView Ai:repoto COLABOX RemoteMeeting RemoteCall RemoteView Ai:repoto COLABOX RemoteMeeting 알서포트(주) 대표 서형수 (05203) 서울특별시 강동구 고덕비즈밸리로2가길 12 (고덕동) 사업자등록번호 114-86-82265 통신판매업 신고번호 제 2024-서울강동-1214호 문의 070-7011-3900 이메일 sales.kr@rsupport.com 팩스 02-479-4429 개인정보 처리방침 내부정보관리규정","및 우대사항 [ 자격요건 ] 최신 React, 상태관리(Recoil / Zustand등), 번들러(webpack/vite등) 경험이 있으신분 AI Vibe Coding이 가능하신 분 AI를 적극적으로 활용해서 개발하시는 분 프론트엔드에 대한 지식이 많으신 분 원만한 커뮤니케이션 능력이 있으신 분 개발에 대한 열정이 넘치고 책임감이 강하신 분 [ 우대사항 ] WebRTC / Web Socket 개발 지식 보유 및 개발경험이 있으신 분 웹성능 최적화에 관심이 높으신 분 새로운 지식습득에 거부감이 없으신 분 기타사항 국가보훈해당자 및 장애인은 관련 법률에 의거 우대합니다. (증빙서류 제출자에 한함) 제출서류에 허위기재 또는 기재 착오, 구비서류 미제출 등으로 인한 불이익은 응시자 본인의 책임으로 합니다. 제출서류나 각종 증명서의 기재내용이 허위일 경우, 응시를 무효처리하며 합격을 취소합니다. 기타 문의사항은 채용관련 문의를 이용해 주시기 바라며, 제출된 서류는 개인정보 보호법에따라 관리됩니다. 목록 직군 연구개발 경력사항 경력 고용형태 정규직 근무지 서울 본사 지원하기 IR 투자 정보 받기 top RemoteCall RemoteView Ai:repoto COLABOX RemoteMeeting RemoteCall RemoteView Ai:repoto COLABOX RemoteMeeting 알서포트(주) 대표 서형수 (05203) 서울특별시 강동구 고덕비즈밸리로2가길 12 (고덕동) 사업자등록번호 114-86-82265 통신판매업 신고번호 제 2024-서울강동-1214호 문의 070-7011-3900 이메일 sales.kr@rsupport.com 팩스 02-479-4429 개인정보 처리방침 내부정보관리규정 COPYRIGHT © 2026 RSUPPORT CO., LTD. ALL RIGHTS RESERVED. 공식 SNS 채널 + Facebook youtube Blog Linkedin 알서포트 투자 실적 정보 받기 별도의 요청없이도 알서포트가 제공하는 투자와 관련된 상세 자료들을 간편하게 받아보실 수 있습니다. 팝업 닫기 투자실적 정보 받기 신청이 완료되었습니다. 입력해주신 메일 주소로 답변 드립니다. 확인 팝업 닫기","[ 자격요건 ] 최신 React, 상태관리(Recoil / Zustand등), 번들러(webpack/vite등) 경험이 있으신분 AI Vibe Coding이 가능하신 분 AI를 적극적으로 활용해서 개발하시는 분 프론트엔드에 대한 지식이 많으신 분 원만한 커뮤니케이션 능력이 있으신 분 개발에 대한 열정이 넘치고 책임감이 강하신 분 [ 우대사항 ] WebRTC / Web Socket 개발 지식 보유 및 개발경험이 있으신 분 웹성능 최적화에 관심이 높으신 분 새로운 지식습득에 거부감이 없으신 분 기타사항 국가보훈해당자 및 장애인은 관련 법률에 의거 우대합니다. (증빙서류 제출자에 한함) 제출서류에 허위기재 또는 기재 착오, 구비서류 미제출 등으로 인한 불이익은 응시자 본인의 책임으로 합니다. 제출서류나 각종 증명서의 기재내용이 허위일 경우, 응시를 무효처리하며 합격을 취소합니다. 기타 문의사항은 채용관련 문의를 이용해 주시기 바라며, 제출된 서류는 개인정보 보호법에따라 관리됩니다. 목록 직군 연구개발 경력사항 경력 고용형태 정규직 근무지 서울 본사 지원하기 IR 투자 정보 받기 top RemoteCall RemoteView Ai:repoto COLABOX RemoteMeeting RemoteCall RemoteView Ai:repoto COLABOX RemoteMeeting 알서포트(주) 대표 서형수 (05203) 서울특별시 강동구 고덕비즈밸리로2가길 12 (고덕동) 사업자등록번호 114-86-82265 통신판매업 신고번호 제 2024-서울강동-1214호 문의 070-7011-3900 이메일 sales.kr@rsupport.com 팩스 02-479-4429 개인정보 처리방침 내부정보관리규정 COPYRIGHT © 2026 RSUPPORT CO., LTD. ALL RIGHTS RESERVED. 공식 SNS 채널 + Facebook youtube Blog Linkedin 알서포트 투자 실적 정보 받기 별도의 요청없이도 알서포트가 제공하는 투자와 관련된 상세 자료들을 간편하게 받아보실 수 있습니다. 팝업 닫기 투자실적 정보 받기 신청이 완료되었습니다. 입력해주신 메일 주소로 답변 드립니다. 확인 팝업 닫기",,,서울,정규직,,,,active
21,93,알서포트,알서포트는 여러분의 도전을,https://www.rsupport.com/ko-kr/career/recruit/back_end_dev,"콘텐츠 바로가기 메뉴 바로가기 하단정보 바로가기 Rsupport 제품 리모트뷰 리모트뷰BOX 리모트콜 리모트VS 리모트미팅 Airepoto 콜라박스 리모트WOL 투자 투자 요약 기업지배구조 재무정보 실적발표 감사보고서 투자 공고 투자 질의응답 투자 뉴스 뉴스 언론 보도 홍보 영상 블로그 지원 공지사항 자주 묻는 질문 다운로드 Contact Us CI&BI 회사 회사 소개 회사 연혁 수상 및 인증 사회 공헌 기술 소개 파트너 사옥 온라인 제보 채용 채용 요약 팀 문화 스토리 역할과 책임 채용공고 인재풀 모바일 메뉴 kr en jp cn 모바일 메뉴 Home 채용 채용공고 알서포트는 여러분의 도전을 서포트합니다 백엔드 개발자 (3년이상) 지원 마감 디데이 D-10 지원 가능일 2026-03-09 ~ 2026-04-13 직군 연구개발 경력사항 경력 고용형태 정규직 근무지 서울 본사 포지션 백엔드 개발자 업무내용 당사 솔루션 개발 및 유지보수 Java Application 및 서비스 연동 개발 자격요건 및 우대사항 [ 자격요건 ] Spring 프레임워크(Spring Boot) 및 JPA 기반 Web Application 서비스 개발 경험이 있으신 분 MySQL(Maria DB), MS-SQL, ORACLE 등 RDBMS 경험이 있으신 분 원활한 커뮤니케이션 가능 및 배려심이 있으신 분 자기개발을 중시하며 기술에 대한 토론 및 공유에 적극적이신 분 AI Vibe Coding이 가능하신 분 AI를 적극적으로 활용해서 개발하시는 분 [ 우대사항 ] 솔루션 납품 개발 및 구축, 유지보수 경험이 있으신 분 JAVA 이외의 JVM 언어 및 기타 개발 언어에 경험이 있으신 분 MSA, WAF, Agile, TDD, CleanCode, 모듈 및 프레임워크 개발 등에 관심 및 경험이 있으신 분 기타사항 국가보훈해당자 및 장애인은 관련 법률에 의거 우대합니다. (증빙서류 제출자에 한함) 제출서류에 허위기재 또는 기재 착오, 구비서류 미제출 등으로 인한 불이익은 응시자 본인의 책임으로 합니다. 제출서류나 각종 증명서의 기재내용이 허위일 경우, 응시를 무효처리하며 합격을 취소합니다. 기타 문의사항은 채용관련 문의를 이용해 주시기 바라며, 제출된 서류는 개인정보 보호법에따라 관리됩니다. 목록 직군 연구개발 경력사항 경력 고용형태 정규직 근무지 서울 본사 지원하기 IR 투자 정보 받기 top RemoteCall RemoteView Ai:repoto COLABOX RemoteMeeting RemoteCall RemoteView Ai:repoto COLABOX RemoteMeeting 알서포트(주) 대표 서형수 (05203) 서울특별시 강동구 고덕비즈밸리로2가길 12 (고덕동) 사업자등록번호 114-86-82265 통신판매업 신고번호 제 2024-서울강동-1214호 문의 070-7011-3900 이메일 sales.kr@rsupport.com 팩스 02-479-4429 개인정보 처리방침 내부정보관리규정","및 우대사항 [ 자격요건 ] Spring 프레임워크(Spring Boot) 및 JPA 기반 Web Application 서비스 개발 경험이 있으신 분 MySQL(Maria DB), MS-SQL, ORACLE 등 RDBMS 경험이 있으신 분 원활한 커뮤니케이션 가능 및 배려심이 있으신 분 자기개발을 중시하며 기술에 대한 토론 및 공유에 적극적이신 분 AI Vibe Coding이 가능하신 분 AI를 적극적으로 활용해서 개발하시는 분 [ 우대사항 ] 솔루션 납품 개발 및 구축, 유지보수 경험이 있으신 분 JAVA 이외의 JVM 언어 및 기타 개발 언어에 경험이 있으신 분 MSA, WAF, Agile, TDD, CleanCode, 모듈 및 프레임워크 개발 등에 관심 및 경험이 있으신 분 기타사항 국가보훈해당자 및 장애인은 관련 법률에 의거 우대합니다. (증빙서류 제출자에 한함) 제출서류에 허위기재 또는 기재 착오, 구비서류 미제출 등으로 인한 불이익은 응시자 본인의 책임으로 합니다. 제출서류나 각종 증명서의 기재내용이 허위일 경우, 응시를 무효처리하며 합격을 취소합니다. 기타 문의사항은 채용관련 문의를 이용해 주시기 바라며, 제출된 서류는 개인정보 보호법에따라 관리됩니다. 목록 직군 연구개발 경력사항 경력 고용형태 정규직 근무지 서울 본사 지원하기 IR 투자 정보 받기 top RemoteCall RemoteView Ai:repoto COLABOX RemoteMeeting RemoteCall RemoteView Ai:repoto COLABOX RemoteMeeting 알서포트(주) 대표 서형수 (05203) 서울특별시 강동구 고덕비즈밸리로2가길 12 (고덕동) 사업자등록번호 114-86-82265 통신판매업 신고번호 제 2024-서울강동-1214호 문의 070-7011-3900 이메일 sales.kr@rsupport.com 팩스 02-479-4429 개인정보 처리방침 내부정보관리규정 COPYRIGHT © 2026 RSUPPORT CO., LTD. ALL RIGHTS RESERVED. 공식 SNS 채널 + Facebook youtube Blog Linkedin 알서포트 투자 실적 정보 받기 별도의 요청없이도 알서포트가 제공하는 투자와 관련된 상세 자료들을 간편하게 받아보실 수 있습니다. 팝업 닫기 투자실적 정보 받기 신청이 완료되었습니다. 입력해주신 메일 주소로 답변 드립니다. 확인 팝업 닫기","[ 자격요건 ] Spring 프레임워크(Spring Boot) 및 JPA 기반 Web Application 서비스 개발 경험이 있으신 분 MySQL(Maria DB), MS-SQL, ORACLE 등 RDBMS 경험이 있으신 분 원활한 커뮤니케이션 가능 및 배려심이 있으신 분 자기개발을 중시하며 기술에 대한 토론 및 공유에 적극적이신 분 AI Vibe Coding이 가능하신 분 AI를 적극적으로 활용해서 개발하시는 분 [ 우대사항 ] 솔루션 납품 개발 및 구축, 유지보수 경험이 있으신 분 JAVA 이외의 JVM 언어 및 기타 개발 언어에 경험이 있으신 분 MSA, WAF, Agile, TDD, CleanCode, 모듈 및 프레임워크 개발 등에 관심 및 경험이 있으신 분 기타사항 국가보훈해당자 및 장애인은 관련 법률에 의거 우대합니다. (증빙서류 제출자에 한함) 제출서류에 허위기재 또는 기재 착오, 구비서류 미제출 등으로 인한 불이익은 응시자 본인의 책임으로 합니다. 제출서류나 각종 증명서의 기재내용이 허위일 경우, 응시를 무효처리하며 합격을 취소합니다. 기타 문의사항은 채용관련 문의를 이용해 주시기 바라며, 제출된 서류는 개인정보 보호법에따라 관리됩니다. 목록 직군 연구개발 경력사항 경력 고용형태 정규직 근무지 서울 본사 지원하기 IR 투자 정보 받기 top RemoteCall RemoteView Ai:repoto COLABOX RemoteMeeting RemoteCall RemoteView Ai:repoto COLABOX RemoteMeeting 알서포트(주) 대표 서형수 (05203) 서울특별시 강동구 고덕비즈밸리로2가길 12 (고덕동) 사업자등록번호 114-86-82265 통신판매업 신고번호 제 2024-서울강동-1214호 문의 070-7011-3900 이메일 sales.kr@rsupport.com 팩스 02-479-4429 개인정보 처리방침 내부정보관리규정 COPYRIGHT © 2026 RSUPPORT CO., LTD. ALL RIGHTS RESERVED. 공식 SNS 채널 + Facebook youtube Blog Linkedin 알서포트 투자 실적 정보 받기 별도의 요청없이도 알서포트가 제공하는 투자와 관련된 상세 자료들을 간편하게 받아보실 수 있습니다. 팝업 닫기 투자실적 정보 받기 신청이 완료되었습니다. 입력해주신 메일 주소로 답변 드립니다. 확인 팝업 닫기",,,서울,정규직,,2026-03-09,2026-02-07,active
22,93,알서포트,알서포트는 여러분의 도전을,https://www.rsupport.com/ko-kr/career/recruit/csleader,"콘텐츠 바로가기 메뉴 바로가기 하단정보 바로가기 Rsupport 제품 리모트뷰 리모트뷰BOX 리모트콜 리모트VS 리모트미팅 Airepoto 콜라박스 리모트WOL 투자 투자 요약 기업지배구조 재무정보 실적발표 감사보고서 투자 공고 투자 질의응답 투자 뉴스 뉴스 언론 보도 홍보 영상 블로그 지원 공지사항 자주 묻는 질문 다운로드 Contact Us CI&BI 회사 회사 소개 회사 연혁 수상 및 인증 사회 공헌 기술 소개 파트너 사옥 온라인 제보 채용 채용 요약 팀 문화 스토리 역할과 책임 채용공고 인재풀 모바일 메뉴 kr en jp cn 모바일 메뉴 Home 채용 채용공고 알서포트는 여러분의 도전을 서포트합니다 SaaS 갱신영업팀 팀장 (5년 이상) 지원 마감 디데이 D-10 지원 가능일 2026-03-09 ~ 2026-04-13 직군 영업 경력사항 경력 고용형태 정규직 근무지 서울 본사 포지션 SaaS 갱신 영업 담당자_팀장 업무내용 고객 이탈을 방지하기 위한 사전 대응 및 이탈 위험 고객에 대한 맞춤형 대응을 통한 매출 창출 고객의 비즈니스 요구를 이해하고 적합한 추가 서비스 및 제품을 제안하여 매출 증대 고객의 요구사항을 지속적으로 모니터링하고, 서비스 사용 경험을 최적화할 수 있도록 지원 고객의 사용 패턴 및 피드백을 분석해 서비스 개선 및 향후 영업전략 수립 고객의 피드백을 수집하고 내부 제품 팀과 협업하여 서비스 개선사항 도출 자격요건 및 우대사항 [ 자격요건 ] 관계자 간 원활한 커뮤니케이션 능력을 보유하신 분 고객 중심의 문제 해결 능력을 보유하신 분 프레젠테이션 및 보고 문서 작성 능력을 보유하신 분 바람직한 인성과 성실하고 적극적인 성격을 보유하신 분 [ 우대사항 ] SaaS 비즈니스 모델에 대한 이해 및 영업 경험을 보유하신 분(경력) IT 또는 관련 분야에 대한 이해도를 보유하신 분 PC 기본 활용능력이 우수하신 분 기타사항 국가보훈해당자 및 장애인은 관련 법률에 의거 우대합니다. (증빙서류 제출자에 한함) 제출서류에 허위기재 또는 기재 착오, 구비서류 미제출 등으로 인한 불이익은 응시자 본인의 책임으로 합니다. 제출서류나 각종 증명서의 기재내용이 허위일 경우, 응시를 무효처리하며 합격을 취소합니다. 기타 문의사항은 채용관련 문의를 이용해 주시기 바라며, 제출된 서류는 개인정보 보호법에따라 관리됩니다. 목록 직군 영업 경력사항 경력 고용형태 정규직 근무지 서울 본사 지원하기 IR 투자 정보 받기 top RemoteCall RemoteView Ai:repoto COLABOX RemoteMeeting RemoteCall RemoteView Ai:repoto COLABOX RemoteMeeting 알서포트(주) 대표 서형수 (05203) 서울특별시 강동구 고덕비즈밸리로2가길 12 (고덕동) 사업자등록번호 114-86-82265 통신판매업 신고번호 제 2024-서울강동-1214호 문의 070-7011-3900 이메일 sales.kr@rsupport.com 팩스 02-479-4429 개인정보 처리방침 내부정보관리규정","및 우대사항 [ 자격요건 ] 관계자 간 원활한 커뮤니케이션 능력을 보유하신 분 고객 중심의 문제 해결 능력을 보유하신 분 프레젠테이션 및 보고 문서 작성 능력을 보유하신 분 바람직한 인성과 성실하고 적극적인 성격을 보유하신 분 [ 우대사항 ] SaaS 비즈니스 모델에 대한 이해 및 영업 경험을 보유하신 분(경력) IT 또는 관련 분야에 대한 이해도를 보유하신 분 PC 기본 활용능력이 우수하신 분 기타사항 국가보훈해당자 및 장애인은 관련 법률에 의거 우대합니다. (증빙서류 제출자에 한함) 제출서류에 허위기재 또는 기재 착오, 구비서류 미제출 등으로 인한 불이익은 응시자 본인의 책임으로 합니다. 제출서류나 각종 증명서의 기재내용이 허위일 경우, 응시를 무효처리하며 합격을 취소합니다. 기타 문의사항은 채용관련 문의를 이용해 주시기 바라며, 제출된 서류는 개인정보 보호법에따라 관리됩니다. 목록 직군 영업 경력사항 경력 고용형태 정규직 근무지 서울 본사 지원하기 IR 투자 정보 받기 top RemoteCall RemoteView Ai:repoto COLABOX RemoteMeeting RemoteCall RemoteView Ai:repoto COLABOX RemoteMeeting 알서포트(주) 대표 서형수 (05203) 서울특별시 강동구 고덕비즈밸리로2가길 12 (고덕동) 사업자등록번호 114-86-82265 통신판매업 신고번호 제 2024-서울강동-1214호 문의 070-7011-3900 이메일 sales.kr@rsupport.com 팩스 02-479-4429 개인정보 처리방침 내부정보관리규정 COPYRIGHT © 2026 RSUPPORT CO., LTD. ALL RIGHTS RESERVED. 공식 SNS 채널 + Facebook youtube Blog Linkedin 알서포트 투자 실적 정보 받기 별도의 요청없이도 알서포트가 제공하는 투자와 관련된 상세 자료들을 간편하게 받아보실 수 있습니다. 팝업 닫기 투자실적 정보 받기 신청이 완료되었습니다. 입력해주신 메일 주소로 답변 드립니다. 확인 팝업 닫기","[ 자격요건 ] 관계자 간 원활한 커뮤니케이션 능력을 보유하신 분 고객 중심의 문제 해결 능력을 보유하신 분 프레젠테이션 및 보고 문서 작성 능력을 보유하신 분 바람직한 인성과 성실하고 적극적인 성격을 보유하신 분 [ 우대사항 ] SaaS 비즈니스 모델에 대한 이해 및 영업 경험을 보유하신 분(경력) IT 또는 관련 분야에 대한 이해도를 보유하신 분 PC 기본 활용능력이 우수하신 분 기타사항 국가보훈해당자 및 장애인은 관련 법률에 의거 우대합니다. (증빙서류 제출자에 한함) 제출서류에 허위기재 또는 기재 착오, 구비서류 미제출 등으로 인한 불이익은 응시자 본인의 책임으로 합니다. 제출서류나 각종 증명서의 기재내용이 허위일 경우, 응시를 무효처리하며 합격을 취소합니다. 기타 문의사항은 채용관련 문의를 이용해 주시기 바라며, 제출된 서류는 개인정보 보호법에따라 관리됩니다. 목록 직군 영업 경력사항 경력 고용형태 정규직 근무지 서울 본사 지원하기 IR 투자 정보 받기 top RemoteCall RemoteView Ai:repoto COLABOX RemoteMeeting RemoteCall RemoteView Ai:repoto COLABOX RemoteMeeting 알서포트(주) 대표 서형수 (05203) 서울특별시 강동구 고덕비즈밸리로2가길 12 (고덕동) 사업자등록번호 114-86-82265 통신판매업 신고번호 제 2024-서울강동-1214호 문의 070-7011-3900 이메일 sales.kr@rsupport.com 팩스 02-479-4429 개인정보 처리방침 내부정보관리규정 COPYRIGHT © 2026 RSUPPORT CO., LTD. ALL RIGHTS RESERVED. 공식 SNS 채널 + Facebook youtube Blog Linkedin 알서포트 투자 실적 정보 받기 별도의 요청없이도 알서포트가 제공하는 투자와 관련된 상세 자료들을 간편하게 받아보실 수 있습니다. 팝업 닫기 투자실적 정보 받기 신청이 완료되었습니다. 입력해주신 메일 주소로 답변 드립니다. 확인 팝업 닫기",,,서울,정규직,,2026-03-09,2026-02-07,active
23,93,알서포트,알서포트는 여러분의 도전을,https://www.rsupport.com/ko-kr/career/recruit/saascs,"콘텐츠 바로가기 메뉴 바로가기 하단정보 바로가기 Rsupport 제품 리모트뷰 리모트뷰BOX 리모트콜 리모트VS 리모트미팅 Airepoto 콜라박스 리모트WOL 투자 투자 요약 기업지배구조 재무정보 실적발표 감사보고서 투자 공고 투자 질의응답 투자 뉴스 뉴스 언론 보도 홍보 영상 블로그 지원 공지사항 자주 묻는 질문 다운로드 Contact Us CI&BI 회사 회사 소개 회사 연혁 수상 및 인증 사회 공헌 기술 소개 파트너 사옥 온라인 제보 채용 채용 요약 팀 문화 스토리 역할과 책임 채용공고 인재풀 모바일 메뉴 kr en jp cn 모바일 메뉴 Home 채용 채용공고 알서포트는 여러분의 도전을 서포트합니다 SaaS 갱신영업 팀원 (신입~경력 5년 이하) 지원 마감 디데이 D-10 지원 가능일 2026-03-09 ~ 2026-04-13 직군 영업 경력사항 무관 고용형태 정규직 근무지 서울 본사 포지션 SaaS 갱신 영업 담당자_팀원 업무내용 고객 이탈을 방지하기 위한 사전 대응 및 이탈 위험 고객에 대한 맞춤형 대응을 통한 매출 창출 고객의 비즈니스 요구를 이해하고 적합한 추가 서비스 및 제품을 제안하여 매출 증대 고객의 요구사항을 지속적으로 모니터링하고, 서비스 사용 경험을 최적화할 수 있도록 지원 고객의 사용 패턴 및 피드백을 분석해 서비스 개선 및 향후 영업전략 수립 고객의 피드백을 수집하고 내부 제품 팀과 협업하여 서비스 개선사항 도출 자격요건 및 우대사항 [ 자격요건 ] 관계자 간 원활한 커뮤니케이션 능력을 보유하신 분 고객 중심의 문제 해결 능력을 보유하신 분 프레젠테이션 및 보고 문서 작성 능력을 보유하신 분 바람직한 인성과 성실하고 적극적인 성격을 보유하신 분 [ 우대사항 ] SaaS 비즈니스 모델에 대한 이해 및 영업 경험을 보유하신 분(경력) IT 또는 관련 분야에 대한 이해도를 보유하신 분 PC 기본 활용능력이 우수하신 분 기타사항 국가보훈해당자 및 장애인은 관련 법률에 의거 우대합니다. (증빙서류 제출자에 한함) 제출서류에 허위기재 또는 기재 착오, 구비서류 미제출 등으로 인한 불이익은 응시자 본인의 책임으로 합니다. 제출서류나 각종 증명서의 기재내용이 허위일 경우, 응시를 무효처리하며 합격을 취소합니다. 기타 문의사항은 채용관련 문의를 이용해 주시기 바라며, 제출된 서류는 개인정보 보호법에따라 관리됩니다. 목록 직군 영업 경력사항 무관 고용형태 정규직 근무지 서울 본사 지원하기 IR 투자 정보 받기 top RemoteCall RemoteView Ai:repoto COLABOX RemoteMeeting RemoteCall RemoteView Ai:repoto COLABOX RemoteMeeting 알서포트(주) 대표 서형수 (05203) 서울특별시 강동구 고덕비즈밸리로2가길 12 (고덕동) 사업자등록번호 114-86-82265 통신판매업 신고번호 제 2024-서울강동-1214호 문의 070-7011-3900 이메일 sales.kr@rsupport.com 팩스 02-479-4429 개인정보 처리방침 내부정보관리규정","및 우대사항 [ 자격요건 ] 관계자 간 원활한 커뮤니케이션 능력을 보유하신 분 고객 중심의 문제 해결 능력을 보유하신 분 프레젠테이션 및 보고 문서 작성 능력을 보유하신 분 바람직한 인성과 성실하고 적극적인 성격을 보유하신 분 [ 우대사항 ] SaaS 비즈니스 모델에 대한 이해 및 영업 경험을 보유하신 분(경력) IT 또는 관련 분야에 대한 이해도를 보유하신 분 PC 기본 활용능력이 우수하신 분 기타사항 국가보훈해당자 및 장애인은 관련 법률에 의거 우대합니다. (증빙서류 제출자에 한함) 제출서류에 허위기재 또는 기재 착오, 구비서류 미제출 등으로 인한 불이익은 응시자 본인의 책임으로 합니다. 제출서류나 각종 증명서의 기재내용이 허위일 경우, 응시를 무효처리하며 합격을 취소합니다. 기타 문의사항은 채용관련 문의를 이용해 주시기 바라며, 제출된 서류는 개인정보 보호법에따라 관리됩니다. 목록 직군 영업 경력사항 무관 고용형태 정규직 근무지 서울 본사 지원하기 IR 투자 정보 받기 top RemoteCall RemoteView Ai:repoto COLABOX RemoteMeeting RemoteCall RemoteView Ai:repoto COLABOX RemoteMeeting 알서포트(주) 대표 서형수 (05203) 서울특별시 강동구 고덕비즈밸리로2가길 12 (고덕동) 사업자등록번호 114-86-82265 통신판매업 신고번호 제 2024-서울강동-1214호 문의 070-7011-3900 이메일 sales.kr@rsupport.com 팩스 02-479-4429 개인정보 처리방침 내부정보관리규정 COPYRIGHT © 2026 RSUPPORT CO., LTD. ALL RIGHTS RESERVED. 공식 SNS 채널 + Facebook youtube Blog Linkedin 알서포트 투자 실적 정보 받기 별도의 요청없이도 알서포트가 제공하는 투자와 관련된 상세 자료들을 간편하게 받아보실 수 있습니다. 팝업 닫기 투자실적 정보 받기 신청이 완료되었습니다. 입력해주신 메일 주소로 답변 드립니다. 확인 팝업 닫기","[ 자격요건 ] 관계자 간 원활한 커뮤니케이션 능력을 보유하신 분 고객 중심의 문제 해결 능력을 보유하신 분 프레젠테이션 및 보고 문서 작성 능력을 보유하신 분 바람직한 인성과 성실하고 적극적인 성격을 보유하신 분 [ 우대사항 ] SaaS 비즈니스 모델에 대한 이해 및 영업 경험을 보유하신 분(경력) IT 또는 관련 분야에 대한 이해도를 보유하신 분 PC 기본 활용능력이 우수하신 분 기타사항 국가보훈해당자 및 장애인은 관련 법률에 의거 우대합니다. (증빙서류 제출자에 한함) 제출서류에 허위기재 또는 기재 착오, 구비서류 미제출 등으로 인한 불이익은 응시자 본인의 책임으로 합니다. 제출서류나 각종 증명서의 기재내용이 허위일 경우, 응시를 무효처리하며 합격을 취소합니다. 기타 문의사항은 채용관련 문의를 이용해 주시기 바라며, 제출된 서류는 개인정보 보호법에따라 관리됩니다. 목록 직군 영업 경력사항 무관 고용형태 정규직 근무지 서울 본사 지원하기 IR 투자 정보 받기 top RemoteCall RemoteView Ai:repoto COLABOX RemoteMeeting RemoteCall RemoteView Ai:repoto COLABOX RemoteMeeting 알서포트(주) 대표 서형수 (05203) 서울특별시 강동구 고덕비즈밸리로2가길 12 (고덕동) 사업자등록번호 114-86-82265 통신판매업 신고번호 제 2024-서울강동-1214호 문의 070-7011-3900 이메일 sales.kr@rsupport.com 팩스 02-479-4429 개인정보 처리방침 내부정보관리규정 COPYRIGHT © 2026 RSUPPORT CO., LTD. ALL RIGHTS RESERVED. 공식 SNS 채널 + Facebook youtube Blog Linkedin 알서포트 투자 실적 정보 받기 별도의 요청없이도 알서포트가 제공하는 투자와 관련된 상세 자료들을 간편하게 받아보실 수 있습니다. 팝업 닫기 투자실적 정보 받기 신청이 완료되었습니다. 입력해주신 메일 주소로 답변 드립니다. 확인 팝업 닫기",,,서울,정규직,,2026-03-09,2026-02-07,active
24,93,알서포트,알서포트는 여러분의 도전을,https://www.rsupport.com/ko-kr/career/recruit/uxd,"콘텐츠 바로가기 메뉴 바로가기 하단정보 바로가기 Rsupport 제품 리모트뷰 리모트뷰BOX 리모트콜 리모트VS 리모트미팅 AI레포토 콜라박스 리모트WOL 투자 투자 요약 기업지배구조 재무정보 실적발표 감사보고서 투자 공고 투자 질의응답 투자 뉴스 뉴스 언론 보도 홍보 영상 블로그 지원 공지사항 자주 묻는 질문 다운로드 Contact Us CI&BI 회사 회사 소개 회사 연혁 수상 및 인증 사회 공헌 기술 소개 파트너 사옥 온라인 제보 채용 채용 요약 팀 문화 스토리 역할과 책임 복리후생 채용공고 인재풀 모바일 메뉴 kr en jp cn 모바일 메뉴 Home 채용 채용공고 알서포트는 여러분의 도전을 서포트합니다 UX 디자이너 (10년 이상) 지원 마감 디데이 D-20 지원 가능일 2026-03-09 ~ 2026-04-13 직군 마케팅 경력사항 경력 고용형태 정규직 근무지 서울 본사 포지션 UX 디자이너 업무내용 회사 주요 웹 기반 서비스의 (홈페이지, 뉴스레터, 온드채널 등) UI/UX 전략 수립 및 디자인 전반 진행 브랜드 아이덴티티에 기반한 O2O 디자인 시스템 수립 및 관리 (가이드라인 제작, KV 개발, UI 컴포넌트 고도화) 사용자 여정 등의 데이터 기반 플랫폼별 (웹/모바일) 디자인 개선 및 best practice 도출 비주얼 asset의 AI 프롬프트 템플릿 마련 및 AI 자동화로 업무 효율성 강화 자격요건 및 우대사항 [ 자격요건 ] 웹 기반의 UI/UX 디자인 경력 10년 이상 디자인 시스템 구축 및 웹/모바일 기반 UI/UX 설계 경험 보유 브랜딩 또는 마케팅 캠페인 관련 디자인 경험 + 프린트물 디자인 제작 경험 보유 Figma, Adobe CC 등 디자인 툴 숙련자 및 AI 활용 역량 필수 디자인 포트폴리오 및 AI 활용 능력 보유자 (실무면접시 실기 테스트 진행) [ 우대사항 ] 회사의 목표에 디자인 업무 싱크를 맞춰보신 분 B2B 또는 IT 솔루션 업계에서의 UI/UX 디자인 경험을 보유하신 분 데이터 기반 UX 리서치 혹은 A/B 테스트 설계 경험을 보유하신 분 AI를 활용하여 실제 모델을 만들어보신 분 글로벌 (다국어) 디자인 경험을 보유하신 분 기타사항 국가보훈해당자 및 장애인은 관련 법률에 의거 우대합니다. (증빙서류 제출자에 한함) 제출서류에 허위기재 또는 기재 착오, 구비서류 미제출 등으로 인한 불이익은 응시자 본인의 책임으로 합니다. 제출서류나 각종 증명서의 기재내용이 허위일 경우, 응시를 무효처리하며 합격을 취소합니다. 기타 문의사항은 채용관련 문의를 이용해 주시기 바라며, 제출된 서류는 개인정보 보호법에따라 관리됩니다. 목록 직군 마케팅 경력사항 경력 고용형태 정규직 근무지 서울 본사 지원하기 IR 투자 정보 받기 top RemoteCall RemoteView Ai:repoto COLABOX RemoteMeeting RemoteCall RemoteView Ai:repoto COLABOX RemoteMeeting 알서포트(주) 대표 서형수 (05203) 서울특별시 강동구 고덕비즈밸리로2가길 12 (고덕동) 사업자등록번호 114-86-82265 통신판매업 신고번호 제 2024-서울강동-1214호 문의 070-7011-3900 이메일 sales.kr@rsupport.com 팩스 02-479-4429 개인정보 처리방침 내부정보관리규정","및 우대사항 [ 자격요건 ] 웹 기반의 UI/UX 디자인 경력 10년 이상 디자인 시스템 구축 및 웹/모바일 기반 UI/UX 설계 경험 보유 브랜딩 또는 마케팅 캠페인 관련 디자인 경험 + 프린트물 디자인 제작 경험 보유 Figma, Adobe CC 등 디자인 툴 숙련자 및 AI 활용 역량 필수 디자인 포트폴리오 및 AI 활용 능력 보유자 (실무면접시 실기 테스트 진행) [ 우대사항 ] 회사의 목표에 디자인 업무 싱크를 맞춰보신 분 B2B 또는 IT 솔루션 업계에서의 UI/UX 디자인 경험을 보유하신 분 데이터 기반 UX 리서치 혹은 A/B 테스트 설계 경험을 보유하신 분 AI를 활용하여 실제 모델을 만들어보신 분 글로벌 (다국어) 디자인 경험을 보유하신 분 기타사항 국가보훈해당자 및 장애인은 관련 법률에 의거 우대합니다. (증빙서류 제출자에 한함) 제출서류에 허위기재 또는 기재 착오, 구비서류 미제출 등으로 인한 불이익은 응시자 본인의 책임으로 합니다. 제출서류나 각종 증명서의 기재내용이 허위일 경우, 응시를 무효처리하며 합격을 취소합니다. 기타 문의사항은 채용관련 문의를 이용해 주시기 바라며, 제출된 서류는 개인정보 보호법에따라 관리됩니다. 목록 직군 마케팅 경력사항 경력 고용형태 정규직 근무지 서울 본사 지원하기 IR 투자 정보 받기 top RemoteCall RemoteView Ai:repoto COLABOX RemoteMeeting RemoteCall RemoteView Ai:repoto COLABOX RemoteMeeting 알서포트(주) 대표 서형수 (05203) 서울특별시 강동구 고덕비즈밸리로2가길 12 (고덕동) 사업자등록번호 114-86-82265 통신판매업 신고번호 제 2024-서울강동-1214호 문의 070-7011-3900 이메일 sales.kr@rsupport.com 팩스 02-479-4429 개인정보 처리방침 내부정보관리규정 COPYRIGHT © 2026 RSUPPORT CO., LTD. ALL RIGHTS RESERVED. 공식 SNS 채널 + Facebook youtube Blog Linkedin 알서포트 투자 실적 정보 받기 별도의 요청없이도 알서포트가 제공하는 투자와 관련된 상세 자료들을 간편하게 받아보실 수 있습니다. 팝업 닫기 투자실적 정보 받기 신청이 완료되었습니다. 입력해주신 메일 주소로 답변 드립니다. 확인 팝업 닫기","[ 자격요건 ] 웹 기반의 UI/UX 디자인 경력 10년 이상 디자인 시스템 구축 및 웹/모바일 기반 UI/UX 설계 경험 보유 브랜딩 또는 마케팅 캠페인 관련 디자인 경험 + 프린트물 디자인 제작 경험 보유 Figma, Adobe CC 등 디자인 툴 숙련자 및 AI 활용 역량 필수 디자인 포트폴리오 및 AI 활용 능력 보유자 (실무면접시 실기 테스트 진행) [ 우대사항 ] 회사의 목표에 디자인 업무 싱크를 맞춰보신 분 B2B 또는 IT 솔루션 업계에서의 UI/UX 디자인 경험을 보유하신 분 데이터 기반 UX 리서치 혹은 A/B 테스트 설계 경험을 보유하신 분 AI를 활용하여 실제 모델을 만들어보신 분 글로벌 (다국어) 디자인 경험을 보유하신 분 기타사항 국가보훈해당자 및 장애인은 관련 법률에 의거 우대합니다. (증빙서류 제출자에 한함) 제출서류에 허위기재 또는 기재 착오, 구비서류 미제출 등으로 인한 불이익은 응시자 본인의 책임으로 합니다. 제출서류나 각종 증명서의 기재내용이 허위일 경우, 응시를 무효처리하며 합격을 취소합니다. 기타 문의사항은 채용관련 문의를 이용해 주시기 바라며, 제출된 서류는 개인정보 보호법에따라 관리됩니다. 목록 직군 마케팅 경력사항 경력 고용형태 정규직 근무지 서울 본사 지원하기 IR 투자 정보 받기 top RemoteCall RemoteView Ai:repoto COLABOX RemoteMeeting RemoteCall RemoteView Ai:repoto COLABOX RemoteMeeting 알서포트(주) 대표 서형수 (05203) 서울특별시 강동구 고덕비즈밸리로2가길 12 (고덕동) 사업자등록번호 114-86-82265 통신판매업 신고번호 제 2024-서울강동-1214호 문의 070-7011-3900 이메일 sales.kr@rsupport.com 팩스 02-479-4429 개인정보 처리방침 내부정보관리규정 COPYRIGHT © 2026 RSUPPORT CO., LTD. ALL RIGHTS RESERVED. 공식 SNS 채널 + Facebook youtube Blog Linkedin 알서포트 투자 실적 정보 받기 별도의 요청없이도 알서포트가 제공하는 투자와 관련된 상세 자료들을 간편하게 받아보실 수 있습니다. 팝업 닫기 투자실적 정보 받기 신청이 완료되었습니다. 입력해주신 메일 주소로 답변 드립니다. 확인 팝업 닫기",,,서울,정규직,,,,active
25,93,알서포트,인재풀 등록,https://www.rsupport.com/ko-kr/career/talent,"Home 채용 인재풀 인재풀 등록 원하는 채용공고가 없으신가요? 희망하는 포지션으로 인재풀에 등록해주시면, 관련 채용 진행시 우선적으로 검토됩니다. 기본정보 성명 필수 이메일 필수 연락처 필수 제출서류 이력서&경력기술서 * 필수 파일첨부 파일 선택 포트폴리오 필수 파일첨부 파일 선택 기타첨부파일 필수 파일첨부 파일 선택 추가링크 추가적인 업무 성과를 보여줄 수 있는 링크가 있다면 입력해 주세요. 링크 경로 추가 [필수] 본인은 만 14세 이상이며, 개인정보 수집 및 이용 에 동의합니다. * [개인정보 수집 및 이용 안내문] * 수집하는 항목 : (필수)성명, 이메일, 연락처, (선택)지원자가 업로드한 제출서류에 포함된 개인정보(첨부파일 내 민감정보와 고유식별정보가 포함될 경우 수집될 수 있음) * 수집 및 이용목적 : 채용가능 자원의 관리 목적(회사의 인력풀에 저장되어 채용이 필요한 경우 이용됩니다.) * 보유 및 이용기간 : 1년 ※ 개인정보 수집 및 이용에 대한 동의를 거부할 권리가 있습니다. 그러나 동의를 거부할 경우, 인재풀 등록을 하실 수 없습니다. ※ 자세한 내용은",,,,,,,,,,active
26,93,알서포트,최고의 성과를 위해,https://www.rsupport.com/ko-kr/career/roles,"Home 채용 역할과 책임 최고의 성과를 위해 역할과 책임을 다합니다. 경영지원본부 국내영업본부 기술지원본부 마케팅본부 연구개발본부 품질경영본부 SaaS영업본부 대표이사직속 경영지원본부 기업의 핵심 사업 활동을 뒷받침하는 전사적 지원 업무를 총괄 합니다. 경영지원본부의 핵심 은 각 사업부문이 본연의 업무에 집중할 수 있도록 안정적이고 효율적인 경영 환경을 제공하며, 기업의 지속가능한 성장과 경쟁력 강화를 위한 종합적 지원 체계를 구축·운영하는 것입니다. 기업의 백오피스 기능을 통합 관리하여 전사적 시너지를 창출하고, 경영 효율성을 극대화하는 역할을 담당합니다. 주요 업무 · 전략적 의사결정 지원 경영진의 의사결정에 필요한 정보 분석 및 제공, 경영 전략 수립 지원 · 경영 인프라 구축 조직 운영에 필요한 제도, 시스템, 프로세스 구축 및 관리 · 리스크 관리 법적, 재무적, 운영적 리스크 식별 및 대응 체계 구축 · 자원 관리 인적·물적·금융 자원의 효율적 배분 및 관리 · 컴플라이언스 각종 법규 준수 및 내부통제 시스템 운영 · 조직 문화 건전한 조직 문화 조성 및 임직원 만족도 향상 조직 구성 경영관리 경영진의 의사결정을 지원하기 위해 재무적·비재무적 정보를 수집·분석하여 인사이트를 제공하고, 내부통제를 통해 재무제표의 정확성과 신뢰성을 확보하여 준법경영과 투명한 재무보고를 실현합니다. 경영관리 · 내부회계관리제도의 설계, 운영, 평가, 보고 절차의 수행 · 상근감사 또는 감사위원회의 워활한 운영과 역할 수행을 위해 실무적으로 지원 및 보고 · 내부감사의 이벤트 발생 시, 내부감사 수행 자금 회사 자금의 입출금관리, 자금의 운영, 조달 등 자금과 관련된 일체의 업무를 관장, 관리, 기록함으로써, 회사 금융자산의 보호 및 증대에 이바지하는 것을 목적으로 합니다. 자금 · 은행계좌의 개설, 관리, 폐쇄 · 입금, 출금의 확인, 관리, 기록 · 기간별 자금계획의 수립과 예실의 비교, 분석 · 기간별 자금의 운용, 조달 · 외화의 수급 모니터링과 헷지 · 법인카드의 운영 및 관리 법무 회사를 법적 리스크로부터 보호하고, 경영진의 의사결정에 법률 자문을 제공하여 안전한 사업 운영을 지원합니다. 컴플라이언스 확보를 통해 건전한 기업 경영을 뒷받침하고, 법적 분쟁을 예방하며 회사의 이익을 보호하는 역할을 담당합니다. 법무 · 계약서 검토 및 작성 · 법률 자문 제공, 소송 및 분쟁 관리 · 대내외 발생 이슈 및 리스크 대응 · 컴플라이언스 점검 · 법적 리스크 관리 및 규제 대응 · 지적재산권 보호 및 임직원 법률 교육 · 대외협력 및 인장 관리 총무 회사의 경영자원의 전반적인 부분을 관리합니다. 임직원 복지, 조직문화 활성, 구매 및 자산관리, 사옥 운영 및 시설관리, IT 인프라 유지보수를 담당하며 지역사회 공헌활동 등을 통해 조직 운영을 지원합니다. 총무 · 임직원복지/조직문화 활성 · 지식재산권, 전산용품, SW License, 렌탈 관리 · 사옥관리 : 식당, 외주용역업체, 건물, 인허가 관리 · 사무환경관리, 차량관리, 외부자산관리 · 지역사회 공헌, 공유오피스 운영 인사 회사의 인사제도 및 인적자원과 관련된 전반적 업무를 담당하며, 주요 업무로는 평가 및 보상, 인사정책 수립, 우수인재 유치, 교육, 조직 내 소통 활성화를 담당하고 있습니다. 인사 · 인력 채용 및 관리 · 평가제도의 수립 및 운영 · 평가와 연동된 보상제도 수립 및 운영 · 직무, 리더십 역량 향상을 위한 교육 수립 및 운영 · 조직 문화 구축 · 조직 내 소통 활성화 회계 경영진이 올바른 의사결정을 내릴 수 있도록정확하고 신뢰할 수 있는 회계정보를 제공합니다. 장부 관리, 세무신고, 예산관리, 매출/매입 관리 등 기업의 재무 전반을 담당합니다. 회계 · 일일 회계기록 및 거래내역 확인 · 재무제표(재무상태표, 현금흐름표 등) 작성 · 외부감사, 세무조사 대응 · 회계시스템 구축 및 운영 · 부가가치세, 법인세 등 세금신고업무 정보보안 회사의 정보자산을 보호하기 위해 법률적·관리적·기술적 측면에서 보안 전략을 수립하고, 정보보호 정책 관리, 취약점 진단 및 대응, 보안시스템 설계·구성, 네트워크 보안 관리, 정책 감사 등을 통해 종합적인 정보보호 체계를 운영합니다. 정보보안 · 정보보호 및 개인정보보호 정책 관리 및 개선 · 보안 취약점 진단 수행과 대응 · 정보보호의 기술적.물리적.관리적 보호조치 · 정보보안 연계한 네트워크 및 정보보호 시스템 설계 구성 · 보안시스템 및 정책 관리.감사 국내영업총괄본부 영업본부는 기업의 매출 창출과 시장 확대를 담당하는 핵심 조직으로, 고객과의 접점에서 비즈니스 성과를 직접 창출하는 역할 을 수행합니다. 국내영업총괄본부의 핵심 은 고객 중심의 가치 창출을 통해 지속적이고 안정적인 매출 성장을 실현하며, 시장에서의 경쟁우위를 확보하고 브랜드 가치를 제고하는 것입니다. 기업과 고객을 연결하는 가교 역할을 통해 상호 윈-윈할 수 있는 비즈니스 생태계를 구축하고, 장기적 관점에서 기업의 성장 동력을 창출하는 핵심 엔진 역할을 담당합니다. 주요 업무 · 매출 목표 달성 전사 매출 목표 수립 및 달성을 위한 영업 전략 실행과 성과 관리 · 시장 확장 신규 고객 발굴, 기존 고객 관계 강화, 새로운 시장 진출을 통한 사업 영역 확대 · 고객 관계 관리 고객 생애주기 전반에 걸친 맞춤형 서비스 제공 및 장기적 파트너십 구축 · 영업 프로세스 최적화 효율적인 영업 활동을 위한 체계적 프로세스 구축 및 지속적 개선 · 시장 정보 수집 고객 니즈 파악, 경쟁사 동향 분석, 시장 트렌드 모니터링을 통한 사업 인사이트 제공 · 솔루션 제안 고객의 문제 해결을 위한 최적의 제품·서비스 조합 및 맞춤형 솔루션 개발 조직 구성 공공영업 공공기관을 대상으로 회사의 주요 솔루션을 제안하고 공급합니다. 요구 분석부터 제안, 수주, 납품까지 전 과정을 책임지고 수행하며, 관련 예산과 인력도 함께 관리합니다. 공공영업 · 프로젝트 제안, 비용 산정 및 계약 조건 협상 · 계약서 작성, 수금 처리 · 제품 사용 방법 및 문제 해결 지원 · 솔루션 공급 완료 후 시스템 검수 및 유지보수 이행 · 공공기관 행사, 세미나 참가 및 홍보 관리 기업영업 기업 고객을 대상으로 제품 및 솔루션을 제안하고, 수요 발굴부터 계약, 공급, 사후관리까지 전 과정을 수행합니다. 또한, 시장 동향과 경쟁사 정보를 분석해 영업 전략을 수립하고 매출 목표를 달성합니다. 기업영업 · 신규 영업대상 발굴 및 관계 형성 · 고객 대상 제품 및 솔루션 제안 · 수요 발굴, 계약 체결, 납품 관리 등 영업 전 과정 수행 · 시장 동향 및 경쟁사 분석을 통한 영업 전략 수립 · 매출 목표 설정 및 실적 관리 · 고객 피드백 기반 개선사항 도출 및 전달 세일즈마케팅 매출 향상을 위한 프로모션, 이메일 마케팅, 광고를 기획·운영하고, 세일즈킷 제작과 전시회 운영을 통해 제품 홍보를 지원합니다. 외부 업체 협업이나 행사 기획·디자인·운영도 함께 담당합니다. 세일즈마케팅 · 제품 프로모션 계획, 실행, 관리 · 이메일 마케팅 계획, 실행, 관리 · 영업용 제품 세일즈킷 제작 · 전시회 기획, 준비, 운영 관리 · 외부 업체 관리 및 업무협업 글로벌기술지원본부 글로벌기술지원본부는 기업의 기술적 역량을 바탕으로 고객과 내부 조직에 전문적인 기술 서비스를 제공 하며, 제품·서비스의 기술적 완성도를 높이는 핵심 조직입니다. 글로벌기술지원본부의 핵심 은 우수한 기술력을 기반으로 고객 만족도를 극대화하고, 지속적인 기술 혁신을 통해 시장에서의 기술적 리더십을 확보하며, 기업의 기술 경쟁력을 강화하는 것입니다. 고객과의 기술적 신뢰 관계를 구축하고, 내부 조직의 기술 역량을 향상시켜 전사적 기술 생태계를 조성함으로써 기업의 지속가능한 기술 발전을 이끄는 핵심 동력 역할을 담당합니다. 주요 업무 · 고객 기술 지원 제품·서비스 도입, 운영, 장애 해결 등 고객의 기술 요구사항에 대한 전문적 지원 · 기술 컨설팅 고객의 기술 환경 분석 및 최적화 방안 제시, 기술 도입 전략 수립 지원 · 제품 기술 개발 기존 제품·서비스의 기술적 개선 및 신기술 적용을 통한 경쟁력 강화 · 기술 교육 및 전수 고객 및 내부 직원 대상 기술 교육, 매뉴얼 작성, 기술 지식 전파 · 품질 관리 제품·서비스의 기술적 품질 보증, 성능 최적화, 안정성 확보 · 기술 혁신 신기술 연구 개발, 기술 트렌드 분석, 차세대 기술 솔루션 기획 및 구현 조직 구성 기술지원 회사 제품의 전문 기술지원 체제를 갖추고 납품, 고객 요청에 따라 장애 처리, 시스템 개선 및 정기 점검 등을 수행하고 관리합니다. 국내 및 글로벌 클라이언트들의 기술문제를 대응/지원합니다. 기술지원 · 시스템 인프라 구축 및 운영 · 시스템 연동, 보안이슈 대응 · SI 사업 및 프로젝트 관리 · SaaS,솔루션 제품 유지보수 · 신규 사업 제안 지원 마케팅본부 브랜드 가치 제고와 시장 점유율 확대를 통해 기업의 성장을 견인하는 전략적 조직으로, 고객과의 접점에서 브랜드 경험을 창조하고 관리 하는 역할을 수행합니다. 마케팅본부의 핵심 은 창조적이고 차별화된 마케팅 활동을 통해 브랜드 인지도와 선호도를 높이고, 글로벌 시장에서의 경쟁력을 강화하여 지속적인 고객 확보와 매출 성장을 실현하는 것입니다. 시장과 고객의 변화를 선도적으로 감지하고 대응하여 기업의 미래 성장 기회를 창출하며, 브랜드 가치 극대화를 통해 기업의 장기적 경쟁우위를 구축하는 전략적 성장 엔진 역할을 담당합니다. 주요 업무 · 브랜드 전략 수립 브랜드 포지셔닝, 브랜드 아이덴티티 구축, 통합적 브랜드 커뮤니케이션 전략 기획 및 실행 · 시장 분석 및 인사이트 시장 동향 분석, 소비자 행동 연구, 경쟁사 분석을 통한 마케팅 전략 수립 · 글로벌 시장 진출 진출: 해외 시장 진입 전략 수립, 현지화 마케팅, 글로벌 파트너십 구축 및 관리 · UX/UI 설계 사용자 경험 연구 및 설계, 인터페이스 최적화, 사용성 테스트를 통한 고객 만족도 향상 · 디지털 플랫폼 구축 웹사이트 개발 및 운영, 모바일 플랫폼 관리, 디지털 터치포인트 최적화 · 마케팅 커뮤니케이션 통합 마케팅 커뮤니케이션 기획, 광고·홍보 활동, 이벤트 및 캠페인 운영 조직 구성 글로벌사업 해외 시장 전반을",,,,,,계약직,,,,active
27,94,엠투소프트,인재채용,https://www.m2soft.co.kr/bbs/content.php?co_id=0505recruit#job-d9e5c3d5-1,"인재채용 미래 IT세상을 이끌어갈 최고의 인재를 모집합니다. 지난 20여년간 전자문서·리포팅 솔루션 분야에 독보적인 기술력을 통해 국내 1위의 전자문서·리포팅 솔루션 전문 기업으로 확고히 자리매김한 엠투소프트가 미래 IT세상을 이끌어갈 최고의 인재를 모집합니다. 대한민국 최고의 인재에게 어울리는 대한민국 대표 전자문서·리포팅 솔루션 기업 엠투소프트에 인재 여러분의 많은 지원 바랍니다. 인재모집 모집인원 각 부문별 0명(신입/경력) 모집 부문 연구 개발 C++(MFC), C# Windows App 개발자 Front-End(Javascript/HTML5) 개발자 Back-End(Java/C#) 개발자 Android/iOS App 개발자 Python AI 개발자 기술 사원 DB, SQL 사용 가능자(중급이상 사용자 우대) Web Script Language(ASP,JSP)사용 가능자 Windows C++사용 가능 국내외 영업 IT Solution(S/W)관련 영업 경험자 공통사항 병역필 또는 면제자 해외출장에 결격사유가 없는 자 외국어 가능자 우대(영어/일어/중국어) 관련 자격증 소지자 우대 전형방법 온라인 접수 1차 서류심사(심사 후 합격자에 한하여 개별 면접 통보) 2차 담당 부서장 면접 3차 임원진 면접 모집형태 신입/경력 수시 채용 제출 서류 온라인 접수시 신입/경력 : 이력서, 자기소개서(MS-Word 사용 권장) 면접시 신입 : 졸업증명서, 성적증명서, 자격증 사본 경력 : 경력증명서, 자격증 사본 서류제출처 제출처 : recruit@m2soft.co.kr 홈페이지 : https://www.m2soft.co.kr 문의전화 : 02-2188-8500 (대표) / FAX : 02-2188-8508 본사에 접수된 지원서는 일체 반환되지 않으며, 접수된 자료는 채용 이외의 용도로 활용되지 않습니다.",,,,,,,,,,active
28,105,두나무,개발직군 인재풀 | 두나무,https://careers.dunamu.com/detail/80,개발직군 인재풀 [개발직군 인재풀 등록하기] 현재 나에게 맞는 포지션이 없더라도 인재풀에 이력서를 제출해주세요. 희망하시는 포지션 오픈 시 채용팀에서 이력서 확인 후 연락 드릴 수 있도록 하겠습니다. 가까운 시일 내에 두나무의 미래를 함께 만들 수 있는 기회가 열리기를 바랍니다. [두나무 소개] 두나무가 이직하기 좋은 기업인 이유 채용공고 목록 직군 Talent Pool 경력사항 무관 마감일자 상시채용 근무지역 보기 지원하기 지원서 이어서 작성하기 TOP 두나무 주식회사 대표 오경석 서울시 서초구 강남대로 369 사업자등록번호 119-86-54968 채용 문의 jobs@dunamu.com,,,,,서울,,,,,active
29,105,두나무,일반직군 인재풀 | 두나무,https://careers.dunamu.com/detail/22,일반직군 인재풀 [일반직군 인재풀 등록하기] 현재 나에게 맞는 포지션이 없더라도 인재풀에 이력서를 제출해주세요. 희망하시는 포지션 오픈 시 채용팀에서 이력서 확인 후 연락 드릴 수 있도록 하겠습니다. 가까운 시일 내에 두나무의 미래를 함께 만들 수 있는 기회가 열리기를 바랍니다. [두나무 소개] 두나무가 이직하기 좋은 기업인 이유 채용공고 목록 직군 Talent Pool 경력사항 무관 마감일자 상시채용 근무지역 보기 지원하기 지원서 이어서 작성하기 TOP 두나무 주식회사 대표 오경석 서울시 서초구 강남대로 369 사업자등록번호 119-86-54968 채용 문의 jobs@dunamu.com,,,,,서울,,,,,active
30,105,두나무,브랜드 경험 및 컬처 담당자 | 두나무,https://careers.dunamu.com/detail/563,"브랜드 경험 및 컬처 담당자 조직소개 우리 조직은 다양한 활동을 통해 두나무의 브랜드 정체성과 핵심 가치를 내외부에 전달하고, 브랜드에 대한 긍정적인 인식과 로열티를 높이고자 합니다. 브랜드 경험(BX)은 기업이 다양한 접점에서 관계를 맺는 방식이며, 조직의 성장과 연결되는 중요한 요소입니다. 우리는 내부 구성원과 외부 이해관계자가 두나무의 비전과 가치를 자연스럽게 경험할 수 있도록 다양한 내외부 브랜딩 프로그램을 기획하고 운영합니다. 우리 조직에서는 다음과 같은 경험을 할 수 있습니다. 두나무의 비전과 핵심 가치를 조직 내 프로그램과 커뮤니케이션에 연결하며, 조직문화와 브랜드 경험을 함께 다루는 역할을 수행할 수 있습니다. 전사 단위 프로젝트를 기획하고 실행을 주도하며, 다양한 이해관계자와 협업하는 경험을 쌓을 수 있습니다. 빠르게 변화하는 환경 속에서 문화·브랜드 관련 주요 과제를 맡아 실질적인 임팩트를 만들어볼 수 있습니다. 경영진의 방향성과 메시지를 프로그램, 콘텐츠, 캠페인 등 구체적인 실행으로 구현하는 전략적 기획 역량을 발전시킬 수 있습니다. 대외 브랜드 경험과 내부 조직문화 설계를 아우르는 경험을 통해, 기업 브랜딩 전반을 통합적으로 설계하는 역할을 수행합니다. 주요업무 사내 문화 진단 및 개선 과제 운영 사내 문화 진단(서베이, 인터뷰 등)을 기획·운영하고 주요 인사이트를 도출 진단 결과를 바탕으로 개선 과제를 정의하고 실행을 주도 관련 지표를 관리하며 개선 방향을 지속적으로 점검 핵심 가치 내재화 및 학습 프로그램 기획 핵심 가치 및 일하는 방식 내재화를 위한 프로그램 기획 및 운영 리더십 프로그램, 스터디, 지식 공유 세션 등 학습·문화 프로그램을 기획하고 실행 프로그램 운영 결과를 바탕으로 개선안을 도출하고 고도화 전사 커뮤니케이션 기획 및 실행 타운홀, 뉴스레터 등 내부 커뮤니케이션 채널 기획 및 운영 주요 메시지를 효과적으로 전달하기 위한 콘텐츠 기획 및 제작 전사 문화 캠페인 및 참여형 이벤트를 기획하고 실행 조직 내 소통 및 참여 프로그램 운영 경영진–구성원 간 소통 프로그램 기획 및 운영 지원 사내 동호회 및 참여 프로그램 운영 체계 관리 구성원 참여를 높이기 위한 개선 아이디어 제안 및 실행 대외 브랜드 경험 기획 및 운영 브랜드 전략과 행사 목적에 부합하는 대외 브랜드 경험 기획 컨퍼런스, 전시, 세미나 등 행사 기획 및 운영 행사 결과를 분석하고 개선 포인트 도출 자격요건 조직/사내 문화, 내부 커뮤니케이션, 브랜드 경험 등 관련 분야에서 5~7년 내외의 경력을 보유하신 분 조직 또는 전사 단위 프로그램을 기획하고 주도적으로 운영한 경험이 있으신 분 내부 브랜딩 또는 사내 문화 프로그램을 직접 기획·실행해 본 경험이 있으신 분 대규모 행사(300명 이상) 또는 정기 프로그램 운영 경험이 있으신 분 타운홀, 뉴스레터 등 내부 커뮤니케이션 채널 운영 경험이 있으신 분 데이터 기반으로 프로그램 성과를 점검하고 개선해 본 경험이 있으신 분 다양한 이해관계자와 협업하며 원활하게 커뮤니케이션할 수 있으신 분 우대사항 IT/스타트업 등 빠르게 변화하는 환경에서 근무한 경험이 있으신 분 블록체인 및 핀테크 업계에 대한 기본적인 이해가 있으신 분 조직/사내 문화 관련 서베이 설계 및 분석 경험이 있으신 분 여러 이해관계자가 참여하는 프로젝트를 체계적으로 일정과 리소스를 관리해 본 경험이 있으신 분 문서 작성 및 콘텐츠 기획 역량을 갖추고 메시지를 명확하게 정리할 수 있으신 분 맡은 업무를 책임감 있게 완수하고 세부 사항을 꼼꼼하게 관리할 수 있으신 분 지원서 작성 방법 이력서 및 경력기술서 (포트폴리오)는 필수 입니다. 특히, 본인이 50% 이상 주도적으로 기여한 프로젝트 및 업무를 중심으로 상세히 기술해 주세요. 단순 참여가 아닌, 기획·의사결정·실행 등에서의 구체적인 역할과 책임 범위, 그리고 성과가 드러나도록 작성해 주세요. 유의사항 재직 이력은 빠짐없이 정확하게 작성해 주시고, 휴직 이력이 있다면 기간과 사유를 구체적으로 기재해 주세요. 채용 과정에서 전/현직 직장의 영업 비밀이 침해되지 않도록 유의해 주세요. 주민번호, 현재 연봉, 희망 연봉 등 민감한 정보는 삭제하거나 마스킹 후 제출해 주세요. 공통 지원자격 해외 여행에 결격 사유가 없으신 분 [채용절차] 서류전형 → 1차면접 → 2차면접 → 처우협의 → 최종합격 전형은 상황 및 일정에 따라 변경될 수 있습니다. 지원서 내용 중 허위사실이 있는 경우에는 지원이 취소될 수 있습니다. 국가 유공자 및 장애인 등 취업 보호 대상자는 관계 법령에 따라 우대합니다. 최종 전형 전, 인성검사를 진행합니다. 본 포지션에 합격하시는 경우, 3개월의 수습 기간을 적용합니다. [채용정보] 채용인원 : 0명 고용형태 : 정규직 채용유형 : 경력직 근무지역 : 서울특별시 서초구 강남대로 369, DF Tower 공고기간 : 상시채용 (채용 완료 시 조기에 마감될 수 있습니다.) [두나무 소개] 두나무가 이직하기 좋은 기업인 이유 채용공고 목록 직군 People 경력사항 경력 고용형태 정규직 마감일자 상시채용 근무지역 보기 지원하기 지원서 이어서 작성하기 TOP 두나무 주식회사 대표 오경석 서울시 서초구 강남대로 369 사업자등록번호 119-86-54968 채용 문의 jobs@dunamu.com","조직/사내 문화, 내부 커뮤니케이션, 브랜드 경험 등 관련 분야에서 5~7년 내외의 경력을 보유하신 분 조직 또는 전사 단위 프로그램을 기획하고 주도적으로 운영한 경험이 있으신 분 내부 브랜딩 또는 사내 문화 프로그램을 직접 기획·실행해 본 경험이 있으신 분 대규모 행사(300명 이상) 또는 정기 프로그램 운영 경험이 있으신 분 타운홀, 뉴스레터 등 내부 커뮤니케이션 채널 운영 경험이 있으신 분 데이터 기반으로 프로그램 성과를 점검하고 개선해 본 경험이 있으신 분 다양한 이해관계자와 협업하며 원활하게 커뮤니케이션할 수 있으신 분","IT/스타트업 등 빠르게 변화하는 환경에서 근무한 경험이 있으신 분 블록체인 및 핀테크 업계에 대한 기본적인 이해가 있으신 분 조직/사내 문화 관련 서베이 설계 및 분석 경험이 있으신 분 여러 이해관계자가 참여하는 프로젝트를 체계적으로 일정과 리소스를 관리해 본 경험이 있으신 분 문서 작성 및 콘텐츠 기획 역량을 갖추고 메시지를 명확하게 정리할 수 있으신 분 맡은 업무를 책임감 있게 완수하고 세부 사항을 꼼꼼하게 관리할 수 있으신 분 지원서 작성 방법 이력서 및 경력기술서 (포트폴리오)는 필수 입니다. 특히, 본인이 50% 이상 주도적으로 기여한 프로젝트 및 업무를 중심으로 상세히 기술해 주세요. 단순 참여가 아닌, 기획·의사결정·실행 등에서의 구체적인 역할과 책임 범위, 그리고 성과가 드러나도록 작성해 주세요. 유의사항 재직 이력은 빠짐없이 정확하게 작성해 주시고, 휴직 이력이 있다면 기간과 사유를 구체적으로 기재해 주세요. 채용 과정에서 전/현직 직장의 영업 비밀이 침해되지 않도록 유의해 주세요. 주민번호, 현재 연봉, 희망 연봉 등 민감한 정보는 삭제하거나 마스킹 후 제출해 주세요. 공통 지원자격 해외 여행에 결격 사유가 없으신 분 [채용절차] 서류전형 → 1차면접 → 2차면접 → 처우협의 → 최종합격 전형은 상황 및 일정에 따라 변경될 수 있습니다. 지원서 내용 중 허위사실이 있는 경우에는 지원이 취소될 수 있습니다. 국가 유공자 및 장애인 등 취업 보호 대상자는 관계 법령에 따라 우대합니다. 최종 전형 전, 인성검사를 진행합니다. 본 포지션에 합격하시는 경우, 3개월의 수습 기간을 적용합니다. [채용정보] 채용인원 : 0명 고용형태 : 정규직 채용유형 : 경력직 근무지역 : 서울특별시 서초구 강남대로 369, DF Tower 공고기간 : 상시채용 (채용 완료 시 조기에 마감될 수 있습니다.) [두나무 소개] 두나무가 이직하기 좋은 기업인 이유",,,서울,정규직,,,,active
31,105,두나무,브랜드 행사 기획 및 운영 담당자 | 두나무,https://careers.dunamu.com/detail/564,"대외 브랜드 경험 기획 브랜드 전략과 행사 목적에 부합하는 대외 브랜드 경험 기획 컨퍼런스, 전시, 세미나 등 온·오프라인 행사 콘셉트 및 세션 구성 기획 브랜드 메시지를 공간, 콘텐츠, 프로그램으로 구체화 프로젝트 운영 총괄 및 매니징 행사 운영 계획 수립 및 실행 관리 예산, 일정, 리스크 관리 및 운영 프로세스 설계 에이전시 및 협력사 커뮤니케이션 리딩 프로젝트 수행에 필요한 A to Z 업무 관리 (홍보, 연사 및 세션 운영, 등록 시스템, 인쇄물, 전시, 식음료 등) 성과 분석 및 개선 성과 데이터 분석 및 리포트 작성 개선 방향 도출 및 향후 기획에 반영 대내 브랜드 경험 업무 지원 전사 문화 행사 및 캠페인 운영 기획 협업 구성원 참여형 이벤트 및 사내 문화 캠페인 기획 및 실행","브랜드 경험(BX), 마케팅, 행사·프로모션 기획 등 관련 분야에서 3년 이상의 실무 경험이 있으신 분 온·오프라인 브랜드 경험 프로그램을 기획하고 운영해 본 경험이 있으신 분 다양한 내·외부 이해관계자와 협업하여 프로젝트를 주도적으로 실행한 경험이 있으신 분 제안서 및 기획서 작성 역량을 갖추고, 브랜드 메시지를 구조화하여 명확하게 전달할 수 있으신 분 예산·일정·리스크를 체계적으로 관리하며 프로젝트를 완수한 경험이 있으신 분 맡은 업무를 책임감 있게 추진하고 세부 사항을 꼼꼼하게 관리할 수 있으신 분","IT/테크, 금융, 블록체인 등 산업군에서 브랜드 또는 행사 PM 경험이 있으신 분 대규모 행사(300명 이상) 또는 정기 브랜드 이벤트를 운영해 본 경험이 있으신 분 에이전시 또는 외부 파트너를 리딩한 경험이 있으신 분 콘텐츠(영상, 디자인, 스토리텔링 등) 기획 경험이 있으신 분 글로벌 행사 또는 해외 파트너와 협업 경험이 있으신 분 비즈니스 영어 커뮤니케이션이 가능하신 분 블록체인 및 핀테크 산업에 대한 이해가 있으신 분 지원서 작성 방법 이력서 및 경력기술서 (포트폴리오)는 필수 입니다. 특히, 본인이 50% 이상 주도적으로 기여한 프로젝트 및 업무를 중심으로 상세히 기술해 주세요. 단순 참여가 아닌, 기획·의사결정·실행 등에서의 구체적인 역할과 책임 범위, 그리고 성과가 드러나도록 작성해 주세요. 유의사항 재직 이력은 빠짐없이 정확하게 작성해 주시고, 휴직 이력이 있다면 기간과 사유를 구체적으로 기재해 주세요. 채용 과정에서 전/현직 직장의 영업 비밀이 침해되지 않도록 유의해 주세요. 주민번호, 현재 연봉, 희망 연봉 등 민감한 정보는 삭제하거나 마스킹 후 제출해 주세요. 공통 지원자격 해외 여행에 결격 사유가 없으신 분 [채용절차] 서류전형 → 1차면접 → 2차면접 → 처우협의 → 최종합격 전형은 상황 및 일정에 따라 변경될 수 있습니다. 지원서 내용 중 허위사실이 있는 경우에는 지원이 취소될 수 있습니다. 국가 유공자 및 장애인 등 취업 보호 대상자는 관계 법령에 따라 우대합니다. 최종 전형 전, 인성검사를 진행합니다. 본 포지션에 합격하시는 경우, 3개월의 수습 기간을 적용합니다. [채용정보] 채용인원 : 0명 고용형태 : 계약직 (해당 포지션의 고용형태는 1년 후 계약이 종료되는 계약직이며, 업무 평가 결과에 따라 계약이 연장되거나 정규직으로 전환될 수 있습니다.) 채용유형 : 경력직 근무지역 : 서울특별시 서초구 강남대로 369, DF Tower 공고기간 : 상시채용 (채용 완료 시 조기에 마감될 수 있습니다.) [두나무 소개] 두나무가 이직하기 좋은 기업인 이유 채용공고 목록 직군 Marketing 경력사항 경력 고용형태 계약직 마감일자 상시채용 근무지역 보기 지원하기 지원서 이어서 작성하기 TOP 두나무 주식회사 대표 오경석 서울시 서초구 강남대로 369 사업자등록번호 119-86-54968 채용 문의 jobs@dunamu.com Copyright 2026 Dunamu Inc. All rights reserved. 개인정보처리방침 이용약관",,,서울,정규직,,,,active
32,31697,SM C&amp;C,MICE/행사 기획 및 운영 담당 채용,https://careers.smcultureandcontents.com/ko/o/130797,기업체 단체 여행 ​프로그램 기획 ​및 제안서 준비 기업체 국내 및 해외 인센티브 투어 기획 및 운영 기업체 국내 및 해외 행사 신규 엽업 및 기존 고객사 관리 국내 및 해외 행사 출장 업무,전문학사 이상 학위를 ​소지하신 ​분 관련 경력 ​1년 이상 5년 ​이하 이신 ​분 ​ PPT 기획 ​및 ​디자인 ​작업 능숙하신 분 MS ​Office ​프로그램 사용이 능숙하신 ​분 협업 ​및 ​커뮤니케이션이 원활하신 분 해외 ​출장에 결격사유가 ​없으신 ​분,영어회화 상급자이신 ​분,"Search Jobs MICE/행사 기획 및 운영 담당 채용 구분 여행사업부문 마감기한 2026년 04월 06일, 14:59 D -13 직군 MICE/행사 경력사항 경력 무관 고용형태 정규직 근무지 (주)에스엠컬처앤콘텐츠 대한민국 서울특별시 성동구 왕십리로 83-21 📢 모집직무 MICE/행사 ​기획 ​및 ​운영 담당 ​ 📢","건강검진, 인센티브",서울,정규직,,2026-04-06,2026-03-07,active
33,3,이노시스아이티,채용정보,http://www.innosysit.co.kr/homepage/index.html#job-500d8a0b-4,"이노시스아이티는 창의적이고 열정적인 인재를 찾고 있습니다. 지원방법 온라인 입사지원 채용절차 서류전형 및 면접 2차 면접 및 직무능력 건강검진 최종합격 자격조건 - 남자의 경우 병역필 또는 면제자 - 해외여행에 결격사유가 없는자 - 지원부서에 부합하는 직무능력을 갖춘자 - 창의적이고 도전적인 마인드를 갖춘자 제출서류 - 입사지원서, 자기소개서 - 경력증명서(경력이 있을 경우) - 자격증사본(자격증이 있을 경우) 지원방법 온라인 입사지원 채용절차 서류전형 및 면접 2차 면접 및 직무능력 건강검진 최종합격 자격조건 - 남자의 경우 병역필 또는 면제자 - 해외여행에 결격사유가 없는자 - 지원부서에 부합하는 직무능력을 갖춘자 - 창의적이고 도전적인 마인드를 갖춘자 제출서류 - 입사지원서, 자기소개서 - 경력증명서(경력이 있을 경우) - 자격증사본(자격증이 있을 경우",,,,건강검진,,,,,,active
34,1,앤비전,채용,https://www.envision.co.kr/ko/envision/recruit.asp,"채용 앤비젼이 구성원들에게 제공하는 가장 큰 가치는 “의미 있고 도전적인 일을 완수하면서 느끼는 성장체험 ” 입니다 앤비젼이 구성원들에게 제공하는 가장 큰 가치는 “의미 있고 도전적인 일을 완수하면서 느끼는 성장체험 ” 입니다 채용 프로세스 앤비젼은 별도의 채용사이트를 운영하고 있으며 채용지원 및 자세한 정보를 확인하실 수 있습니다. 채용 사이트 접속 지원서 접수 서류 전형 AI역량 검사 면접전형 (실무/인사/CEO) 최종합격 앤비젼 인재상 앤비젼은 지식이나 기능에만 치우치지 아니하고 균형 잡힌 전인 육성에 초점을 맞추고 있습니다. Envision is COMPANY 주목 받는 전문 분야의 히든 챔피언 머신비젼은 대한민국의 국가 전략 산업인 디스플레이와 반도체 산업의 품질 경쟁력 확보에 필요한 핵심 분야입니다. 앤비젼은 국내 머신비젼 솔루션 공급 기업 중 매출액, 시장 점유율, 기술력, 인력규모 측면 모두 1위로서 시장을 선도하고 있는 히든챔피언입니다. 앤비젼이 제공하는 제품과 솔루션에는 유독 ‘세계 최초’, ‘유일한’, ‘독보적인’이라는 수식어가 많이 붙습니다. 앤비젼은 세계 그 어느 누구도 해결하지 못한 문제들을 컴퓨터비전기술과 광학기술을 통해 해결하는 독보적 솔루션기업입니다. WORK 혁신가들의 꿈 을 대중의 일상으로 실현시키는 일 앤비젼의 고객사들은 세계 최고의 혁신기업들입니다. 혁신가들은 새로운 기술과 혁신을 꿈꾸고, 이를 현실화시켜 대중의 일상에 더 큰 가치와 행복을 주기 위해 노력합니다. 세계를 선도하는 차세대 디스플레이, 반도체, 스마트폰, 자율주행 자동차 등 혁신 제품들의 제조과정에서 발생되는 다양한 난제들과 품질 이슈들을 해결하여, 혁신가들이 꿈꾸던 제품들을 대중의 일상으로 실현시키는데 기여하고 있습니다. CULTURE 건강한 기업문화를 바탕으로 성장하는 일하기 좋은 기업 “일하기 좋은 기업”이란 의미 있는 목적을 추구하는 일을 최고의 동료들과 함께 완수하며 성장체험을 할 수 있는 곳 입니다. 앤비젼은 최고의 인재들이 훌륭한 동료들과 탁월한 성과를 낼 수 있는 업무환경과 기업문화를 만들기 위해 끊임없이 노력하고 있으며, 그 결과 2년 연속으로 '아시아 일하기 좋은 기업'으로 선정되었습니다. 혜택과 복지 보상 앤비젼은 동종업계 대기업 수준의 연봉에 벤처기업 특유의 성과급을 더해 업계 최고 인재들에 걸맞은 최고의 보상을 하고 있습니다. 글로벌 인사조직 컨설팅기업인 Mercer (https://www.mercer.co.kr/) 가 국내 100여개 High-Tech 기업들의 보상 데이터를 분석하여 제공하는 리포트를 바탕으로 최고의 인재에 걸맞는 경쟁력 있는 보상수준이 유지되도록 지속적으로 점검하고 있습니다. 복지 임직원 및 가족까지 생각하는 가족친화 워라밸 추구 리프레쉬 데이 매주 금요일 1시간 조기퇴근 (8시 출근 기준, 4시 퇴근) 선택 출퇴근제 개인별 선택적 출퇴근제 실시 카페테리아식 복지포인트 임직원의 자기계발 및 건강증진을 위한 포인트 지급 연말휴가 12월 25일 - 1월 1일까지 연차사용 장려, 전사 임시 휴무 수평적 조직 문화 직책에 관계없이 상호간 영어이름으로 호칭 동호회 활동 지원 취미 공유를 통한 조직 내 친목 및 화합 도모 러빙룸 지원 거실을 서재로 꾸밀 수 있도록 최대 300만원 지원 장기근속 포상 장기근속 장려 및 포상제도 운영 도서지원 업무에 필요한 도서 구입비 무제한 지원 캔미팅 진행 업무를 일찍 마친 후 HUB에서 식사와 함께 레저 모임 진행 다양한 개발 지원 외부 교육 및 국내/외 학회, 세미나 지원 경조사 지원 결혼기념일, 출산 등 각종 경조사와 휴가 지원금 제공 인터뷰 보러 가기 채용 사이트 가기",,,,,,,300만원,,,active
35,4,이노솔루텍,채용정보,http://www.innost.co.kr/kor/careers/menu_04.html,"채용공고 총 6 개 정렬 : 최신순 최신순 조회순 글번호 제목 첨부파일 작성자 조회수 등록일 6 공지 공공기관 상주근무 인력 모집 N (주)이노솔루텍 1,319 2022-04-01 5 공지 제안부문 팀장 모집(SI, SM사업 제안) N (주)이노솔루텍 339 2022-04-01 4 공지 2022년 신입사원 모집 N (주)이노솔루텍 754 2022-04-01 3 공지 본사 기술지원 인력 모집(서버) N (주)이노솔루텍 267 2022-04-01 2 공지 본사 기술지원 인력 모집(네트워크/보안) N (주)이노솔루텍 322 2022-03-01 1 공지 영업부문 팀장 모집(SI, SM사업 영업) N (주)이노솔루텍 209 2022-01-01 1 제목 제목 내용 작성자 검색",,,,,,,,2022-04-01,2022-03-02,active
36,6,뉴로센스,Recruitment,http://www.neurosense.co.kr/kor/recruitement/index.html,IoT 센서 하드웨어 설계 기술문서 검토 및 제품 신뢰성 테스트 필요경력 전자회로/ 임베디드 시스템 지식 및 경험 기술문서 검토 경험,,"인재상 뉴로센스의 문은 인재들에게 항상 열려 있습니다. 이런 꿈을 가진 분들은 언제라도 저희에게 연락 하세요! 1 변화와 혁신(Innovation)을 항상 추구하는 호기심 많은 인재 2 Edge computing AI 분야에서 글로벌 인재가 되고 싶은 인재 3 회사와 본인의 동시 성장을 통해 미래를 새로운 계획하고 싶은 인재 직무소개 가로로 스크롤 하여 보실 수 있습니다. Duty 인원 Academic Description Hardware Engineer (신입/경력) ○명 4년제 대졸이상 전기전자, 컴퓨터계열 주요업무 IoT 센서 하드웨어 설계 기술문서 검토 및 제품 신뢰성 테스트 필요경력 전자회로/ 임베디드 시스템 지식 및 경험 기술문서 검토 경험 우대사항 HW 지식보유 우대 IoT 센서 개발 관련 경력자 우대 Hardware Engineer (경력) ○명 4년제 대졸이상 전기전자, 컴퓨터계열 주요업무 산업용 IoT 센서 하드웨어 설계 Radar 하드웨어 설계 필요경력 2년 이상 6년 미만 전자설계관련 업무 경력자 전자회로/ 임베디드 시스템 지식 및 경험 블루투스 및 와이파이 회로 설계 경험 Radar 회로 설계 경험 우대사항 회로 작성 및 Artwork 개발 경력자 우대 IoT 센서 개발 관련 경력자 우대 Radar 관련 경력자 우대 RF 안테나 설계 경험자 우대 Firmware Engineer (신입/경력) ○명 4년제 대졸이상 전기전자, 컴퓨터계열 주요업무 IoT 센서 Firmware 설계 필요경력 전자설계관련 업무 경력자 전자회로/ 임베디드 시스템 지식 및 경험 Arm Cortex 코딩 경험 블루투스 Firmware 개발 경험 우대사항 HW/SW 지식보유 우대 IoT 센서 개발 관련 경력자 우대 Arm Cortex 경험자 우대 블루투스, 와이파이 경험자 우대 채용문의 연락하기 Tel: +82) 02 - 6275 - 6700 Email : info@neurosense.co.kr Attachments Browse 개인정보처리방침 동의 [자세히 보기] SUBMIT MESSAGE 개인정보취급방침 'OOO'은 (이하 '회사'는) 고객님의 개인정보를 중요시하며, '정보통신망 이용촉진 및 정보보호'에 관한 법률을 준수하고 있습니다. 회사는 개인정보취급방침을 통하여 고객님께서 제공하시는 개인정보가 어떠한 용도와 방식으로 이용되고 있으며, 개인정보보호를 위해 어떠한 조치가 취해지고 있는지 알려드립니다. 회사는 개인정보취급방침을 개정하는 경우 웹사이트 공지사항(또는 개별공지)을 통하여 공지할 것입니다. ■ 수집하는 개인정보 항목 회사는 회원가입, 상담, 서비스 신청 등등을 위해 아래와 같은 개인정보를 수집하고 있습니다. ο 수집항목 : 이름 , 생년월일 , 성별 , 로그인ID , 비밀번호 , 비밀번호 질문과 답변 , 자택 전화번호 , 자택 주소 , 휴대전화번호 , 이메일 , 직업 , 회사명 , 부서 , 직책 , 회사전화번호 , 취미 , 결혼여부 , 기념일 , 법정대리인정보 , 주민등록번호 , 서비스 이용기록 , 접속 로그 , 접속 IP 정보 , 결제기록 ο 개인정보 수집방법 : 홈페이지(회원가입) , 서면양식 ■ 개인정보의 수집 및 이용목적 회사는 수집한 개인정보를 다음의 목적을 위해 활용합니다. ο 서비스 제공에 관한 계약 이행 및 서비스 제공에 따른 요금정산 콘텐츠 제공 , 구매 및 요금 결제 , 물품배송 또는 청구지 등 발송 ο 회원 관리 회원제 서비스 이용에 따른 본인확인 , 개인 식별 , 연령확인 , 만14세 미만 아동 개인정보 수집 시 법정 대리인 동의여부 확인 , 고지사항 전달 ο 마케팅 및 광고에 활용 접속 빈도 파악 또는 회원의 서비스 이용에 대한 통계 ■ 개인정보의 보유 및 이용기간 회사는 개인정보 수집 및 이용목적이 달성된 후에는 예외 없이 해당 정보를 지체 없이 파기합니다. ■ 개인정보의 파기절차 및 방법 회사는 원칙적으로 개인정보 수집 및 이용목적이 달성된 후에는 해당 정보를 지체없이 파기합니다. 파기절차 및 방법은 다음과 같습니다. ο 파기절차 회원님이 회원가입 등을 위해 입력하신 정보는 목적이",,,경기,계약직,,,,active
37,8,소올아이티,주메뉴,http://soarit.net/sub/sub04_03.php,"최고의 IT 전문회사 소올아이티는 전문성과 리더십을 갖춘 능력 있는 분들 과 함께 하기 위해 수시채용을 진행 하고 있습니다. 소올아이티와 함께 미래를 만들어갈 의욕적인 인재를 찾습니다. 제출 및 입사관련 문의 : huh20000@soarit.net 구분 경력 분야 소프트웨어 개발 모집 수시채용 우대사항 정보통신 관련학과 졸업자 정보처리기사 자격증 소지자 공통사항 군필자 혹은 면제자 해외 여행 결격사유가 없는 자 제출서류 이력서, 자기소개서(경력은 수행업무 업적 중심으로 기재), 경력증명서 및 자격증 사본 채용절차 서류전형 → 실무면접 → 임원면접 (주)소올아이티 주소 : 서울시 금천구 가산디지털1로 16, 519호 (가산동 673, SK V1 AP TOWER 5층) 사업자등록번호 : 738-86-01715 TEL : 02-6138-2020 E-mail : huh20000@soarit.net ©",,"정보통신 관련학과 졸업자 정보처리기사 자격증 소지자 공통사항 군필자 혹은 면제자 해외 여행 결격사유가 없는 자 제출서류 이력서, 자기소개서(경력은 수행업무 업적 중심으로 기재), 경력증명서 및 자격증 사본 채용절차 서류전형 → 실무면접 → 임원면접 (주)소올아이티 주소 : 서울시 금천구 가산디지털1로 16, 519호 (가산동 673, SK V1 AP TOWER 5층) 사업자등록번호 : 738-86-01715 TEL : 02-6138-2020 E-mail : huh20000@soarit.net © COPYRIGHT 2021 (주)소올아이티. ALL RIGHTS RESERVED. 홈페이지제작 website.co.kr (주)소올아이티 주소 : 서울시 금천구 가산디지털1로 16, 519호 (가산동 673, SK V1 AP TOWER 5층) 사업자등록번호 : 738-86-01715 TEL : 02-6138-2020 E-mail : huh20000@soarit.net © COPYRIGHT 2021 (주)소올아이티. ALL RIGHTS RESERVED. 홈페이지제작 website.co.kr",,,서울,,,,,active
38,9,진네트웍스,채용정보 – (주)진네트웍스,https://jinnetworks.com/about-jin-3,"채용정보 Home 채용정보 사업목표 회사연혁 채용정보 주요고객 오시는 길 사업목표 회사연혁 채용정보 주요고객 오시는 길 회사소개 채용정보 (주)진네트웍스 는 기술중심 의 회사로 성장 발전하고 있는 IT전문 기업 입니다. (주)진네트웍스 는 기술중심 의 회사로 성장 발전하고 있는 IT전문 기업 입니다. 모집 개요 구분 업무내용 자격 경력여부 영업 공공, 학교, 기업, 분야 네트워크 영업 경력자 지원시 해당분야 2년 이상 경험자 신입/경력 기술 네트워크 보안시스템 구축 (DDoS 대응시스템 구축) 네트워크 설계/구축/컨설팅 네트워크 보안시스템 구축 네트워크 보안시스템 구축 신입/경력 전형방법 정기채용 1차 2차 3차 서류전형 (제출서류 : 표준양식) 면접전형 신체검사 수시채용 1차 2차 3차 서류전형 (제출서류 : 표준양식) 면접전형 신체검사 접수처 접수문의 경영지원팀 문의처 : 02-6949-2345",,,"채용정보 Home 채용정보 사업목표 회사연혁 채용정보 주요고객 오시는 길 사업목표 회사연혁 채용정보 주요고객 오시는 길 회사소개 채용정보 (주)진네트웍스 는 기술중심 의 회사로 성장 발전하고 있는 IT전문 기업 입니다. (주)진네트웍스 는 기술중심 의 회사로 성장 발전하고 있는 IT전문 기업 입니다. 모집 개요 구분 업무내용 자격 경력여부 영업 공공, 학교, 기업, 분야 네트워크 영업 경력자 지원시 해당분야 2년 이상 경험자 신입/경력 기술 네트워크 보안시스템 구축 (DDoS 대응시스템 구축) 네트워크 설계/구축/컨설팅 네트워크 보안시스템 구축 네트워크 보안시스템 구축 신입/경력 전형방법 정기채용 1차 2차 3차 서류전형 (제출서류 : 표준양식) 면접전형 신체검사 수시채용 1차 2차 3차 서류전형 (제출서류 : 표준양식) 면접전형 신체검사 접수처 접수문의 경영지원팀 문의처 : 02-6949-2345",,,,,,,active
39,10,버츄얼드림,(주)버츄얼드림 - Total IT & Mobile Agency,http://www.virtualdream.co.kr/vd.do?menu_id=0501000000,"(주)버츄얼드림에서는 역량 있는 인재와 함께하기 위해 수시모집을 하고 있습니다. 고객 요구 분석, 제안서 작성, 사이트 구조 설계, 컨텐츠 개발이 가능하며 클라이언트와 원활한 커뮤니케이션이 가능하고 효율적인 업무처리 능력과 책임감을 갖춘 자. (주)버츄얼드림에서는 역량 있는 인재와 함께하기 위해 수시모집을 하고 있습니다. 경력 5년이상(웹에이젼시 경력자 우대) - 과장급 / 경력 2년이상(웹에이젼시 경력자 우대) - 대리급 웹표준 및 웹접근 코딩 가능하며, 디자인에 대한 완성도를 추구하는 열정을 가진자 경력 5년이상(웹에이젼시 경력자 우대) - 과장급 / 경력 2년이상(웹에이젼시 경력자 우대) - 대리급 프로그램 구조 및 설계 가능하며, 디자인과 개발에 대한 의도 분석과 그에 따른 개발 능력이 우수한자 경력 5년이상(웹에이젼시 경력자 우대) - 과장급 / 경력 2년이상(웹에이젼시 경력자 우대) - 대리급",,"(주)버츄얼드림에서는 역량 있는 인재와 함께하기 위해 수시모집을 하고 있습니다. 고객 요구 분석, 제안서 작성, 사이트 구조 설계, 컨텐츠 개발이 가능하며 클라이언트와 원활한 커뮤니케이션이 가능하고 효율적인 업무처리 능력과 책임감을 갖춘 자. (주)버츄얼드림에서는 역량 있는 인재와 함께하기 위해 수시모집을 하고 있습니다. 경력 5년이상(웹에이젼시 경력자 우대) - 과장급 / 경력 2년이상(웹에이젼시 경력자 우대) - 대리급 웹표준 및 웹접근 코딩 가능하며, 디자인에 대한 완성도를 추구하는 열정을 가진자 경력 5년이상(웹에이젼시 경력자 우대) - 과장급 / 경력 2년이상(웹에이젼시 경력자 우대) - 대리급 프로그램 구조 및 설계 가능하며, 디자인과 개발에 대한 의도 분석과 그에 따른 개발 능력이 우수한자 경력 5년이상(웹에이젼시 경력자 우대) - 과장급 / 경력 2년이상(웹에이젼시 경력자 우대) - 대리급",,,,,,,,active
40,11,JATCOKOREA,입사지원,http://recruit.jatco.co.kr/board/recruit.do?boardSeq=441,입사지원 채용공고 신입사원 김동우 신입사원 김차돌 신입사원 드미트리 리춘미(중국) 세키 죠지(일본) 2023년도 자트코코리아 캠퍼스 리쿠르팅 참가 학교별 신청안내 회사 엔지니어링 모집 부분 지원부분선택 채용 기간 2023-10-23 12:11 ~ 2023-10-23 12:11 공고 게시일 2023-10-23 첨부파일 해당 페이지는 2023년도 캠퍼스 리쿠르팅 참가자용 페이지 입니다. 참석하신 캠퍼스 리쿠르팅을 아래의 학교별(가나다순) 링크에서 접속하셔서 관련 정보 확인바랍니다. 이 페이지는 입사지원페이지가 아닙니다. 캠퍼스 리쿠르팅에 참석하신 분들께서는 아래 학교별 링크로 이동하여 지원해 주세요! 대상 학교(클릭하여 이동) 신청 기간 국민대학교 캠퍼스 리쿠르팅 2023-11-01 10:00 ~ 2023-11-10 17:00 서울과학기술대학교 캠퍼스 리쿠르팅 2023-11-01 10:00 ~ 2023-11-10 17:00 서울시립대학교 캠퍼스 리쿠르팅 (갱신 중) 영남대학교 캠퍼스 리쿠르팅 2023-10-26 10:00 ~ 2023-11-03 17:00 한국항공대학교 캠퍼스 리쿠르팅 2023-11-02 10:00 ~ 2023-11-10 17:00 한양대학교 캠퍼스 리쿠르팅 2023-11-01 10:00 ~ 2023-11-10 17:00 인사담당자에게 문의 하기(카카오톡 오픈채팅) 목록으로 마감,,,,,서울,,,2023-10-23,2023-09-23,active
41,11,JATCOKOREA,입사지원,http://recruit.jatco.co.kr/board/recruit.do?boardSeq=443,입사지원 채용공고 신입사원 김동우 신입사원 김차돌 신입사원 드미트리 리춘미(중국) 세키 죠지(일본) 2023년도 신입사원 공개채용 (서울과학기술학교 캠퍼스 리쿠르팅 참가자용) 회사 엔지니어링 모집 부분 해석부문 실험부문 Project Management 소음음진부분 시스템성능개발부문 제어시스템개발부문 부품설계부문 차량제어성능실험 시스템성능&제어개발 부품시스템개발부문 채용 기간 2023-11-01 10:00 ~ 2023-11-10 17:00 공고 게시일 2023-10-23 첨부파일 서울과학기술대학교 캠퍼스리쿠르팅은 11월 1일(수) 입니다. 해당 리쿠르팅에 참석하신 분은 11월 1일 - 11월 10일 까지 하단에 지원하기 버튼을 통해서 지원이 가능합니다. 목록으로 마감,,,,,서울,,,2023-11-01,2023-10-02,active
42,11,JATCOKOREA,입사지원,http://recruit.jatco.co.kr/board/recruit.do?boardSeq=444,입사지원 채용공고 신입사원 김동우 신입사원 김차돌 신입사원 드미트리 리춘미(중국) 세키 죠지(일본) 2023년도 신입사원 공개채용 (국민대학교 캠퍼스 리쿠르팅 참가자용) 회사 엔지니어링 모집 부분 해석부문 실험부문 Project Management 소음음진부분 시스템성능개발부문 제어시스템개발부문 부품설계부문 차량제어성능실험 시스템성능&제어개발 부품시스템개발부문 채용 기간 2023-11-01 10:00 ~ 2023-11-10 17:00 공고 게시일 2023-10-23 첨부파일 국민대학교 캠퍼스리쿠르팅은 11월 1일(수) 입니다. 해당 리쿠르팅에 참석하신 분은 11월 1일 - 11월 10일 까지 하단에 지원하기 버튼을 통해서 지원이 가능합니다. 목록으로 마감,,,,,,,,2023-11-01,2023-10-02,active
43,11,JATCOKOREA,입사지원,http://recruit.jatco.co.kr/board/recruit.do?boardSeq=445,입사지원 채용공고 신입사원 김동우 신입사원 김차돌 신입사원 드미트리 리춘미(중국) 세키 죠지(일본) 2023년도 신입사원 공개채용 (영남대학교 캠퍼스 리쿠르팅 참가자용) 회사 엔지니어링 모집 부분 해석부문 실험부문 Project Management 소음음진부분 시스템성능개발부문 제어시스템개발부문 부품설계부문 차량제어성능실험 시스템성능&제어개발 부품시스템개발부문 채용 기간 2023-10-26 10:00 ~ 2023-11-03 17:00 공고 게시일 2023-10-23 첨부파일 영남대학교 캠퍼스리쿠르팅은 10월 26일(목) 입니다. 해당 리쿠르팅에 참석하신 분은 10월 26일 - 11월 3일 까지 하단에 지원하기 버튼을 통해서 지원이 가능합니다. 목록으로 마감,,,,,,,,2023-10-26,2023-09-26,active
44,11,JATCOKOREA,입사지원,http://recruit.jatco.co.kr/board/recruit.do?boardSeq=446,입사지원 채용공고 신입사원 김동우 신입사원 김차돌 신입사원 드미트리 리춘미(중국) 세키 죠지(일본) 2023년도 신입사원 공개채용 (서울시립대학교 캠퍼스 리쿠르팅 참가자용) 회사 엔지니어링 모집 부분 지원부분선택 채용 기간 2023-11-09 10:00 ~ 2023-11-14 17:00 공고 게시일 2023-11-01 첨부파일 서울시립대학교 캠퍼스리쿠르팅은 11월 중에 예정하고 있습니다. 해당 리쿠르팅에 참석하신 분은 11월 14까지 하단에 지원하기 버튼을 통해서 지원이 가능합니다. 일 까지 하단에 지원하기 버튼을 통해서 지원이 가능합니다. 목록으로 마감,,,,,서울,,,2023-11-09,2023-10-10,active
45,11,JATCOKOREA,입사지원,http://recruit.jatco.co.kr/board/recruit.do?boardSeq=447,"입사지원 채용공고 신입사원 김동우 신입사원 김차돌 신입사원 드미트리 리춘미(중국) 세키 죠지(일본) 2024년도 신입/경력사원 공개채용 회사 엔지니어링 모집 부분 해석부문 실험부문 Project Management 소음음진부분 시스템성능개발부문 제어시스템개발부문 부품설계부문 차량제어성능실험 시스템성능&제어개발 부품시스템개발부문 채용 기간 2023-11-06 00:00 ~ 2023-11-14 23:30 공고 게시일 2023-11-03 첨부파일 <자트코코리아 인사팀에서 알려드립니다> 자트코코리아에서는 지원자분들의 이해를 높이기 위해서 온라인 회사설명회를 개최할 예정입니다. 실시 예정일은 11월 10일(금) 14시부터이며, 신청해 주신분들을 대상으로 접속 방법을 안내 드리겠습니다. 많은 신청 부탁드립니다. <신청방법> 온라인 회사설명회 신청은 마감되었습니다. 감사합니다. <인사담당자에게 질문하기> 대응가능시간 : 평일 10:00 - 17:00 목록으로 마감",,,,,,,,2023-11-06,2023-10-07,active
46,11,JATCOKOREA,입사지원,http://recruit.jatco.co.kr/board/recruit.do?boardSeq=465,"입사지원 채용공고 신입사원 김동우 신입사원 김차돌 신입사원 드미트리 리춘미(중국) 세키 죠지(일본) 2025년도 신입/경력사원 공개채용 회사 엔지니어링 모집 부분 해석부문 Project Management 차량제어성능실험 시스템성능&제어개발 부품시스템개발부문 채용 기간 2024-11-11 00:00 ~ 2024-11-21 00:00 공고 게시일 2024-08-02 첨부파일 <자트코코리아 인사팀에서 알려드립니다> 2024년 11월 20일 19시 시점으로 서버 불안정으로 인해 일시적으로 접속에러가 발생하고 있습니다. 입사지원 시간을 자정 12시까지로 연장하였으니, 양해와 이해 부탁드립니다. 많은 지원 부탁드립니다. 자트코코리아에서는 작년에 이어서 지원자분들의 이해를 높이기 위해서 온라인 회사설명회를 개최하고 있습니다. 아래 신청방법을 통해 신청해 주신분들을 대상으로 접속 방법을 안내 드리겠습니다. 많은 지원 부탁드립니다. <신청방법> 온라인 회사설명회 신청이 마감되었습니다. 감사합니다. 목록으로 마감",,,,,,,,2024-11-11,2024-10-12,active
47,11,JATCOKOREA,인사제도,http://recruit.jatco.co.kr/recruit/benefits.do,"Tel. 02-6443-7004, 7008 Fax. 02-6443-7021 byunghyun_cho@jatco.co.jp IT Castle 2-4F, 98, Gasan digital 2-ro, Geumcheon-gu, Seoul, Korea 서울시 금천구 가산 디지털 2로 98、2동4층 (가산동、Lotte IT Castle) (우:08506) JATCO Korea 소개 입사지원 지원안내 인사제도 MY PAGE JATCO Korea 홈페이지 보기 업무소개 채용공고 공지사항 채용절차 캠퍼스 리쿠르팅 FAQ 기업이념 및 인재상 평가 및 보상 인재육성 복리후생 입사지원 현황 인사제도 기업이념 및 인재상 평가 및 보상 인재육성 복리후생 신입사원 김동우 신입사원 김차돌 신입사원 드미트리 리춘미(중국) 세키 죠지(일본) 복리후생 제도 근무시간 & 휴일 휴가 Work & Life Balance를 위한 근무 환경 및 다양한 휴가 제도를 제공하고 있습니다.",,,,,서울,,,,,active
48,11,JATCOKOREA,인사제도,http://recruit.jatco.co.kr/recruit/human-resource.do,"Tel. 02-6443-7004, 7008 Fax. 02-6443-7021 byunghyun_cho@jatco.co.jp IT Castle 2-4F, 98, Gasan digital 2-ro, Geumcheon-gu, Seoul, Korea 서울시 금천구 가산 디지털 2로 98、2동4층 (가산동、Lotte IT Castle) (우:08506) JATCO Korea 소개 입사지원 지원안내 인사제도 MY PAGE JATCO Korea 홈페이지 보기 업무소개 채용공고 공지사항 채용절차 캠퍼스 리쿠르팅 FAQ 기업이념 및 인재상 평가 및 보상 인재육성 복리후생 입사지원 현황 인사제도 기업이념 및 인재상 평가 및 보상 인재육성 복리후생 신입사원 김동우 신입사원 김차돌 신입사원 드미트리 리춘미(중국) 세키 죠지(일본) 사원 교육 컨셉 T-E-A-M을 통해 글로벌 경쟁력을 갖춘 자트코인으로 육성합니다. 직무 등급 체계",,,,,서울,,,,,active
49,11,JATCOKOREA,지원안내,http://recruit.jatco.co.kr/main.do,"지원안내 공지사항 채용절차 캠퍼스 리쿠르팅 FAQ 신입사원 김동우 신입사원 김차돌 신입사원 드미트리 리춘미(중국) 세키 죠지(일본) 지원서 작성 및 합격자 발표 당사 홈페이지에 온라인으로 지원서를 작성하여 제출해 주십시오. E-mail 및 우편접수는 하지 않고 있습니다. 채용기간 중 접수하신 지원서는 수정이 가능합니다. 유선 및 이메일, 홈페이지로 개별통보가 이루어집니다. 1차 서류전형 2차 면접 2차 면접은 모집부문에 따라 그룹 토론면접 또는 실무진 면접으로 진행되며, 전반적인 스킬과 역량 중심의 질의응답으로 이루어집니다. 3차 최종면접 외국어를 통한 글로벌 역량, 성장 가능성 등 포괄적인 질의응답이 중심이 되며, 면접 전 과정이 외국어(영어, 혹은 일어)로 이루어집니다. 채용 2/3차 면접결과는 유선 및 이메일, 홈페이지로 연락드리게 되오며, 입사일 조정을 거쳐 최종 입사하게 됩니다. 수습기간은 3개월이며, 급여는 100% 지급됩니다. 졸업증명서, 성적증명서, 어학성적표 등의 서류는 최종 입사 후에 수령하고 있으며, 지원서상의 내용과 다를 경우, 채용이 전면 취소되오니 유념하시기 바랍니다.",,,"지원안내 공지사항 채용절차 캠퍼스 리쿠르팅 FAQ 신입사원 김동우 신입사원 김차돌 신입사원 드미트리 리춘미(중국) 세키 죠지(일본) 지원서 작성 및 합격자 발표 당사 홈페이지에 온라인으로 지원서를 작성하여 제출해 주십시오. E-mail 및 우편접수는 하지 않고 있습니다. 채용기간 중 접수하신 지원서는 수정이 가능합니다. 유선 및 이메일, 홈페이지로 개별통보가 이루어집니다. 1차 서류전형 2차 면접 2차 면접은 모집부문에 따라 그룹 토론면접 또는 실무진 면접으로 진행되며, 전반적인 스킬과 역량 중심의 질의응답으로 이루어집니다. 3차 최종면접 외국어를 통한 글로벌 역량, 성장 가능성 등 포괄적인 질의응답이 중심이 되며, 면접 전 과정이 외국어(영어, 혹은 일어)로 이루어집니다. 채용 2/3차 면접결과는 유선 및 이메일, 홈페이지로 연락드리게 되오며, 입사일 조정을 거쳐 최종 입사하게 됩니다. 수습기간은 3개월이며, 급여는 100% 지급됩니다. 졸업증명서, 성적증명서, 어학성적표 등의 서류는 최종 입사 후에 수령하고 있으며, 지원서상의 내용과 다를 경우, 채용이 전면 취소되오니 유념하시기 바랍니다.",,,,,,,active
50,11,JATCOKOREA,입사지원 현황,http://recruit.jatco.co.kr/recruit/login.do,"Tel. 02-6443-7004, 7008 Fax. 02-6443-7021 byunghyun_cho@jatco.co.jp IT Castle 2-4F, 98, Gasan digital 2-ro, Geumcheon-gu, Seoul, Korea 서울시 금천구 가산 디지털 2로 98、2동4층 (가산동、Lotte IT Castle) (우:08506) JATCO Korea 소개 입사지원 지원안내 인사제도 MY PAGE JATCO Korea 홈페이지 보기 업무소개 채용공고 공지사항 채용절차 캠퍼스 리쿠르팅 FAQ 기업이념 및 인재상 평가 및 보상 인재육성 복리후생 입사지원 현황 MY PAGE 입사지원현황 입사지원 현황 입사서류 수정 및 확인을 위하여 정보를 입력해주세요. 이메일 : 휴대전화 : 확인",,,,,서울,,,,,active
51,11,JATCOKOREA,인사제도,http://recruit.jatco.co.kr/recruit/philosophy.do,"Tel. 02-6443-7004, 7008 Fax. 02-6443-7021 byunghyun_cho@jatco.co.jp IT Castle 2-4F, 98, Gasan digital 2-ro, Geumcheon-gu, Seoul, Korea 서울시 금천구 가산 디지털 2로 98、2동4층 (가산동、Lotte IT Castle) (우:08506) JATCO Korea 소개 입사지원 지원안내 인사제도 MY PAGE JATCO Korea 홈페이지 보기 업무소개 채용공고 공지사항 채용절차 캠퍼스 리쿠르팅 FAQ 기업이념 및 인재상 평가 및 보상 인재육성 복리후생 입사지원 현황 인사제도 기업이념 및 인재상 평가 및 보상 인재육성 복리후생 신입사원 김동우 신입사원 김차돌 신입사원 드미트리 리춘미(중국) 세키 죠지(일본)",,,,,서울,,,,,active
52,11,JATCOKOREA,입사지원,http://recruit.jatco.co.kr/board/recruit.do,입사지원 채용공고 신입사원 김동우 신입사원 김차돌 신입사원 드미트리 리춘미(중국) 세키 죠지(일본) 구분 제목 모집부문 채용기간 진행상태 엔지니어링 2025년도 신입/경력사원 공개채용 해석부문 Project Management 차량제어성능실험 시스템성능&제어개발 부품시스템개발부문 2024-11-11 ~ 2024-11-21 마감 엔지니어링 【R&D】 2025년도 신입사원 공개채용 (캠퍼스 리쿠르팅 참가자용) 해석부문 Project Management 차량제어성능실험 시스템성능&제어개발 부품시스템개발부문 2024-10-15 ~ 2024-11-20 마감 엔지니어링 2024년도 신입/경력사원 공개채용 해석부문 실험부문 Project Management 소음음진부분 시스템성능개발부문 제어시스템개발부문 부품설계부문 차량제어성능실험 시스템성능&제어개발 부품시스템개발부문 2023-11-06 ~ 2023-11-14 마감 엔지니어링 2023년도 신입사원 공개채용 (서울시립대학교 캠퍼스 리쿠르팅 참가자용) 지원부분선택 2023-11-09 ~ 2023-11-14 마감 엔지니어링 2023년도 신입사원 공개채용 (영남대학교 캠퍼스 리쿠르팅 참가자용) 해석부문 실험부문 Project Management 소음음진부분 시스템성능개발부문 제어시스템개발부문 부품설계부문 차량제어성능실험 시스템성능&제어개발 부품시스템개발부문 2023-10-26 ~ 2023-11-03 마감 엔지니어링 2023년도 신입사원 공개채용 (국민대학교 캠퍼스 리쿠르팅 참가자용) 해석부문 실험부문 Project Management 소음음진부분 시스템성능개발부문 제어시스템개발부문 부품설계부문 차량제어성능실험 시스템성능&제어개발 부품시스템개발부문 2023-11-01 ~ 2023-11-10 마감 엔지니어링 2023년도 신입사원 공개채용 (서울과학기술학교 캠퍼스 리쿠르팅 참가자용) 해석부문 실험부문 Project Management 소음음진부분 시스템성능개발부문 제어시스템개발부문 부품설계부문 차량제어성능실험 시스템성능&제어개발 부품시스템개발부문 2023-11-01 ~ 2023-11-10 마감 엔지니어링 2023년도 신입사원 공개채용 (한양대학교 캠퍼스 리쿠르팅 참가자용) 지원부분선택 2023-11-01 ~ 2023-11-10 마감 엔지니어링 2023년도 자트코코리아 캠퍼스 리쿠르팅 참가 학교별 신청안내 지원부분선택 2023-10-23 ~ 2023-10-23 마감 엔지니어링 2023년도 신입사원 공개채용 (한국항공대학교 캠퍼스 리쿠르팅 참가자용) 지원부분선택 2023-11-02 ~ 2023-11-10 마감 1 2 3,,,,,서울,,,2024-11-11,2024-10-12,active
53,13,아이티벨리,(주)아이티벨리,https://www.itballey.com/kor/company/careers.php,"채용정보 공채 및 수시채용 매년 상하반기 정기공채 및 수시모집으로 나누어 채용이 진행되며, 모집공고는 홈페이지 및 기타 채용site를 이용하여 그 내용을 공고합니다. 공고 내용을 토대로 응시하실 경우 이력서를 작성하신 후, 우편 또는 E-Mail로 지원하실 수 있습니다. 전형방법 서류전형 → 면접전형 제출서류 1. 입사지원서(사진, 긴급연락처 기재) 2. 최종학력 졸업증명서, 성적증명서 3. 자격증 사본(소지자) 4. 경력증명서(경력자) 제출방법 및 제출처 우편접수 : 서울특별시 금천구 가산디지털1로 19, 705호 (가산동, 대륭테크노타운18차) E-Mail 접수 : seohappy@itballey.com 기타사항 1. 1차 서류전형 합격자에 한하여 면접일정을 개별 통지하오니 반드시 비상연락처를 기재하시기 바랍니다. 2. 보훈대상자, 각종자격증 소지자는 채용 전형시 우대하며, 응시하신 서류는 일체 반환하지 않습니다. 3. 회사소개 : 홈페이지 참조(www.itballey.com) 4. 기타 문의사항은 아래의 E-Mail로 문의하시거나, ㈜아이티벨리 경영기획부(02-833-2550)로 연락바랍니다. 채용관련 입사지원 및 세부문의 : E-Mail : seohappy@itballey.com",,"채용정보 공채 및 수시채용 매년 상하반기 정기공채 및 수시모집으로 나누어 채용이 진행되며, 모집공고는 홈페이지 및 기타 채용site를 이용하여 그 내용을 공고합니다. 공고 내용을 토대로 응시하실 경우 이력서를 작성하신 후, 우편 또는 E-Mail로 지원하실 수 있습니다. 전형방법 서류전형 → 면접전형 제출서류 1. 입사지원서(사진, 긴급연락처 기재) 2. 최종학력 졸업증명서, 성적증명서 3. 자격증 사본(소지자) 4. 경력증명서(경력자) 제출방법 및 제출처 우편접수 : 서울특별시 금천구 가산디지털1로 19, 705호 (가산동, 대륭테크노타운18차) E-Mail 접수 : seohappy@itballey.com 기타사항 1. 1차 서류전형 합격자에 한하여 면접일정을 개별 통지하오니 반드시 비상연락처를 기재하시기 바랍니다. 2. 보훈대상자, 각종자격증 소지자는 채용 전형시 우대하며, 응시하신 서류는 일체 반환하지 않습니다. 3. 회사소개 : 홈페이지 참조(www.itballey.com) 4. 기타 문의사항은 아래의 E-Mail로 문의하시거나, ㈜아이티벨리 경영기획부(02-833-2550)로 연락바랍니다. 채용관련 입사지원 및 세부문의 : E-Mail : seohappy@itballey.com",,,서울,,,,,active
54,28,더존비즈온,더존ICT그룹,https://www.douzone.com/job/benefits.jsp,"채용 더존ICT그룹은 창조적이고, 도전적이며, 변화를 두려워하지 않는 인재를 찾고 있습니다. 단체상해보험 직원들의 안정된 근무여건 조성을 위해 기본 4대 사회보험 외에 단체상해보험 가입을 지원합니다. 건강관리 직원들의 건강관리를 위해 정기 건강검진을 실시합니다. 경조지원 경조사 발생시 경조휴가 및 화환, 경조금 지급 등을 시행합니다. 교육지원 직원들의 자기계발을 위해 정기교육 및 개인별 교육, 도서구매 등을 지원합니다. 동호회지원 직원들의 여가생활 활성화를 위해 사내동호회(축구, 야구, 농구, 헬스 등) 활동을 지원합니다. 휴가제도 경조휴가 외에도 하계휴가, 연차휴가, 출산전후휴가와 비정기 단체휴가 등을 실시합니다. 복리후생시설 카페테리아, 사내식당(조,중,석식 제공), 헬스케어센터(필라테스), 사내어린이집 (강촌캠퍼스), 통근버스 운영 각종행사 전 직원 워크샵과 체육대회, 축하공연 등의 이벤트 행사를 실시합니다.",,,,"건강검진, 경조휴가",,,,,,active
55,28,더존비즈온,더존ICT그룹,https://www.douzone.com/job/process.jsp,"채용 더존ICT그룹은 창조적이고, 도전적이며, 변화를 두려워하지 않는 인재를 찾고 있습니다. 채용방법 더존ICT그룹은 정기 공채와 각 계열사별, 부서별 수시모집, 그리고 상시모집을 병행하고 있습니다. 희망하시는 채용공고에 입사지원 해 주시면 채용 절차에 따라 입사전형이 진행됩니다. 채용절차 더존ICT그룹의 채용공고는 기본적으로 온라인 채용사이트와 당사 홈페이지의 채용공고에 공지됩니다. 필요에 따라 방송매체, 인쇄매체 등에도 동일 내용이 게재될 수 있습니다. 입사지원서 접수 1. 채용공고에 명시된 자격조건에 부합되는 경우 성별, 연령, 장애, 국적 등의 차별없이 지원이 가능합니다. 2. 입사지원서를 작성할 때에는 사실에 입각하여 가능한 모든 항목들을 입력바랍니다. 3. 입사지원서에 허위사항을 기재하시면, 입사 취소 및 해고의 사유가 될 수 있습니다. 서류전형 1. 입사지원서의 입력사항을 충실하게 작성하였는지 확인합니다. 2. 채용공고에 명시한 자격조건과 부합되는지 등을 검토합니다. 3. 서류전형 후(後) 면접전형 대상자들에 한해 개별 연락을 드립니다. 인/적성검사 1. 서류전형에 합격한 사람에 한해 온라인으로 실시합니다. 2. 인/적성검사 결과와 별개로 면접을 실시 할 수 있습니다. 면접전형 1. 면접은 일반적으로 1차 실무면접과 2차 임원면접으로 이루어집니다. 2. 입사지원자의 역량과 인성 등을 종합적으로 고려하여 합격자를 선정합니다. 3. 최종면접 시에는 입사지원서의 내용을 증명할 수 있는 서류의 제출을 요구할 수 있습니다. (예: 경력증명서, 건강보험자격득실확인서, 국민연금가입자가입증명서, 졸업/성적증명서, 자격증 사본 등) 채용검진 1. 처우산정에 회사와 본인이 동의한 경우, 채용검진을 실시합니다. 2. 채용검진 실시 후 검진결과를 미제출하거나 결격사유가 확인된 경우, 불합격 처리가 될 수도 있습니다. 최종합격 1. 서류/면접전형과 처우산정/채용검진의 결과를 종합 평가하여 최종합격자를 선발합니다. 2. 최종합격자에 한해 개별 연락을 드립니다.",,,"채용 더존ICT그룹은 창조적이고, 도전적이며, 변화를 두려워하지 않는 인재를 찾고 있습니다. 채용방법 더존ICT그룹은 정기 공채와 각 계열사별, 부서별 수시모집, 그리고 상시모집을 병행하고 있습니다. 희망하시는 채용공고에 입사지원 해 주시면 채용 절차에 따라 입사전형이 진행됩니다. 채용절차 더존ICT그룹의 채용공고는 기본적으로 온라인 채용사이트와 당사 홈페이지의 채용공고에 공지됩니다. 필요에 따라 방송매체, 인쇄매체 등에도 동일 내용이 게재될 수 있습니다. 입사지원서 접수 1. 채용공고에 명시된 자격조건에 부합되는 경우 성별, 연령, 장애, 국적 등의 차별없이 지원이 가능합니다. 2. 입사지원서를 작성할 때에는 사실에 입각하여 가능한 모든 항목들을 입력바랍니다. 3. 입사지원서에 허위사항을 기재하시면, 입사 취소 및 해고의 사유가 될 수 있습니다. 서류전형 1. 입사지원서의 입력사항을 충실하게 작성하였는지 확인합니다. 2. 채용공고에 명시한 자격조건과 부합되는지 등을 검토합니다. 3. 서류전형 후(後) 면접전형 대상자들에 한해 개별 연락을 드립니다. 인/적성검사 1. 서류전형에 합격한 사람에 한해 온라인으로 실시합니다. 2. 인/적성검사 결과와 별개로 면접을 실시 할 수 있습니다. 면접전형 1. 면접은 일반적으로 1차 실무면접과 2차 임원면접으로 이루어집니다. 2. 입사지원자의 역량과 인성 등을 종합적으로 고려하여 합격자를 선정합니다. 3. 최종면접 시에는 입사지원서의 내용을 증명할 수 있는 서류의 제출을 요구할 수 있습니다. (예: 경력증명서, 건강보험자격득실확인서, 국민연금가입자가입증명서, 졸업/성적증명서, 자격증 사본 등) 채용검진 1. 처우산정에 회사와 본인이 동의한 경우, 채용검진을 실시합니다. 2. 채용검진 실시 후 검진결과를 미제출하거나 결격사유가 확인된 경우, 불합격 처리가 될 수도 있습니다. 최종합격 1. 서류/면접전형과 처우산정/채용검진의 결과를 종합 평가하여 최종합격자를 선발합니다. 2. 최종합격자에 한해 개별 연락을 드립니다.",,,,,,,active
56,32,다우데이타,APPLICANTS,https://www.daoudata.co.kr/ko/applicants/recruitment,Recruit 다우데이타人 의 성공 키워드! 함께 할 당신을 기다립니다 고객의 성공을 키우는 다우데이타의 채용공고를 확인해보세요 번호 제목 마감일 진행상태 28 [경력] 리스크관리팀장 채용 관리직 경력 정규직 2026.02.08 채용마감 27 [경력] Ansys 전자기장 해석 엔지니어 채용 기술직 경력 정규직 2026.02.08 채용마감 26 [경력] VAN 법인영업 채용 영업직 경력 정규직 2026.02.08 채용마감 25 [경력] Apple 기술지원 엔지니어 채용 기술직 경력 정규직 2026.02.08 채용마감 24 [신입] SW 기술영업 채용 영업직 신입 정규직 2026.02.08 채용마감 23 [신입] PG WEB 서비스 개발 채용 개발직 신입 정규직 2026.02.08 채용마감 22 [신입] PG 영업지원 담당자(계약) 채용 관리직 신입 계약직 2026.02.26 채용마감 21 [경력] 선불 결제서비스 기획자 채용 관리직 경력 정규직 2025.12.15 채용마감 20 [경력] 선불 결제서비스 영업 담당자 채용 영업직 경력 정규직 2025.12.15 채용마감 19 [경력] IT본부 선불 결제서비스 APP 개발자 채용 개발직 경력 정규직 2025.12.15 채용마감 chevron 이전 1 2 3 다음 chevron,,,,,,정규직,,2026-02-08,2026-01-09,active
57,32,다우데이타,APPLICANTS,https://www.daoudata.co.kr/ko/applicants/info,"Recruit 다우데이타人 의 성공 키워드! 함께 할 당신을 기다립니다 고객의 성공을 키우는 다우데이타의 인재상을 소개합니다 01 유연하게 생각의 한계, 직급의 경계를 넘어 자신만의 의견을 펼칠 수 있는 사람 02 용감하게 도전 앞에서 요동치고 실패에 의연한 강심장을 가진 사람 03 매력적이게 고객이 다가가고 싶은 사람 동료가 함께하고 싶은 사람 04 당당하게 비윤리적인 일에는 단호하게 NO! 언제나 당당할 수 있는 사람 05 확실하게 Job Done! 잘된 일도 잘못된 일도 확실한 마침표를 찍고 넘어가는 사람 06 전문적이게 내 손을 거쳐간 일은 항상 최고라고 자부할 수 있는 사람 *'매력적이게', '전문적이게'는 국립국어원에서 표준 어법으로 인정한 표현입니다. Process 다우데이타 채용 절차 고객의 성공을 키우는 다우데이타의 인재 채용절차를 소개합니다 신입공채 0 1 서류전형 0 2 1차 면접 0 3 역량검사 0 4 2차 면접 0 5 처우협의 0 6 최종합격 경력공채 0 1 서류전형 0 2 1차 면접 0 3 역량검사 0 4 2차 면접 0 5 평판조회 0 6 처우협의 0 7 최종합격 * 코딩테스트는 개발자 채용에 한하여 시행하며, 서류전형 이후 별도 안내 * 상기 절차는 기본적인 채용 절차이며, 상황에 따라 추가적인 절차가 발생할 수 있습니다. * 장애, 보훈 등 취업보호대상자는 관계 법령에 따라 우대합니다. * 입사지원 과정에서 허위 사실이 판명될 경우 합격 절차가 취소될 수 있습니다. Recruit 자주 묻는 질문 다우데이타 채용에 대해서 궁금하신 사항을 확인해보세요 Q. 서류, 면접 결과는 언제 발표되나요? chevron 공개채용은 공고에 안내된 서류와 면접 합격 발표일에 안내됩니다. 수시채용의 경우 지원시점으로 최대 2주일 내에 서류 결과가 발표되며, 면접 결과는 면접을 마치고 대략적인 발표 일정을 직접 안내 드리고 있습니다. 다만, 내부 사정에 따라 발표 일정이 다소 변동될 수 있습니다. 서류 및 면접 결과는 합격, 불합격 여부와 상관없이 모든 지원자분들께 안내 드립니다. Q. 여러 포지션에 복수지원 또는 재지원도 가능한가요? chevron 복수 포지션에 지원하신 분은 작성하신 지원서 내용을 바탕으로 지원자 분의 역량과 적성, 실무 부서와의 융화 등을 고려하여 가장 적합한 포지션을 개별적으로 제안 드리고 있습니다. 또한, 동일한 포지션으로 재지원하신 경우 결과 발표일 기준 6개월이 경과한 분들을 대상으로 재검토하며, 이에 따른 불이익은 없음을 안내 드립니다. Q. 최종합격 후 추가로 제출하는 서류가 있나요? chevron 최종합격 후 입사 전까지 개인 신상명세서, 성적, 졸업증명서, 자격증 사본 등 당사 인사 운영에 필요한 서류를 요청 드리고 있습니다.",,"합니다. * 입사지원 과정에서 허위 사실이 판명될 경우 합격 절차가 취소될 수 있습니다. Recruit 자주 묻는 질문 다우데이타 채용에 대해서 궁금하신 사항을 확인해보세요 Q. 서류, 면접 결과는 언제 발표되나요? chevron 공개채용은 공고에 안내된 서류와 면접 합격 발표일에 안내됩니다. 수시채용의 경우 지원시점으로 최대 2주일 내에 서류 결과가 발표되며, 면접 결과는 면접을 마치고 대략적인 발표 일정을 직접 안내 드리고 있습니다. 다만, 내부 사정에 따라 발표 일정이 다소 변동될 수 있습니다. 서류 및 면접 결과는 합격, 불합격 여부와 상관없이 모든 지원자분들께 안내 드립니다. Q. 여러 포지션에 복수지원 또는 재지원도 가능한가요? chevron 복수 포지션에 지원하신 분은 작성하신 지원서 내용을 바탕으로 지원자 분의 역량과 적성, 실무 부서와의 융화 등을 고려하여 가장 적합한 포지션을 개별적으로 제안 드리고 있습니다. 또한, 동일한 포지션으로 재지원하신 경우 결과 발표일 기준 6개월이 경과한 분들을 대상으로 재검토하며, 이에 따른 불이익은 없음을 안내 드립니다. Q. 최종합격 후 추가로 제출하는 서류가 있나요? chevron 최종합격 후 입사 전까지 개인 신상명세서, 성적, 졸업증명서, 자격증 사본 등 당사 인사 운영에 필요한 서류를 요청 드리고 있습니다.","Recruit 다우데이타人 의 성공 키워드! 함께 할 당신을 기다립니다 고객의 성공을 키우는 다우데이타의 인재상을 소개합니다 01 유연하게 생각의 한계, 직급의 경계를 넘어 자신만의 의견을 펼칠 수 있는 사람 02 용감하게 도전 앞에서 요동치고 실패에 의연한 강심장을 가진 사람 03 매력적이게 고객이 다가가고 싶은 사람 동료가 함께하고 싶은 사람 04 당당하게 비윤리적인 일에는 단호하게 NO! 언제나 당당할 수 있는 사람 05 확실하게 Job Done! 잘된 일도 잘못된 일도 확실한 마침표를 찍고 넘어가는 사람 06 전문적이게 내 손을 거쳐간 일은 항상 최고라고 자부할 수 있는 사람 *'매력적이게', '전문적이게'는 국립국어원에서 표준 어법으로 인정한 표현입니다. Process 다우데이타 채용 절차 고객의 성공을 키우는 다우데이타의 인재 채용절차를 소개합니다 신입공채 0 1 서류전형 0 2 1차 면접 0 3 역량검사 0 4 2차 면접 0 5 처우협의 0 6 최종합격 경력공채 0 1 서류전형 0 2 1차 면접 0 3 역량검사 0 4 2차 면접 0 5 평판조회 0 6 처우협의 0 7 최종합격 * 코딩테스트는 개발자 채용에 한하여 시행하며, 서류전형 이후 별도 안내 * 상기 절차는 기본적인 채용 절차이며, 상황에 따라 추가적인 절차가 발생할 수 있습니다. * 장애, 보훈 등 취업보호대상자는 관계 법령에 따라 우대합니다. * 입사지원 과정에서 허위 사실이 판명될 경우 합격 절차가 취소될 수 있습니다. Recruit 자주 묻는 질문 다우데이타 채용에 대해서 궁금하신 사항을 확인해보세요 Q. 서류, 면접 결과는 언제 발표되나요? chevron 공개채용은 공고에 안내된 서류와 면접 합격 발표일에 안내됩니다. 수시채용의 경우 지원시점으로 최대 2주일 내에 서류 결과가 발표되며, 면접 결과는 면접을 마치고 대략적인 발표 일정을 직접 안내 드리고 있습니다. 다만, 내부 사정에 따라 발표 일정이 다소 변동될 수 있습니다. 서류 및 면접 결과는 합격, 불합격 여부와 상관없이 모든 지원자분들께 안내 드립니다. Q. 여러 포지션에 복수지원 또는 재지원도 가능한가요? chevron 복수 포지션에 지원하신 분은 작성하신 지원서 내용을 바탕으로 지원자 분의 역량과 적성, 실무 부서와의 융화 등을 고려하여 가장 적합한 포지션을 개별적으로 제안 드리고 있습니다. 또한, 동일한 포지션으로 재지원하신 경우 결과 발표일 기준 6개월이 경과한 분들을 대상으로 재검토하며, 이에 따른 불이익은 없음을 안내 드립니다. Q. 최종합격 후 추가로 제출하는 서류가 있나요? chevron 최종합격 후 입사 전까지 개인 신상명세서, 성적, 졸업증명서, 자격증 사본 등 당사 인사 운영에 필요한 서류를 요청 드리고 있습니다.",,,,,,,active
58,38,아이티센,채용공고,https://itcen.com/user/recruit/BD_recruitListView.do,본문 바로가기 주메뉴 바로가기 하단 메뉴 바로가기 한국어 English 日本語 ITCEN GROUP 그룹 소개 소개 경영철학 연혁 CI CEO 메시지 오시는길 ITCEN FAMILY ITCEN GLOBAL ITCEN ENTEC ITCEN CTS ITCEN CLOIT ITCEN PNS ITCEN CORE ITCEN IN4U CPLATFORM WITHCEN 한국금거래소 한국금거래소 디지털에셋 크레더 제품/서비스 제품/서비스별 보기 이벤트/프로모션 문의하기 인사이트 인사이트 리포트 기술백서 고객경험 자료실 e브로슈어 뉴스레터 매뉴얼·규격서 지속가능경영 지속가능경영 윤리경영 사회공헌 클린센터 뉴스룸 언론보도 홍보영상 공지사항 FAQ 채용 People & Culture 채용정보 채용공고 통합검색 검색어 입력 추천검색어 : 채용공고 ITCEN GROUP ITCEN FAMILY 제품/서비스 인사이트 지속가능경영 뉴스룸 채용 People & Culture 채용정보 채용공고 채용공고 검색 정렬 기준 최신등록순 최신등록순 공고마감일 수시모집순 등록된 데이터가 없습니다. 더보기 TOP 문의하기 클린센터 ITCEN 로고,,,,,경기,,,,,active
59,38,아이티센,People & Culture,https://itcen.com/empmn/info/page.do,"People & Culture ITCEN GROUP ITCEN FAMILY 제품/서비스 인사이트 지속가능경영 뉴스룸 채용 People & Culture 채용정보 채용공고 정기 공채와 수시 채용을 통해 인재를 선발합니다. 다양한 IT 분야의 전문가들과 함께 당신의 꿈을 펼쳐보세요. 지원하기 People & Culture 채용정보 안내 채용 절차 안내 신입 STEP 01 서류전형 STEP 02 면접전형 STEP 03 인적성 & 역량평가 STEP 04 채용확정교육 STEP 05 채용검진 STEP 06 최종입사 경력 STEP 01 서류전형 STEP 02 1차 면접(실무) STEP 03 2차 면접(임원, 필요시 진행) STEP 04 채용검진 STEP 05 최종입사 Key Point 직군에 따라 필요한 역량이 다르기 때문에 세부적인 전형 프로세스에는 약간의 차이가 있습니다. 신입 개발직은 그룹 공채로 진행되며 직무 이해도 및 기초자질 검증에 초점을 두고 전형을 운영합니다. 전형 합격자를 대상으로 채용확정교육을 실시하여 당사에 필요한 직무 역량을 Skill-Up할 수 있는 기회를 부여하며, 교육 수료 후 각 법인별 채용 수요에 따라 인력을 배정하는 채용 프로세스가 진행됩니다. 일반직 및 경력 개발직은 부서별 채용 수요에 따라 상시 채용을 진행하고 있으며, 직무 능력 검증 및 성과 창출 가능성에 중점을 두어 전형을 진행합니다. 채용 절차 Q&A 구분 상세내용 더보기 알림","People & Culture ITCEN GROUP ITCEN FAMILY 제품/서비스 인사이트 지속가능경영 뉴스룸 채용 People & Culture 채용정보 채용공고 정기 공채와 수시 채용을 통해 인재를 선발합니다. 다양한 IT 분야의 전문가들과 함께 당신의 꿈을 펼쳐보세요. 지원하기 People & Culture 채용정보 안내 채용 절차 안내 신입 STEP 01 서류전형 STEP 02 면접전형 STEP 03 인적성 & 역량평가 STEP 04 채용확정교육 STEP 05 채용검진 STEP 06 최종입사 경력 STEP 01 서류전형 STEP 02 1차 면접(실무) STEP 03 2차 면접(임원, 필요시 진행) STEP 04 채용검진 STEP 05 최종입사 Key Point 직군에 따라 필요한 역량이 다르기 때문에 세부적인 전형 프로세스에는 약간의 차이가 있습니다. 신입 개발직은 그룹 공채로 진행되며 직무 이해도 및 기초자질 검증에 초점을 두고 전형을 운영합니다. 전형 합격자를 대상으로 채용확정교육을 실시하여 당사에 필요한 직무 역량을 Skill-Up할 수 있는 기회를 부여하며, 교육 수료 후 각 법인별 채용 수요에 따라 인력을 배정하는 채용 프로세스가 진행됩니다. 일반직 및 경력 개발직은 부서별 채용 수요에 따라 상시 채용을 진행하고 있으며, 직무 능력 검증 및 성과 창출 가능성에 중점을 두어 전형을 진행합니다. 채용 절차 Q&A 구분 상세내용 더보기 알림",,"안내 신입 STEP 01 서류전형 STEP 02 면접전형 STEP 03 인적성 & 역량평가 STEP 04 채용확정교육 STEP 05 채용검진 STEP 06 최종입사 경력 STEP 01 서류전형 STEP 02 1차 면접(실무) STEP 03 2차 면접(임원, 필요시 진행) STEP 04 채용검진 STEP 05 최종입사 Key Point 직군에 따라 필요한 역량이 다르기 때문에 세부적인 전형 프로세스에는 약간의 차이가 있습니다. 신입 개발직은 그룹 공채로 진행되며 직무 이해도 및 기초자질 검증에 초점을 두고 전형을 운영합니다. 전형 합격자를 대상으로 채용확정교육을 실시하여 당사에 필요한 직무 역량을 Skill-Up할 수 있는 기회를 부여하며, 교육 수료 후 각 법인별 채용 수요에 따라 인력을 배정하는 채용 프로세스가 진행됩니다. 일반직 및 경력 개발직은 부서별 채용 수요에 따라 상시 채용을 진행하고 있으며, 직무 능력 검증 및 성과 창출 가능성에 중점을 두어 전형을 진행합니다.",,,,,,,active
60,39,씨에스텍,원하는 인재상,http://www.cstlab.co.kr/page/sub4_1#job-b4e05ce9-0,"열정과 책임감을 가지고 함께 성장하며 즐겁게 일할 유능한 인재를 모집하고 있습니다. 모집분야 근무조건 근무형태 : 정규직 (신입사원은 수습기간 3개월) 근무일시 : 주 5일 (09:00 ~ 18:00) 우대사항: 전기 / 전자 / 정보통신 관련 전공자, KS Q ISO/IEC 17025 및 측정불확도 교육 이수, 합격자 복리후생 성과급 식사제공 유류비 지원 기숙사 지원 경조사 지원 기념일 선물(생일, 명절) 업무 관련 교육비 지원 퇴직연금 4대 보험 채용절차 채용문의 Tel : 031-493-2001 / E-mail : webmaster@cstlab.co.kr",,,,교육비,,,,,,active
61,39,씨에스텍,근무조건,http://www.cstlab.co.kr/page/sub4_1#job-d607350a-2,"근무형태 : 정규직 (신입사원은 수습기간 3개월) 근무일시 : 주 5일 (09:00 ~ 18:00) 우대사항: 전기 / 전자 / 정보통신 관련 전공자, KS Q ISO/IEC 17025 및 측정불확도 교육 이수, 합격자",,,,,,,,,,active
62,43,인포바인,사람이 중심이 되는 세상을 준비합니다.,https://www.infovine.co.kr/m61.php,"본문 바로가기(Skip Contents) HOME · CONTACT US · SITEMAP | KOREAN · ENGLISH CEO 인사말 HISTORY CONTACT US UBIKEY ONEKEEPER 블랙박스분석 부동산레터 GAMES / ENTERTAINMENT SUPERPASS 공시정보 인재상&복리후생 인재채용 사람이 중심이 되는 세상을 준비합니다. 인재상&복리후생 인재채용 인재상&복리후생 인포바인은 인재들의 다양성과 개성을 존중 하고 능력과 업적에 따라 대우받고 역할을 수행할 수 있는 제도의 정착에 최선을 다합니다. ""올바른 가치관을 지닌 사회인 "" 개인적인 능력을 앞세우기 보다는 더불어 일하는 조직의 구성원으로서 서로 신뢰하고 존중하는 가운데 자신의 역할과 책임을 다하는 사람이야 말로 ""인포바인""에서 꼭 필요로 하는 인재입니다 ""최고를 목표로 도전하는 전문인 "" 현재 수준에 만족하기 보다는 스스로가 해당분야의 전문가라는 인식을 가지고, 끊임없이 공부하며, 호기심과 도전의욕을 가지고 보다 높은 목표로 도전하는 전문인이 ""인포바인""이 꿈꾸는 인재입니다. ""새로운 가치를 창출하는 창조인 "" 새로운 가치와 아이디어를 창출해낼 수 있으며, 정형화된 틀 안에서 사고하고 행동하기 보다는 창의적인 발상으로 새로운 가치를 창출하는 사람이야 말로 ""인포바인""의 인재상입니다. 복리후생제도 경조휴가 및 경조금 지원 결혼, 상조 등의 경조사 발생 시 경조금 지급 선택적 복리후생제도 임직원 개개인의 관심사에 맞게 자유롭게 복리후생 플랜을 설계하여 자기 계발, 문화/레저 등 자유롭게 사용 가능 휴가 및 콘도지원 건전한 여가선용 및 휴식을 위해 전국 주요관광지 콘도 임직원 할인 지원 자기계발 지원 업무에 필요한 자격증 취득을 위한 교육비 및 도서 구입비를 지원 포상제도/각종 기념일 선물 지급 매년 말 우수사원 표창 선발 및 포상 설, 추석, 생일 등에 소정의 선물을 지급, 근속1년 피복비 지원 종합건강검진 및 독감예방접종 지원 매년 임직원의 건강유지를 위해 종합건강검진과 독감 예방 접종을 실시 연말행사 문화행사의 일환으로 뮤지컬, 콘서트 등 단체관람 실시 사내대출제도 주택 구입 또는 임차 시, 생활 보조가 필요할 때 일정 한도 내에서 낮은 금리로 자금을 지원 ﻿ COMPANY CEO 인사말 HISTORY CONTACT US BUSINESS UBIKEY ONEKEEPER 블랙박스분석 부동산레터 GAMES / ENTERTAINMENT SUPERPASS R&D IR 공시정보 NOTICE RECRUIT 인재상&복리후생 인재채용 개인정보보호취급정책 찾아오시는길 (우) 07320 서울특별시 영등포구 여의대로 24, 40층 (여의도동,전국경제인연합회회관) 대표이사 권성준 | 대표번호 02-3775-3366 | FAX 02-718-1610 | 사업자등록번호 106-81-86362",,,,"건강검진, 경조휴가, 교육비",서울,계약직,,,,active
63,43,인포바인,사람이 중심이 되는 세상을 준비합니다.,https://www.infovine.co.kr/m62.php,"본문 바로가기(Skip Contents) HOME · CONTACT US · SITEMAP | KOREAN · ENGLISH CEO 인사말 HISTORY CONTACT US UBIKEY ONEKEEPER 블랙박스분석 부동산레터 GAMES / ENTERTAINMENT SUPERPASS 공시정보 인재상&복리후생 인재채용 사람이 중심이 되는 세상을 준비합니다. 인재상&복리후생 인재채용 인재채용 인포바인의 채용절차를 확인 하실 수 있습니다. 인재를 소중히 여기는 인포바인에서 여러분의 역량을 마음껏 발휘해 보시기 바랍니다. 채용 프로세스 채용 유형에 따라 세부 프로세스 및 내용에 일부 차이가 있을 수 있으나, 대부분 아래와 같은 절차를 거쳐 채용이 진행됩니다. 입사지원 서류심사 1차면접(실무면접) 2차면접(임원) 최종합격 지원 방법 입사 지원 양식에 맞추어 해당 항목들을 기입하셔서 이메일로 제출하시면 됩니다. 입사 지원서 양식 다운로드 채용 문의 채용에 관해 문의가 필요하신 경우, recruit@infovine.co.kr 로 연락 주시면 답변 드리겠습니다. 참고 사항 모집 부문, 전화번호는 반드시 기재하셔야 합니다. 제출된 서류는 반환하지 않습니다. 입사 지원 ﻿ COMPANY CEO 인사말 HISTORY CONTACT US BUSINESS UBIKEY ONEKEEPER 블랙박스분석 부동산레터 GAMES / ENTERTAINMENT SUPERPASS R&D IR 공시정보 NOTICE RECRUIT 인재상&복리후생 인재채용 개인정보보호취급정책 찾아오시는길 (우) 07320 서울특별시 영등포구 여의대로 24, 40층 (여의도동,전국경제인연합회회관) 대표이사 권성준 | 대표번호 02-3775-3366 | FAX 02-718-1610 | 사업자등록번호 106-81-86362",,,"본문 바로가기(Skip Contents) HOME · CONTACT US · SITEMAP | KOREAN · ENGLISH CEO 인사말 HISTORY CONTACT US UBIKEY ONEKEEPER 블랙박스분석 부동산레터 GAMES / ENTERTAINMENT SUPERPASS 공시정보 인재상&복리후생 인재채용 사람이 중심이 되는 세상을 준비합니다. 인재상&복리후생 인재채용 인재채용 인포바인의 채용절차를 확인 하실 수 있습니다. 인재를 소중히 여기는 인포바인에서 여러분의 역량을 마음껏 발휘해 보시기 바랍니다. 채용 프로세스 채용 유형에 따라 세부 프로세스 및 내용에 일부 차이가 있을 수 있으나, 대부분 아래와 같은 절차를 거쳐 채용이 진행됩니다. 입사지원 서류심사 1차면접(실무면접) 2차면접(임원) 최종합격 지원 방법 입사 지원 양식에 맞추어 해당 항목들을 기입하셔서 이메일로 제출하시면 됩니다. 입사 지원서 양식 다운로드 채용 문의 채용에 관해 문의가 필요하신 경우, recruit@infovine.co.kr 로 연락 주시면 답변 드리겠습니다. 참고 사항 모집 부문, 전화번호는 반드시 기재하셔야 합니다. 제출된 서류는 반환하지 않습니다. 입사 지원 ﻿ COMPANY CEO 인사말 HISTORY CONTACT US BUSINESS UBIKEY ONEKEEPER 블랙박스분석 부동산레터 GAMES / ENTERTAINMENT SUPERPASS R&D IR 공시정보 NOTICE RECRUIT 인재상&복리후생 인재채용 개인정보보호취급정책 찾아오시는길 (우) 07320 서울특별시 영등포구 여의대로 24, 40층 (여의도동,전국경제인연합회회관) 대표이사 권성준 | 대표번호 02-3775-3366 | FAX 02-718-1610 | 사업자등록번호 106-81-86362 COPYRIGHT(C)2016 INFOVINE ALL RIGHT RESERVED. Family site UBIKEY SUPERPASS VINE ENTERTAINMENT (주)인포바인 개인정보 취급방침 주식회사 인포바인(이하 “회사”)는 이용자의 개인정보를 중요시하며, 『정보통신망 이용촉진 및 정보보호 등에 관한 법률』 상의 『개인정보보호 규정』 및 『개인정보보호법』을 준수하며, 관련 법령에 의거한 개인정보취급방침을 정하여 이용자 권익 보호에 최선을 다하고 있습니다. 회사는 개인정보 취급방침을 통하여 이용자가 제공하는 개인정보가 어떠한 용도와 방식으로 이용되고 있으며, 개인정보 보호를 위해 어떠한 조치가 취해지고 있는 지 알려드립니다. 회사는 개인정보 취급방침을 개정하는 경우 웹사이트 공지사항(또는 개별공지)을 통하여 공지할 것입니다. 본 개인정보취급방침은 회사가 제공하는 휴대폰 공인인증서 전송 및 전자서명 서비스 이용에 적용되며 다음과 같은 내용을 담고 있습니다. • 개인정보의 수집 및 이용 목적 • 개인정보의 처리 및 보유기간 • 개인정보의 제3자 제공 • 개인정보의 취급 위탁 • 권리∙의무 및 행사방법 • 개인정보의 파기 • 개인정보의 안전성 확보조치 • 개인정보 보호책임자 • 권익침해 구제방법 • 고지의무 제 1조 개인정보의 수집 및 이용 목적 회사는 다음의 목적을 위하여 개인정보를 처리합니다. 처리하고 있는 개인정보는 다음의 목적 이외의 용도로는 이용되지 않으며, 이용 목적이 변경되는 경우에는 『개인정보 보호법』 제18조에 따라 별도의 동의를 받는 등 필요한 조치를 이행할 예정입니다. 가) 개인정보 수집 항목 • [서비스 이용] • - 휴대폰 가입통신사, 휴대폰 번호, 휴대폰 모델명, 서비스 이용 정보 • - IP 주소, 서비스 접속 일시, 서비스 이용기록, SMS 전송 기록 • [홈페이지 고객 문의] • - 휴대폰 가입통신사, 휴대폰 번호, 고객명, 이메일, 문의내용 나) 개인정보 수집 방법 • 회사는 다음과 같은 방법으로 개인정보를 수집합니다. • - PC 및 휴대폰 어플리케이션, 홈페이지 상담 게시판, 전화, 이메일 • - 협력회사로부터의 제공 다) 이용 목적 • 휴대폰 인증서 서비스(UBIKEY)(이하 “서비스”)의 제공, 유지, 관리, 서비스 분석을 위한 자료활용, 분쟁 해결, 민원 처리, 법령상 의무이행 라) 회사의 개인정보 처리업무 • 서비스 해지 시 개인정보 수집, 이용이 철회 됩니다. ※ 자동수집 장치인 쿠키를 사용하지 않습니다 . 제 2조 개인정보의 처리 및 보유기간 회사는 법령에 따른 개인정보 보유∙이용기간 또는 정보주체로부터 개인정보를 수집시에 동의 받은 개인정보 보유∙이용기간 내에서 개인정보를 처리∙보유합니다. 각각의 개인정보 처리 및 보유 기간은 다음과 같습니다. 보존항목/내용 보존기간 보존근거/사유 거래에 관한 장부 및 증빙서류 5년 국세기본법, 법인세법, 부가가치세법 등 대금결제 및 재화 등의 공급에 관한 기록 5년 전자상거래 등에서의 소비자 보호에 관한 법률 본인확인에 관한 기록 6개월 정보통신 이용촉진 및 정보보호 등에 관한 법률 계약 또는 청약철회 등에 관한 기록 5년 전자상거래 등에서의 소비자보호에 관한 법률 소비자의 불만 또는 분쟁처리에 관한 기록 3년 전자상거래 등에서의 소비자보호에 관한 법률 ※ 그 외, 법률에 정해진 개인정보 보유기간이 있을 경우 그에 따름 제 3조 개인정보의 제3자 제공 회사는 정보주체의 개인정보를 제1조(개인정보의 처리 목적)에서 명시한 범위 내에서만 처리하며, 정보주체의 동의, 법률의 특별한 규정 등 『개인정보 보호법』 제17조 및 제18조에 해당하는 경우에만 개인정보를 제3자에게 제공합니다. 회사는 다음과 같이 개인정보를 제3자에게 제공하고 있습니다. 제공받는 자 제공목적 제공항목 보유기간 이동통신사(SKT, KT, LGU+) 부가서비스 가입/해지, 서비스 제공, 월정액 정산 휴대폰 번호 서비스 해지 후 정산 완료 시까지 (단, 법령에 정해진 개인정보 보유기간이 있을 경우 그에 따름) 제 4조 개인정보의 취급 위탁 회사는 원활한 개인정보 업무처리를 위하여 다음과 같이 개인정보 처리업무를 위탁하고 있습니다. 수탁받는 자 수탁받는 자 수탁하는 업무의 내용 SK플래닛 주식회사 서비스 가입/해지 조회, 정산업무 회사는 위탁계약 체결시 『개인정보 보호법』 제25조에 따라 위탁업무 수행목적 외 개인정보 처리금지, 기술적∙관리적 보호조치, 재위탁 제한, 수탁자에 대한 관리∙감독, 손해배상 등 책임에 관한 사항을 계약서등 문서에 명시하고, 수탁자가 개인정보를 안전하게 처리하는지를 감독하고 있습니다. 위탁업무의 내용이나 수탁자가 변경될 경우에는 지체 없이 본 개인정보 취급방침을 통하여 공개하도록 하겠습니다. 제 5조 정보주체의 권리∙의무 및 행사방법 정보주체는 회사에 대해 언제든지 다음 각 호의 개인정보 보호 관련 권리를 행사할 수 있습니다. 가) 개인정보 열람요구 나) 오류 등이 있을 경우 정정 요구 다) 삭제 요구 라) 처리정지 요구 제1항에 따른 권리 행사는 회사에 대해 『개인정보 보호법 시행규칙』 별지 제8호 서식에 따라 서면, 전자우편, 모사전송(FAX) 등을 통하여 하실 수 있으며 회사는 이에 대해 지체 없이 조치하겠습니다. 정보주체가 개인정보의 오류 등에 대한 정정 또는 삭제를 요구한 경우에는 회사는 정정 또는 삭제를 완료할 때까지 당해 개인정보를 이용하거나 제공하지 않습니다. 제1항에 따른 권리 행사는 정보주체의 법정대리인이나 위임을 받은 자 등 대리인을 통하여 하실 수 있습니다. 이 경우 『개인정보 보호법 시행규칙』 별지 제11호 서식에 따른 위임장을 제출하셔야 합니다. 제 6조 개인정보의 파기 회사는 수집한 개인정보의 보유기간 경과, 처리 목적 달성 등 개인정보가 불필요하게 되었을 때에는 지체 없이 해당 개인정보를 파기합니다. 정보주체로부터 동의 받은 개인정보 보유기간이 경과하거나 처리목적이 달성되었음에도 불구하고 다른 법령에 따라 개인정보를 계속 보존하여야 하는 경우에는, 해당 개인정보를 별도의 데이터베이스(DB)로 옮기거나 보관장소를 달리하여 보존합니다. 개인정보 파기의 절차 및 방법은 다음과 같습니다. 가. 파기 절차 보존기간이 경과하거나 목적이 달성된 개인정보는 회사의 『개인정보 보호규칙』에 따라 개인정보 보호책임자의 승인을 받아 엄격한 통제절차에 의거 파기를 실시하고 있습니다. 나. 파기 방법 회사는 전자적 파일 형태로 기록∙저장된 개인정보는 기록을 재생할 수 없도록 파기하며, 종이 문서에 기록∙저장된 개인정보는 분쇄기로 분쇄하거나 소각하여 파기합니다. 제 7조 개인정보의 안전성 확보조치 회사는 『개인정보보호법』 제29조에 따라 다음과 같이 개인정보 안전성 확보에 관한 기술적∙관리적∙물리적 조치를 취하고 있습니다. 가. 내부관리계획의 수립∙시행 • 회사는 『개인정보 보호규칙』 및 개인정보보호 종합 추진계획을 통하여 다음 사항이 포함된 내부관리계획을 수립∙시행하고 있습니다 . • - 개인정보 보호책임자의 지정에 관한 사항 • - 개인정보 보호책임자 및 개인정보취급자의 역할 및 책임에 관한 사항 • - 개인정보의 안전성 확보에 필요한 조치에 관한 사항 • - 개인정보취급자에 대한 교육에 관한 사항 • - 그 밖에 개인정보 보호를 위하여 필요한 사항 나. 접근권한의 관리 • - 개인정보처리시스템에 대한 접근권한을 업무 수행에 필요한 최소한의 범위로 업무 담당자에 따라 차등 부여하고 있습니다. • - 전보 또는 퇴직 등 인사이동이 발생하여 개인정보취급자가 변경되었을 경우 지체 없이 개인정보처리시스템의 접근권한을 변경 또는 말소하고 있으며, 권한 부여, 변경 또는 말소에 대한 내역을 기록하고, 그 기록을 일정 기간 보관하고 있습니다. • - 개인정보처리시스템에 대한 접근권한을 업무 수행에 필요한 최소한의 범위로 업무 담당자에 따라 차등 부여하고 있습니다. 다. 개인정보암호화 • 개인정보는 암호화 등을 통해 안전하게 저장∙관리되고 있습니다. 또한 개인정보 처리 시 중요 데이터를 DRM으로 관리하거나 파일 잠금 기능을 사용하는 등 별도 보안기능을 사용하고 있습니다. 라. 접속기록의 보관 및 위∙변조방지 • 개인정보취급자가 개인정보처리시스템에 접속한 기록을 최소 1년 이상 보관하고 있으며, 접속기록이 위∙변조 및 도난, 분실되지 않도록 해당 접속기록을 안전하게 보관하고 있습니다. 마. 보안프로그램 설치 및 운영 • 악성 프로그램 등을 방지 치료할 수 있는",,서울,계약직,,,,active
64,44,케이티클라우드,채용 | kt cloud,https://career.ktcloud.com/faq.html,"FAQ 자격요건 지원서 작성 전형 정보 기타 연령, 학력, 경력 등에 제한이 있나요? 신입사원은 4년제 학사 이상(졸업예정 포함)이라면 지원할 수 있으며, 나이와 경력에는 제한이 없습니다. 경력사원은 나이와 학력 제한이 없으며, 필요한 경력 기간은 직무마다 다르니 채용 공고를 확인해 주세요. 전공, 학점, 공인어학점수에 제한이 있나요? 지원 시 전공, 학점이나 공인어학점수 기준은 별도로 두고 있지 않습니다. 따라서 일정 학점이나 어학점수가 없어도 지원 가능합니다. 다만, 직무 특성에 따라 관련 전공이나 어학 능력은 우대 요건으로 적용될 수 있으니, 세부 사항은 채용 공고를 꼭 확인해 주세요. KT그룹 계열사와 중복 지원이 가능한가요? KT그룹 계열사와의 중복지원을 제한하고 있지 않습니다. 다만 타 그룹사의 지원 요건은 상이할 수 있으니, 지원하시는 채용 공고를 확인해 주시기 바랍니다. kt cloud의 다른 채용 공고와 중복 지원이 가능한가요? kt cloud에서 동시에 진행 중인 여러 채용 공고에는 중복 지원할 수 없습니다. 지원자는 한 번에 하나의 공고에만 지원할 수 있으며, 추후 다른 공고가 열리면 다시 지원하실 수 있습니다. 외국인도 지원 가능한가요? 네, 국적에 관계없이 지원 가능합니다. 다만, 입사 시 취업에 필요한 비자 등 법적 요건을 충족해야 합니다. 면접은 원칙적으로 한국어로 진행되니 참고해주세요. 최종 제출 후 지원서 수정, 제출 취소가 가능한가요? 최종 제출 후에는 지원서를 수정 및 취소할 수 없습니다. 제출 전에 반드시 신중히 확인한 뒤 제출해 주세요. 접수 마감 후 제출한 지원서를 열람할 수 있나요? 접수 마감 후에는 지원서를 확인할 수 없습니다. 마감 전에 반드시 저장 및 제출 여부를 확인해 주세요. 지원서가 정상적으로 제출되었는지 확인 가능한가요? 지원서 제출이 완료되면 기재하신 이메일 주소로 접수 완료 메일이 발송됩니다. 메일을 확인해 주시기 바라며, 메일을 받지 못한 경우에는 KT그룹 채용 홈페이지 1:1문의를 통해 문의해 주세요. 지원서 작성 중 오류가 발생한 경우 어떻게 해야 하나요? 지원서 작성 중 오류가 발생하면 KT그룹 채용 홈페이지의 1:1문의 메뉴를 통해 문의해 주시기 바랍니다. 확인 후 빠르게 안내드리겠습니다. 지원했는데 진행 중 공고 목록에서 조회되지 않습니다. 영입이 종료된 건가요? 공고 진행 상태에 따라 시스템에서 일시적으로 조회되지 않거나 표시 방식이 달라질 수 있습니다. 이는 지원서 제출 여부와 무관하니 걱정하지 않으셔도 됩니다. 지원서가 정상 제출된 경우, 서류 검토 후 결과를 기재하신 이메일로 안내드리니 메일을 확인해 주세요. 만약 접수 완료 메일을 받지 못했거나 오류가 계속될 경우에는 KT그룹 채용 홈페이지 1:1문의를 통해 문의해 주시기 바랍니다. 면접 참가확인서를 받으려면 어떻게 해야 하나요? 면접 참가확인서가 필요하신 경우, KT그룹 채용 홈페이지의 1:1문의 메뉴를 통해 요청해 주시기 바랍니다. 확인 후 발급 방법을 안내해 드립니다. 개인적인 사정으로 인하여 전형을 중도에 포기할 경우, 추후 지원 관련 불이익이 있나요? 전형을 중도에 포기하실 경우, 해당 전형은 자동 불합격 처리되지만 추후 다른 채용 공고 지원시 불이익은 없습니다. 면접 복장을 어떻게 입어야 하나요? 면접 복장에 대한 별도 규정을 두고 있지 않습니다. 단정하면서도 지원자님이 편안하게 면접을 응시하실 수 있는 복장을 선택해 주시면 좋습니다. 면접은 어떤 방식으로 진행되나요? 원칙적으로 대면 면접으로 진행되며, 필요 시 온라인(비대면)으로 전환될 수 있습니다. 또한, 일부 채용은 AI 면접이 포함될 수 있으니, 세부 전형 방식은 반드시 채용 공고를 확인해 주세요. 면접 일정 변경이 가능한가요? 면접 일정은 원칙적으로 변경이 불가합니다. 부득이한 사정이 있는 경우, 반드시 사전에 문의해 주세요. 전형 관련 피드백을 받을 수 있나요? 전형 결과는 내부 심사 기준에 따라 종합적으로 결정되며, 개별 피드백은 제공이 어렵습니다. 지원자분들의 양해 부탁드립니다. 전형 소요 기간은 얼마나 걸리나요? 전형별 일정은 채용 공고와 개별 안내에 따라 달라질 수 있습니다. 정기 채용의 경우, 서류전형부터 최종 합격 발표까지 일반적으로 약 6~10주 정도 소요됩니다. 다만, 상시채용의 경우에는 모집 직무와 시점에 따라 진행 기간이 더 길어질 수 있습니다. 코딩테스트는 어떤 형식으로 출제되나요? 코딩테스트는 직무에 따라 온라인 플랫폼을 통해 진행되며, 알고리즘 문제 풀이 또는 직무 관련 실무형 과제가 출제될 수 있습니다. 구체적인 출제 형식과 응시 방법은 채용 공고 및 안내 메일을 통해 별도로 안내드립니다. 합격/불합격 발표는 어떻게 하나요? 각 전형 결과는 합격 여부와 관계없이 모두 기재하신 이메일로 안내드립니다. 다만, 내부 사정에 따라 발표가 다소 지연될 수 있습니다. 결과 안내 메일은 전형 종료 후 순차적으로 발송되니 꼭 확인해 주시기 바랍니다. 입사 후 수습기간이 있나요? 공고에 별도 명시된 경우 수습기간이 적용되며, 명시되지 않은 경우에는 수습기간이 운영되지 않습니다. 연봉이나 처우는 어떻게 결정되나요? 연봉 및 처우는 회사 내규와 직무·경력·역량 등을 종합적으로 고려하여 개별 산정됩니다. 장애인·보훈대상자 우대가 있나요? 관련 법령에 따라 장애인 및 보훈대상자는 전형 과정에서 우대합니다. 계약직으로 입사할 경우 근무기간은 어떻게 되나요? 계약직의 최초 계약기간은 1년입니다. 다만, 프로젝트 계약직의 경우에는 프로젝트 기간에 따라 계약기간이 달라질 수 있습니다. 기타 궁금한 점은 어느 경로로 문의하면 되나요? KT그룹 채용 홈페이지 1:1문의를 통해 문의해 주시기 바랍니다. Top 이동","FAQ 자격요건 지원서 작성 전형 정보 기타 연령, 학력, 경력 등에 제한이 있나요? 신입사원은 4년제 학사 이상(졸업예정 포함)이라면 지원할 수 있으며, 나이와 경력에는 제한이 없습니다. 경력사원은 나이와 학력 제한이 없으며, 필요한 경력 기간은 직무마다 다르니 채용 공고를 확인해 주세요. 전공, 학점, 공인어학점수에 제한이 있나요? 지원 시 전공, 학점이나 공인어학점수 기준은 별도로 두고 있지 않습니다. 따라서 일정 학점이나 어학점수가 없어도 지원 가능합니다. 다만, 직무 특성에 따라 관련 전공이나 어학 능력은 우대 요건으로 적용될 수 있으니, 세부 사항은 채용 공고를 꼭 확인해 주세요. KT그룹 계열사와 중복 지원이 가능한가요? KT그룹 계열사와의 중복지원을 제한하고 있지 않습니다. 다만 타 그룹사의 지원 요건은 상이할 수 있으니, 지원하시는 채용 공고를 확인해 주시기 바랍니다. kt cloud의 다른 채용 공고와 중복 지원이 가능한가요? kt cloud에서 동시에 진행 중인 여러 채용 공고에는 중복 지원할 수 없습니다. 지원자는 한 번에 하나의 공고에만 지원할 수 있으며, 추후 다른 공고가 열리면 다시 지원하실 수 있습니다. 외국인도 지원 가능한가요? 네, 국적에 관계없이 지원 가능합니다. 다만, 입사 시 취업에 필요한 비자 등 법적 요건을 충족해야 합니다. 면접은 원칙적으로 한국어로 진행되니 참고해주세요. 최종 제출 후 지원서 수정, 제출 취소가 가능한가요? 최종 제출 후에는 지원서를 수정 및 취소할 수 없습니다. 제출 전에 반드시 신중히 확인한 뒤 제출해 주세요. 접수 마감 후 제출한 지원서를 열람할 수 있나요? 접수 마감 후에는 지원서를 확인할 수 없습니다. 마감 전에 반드시 저장 및 제출 여부를 확인해 주세요. 지원서가 정상적으로 제출되었는지 확인 가능한가요? 지원서 제출이 완료되면 기재하신 이메일 주소로 접수 완료 메일이 발송됩니다. 메일을 확인해 주시기 바라며, 메일을 받지 못한 경우에는 KT그룹 채용 홈페이지 1:1문의를 통해 문의해 주세요. 지원서 작성 중 오류가 발생한 경우 어떻게 해야 하나요? 지원서 작성 중 오류가 발생하면 KT그룹 채용 홈페이지의 1:1문의 메뉴를 통해 문의해 주시기 바랍니다. 확인 후 빠르게 안내드리겠습니다. 지원했는데 진행 중 공고 목록에서 조회되지 않습니다. 영입이 종료된 건가요? 공고 진행 상태에 따라 시스템에서 일시적으로 조회되지 않거나 표시 방식이 달라질 수 있습니다. 이는 지원서 제출 여부와 무관하니 걱정하지 않으셔도 됩니다. 지원서가 정상 제출된 경우, 서류 검토 후 결과를 기재하신 이메일로 안내드리니 메일을 확인해 주세요. 만약 접수 완료 메일을 받지 못했거나 오류가 계속될 경우에는 KT그룹 채용 홈페이지 1:1문의를 통해 문의해 주시기 바랍니다. 면접 참가확인서를 받으려면 어떻게 해야 하나요? 면접 참가확인서가 필요하신 경우, KT그룹 채용 홈페이지의 1:1문의 메뉴를 통해 요청해 주시기 바랍니다. 확인 후 발급 방법을 안내해 드립니다. 개인적인 사정으로 인하여 전형을 중도에 포기할 경우, 추후 지원 관련 불이익이 있나요? 전형을 중도에 포기하실 경우, 해당 전형은 자동 불합격 처리되지만 추후 다른 채용 공고 지원시 불이익은 없습니다. 면접 복장을 어떻게 입어야 하나요? 면접 복장에 대한 별도 규정을 두고 있지 않습니다. 단정하면서도 지원자님이 편안하게 면접을 응시하실 수 있는 복장을 선택해 주시면 좋습니다. 면접은 어떤 방식으로 진행되나요? 원칙적으로 대면 면접으로 진행되며, 필요 시 온라인(비대면)으로 전환될 수 있습니다. 또한, 일부 채용은 AI 면접이 포함될 수 있으니, 세부 전형 방식은 반드시 채용 공고를 확인해 주세요. 면접 일정 변경이 가능한가요? 면접 일정은 원칙적으로 변경이 불가합니다. 부득이한 사정이 있는 경우, 반드시 사전에 문의해 주세요. 전형 관련 피드백을 받을 수 있나요? 전형 결과는 내부 심사 기준에 따라 종합적으로 결정되며, 개별 피드백은 제공이 어렵습니다. 지원자분들의 양해 부탁드립니다. 전형 소요 기간은 얼마나 걸리나요? 전형별 일정은 채용 공고와 개별 안내에 따라 달라질 수 있습니다. 정기 채용의 경우, 서류전형부터 최종 합격 발표까지 일반적으로 약 6~10주 정도 소요됩니다. 다만, 상시채용의 경우에는 모집 직무와 시점에 따라 진행 기간이 더 길어질 수 있습니다. 코딩테스트는 어떤 형식으로 출제되나요? 코딩테스트는 직무에 따라 온라인 플랫폼을 통해 진행되며, 알고리즘 문제 풀이 또는 직무 관련 실무형 과제가 출제될 수 있습니다. 구체적인 출제 형식과 응시 방법은 채용 공고 및 안내 메일을 통해 별도로 안내드립니다. 합격/불합격 발표는 어떻게 하나요? 각 전형 결과는 합격 여부와 관계없이 모두 기재하신 이메일로 안내드립니다. 다만, 내부 사정에 따라 발표가 다소 지연될 수 있습니다. 결과 안내 메일은 전형 종료 후 순차적으로 발송되니 꼭 확인해 주시기 바랍니다. 입사 후 수습기간이 있나요? 공고에 별도 명시된 경우 수습기간이 적용되며, 명시되지 않은 경우에는 수습기간이 운영되지 않습니다. 연봉이나 처우는 어떻게 결정되나요? 연봉 및 처우는 회사 내규와 직무·경력·역량 등을 종합적으로 고려하여 개별 산정됩니다. 장애인·보훈대상자 우대가 있나요? 관련 법령에 따라 장애인 및 보훈대상자는 전형 과정에서 우대합니다. 계약직으로 입사할 경우 근무기간은 어떻게 되나요? 계약직의 최초 계약기간은 1년입니다. 다만, 프로젝트 계약직의 경우에는 프로젝트 기간에 따라 계약기간이 달라질 수 있습니다. 기타 궁금한 점은 어느 경로로 문의하면 되나요? KT그룹 채용 홈페이지 1:1문의를 통해 문의해 주시기 바랍니다. Top 이동","요건으로 적용될 수 있으니, 세부 사항은 채용 공고를 꼭 확인해 주세요. KT그룹 계열사와 중복 지원이 가능한가요? KT그룹 계열사와의 중복지원을 제한하고 있지 않습니다. 다만 타 그룹사의 지원 요건은 상이할 수 있으니, 지원하시는 채용 공고를 확인해 주시기 바랍니다. kt cloud의 다른 채용 공고와 중복 지원이 가능한가요? kt cloud에서 동시에 진행 중인 여러 채용 공고에는 중복 지원할 수 없습니다. 지원자는 한 번에 하나의 공고에만 지원할 수 있으며, 추후 다른 공고가 열리면 다시 지원하실 수 있습니다. 외국인도 지원 가능한가요? 네, 국적에 관계없이 지원 가능합니다. 다만, 입사 시 취업에 필요한 비자 등 법적 요건을 충족해야 합니다. 면접은 원칙적으로 한국어로 진행되니 참고해주세요. 최종 제출 후 지원서 수정, 제출 취소가 가능한가요? 최종 제출 후에는 지원서를 수정 및 취소할 수 없습니다. 제출 전에 반드시 신중히 확인한 뒤 제출해 주세요. 접수 마감 후 제출한 지원서를 열람할 수 있나요? 접수 마감 후에는 지원서를 확인할 수 없습니다. 마감 전에 반드시 저장 및 제출 여부를 확인해 주세요. 지원서가 정상적으로 제출되었는지 확인 가능한가요? 지원서 제출이 완료되면 기재하신 이메일 주소로 접수 완료 메일이 발송됩니다. 메일을 확인해 주시기 바라며, 메일을 받지 못한 경우에는 KT그룹 채용 홈페이지 1:1문의를 통해 문의해 주세요. 지원서 작성 중 오류가 발생한 경우 어떻게 해야 하나요? 지원서 작성 중 오류가 발생하면 KT그룹 채용 홈페이지의 1:1문의 메뉴를 통해 문의해 주시기 바랍니다. 확인 후 빠르게 안내드리겠습니다. 지원했는데 진행 중 공고 목록에서 조회되지 않습니다. 영입이 종료된 건가요? 공고 진행 상태에 따라 시스템에서 일시적으로 조회되지 않거나 표시 방식이 달라질 수 있습니다. 이는 지원서 제출 여부와 무관하니 걱정하지 않으셔도 됩니다. 지원서가 정상 제출된 경우, 서류 검토 후 결과를 기재하신 이메일로 안내드리니 메일을 확인해 주세요. 만약 접수 완료 메일을 받지 못했거나 오류가 계속될 경우에는 KT그룹 채용 홈페이지 1:1문의를 통해 문의해 주시기 바랍니다. 면접 참가확인서를 받으려면 어떻게 해야 하나요? 면접 참가확인서가 필요하신 경우, KT그룹 채용 홈페이지의 1:1문의 메뉴를 통해 요청해 주시기 바랍니다. 확인 후 발급 방법을 안내해 드립니다. 개인적인 사정으로 인하여 전형을 중도에 포기할 경우, 추후 지원 관련 불이익이 있나요? 전형을 중도에 포기하실 경우, 해당 전형은 자동 불합격 처리되지만 추후 다른 채용 공고 지원시 불이익은 없습니다. 면접 복장을 어떻게 입어야 하나요? 면접 복장에 대한 별도 규정을 두고 있지 않습니다. 단정하면서도 지원자님이 편안하게 면접을 응시하실 수 있는 복장을 선택해 주시면 좋습니다. 면접은 어떤 방식으로 진행되나요? 원칙적으로 대면 면접으로 진행되며, 필요 시 온라인(비대면)으로 전환될 수 있습니다. 또한, 일부 채용은 AI 면접이 포함될 수 있으니, 세부 전형 방식은 반드시 채용 공고를 확인해 주세요. 면접 일정 변경이 가능한가요? 면접 일정은 원칙적으로 변경이 불가합니다. 부득이한 사정이 있는 경우, 반드시 사전에 문의해 주세요. 전형 관련 피드백을 받을 수 있나요? 전형 결과는 내부 심사 기준에 따라 종합적으로 결정되며, 개별 피드백은 제공이 어렵습니다. 지원자분들의 양해 부탁드립니다. 전형 소요 기간은 얼마나 걸리나요? 전형별 일정은 채용 공고와 개별 안내에 따라 달라질 수 있습니다. 정기 채용의 경우, 서류전형부터 최종 합격 발표까지 일반적으로 약 6~10주 정도 소요됩니다. 다만, 상시채용의 경우에는 모집 직무와 시점에 따라 진행 기간이 더 길어질 수 있습니다. 코딩테스트는 어떤 형식으로 출제되나요? 코딩테스트는 직무에 따라 온라인 플랫폼을 통해 진행되며, 알고리즘 문제 풀이 또는 직무 관련 실무형 과제가 출제될 수 있습니다. 구체적인 출제 형식과 응시 방법은 채용 공고 및 안내 메일을 통해 별도로 안내드립니다. 합격/불합격 발표는 어떻게 하나요? 각 전형 결과는 합격 여부와 관계없이 모두 기재하신 이메일로 안내드립니다. 다만, 내부 사정에 따라 발표가 다소 지연될 수 있습니다. 결과 안내 메일은 전형 종료 후 순차적으로 발송되니 꼭 확인해 주시기 바랍니다. 입사 후 수습기간이 있나요? 공고에 별도 명시된 경우 수습기간이 적용되며, 명시되지 않은 경우에는 수습기간이 운영되지 않습니다. 연봉이나 처우는 어떻게 결정되나요? 연봉 및 처우는 회사 내규와 직무·경력·역량 등을 종합적으로 고려하여 개별 산정됩니다. 장애인·보훈대상자 우대가 있나요? 관련 법령에 따라 장애인 및 보훈대상자는 전형 과정에서 우대합니다. 계약직으로 입사할 경우 근무기간은 어떻게 되나요? 계약직의 최초 계약기간은 1년입니다. 다만, 프로젝트 계약직의 경우에는 프로젝트 기간에 따라 계약기간이 달라질 수 있습니다. 기타 궁금한 점은 어느 경로로 문의하면 되나요? KT그룹 채용 홈페이지 1:1문의를 통해 문의해 주시기 바랍니다. Top 이동",,,,계약직,,,,active
65,44,케이티클라우드,kt cloud 채용,https://career.ktcloud.com/recruit.html,"kt cloud 로고 메뉴 버튼 메뉴 닫기 버튼 25년 신입 채용 Work Culture People FAQ Apply kt cloud 홈페이지 테크 블로그 2025.09.08(월) - 2025.09.24(수) 지원하러 가기 모집직무 * 모든 채용 전형은 직군 단위로 평가 가 진행되며, 입사 후 배치 분야는 전형 결과와 회사의 인력 수요, 적합도 등을 종합적으로 고려하여 최종 결정됩니다. IT 직군 Biz 직군 Engineering 직군 Staff 직군 IT 직군 SW개발 주요 수행업무 클라우드 서비스 개발 (Cloud Native, AI, DevOps분야) 대규모 웹 어플리케이션 및 서버 개발 클라우드 자동화 플랫폼 개발 우대사항 컴퓨터공학, 정보통신, AI 등 IT 관련 전공자 Cloud보안 주요 수행업무 Cloud 보안서비스 기획 및 상품화 Cloud 보안인프라 설계, 구축 및 운영 Cloud 보안서비스 Software 개발 및 자동화 우대사항 보안, 컴퓨터 공학 등 관련 전공자 IT인프라운영 주요 수행업무 사내 시스템 (그룹웨어, ERP 등) 구축 및 운영 사내 보안 시스템 운영 및 정보보호 체계 수립 우대사항 컴퓨터 공학, 정보보호 등 관련 전공자 Biz 직군 영업/컨설팅 주요 수행업무 Cloud 및 Data Center 사업 분야 영업/컨설팅 전략 수립 신규 시장 발굴 전략 수립 및 고객 맞춤형 서비스 제안 B2B 고객 관리, 신규 고객 확보, 제안서 작성 채널, 기술파트너 발굴 및 협업 기획 등 우대사항 Cloud/Data Center 사업에 대한 전반적인 이해 서비스 기획 및 보고서 작성 역량 비즈니스 영어 가능자 사업관리 주요 수행업무 Cloud 및 Data Center 사업계획 및 전략 수립 고객 요구사항 분석 및 사업 성과 관리 상품기획 및 출시, 사업 운영 관리 우대사항 Cloud/Data Center 사업에 대한 전반적인 이해 비즈니스 영어 가능자 Engineering 직군 DC 기술 주요 수행업무 DC운용 품질 향상 및 구축 프로세스 관리 DC 인프라에 대한 전반적인 운용 및 관리 우대사항 전기, 네트워크 관련 전공자 유관 자격증 보유 (전기, 냉동공조, 네트워크 등) Staff 직군 경영기획 주요 수행업무 Cloud/Data Center 시장 분석을 기반으로 한 사업전략 수립 전사 경영계획 수립 및 손익 관리 전사 매출, 비용 구조 분석 경영진 의사결정 지원 (회의체 관리, 보고서 작성 등) 기타 대내/외 커뮤니케이션 우대사항 경영학, 경제학, 통계학 관련 전공 Cloud/DataCenter 사업에 대한 전반적인 이해 모집전형 근무지 수도권(서울/경기) * 근무지는 당사 상황에 따라 변동될 수 있습니다. 지원자격 정규 4년제 대학 졸업자 또는 졸업예정자(2026년 2월) 해외여행 및 체류에 결격 사유가 없는 자 남성의 경우 병역필 또는 면제자 채용절차 서류전형 10월 AI역량검사 / AI면접 10월 통합 원데이면접 11월 채용검진 12월 입사 1월 IT직군의 경우 AI역량검사/AI 면접 전형 시 코딩테스트가 포함되어 있습니다. 상기 전형 및 세부 일정은 상황에 따라 변동될 수 있으며, 전형별 대상자에게 별도 공지 예정입니다. 모집기간 ‘25년 9월 8일(월) ~ 9월 24일(수) 17:00 까지 주의사항 본 채용은 직군 단위로 평가 가 진행되며, 1개의 직군을 선택하여 지원하실 수 있습니다. 직군 내 선택하신 세부 분야는 지원자의 관심 및 희망을 확인하기 위한 참고용이며, 실제 배치 부서는 당사 인력 계획에 따라 결정됩니다. 접수 마감 이후에는 지원서 조회가 불가 하오니, 최종 제출 전 입사지원서를 반드시 저장하시기 바랍니다. KT그룹 계열사 간 중복지원이 가능합니다. (단, kt cloud의 타 채용 공고와 중복지원 불가) 입사지원서 기재사항이 허위로 판명되거나 채용 청탁 등 채용과 관련하여 부정행위가 확인될 경우 합격 또는 채용이 취소되며, 향후 kt cloud 채용에 응시할 수 없습니다. 접수 마감 시간에는 접속 인원이 증가할 수 있으니, 사전에 지원서를 제출해 주시기 바랍니다. 학력, 자격, 어학, 수상, 경력 등은 증빙 가능한 서류가 있는 경우에만 입력하시기 바랍니다. 본 채용의 최종 합격자에게는 학위나 경력에 관계없이 동일한 신입사원 처우를 제공합니다. 장애인 및 국가보훈 대상자는 관련 법령에 의거하여 우대합니다. 채용 오픈채팅 상담회 채용담당자에게 궁금한 점을 물어보세요! 2025.09.18(목) 15:00~16:00 참여방법 카카오톡오픈채팅방 “kt cloud 2025년 신입사원 채용 상담회” 검색 참여코드: 신입사원 지원 접수 마감일 6자리 (ex. 250101) 세션 시작시간 30분 전부터 입장 가능합니다. 오픈채팅 바로가기 지원 마감까지 00 일 00 시간 00 분 00 초 지원하러 가기 kt cloud 채용 자주 묻는 질문 kt cloud가 하는 일 더 알아보기 케클러가 일하는 문화 더 알아보기 케클러가 들려주는 업무, 성장 이야기 kt cloud 로고 COPYRIGHT kt cloud. ALL RIGHT RESERVED.",,"컴퓨터공학, 정보통신, AI 등 IT 관련 전공자 Cloud보안 주요 수행업무 Cloud 보안서비스 기획 및 상품화 Cloud 보안인프라 설계, 구축 및 운영 Cloud 보안서비스 Software 개발 및 자동화",,,서울,,,2025-09-08,2025-08-09,active
66,50,윈스,CS센터,http://winssystem.com/board/board_view?code=notice&no=1,"회사소개 Oracle DellEMC Solution SI & ITO 고객사 회사소개 연혁 찾아오시는 길 조직도 Oracle DellEMC Solution 채용공고 고객사 SI & ITO 채용공고 CS센터 02-306-1118~9 FAX 02-354-0987 E-MAIL help@winssystem.com 채용공고 Home > SI & ITO > 채용공고 제목 우리카드 마이데이터 SI 개발 정직원 및 프리랜서 채용 관리자 / 2020-12-28 +사업명: 우리카드 마이데이터 SI 개발 +모집분야 및 투입기간 1) JAVA(중급~고급): 2021년 2월중순~(6~7개월) +근무지: 마포구 상암동 (*경력증빙 필수) +지원방법 하기 메일로 기술이력서 제출. hr@winssystem.com 목록 회사소개 오시는길 주식회사 윈스 대표이사: 신희선 소재지: 서울시 서대문구 응암로 89 (북가좌동, 한오빌딩 4층) 사업자등록번호: 110-81-97572 대표번호: 02-306-1118~9 팩스번호: 02-354-0987 이메일: help@winssystem.com 주식회사 윈스 Inc.",,,,,서울,,,2020-12-28,2020-11-28,active
67,50,윈스,CS센터,http://winssystem.com/board/board_view?code=notice&no=2,"회사소개 Oracle DellEMC Solution SI & ITO 고객사 회사소개 연혁 찾아오시는 길 조직도 Oracle DellEMC Solution 채용공고 고객사 SI & ITO 채용공고 CS센터 02-306-1118~9 FAX 02-354-0987 E-MAIL help@winssystem.com 채용공고 Home > SI & ITO > 채용공고 제목 우리은행 스마트뱅킹 전담반 SM 유지보수 프리랜서 채용 관리자 / 2021-02-05 +사업명: 우리은행 스마트뱅킹 전담반 SM 유지보수 프리랜서 채용 +모집분야 및 투입기간 1) JAVA(중급): 2021년 2월중순~(*연단위 계약) +근무지: 중구 회현동 (*경력증빙 필수) +지원방법 하기 메일로 기술이력서 제출. hr@winssystem.com 목록 회사소개 오시는길 주식회사 윈스 대표이사: 신희선 소재지: 서울시 서대문구 응암로 89 (북가좌동, 한오빌딩 4층) 사업자등록번호: 110-81-97572 대표번호: 02-306-1118~9 팩스번호: 02-354-0987 이메일: help@winssystem.com 주식회사 윈스 Inc.",,,,,서울,계약직,,2021-02-05,2021-01-06,active
68,50,윈스,CS센터,http://winssystem.com/board/board_view?code=notice&no=3,"회사소개 Oracle DellEMC Solution SI & ITO 고객사 회사소개 연혁 찾아오시는 길 조직도 Oracle DellEMC Solution 채용공고 고객사 SI & ITO 채용공고 CS센터 02-306-1118~9 FAX 02-354-0987 E-MAIL help@winssystem.com 채용공고 Home > SI & ITO > 채용공고 제목 2022년 신입사원 정규직 채용(영업지원) 관리자 / 2022-04-20 [수행업무] 1) 영업지원 -IT개발자 Outsourcing B2C 영업지원 (고객응대/계약/고객관리) -IT솔루션(Oracle DBMS 등) B2B 영업지원 (견적/계약/검수/대금청구) 2) 내부관리 -내부문서 작성 (Word, Excel) -이메일, 서류 발송 -고객지원 [필수요건] -초대졸 이상 [우대요건] -컴퓨터공학, IT계열 전공자 -커뮤니케이션 능력 우수자 -MS Office 능숙자 목록 회사소개 오시는길 주식회사 윈스 대표이사: 신희선 소재지: 서울시 서대문구 응암로 89 (북가좌동, 한오빌딩 4층) 사업자등록번호: 110-81-97572 대표번호: 02-306-1118~9 팩스번호: 02-354-0987 이메일: help@winssystem.com 주식회사 윈스 Inc.",,"회사소개 Oracle DellEMC Solution SI & ITO 고객사 회사소개 연혁 찾아오시는 길 조직도 Oracle DellEMC Solution 채용공고 고객사 SI & ITO 채용공고 CS센터 02-306-1118~9 FAX 02-354-0987 E-MAIL help@winssystem.com 채용공고 Home > SI & ITO > 채용공고 제목 2022년 신입사원 정규직 채용(영업지원) 관리자 / 2022-04-20 [수행업무] 1) 영업지원 -IT개발자 Outsourcing B2C 영업지원 (고객응대/계약/고객관리) -IT솔루션(Oracle DBMS 등) B2B 영업지원 (견적/계약/검수/대금청구) 2) 내부관리 -내부문서 작성 (Word, Excel) -이메일, 서류 발송 -고객지원 [필수요건] -초대졸 이상 [우대요건] -컴퓨터공학, IT계열 전공자 -커뮤니케이션 능력 우수자 -MS Office 능숙자 목록 회사소개 오시는길 주식회사 윈스 대표이사: 신희선 소재지: 서울시 서대문구 응암로 89 (북가좌동, 한오빌딩 4층) 사업자등록번호: 110-81-97572 대표번호: 02-306-1118~9 팩스번호: 02-354-0987 이메일: help@winssystem.com 주식회사 윈스 Inc. All Rights Reserved.",,,서울,정규직,,2022-04-20,2022-03-21,active
69,50,윈스,CS센터,http://winssystem.com/board/board_list?code=notice,"회사소개 Oracle DellEMC Solution SI & ITO 고객사 회사소개 연혁 찾아오시는 길 조직도 Oracle DellEMC Solution 채용공고 고객사 SI & ITO 채용공고 CS센터 02-306-1118~9 FAX 02-354-0987 E-MAIL help@winssystem.com 채용공고 Home > SI & ITO > 채용공고 게시글 검색 제목 내용 작성자 아이디 검색어를 입력하세요. 총 게시물 6 개 게시글 내용 번호 제목 6 IBK시스템 공식협력사 선정 5 코스콤 공식협력사 선정 4 삼성SDS 공식협력사 선정 (2025~) 3 2022년 신입사원 정규직 채용(영업지원) 2 우리은행 스마트뱅킹 전담반 SM 유지보수 프리랜서 채용 1 우리카드 마이데이터 SI 개발 정직원 및 프리랜서 채용 회사소개 오시는길 주식회사 윈스 대표이사: 신희선 소재지: 서울시 서대문구 응암로 89 (북가좌동, 한오빌딩 4층) 사업자등록번호: 110-81-97572 대표번호: 02-306-1118~9 팩스번호: 02-354-0987 이메일: help@winssystem.com 주식회사 윈스 Inc.",,,,,서울,정규직,,,,active
70,54,포시에스,인재채용,https://kr.forcs.com/careers,", 개발 프로필, 보유기술 등을 상세히 작성) 당사 홈페이지 소정양식 다운로드 후 작성 (희망연봉 및 지원분야 꼭 명시 요망) *신입일 경우에는 최종학교 성적증명서 첨부 채용 포털사이트 또는 당사 채용공고를 통해서, 온라인 지원 양식에 맞추어 제출하시면 됩니다. 접수 방법 : insa@forcs.com (이메일 접수) 접수 문의 : 경영기획실 채용담당자 (Tel. 02-6188-8409 | Fax. 02-6188-8480) 입사지원서 다운로드 top test 댓글 로드중... 댓글 달기... 이메일 (필수) 이름 (필수) 웹사이트",,,,,,,,,,active
71,56,인젠트,개인정보처리방침,https://www.inzent.com/recruit_talent.php,"채용정보 인재상 복리후생 직무소개 FAQ 채용공고 인젠트 IT Player와 함께 하세요 . 우리 모두를 위한 변화와 그 변화를 위한 기술을 함께 만드는 것이 바로 IT Player, 인젠트 가 일하는 방식입니다. 인젠트 IT Player들이 일하는 방식 인젠트 IT Player는 전문성을 기반으로한 창의적인 업무 방식을 선호하고, 지속적으로 개인의 역량을 강화해 회사에 기여합니다. 혼자 진행하기 어려운 목표는 함께 모여 인젠트가 나아갈 방향을 함께 고민하고 협력해 고객에게 가장 어울리는 결과를 제공합니다. IT Player, 수평적 문화 유연한 사고방식 자율적인 업무 관리 투명한 업무 공유 적극적 교육 참여",,,,,,,,,,active
72,56,인젠트,개인정보처리방침,https://www.inzent.com/board/board.php?bo_table=recruit&idx=67,"채용정보 인재상 복리후생 직무소개 FAQ 채용공고 인젠트의 다양한 소식을 전합니다 . 마감 [공공영업본부] 영업직 경력채용 2023-12-05 . . 공공영업본부 영업직 채용 . 우리 모두를 위한 변화, 당신과 가장 가까운 인젠트의 스마트한 기술을 만나보세요. 인젠트의 데이터와 AI기술 노하우를 혁신적인 비즈니스 서비스로 한층 더 진화 시켰습니다. 풍부한 경험과 전문기술을 기반으로 금융, 공공, 통신, 유통 등 다양한 산업에서 기업이 필요한 디지털 혁신 솔루션을 제공합니다. 인젠트는 국내 대표 IT 솔루션 기업으로 기술 개발을 선도하기 위해 지속적으로 노력하고 있습니다. 주요업무 ㆍ 공공기관/ SI / 솔루션 영업 ㆍ 고객 관리 , 신규 고객사 발굴 지원자격 및 우대조건 ㆍ 관련종사자 및 솔루션 영업 5년 이상 경력자 ㆍ 컴퓨터 활용능력 우수한 자 ㆍ 제안서 및 문서작성 우수한 자 ㆍ 정보처리기사자격증 소지자 우대 ㆍ 커뮤니케이션 능통한 자 채용절차 및 기타 지원 유의사항 [ 복리후생 ] ㆍ 패밀리데이: 매주2,4째주 금요일은 조기퇴근!! ㆍ 휴양시설 지원: 대명리조트 및 해외리조트 회원권 가격으로 이용가능!! ㆍ 건강검진 지원: 기본 건강검진 이외 추가 지원금 제공!! ㆍ 교육지원: 직무역량 강화를 위해서라면 얼마든지!! ㆍ 출산 휴가 및 육아휴직: 가족과 함께 할 수 있도록 충분한 휴식을 드립니다!! ㆍ 경조금 및 경조휴가 ㆍ 장기근속자 및 우수사원에게 어마어마한 포상을!! 이 외에도 다양한 복지제도를 운영중이며, 새로운 복지를 지속적으로 찾고 있습니다. [ 채용절차 ] ㆍ 서류전형 →1차 인터뷰 → 2차 인터뷰 → 처우 협의 → 최종합격 ※ 절차는 변경될 수 있습니다. [ 지원 시 주의사항 ] ㆍ 신입/경력 무관하게 3개월의 수습 기간이 있습니다. ※ 단, 신입의 경우 수습 기간 동안 급여의 80% 지급됩니다. ㆍ 포트폴리오 제출 시, 10MB 초과할 경우에는 링크를 기재해주세요. [ 참고사항 ] ㆍ 서류 합격자에 한해 연락 드립니다. ㆍ 본 채용은 수시 진행으로 우수 인재 채용 시 마감될 수 있습니다. 지원하기",,ㆍ 관련종사자 및 솔루션 영업 5년 이상 경력자 ㆍ 컴퓨터 활용능력 우수한 자 ㆍ 제안서 및 문서작성 우수한 자 ㆍ 정보처리기사,,"건강검진, 경조휴가",,,,2023-12-05,2023-11-05,active
73,56,인젠트,개인정보처리방침,https://www.inzent.com/board/board.php?bo_table=recruit&idx=69,"채용정보 인재상 복리후생 직무소개 FAQ 채용공고 인젠트의 다양한 소식을 전합니다 . 마감 [APIM사업팀] API G/W 자사 솔루션 유지보수 및 기술지원 2023-12-05 APIM사업팀- API G/W 자사 솔루션 유지보수 및 기술지원 개발자 우리 모두를 위한 변화, 당신과 가장 가까운 인젠트의 스마트한 기술을 만나보세요. 인젠트의 데이터와 AI기술 노하우를 혁신적인 비즈니스 서비스로 한층 더 진화 시켰습니다. 풍부한 경험과 전문기술을 기반으로 금융, 공공, 통신, 유통 등 다양한 산업에서 기업이 필요한 디지털 혁신 솔루션을 제공합니다. 인젠트는 국내 대표 IT 솔루션 기업으로 기술 개발을 선도하기 위해 지속적으로 노력하고 있습니다. 주요업무 ㆍ 인젠트 APIM 솔루션 유지관리 및 개발 ㆍ API G/W 거래생성 및 업무 연계 ㆍ API 연계 거래 테스트 ㆍ 마이데이터, 오픈뱅킹 REST API 구축 ㆍ API Manager 커스텀 화면 개발 (Vue.js) 자격요건 ㆍ 유관 경력 1년 이상 우대사항 ㆍ 해당 직무(개발) 경험자 ㆍ Digital Transformation에 대한 이해도 높으신 분 채용절차 및 기타 지원 유의사항 [ 복리후생 ] ㆍ 패밀리데이: 매주2,4째주 금요일은 조기퇴근!! ㆍ 휴양시설 지원: 대명리조트 및 해외리조트 회원권 가격으로 이용가능!! ㆍ 건강검진 지원: 기본 건강검진 이외 추가 지원금 제공!! ㆍ 교육지원: 직무역량 강화를 위해서라면 얼마든지!! ㆍ 출산 휴가 및 육아휴직: 가족과 함께 할 수 있도록 충분한 휴식을 드립니다!! ㆍ 경조금 및 경조휴가 ㆍ 장기근속자 및 우수사원에게 어마어마한 포상을!! 이 외에도 다양한 복지제도를 운영중이며, 새로운 복지를 지속적으로 찾고 있습니다. [ 채용절차 ] ㆍ 서류전형 →1차 인터뷰 → 2차 인터뷰 → 처우 협의 → 최종합격 ※ 절차는 변경될 수 있습니다. [ 지원 시 주의사항 ] ㆍ 신입/경력 무관하게 3개월의 수습 기간이 있습니다. ※ 단, 신입의 경우 수습 기간 동안 급여의 80% 지급됩니다. ㆍ 포트폴리오 제출 시, 10MB 초과할 경우에는 링크를 기재해주세요. [ 참고사항 ] ㆍ 서류 합격자에 한해 연락 드립니다. ㆍ 본 채용은 수시 진행으로 우수 인재 채용 시 마감될 수 있습니다. 지원하기",ㆍ 유관 경력 1년 이상,ㆍ 해당 직무(개발) 경험자 ㆍ Digital Transformation에 대한 이해도 높으신 분 채용절차 및 기타 지원 유의사항 [,,"건강검진, 경조휴가",,,,2023-12-05,2023-11-05,active
74,56,인젠트,개인정보처리방침,https://www.inzent.com/board/board.php?bo_table=recruit&idx=70,"채용정보 인재상 복리후생 직무소개 FAQ 채용공고 인젠트의 다양한 소식을 전합니다 . 마감 [전략기획실] 경영기획부분 경력직 채용 2023-12-05 전략기획실- 경영기획부분 경력채용 . 우리 모두를 위한 변화, 당신과 가장 가까운 인젠트의 스마트한 기술을 만나보세요. 인젠트의 데이터와 AI기술 노하우를 혁신적인 비즈니스 서비스로 한층 더 진화 시켰습니다. 풍부한 경험과 전문기술을 기반으로 금융, 공공, 통신, 유통 등 다양한 산업에서 기업이 필요한 디지털 혁신 솔루션을 제공합니다. 인젠트는 국내 대표 IT 솔루션 기업으로 기술 개발을 선도하기 위해 지속적으로 노력하고 있습니다. . 주요업무 ㆍ 전사 회의체 운영 ㆍ 사업 계획 수립 및 분석 ㆍ 경영 활용 자료 작성 . 자격요건 ㆍ (필수) 관련경력 3년 이상 혹은 이에 준하는 역량 ㆍ 통계분석 능숙한 자 ㆍ 컴퓨터 활용능력 / 문서작성 우수한 자 . 우대조건 ㆍ 관련업종 경력자 ㆍ 커뮤니케이션 능통자 . 채용절차 및 기타 지원 유의사항 [ 복리후생 ] ㆍ 패밀리데이: 매주2,4째주 금요일은 조기퇴근!! ㆍ 휴양시설 지원: 대명리조트 및 해외리조트 회원권 가격으로 이용가능!! ㆍ 건강검진 지원: 기본 건강검진 이외 추가 지원금 제공!! ㆍ 교육지원: 직무역량 강화를 위해서라면 얼마든지!! ㆍ 출산 휴가 및 육아휴직: 가족과 함께 할 수 있도록 충분한 휴식을 드립니다!! ㆍ 경조금 및 경조휴가 ㆍ 장기근속자 및 우수사원에게 어마어마한 포상을!! 이 외에도 다양한 복지제도를 운영중이며, 새로운 복지를 지속적으로 찾고 있습니다. [ 채용절차 ] ㆍ 서류전형 →1차 인터뷰 → 2차 인터뷰 → 처우 협의 → 최종합격 ※ 절차는 변경될 수 있습니다. [ 지원 시 주의사항 ] ㆍ 신입/경력 무관하게 3개월의 수습 기간이 있습니다. ※ 단, 신입의 경우 수습 기간 동안 급여의 80% 지급됩니다. ㆍ 포트폴리오 제출 시, 10MB 초과할 경우에는 링크를 기재해주세요. [ 참고사항 ] ㆍ 서류 합격자에 한해 연락 드립니다. ㆍ 본 채용은 수시 진행으로 우수 인재 채용 시 마감될 수 있습니다. 지원하기",ㆍ (필수) 관련경력 3년 이상 혹은 이에 준하는 역량 ㆍ 통계분석 능숙한 자 ㆍ 컴퓨터 활용능력 / 문서작성 우수한 자 .,ㆍ 관련업종 경력자 ㆍ 커뮤니케이션 능통자 .,,"건강검진, 경조휴가",,,,2023-12-05,2023-11-05,active
75,93,알서포트,알서포트는 여러분의 도전을,https://www.rsupport.com/ko-kr/career/recruit/page/2,"콘텐츠 바로가기 메뉴 바로가기 하단정보 바로가기 Rsupport 제품 리모트뷰 리모트뷰BOX 리모트콜 리모트VS 리모트미팅 Airepoto 콜라박스 리모트WOL 투자 투자 요약 기업지배구조 재무정보 실적발표 감사보고서 투자 공고 투자 질의응답 투자 뉴스 뉴스 언론 보도 홍보 영상 블로그 지원 공지사항 자주 묻는 질문 다운로드 Contact Us CI&BI 회사 회사 소개 회사 연혁 수상 및 인증 사회 공헌 기술 소개 파트너 사옥 온라인 제보 채용 채용 요약 팀 문화 스토리 역할과 책임 채용공고 인재풀 모바일 메뉴 kr en jp cn 모바일 메뉴 Home 채용 채용공고 알서포트는 여러분의 도전을 서포트합니다 아낌없는 R&D 투자로 직원과 함께 성장하는 원격기업 알서포트 알서포트는 임직원 과반수 이상을 R&D 인력으로 구성하여 원격 제어 기술의 세계 최고를 향해 나아가고 있습니다. 직무별 역할과 책임 알아보기 재생 전형절차 서류전형 과제전형 (개발자) 1차 면접 (실무진) 2차 면접 (임원/본부장) 처우 협의 및 입사 일정 조율 제출서류 및 접수방법 이력서, 경력기술서(경력의 경우), 포트폴리오(마케팅, 영업, 디자인, 개발직군) 접수방법 : 이력서 & 경력기술서 및 추가 첨부자료 첨부 검색 전체직군(14) 연구개발(2) 기술지원(2) 영업(4) 마케팅(4) 품질 경영지원(2) 글로벌사업 경력사항 무관 신입 경력 고용형태 정규직 계약직 인턴 프리랜서 총무 담당자 (신입) 경영지원 신입 정규직 마케팅전략 리더 (팀/실장급) 10년 이상 마케팅 경력 정규직 클라우드 시스템 엔지니어 (3년 이상) 연구개발 경력 정규직 SEO 콘텐츠 마케터 (8년 이상) 마케팅 경력 정규직 Solution 웹 Full Stack 개발 (3년 이상) 기술지원 경력 정규직 제품 기술영업 [on-Premise] (3년 이상) 영업 경력 정규직 소프트웨어 기술지원 엔지니어 (3년 이상) 기술지원 경력 정규직 이전 1 2 인재풀 Close IR 투자 정보 받기 top RemoteCall RemoteView Ai:repoto COLABOX RemoteMeeting RemoteCall RemoteView Ai:repoto COLABOX RemoteMeeting 알서포트(주) 대표 서형수 (05203) 서울특별시 강동구 고덕비즈밸리로2가길 12 (고덕동) 사업자등록번호 114-86-82265 통신판매업 신고번호 제 2024-서울강동-1214호 문의 070-7011-3900 이메일 sales.kr@rsupport.com 팩스 02-479-4429 개인정보 처리방침 내부정보관리규정",,,"콘텐츠 바로가기 메뉴 바로가기 하단정보 바로가기 Rsupport 제품 리모트뷰 리모트뷰BOX 리모트콜 리모트VS 리모트미팅 Airepoto 콜라박스 리모트WOL 투자 투자 요약 기업지배구조 재무정보 실적발표 감사보고서 투자 공고 투자 질의응답 투자 뉴스 뉴스 언론 보도 홍보 영상 블로그 지원 공지사항 자주 묻는 질문 다운로드 Contact Us CI&BI 회사 회사 소개 회사 연혁 수상 및 인증 사회 공헌 기술 소개 파트너 사옥 온라인 제보 채용 채용 요약 팀 문화 스토리 역할과 책임 채용공고 인재풀 모바일 메뉴 kr en jp cn 모바일 메뉴 Home 채용 채용공고 알서포트는 여러분의 도전을 서포트합니다 아낌없는 R&D 투자로 직원과 함께 성장하는 원격기업 알서포트 알서포트는 임직원 과반수 이상을 R&D 인력으로 구성하여 원격 제어 기술의 세계 최고를 향해 나아가고 있습니다. 직무별 역할과 책임 알아보기 재생 전형절차 서류전형 과제전형 (개발자) 1차 면접 (실무진) 2차 면접 (임원/본부장) 처우 협의 및 입사 일정 조율 제출서류 및 접수방법 이력서, 경력기술서(경력의 경우), 포트폴리오(마케팅, 영업, 디자인, 개발직군) 접수방법 : 이력서 & 경력기술서 및 추가 첨부자료 첨부 검색 전체직군(14) 연구개발(2) 기술지원(2) 영업(4) 마케팅(4) 품질 경영지원(2) 글로벌사업 경력사항 무관 신입 경력 고용형태 정규직 계약직 인턴 프리랜서 총무 담당자 (신입) 경영지원 신입 정규직 마케팅전략 리더 (팀/실장급) 10년 이상 마케팅 경력 정규직 클라우드 시스템 엔지니어 (3년 이상) 연구개발 경력 정규직 SEO 콘텐츠 마케터 (8년 이상) 마케팅 경력 정규직 Solution 웹 Full Stack 개발 (3년 이상) 기술지원 경력 정규직 제품 기술영업 [on-Premise] (3년 이상) 영업 경력 정규직 소프트웨어 기술지원 엔지니어 (3년 이상) 기술지원 경력 정규직 이전 1 2 인재풀 Close IR 투자 정보 받기 top RemoteCall RemoteView Ai:repoto COLABOX RemoteMeeting RemoteCall RemoteView Ai:repoto COLABOX RemoteMeeting 알서포트(주) 대표 서형수 (05203) 서울특별시 강동구 고덕비즈밸리로2가길 12 (고덕동) 사업자등록번호 114-86-82265 통신판매업 신고번호 제 2024-서울강동-1214호 문의 070-7011-3900 이메일 sales.kr@rsupport.com 팩스 02-479-4429 개인정보 처리방침 내부정보관리규정 COPYRIGHT © 2026 RSUPPORT CO., LTD. ALL RIGHTS RESERVED. 공식 SNS 채널 + Facebook youtube Blog Linkedin 알서포트 투자 실적 정보 받기 별도의 요청없이도 알서포트가 제공하는 투자와 관련된 상세 자료들을 간편하게 받아보실 수 있습니다. 팝업 닫기 투자실적 정보 받기 신청이 완료되었습니다. 입력해주신 메일 주소로 답변 드립니다. 확인 팝업 닫기",,서울,정규직,,,,active
76,93,알서포트,알서포트는 여러분의 도전을,https://www.rsupport.com/ko-kr/career/recruit/compliance,"콘텐츠 바로가기 메뉴 바로가기 하단정보 바로가기 Rsupport 제품 리모트뷰 리모트뷰BOX 리모트콜 리모트VS 리모트미팅 Airepoto 콜라박스 리모트WOL 투자 투자 요약 기업지배구조 재무정보 실적발표 감사보고서 투자 공고 투자 질의응답 투자 뉴스 뉴스 언론 보도 홍보 영상 블로그 지원 공지사항 자주 묻는 질문 다운로드 Contact Us CI&BI 회사 회사 소개 회사 연혁 수상 및 인증 사회 공헌 기술 소개 파트너 사옥 온라인 제보 채용 채용 요약 팀 문화 스토리 역할과 책임 채용공고 인재풀 모바일 메뉴 kr en jp cn 모바일 메뉴 Home 채용 채용공고 알서포트는 여러분의 도전을 서포트합니다 내부통제팀장 (10년 이상) 지원 마감 디데이 D-10 지원 가능일 2026-03-30 ~ 2026-04-13 직군 경영지원 경력사항 경력 고용형태 정규직 근무지 서울 본사 포지션 내부통제팀장 업무내용 내부회계관리제도 연간 운영 계획 수립 내부회계관리제도 운영, 평가, 보고 및 관련 공시지원 내부회계관리제도 변화관리 및 설계지원 내부통제 설계 및 운영지원 상근감사 지원 자격요건 및 우대사항 [ 자격요건 ] 아래 경력사항이 해당되시는 분 재무회계 경력 3-7년 경력자 내부회계관리제도 기초 실무 3년 내외 경험자 내부감사 실무 3년 내외 경험자 내부회계관리 또는 내부통제에 관하여 깊은 관심이 있거나 관련 커리어를 쌓고싶으신 분 ※ 직접 경험이 없더라도 상급자가 모두 교육, 관리하여 전문가로 육성 예정 [ 우대사항 ] IAP(국제내부감사실무사), CIA(공인내부감사사) 등 관련분야 자격증 소유자 회계 관련 자격을 보유하신 분 의사소통, 독해력, 문해력, 이해력이 뛰어나신 분 영어 능력이 우수하신 분 기타사항 국가보훈해당자 및 장애인은 관련 법률에 의거 우대합니다. (증빙서류 제출자에 한함) 제출서류에 허위기재 또는 기재 착오, 구비서류 미제출 등으로 인한 불이익은 응시자 본인의 책임으로 합니다. 제출서류나 각종 증명서의 기재내용이 허위일 경우, 응시를 무효처리하며 합격을 취소합니다. 기타 문의사항은 채용관련 문의를 이용해 주시기 바라며, 제출된 서류는 개인정보 보호법에따라 관리됩니다. 목록 직군 경영지원 경력사항 경력 고용형태 정규직 근무지 서울 본사 지원하기 IR 투자 정보 받기 top RemoteCall RemoteView Ai:repoto COLABOX RemoteMeeting RemoteCall RemoteView Ai:repoto COLABOX RemoteMeeting 알서포트(주) 대표 서형수 (05203) 서울특별시 강동구 고덕비즈밸리로2가길 12 (고덕동) 사업자등록번호 114-86-82265 통신판매업 신고번호 제 2024-서울강동-1214호 문의 070-7011-3900 이메일 sales.kr@rsupport.com 팩스 02-479-4429 개인정보 처리방침 내부정보관리규정","및 우대사항 [ 자격요건 ] 아래 경력사항이 해당되시는 분 재무회계 경력 3-7년 경력자 내부회계관리제도 기초 실무 3년 내외 경험자 내부감사 실무 3년 내외 경험자 내부회계관리 또는 내부통제에 관하여 깊은 관심이 있거나 관련 커리어를 쌓고싶으신 분 ※ 직접 경험이 없더라도 상급자가 모두 교육, 관리하여 전문가로 육성 예정 [ 우대사항 ] IAP(국제내부감사실무사), CIA(공인내부감사사) 등 관련분야 자격증 소유자 회계 관련 자격을 보유하신 분 의사소통, 독해력, 문해력, 이해력이 뛰어나신 분 영어 능력이 우수하신 분 기타사항 국가보훈해당자 및 장애인은 관련 법률에 의거 우대합니다. (증빙서류 제출자에 한함) 제출서류에 허위기재 또는 기재 착오, 구비서류 미제출 등으로 인한 불이익은 응시자 본인의 책임으로 합니다. 제출서류나 각종 증명서의 기재내용이 허위일 경우, 응시를 무효처리하며 합격을 취소합니다. 기타 문의사항은 채용관련 문의를 이용해 주시기 바라며, 제출된 서류는 개인정보 보호법에따라 관리됩니다. 목록 직군 경영지원 경력사항 경력 고용형태 정규직 근무지 서울 본사 지원하기 IR 투자 정보 받기 top RemoteCall RemoteView Ai:repoto COLABOX RemoteMeeting RemoteCall RemoteView Ai:repoto COLABOX RemoteMeeting 알서포트(주) 대표 서형수 (05203) 서울특별시 강동구 고덕비즈밸리로2가길 12 (고덕동) 사업자등록번호 114-86-82265 통신판매업 신고번호 제 2024-서울강동-1214호 문의 070-7011-3900 이메일 sales.kr@rsupport.com 팩스 02-479-4429 개인정보 처리방침 내부정보관리규정 COPYRIGHT © 2026 RSUPPORT CO., LTD. ALL RIGHTS RESERVED. 공식 SNS 채널 + Facebook youtube Blog Linkedin 알서포트 투자 실적 정보 받기 별도의 요청없이도 알서포트가 제공하는 투자와 관련된 상세 자료들을 간편하게 받아보실 수 있습니다. 팝업 닫기 투자실적 정보 받기 신청이 완료되었습니다. 입력해주신 메일 주소로 답변 드립니다. 확인 팝업 닫기","[ 자격요건 ] 아래 경력사항이 해당되시는 분 재무회계 경력 3-7년 경력자 내부회계관리제도 기초 실무 3년 내외 경험자 내부감사 실무 3년 내외 경험자 내부회계관리 또는 내부통제에 관하여 깊은 관심이 있거나 관련 커리어를 쌓고싶으신 분 ※ 직접 경험이 없더라도 상급자가 모두 교육, 관리하여 전문가로 육성 예정 [ 우대사항 ] IAP(국제내부감사실무사), CIA(공인내부감사사) 등 관련분야 자격증 소유자 회계 관련 자격을 보유하신 분 의사소통, 독해력, 문해력, 이해력이 뛰어나신 분 영어 능력이 우수하신 분 기타사항 국가보훈해당자 및 장애인은 관련 법률에 의거 우대합니다. (증빙서류 제출자에 한함) 제출서류에 허위기재 또는 기재 착오, 구비서류 미제출 등으로 인한 불이익은 응시자 본인의 책임으로 합니다. 제출서류나 각종 증명서의 기재내용이 허위일 경우, 응시를 무효처리하며 합격을 취소합니다. 기타 문의사항은 채용관련 문의를 이용해 주시기 바라며, 제출된 서류는 개인정보 보호법에따라 관리됩니다. 목록 직군 경영지원 경력사항 경력 고용형태 정규직 근무지 서울 본사 지원하기 IR 투자 정보 받기 top RemoteCall RemoteView Ai:repoto COLABOX RemoteMeeting RemoteCall RemoteView Ai:repoto COLABOX RemoteMeeting 알서포트(주) 대표 서형수 (05203) 서울특별시 강동구 고덕비즈밸리로2가길 12 (고덕동) 사업자등록번호 114-86-82265 통신판매업 신고번호 제 2024-서울강동-1214호 문의 070-7011-3900 이메일 sales.kr@rsupport.com 팩스 02-479-4429 개인정보 처리방침 내부정보관리규정 COPYRIGHT © 2026 RSUPPORT CO., LTD. ALL RIGHTS RESERVED. 공식 SNS 채널 + Facebook youtube Blog Linkedin 알서포트 투자 실적 정보 받기 별도의 요청없이도 알서포트가 제공하는 투자와 관련된 상세 자료들을 간편하게 받아보실 수 있습니다. 팝업 닫기 투자실적 정보 받기 신청이 완료되었습니다. 입력해주신 메일 주소로 답변 드립니다. 확인 팝업 닫기",,,서울,정규직,,2026-03-30,2026-02-28,active
77,93,알서포트,알서포트는 여러분의 도전을,https://www.rsupport.com/ko-kr/career/recruit,"콘텐츠 바로가기 메뉴 바로가기 하단정보 바로가기 Rsupport 제품 리모트뷰 리모트뷰BOX 리모트콜 리모트VS 리모트미팅 Airepoto 콜라박스 리모트WOL 투자 투자 요약 기업지배구조 재무정보 실적발표 감사보고서 투자 공고 투자 질의응답 투자 뉴스 뉴스 언론 보도 홍보 영상 블로그 지원 공지사항 자주 묻는 질문 다운로드 Contact Us CI&BI 회사 회사 소개 회사 연혁 수상 및 인증 사회 공헌 기술 소개 파트너 사옥 온라인 제보 채용 채용 요약 팀 문화 스토리 역할과 책임 채용공고 인재풀 모바일 메뉴 kr en jp cn 모바일 메뉴 Home 채용 채용공고 알서포트는 여러분의 도전을 서포트합니다 아낌없는 R&D 투자로 직원과 함께 성장하는 원격기업 알서포트 알서포트는 임직원 과반수 이상을 R&D 인력으로 구성하여 원격 제어 기술의 세계 최고를 향해 나아가고 있습니다. 직무별 역할과 책임 알아보기 재생 전형절차 서류전형 과제전형 (개발자) 1차 면접 (실무진) 2차 면접 (임원/본부장) 처우 협의 및 입사 일정 조율 제출서류 및 접수방법 이력서, 경력기술서(경력의 경우), 포트폴리오(마케팅, 영업, 디자인, 개발직군) 접수방법 : 이력서 & 경력기술서 및 추가 첨부자료 첨부 검색 전체직군(14) 연구개발(2) 기술지원(2) 영업(4) 마케팅(4) 품질 경영지원(2) 글로벌사업 경력사항 무관 신입 경력 고용형태 정규직 계약직 인턴 프리랜서 내부통제팀장 (10년 이상) 경영지원 경력 정규직 UX 디자이너 (10년 이상) 마케팅 경력 정규직 SaaS 갱신영업 팀원 (신입~경력 5년 이하) 영업 무관 정규직 SaaS 갱신영업팀 팀장 (5년 이상) 영업 경력 정규직 백엔드 개발자 (3년이상) 연구개발 경력 정규직 UX기획자 (7년 이상) 마케팅 경력 정규직 SaaS 영업 담당자 (신입 또는 경력) 영업 경력 정규직 1 2 다음 인재풀 Close IR 투자 정보 받기 top RemoteCall RemoteView Ai:repoto COLABOX RemoteMeeting RemoteCall RemoteView Ai:repoto COLABOX RemoteMeeting 알서포트(주) 대표 서형수 (05203) 서울특별시 강동구 고덕비즈밸리로2가길 12 (고덕동) 사업자등록번호 114-86-82265 통신판매업 신고번호 제 2024-서울강동-1214호 문의 070-7011-3900 이메일 sales.kr@rsupport.com 팩스 02-479-4429 개인정보 처리방침 내부정보관리규정",,,"콘텐츠 바로가기 메뉴 바로가기 하단정보 바로가기 Rsupport 제품 리모트뷰 리모트뷰BOX 리모트콜 리모트VS 리모트미팅 Airepoto 콜라박스 리모트WOL 투자 투자 요약 기업지배구조 재무정보 실적발표 감사보고서 투자 공고 투자 질의응답 투자 뉴스 뉴스 언론 보도 홍보 영상 블로그 지원 공지사항 자주 묻는 질문 다운로드 Contact Us CI&BI 회사 회사 소개 회사 연혁 수상 및 인증 사회 공헌 기술 소개 파트너 사옥 온라인 제보 채용 채용 요약 팀 문화 스토리 역할과 책임 채용공고 인재풀 모바일 메뉴 kr en jp cn 모바일 메뉴 Home 채용 채용공고 알서포트는 여러분의 도전을 서포트합니다 아낌없는 R&D 투자로 직원과 함께 성장하는 원격기업 알서포트 알서포트는 임직원 과반수 이상을 R&D 인력으로 구성하여 원격 제어 기술의 세계 최고를 향해 나아가고 있습니다. 직무별 역할과 책임 알아보기 재생 전형절차 서류전형 과제전형 (개발자) 1차 면접 (실무진) 2차 면접 (임원/본부장) 처우 협의 및 입사 일정 조율 제출서류 및 접수방법 이력서, 경력기술서(경력의 경우), 포트폴리오(마케팅, 영업, 디자인, 개발직군) 접수방법 : 이력서 & 경력기술서 및 추가 첨부자료 첨부 검색 전체직군(14) 연구개발(2) 기술지원(2) 영업(4) 마케팅(4) 품질 경영지원(2) 글로벌사업 경력사항 무관 신입 경력 고용형태 정규직 계약직 인턴 프리랜서 내부통제팀장 (10년 이상) 경영지원 경력 정규직 UX 디자이너 (10년 이상) 마케팅 경력 정규직 SaaS 갱신영업 팀원 (신입~경력 5년 이하) 영업 무관 정규직 SaaS 갱신영업팀 팀장 (5년 이상) 영업 경력 정규직 백엔드 개발자 (3년이상) 연구개발 경력 정규직 UX기획자 (7년 이상) 마케팅 경력 정규직 SaaS 영업 담당자 (신입 또는 경력) 영업 경력 정규직 1 2 다음 인재풀 Close IR 투자 정보 받기 top RemoteCall RemoteView Ai:repoto COLABOX RemoteMeeting RemoteCall RemoteView Ai:repoto COLABOX RemoteMeeting 알서포트(주) 대표 서형수 (05203) 서울특별시 강동구 고덕비즈밸리로2가길 12 (고덕동) 사업자등록번호 114-86-82265 통신판매업 신고번호 제 2024-서울강동-1214호 문의 070-7011-3900 이메일 sales.kr@rsupport.com 팩스 02-479-4429 개인정보 처리방침 내부정보관리규정 COPYRIGHT © 2026 RSUPPORT CO., LTD. ALL RIGHTS RESERVED. 공식 SNS 채널 + Facebook youtube Blog Linkedin 알서포트 투자 실적 정보 받기 별도의 요청없이도 알서포트가 제공하는 투자와 관련된 상세 자료들을 간편하게 받아보실 수 있습니다. 팝업 닫기 투자실적 정보 받기 신청이 완료되었습니다. 입력해주신 메일 주소로 답변 드립니다. 확인 팝업 닫기",,서울,정규직,,,,active
78,105,두나무,두나무를 소개합니다! | 두나무,https://www.dunamu.com/careers/jobs/842,"채용 함께 만드는 더 가치있는 미래 채용공고 두나무 이야기 채용공고 새로운 미래를 만드는 여정에 함께할 최고의 동료를 찾습니다 두나무를 소개합니다! 2023.06.09 서비스 분야 소개 블록체인 서비스 ­ - 가장 신뢰받는 디지털 자산 거래소 <업비트> ­ - 신뢰할 수 있는 NFT 거래 플랫폼 <업비트 NFT> ­ - 국내 최초 디지털 자산 인덱스 <UBCI> 증권 서비스 - 국민 증권 애플리케이션 <증권플러스> 비전 & 경쟁력 Connect & Unlock Value 세상에 없던 새로운 가치를 발굴하며 앞선 기술력으로 경계없는 확장을 만들어 갑니다. 평균수명 상승과 동시에 자산관리에 대한 인식이 점점 높아지고 있는 현시대에 발맞추어 두나무는 블록체인, 증권 분야 등에서 최초의 서비스들을 세상에 내보였고 업계 선두를 달리고 있습니다. 두나무의 모든 서비스는 ‘이용자 편의’와 ‘안정성’을 최우선으로 고려하여 만들고 있기 때문에 이용자들의 높은 ‘신뢰성’을 쌓을 수 있었고 이것이 곧 두나무의 경쟁력이 되었습니다. 앞으로도 두나무는 변화의 기류를 포착하고 ‘앞선 기술력’과 ‘안정성’을 기반으로 세상에 없던 새로운 가치를 발굴하고 확장해 나갈 것입니다. 핵심가치 Trust & Drive Trust 두나무의 모두는 각 분야의 전문가입니다. 서비스에 대한 신뢰를 최우선으로 생각하고, 서로의 전문성을 인정하며 의견과 결정을 존중합니다. 편리하고 안전하게 이용할 수 있는 서비스를 만들고, 신뢰를 바탕으로 수평적인 소통을 합니다. Drive 선두에 있지만 더 빠르게 나아갑니다. 기회를 놓치지 않고, 실패를 두려워하지 않으며, 목표에 몰입하고, 혁신을 주도합니다. 모든 의사 결정의 중심은 고객입니다. 항상 고객을 위해 해야 할 일을 고민하고, 발견하며, 실행합니다. 의사결정권자는 수평적인 소통을 바탕으로 빠르고 정확한 결정을 내립니다. 인재상 2.0 Passion & Performance-Oriented (열정과 성과지향) 최고의 성과를 목표로 도전합니다. 변화의 흐름을 예측하고, 고객의 관심사를 끊임 없이 탐구하며, 실패의 경험도 기회로 삼는 열정 가득한 인재입니다. Diversity & Decisiveness (다양성과 결단력) 서로 다른 경험과 지식을 이해하고 다양한 의견을 주고 받으며 때로는 건설적인 대안을 제시하면서 최선의 결정을 내릴 수 있도록 합니다. 정해진 결정을 수용하고 적극적으로 실행합니다. Respectful & Considerate (존중과 배려) 존중과 배려의 중요성을 이해합니다. 회사 동료 및 파트너사와 협업 과정에서 겸손한 태도를 갖고 상대의 업무, 경험, 일 하는 방식을 존중합니다. Integrity & Completeness (진정성과 책임감) 서비스를 향한 진심으로, 주어진 일의 시작부터 끝까지 책임감을 갖고 임합니다. 회사와 서비스를 위해 무엇이 최선인지 동료들과 함께 고민하고 토론하여 신뢰와 성실이 고객에게 전해질 수 있도록 노력합니다. (인재상은 지속적으로 성장하는 두나무의 사업과 서비스에 맞추어 변화할 수 있습니다) 업무환경 유연하고 역동적인 문화 다양한 배경의 구성원들이 모여있고 각자의 전문분야는 다르지만, 두나무만의 문화는 직원들이 함께 자율적으로 만들어 가고 있습니다. 이런 자율적인 문화를 바탕으로 조직별 색깔도 조금씩 다를 수 있지만, 이를 서로 존중하고 수용하면서 두나무 전체의 문화를 만들고 있습니다. 서로를 존중하는 좋은 동료들 Respectful & Considerate(존중과 배려)를 기반으로 수평적 커뮤니케이션을 하고 있습니다. 각자 가지고 있는 전문성은 다르지만 서로에게 눈높이 커뮤니케이션을 하면서 한 번 더 배려합니다. 어려움이 발생했을 때 나서서 도움을 주는 좋은 동료들이 주변에 많아 해결해 나가는 과정에서 서로의 성장을 도모할 수 있습니다. 아낌없는 지원 두나무는 직원의 역량 향상과 개인의 성장을 위해서라면 아낌없이 지원하고 있습니다. 지원하고 있는 분야도 Work, Life, Refresh 등 카테고리별로 세심하게 나누어져 있는 것이 특징입니다. 업무에서나 업무 외적으로나 지원해주고 있는 것들이 다양하기 때문에 업무에 좀 더 집중할 수 있고 이를 통해 성장하고 있는 자신을 발견할 수 있습니다. (아래 복지혜택 참조) 복지혜택 Work 점심 식대 매월 30만원/저녁 식대/팀별 회식비 지원 통신비 매월 5만원 지원 비포괄 임금제 운영(초과근로수당 지급) 국내외 컨퍼런스/교육 참여 도서(e-book 포함) 대여 및 구매 지원 최고의 업무 장비 지원 우수 인재 추천금 지원 Life 직원 본인 포함 본인/배우자 가족(직계 존비속 포함) 실손 의료보험(치과 진료까지 보장) 가입 지원 직원 본인의 생명보험 가입 지원 매년 100만원 상당의 종합 건강검진 지원(본인 포함 가족 3인까지 총 300만원 지원) 주택자금 목적의 사내대출 지원 경조사 휴가 및 경조비/물품 지원 설/추석 연 2회 명절선물 지급 직장 어린이집 운영 Refresh 국내 최고급 휴양소(아난티, 안토 등) 이용 지원 (멤버십 할인가 적용) 근속 3년 마다 안식 휴가 10일 부여 (휴무/휴일 제외) 연간 500만원 한도의 복지카드 제공 Tech-driven 사내 웰니스 센터 운영(크라이오테라피, 고압산소테라피, 그룹 회복 클래스 등) (두나무 이야기 및 복지 페이지 바로가기) 채용공고 보기",,"채용 함께 만드는 더 가치있는 미래 채용공고 두나무 이야기 채용공고 새로운 미래를 만드는 여정에 함께할 최고의 동료를 찾습니다 두나무를 소개합니다! 2023.06.09 서비스 분야 소개 블록체인 서비스 ­ - 가장 신뢰받는 디지털 자산 거래소 <업비트> ­ - 신뢰할 수 있는 NFT 거래 플랫폼 <업비트 NFT> ­ - 국내 최초 디지털 자산 인덱스 <UBCI> 증권 서비스 - 국민 증권 애플리케이션 <증권플러스> 비전 & 경쟁력 Connect & Unlock Value 세상에 없던 새로운 가치를 발굴하며 앞선 기술력으로 경계없는 확장을 만들어 갑니다. 평균수명 상승과 동시에 자산관리에 대한 인식이 점점 높아지고 있는 현시대에 발맞추어 두나무는 블록체인, 증권 분야 등에서 최초의 서비스들을 세상에 내보였고 업계 선두를 달리고 있습니다. 두나무의 모든 서비스는 ‘이용자 편의’와 ‘안정성’을 최우선으로 고려하여 만들고 있기 때문에 이용자들의 높은 ‘신뢰성’을 쌓을 수 있었고 이것이 곧 두나무의 경쟁력이 되었습니다. 앞으로도 두나무는 변화의 기류를 포착하고 ‘앞선 기술력’과 ‘안정성’을 기반으로 세상에 없던 새로운 가치를 발굴하고 확장해 나갈 것입니다. 핵심가치 Trust & Drive Trust 두나무의 모두는 각 분야의 전문가입니다. 서비스에 대한 신뢰를 최우선으로 생각하고, 서로의 전문성을 인정하며 의견과 결정을 존중합니다. 편리하고 안전하게 이용할 수 있는 서비스를 만들고, 신뢰를 바탕으로 수평적인 소통을 합니다. Drive 선두에 있지만 더 빠르게 나아갑니다. 기회를 놓치지 않고, 실패를 두려워하지 않으며, 목표에 몰입하고, 혁신을 주도합니다. 모든 의사 결정의 중심은 고객입니다. 항상 고객을 위해 해야 할 일을 고민하고, 발견하며, 실행합니다. 의사결정권자는 수평적인 소통을 바탕으로 빠르고 정확한 결정을 내립니다. 인재상 2.0 Passion & Performance-Oriented (열정과 성과지향) 최고의 성과를 목표로 도전합니다. 변화의 흐름을 예측하고, 고객의 관심사를 끊임 없이 탐구하며, 실패의 경험도 기회로 삼는 열정 가득한 인재입니다. Diversity & Decisiveness (다양성과 결단력) 서로 다른 경험과 지식을 이해하고 다양한 의견을 주고 받으며 때로는 건설적인 대안을 제시하면서 최선의 결정을 내릴 수 있도록 합니다. 정해진 결정을 수용하고 적극적으로 실행합니다. Respectful & Considerate (존중과 배려) 존중과 배려의 중요성을 이해합니다. 회사 동료 및 파트너사와 협업 과정에서 겸손한 태도를 갖고 상대의 업무, 경험, 일 하는 방식을 존중합니다. Integrity & Completeness (진정성과 책임감) 서비스를 향한 진심으로, 주어진 일의 시작부터 끝까지 책임감을 갖고 임합니다. 회사와 서비스를 위해 무엇이 최선인지 동료들과 함께 고민하고 토론하여 신뢰와 성실이 고객에게 전해질 수 있도록 노력합니다. (인재상은 지속적으로 성장하는 두나무의 사업과 서비스에 맞추어 변화할 수 있습니다) 업무환경 유연하고 역동적인 문화 다양한 배경의 구성원들이 모여있고 각자의 전문분야는 다르지만, 두나무만의 문화는 직원들이 함께 자율적으로 만들어 가고 있습니다. 이런 자율적인 문화를 바탕으로 조직별 색깔도 조금씩 다를 수 있지만, 이를 서로 존중하고 수용하면서 두나무 전체의 문화를 만들고 있습니다. 서로를 존중하는 좋은 동료들 Respectful & Considerate(존중과 배려)를 기반으로 수평적 커뮤니케이션을 하고 있습니다. 각자 가지고 있는 전문성은 다르지만 서로에게 눈높이 커뮤니케이션을 하면서 한 번 더 배려합니다. 어려움이 발생했을 때 나서서 도움을 주는 좋은 동료들이 주변에 많아 해결해 나가는 과정에서 서로의 성장을 도모할 수 있습니다. 아낌없는 지원 두나무는 직원의 역량 향상과 개인의 성장을 위해서라면 아낌없이 지원하고 있습니다. 지원하고 있는 분야도 Work, Life, Refresh 등 카테고리별로 세심하게 나누어져 있는 것이 특징입니다. 업무에서나 업무 외적",,"건강검진, 식대",,,30만원,2023-06-09,2023-05-10,active
79,105,두나무,채용공고 | 두나무,https://www.dunamu.com/careers/jobs,"채용 함께 만드는 더 가치있는 미래 채용공고 두나무 이야기 채용공고 새로운 미래를 만드는 여정에 함께할 최고의 동료를 찾습니다 채용 프로세스는 상황 및 일정에 따라 변경될 수 있습니다. 전형 중 경력자에 한하여 레퍼런스체크가 진행될 수 있으며, 지원자의 사전 동의를 받고 진행됩니다. 전체(undefined) 전체 ( ) 두나무를 소개합니다! Notice 두나무를 만드는 사람들의 이야기 Notice 자주 하는 질문 (FAQ) Notice 공공·비영리 디지털자산 연계 사업 기획/운영 담당자 - Communication 사회공헌 교육사업 기획/운영 담당자 - Communication 브랜드 행사 기획 및 운영 담당자 - Marketing 브랜드 경험 및 컬처 담당자 - People 일반직군 인재풀 - Talent Pool 개발직군 인재풀 - Talent Pool",,,,,,,,,,active
80,105,두나무,두나무 이야기 | 두나무,https://www.dunamu.com/careers/story,"채용 함께 만드는 더 가치있는 미래 두나무 이야기 두나무 이야기 채용공고 최고의 인재들과 함께 글로벌 핀테크 산업의 미래를 선도합니다 두나무 이야기 최고의 미래를 만드는 최고의 환경을 지원합니다 Work Life Refresh 최고의 업무 장비 업무용 주변 기기, 최고 사양 장비와 허리 건강을 위한 모션 데스크, 휴먼스케일 의자 제공 식사 지원 점심, 저녁 식대 지원 팀빌딩을 위한 팀별 회식비 지원 비포괄 임금제 실제 연장근무에 따른 연장근무수당 지급 자기 개발 성장을 위한 국내외 콘퍼런스 참여 및 도서 구매 지원 통신비 지원 원활한 업무활동을 위한 통신비 지원 우수 인재 추천금 최고의 동료와 함께 일할 수 있도록 우수 인재 추천금 지원 지금, 최고의 팀에 합류하세요 채용공고 보기",,,,식대,,,,,,active
81,110,직방,채용서류 반환 안내,https://career.zigbang.com/give-back,"직무소개 Business Communication Data Design Hardware Development Management Product Software Development 채용공고 지원안내 합류절차 자주 묻는 질문 채용서류 반환 안내 KR EN KR EN 지원안내 채용서류 반환 안내 직방은 지원서 및 채용 진행과 관련된 모든 서류를 온라인에서 제출받고 있습니다. 다만, 전형 과정에서 불가피하게 실물로 서류를 제출하신 경우 “채용절차의 공정화에 관한 법률(채용절차법)”에 근거하여 해당 서류의 반환을 요청하실 수 있습니다. • 안내 대상 최종 합격자를 제외한 지원자 • 대상 서류 전형 과정에서 직접 제출하신 각종 서류 및 자료 일체 • 신청 방법 채용서류 반환청구서를 채용 여부가 확정된 날을 기준으로 180일 이내에 작성하여 이메일 (recruit@zigbang.com)로 제출해 주시면, 반환 청구서가 수신된 날로부터 14일 이내에 우편(수신자 부담)으로 반환해 드립니다. ※ 채용사이트 또는 전자우편으로 제출한 경우와 당사의 요구 없이 구직자가 자발적으로 제출한 서류는 채용서류 반환 의무가 면제됩니다. ※ 이메일 제목은 [채용서류 반환 청구_성함] 으로 작성 부탁드립니다. ※ 반환 청구서는 고용노동부 지정 양식인 ‘채용절차의 공정화에 관한 법률 시행규칙[별지제3호 서식]’을 사용해주시면 됩니다. 직방은 채용 여부가 확정된 날을 기준으로 180일까지 제출하신 서류를 보관하며 그 이후에는 개인정보보호법에 따라 파기합니다. 직방 기업 소개 뉴스룸 채용 채용공고 합류절차 자주 묻는 질문 채용서류 반환 안내 채용 관련 문의 recruit@zigbang.com © Zigbang Co., Ltd.",,,,,,,,,,active
82,110,직방,직방 채용,https://career.zigbang.com/jobs/software-development,"직무소개 Business Communication Data Design Hardware Development Management Product Software Development 채용공고 지원안내 합류절차 자주 묻는 질문 채용서류 반환 안내 KR EN KR EN 더 많은 직무 보기 Business Communication Data Design Hardware Development Management Product 직방 기업 소개 뉴스룸 채용 채용공고 합류절차 자주 묻는 질문 채용서류 반환 안내 채용 관련 문의 recruit@zigbang.com © Zigbang Co., Ltd.",,,,,,,,,,active
83,110,직방,직방 채용,https://career.zigbang.com/jobs/Product,"직무소개 Business Communication Data Design Hardware Development Management Product Software Development 채용공고 지원안내 합류절차 자주 묻는 질문 채용서류 반환 안내 KR EN KR EN 더 많은 직무 보기 Business Communication Data Design Hardware Development Management Software Development 직방 기업 소개 뉴스룸 채용 채용공고 합류절차 자주 묻는 질문 채용서류 반환 안내 채용 관련 문의 recruit@zigbang.com © Zigbang Co., Ltd.",,,,,,,,,,active
84,110,직방,직방 채용,https://career.zigbang.com/jobs/management,"직무소개 Business Communication Data Design Hardware Development Management Product Software Development 채용공고 지원안내 합류절차 자주 묻는 질문 채용서류 반환 안내 KR EN KR EN 더 많은 직무 보기 Business Communication Data Design Hardware Development Product Software Development 직방 기업 소개 뉴스룸 채용 채용공고 합류절차 자주 묻는 질문 채용서류 반환 안내 채용 관련 문의 recruit@zigbang.com © Zigbang Co., Ltd.",,,,,,,,,,active
85,110,직방,직방 채용,https://career.zigbang.com/jobs/hardware-development,"직무소개 Business Communication Data Design Hardware Development Management Product Software Development 채용공고 지원안내 합류절차 자주 묻는 질문 채용서류 반환 안내 KR EN KR EN 더 많은 직무 보기 Business Communication Data Design Management Product Software Development 직방 기업 소개 뉴스룸 채용 채용공고 합류절차 자주 묻는 질문 채용서류 반환 안내 채용 관련 문의 recruit@zigbang.com © Zigbang Co., Ltd.",,,,,,,,,,active
86,110,직방,직방 채용,https://career.zigbang.com/jobs/data,"직무소개 Business Communication Data Design Hardware Development Management Product Software Development 채용공고 지원안내 합류절차 자주 묻는 질문 채용서류 반환 안내 KR EN KR EN 더 많은 직무 보기 Business Communication Design Hardware Development Management Product Software Development 직방 기업 소개 뉴스룸 채용 채용공고 합류절차 자주 묻는 질문 채용서류 반환 안내 채용 관련 문의 recruit@zigbang.com © Zigbang Co., Ltd.",,,,,,,,,,active
87,110,직방,직방 채용,https://career.zigbang.com/jobs/design,"직무소개 Business Communication Data Design Hardware Development Management Product Software Development 채용공고 지원안내 합류절차 자주 묻는 질문 채용서류 반환 안내 KR EN KR EN 더 많은 직무 보기 Business Communication Data Hardware Development Management Product Software Development 직방 기업 소개 뉴스룸 채용 채용공고 합류절차 자주 묻는 질문 채용서류 반환 안내 채용 관련 문의 recruit@zigbang.com © Zigbang Co., Ltd.",,,,,,,,,,active
88,110,직방,직방 채용,https://career.zigbang.com/jobs/communication,"직무소개 Business Communication Data Design Hardware Development Management Product Software Development 채용공고 지원안내 합류절차 자주 묻는 질문 채용서류 반환 안내 KR EN KR EN 더 많은 직무 보기 Business Data Design Hardware Development Management Product Software Development 직방 기업 소개 뉴스룸 채용 채용공고 합류절차 자주 묻는 질문 채용서류 반환 안내 채용 관련 문의 recruit@zigbang.com © Zigbang Co., Ltd.",,,,,,,,,,active
89,110,직방,직방 채용,https://career.zigbang.com/jobs/business,"직무소개 Business Communication Data Design Hardware Development Management Product Software Development 채용공고 지원안내 합류절차 자주 묻는 질문 채용서류 반환 안내 KR EN KR EN 더 많은 직무 보기 Communication Data Design Hardware Development Management Product Software Development 직방 기업 소개 뉴스룸 채용 채용공고 합류절차 자주 묻는 질문 채용서류 반환 안내 채용 관련 문의 recruit@zigbang.com © Zigbang Co., Ltd.",,,,,,,,,,active
90,122,당근마켓,Trust & Safety Manager | 중고거래,https://about.daangn.com/jobs/6685198003,"Trust & Safety Manager | 중고거래 당근 정규직 경력 영입정보 지원하기 중고거래실을 소개해요 중고거래실은 한국 1등 중고거래 서비스를 만드는 팀으로, 이웃 간의 거래를 따뜻하면서도 편리하게 경험할 수 있게 해요. 우리는 단순히 기능을 개발하는 데 그치지 않고, 사용자의 문제를 깊이 이해하고 기술적 도전을 통해 새로운 해결책을 만들어내요. 또한 데이터 기반 실험과 빠른 검증을 통해 서비스를 발전시키며, 한국을 넘어 캐나다, 미국, 일본 등 수천만 명의 유저에게 신뢰할 수 있는 중고거래 경험을 제공해요. 이런 일을 해요 중고거래 플랫폼, 신규 기능을 위한 정책을 수립하고 운영 대응 체계를 마련해요 운영 데이터를 분석해 문제 패턴을 찾고, 서비스 개선과 정책 고도화를 제안하고 적용해요 사기, 전문 판매업자, 가품 등 리스크 이슈에 대해 관련 부서와 협업해 대응해요 팀의 전략과 상황에 맞춰 운영 우선순위를 관리하고 핵심 이슈를 선제적으로 대응해요 이런 분을 찾고 있어요 서비스 리스크를 사전에 파악하고, 데이터를 기반으로 문제를 분석해 선제적으로 대응할 수 있는 분 운영 매니저로서 5년 이상의 경험을 바탕으로, 프로덕트팀과 함께 서비스를 운영·관리하며 성장시켜보신 분 다양한 조직(운영, CS, 프로덕트, PR, GR 등)과 원활히 협업하며 합의를 이끌어낼 수 있는 분 반복적이고 비효율적인 과정을 발견했을 때, 자동화나 프로세스 개선을 통해 효율을 만들어내는 분 이런 분이면 더 좋아요! 스스로 문제를 정의, 기획하고 진행하는 데 즐거움을 느끼는 분 플랫폼 서비스의 고객 운영 정책을 수립하거나 운영 리스크 대응 경험이 있으신 분 데이터 추출, 분석 및 해석 능력을 가지신 분 고객의 문제에 공감하며 해결하는 데 희열을 느끼고 문제의 크기와 중요성을 객관적으로 볼 수 있는 분 참고해 주세요 정규직 채용의 경우 3개월의 수습기간이 있어요 ‘장애인고용촉진 및 직업재활법’, ‘국가유공자 등 예우 및 지원에 관한 법률’에 따라 장애인 및 보훈대상자는 채용 전형 시 우대하고 있어요 직무 인터뷰에서 수행하신 사전 과제에 대해 질의응답하는 시간이 있어요 이렇게 합류해요 1. 서류 전형 → 2. 화상 인터뷰 → 3. 직무 인터뷰 (과제) → 4. 컬처핏 인터뷰 및 레퍼런스 체크 → 5. 처우협의 → 6. 최종 합격 및 입사 👉 당근 합류 여정 가이드 바로가기 (🔗) 지원하기 자주묻는질문 목록으로 돌아가기",,하고 있어요 직무 인터뷰에서 수행하신 사전 과제에 대해 질의응답하는 시간이 있어요 이렇게 합류해요 1. 서류 전형 → 2. 화상 인터뷰 → 3. 직무 인터뷰 (과제) → 4. 컬처핏 인터뷰 및 레퍼런스 체크 → 5. 처우협의 → 6. 최종 합격 및 입사 👉 당근 합류 여정 가이드 바로가기 (🔗) 지원하기 자주묻는질문 목록으로 돌아가기,,,,정규직,,,,active
91,122,당근마켓,"Software Engineer, iOS",https://about.daangn.com/jobs/5282170003,"Software Engineer, iOS 당근 정규직 경력 영입정보 지원하기 iOS 엔지니어를 소개해요 당근은 소속 팀과 공통된 직군끼리 묶인 챕터로 구성되어 있어요. iOS 엔지니어들은 모두 소속팀 뿐만 아니라 iOS 챕터에 소속되어 활동하게 돼요. iOS 챕터에서는 완성도 높은 앱을 만드는 것을 가장 중요하게 생각해요. 당근 서비스를 사용하는 분들이 제일 먼저 마주하게 되는 곳이기 때문에 안정성과 완성도 높은 서비스를 제공하도록 큰 책임감을 가지고 일을 하고 있어요. iOS 챕터는 회사의 성장 뿐만 아니라 개인의 성장도 중요하게 생각해요. 엔지니어링 데이, 코드 리뷰, 테크톡 등의 활동을 통해 서로의 기술과 도메인 지식을 공유하고 개선방안을 같이 고민해요. 이 외에도 챕터 내 스터디, 세미나 등 iOS 개발에 대한 이야기를 하는 자리를 만들어 더 나은 개발문화와 개인의 성장을 돕는 시간을 가지고 있어요. 이런 일을 해요 [중고거래실] 중고거래실은 한국과 글로벌의 유저를 타겟으로 지역 기반 중고거래 서비스를 만들고 있어요. 전 세계에서 천 만 명이 넘는 제품을 관리하며 유저의 문제를 해결하거나 회사의 목표를 달성할 수 있는 프로덕트를 만들어요. 최고의 중고거래 사용자 경험을 위해 데이터를 바탕으로 다양한 아이디어를 실험하며 서비스를 발전시키는 일을 해요. [모바일실] 당근마켓이 최고의 로컬 앱이 될 수 있도록, 신규 서비스나 사내 공통 서비스들을 운영하고 있어요. 다양한 서비스를 쉽게 개발할 수 있도록 지원하며, 개발 환경 개선을 통해 생산성을 높이기 위해 노력해요. 슈퍼앱을 만들기 위해 지속·확장 가능한 구조를 설계하고, 다양한 기술적 과제에 도전해 나가요. [공통] iOS 챕터에 소속되어 ‘엔지니어링 데이’, ‘테크톡’ 등 활동에 참여해요 그 외에 당근 서비스에 기여하는 다양한 기능들을 개발해요 이런 분을 찾고 있어요 iOS 개발 경력 3년 이상에 준하는 실력을 보유하신 분 새로운 기능을 설계하고 구현하는 것을 즐기시는 분 기술 중심 보다는 사용자 중심의 사고를 가지고 제품을 만들어 갈 수 있으신 분 자기 주도적으로 일하는 걸 즐기고, 커뮤니케이션이 원활하신 분 Testable 한 코드 작업에 익숙하신 분 이런 분이면 더 좋아요! 대규모 서비스를 개발해 보신 분 iOS 와 관련된 오픈 소스에 기여해 보셨거나, 개인 오픈소스 프로젝트를 보유하신 분 글로벌 서비스 경험 있으신 분 DI(Dependency Injection)을 활용한 코드 설계 경험이 있는 분 참고해 주세요 정규직 채용의 경우 3개월의 수습기간이 있어요 ‘장애인고용촉진 및 직업재활법’, ‘국가유공자 등 예우 및 지원에 관한 법률’에 따라 장애인 및 보훈대상자는 채용 전형 시 우대하고 있어요 현재 당근이 사용 중인 기술들이에요 Modular Architecture SwiftUI , KarrotListKit , KarrotCodableKit , RxSwift , FlexLayout Tuist , GitHub Actions , Firebase , fastlane GitHub , Slack , Linear , Figma 새로운 기술을 찾거나 시도하는 것을 적극 격려하고 응원해요 이렇게 합류해요 1. 서류 전형 → 2. 과제 전형 → 3. 직무 인터뷰 → 4. 컬처핏 인터뷰 및 레퍼런스 체크 → 5. 처우협의 → 6. 최종 합격 및 입사 👉 당근 합류 여정 가이드 바로가기 (🔗) 지원하기 자주묻는질문 목록으로 돌아가기",,"하고 있어요 현재 당근이 사용 중인 기술들이에요 Modular Architecture SwiftUI , KarrotListKit , KarrotCodableKit , RxSwift , FlexLayout Tuist , GitHub Actions , Firebase , fastlane GitHub , Slack , Linear , Figma 새로운 기술을 찾거나 시도하는 것을 적극 격려하고 응원해요 이렇게 합류해요 1. 서류 전형 → 2. 과제 전형 → 3. 직무 인터뷰 → 4. 컬처핏 인터뷰 및 레퍼런스 체크 → 5. 처우협의 → 6. 최종 합격 및 입사 👉 당근 합류 여정 가이드 바로가기 (🔗) 지원하기 자주묻는질문 목록으로 돌아가기",,,,정규직,,,,active
92,122,당근마켓,"Software Engineer, Machine Learning | 검색 (품질)",https://about.daangn.com/jobs/6610455003,"Software Engineer, Machine Learning | 검색 (품질) 당근 정규직 경력 영입정보 지원하기 검색품질팀을 소개해요 검색 품질팀은 당근의 검색 경험을 혁신하기 위해 머신러닝과 자연어 처리 기술을 기반으로 사용자 맞춤형 결과를 제공하는 데 집중하고 있어요. 동네 생활의 다양한 맥락을 이해하고, 개인화된 경험을 통해 유저가 빠르고 정확하게 원하는 정보를 찾을 수 있도록 돕는 것이 우리의 미션이에요. 검색 품질 고도화를 위해 팀은 Search Vertical, Search Fleamarket, Search Place 세 파트로 구성되어 있어요. 각 파트의 ML 엔지니어들은 중고거래, 동네생활, 지도 등 다양한 도메인에 특화된 모델을 연구·개발하고 있어요. 🥕 정답이 없는 세계에서 최적의 균형점을 향해 간다는 건 🥕 당근의 성공을 견인하는 첫 화면의 비밀 🥕 대규모 트래픽 위에서 스카이넷은 어떻게 두 달 만에 탄생했을까? 이런 일을 해요 사용자의 검색 의도를 파악하여 맞춤형 키워드, 컬렉션, 상품 등을 추천해요 자연어처리, 그래프 기반 모델, 개인화 알고리즘을 활용해 검색 품질을 향상시켜요 모델의 실시간 서빙을 위한 경량화 및 아키텍처를 설계해요 컬렉션 랭킹, 지식그래프, 키워드 제안 등의 모델 개선 실험과 운영을 담당해요 이런 분을 찾고 있어요 머신러닝 기반 추천/검색/랭킹 시스템을 실제로 설계·운영해본 경험이 있는 분 자연어처리(NLP) 또는 그래프 기반 추천 시스템 개발 경험이 있는 분 Python 기반의 머신러닝 훈련 파이프라인 구축 경험이 있는 분 대용량 데이터를 활용한 실험 설계 및 A/B 테스트 경험이 있는 분 모델 서빙과 성능 최적화를 고려한 시스템 구현 경험이 있는 분 이런 분이면 더 좋아요! 검색어 자동완성, 연관검색어, 오타교정 등 검색어 제안에 대한 모델링 경험이 있는 분 실시간으로 딥러닝 모델 추론을 활용한 서빙 경험이 있는 분 ML 엔지니어 팀에서 오너십을 갖고 특정 도메인(랭킹/추천 등)을 리딩해본 경험이 있는 분 참고해 주세요 역량에 따라 온보딩 내용과 담당 영역은 조정될 수 있어요 정규직 채용의 경우 3개월의 수습기간이 있어요 ‘장애인고용촉진 및 직업재활법’, ‘국가유공자 등 예우 및 지원에 관한 법률’에 따라 장애인 및 보훈대상자는 채용 전형 시 우대하고 있어요 이렇게 합류해요 1. 서류 전형 → 2. 화상 면접 → 3. 직무 면접 → 4. 컬처핏 면접 → 5. 최종 합격 → 6. 최종 합격 및 입사 👉 당근 합류 여정 가이드 바로가기 (🔗) 지원하기 자주묻는질문 목록으로 돌아가기",,"Software Engineer, Machine Learning | 검색 (품질) 당근 정규직 경력 영입정보 지원하기 검색품질팀을 소개해요 검색 품질팀은 당근의 검색 경험을 혁신하기 위해 머신러닝과 자연어 처리 기술을 기반으로 사용자 맞춤형 결과를 제공하는 데 집중하고 있어요. 동네 생활의 다양한 맥락을 이해하고, 개인화된 경험을 통해 유저가 빠르고 정확하게 원하는 정보를 찾을 수 있도록 돕는 것이 우리의 미션이에요. 검색 품질 고도화를 위해 팀은 Search Vertical, Search Fleamarket, Search Place 세 파트로 구성되어 있어요. 각 파트의 ML 엔지니어들은 중고거래, 동네생활, 지도 등 다양한 도메인에 특화된 모델을 연구·개발하고 있어요. 🥕 정답이 없는 세계에서 최적의 균형점을 향해 간다는 건 🥕 당근의 성공을 견인하는 첫 화면의 비밀 🥕 대규모 트래픽 위에서 스카이넷은 어떻게 두 달 만에 탄생했을까? 이런 일을 해요 사용자의 검색 의도를 파악하여 맞춤형 키워드, 컬렉션, 상품 등을 추천해요 자연어처리, 그래프 기반 모델, 개인화 알고리즘을 활용해 검색 품질을 향상시켜요 모델의 실시간 서빙을 위한 경량화 및 아키텍처를 설계해요 컬렉션 랭킹, 지식그래프, 키워드 제안 등의 모델 개선 실험과 운영을 담당해요 이런 분을 찾고 있어요 머신러닝 기반 추천/검색/랭킹 시스템을 실제로 설계·운영해본 경험이 있는 분 자연어처리(NLP) 또는 그래프 기반 추천 시스템 개발 경험이 있는 분 Python 기반의 머신러닝 훈련 파이프라인 구축 경험이 있는 분 대용량 데이터를 활용한 실험 설계 및 A/B 테스트 경험이 있는 분 모델 서빙과 성능 최적화를 고려한 시스템 구현 경험이 있는 분 이런 분이면 더 좋아요! 검색어 자동완성, 연관검색어, 오타교정 등 검색어 제안에 대한 모델링 경험이 있는 분 실시간으로 딥러닝 모델 추론을 활용한 서빙 경험이 있는 분 ML 엔지니어 팀에서 오너십을 갖고 특정 도메인(랭킹/추천 등)을 리딩해본 경험이 있는 분 참고해 주세요 역량에 따라 온보딩 내용과 담당 영역은 조정될 수 있어요 정규직 채용의 경우 3개월의 수습기간이 있어요 ‘장애인고용촉진 및 직업재활법’, ‘국가유공자 등 예우 및 지원에 관한 법률’에 따라 장애인 및 보훈대상자는 채용 전형 시 우대하고 있어요 이렇게 합류해요 1. 서류 전형 → 2. 화상 면접 → 3. 직무 면접 → 4. 컬처핏 면접 → 5. 최종 합격 → 6. 최종 합격 및 입사 👉 당근 합류 여정 가이드 바로가기 (🔗) 지원하기 자주묻는질문 목록으로 돌아가기",,,,정규직,,,,active
93,122,당근마켓,"Software Engineer, Machine Learning | ML 인프라",https://about.daangn.com/jobs/7498021003,"Software Engineer, Machine Learning | ML 인프라 당근 정규직 경력 영입정보 지원하기 ML인프라팀을 소개해요 ""더 단순하게, 더 빠르게, 하지만 안정적으로"" 당근은 수많은 프로덕트들이 한데 모여있다보니 마치 하나의 스타트업 생태계처럼 각 프로덕트들마다의 Stage와 고민이 달라요. 당근 ML 인프라팀은 이 모든 걸 연결하는 복잡성을 각 제품팀이나 개발자가 직접 감당하지 않게 하려고 해요. 당근의 모든 팀들이 ML과 LLM 기반 서비스를 만들 때, “이렇게까지 간단해도 되나?”라는 와우 포인트를 설계해요. 기술의 복잡함을 플랫폼이 대신 책임지게 만들고, 구성원들은 사용자 문제와 제품 아이디어에 더 집중할 수 있도록 해요. 이를 위해 자체 개발한 LLM 라우터, 대규모 학습 파이프라인, 그리고 실험부터 배포까지의 흐름을 연결하는 ML 메타데이터 시스템을 만들고 있어요. 🥕 당근의 GenAI 플랫폼 🥕 서버리스 ML 훈련 인프라 구축하기: Vertex AI Pipelines & TFX 🥕 ML Infrastructure with GCP | 2025 당근 GCP 밋업 이런 일을 해요 사내 프롬프트 스튜디오와 에이전트 시스템을 지원하는 LLM 라우터를 개발하고 있어요. 단순한 프록시를 넘어서, 다양한 LLM의 기능과 특성을 자연스럽게 활용할 수 있도록 추상화하고 확장하고 있어요 ML 메타데이터 관리 및 조회 시스템을 자체 개발하고 있어요. 단순한 관리 도구를 넘어서 AI 에이전트 기반으로 실험과 운영을 분석하고, 자동화하는 방향으로 발전시키고 있어요 여러 학습 프레임워크를 위한 머신러닝 모델 배포 시스템을 운영/개발하고 있어요. 사내 배포 시스템(Kontrol)과 긴밀하게 연동해, 누구나 쉽고 안정적으로 모델을 서빙하고 관리할 수 있는 환경을 만들고 있어요 그 외에도 당근에서 머신러닝과 AI를 더 잘 활용할 수 있다면, 문제의 크기나 형태에 관계없이 필요한 모든 것을 만들어가고 있어요 이런 분과 함께하고 싶어요 당근에서 다루는 문제들은 뚜렷한 정답이나 레퍼런스가 없는 경우가 많아요. 새로운 문제를 정의하고 해결하는 과정을 즐기시는 분과 함께하고 싶어요 머신러닝과 AI를 통해 더 나은 당근 서비스에 기여하고 싶은 열정적인 분을 찾고 있어요. 기술 자체보다, 실제 문제를 해결하고 사용자 가치를 만드는 데에 관심이 있는 분이면 좋아요 파이썬을 주요 언어로 사용하고 있어요. 파이썬 기반의 개발 환경에 익숙하거나, 사용하는 데에 부담이 없는 분이면 잘 맞아요 특정 도메인 경험보다 문제 해결 능력을 더 중요하게 생각해요. 이미 다른 영역에서 복잡한 문제를 잘 풀어오신 분이라면, ML이나 LLM이라는 새로운 분야에서도 빠르게 성장하실 수 있다고 믿어요 백엔드 시스템이나 머신러닝 시스템을 개발해본 경험이 있다면, 팀에 더 빠르게 적응하실 수 있어요 실무에서 약 3년 이상 문제를 풀어오신 분을 기대하고 있어요 (미드 레벨) 실무에서 약 5년 이상 문제를 풀어오신 분을 기대하고 있어요 (시니어 레벨) 이런 분이면 더 좋아요 당근 ML 인프라팀은 단순히 인프라를 운영하는 팀이라기보다, 당근의 AI 개발 방식 자체를 새롭게 설계하는 팀에 가까워요 그래서 이 팀에서는 문제를 발견하면 우선 임시방편으로 덮기보다 구조적으로 풀고 싶어 하고, 반복되는 불편을 보면 개인의 노하우로 남기기보다 공통 시스템으로 만들고 싶어 하며, 복잡한 기술을 다루더라도 결국 다른 팀에게는 더 단순한 경험으로 전달하고 싶어 하는 분과 잘 맞아요 조금 더 구체적으로는 이런 분이면 좋아요. 작더라도 실제 서비스 운영 과정에서 생기는 현실적인 문제를 직접 다뤄본 분 확장성, 안정성, 성능 같은 주제를 말로만이 아니라 실제 구조 개선으로 연결해본 분 여러 팀이 함께 쓸 플랫폼, 공통 도구, 내부 시스템을 고민해본 분 ML 시스템(서빙, 학습 파이프라인 등)이나 LLM 기반 서비스의 흐름을 이해하고 있거나, 빠르게 배우며 실제 문제에 적용해본 분 정답이 없는 환경에서 오히려 더 재미를 느끼고, 팀과 함께 기준을 만들어가는 분 이 팀에서의 일은 종종 눈에 잘 보이지 않을 수 있어요. 하지만 우리가 만든 구조 하나가 다른 팀의 속도를 바꾸고, 더 많은 AI 서비스를 가능하게 만들어요. 겉으로 드러나는 기능보다, 그 기능이 가능해지는 기반을 만드는 일에 보람을 느끼는 분이라면 잘 맞을 거예요 참고해 주세요 정규직 채용의 경우 3개월의 수습기간이 있어요 장애인고용촉진 및 직업재활법’, ‘국가유공자 등 예우 및 지원에 관한 법률’에 따라 장애인 및 보훈대상자는 채용 전형 시 우대하고 있어요 이렇게 합류해요 1. 서류 전형 → 2. 화상 인터뷰 → 3. 직무 인터뷰→ 4. 컬처핏 인터뷰 및 레퍼런스 체크 → 5. 처우협의 → 6. 최종 합격 및 입사 👉 당근 합류 여정 가이드 바로가기 (🔗) 지원하기 자주묻는질문 목록으로 돌아가기",,하고 있어요 이렇게 합류해요 1. 서류 전형 → 2. 화상 인터뷰 → 3. 직무 인터뷰→ 4. 컬처핏 인터뷰 및 레퍼런스 체크 → 5. 처우협의 → 6. 최종 합격 및 입사 👉 당근 합류 여정 가이드 바로가기 (🔗) 지원하기 자주묻는질문 목록으로 돌아가기,,,,정규직,,,,active
94,122,당근마켓,"Software Engineer, Machine Learning",https://about.daangn.com/jobs/5248527003,"Software Engineer, Machine Learning 당근 정규직 경력/신입 영입정보 지원하기 Software Engineer, Machine Learning을 소개해요 당근의 Software Engineer, Machine Learning은 머신러닝을 활용해서 당근의 다양한 서비스들을 고도화하고 당근 사용자들의 만족을 끌어올려요. 더 나아가 동네 주민들의 연결을 강화하여 따뜻한 지역 사회를 만드는 것에 기여해요. 홈 피드, 상세 페이지 등에 개인화된 흥미로운 콘텐츠를 추천하기도 하고 누구나 쉽고 간편하게 광고를 통해서 효율적으로 동네 주민들에게 홍보할 수 있도록 돕기도 해요. 이런 일을 해요 [피드 품질팀] 피드에서의 사용자 Engagement, 다양하고 우연한 발견을 촉진하기 위한 ML 모델들을 개발하고 개선해요 데이터를 분석하고 분석된 데이터에 기반해 가설을 세워 이론적 근거에 기반한 개선점을 찾아요. 온라인 실험으로 검증하고 실질적인 서비스 임팩트를 만들어요 유저와 컨텐츠를 깊게 이해하기 위한 모델들을 개발하고 개선해요 LLM을 다양한 방식으로 활용하여 개인화 추천을 개선해요 [광고추천팀] 광고 추천과 랭킹을 위한 CTR, CVR 예측 모델과 자동 입찰, 타겟팅, 페이싱 모델을 개발하고 개선해요 사용자 행동 데이터와 광고 성과를 분석하고, 데이터 기반의 가설을 세워 A/B 테스트로 검증하며 광고 효율과 사용자 경험을 동시에 향상시켜요 개인화를 고려한 후보 광고 추출과 광고 랭킹 모델을 통해 사용자에게 의미 있는 광고를 추천해요 LLM과 최신 AI 기술을 활용하여 광고 타겟팅의 정확도를 높이고, 사용자와 광고 콘텐츠를 더 깊이 이해해요 🥕 정답이 없는 세계에서 최적의 균형점을 향해 간다는 건 🥕 당근의 성공을 견인하는 첫 화면의 비밀 🥕 대규모 트래픽 위에서 스카이넷은 어떻게 두 달 만에 탄생했을까? 이런 분을 찾고 있어요 머신러닝 이론과 기본기가 탄탄하신 분 딥러닝에 대한 깊은 이해가 있으신 분 (Recommendation, NLP, Graph Neural Net, Reinforcement Learning, Vision 중 하나 이상) 효율적인 코드 아키텍처를 구상하고 가독성 뛰어난 코드 작성에 경험이 있으신 분 이런 분이면 더 좋아요! 데이터 드리븐 환경에서 머신러닝을 통해 사용자 서비스에 실질적인 임팩트를 만들어 보신 분 최신 머신러닝, 딥러닝 트렌드에 관심이 있고 관련 논문 읽는 것을 즐기시는 분 ML 기반 추천 시스템, 광고 시스템에 경험이 있으신 분 머신러닝 모델 및 시스템을 large-scale 프로덕션 환경에 구축하고 사용해 보신 분 BigQuery, Cloud Dataflow, Kubeflow, TFX, TF Serving에 경험이 있으신 분 참고해 주세요 정규직 채용의 경우 3개월의 수습기간이 있어요 ‘장애인고용촉진 및 직업재활법’, ‘국가유공자 등 예우 및 지원에 관한 법률’에 따라 장애인 및 보훈대상자는 채용 전형 시 우대하고 있어요 화상 면접에서 라이브 코딩 테스트와 간단한 ML 기초 지식 테스트가 진행될 예정이에요. 면접 전 원활한 테스트를 위한 PC 환경 조성을 부탁드리며, 지원자분께 편하고 익숙한 장비를 사용하시길 권장드려요 직무 면접에서는 ML 모델 설계를 주제로 면접이 진행될 예정이에요 이렇게 합류해요 1. 서류 전형 → 2. 화상 인터뷰 → 3. 직무 인터뷰 → 4. 컬처핏 인터뷰 및 레퍼런스 체크 → 5. 처우협의 → 6. 최종 합격 및 입사 👉 당근 합류 여정 가이드 바로가기 🔗 지원하기 자주묻는질문 목록으로 돌아가기",,"하고 있어요 화상 면접에서 라이브 코딩 테스트와 간단한 ML 기초 지식 테스트가 진행될 예정이에요. 면접 전 원활한 테스트를 위한 PC 환경 조성을 부탁드리며, 지원자분께 편하고 익숙한 장비를 사용하시길 권장드려요 직무 면접에서는 ML 모델 설계를 주제로 면접이 진행될 예정이에요 이렇게 합류해요 1. 서류 전형 → 2. 화상 인터뷰 → 3. 직무 인터뷰 → 4. 컬처핏 인터뷰 및 레퍼런스 체크 → 5. 처우협의 → 6. 최종 합격 및 입사 👉 당근 합류 여정 가이드 바로가기 🔗 지원하기 자주묻는질문 목록으로 돌아가기",,,,정규직,,,,active
95,122,당근마켓,"Software Engineer, Frontend | 커뮤니티 (당근 모임)",https://about.daangn.com/jobs/7689088003,"를 해내기 위해 다른 개발자뿐만 아니라 PM, 디자이너 등 다양한 팀원들과 함께 소통해요 사용자의 목소리를 기반으로 빠른 개발 주기를 가지고, 그 과정에서 상황에 맞게 적절한 기술을 결정해요 프로덕트를 지탱하는 플랫폼(컴포넌트, 프레임워크 등)을 개발해요 프로덕트를 안정적으로 성장시키기 위한 각종 시스템 이슈를 발견하고 해결해요 이런 분과 함께하고 싶어요 개발 경험 3년 이상 또는 이에 준하는 실력을 가지고 계신 분 비즈니스 상황에 맞는 최적의 기술/아키텍처를 고민하고 선택 경험이 있으신 분 서로 다른 직군과 의사소통 및 협업을 통해 문제를 해결하는 것에 능숙하신 분 사용자 중심으로 사고하며, 사용자 경험을 우선으로 프로덕트를 개발하시는 분 자기주도성, 적극적인 커뮤니케이션, 빠른 실행력이 있으신 분 React 등 SPA 기반 프레임워크 사용이 능숙하신 분 SSR 기반 웹 서비스의 개발 경험이 있으신 분 HTML, CSS, JavaScript, TypeScript에 이해가 깊으신 분 이런 분이면 더 좋아요 모바일 앱 내 웹뷰 개발 경험이 있으신 분 프론트엔드 개발부터 배포까지의 경험이 있으신 분 AI를 활용한 데이터 분석, 자동화 경험이 있으신 분 A/B 테스트 설계 및 분석 결과를 바탕으로 한 프로덕트 개선 경험이 있으신 분 퍼포먼스 및 에러 모니터링 등 중요한 지표들을 측정하고 개선 경험이 있으신 분 Webpack, Vite 등 번들러 사용에 능숙하신 분 이력서나 포트폴리오에 있으면 좋은 내용이에요 프로젝트별로 어떤 부분에 어느 정도 기여를 했는지 명확히 있으면 좋아요 사용자 문제나 팀의 비효율적인 요소를 판단하고 개선하기 위해 노력했던 경험과 그 결과가 같이 있으면 좋아요 특정 기술/아키텍처를 비판적으로 검토 후 적절히 도입한 사례가 있다면 알려주세요 모임팀이 사용하는 기술이에요 React, TypeScript Tanstack Query vanilla-extract Yarn berry Vite fastify와 react-dom/server 기반의 Streaming SSR 당근에서는 자율과 책임의 문화를 중요하게 생각해요. 스스로 상황에 맞게 필요하거나 도입하고 싶은 기술이 있다면 언제든지 적용할 수 있어요. 참고해 주세요 정규직 채용의 경우 3개월의 수습기간이 있어요 '장애인고용촉진 및 직업재활법', '국가유공자 등 예우 및 지원에 관한 법률'에 따라 장애인 및 보훈대상자는 채용 전형 시 우대하고 있어요 이렇게 합류해요 1. 서류 전형 → 2. 화상 인터뷰 → 3. 직무 인터뷰 → 4. 컬처핏 인터뷰 및 레퍼런스 체크 → 5. 처우협의 → 6. 최종 합격 및 입사 👉 당근 합류 여정 가이드 바로가기(🔗) 지원하기 자주묻는질문 목록으로 돌아가기",,하고 있어요 이렇게 합류해요 1. 서류 전형 → 2. 화상 인터뷰 → 3. 직무 인터뷰 → 4. 컬처핏 인터뷰 및 레퍼런스 체크 → 5. 처우협의 → 6. 최종 합격 및 입사 👉 당근 합류 여정 가이드 바로가기(🔗) 지원하기 자주묻는질문 목록으로 돌아가기,,,,정규직,,,,active
96,122,당근마켓,"Software Engineer, Frontend | 커머스",https://about.daangn.com/jobs/6692173003,"Software Engineer, Frontend | 커머스 당근 정규직 경력 영입정보 지원하기 커머스팀을 소개해요 커머스팀은 당근 안에서 새로운 쇼핑 경험을 만들어가는 조직이에요. 우리는 단순히 온라인 쇼핑몰을 만드는 것이 아니라, 당근만의 방식으로 로컬 커머스를 재정의하고 있어요. 2,000만 당근 사용자들이 이미 익숙한 환경에서 자연스럽게 쇼핑을 즐길 수 있도록, 중고거래, 커뮤니티, 동네지도 등 당근의 다양한 서비스들과 유기적으로 연결되는 커머스 플랫폼을 구축하고 있어요. 우리가 만들어갈 커머스는 지역 기반이라는 당근의 DNA를 그대로 이어받아요. 동네 이웃들과 함께하는 공동구매, 우리 동네만의 특별한 로컬 MD 등 기존 이커머스에서는 경험할 수 없었던 새로운 가치를 만들어낼 거예요. 이웃과의 연결이 쇼핑을 더 특별하게 만드는, 그런 커머스를 꿈꾸고 있어요. 커머스팀은 초기 스타트업처럼 일해요. 모두가 PM이 되고, 모두가 리서처가 되어 고객의 문제에 집착해요. 직군의 경계를 넘어 누구나 아이디어를 제안하고, 직접 실험하며, 그 결과로부터 배워나가요. 우리에게는 빠른 실행력과 실패로부터 배우는 자세가 무엇보다 중요해요. 이런 일을 해요 지금은 상품 관리, 결제, 배송, 주문, 기획전 등 커머스의 기본 기능을 탄탄하게 구축하는 데 집중하고 있어요. 하지만 머지않아 당근만의 색깔을 입힌 혁신적인 커머스 기능들을 하나씩 추가해나갈 거예요. 이 과정에서 여러분의 아이디어와 실행력이 서비스의 방향을 결정짓는 중요한 역할을 하게 될 거예요. 매력적인 커머스 사용자 경험을 만들어요 상품 탐색부터 구매 완료까지 직관적인 인터페이스를 설계하고 구현해요 웹뷰와 웹사이트에서 일관된 쇼핑 경험을 제공하며, 이벤트/기획전 페이지를 빠르게 배포해요 빠르게 실험하고 학습해요 전통적인 커머스 기능을 넘어 다양한 실험적 기능들을 빠르게 구현하고 테스트해요 A/B 테스트를 일상적으로 진행하며, 데이터 기반으로 사용자 경험을 지속적으로 개선해요 판매자를 위한 효율적인 관리 도구를 개발해요 상품 등록, 주문/재고 관리, 정산 등 판매자 페이지를 구축해요 데이터 시각화로 판매 성과를 한눈에 볼 수 있는 대시보드를 제공해요 AI를 활용해 개발 속도를 극대화해요 Claude Code, Cursor 등으로 UI 컴포넌트를 빠르게 구현하고 프로토타입을 제작해요 반복 작업은 AI로 자동화하고, 확보한 시간을 사용자 경험 혁신에 투자해요 이런 분과 함께 하고 싶어요 4년 이상의 프론트엔드 개발 경험을 보유하신 분 고객 문제 해결에 집착하며, 오너십을 가지고 끝까지 완수하시는 분 새로운 기술 스택에 빠르게 적응하며, 빠른 실행과 확장성을 균형있게 고려하시는 분 다양한 직군과 열린 마음으로 협업하며, 실패로부터 배우는 자세를 가지신 분 비즈니스 의사결정 전이라도 엔지니어링 관점에서 자율적으로 판단하고 실행할 수 있는 분 AI 도구(Claude Code, Cursor 등)를 적극 활용해 생산성을 높이고 비즈니스 임팩트에 집중하시는 분 이런 분이면 더 좋아요! TypeScript, React를 활용한 개발 경험이 있으신 분 이커머스 도메인에 대한 이해와 경험이 있으신 분 복잡한 상태 관리(Recoil, Zustand 등)를 다뤄보신 분 GraphQL 기반 아키텍처를 이해하고, Relay를 활용한 개발 경험이 있으신 분 실행 환경(웹브라우저, 인앱 웹뷰 등)과 환경의 정책을 이해하고 있으신 분 참고해 주세요 정규직 채용의 경우 3개월의 수습기간이 있어요 ‘장애인고용촉진 및 직업재활법’, ‘국가유공자 등 예우 및 지원에 관한 법률’에 따라 장애인 및 보훈대상자는 채용 전형 시 우대하고 있어요 이렇게 합류해요 1. 서류 전형 → 2. 화상 인터뷰 → 3. 직무 인터뷰 → 4. 컬처핏 인터뷰 및 레퍼런스 체크 → 5. 처우협의 → 6. 최종 합격 및 입사 👉 당근 합류 여정 가이드 바로가기 (🔗) 지원하기 자주묻는질문 목록으로 돌아가기",,하고 있어요 이렇게 합류해요 1. 서류 전형 → 2. 화상 인터뷰 → 3. 직무 인터뷰 → 4. 컬처핏 인터뷰 및 레퍼런스 체크 → 5. 처우협의 → 6. 최종 합격 및 입사 👉 당근 합류 여정 가이드 바로가기 (🔗) 지원하기 자주묻는질문 목록으로 돌아가기,,,,정규직,,,,active
97,122,당근마켓,"Software Engineer, Frontend | 알림",https://about.daangn.com/jobs/7668837003,"Software Engineer, Frontend | 알림 당근 정규직 경력/신입 영입정보 지원하기 Notifications를 소개해요 Notifications 팀은 당근의 알림 경험을 만들어가는 팀이에요. 알림은 당근에서 유저를 앱 바깥에서 다시 연결할 수 있는 가장 강력한 채널이에요. 유저의 폰 잠금화면에 직접 닿는 이 접점은, MAU 2,000만 명의 행동을 바꿀 수 있는 강력한 터치포인트이기도 해요. 우리는 단순히 알림을 보내는 팀이 아니라, 유저가 당근으로 다시 돌아오고 다음 행동으로 이어지는 순간을 설계해요. 알림 경험은 푸시 한 번으로 끝나지 않아요. 푸시를 통해 채팅방이나 게시글로 바로 이어지기도 하고, 앱 안의 알림함에서 놓친 흐름을 다시 발견하기도 해요. 푸시가 행동을 만들어내는 장치라면, 알림함은 관계와 맥락을 다시 이어가는 공간이에요. 우리 팀은 이 두 경험을 함께 설계하며, 당근 안팎의 연결을 만들고 있어요. 당근에는 중고거래, 알바, 부동산, 커뮤니티 등 성장 단계가 서로 다른 15개 이상의 서비스가 함께 있어요. Notifications 팀은 이 모든 서비스 위에서, 알림이 유저에게 더 의미 있게 도달하고 자연스럽게 행동으로 이어지는 경험 전체를 만들고 있어요. 지금 우리는 기존 공식을 넘어, 새로운 실험을 통해 당근의 다음 성장 공식을 만들어가고 있어요. 작은 팀에서 엔지니어는 구현을 넘어 문제 정의, 방향 제안, 실험 설계까지 함께하며 제품의 미래를 만들어가요. 이런 일을 해요 알림함을 새롭게 만들어요. 15개 이상의 서비스에서 쌓이는 알림을 유저가 빠르게 파악하고 바로 행동으로 이어갈 수 있도록, 목록 구조, 그룹핑, 읽음/안읽음 상태, 개인화/필터링 등 알림함 지면의 프론트엔드를 설계하고 구현해요 푸시를 탭한 유저가 채팅방, 게시글, 특정 서비스 페이지 등 맥락에 맞는 화면에 빠르고 자연스럽게 도착하는 진입 경험을 구현해요 유저 세그먼트, 배너, 이벤트 플로우 등 알림을 정밀하게 타겟하고 운영하는 도구의 프론트엔드를 개발해요. 팀이 더 빠르게 실험할 수 있는 기반을 만드는 일이에요 클릭률, 전환율, 증분 효과를 측정할 수 있는 실험 환경을 함께 구축하고, A/B 테스트를 빠르게 돌릴 수 있는 구조를 만들어요 PM, 디자이너와 긴밀하게 협업하며, 기술적 가능성과 제약을 바탕으로 제품의 방향에 함께 의견을 내요 이런 분과 함께하고 싶어요 3년 이상의 프론트엔드 개발 경험이 있는 분 모바일 웹뷰 기반의 개발 경험이 있는 분 유저에게 보이는 경험의 품질에 높은 기준을 가지고 있는 분 제품의 목표와 맥락을 이해하고, 구현을 넘어 더 나은 방법을 함께 고민할 수 있는 분 빠른 실험과 반복이 필요한 환경에서 유연하게 움직일 수 있는 분 이런 분이면 더 좋아요! 푸시 알림, 인앱 메시지, 알림함 등 유저 커뮤니케이션 채널의 프론트엔드를 개발해 본 경험이 있는 분 A/B 테스트 인프라를 구축하거나, 실험 기반 개발 사이클에 익숙한 분 디자인 시스템을 활용하거나 컴포넌트 설계에 경험이 있는 분 다양한 서비스와 연동되는 공통 지면이나 플랫폼성 프론트엔드를 개발해 본 분 성능 최적화, 로딩 전략, 리스트 렌더링 등 대규모 사용자 환경에서의 FE 경험이 있는 분 참고해 주세요 정규직 채용의 경우 3개월의 수습기간이 있어요 ‘장애인고용촉진 및 직업재활법’, ‘국가유공자 등 예우 및 지원에 관한 법률’에 따라 장애인 및 보훈대상자는 채용 전형 시 우대하고 있어요 이렇게 합류해요 1. 서류 전형 → 2. 화상 인터뷰(라이브 코딩 테스트) → 3. 직무 인터뷰 → 4. 컬처핏 인터뷰 및 레퍼런스 체크 → 5. 처우협의 → 6. 최종 합격 및 입사 👉 당근 합류 여정 가이드 바로가기 (🔗) 지원하기 자주묻는질문 목록으로 돌아가기",,하고 있어요 이렇게 합류해요 1. 서류 전형 → 2. 화상 인터뷰(라이브 코딩 테스트) → 3. 직무 인터뷰 → 4. 컬처핏 인터뷰 및 레퍼런스 체크 → 5. 처우협의 → 6. 최종 합격 및 입사 👉 당근 합류 여정 가이드 바로가기 (🔗) 지원하기 자주묻는질문 목록으로 돌아가기,,,,정규직,,,,active
98,122,당근마켓,"Software Engineer, Frontend | 당근페이",https://about.daangn.com/jobs/5919465003,"Software Engineer, Frontend | 당근페이 당근페이 정규직 경력 영입정보 지원하기 Software Engineer, Frontend를 소개해요 당근페이 Software Engineer, Frontend는 최고의 사용자 경험을 제공하는 핀테크 서비스를 목표로 프론트엔드 기술을 활용하여 다양한 도전을 이어가고 있어요. 유저와 직접 만나는 UI/UX를 개발하고 당근페이를 통해 사용자들이 더 편리하고 안전한 금융 경험을 누릴 수 있게 만들어요. 프론트엔드 챕터는 하나의 팀처럼 협업하며 주기적으로 기술 토픽을 공유하고 코드 리뷰를 진행하며, 함께 성장하는 문화를 만들어가요. 우리는 서비스 내 다양한 기능과 화면을 설계하고 개발하며, 사용자에게 안전하고 직관적인 경험을 제공하는 데 집중하고 있어요. 디자인 시스템과 긴밀히 협업하며 일관된 사용자 경험을 구현하고, 이를 통해 당근페이의 가치를 더욱 확장하고 있어요. 🥕 당근페이 Frontend 개발자들이 일하는 방식을 소개해요 🥕오늘도 엔지니어가 된다고 말했다 - 당근페이 이용 내역 개편기 이런 일을 해요 당근페이의 웹 및 모바일 앱내 웹뷰의 UI/UX를 설계하고 개발해요 React, TypeScript 등을 활용해 네이티브앱처럼 직관적이고 반응성이 뛰어난 인터페이스를 구현해요 사용자 행동 데이터를 분석하고 성능을 최적화해요 자기주도성, 빠른 실행력을 갖고 당근페이의 성장을 함께 만들어요 사용자 임팩트를 최우선으로 생각하며 일해요. 빠르게 출시하고 고도화하며 프로덕트를 개선해요 안정적인 금융 서비스를 제공하기 위해 안정성, 보안, 접근성을 고려하며 개발해요 이런 분과 함께하고 싶어요 5년 이상의 프론트엔드 개발 경험 또는 그에 준하는 역량을 보유하신 분 React 등 SPA 프레임워크 사용에 능숙하신 분 HTML, CSS 및 JavaScript 생태계에 익숙하신 분 코드 개선과 논의에 열린 자세를 갖고 이해가 쉬운 코드 작성을 선호하시는 분 PM, 디자이너, 엔지니어 등 동료들과 명확하고 원활한 커뮤니케이션을 하시는 분 복잡한 비즈니스 요구사항을 빠르게 이해하고 구현하기 위한 적절한 기술적 의사결정을 하시는 분 단순히 주어진 업무를 해내는데 그치지 않고, 주도적으로 문제를 발견하고 분석해 문제를 해결하는 분 이런 분이면 더 좋아요! 대규모 핀테크 서비스 개발 및 운영 경험이 있으신 분 결제, 송금, 포인트 시스템 등 금융 트랜잭션 UI/UX 구현 경험이 있으신 분 하나의 서비스에 대해서 오너십을 갖고 운영해 보신 분 모바일 앱 내 웹뷰 개발 경험이 있으신 분 리팩토링, 테스트 코드 작성에 익숙하신 분 프론트엔드 아키텍처 설계 및 기술 의사결정 경험이 있으신 분 AI 도구를 활용하여 업무 생산성을 향상시키고, 이러한 개선을 주도적으로 추진해보신 분 참고해 주세요 정규직 채용의 경우 3개월의 수습기간이 있어요 ‘장애인고용촉진 및 직업재활법’, ‘국가유공자 등 예우 및 지원에 관한 법률’에 따라 장애인 및 보훈대상자는 채용 전형 시 우대하고 있어요 이렇게 합류해요 1. 서류 전형 → 2. 화상 인터뷰 → 3. 직무 인터뷰 → 4. 컬처핏 인터뷰 및 레퍼런스 체크 → 5. 처우협의 → 6. 최종 합격 및 입사 👉 당근 합류 여정 가이드 바로가기 (🔗) 지원하기 자주묻는질문 목록으로 돌아가기",,하고 있어요 이렇게 합류해요 1. 서류 전형 → 2. 화상 인터뷰 → 3. 직무 인터뷰 → 4. 컬처핏 인터뷰 및 레퍼런스 체크 → 5. 처우협의 → 6. 최종 합격 및 입사 👉 당근 합류 여정 가이드 바로가기 (🔗) 지원하기 자주묻는질문 목록으로 돌아가기,,,,정규직,,,,active
99,122,당근마켓,"Software Engineer, Frontend | 광고",https://about.daangn.com/jobs/7484161003,"Software Engineer, Frontend | 광고 당근 정규직 경력 영입정보 지원하기 광고 프론트엔드팀을 소개해요 광고실 프론트엔드 팀은 소상공인이 쉽고 간편하게 광고를 집행할 수 있는 간편모드 웹, 웹뷰 서비스와 전문적인 광고 집행을 원하는 광고주들을 위한 전문가모드 웹 서비스를 개발하고 있어요. 광고 서비스를 통해서 건전한 수익 구조 구축이라는 목표에 기여하고 수익을 넘어서 광고가 앱의 방해요소가 아닌 기능 중 하나로써 공존할 수 있도록 팀원들과 함께 고민하고 개선하고 새로운 시도들을 끊임없이 해보고 있어요. 이런 일을 해요 광고 도메인을 잘 모르는 소상공인, 자영업자 분들도 당근 앱에서 쉽고 간편하게 광고할 수 있는 웹, 웹뷰 서비스를 만들어요 전문 마케터분들이 보다 효과적으로 광고를 집행하고 성과를 관리할 수 있는 PC 웹 서비스를 만들어요 당근 앱 내의 다양한 서비스와 광고를 연결하는 공통 모듈과 API를 설계하고 관리해요 광고 서비스가 당근의 다른 서비스와 원활하게 연결될 수 있도록 돕는 패키지를 개발하고 유지보수해요 다양한 가설을 세우고 이를 검증하기 위해 함께 고민하고 실험해요. 실험 데이터에 기반해 합리적인 의사결정을 내리고 다음 액션 아이템을 도출해요. 개발 문화에 관심을 갖고 지속 가능하고 안정적인 개발 환경을 만들기 위해 노력해요 이런 분과 함께하고 싶어요 개발 경험 3년 이상 또는 이에 준하는 실력을 가지고 있으신 분 HTML, CSS 및 JavaScript, TypeScript에 능숙하신 분 React 등 SPA 기반 프레임워크를 이용해 프로젝트를 진행한 경험이 있으신 분 Zustand, Redux 등 다양한 상태관리 패턴을 사용한 경험이 있으신 분 Vite, Webpack 등 모듈 번들러에 대한 이해가 깊으신 분 자기주도성, 적극적인 커뮤니케이션, 빠른 실행력이 있으신 분 이런 분이면 더 좋아요! 개발 환경부터 전체 플로우를 주도할 수 있는 분 제품의 안정성 및 성능을 모니터링하고 개선해본 경험이 있는 분 새로운 기술에 대한 끊임없는 도전과 삽질 속에서 얻은 경험을 공유하고 함께 성장하는것을 즐기시는 분 하나의 서비스에 대해서 오너십을 갖고 운영해 보신 분 본인만의 NPM 패키지를 출판해보신 분 Next.js, Remix 등 React Framework을 이용한 SSR 프로젝트 경험이 있으신 분 Relay, GraphQL 사용 경험이 있으신 분 이력서는 이렇게 작성해주시면 좋아요 단순한 기술 나열보다는 문제 해결과정과 성장을 보고싶어요 기술이나 도구의 선택에 있어서 왜 그런 판단을 했는지 궁금해요 병목현상을 해결한 경험이 있으면 적어주세요 데이터에 기반한 의사결정을 통해 유의미한 성과를 낸 경험이 있다면 들려주세요 참고해 주세요 정규직 채용의 경우 3개월의 수습기간이 있어요 ‘장애인고용촉진 및 직업재활법’, ‘국가유공자 등 예우 및 지원에 관한 법률’에 따라 장애인 및 보훈대상자는 채용 전형 시 우대하고 있어요 이렇게 합류해요 1. 서류 전형 → 2. 화상 인터뷰 → 3. 직무 인터뷰 → 4. 컬처핏 인터뷰 및 레퍼런스 체크 → 5. 처우협의 → 6. 최종 합격 및 입사 👉 당근 합류 여정 가이드 바로가기 (🔗) 지원하기 자주묻는질문 목록으로 돌아가기",,하고 있어요 이렇게 합류해요 1. 서류 전형 → 2. 화상 인터뷰 → 3. 직무 인터뷰 → 4. 컬처핏 인터뷰 및 레퍼런스 체크 → 5. 처우협의 → 6. 최종 합격 및 입사 👉 당근 합류 여정 가이드 바로가기 (🔗) 지원하기 자주묻는질문 목록으로 돌아가기,,,,정규직,,,,active
100,122,당근마켓,"Software Engineer, Frontend (인턴) | 커뮤니티 (당근 모임)",https://about.daangn.com/jobs/7689021003,"를 해내기 위해 다른 개발자뿐만 아니라 PM, 디자이너 등 다양한 팀원들과 함께 소통해요 사용자의 목소리를 기반으로 빠른 개발 주기를 가지고, 그 과정에서 상황에 맞게 적절한 기술을 결정해요 프로덕트를 지탱하는 플랫폼(컴포넌트, 프레임워크 등) 개발에 참여해요 프로덕트를 안정적으로 성장시키기 위한 각종 시스템 이슈를 발견하고 해결하는 과정에 함께해요 이런 분과 함께하고 싶어요 React 등 SPA 기반 프레임워크 사용 경험이 있으신 분 HTML, CSS, JavaScript 및 TypeScript에 기본적인 이해가 있으신 분 서로 다른 직군과 의사소통 및 협업을 통해 문제를 해결하는 것을 즐기는 분 사용자 중심으로 사고하며, 사용자 경험을 우선으로 프로덕트를 개발하시는 분 자기주도적으로 문제를 파악하고 능동적으로 해결하려는 분 이런 분이면 더 좋아요 SSR 기반 웹 서비스의 개발 경험이 있으신 분 모바일 앱 내 웹뷰 개발 경험이 있으신 분 A/B 테스트 설계 및 분석 결과를 바탕으로 프로덕트를 개선한 경험이 있으신 분 AI를 활용한 개발, 자동화 경험이 있으신 분 이력서나 포트폴리오에 꼭 담아주세요 모임팀에서 함께하고 싶은 분은, 직접 만든 무언가가 실제 사용자와 닿은 경험이 있는 분이에요. 서비스를 스스로 기획하고 구현해서 세상에 내놓아 본 적이 있다면, 그 이야기를 꼭 담아주세요. 얼마나 많은 사용자를 만났는지, 어떤 문제를 풀려고 했는지, 그 결과가 어땠는지가 궁금해요. 완성도나 규모보다는, 문제를 직접 정의하고 실행에 옮긴 경험이 담겨 있는지를 봐요. 모임팀이 사용하는 기술이에요 React, TypeScript Tanstack Query vanilla-extract Yarn berry Vite fastify와 react-dom/server 기반의 Streaming SSR 당근에서는 자율과 책임의 문화를 중요하게 생각해요. 스스로 상황에 맞게 필요하거나 도입하고 싶은 기술이 있다면 언제든지 적용할 수 있어요. 참고해 주세요 3개월 근무 후 평가에 따라 3개월 연장 여부를 결정하는 체험형 인턴 이에요 '장애인고용촉진 및 직업재활법', '국가유공자 등 예우 및 지원에 관한 법률'에 따라 장애인 및 보훈대상자는 채용 전형 시 우대하고 있어요 서류는 4월 12일 일요일 23시 59분 마감 예정이며, 상황에 따라 조기 마감 혹은 연장될 수 있어요 최종 합격 시 5월 4일 입사 예정 이며, 입사일은 변경될 수 있어요 이렇게 합류해요 1. 서류 전형 → 2. 직무 인터뷰(라이브 코딩 테스트 포함) → 3. 최종합격 👉 당근 합류 여정 가이드 바로가기(🔗) 지원하기 자주묻는질문 목록으로 돌아가기",,"하고 있어요 서류는 4월 12일 일요일 23시 59분 마감 예정이며, 상황에 따라 조기 마감 혹은 연장될 수 있어요 최종 합격 시 5월 4일 입사 예정 이며, 입사일은 변경될 수 있어요 이렇게 합류해요 1. 서류 전형 → 2. 직무 인터뷰(라이브 코딩 테스트 포함) → 3. 최종합격 👉 당근 합류 여정 가이드 바로가기(🔗) 지원하기 자주묻는질문 목록으로 돌아가기",,,,인턴,,,,active
101,122,당근마켓,"Software Engineer, Frontend (인턴) | 로컬 잡스",https://about.daangn.com/jobs/5816257003,"Software Engineer, Frontend (인턴) | 로컬 잡스 당근 인턴 경력/신입 영입정보 지원하기 Local Jobs 팀을 소개해요 Local Jobs는 국내에는 존재하지 않던 마켓플레이스를 만드는 팀이에요. 우리는 일자리를 찾는 방식을 완전히 새롭게 정의하고 있어요. 이웃과 이웃이 만나 동네라는 공간이 새로운 가능성이 되도록, 프로덕트 전문가들이 모여 당근의 비전을 이루기 위한 도전을 하고 있어요. 🥕 Local Jobs 팀원을 소개해요 이렇게 일해요 🥕 당근 블로그, <Local Jobs 엔지니어는 어떻게 사고하고 결정할까> 🥕 당근 블로그, <Local Jobs 엔지니어는 어떻게 행동하고 협업할까> 🥕 당근 테크밋업, <GraphQL Schema 기반 협업으로 생산성을 높이는 Local Jobs 엔지니어링 문화> 🥕 당근 테크밋업, <Local Jobs 초기 엔지니어링 전략: 빠르게, 빠르게, 더 빠르게> 🥕 Local Jobs 디자이너 인터뷰, <하나의 가설로 극한의 성과를> 🥕 Local Jobs PM 인터뷰, <당근의 동력은 오너십> 🥕 Local Jobs 리더 인터뷰, <서비스 성장을 가속하는 팀워크를 만드는 법> 이런 일을 해요 서비스 전반에 흩어져 있는 기존 UI 컴포넌트를 신규 디자인 시스템 기반으로 마이그레이션해요 단순 치환이 아니라, 스펙 차이로 발생하는 문제를 정의하고 해결 방향을 주도적으로 설계해요 필요 시 디자인 시스템 팀과 협업해 컴포넌트 구조·인터페이스 개선에 기여해요 대규모 코드 변경 과정에서 발생할 수 있는 문제를 줄이기 위해, 자동화 도구(예: Playwright, MCP, 에이전트 기반 브라우저 등)를 활용한 검증/마이그레이션 전략을 고민하고 적용해요 에이전트가 UI를 안정적으로 생성·수정할 수 있도록, 디자인 시스템 기반의 일관된 프론트엔드 구조를 구축하는 데 기여해요 이런 분과 함께하고 싶어요 React 기반 환경에서 컴포넌트 단위로 UI를 설계·구현해본 경험이 있으신 분 단순 구현을 넘어, 기존 코드 구조를 이해하고 개선 방향을 고민해본 경험이 있으신 분 반복적인 작업을 줄이기 위해 스크립트, 자동화, 또는 실험적인 도구를 활용해본 경험이 있으신 분 문제를 주어졌을 때 기다리기보다, 정의하고 해결 방향을 스스로 제안해본 경험이 있으신 분 이런 분이면 더 좋아요! 디자인 시스템, 컴포넌트 아키텍처, 또는 UI 일관성 문제에 관심이 있으신 분 Playwright, 테스트 자동화, 코드 변환(codemod) 등에 흥미가 있으신 분 LLM, 에이전트 등을 활용해 개발 생산성을 높여본 경험이 있거나 관심이 있으신 분 대규모 변경 작업에서 정확성과 속도를 동시에 확보하는 방법을 고민해보신 분 참고해 주세요 서류 전형에서는 지원자 분의 이야기를 듣기 위한 3개의 사전 질문 이 준비되어 있어요 UI 컴포넌트 또는 디자인 시스템 관련 마이그레이션 경험이 있다면 들려주세요 디자인 시스템, 자체 컴포넌트, 개별 스타일드 컴포넌트가 혼재된 상황에서, 이를 하나의 디자인 시스템으로 마이그레이션하기 위한 전략을 제안해주세요 UI 마이그레이션 이후 동작 및 스타일의 안정성을 어떤 방식으로 검증할 수 있을까요? 직무 인터뷰 진행 방식도 미리 알려드리고 있어요 사전 질문에 대한 응답을 중심으로, 문제를 어떻게 정의하고 해결하는지에 집중해요 이력서에 대한 질문보다는, 실제 하게 될 작업 맥락과 연결된 내용 위주로 이야기를 나눌 예정이에요 특히 UI 구현과 관련된 CSS 이해도를 중요하게 보고 있어요 서류는 4월 5일 일요일 오후 11시 59분 마감 예정이며, 상황에 따라 조기 마감 혹은 연장될 수 있어요 마감 직전에는 접속이 몰려 지원서가 제대로 접수되지 않을 수 있으니, 최소 30분 이상의 여유를 두고 지원하시는 것을 권장드려요 이 포지션은 3개월 근무 후 평가에 따라 3개월 연장 여부를 결정하는 체험형 인턴 이에요 ‘장애인고용촉진 및 직업재활법’, ‘국가유공자 등 예우 및 지원에 관한 법률’에 따라 장애인 및 보훈대상자는 채용 전형 시 우대하고 있어요 최종 합격 시 4월 27일 입사 예정 이며, 입사일은 변경될 수 있어요 이렇게 합류해요 1. 서류 전형(사전질문) → 2. 직무 인터뷰 → 3. 최종합격 👉 당근 합류 여정 가이드 바로 가기 (🔗) 지원하기 자주묻는질문 목록으로 돌아가기",,"하고 있어요 최종 합격 시 4월 27일 입사 예정 이며, 입사일은 변경될 수 있어요 이렇게 합류해요 1. 서류 전형(사전질문) → 2. 직무 인터뷰 → 3. 최종합격 👉 당근 합류 여정 가이드 바로 가기 (🔗) 지원하기 자주묻는질문 목록으로 돌아가기",,,,인턴,,,,active
102,122,당근마켓,"Software Engineer, Data",https://about.daangn.com/jobs/4300801003,"Software Engineer, Data 당근 정규직 경력 영입정보 지원하기 데이터 가치화 팀을 소개해요 당근 팀은 동네 안에서 연결되지 못한 가치있는 정보를 발견하고, 지역 생활 속의 불편함을 해결하기 위해 모였어요. 이러한 사용자 가치를 만들어내기 위해서는 사용자들에 대한 믿을 수 있는 정보를 손쉽게 접근해서 의사결정에 반영할 수 있어야 해요. 당근은 의사결정에 수많은 데이터를 이미 활용하고 있지만, 당근의 데이터의 가치를 극대화하기 위해서는 많은 변화가 필요해요. 데이터 가치화 팀의 비전은 ""매일 데이터를 통해 사용자를 위한 의사결정을 한다""예요. 이 비전을 실현하기 위해 데이터 가치화의 문제를 주도적으로 고민하고, 이를 해결하는 데 앞장서요. Software Engineer, Data를 소개해요 Software Engineer, Data는 데이터를 가치화하는 과정에서 발생하는 문제들을 소프트웨어 엔지니어링을 통해 해결해요. 빠르게 성장하는 당근에 발맞추어 미래에 병목이 되지 않을 데이터 시스템을 설계하고, 자동화된 테스트와 시스템에 대한 관측성 확보를 통해 데이터의 신뢰성을 지켜내요. 또한 당근의 구성원들이 데이터를 통해 사용자를 이해하는 과정에서 생기는 기술적 문제를 해결 하고, 데이터 제품(지표 플랫폼, 실험 플랫폼 등)을 통해 당근의 데이터 기반 의사결정(Data-informed decision-making)을 폭발적으로 성장시켜요. 견고한 소프트웨어 엔지니어링을 기반으로 당근에서 고품질의 데이터가 병목 없이 흐르며 가치를 만들어낼 수 있도록 하는 것이 데이터 가치화 팀 엔지니어들의 미션이에요. 🥕 당근과 함께 성장해온 데이터 가치화 팀의 여정 알아보기 (구글 데이터 웨비나) 🥕 당근 지표 플랫폼 KarrotMetrics 알아보기 🥕 당근이 DBT와 Airflow를 도입하며 마주한 7가지 문제들 🥕 당근의 데이터 엔지니어가 알려주는 DBT로 쉽게 모델링하는 방법 (2024 데이터야 놀자 컨퍼런스) 🥕 당근 데이터 지도를 그리다: 컬럼 레벨 리니지 구축기 🥕 매번 다 퍼올 필요 없잖아? 당근의 MongoDB CDC 구축기 🥕 당근은 왜 User Activation을 전사 공통 데이터 레이어로 만들었을까? 이런 일을 해요 고성능의 확장 가능한 데이터 처리 시스템(배치/스트리밍)을 설계해요 안정적이고 테스트 가능한 데이터 파이프라인을 설계하고 운영해요 구성원들이 이벤트를 쉽게 추가할 수 있도록 자동화된 이벤트 로깅을 구현하고, 대용량의 이벤트를 유실 없이 안정적으로 수집할 수 있는 로그 시스템을 만들어요 전사 구성원들의 데이터 기반 의사결정을 돕는 데이터 제품(지표 플랫폼, 실험 플랫폼 등)을 개발하고 지속적으로 개선해요 전사 구성원들이 데이터를 신뢰하고 사용할 수 있도록 데이터 시스템의 관측성(Observability)을 지속적으로 확보하고, 자동화된 데이터 품질(Quality) 체크를 통해 문제를 조기에 발견하고 해결해요 이런 분을 찾고 있어요 하나 이상의 프로그래밍 언어에 능숙하신 분 (Python / Java / Scala / Kotlin / Go 등) 대규모 트래픽 처리를 위한 확장 가능한 데이터 아키텍처의 구성에 대한 관심이 있으신 분 AWS, GCP 등 클라우드 환경 에서 개발/운영 경험이 있거나 그에 준하는 지식을 갖추신 분 이런 분이라면 더 좋아요! Spark, Flink, Beam, BigQuery 등 빅데이터 프레임워크 사용 경험이 있으신 분 분산 환경에서 대용량 데이터 처리(배치/스트리밍) 경험이 있으신 분 Kubernetes 등 컨테이너 오케스트레이션 시스템을 활용한 운영 경험이 있으신 분 AWS, GCP 등 클라우드 환경에서 IaC를 활용한 데이터 인프라 설계 및 운용 경험이 있으신 분 참고해 주세요 정규직 채용의 경우 3개월의 수습기간이 있어요 ‘장애인고용촉진 및 직업재활법’, ‘국가유공자 등 예우 및 지원에 관한 법률’에 따라 장애인 및 보훈대상자는 채용 전형 시 우대하고 있어요 Software Engineer, Data 포지션은 화상/직무 면접에서 라이브 코딩 테스트가 예정되어 있어요 이렇게 합류해요 1. 서류 전형 → 2. 화상 인터뷰 → 3. 직무 인터뷰 → 4. 컬처핏 인터뷰 및 레퍼런스 체크 → 5. 처우협의 → 6. 최종 합격 및 입사 👉 당근 합류 여정 가이드 바로가기 (🔗) 지원하기 자주묻는질문 목록으로 돌아가기",,,,,,정규직,,,,active
103,122,당근마켓,"Software Engineer, Backend | 커머스",https://about.daangn.com/jobs/6688872003,"Software Engineer, Backend | 커머스 당근 정규직 경력 영입정보 지원하기 커머스팀을 소개해요 커머스팀은 당근 안에서 새로운 쇼핑 경험을 만들어가는 조직이에요. 2,000만 당근 사용자들이 이미 익숙한 환경에서 자연스럽게 쇼핑할 수 있도록, 중고거래·커뮤니티·당근페이 등 당근의 서비스들과 연결된 커머스 플랫폼을 구축하고 있어요. 단순히 쇼핑 기능을 더하는 것이 아닌, 당근 안의 일상적 경험 위에 새로운 구매 흐름을 설계하는 일을 해요. 동네 커뮤니티 글을 보다가 괜찮은 물건을 발견하고, 그 자리에서 바로 결제하고, 며칠 뒤 집 앞에서 받는 경험. 당근 사용자라면 이미 반쯤 와 있는 그 흐름을, 우리는 끝까지 완성하려고 해요. 지금은 기존 당근의 거래를 신뢰할 수 있는 결제 구조로 전환하고, 스토어를 고객에게 명확히 인식시키고, 당근 스토어만의 정체성과 브랜드 가치를 강화하는 여정의 시작점에 있어요. 그래서 커머스팀은 초기 스타트업처럼 일해요. 이미 있는 플레이북이 아닌 당근만의 색깔로 이 여정을 그려나가려고 해요. 모든 팀원이 직군 경계 없이 고객 문제에 몰입하고, 아이디어를 제안하고 실험할 수 밖에 없는 구조에요. 이 환경에서 같이 일하고 싶은 분들을 찾아요. 이런 일을 해요 현재는 상품 관리, 결제, 배송, 주문, 기획전 등 커머스의 기본 기능을 안정적으로 구축하는 데 집중하고 있어요. 탄탄한 기반 위에서 앞으로는 당근만의 색깔이 담긴 새로운 커머스 경험을 점차 확장해나갈 거예요. 이 과정에서 여러분의 아이디어와 실행력은 서비스의 방향을 만들어가는 중요한 힘이 되어요. 커머스 플랫폼의 기반을 만들어요 상품, 주문, 결제, 배송 등 커머스 핵심 도메인의 백엔드 시스템을 설계하고 구현해요 트래픽 증가에도 안정적으로 대응할 수 있는 확장 가능한 아키텍처를 구축해요 당근의 다양한 서비스와 연결해요 중고거래, 동네생활, 비즈프로필, 당근페이 등과 자연스럽게 연동되는 시스템을 구현해요 다른 팀들과 협업하며 커머스가 당근 생태계 안에서 자연스럽게 연결되도록 만들어요 빠르게 실험하고 개선해요 고객 피드백을 바탕으로 빠르게 개발하고 배포해요 실험과 A/B 테스트를 통해 지속적으로 개선해요 기술 부채를 적절히 관리하며 현재의 속도와 미래의 확장성 사이의 균형을 맞춰요 AI를 활용해 생산성을 극대화해요 Claude Code, Cursor 같은 AI 도구를 활용해 반복 작업을 줄이고 개발 속도를 높여요 확보한 시간은 비즈니스 로직과 아키텍처 설계처럼 더 중요한 문제 해결에 집중해요 이런 분과 함께 하고 싶어요 3년 이하의 백엔드 개발 경험이 있으신 분 고객 문제 해결에 깊이 몰입하고, 오너십을 갖고 끝까지 해내시는 분 새로운 기술과 도구를 빠르게 익히고, 실행 속도와 확장성의 균형을 고민하시는 분 다양한 직군과 유연하게 협업하고, 실패를 통해 배우며 더 나은 방향을 찾아가시는 분 AI 도구(Claude Code, Cursor 등)를 적극 활용해 생산성을 높이고, 더 큰 고객 가치에 집중하시는 분 이런 분이면 더 좋아요! Kotlin, Spring Framework를 활용한 개발 경험이 있으신 분 이커머스 도메인에 대한 이해와 경험이 있으신 분 대규모 트래픽 처리 및 성능 최적화 경험이 있으신 분 MySQL과 같은 RDBMS 및 Redis, Kafka 등을 활용한 시스템 설계 경험이 있으신 분 참고해 주세요 정규직 채용의 경우 3개월의 수습기간이 있어요 ‘장애인고용촉진 및 직업재활법’, ‘국가유공자 등 예우 및 지원에 관한 법률’에 따라 장애인 및 보훈대상자는 채용 전형 시 우대하고 있어요 이렇게 합류해요 1. 서류 전형 → 2. 화상 인터뷰 → 3. 직무 인터뷰 → 4. 컬쳐핏 인터뷰 및 레퍼런스 체크 → 5. 처우협의 → 6. 최종 합격 및 입사 👉 당근 합류 여정 가이드 바로가기 (🔗) 지원하기 자주묻는질문 목록으로 돌아가기",,하고 있어요 이렇게 합류해요 1. 서류 전형 → 2. 화상 인터뷰 → 3. 직무 인터뷰 → 4. 컬쳐핏 인터뷰 및 레퍼런스 체크 → 5. 처우협의 → 6. 최종 합격 및 입사 👉 당근 합류 여정 가이드 바로가기 (🔗) 지원하기 자주묻는질문 목록으로 돌아가기,,,,정규직,,,,active
104,122,당근마켓,"Software Engineer, Backend | 서비스 코어 (Location Intelligence)",https://about.daangn.com/jobs/5046753003,"Software Engineer, Backend | 서비스 코어 (Location Intelligence) 당근 정규직 경력 영입정보 지원하기 Location Intelligence 팀을 소개해요 Location Intelligence 팀은 당근이 로컬 슈퍼앱으로 나아가는데 기반이 되는 다양한 위치와 공간 데이터를 관리하고 분석해서 얻은 인사이트로 서비스를 풍부하게 만드는 역할을 하고 있어요. 복잡하고 대용량의 공간 데이터를 안전하고 효율적으로 다루기 위해, 지속 가능하고 확장성 있는 플랫폼을 추구해요. 꾸준히 성장하고 글로벌로 확장하는 서비스를 개발하면서 마주하는 다양한 기술적 도전들을 함께 해결해나갈 분을 찾고 있어요. 당근 테크밋업 발표 영상 바로가기 🥕 우리 동네 어디까지 좁아지는 거예요? 자연경계로 좁혀보는 우리 동네 🥕 복잡한 공간 데이터를 가볍고 빠르게 서빙하기 이런 일을 해요 당근의 동네인증 시스템, 영역 관리 시스템을 관리하고, 사내 마이크로서비스들이 의존하는 플랫폼 서비스를 안정적으로 설계하고 개발, 운영해요 당근 사용자들 간의 연결을 더 강화하며, 더 나아가 새로운 연결을 만들어낼 수 있는 방법을 찾아요 당근이 위치 기반 서비스로서 합리적으로 동작할 수 있게끔 정책을 세우고 공용 프레임워크를 구축해요 당근의 다양한 위치 정보를 안전하고 효율적으로 보관/활용 할 수 있는 대용량 데이터 시스템을 만들어요 이런 분과 함께하고 싶어요 정형화되지 않은 상황에서도 문제를 정의하고, 이를 주도적으로 해결하는 과정에서 배우는 것을 즐기시는 분 테스트 코드 작성, 코드 리뷰, 문서화를 개발의 핵심 과정으로 여기고 이를 적극적으로 실천하시는 분 관계형 데이터베이스 모델링, 인덱싱, 트랜잭션 처리를 이해하고 활용할 수 있으신 분 비동기 프로그래밍에 대해 이해하며, 동시성 및 일관성 이슈에 대한 해결책을 도출해낼 수 있는 분 REST API 혹은 RPC 통신 구조에 대한 기본적인 이해와 활용 경험이 있으신 분 상호 존중을 바탕으로, 논리적인 근거에 기반해 서비스를 개선하기 위해 적극적으로 커뮤니케이션하시는 분 이런 분이면 더 좋아요! Golang을 활용한 개발 경험이 있으신 분 마이크로서비스 아키텍쳐 기반의 서비스 경험이 있으신 분 대용량의 공간정보, 사용자 위치정보 데이터 파이프라인에 대한 경험, 혹은 이에 준하는 지식을 갖추신 분 Geographic Information System 관련 지식이 있거나 관련 프로젝트 경험이 있으신 분 참고해 주세요 정규직 채용의 경우 3개월의 수습기간이 있어요 ‘장애인고용촉진 및 직업재활법’, ‘국가유공자 등 예우 및 지원에 관한 법률’에 따라 장애인 및 보훈대상자는 채용 전형 시 우대하고 있어요 포트폴리오 혹은 경력기술서 등은 PDF 로 제출해주시고, 프로젝트 별 실질적인 기여도 를 표기해주세요 화상 인터뷰에서 라이브 코딩 테스트와 백엔드 개발 관련 질문을 드릴 예정이에요 직무 인터뷰에서 시스템 디자인 테스트가 있을 예정이에요 이렇게 합류해요 1. 서류 전형 → 2. 화상 인터뷰(라이브코딩테스트) → 3. 직무 인터뷰(시스템 디자인) → 4. 컬처핏 인터뷰 및 레퍼런스 체크 → 5. 처우협의 → 6. 최종 합격 👉 당근 합류 여정 가이드 바로가기 (🔗) 지원하기 자주묻는질문 목록으로 돌아가기",,"하고 있어요 포트폴리오 혹은 경력기술서 등은 PDF 로 제출해주시고, 프로젝트 별 실질적인 기여도 를 표기해주세요 화상 인터뷰에서 라이브 코딩 테스트와 백엔드 개발 관련 질문을 드릴 예정이에요 직무 인터뷰에서 시스템 디자인 테스트가 있을 예정이에요 이렇게 합류해요 1. 서류 전형 → 2. 화상 인터뷰(라이브코딩테스트) → 3. 직무 인터뷰(시스템 디자인) → 4. 컬처핏 인터뷰 및 레퍼런스 체크 → 5. 처우협의 → 6. 최종 합격 👉 당근 합류 여정 가이드 바로가기 (🔗) 지원하기 자주묻는질문 목록으로 돌아가기",,,,정규직,,,,active
105,122,당근마켓,"Software Engineer, Backend | 서비스 코어 (Identity Service)",https://about.daangn.com/jobs/5046759003,"Software Engineer, Backend | 서비스 코어 (Identity Service) 당근 정규직 경력 영입정보 지원하기 Identity Service 팀을 소개해요 Identity Service 팀은 당근의 회원과 인증을 책임지고 있는 팀이에요. 모든 고객이 안전하고 원활하게 서비스를 이용할 수 있도록 인증과 회원 관리에 관련된 다양한 기능을 제공하는 서비스를 개발하고 있어요. 우리는 당근의 성장에 발맞춰 확장 가능하고 안전한 회원 서비스를 통해 모든 로컬 서비스가 당근 하나로 연결되는 세상을 꿈꾸고 있어요. 이를 달성하기 위해 더 나은 사용자 경험을 제공하면서 동시에 개인정보 보호와 고객의 안전을 지키는 방법을 고민해요. Identity Service 팀은 이렇게 일해요 더 나음을 위해 건강하게 충돌해요 더 좋은 결과를 위해 의견 충돌을 두려워하지 않아요. 서로를 존중하며 솔직하게 토론하고, 더 나은 결정을 만들어요. 목적을 먼저, 수단은 나중에 선택해요 무엇을 달성하려는지가 가장 중요해요. 목표에 맞는 수단을 선택하며, 수단이 목적이 되지 않도록 경계해요. 팀을 넘어 전사 임팩트를 고민해요 단순한 문제 해결을 넘어, 조직 전체에 더 큰 가치를 만드는 방향을 계속 고민해요. 지금뿐만 아니라 10배 성장 이후를 봐요 당장의 해법에 그치지 않고, 크게 성장해도 지속 가능한 선택을 해요. Identity Service 팀에서는 이런 기술을 사용해요. Go, gRPC, gRPC-Gateway MySQL, Redis, Kafka k8s, Istio 🥕 당근 테크밋업 발표 #1 당근의 회원 시스템을 마이크로서비스로 분리하기 #2 MSA로 분리 후 행복하게 살았답니다?: Go Server의 성장기 #3 달리는 자동차의 잠금장치 교체하기: 인증 시스템의 중앙화 🥕 당근 테크 블로그 #1 회원 시스템 MSA 전환 도전기: MAU 1,900만 당근 유저를 위한 선택 이런 일을 해요 2,100만 MAU 규모의 대규모 인증 트래픽을 안정적으로 수용하기 위해 고가용성 아키텍처를 설계하고 운영해요. 가입, 로그인, 인증 플로우를 설계하고 개선하여 안정적이고 매끄러운 사용자 경험을 제공해요. 가입 전환율 등 핵심 전환지표를 기반으로 문제를 정의하고, 기술적 개선을 통해 실제 지표를 향상시켜요. 당근의 모든 서비스가 공통으로 활용하는 유저 플랫폼을 설계하여 전사적인 확장성을 책임져요. OAuth 2.0, OpenID Connect(OIDC) 과 같은 표준 인증 프로토콜을 활용해 인증 서버를 구축해요. 개인정보 보호와 보안을 최우선으로 고려한 계정, 인증, 권한 관리 시스템을 설계하고 개선해요. 이런 분과 함께하고 싶어요 하나 이상의 프로그래밍 언어와 백엔드 프레임워크에 능숙하신 분 RESTful API, gRPC 등의 통신 모델을 이해하고 확장성 있는 인터페이스를 설계 및 개발할 수 있는 분 분산 처리 시스템 또는 마이크로서비스 아키텍처에 대한 이해도가 높으신 분 문제를 정의하고 해결책을 찾아가는 과정을 즐거워하며 기술적인 성장을 갈구하는 마음을 가진 분 자기주도적이고 커뮤니케이션이 원활하며, 빠른 실행력이 있는 분 이런 분이면 더 좋아요 3년 이상의 백엔드 개발 경험 또는 그에 준하는 엔지니어링 역량을 가지신 분 Golang을 활용한 프로덕션 서비스 개발 및 운영 경험이 있으신 분 대용량 데이터를 위한 스토리지에 대한 경험이 있으신 분 사용자 경험, 서비스 백오피스 운영 도구의 중요성에 대한 이해가 있으신 분 참고해 주세요 정규직 채용의 경우 3개월의 수습기간이 있어요 ‘장애인고용촉진 및 직업재활법’, ‘국가유공자 등 예우 및 지원에 관한 법률’에 따라 장애인 및 보훈대상자는 채용 전형 시 우대하고 있어요 화상인터뷰에서 라이브 코딩 테스트를 진행해요 이렇게 합류해요 1. 서류 전형 → 2. 화상 인터뷰(라이브 코딩 테스트) → 3. 직무 인터뷰 → 4. 컬처핏 인터뷰 및 레퍼런스 체크 → 5. 처우협의 → 6. 최종 합격 👉 당근 합류 여정 가이드 바로가기 (🔗) 지원하기 자주묻는질문 목록으로 돌아가기",,,,,,정규직,,,,active
106,122,당근마켓,"Software Engineer, Backend | 로컬 잡스 (Lessons & Tutoring)",https://about.daangn.com/jobs/7675338003,"Software Engineer, Backend | 로컬 잡스 (Lessons & Tutoring) 당근 정규직 경력 영입정보 지원하기 Local Jobs를 소개해요 Local Jobs는 누구나, 언제든지 필요한 일손과 일자리를 구할 수 있도록 동네이웃들을 효율적이고, 안전하게 연결하고자 해요. 동네에서 일어나는 연결점을 강화함으로써 따뜻하고 활발한 교류가 있는 지역사회를 만들려는 당근의 비전을 이루기 위한 도전을 하고 있어요. 우리는 단순히 구인공고와 구직자를 연결하는 것에서 나아가, 좋은 사장님과 좋은 알바생이 더 돋보일 수 있는 공간을 만들고 있어요. 빠르게 성장하는 서비스를 꼼꼼하게 챙기고, 같이 개선할 분을 찾고 있어요. 🥕 Local Jobs 팀원을 소개해요 Lessons & Tutoring 팀을 소개해요 Local Jobs는 단순한 구인구직을 넘어, 동네 이웃이 서로의 어려움을 해결할 수 있도록 따뜻하고 활발한 연결을 만들어가고 있어요. 그 중 Lessons & Tutoring 팀은 많은 어려움 중 이웃끼리 경험과 지식을 나눌 수 있는 로컬 학습 시장에 집중하며, 새로운 형태의 이웃 연결을 만들어가고 있어요. Local Jobs는 이렇게 일해요 창업을 해봤거나 창업을 꿈꾸는 멤버들로 모두가 Entrepreneurship 을 가지고 일해요 AI 를 적극 활용하여 개인과 팀의 생산성을 과거보다 x3배 이상 높여가고 있어요 초기멤버 4명으로 시작해 5년 동안 소수정예 멤버로 유지되어 왔어요 PM, 디자이너, 엔지니어 모두 2가지 이상의 직군 역량을 수행하며 끊임없이 고민하고 치열하게 토론해가며 유저의 문제를 해결해요 당근알바는 이웃 간의 직접적인 만남으로 연결되기 때문에, 온라인뿐만이 아니라 오프라인까지의 전체 경험을 함께 고민해요 뾰족하게 문제를 정의하고, 가장 단순하고 정확하게 해결할 수 있는 빠르고 효율적인 방법을 고민하고 실행해요 사용자와 가까워지기 위해 정량/정성 데이터를 적극적으로 활용하며, 이를 통해 임팩트 있는 액션을 만들기 위해 노력해요 Local Jobs 팀원들의 이야기가 더 궁금하다면 🥕 당근 블로그, <Local Jobs 엔지니어는 어떻게 사고하고 결정할까> 🥕 당근 블로그, <Local Jobs 엔지니어는 어떻게 행동하고 협업할까> 🥕 당근 테크밋업, <GraphQL Schema 기반 협업으로 생산성을 높이는 Local Jobs 엔지니어링 문화> 🥕 당근 테크밋업, <Local Jobs 초기 엔지니어링 전략: 빠르게, 빠르게, 더 빠르게> 🥕 Local Jobs 디자이너 인터뷰, <하나의 가설로 극한의 성과를> 🥕 Local Jobs PM 인터뷰, <당근의 동력은 오너십> 🥕 Local Jobs 리더 인터뷰, <서비스 성장을 가속하는 팀워크를 만드는 법> 이런 일을 해요 GraphQL API 를 단순한 엔드포인트가 아닌, 유연하고 강력한 인터페이스로 설계하고 구축해요 초당 수천 개의 요청과 메시지 트래픽을 효율적이고 안정적으로 처리하는 Event-Driven 아키텍처를 고민해요 복잡한 인프라 환경에서 일어나는 동시성 이슈, 지연 시간 최적화, 당근 내 다양한 Microservice 간 연결, Downtime 없는 migration 등 어려운 문제들을 해결해요 OOP, FP, Resolver 패턴을 적재적소에 활용하여 구인구직 도메인의 복잡한 문제를 해결해요 구인구직 서비스의 운영을 자동화하고, 데이터 기반 의사결정을 돕는 효율적인 백오피스를 구축해요 다양한 실험을 통해 데이터 기반의 의사결정을 해요 이런 분과 함께하고 싶어요 내가 만드는 제품을 통해 유저에게 가치를 전달하는 것에 동기부여가 되시는 분 제품 중심으로 생각하며 그에 맞는 문제 정의 및 해결책을 도출 하시는 분 자기주도적이며 빠른 실행력을 가지신 분 하나 이상의 프로그래밍 언어를 깊게 탐구해 보신 분 RDBMS, NoSQL 등 데이터베이스를 활용해본 경험이 있으며 이에 대한 이해가 있으신 분 개발 경력 3년 이상 7년 이하이신 분 이런 분이면 더 좋아요! Node.js, Go를 활용해본 경험이 있으신 분 GraphQL을 활용해본 경험이 있으시거나 관심이 있으신 분 React 기반 클라이언트 개발이 가능하신 분 참고해 주세요 정규직 채용의 경우 3개월의 수습기간이 있어요 ‘장애인고용촉진 및 직업재활법’, ‘국가유공자 등 예우 및 지원에 관한 법률’에 따라 장애인 및 보훈대상자는 채용 전형 시 우대하고 있어요 이렇게 합류해요 1. 서류 전형 → 2. 화상 인터뷰 → 3. 직무 인터뷰 → 4. 컬처핏 인터뷰 및 레퍼런스 체크 → 5. 처우협의 → 6. 최종 합격 및 입사 👉 당근 합류 여정 가이드 바로가기 (🔗) 지원하기 자주묻는질문 목록으로 돌아가기",,하고 있어요 이렇게 합류해요 1. 서류 전형 → 2. 화상 인터뷰 → 3. 직무 인터뷰 → 4. 컬처핏 인터뷰 및 레퍼런스 체크 → 5. 처우협의 → 6. 최종 합격 및 입사 👉 당근 합류 여정 가이드 바로가기 (🔗) 지원하기 자주묻는질문 목록으로 돌아가기,,,,정규직,,,,active
107,122,당근마켓,"Software Engineer, Backend | 당근페이",https://about.daangn.com/jobs/4511184003,"Software Engineer, Backend | 당근페이 당근페이 정규직 경력 영입정보 지원하기 당근페이팀을 소개해요 당근페이팀은 동네에서 이루어지는 다양한 거래를 연결하는 것을 목표를 가지고 있어요. 중고 거래 송금뿐만 아니라, 동네 결제를 통해 동네의 일상에 스며드는 핀테크 서비스가 되고자 해요. 당근페이팀은 이렇게 일해요 당근페이팀은 사용자의 문제를 해결하는 서비스팀과, 이를 위해 핵심이 되는 공통 서비스를 만드는 코어팀으로 구성되어 있어요 서비스팀은 PM, 디자이너, 엔지니어로 구성된 5~7명의 파트로 구성되어 있어요. 각 파트는 기능 단위가 아닌 사용자의 문제를 해결하며 실질적인 가치를 전달하는 하나의 작은 스타트업처럼 움직여요. 최고의 서비스를 만들기 위해 직군과 상관없이 누구나 아이디어를 내고 실행까지 해볼 수 있어요 코어팀은 서비스팀이 당근의 사용자에게 효율적으로 비즈니스적 가치를 제공할 수 있도록 공통으로 사용하는 코어 서비스를 만들어요. 당근페이의 핵심이 되는 공통 서비스와 도구에 대해 오너십을 가지고 개발 및 운영해요. 서비스를 위한 공통의 요구사항을 발견하고 이를 해결하기 위한 플랫폼을 제공해요 사용자에게 가치를 제공하는 기능이라면 고정된 릴리즈 주기 없이 빠르게 개발하고 배포해요 외부 요청, 개선 등 공통 작업에는 망설임 없이 백로그를 만들고 이슈를 주도적으로 해결해요 각자가 고민하고 있는 복잡한 상황이 있다면 공유하고 함께 이해해요 문제가 생기면 동료와 함께 힘을 모아 해결해요. 문제를 통해서 학습하고 해결하는 과정을 통해 성장해요 無知(모르는 것)를 두려워하지 않고 신뢰하며 배워 나가요. 간단하고 사소한 실수라도 기록하고 공유해요 합류하면 함께 할 업무에요 서비스 개발팀 엔지니어는 서비스를 성장시키기 위해 사용자 입장에서 고민하고 기술을 활용해 사용자의 문제를 해결해요 서비스 코어팀 엔지니어는 안정적이고 확장 가능한 서비스 제공을 위해 API Gateway, 계정, 인증, 메시지 플랫폼 그리고 데이터 기반 의사결정을 돕는 효율적인 백오피스를 만들어요 REST API, gRPC, GraphQL, TCP 등 다양한 네트워크 프로토콜과 인터페이스를 다뤄요 안정적이고 신뢰 높은 금융 서비스를 제공하기 위해 내결함성(Fault Tolerance)과 탄력성(Resilience)을 갖춘 시스템을 만들어요 MSA 환경에서 분산 트랜잭션을 처리하며 동시성 환경에서도 금융 데이터의 정합성을 유지해요 이런 경험을 할 수 있어요 Mission Critical 환경에서 문제 해결을 잘하는 엔지니어로 성장할 수 있어요 송금 및 결제와 같은 실시간 트랜잭션 처리를 포함한 Mission Critical 환경에서 내결함성(Fault Tolerance)과 탄력성(Resilience)을 기반으로 결함을 예측하고 대처할 수 있는 시스템을 만들고 있어요 금융 데이터의 정합성을 유지하면서 안전하고 신뢰성 있는 시스템을 구축하는 경험을 통해 복잡한 문제를 해결할 수 있는 엔지니어로 성장할 수 있어요. 어떠한 장애 상황에서도 신속하게 대처하는 방법을 배우면서 사용자에게 안정적인 서비스를 제공하는 역량과 실전 기술력을 키울 수 있어요 리더십, 팀워크, 몰입을 경험할 수 있어요 문제를 스스로 발굴하고 목표를 달성하기 위해 필요한 Task를 정의하고, 최종 결과물을 완성시키는 A부터 Z까지의 모든 경험을 할 수 있어요. 제품이나 특정 기능을 밑바닥부터 출시까지 스스로 주도적으로 관리하고 완성하는 경험을 통해 전반적인 프로젝트 관리 능력을 향상시킬 수 있어요 이때 혼자가 아닌 팀으로서 PM, 디자이너, 엔지니어 등 다양한 직군과 긴밀한 협업을 통해 동료들의 성장에 기여하고, 필요에 따라 각자 리더십을 발휘하여 팀 전체의 성과를 높이는 경험을 할 수 있어요 언제든지 원하는 작업이나 아이디어를 제안하고 기여할 수 있는 환경에서, 문제 해결과 새로운 기능 개발에 몰입할 수 있어요 이런 분과 함께하고 싶어요 3년 이상의 서버 개발 경험, 혹은 이에 준하는 역량을 보유하신 분 JVM 생태계(Kotlin, Spring, JPA), RDBMS에 대한 이해도가 높으신 분 자기주도적이고 커뮤니케이션이 원활하며 빠른 실행력이 있는 분 변화를 두려워하지 않고 새로운 기술에 빠르게 적응하며 지속적으로 성장하고자 하는 분 이런 분이면 더 좋아요! 사용자 중심의 사고를 가지고 프로덕트를 만들어 갈 수 있으신 분 분산 컴퓨팅 환경에서 동시성 문제와 대규모 트래픽 처리에 대한 이해가 있으신 분 금융 및 핀테크 서비스에 대한 경험이 있으신 분 이런 기술을 사용해요 Kotlin, Spring Boot, Spring Batch, JPA, HTTP, gRPC, GraphQL, Netty MySQL, Redis, Kafka, Central Dogma, Apache Flink Grafana, Sentry, Datadog AWS, Kubernetes, Argo CD, Argo Workflow, Github Actions 참고해 주세요 정규직 채용의 경우 3개월의 수습기간이 있어요 ‘장애인고용촉진 및 직업재활법’, ‘국가유공자 등 예우 및 지원에 관한 법률’에 따라 장애인 및 보훈대상자는 채용 전형 시 우대하고 있어요 당근페이는 당근마켓의 자회사로, 채용시 당근페이 소속으로 채용돼요. 근무 조건 및 복지는 당근마켓과 동일해요 직무 인터뷰 단계에 따라 라이브 코딩 테스트와 시스템 디자인 인터뷰를 진행해요 이렇게 합류해요 1. 서류 전형 → 2. 화상 인터뷰 → 3. 직무 인터뷰 → 4. 컬처핏 인터뷰 및 레퍼런스 체크 → 5. 처우협의 → 6. 최종 합격 및 입사 👉 당근 합류 여정 가이드 바로가기 (🔗) 🔴 Tech LIVE: 당근페이 테크 채용 세션 🔴 Tech Meetup: 테크 밋업 당근페이 세션 당근페이의 최신 소식이 궁금하시다면? 🥕 당근페이 공식홈페이지 바로가기 🥕 당근페이 입사 후 비로소 알게 된 것들 🥕 당근페이는 왜 더 좁은 지역의 카드 혜택을 고수했을까? 🥕 당근페이 엔지니어링 데이 1회 🥕 매일 배포하는 팀이 되는 여정(1) — 브랜치 전략 개선하기 🥕 매일 배포하는 팀이 되는 여정(2) — Feature Toggle 활용하기 🥕 효율적인 테스트를 위한 Stub 객체 사용법 🥕 확장성 있는 TCP 통신 시스템 구축하기 🥕 당근페이 금융 거래 내역 Aggregator 개발기 🥕 당근페이 재무 결산 사례로 보는 백엔드와 데이터의 만남 🥕 당근페이 백엔드 아키텍처가 걸어온 여정 지원하기 자주묻는질문 목록으로 돌아가기",,,,,,정규직,,,,active
108,122,당근마켓,"Software Engineer, Backend | 나의당근",https://about.daangn.com/jobs/7659289003,"Software Engineer, Backend | 나의당근 당근 정규직 경력 영입정보 지원하기 나의 당근 팀을 소개해요 나의 당근 팀은 '나의 당근' 탭을 당근 서비스 전반의 Engagement를 높이는 핵심 지면으로 만들어가는 팀이에요. 당근 유저는 한 번 액션을 한 뒤 '나의 당근' 탭으로 진입해 후속 행동을 이어가는 패턴을 보이고 있어요. 우리 팀은 이 흐름에 주목해, '나의 당근'이 단순한 마이페이지가 아니라 사용자의 다음 행동을 이어주는 개인화된 허브가 될 수 있다고 믿고 있어요. 당근은 동네 기반의 하이퍼로컬 서비스를 중심으로 중고거래, 알바, 부동산, 커뮤니티 등 다양한 경험을 만들어가고 있어요. 서비스마다 서로 다른 성장 단계와 전략을 가지고 있지만, 유저의 동네 생활이라는 하나의 맥락 안에서 연결돼 있어요. 우리 팀은 이러한 서비스의 맥락과 유저의 활동을 연결해, 유저에게 지금 필요한 행동과 정보를 적절한 순간에 보여주는 경험을 고민하고 있어요. 장기적으로 우리는 '나의 당근'이 관계와 거래, 활동의 기록이 쌓이고 다음 활동을 더 쉽게 시작할 수 있는 공간이 되기를 바라요. 당근 안의 여러 서비스를 더 유기적으로 연결하고, 유저가 당근 안에서 자연스럽게 다음 행동을 이어갈 수 있도록 만드는 것이 나의 당근 팀의 가장 큰 목표예요. 이런 일을 해요 '나의 당근' 탭을 구성하는 Server Driven UI(SDUI) 서버를 설계하고 개발해요 유저의 행동 패턴에 맞게 '나의 당근' 탭 UI를 실험할 수 있는 환경을 만들어요 여러 서비스의 맥락과 유저 활동을 연결해 '나의 당근' 경험을 구성하는 시스템을 만들어요 기존 나의 당근 관련 레거시 서비스를 디컴포지션하고 트래픽을 점진적으로 이관해요 이런 분과 함께하고 싶어요 3년 이상의 백엔드 개발 경험 또는 이에 준하는 엔지니어링 역량을 갖추신 분 Kotlin, Spring Boot, RDBMS 기반의 서비스를 설계하고 운영한 경험이 있으신 분 사용자 중심의 사고를 가지고 프로덕트를 만들어 갈 수 있는 분 자기주도적이고 커뮤니케이션이 원활하며 빠른 실행력이 있는 분 이런 분이면 더 좋아요! 유저 행동 데이터와 지표를 살펴보며 문제를 발견하고 개선해본 경험이 있는 분 AI·LLM을 활용해 개발 생산성을 높이거나 새로운 방식의 문제 해결을 시도해본 경험이 있는 분 참고해 주세요 정규직 채용의 경우 3개월의 수습기간이 있어요 ‘장애인고용촉진 및 직업재활법’, ‘국가유공자 등 예우 및 지원에 관한 법률’에 따라 장애인 및 보훈대상자는 채용 전형 시 우대하고 있어요 이렇게 합류해요 1. 서류 전형 → 2. 화상 인터뷰 → 3. 직무 인터뷰 → 4. 컬쳐핏 인터뷰 및 레퍼런스 체크 → 5. 처우협의 → 6. 최종 합격 및 입사 👉 당근 합류 여정 가이드 바로가기 (🔗) 지원하기 자주묻는질문 목록으로 돌아가기",,,,,,정규직,,,,active
109,122,당근마켓,"Software Engineer, Backend | 광고",https://about.daangn.com/jobs/6640363003,"Software Engineer, Backend | 광고 당근 정규직 경력 영입정보 지원하기 광고실을 소개해요 광고실은 당근의 수익 모델의 핵심인 광고 서비스 전반을 책임지고 있는 조직이에요. 당근의 1,900만 MAU를 대상으로 하는 광고 플랫폼을 운영하고 있어요. 지역 기반의 광고 솔루션을 제공함으로써 소상공인과 대기업 모두에게 효과적인 광고 기회를 제공하고 있어요. 우리의 작은 개선이 광고주의 성과와 당근의 수익에 큰 영향을 미칠 수 있어, 항상 데이터 기반의 의사결정과 끊임없는 실험을 통해 서비스를 발전시키고 있어요. 광고실은 사용자 경험과 광고 효과 사이의 균형을 맞추는 중요한 역할을 해요. 사용자들에게 유용하고 관련성 높은 광고를 제공하면서도, 당근의 핵심 가치인 이웃 간 소통과 거래 경험을 해치지 않도록 주의 깊게 전략을 수립해요. 이를 위해 다양한 광고 포맷과 타겟팅 옵션을 개발하고, 머신러닝 기술을 활용해 광고 최적화에 힘쓰고 있어요. 또한, 광고실은 전사적 관점에서 중요한 의사결정에 참여해요. 광고가 앱의 여러 지면에 노출되기 때문에, 단순히 광고 성과뿐만 아니라 전체 서비스의 건강성과 사용자 만족도를 고려해야 해요. 따라서 우리는 광고주의 니즈, 사용자 경험, 그리고 회사의 비즈니스 목표를 모두 고려한 통합적인 접근 방식을 취하고 있어요. 광고실에서는 새로운 광고 상품 개발, 광고 플랫폼 개선, 광고 성과 분석 및 최적화, 광고주 관리 등 다양한 업무를 수행해요. 혁신적인 아이디어와 분석적 사고를 바탕으로 빠르게 성장하는 광고 시장에서 임팩트를 만들고 싶다면, 광고실이 최고의 선택이 될 거예요. 🥕 당근 광고실을 소개해요! 이런 일을 해요 대규모 광고 트래픽을 다루는 전문가로 성장할 수 있어요 당근마켓은 1,900만 MAU를 보유한 거대 플랫폼이에요. 이런 대규모 환경에서 광고 시스템을 안정적으로 운영하는 것은 큰 도전이자 기회예요. 광고실에 합류하면 하루 수억건의 광고 요청을 처리하는 시스템을 다루게 될 거예요. 여기서 발생하는 다양한 장애 상황에 대처하는 방법을 배우면서, 고가용성 시스템 구축 능력과 실전 문제 해결 능력을 키울 수 있어요. 특히 서빙팀에서는 실시간 입찰(RTB) 시스템을 다루게 될 텐데, 밀리초 단위의 응답 시간을 요구하는 이 시스템을 통해 초저지연 분산 시스템 설계와 구현 능력을 획득할 수 있어요. DSP팀에서는 대용량 광고 데이터 처리를 위한 성능 최적화와 확장성 있는 아키텍처 설계 능력을 키울 수 있죠. 데이터 기반의 의사결정과 최적화 경험을 쌓을 수 있어요 광고실 개발자로 방대한 양의 사용자 데이터와 광고 성과 데이터를 다루게 돼요. 이 데이터를 효율적으로 수집, 처리, 분석하는 파이프라인을 구축하고 최적화하는 경험을 할 수 있어요. 빅데이터 처리 기술, 데이터 웨어하우징, 실시간 데이터 스트리밍 등 다양한 데이터 엔지니어링 스킬을 향상시킬 수 있죠. 또한, 머신러닝 모델을 실제 광고 시스템에 적용하는 경험도 할 수 있어요. 사용자 타겟팅, 광고 효과 예측, 실시간 입찰가 결정 등 다양한 영역에서 AI/ML 기술을 활용하여 광고 시스템을 지속적으로 개선하는 과정에 참여할 수 있어요. 지속적으로 성장하는 서비스의 기술적 도전을 해결하는 경험을 할 수 있어요 당근은 끊임없이 성장하고 있어요. 이에 따라 광고 시스템도 지속적으로 확장되고 새로운 기능이 추가되고 있죠. 새로운 광고 상품 출시, 타겟팅 옵션 확대, 광고 효과 측정 방식 개선 등 다양한 변화에 맞춰 시스템을 발전시키는 경험을 할 수 있어요. 예를 들어, DSP팀에서는 새로운 광고 포맷에 맞는 로직을 개발하고, 새로운 데이터 소스를 통합하며, 서빙팀에서는 새로운 광고 노출 방식을 구현하는 등 다양한 도전 과제를 해결하게 될 거예요. 이 과정에서 최신 기술 트렌드를 학습하고 적용하면서 기술적 역량을 크게 향상시킬 수 있어요. 마이크로서비스 아키텍처를 직접 설계하고 운영하는 경험을 할 수 있어요 광고실은 마이크로서비스 아키텍처를 채택하고 있어요. DSP, DMP, 추천시스템등 각 영역별로 독립적인 마이크로서비스를 설계하고 구현하는 경험을 할 수 있어요. 이 과정에서 서비스 간 통신, API 설계, 분산 트랜잭션 처리 등 마이크로서비스 아키텍처의 핵심 개념들을 실제로 적용해볼 수 있죠. 또한, 각 마이크로서비스의 독립적인 배포와 운영, 모니터링 시스템 구축, 장애 격리(Fault Isolation) 전략 수립 등을 통해 대규모 시스템의 안정적인 운영 노하우를 쌓을 수 있어요. 광고실의 백엔드 개발자로서, 최고의 광고 기술을 다루면서 동시에 실제 비즈니스 임팩트를 만들어내는 특별한 경험을 하게 될 거예요. 대규모 트래픽 처리, 데이터 기반 의사결정, 지속적인 기술 혁신, 마이크로서비스 아키텍처 등 다양한 영역에서의 경험을 통해 폭넓고 깊이 있는 기술력을 갖춘 엔지니어로 성장할 수 있어요. 이런 분을 찾고 있어요 5년 이상의 서버 개발 경험, 혹은 이에 준하는 역량을 보유하신 분 하나 이상의 프로그래밍 언어에 능숙하신 분 스스로 데이터베이스를 설계하고 개발/운영해 본 경험이 있으신 분 마이크로서비스 아키텍쳐와 REST, gRPC 등 서비스 간 통신에 대한 높은 이해가 있으신 분 코드 리뷰에 긍정적이고, 테스트 및 이해하기 쉬운 좋은 코드 작성에 관심이 많으신 분 이런 분이면 더 좋아요! Code Level Architecture (layered architecture, clean architecture 등)에 대한 이해가 있으신 분 대용량 데이터 처리를 위한 효율적인 애플리케이션 아키텍처 및 데이터베이스 구성에 대한 이해도가 있으신 분 Kubernetes, AWS, GCP 등 클라우드 환경에서의 운영 경험이 있으신 분 간단한 백오피스 개발이 가능하신 분 자기주도성, 적극적인 커뮤니케이션, 빠른 실행력을 갖추신 분 데이터 파이프라인 구축/운영을 실제로 경험했거나 높은 이해도가 있으신 분 참고해 주세요 정규직 채용의 경우 3개월의 수습기간이 있어요 ‘장애인고용촉진 및 직업재활법’, ‘국가유공자 등 예우 및 지원에 관한 법률’에 따라 장애인 및 보훈대상자는 채용 전형 시 우대하고 있어요 이렇게 합류해요 1. 서류 전형 → 2. 화상 인터뷰 → 3. 직무 인터뷰 → 4. 컬처핏 인터뷰 및 레퍼런스 체크 → 5. 처우협의 → 6. 최종 합격 👉 당근 합류 여정 가이드 바로가기 (🔗) 지원하기 자주묻는질문 목록으로 돌아가기",,,,,,정규직,,,,active
110,122,당근마켓,"Security Engineer | 인프라 (보안, Detection & Response)",https://about.daangn.com/jobs/6043519003,"Security Engineer | 인프라 (보안, Detection & Response) 당근 정규직 경력 영입정보 지원하기 보안팀을 소개해요 보안팀은 당근이 안전하게 서비스를 제공하는 걸 목표로 하고 있어요. 외부로부터의 공격을 방어하고 내부의 소중한 정보가 외부로 유출되는 걸 예방해요. 이 모든 활동은 다양한 정보보호 관련 법률과 규정을 준수하면서 이루어지고 있어요. 당근의 비즈니스 모델을 이해하고 적재적소에 명확한 기준을 제공하며, 그 기준에 맞게 기술적으로 적용해요. 이런 노력들을 통해서 이용자들이 신뢰할 수 있는 당근 서비스를 만들어 가고 있어요. 이런 일을 해요 대고객 서비스 환경과 내부 오피스 환경 전반에서 발생하는 보안 이벤트를 분석하고 대응해요 침해사고 및 보안 이슈를 효과적으로 탐지하기 위한 탐지 체계와 관련 활동을 설계·운영·고도화해요 보안 이벤트 탐지 또는 침해사고 발생 시 조사를 수행하여 침해 경로와 발생 원인을 분석하고 재발 방지 대책을 수립·이행해요 사고 대응 과정에서 도출된 개선 사항을 바탕으로 탐지 룰, 자동화, 운영 프로세스를 지속적으로 개선해요 이런 분과 함께하고 싶어요 침해사고 또는 보안 이벤트 대응 실무 경험 3년 이상이신 분 멀티 클라우드 및 SaaS 등 복합적인 서비스 환경에서 보안 이벤트 분석과 침해사고 대응을 수행한 경험이 있으신 분 주어진 범위 내의 대응에 그치지 않고, 침해사고 대응과 운영 개선을 주도적으로 추진할 수 있는 분 다양한 이해관계자와 협업하며 사고 대응 및 개선을 이끌어갈 수 있는 분 이런 분이면 더 좋아요! 외부 보안 사고 및 보안 이슈에 대해 지속적으로 관심을 가지고, CVE, 보안 동향 리포트 등을 참고하며 업무에 반영해 온 분 OSINT, CTI, Attack Surface 정보 활용 경험이 있으신 분 업무 효율화를 위한 자동화, AI를 활용해 분석·대응 업무를 개선해 본 경험이 있으신 분 IT기업 또는 대규모 서비스 환경에서의 침해사고 대응 경험이 있으신 분 SIEM 또는 오케스트레이션 플랫폼 구축 및 운영 경험이 있으신 분 서비스 어뷰징 대응 경험이 있으신 분 참고해 주세요 정규직 채용의 경우 3개월의 수습기간이 있어요 ‘장애인고용촉진 및 직업재활법’, ‘국가유공자 등 예우 및 지원에 관한 법률’에 따라 장애인 및 보훈대상자는 채용 전형 시 우대하고 있어요 이렇게 합류해요 1. 서류 전형 → 2. 화상 인터뷰 → 3. 직무 인터뷰 → 4. 컬처핏 인터뷰 및 레퍼런스 체크 → 5. 처우협의 → 6. 최종 합격 및 입사 👉 당근 합류 여정 가이드 바로가기 (🔗) 지원하기 자주묻는질문 목록으로 돌아가기",,하고 있어요 이렇게 합류해요 1. 서류 전형 → 2. 화상 인터뷰 → 3. 직무 인터뷰 → 4. 컬처핏 인터뷰 및 레퍼런스 체크 → 5. 처우협의 → 6. 최종 합격 및 입사 👉 당근 합류 여정 가이드 바로가기 (🔗) 지원하기 자주묻는질문 목록으로 돌아가기,,,,정규직,,,,active
111,122,당근마켓,"Security Engineer | 인프라 (보안, AI Security)",https://about.daangn.com/jobs/7655325003,"Security Engineer | 인프라 (보안, AI Security) 당근 정규직 경력 영입정보 지원하기 보안팀을 소개해요 보안팀은 당근이 안전하게 서비스를 제공하는 걸 목표로 하고 있어요. 외부로부터의 공격을 방어하고 내부의 소중한 정보가 외부로 유출되는 걸 예방해요. 이 모든 활동은 다양한 정보보호 관련 법률과 규정을 준수하면서 이루어지고 있어요. 당근의 비즈니스 모델을 이해하고 적재적소에 명확한 기준을 제공하며, 그 기준에 맞게 기술적으로 적용해요. 이런 노력들을 통해서 이용자들이 신뢰할 수 있는 당근 서비스를 만들어 가고 있어요. 이런 일을 해요 AI/ML 기반 서비스 환경에서 발생할 수 있는 보안 리스크를 점검하고 개선조치를 수행해요 학습 데이터, 모델 파일, API, 인프라 등 AI 서비스 구성 요소의 접근통제와 보안 설정을 점검하고 운영해요 LLM 및 생성형 AI 환경에서 발생할 수 있는 보안 이슈(Prompt Injection, 데이터 유출 등)를 모니터링하고 대응해요 AI 서비스 로그를 분석하여 이상 행위를 탐지하고, 보안 이벤트 발생 시 원인을 분석하고, 문제를 해결해요 모델 배포 및 운영 과정에서 보안 취약점 점검 및 조치 업무를 수행해요 보안 가이드라인 및 정책을 수립하고, 이를 운영하고 지속적으로 개선해요 이런 분과 함께하고 싶어요 취약성 점검 또는 모의해킹, 침해사고 대응 경험이 있으신 분 LLM 사용 경험이 있고, 프롬프트 기반 서비스의 동작 방식을 이해하고 계신 분 클라우드(AWS, GCP, Azure 등) 기본 구조(IAM, 네트워크, 스토리지)에 대한 이해가 있으신 분 AI/ML 또는 LLM 서비스 구조에 대한 기본적인 이해가 있으신 분 로그 분석 및 문제 원인 파악 경험이 있으신 분 보안 이슈를 발견했을 때 단순 공유에 그치지 않고 개선까지 고민하는 분 이런 분이면 더 좋아요! ML 파이프라인(데이터 수집 → 학습 → 배포 → 모니터링)에 대한 이해가 있으신 분 Docker, Kubernetes 등 컨테이너 환경 경험이 있으신 분 보안, 클라우드, 백엔드, ML 엔지니어링 중 하나 이상의 분야에서 1년 이상 경험이 있으신 분 보안 자동화 또는 간단한 스크립트로 반복 업무를 개선해 본 경험이 있으신 분 새로운 AI 보안 이슈나 보안 동향을 꾸준히 학습하고 공유해 본 경험이 있으신 분 참고해 주세요 정규직 채용의 경우 3개월의 수습기간이 있어요 ‘장애인고용촉진 및 직업재활법’, ‘국가유공자 등 예우 및 지원에 관한 법률’에 따라 장애인 및 보훈대상자는 채용 전형 시 우대하고 있어요 이렇게 합류해요 1. 서류 전형 → 2. 화상 인터뷰 → 3. 직무 인터뷰 → 4. 컬처핏 인터뷰 및 레퍼런스 체크 → 5. 처우협의 → 6. 최종 합격 및 입사 👉 당근 합류 여정 가이드 바로가기 (🔗) 지원하기 자주묻는질문 목록으로 돌아가기",,하고 있어요 이렇게 합류해요 1. 서류 전형 → 2. 화상 인터뷰 → 3. 직무 인터뷰 → 4. 컬처핏 인터뷰 및 레퍼런스 체크 → 5. 처우협의 → 6. 최종 합격 및 입사 👉 당근 합류 여정 가이드 바로가기 (🔗) 지원하기 자주묻는질문 목록으로 돌아가기,,,,정규직,,,,active
112,122,당근마켓,Sales & Account Manager | 로컬 잡스,https://about.daangn.com/jobs/7568233003,"Sales & Account Manager | 로컬 잡스 당근 정규직 경력 영입정보 지원하기 Local Jobs를 소개해요 Local Jobs는 국내에는 존재하지 않던 마켓플레이스를 만드는 팀이에요. 우리는 일자리를 찾는 방식을 완전히 새롭게 정의하고 있어요. 이웃과 이웃이 만나 동네라는 공간이 새로운 가능성이 되도록, 프로덕트 전문가들이 모여 당근의 비전을 이루기 위한 도전을 하고 있어요. 🥕 Local Jobs 팀원을 소개해요 이렇게 일해요 🥕 당근 블로그, <Local Jobs 엔지니어는 어떻게 사고하고 결정할까> 🥕 당근 블로그, <Local Jobs 엔지니어는 어떻게 행동하고 협업할까> 🥕 당근 테크밋업, <GraphQL Schema 기반 협업으로 생산성을 높이는 Local Jobs 엔지니어링 문화> 🥕 당근 테크밋업, <Local Jobs 초기 엔지니어링 전략: 빠르게, 빠르게, 더 빠르게> 🥕 Local Jobs 디자이너 인터뷰, <하나의 가설로 극한의 성과를> 🥕 Local Jobs PM 인터뷰, <당근의 동력은 오너십> 🥕 Local Jobs 리더 인터뷰, <서비스 성장을 가속하는 팀워크를 만드는 법> 이런 일을 해요 고객사의 성장과 성과를 책임져요 고객사에 신속·정확한 지원을 제공해 신뢰를 쌓고, 장기적 파트너십을 구축해요 정량 데이터와 현장 맥락을 바탕으로 본사/지점의 니즈와 운영 제약을 구조화하고, 맞춤형 전략을 제안해요 고객사의 채용 성과를 관리하며 만족도 향상과 채용 량 성장을 만들어내요 고객사의 문제를 발굴하고 해결해요 고객사의 End-to-End 경험을 점검·개선해 일관된 엔터프라이즈 경험을 설계해요 운영 지원 과정의 비효율과 병목을 발견하고, 프로세스 개선을 주도해요 단순 운영을 넘어, 데이터와 현장 인사이트로 숨은 문제를 발견해요 고객의 문제를 정의하고, 가설을 세워 제품팀과 함께 해결안을 도출하고, 성과를 개선해요 고객사 경험을 기반으로 새로운 고객을 확대해요 기존 고객사에서 축적한 성공 사례와 레슨런을 바탕으로, 유사한 과제를 가진 잠재 고객사를 발굴해요 현장에서 검증된 인사이트를 활용해 신규 고객사의 문제를 선제적으로 해결하고, 초기 신뢰를 빠르게 구축해요 이런 분과 함께하고 싶어요 파트너사 또는 고객사와의 직접 커뮤니케이션을 통한 영업, 고객관리 또는 파트너십 개발 경험이 있으신 분 설득에 필요한 정성, 정량 데이터를 주도적으로 수집하고 분석할 수 있는 분 기획, 개발, 법무, 재무 등 유관 부서와의 긴밀한 소통과 협업을 통해 프로젝트를 경험해 보신 분 IT 서비스의 사업개발/영업기획/파트너십 업무를 5년 이상 혹은 그에 준하는 경험을 지닌 분 이런 분이면 더 좋아요 O2O 플랫폼 또는 마켓플레이스 비즈니스에 대한 경험이 있으신 분 초기 서비스를 넘어 성장과 확장 단계의 서비스에 기여한 경험이 있으신 분 하이퍼로컬 서비스의 가치를 공감하고 유저에게 다양한 가치를 전달하는데 보람을 느끼는 분 참고해 주세요 정규직 채용의 경우 3개월의 수습기간이 있어요 장애인고용촉진 및 직업재활법’, ‘국가유공자 등 예우 및 지원에 관한 법률’에 따라 장애인 및 보훈대상자는 채용 전형 시 우대하고 있어요 화상 인터뷰 합격 시 직무 인터뷰 전 사전과제를 부여해요 이렇게 합류해요 서류 전형 → 2. 화상 인터뷰 → 3. 직무 인터뷰(과제 포함) → 4. 컬처핏 인터뷰 및 레퍼런스 체크 → 5. 처우협의 → 6. 최종 합격 및 입사 👉 당근 합류 여정 가이드 바로가기(🔗) 지원하기 자주묻는질문 목록으로 돌아가기",,하고 있어요 화상 인터뷰 합격 시 직무 인터뷰 전 사전과제를 부여해요 이렇게 합류해요 서류 전형 → 2. 화상 인터뷰 → 3. 직무 인터뷰(과제 포함) → 4. 컬처핏 인터뷰 및 레퍼런스 체크 → 5. 처우협의 → 6. 최종 합격 및 입사 👉 당근 합류 여정 가이드 바로가기(🔗) 지원하기 자주묻는질문 목록으로 돌아가기,,,,정규직,,,,active
113,122,당근마켓,Risk Manager | 서비스 운영,https://about.daangn.com/jobs/6558811003,"Risk Manager | 서비스 운영 당근 정규직 경력 영입정보 지원하기 Risk Manager를 소개해요 당근은 동네 이웃 간의 연결을 도와 신뢰와 존중을 바탕으로 따뜻하고 신뢰 넘치는 동네 생활을 만들고 싶어요 서비스운영팀은 동네 이웃 간의 따뜻하고 안전한 연결을 만드는 과정에서 의도치 않게 발생할 수 있는 문제 (거래 분쟁, 사기 등)를 정의하고, 해결하여 더 많은 이웃이 안전하게 당근을 사용할 수 있도록 돕는 역할을 담당해요 Risk Manager는 이용자가 겪을 수 있는 피해를 사전에 예측하고 대비하여 이용자가 더 안전하게 당근을 이용할 수 있도록 하는 역할을 수행해요 이런 일을 해요 당근 안심결제(에스크로)및 안심보상 서비스의 전반적인 운영 업무를 수행해요 안심결제 서비스와 중고거래에서 발생하는 환불 분쟁, 거래 사기 정책을 관리해요 발생할 수 있는 이슈를 예측하고 정책에 반영하는 업무를 진행해요 운영 이슈 발생 시 관련 부서(대외, PR, 법무, 서비스팀, 경영진 등)와 소통하며 이슈를 해결해요 리스크 발생 시 신속한 이슈 파악과 처리를 통해 위기를 관리해요 이런 분을 찾고 있어요 3년 이상의 IT 서비스 운영 경험이 있는 분 서비스 정책 수립 및 리스크 관리에 대한 경험이 있으신 분 서비스 운영 관련 이슈에 대한 문제해결 능력과 경험이 있는 분 스스로 문제를 정의, 기획하고 진행하는데 즐거움을 느끼시는 분 유관부서와 원활한 커뮤니케이션 및 협업이 가능한 분 이런 분이면 더 좋아요 에스크로 서비스를 운영하거나 PG 관련 이슈 대응 경험이 있으신 분 리스크 대응을 위한 대외 업무 경험을 보유하신 분 데이터 분석 툴(SQL 등)을 잘 다루시는 분 참고해 주세요 정규직 채용의 경우 3개월의 수습기간이 있어요 ‘장애인고용촉진 및 직업재활법’, ‘국가유공자 등 예우 및 지원에 관한 법률’에 따라 장애인 및 보훈대상자는 채용 전형 시 우대하고 있어요 직무 인터뷰에서는 과제 내용을 중심으로 설명을 듣고 질의 응답하는 시간을 가지고 있어요 해당 직군은 당근마켓 서비스 운영실 소속에서 당근페이팀(겸직)과 함께 일해요 서류 및 인터뷰 과정 후 지원자분의 강점과 경험에 따라 특정 서비스의 운영 매니저 역할을 제안 드릴 수 있어요 이렇게 합류해요 1. 서류 전형 → 2. 과제 전형 → 3. 직무 인터뷰 → 4. 컬처핏 인터뷰 및 레퍼런스 체크 → 5. 처우협의 → 6. 최종 합격 및 입사 👉 당근 합류 여정 가이드 바로가기 (🔗) 지원하기 자주묻는질문 목록으로 돌아가기",,하고 있어요 직무 인터뷰에서는 과제 내용을 중심으로 설명을 듣고 질의 응답하는 시간을 가지고 있어요 해당 직군은 당근마켓 서비스 운영실 소속에서 당근페이팀(겸직)과 함께 일해요 서류 및 인터뷰 과정 후 지원자분의 강점과 경험에 따라 특정 서비스의 운영 매니저 역할을 제안 드릴 수 있어요 이렇게 합류해요 1. 서류 전형 → 2. 과제 전형 → 3. 직무 인터뷰 → 4. 컬처핏 인터뷰 및 레퍼런스 체크 → 5. 처우협의 → 6. 최종 합격 및 입사 👉 당근 합류 여정 가이드 바로가기 (🔗) 지원하기 자주묻는질문 목록으로 돌아가기,,,,정규직,,,,active
114,122,당근마켓,Product Manager | 중고거래,https://about.daangn.com/jobs/4772916003,"Product Manager | 중고거래 당근 정규직 경력 영입정보 지원하기 중고거래실을 소개해요 중고거래실은 한국 1등 중고거래 서비스 당근에서 이웃 간의 거래를 따뜻하면서도 압도적으로 편리한 경험으로 만들어가는 팀이에요. 우리는 단순히 기능을 개발하는 데 그치지 않고, 사용자가 직면한 문제를 깊이 이해하고 날카로운 문제 정의를 통해 새로운 해결책을 만들어내요. 데이터 기반 실험과 빠른 검증으로 서비스를 끊임없이 발전시키며, 한국을 넘어 캐나다, 미국, 일본 등 수천만 명의 유저에게 신뢰할 수 있는 중고거래 경험을 제공하고 있어요. 이런 일을 해요 중고거래 사용자에 대한 이해를 바탕으로 제품 전략과 로드맵을 수립하고 실행해요 정성/정량적 데이터를 기반으로 문제와 기회를 발굴하고 사용자의 문제를 해결하는 제품을 출시해요 제품 정책을 다듬고 운영하며, 유저가 믿고 쓸 수 있는 안정적인 서비스를 제공해요 프로덕트 디자이너, 엔지니어, 분석가 등 다양한 전문가와 원팀으로 일하며 AI를 활용한 제품 개발 프로세스를 만들어가요 이런 분과 함께하고 싶어요 Product Manager 경력이 5년 이상이신 분 데이터 기반 사고를 바탕으로 가설을 세우고, A/B 테스트 등을 통해 제품 개발 경험이 있으신 분 초기 스타트업이나 신사업에서 0 to 1의 문제를 해결하며 유의미한 성과를 만들어내신 분 AI에 관심이 많고 AI로 프로덕트를 만들고 운영해본 경험이 있으신 분 이런 분이면 더 좋아요! 마켓플레이스, SNS, 커머스 서비스 경험이 있으신 분 당근의 비전과 가치를 이해하고 서비스의 방향을 고민할 수 있는 분 참고해 주세요 정규직 채용의 경우 3개월의 수습기간이 있어요 ‘장애인고용촉진 및 직업재활법’, ‘국가유공자 등 예우 및 지원에 관한 법률’에 따라 장애인 및 보훈대상자는 채용 전형 시 우대하고 있어요 화상 인터뷰 합격 시 과제를 안내드리며, 직무 인터뷰에서 과제에 대한 설명을 듣고 질의응답 하는 시간을 가지고 있어요 이렇게 합류해요 1. 서류 전형 → 2. 화상 인터뷰 → 3. 직무 인터뷰 (사전 과제) → 4. 컬처핏 인터뷰 및 레퍼런스 체크 → 5. 처우협의 → 6. 최종 합격 👉 당근 합류 여정 가이드 바로가기 (🔗) 지원하기 자주묻는질문 목록으로 돌아가기",,"하고 있어요 화상 인터뷰 합격 시 과제를 안내드리며, 직무 인터뷰에서 과제에 대한 설명을 듣고 질의응답 하는 시간을 가지고 있어요 이렇게 합류해요 1. 서류 전형 → 2. 화상 인터뷰 → 3. 직무 인터뷰 (사전 과제) → 4. 컬처핏 인터뷰 및 레퍼런스 체크 → 5. 처우협의 → 6. 최종 합격 👉 당근 합류 여정 가이드 바로가기 (🔗) 지원하기 자주묻는질문 목록으로 돌아가기",,,,정규직,,,,active
115,122,당근마켓,Product Manager | 당근페이,https://about.daangn.com/jobs/7578967003,"Product Manager | 당근페이 당근페이 정규직 경력 영입정보 지원하기 당근페이를 소개해요 당근페이는 지역에서 일어나는 다양한 거래를 연결해요. 중고거래, 부동산, 중고차 거래 뿐만 아니라 우리가 생활하는 동네에서도 누구나 쉽고 간편하게 이용할 수 있는 금융서비스를 만들어 나가는 것을 목표로 하고 있어요. 이런 일을 해요 당근의 온·오프라인 결제 경험을 확장하며, 사용자와 시장이 겪는 문제를 주도적으로 해결해요 고객 중심의 사고로 유저 경험을 개선하고, 만족도 높은 서비스 성장을 만들어가요 데이터를 기반으로 문제를 정의하고, 정성·정량적 인사이트로 가설을 검증하며 기능을 고도화해요 이런 분과 함께하고 싶어요 모바일 서비스(웹/앱) 기획/PM 경력 5년 이상이신 분 고객의 입장에서 문제를 정의하고, 실행 중심으로 해결한 경험이 있으신 분 주도적으로 업무를 진행하고 논리적인 커뮤니케이션 능력을 갖추신 분 도전적인 목표에도 에너지를 가지고, 수치 기반으로 실질적인 임팩트를 만든 분 이런 분이면 더 좋아요! 금융 및 핀테크 서비스에 대한 이해도가 높고 경험이 있는 분 먼저 의견을 제시하고 주도적으로 일하기를 즐기는 분 논리적인 근거를 제시하고, 뛰어난 커뮤니케이션 능력을 가지신 분 데이터와 리서치를 기반으로 문제를 파악하고 서비스를 개선한 경험이 있는 분 제품 초기 기획부터 참여하여 구축, 운영, 모니터링까지 참여한 경험이 있는 분 참고해 주세요 정규직 채용의 경우 3개월의 수습기간이 있어요 ‘장애인고용촉진 및 직업재활법’, ‘국가유공자 등 예우 및 지원에 관한 법률’에 따라 장애인 및 보훈대상자는 채용 전형 시 우대하고 있어요 이렇게 합류해요 1. 서류 전형 → 2. 과제 전형 → 3. 직무 인터뷰 → 4. 컬처핏 인터뷰 및 레퍼런스 체크 → 5. 처우협의 → 6. 최종 합격 및 입사 👉 당근 합류 여정 가이드 바로가기 (🔗) 지원하기 자주묻는질문 목록으로 돌아가기",,하고 있어요 이렇게 합류해요 1. 서류 전형 → 2. 과제 전형 → 3. 직무 인터뷰 → 4. 컬처핏 인터뷰 및 레퍼런스 체크 → 5. 처우협의 → 6. 최종 합격 및 입사 👉 당근 합류 여정 가이드 바로가기 (🔗) 지원하기 자주묻는질문 목록으로 돌아가기,,,,정규직,,,,active
116,122,당근마켓,Product Manager | 광고 (제품),https://about.daangn.com/jobs/6640388003,"Product Manager | 광고 (제품) 당근 정규직 경력 영입정보 지원하기 광고 상품팀을 소개해요 당근마켓은 지역별 트래픽을 수익화하는 광고 서비스를 운영하고 있어요. 월간 활성 유저수 1,900만명의 트래픽을 기반으로 광고주(비즈니스)와 광고를 보는 사용자들의 가치를 극대화하기 위해 노력하고 있고, 누구나 쉽고 간편하게 잠재 고객을 만날 수 있게 만드는 것이 목표예요. 현재 홈 피드에 게재되는 네이티브 피드 광고 상품(DA)과 검색결과 지면에 게재되는 검색광고 상품(SA)을 제공하고 있으며, 앞으로 더욱 다양한 지면에 다양한 형식으로 노출되어질 광고 상품을 준비하고 있어요. 광고 상품팀은 소상공인과 중대형 광고주, 광고대행사 모두가 당근마켓에 광고 상품을 통해 광고 성과를 체감할 수 있도록 광고 상품을 개선하고 최적화하는 팀이에요. 이런 일을 해요 광고 상품에 필요한 스펙을 기획하고 고도화해요 데이터를 기반으로 가설을 실험하고, 핵심지표를 개선해요 광고 상품의 성과를 높이기 위한 최적화 도구를 도입하고 광고 모델링을 개선해요 서비스 및 플랫폼 부서와 협업을 주도하며 프로젝트를 매니징해요 이런 분을 찾고 있어요 PM 경력 5년 이상이신 분 광고 상품 및 플랫폼 기획 2년 이상이신 분 Programmatic 광고에 대한 관심과 기술적 이해도가 높으신 분 이런 분이면 더 좋아요! 광고 상품 전반을 기획하고 출시까지 진행해 본 경험이 있으신 분 다양한 이해관계자와 함께 커뮤니케이션하며 프로젝트를 진행한 경험이 있으신 분 온라인 광고 플랫폼 및 광고 비즈니스 생태계에 대한 이해도가 높으신 분 자기주도적으로 일하시고, 긍정적인 마인드를 보유하신 분 비즈니스 데이터를 분석하는 역량을 갖추신 분 참고해 주세요 정규직 채용의 경우 3개월의 수습기간이 있어요 ‘장애인고용촉진 및 직업재활법’, ‘국가유공자 등 예우 및 지원에 관한 법률’에 따라 장애인 및 보훈대상자는 채용 전형 시 우대하고 있어요 이렇게 합류해요 1. 서류 전형 → 2. 화상 인터뷰 → 3. 직무 인터뷰(과제) → 4. 컬처핏 인터뷰 및 레퍼런스 체크 → 5. 처우협의 → 6. 최종 합격 및 입사 👉 당근 합류 여정 가이드 바로가기 (🔗) 지원하기 자주묻는질문 목록으로 돌아가기",,,,,,정규직,,,,active
