id,company_id,title,post_url,job_description,qualifications,preferred_qualifications,hiring_process,benefits,hiring_message,location,employment_type,salary,work_hours,posted_at,deadline_at,status,first_seen_at,crawled_at,is_active
1,3,채용정보,http://www.innosysit.co.kr/homepage/index.html#job-4,"이노시스아이티는 창의적이고 열정적인 인재를 찾고 있습니다. 지원방법 온라인 입사지원 채용절차 서류전형 및 면접 2차 면접 및 직무능력 건강검진 최종합격 자격조건 - 남자의 경우 병역필 또는 면제자 - 해외여행에 결격사유가 없는자 - 지원부서에 부합하는 직무능력을 갖춘자 - 창의적이고 도전적인 마인드를 갖춘자 제출서류 - 입사지원서, 자기소개서 - 경력증명서(경력이 있을 경우) - 자격증사본(자격증이 있을 경우) 지원방법 온라인 입사지원 채용절차 서류전형 및 면접 2차 면접 및 직무능력 건강검진 최종합격 자격조건 - 남자의 경우 병역필 또는 면제자 - 해외여행에 결격사유가 없는자 - 지원부서에 부합하는 직무능력을 갖춘자 - 창의적이고 도전적인 마인드를 갖춘자 제출서류 - 입사지원서, 자기소개서 - 경력증명서(경력이 있을 경우) - 자격증사본(자격증이 있을 경우",,,,건강검진,,,,,,,,active,2026-03-01 18:28:19.598316,2026-03-01 18:28:19.598290,True
2,2,채용공고,http://www.lgit.co.kr/bbs/board.php?bo_table=hire&wr_id=2,"HOME > 인재채용 > 채용공고 채용공고 도전적인! 혁신적인! 실행적인! 세계로 뻗어나갈 준비가 되신분 이시라면 언제나 환영합니다! PC, OA유지보수 정규직 채용 페이지 정보 작성자 관리자 작성일 18-09-10 17:30 조회 4,802회 관련링크 이전글 목록 본문 ​ PC, OA 유지보수 정규직 채용 ● 모집부문 및 자격요건 담당업무 자격요건 및 우대사항 PC / OA 유지보수 자격요건 - 학력 : 무관 - 경력 : 신입 / 경력 1년 이상 - 성별 : 무관 - 모집인원 : 부문별 0 명 우대사항 - 국가유공자 - 보훈대상자 - 장애인우대 - 영어가능자 - 인근거주자 - PC정비사 2급 이상 자격증 소지자 POS 유지보수 프린터 유지보수 헬프 데스크 ● 모집부문 및 자격요건 ​ 근무형태 정규직 근무부서 정보서비스팀 근무요일/시간 주 5일(월~금) 오전 9시 ~ 오후 6시 근무지역 서울 - 금천구 - 가산디털단지 - 정보와기술(주) 본사 급여 면접후 결정 회사주소 서울특별시 금천구 디지털로9길 68 대륭포스트타워5차 1808호 인근전철 서울 1, 7호선 가산디지털단지역 ​ ● 전형절차 및 제출서류 ​ 전형절차 서류전형 - 1차면접 - 임원면접 - 합격통지 ​ ​ ● 접수기간 및 방법 ​ 접수기간 2022년 4월 25일 ~ 채용시 마감 이력서양식 자유양식 이력서 / 자기소개서 접수방법 이메일 지원 / kimdy@lgit.co.kr / 채용담당자: 김대윤 대리 ● 기타 유의사항 ​ 입사지원 서류에 허위사실이 발견될 경우, 채용확정 이후라도 채용이 취소될 수 있습니다. ● 복리후생 연금보험 4대보험(국민연금, 고용보험, 산재보험, 건강보험) 급여제도 ​ 장기근속자 포상, 우수사원 포상 및 해외연수, 퇴직금 이전글 목록","담당업무 자격요건 및 우대사항 PC / OA 유지보수 자격요건 - 학력 : 무관 - 경력 : 신입 / 경력 1년 이상 - 성별 : 무관 - 모집인원 : 부문별 0 명 우대사항 - 국가유공자 - 보훈대상자 - 장애인우대 - 영어가능자 - 인근거주자 - PC정비사 2급 이상 자격증 소지자 POS 유지보수 프린터 유지보수 헬프 데스크 ● 모집부문 및 자격요건 ​ 근무형태 정규직 근무부서 정보서비스팀 근무요일/시간 주 5일(월~금) 오전 9시 ~ 오후 6시 근무지역 서울 - 금천구 - 가산디털단지 - 정보와기술(주) 본사 급여 면접후 결정 회사주소 서울특별시 금천구 디지털로9길 68 대륭포스트타워5차 1808호 인근전철 서울 1, 7호선 가산디지털단지역 ​ ● 전형절차 및 제출서류 ​ 전형절차 서류전형 - 1차면접 - 임원면접 - 합격통지 ​ ​ ● 접수기간 및 방법 ​ 접수기간 2022년 4월 25일 ~ 채용시 마감 이력서양식 자유양식 이력서 / 자기소개서 접수방법 이메일 지원 / kimdy@lgit.co.kr / 채용담당자: 김대윤 대리 ● 기타 유의사항 ​ 입사지원 서류에 허위사실이 발견될 경우, 채용확정 이후라도 채용이 취소될 수 있습니다. ●","PC / OA 유지보수 자격요건 - 학력 : 무관 - 경력 : 신입 / 경력 1년 이상 - 성별 : 무관 - 모집인원 : 부문별 0 명 우대사항 - 국가유공자 - 보훈대상자 - 장애인우대 - 영어가능자 - 인근거주자 - PC정비사 2급 이상 자격증 소지자 POS 유지보수 프린터 유지보수 헬프 데스크 ● 모집부문 및 자격요건 ​ 근무형태 정규직 근무부서 정보서비스팀 근무요일/시간 주 5일(월~금) 오전 9시 ~ 오후 6시 근무지역 서울 - 금천구 - 가산디털단지 - 정보와기술(주) 본사 급여 면접후 결정 회사주소 서울특별시 금천구 디지털로9길 68 대륭포스트타워5차 1808호 인근전철 서울 1, 7호선 가산디지털단지역 ​ ● 전형절차 및 제출서류 ​ 전형절차 서류전형 - 1차면접 - 임원면접 - 합격통지 ​ ​ ● 접수기간 및 방법 ​ 접수기간 2022년 4월 25일 ~ 채용시 마감 이력서양식 자유양식 이력서 / 자기소개서 접수방법 이메일 지원 / kimdy@lgit.co.kr / 채용담당자: 김대윤 대리 ● 기타 유의사항 ​ 입사지원 서류에 허위사실이 발견될 경우, 채용확정 이후라도 채용이 취소될 수 있습니다. ●","및 제출서류 ​ 전형절차 서류전형 - 1차면접 - 임원면접 - 합격통지 ​ ​ ● 접수기간 및 방법 ​ 접수기간 2022년 4월 25일 ~ 채용시 마감 이력서양식 자유양식 이력서 / 자기소개서 접수방법 이메일 지원 / kimdy@lgit.co.kr / 채용담당자: 김대윤 대리 ● 기타 유의사항 ​ 입사지원 서류에 허위사실이 발견될 경우, 채용확정 이후라도 채용이 취소될 수 있습니다. ●",,,서울,정규직,,,,,active,2026-03-01 18:28:20.339725,2026-03-01 18:31:38.022017,True
3,2,채용공고,http://www.lgit.co.kr/bbs/board.php?bo_table=hire&wr_id=8,"HOME > 인재채용 > 채용공고 채용공고 도전적인! 혁신적인! 실행적인! 세계로 뻗어나갈 준비가 되신분 이시라면 언제나 환영합니다! [정보와기술(주)]지역별 법원 전산장비 유지보수 상주 운영자 채용 페이지 정보 작성자 관리자 작성일 22-04-22 14:03 조회 2,255회 관련링크 이전글 다음글 목록 본문 지역별 법원 전산장비 유지보수 상주 운영자 채용 ● 모집부문 및 자격요건 담당업무 자격요건 및 우대사항 법원 내 전산시스템 운영/유지보수 전산실 상주 업무 수행 자격요건 - 학력 : 고졸이상 - 경력 : 신입 / 경력 - 성별 : 무관 - 모집인원 : 지역별 0 명 우대사항 - 컴퓨터 활용능력 우수자 - PPT 작성 우수자 - 문서 작성 우수자 - 유관 업무 경험자 - PC정비사 2급 이상 자격증 소지자 ● 근무 상세요강 ​ 근무형태 정규직 (수습3개월, 수습기간동안 급여 100%지급) 근무부서 서울중앙지방법원, 수원지방법원, 분당대법원전산정보센터, 대구지방법원, 대구지방법원 서부지원 근무요일/시간 주 5일(월~금) 오전 9시 ~ 오후 6시 근무지역 서울 서초구, 수원 영통구, 성남시 분당구, 대구 수성구, 대구 달서구 급여 면접후 결정 회사주소 서울특별시 금천구 디지털로9길 68 대륭포스트타워5차 1808호 인근전철 서울 1, 7호선 가산디지털단지역 ​ ● 전형절차 및 제출서류 ​ 전형절차 서류전형 - 1차면접 - 합격통지 ​ ​ ● 접수기간 및 방법 ​ 접수기간 2022년 4월 25일 ~ 채용시 마감 이력서양식 자유양식 / 자기소개서 및 경력기술서 필수 포함 접수방법 이메일 지원 / ysahn@lgit.co.kr / 채용 담당자: 안영성 대리 ● 기타 유의사항 ​ 입사지원 서류에 허위사실이 발견될 경우, 채용확정 이후라도 채용이 취소될 수 있습니다. ● 복리후생 연금보험 4대보험(국민연금, 고용보험, 산재보험, 건강보험), 퇴직연금 ​ 자유복장, 경조휴가, 장기근속자 포상 이전글 다음글 목록","담당업무 자격요건 및 우대사항 법원 내 전산시스템 운영/유지보수 전산실 상주 업무 수행 자격요건 - 학력 : 고졸이상 - 경력 : 신입 / 경력 - 성별 : 무관 - 모집인원 : 지역별 0 명 우대사항 - 컴퓨터 활용능력 우수자 - PPT 작성 우수자 - 문서 작성 우수자 - 유관 업무 경험자 - PC정비사 2급 이상 자격증 소지자 ● 근무 상세요강 ​ 근무형태 정규직 (수습3개월, 수습기간동안 급여 100%지급) 근무부서 서울중앙지방법원, 수원지방법원, 분당대법원전산정보센터, 대구지방법원, 대구지방법원 서부지원 근무요일/시간 주 5일(월~금) 오전 9시 ~ 오후 6시 근무지역 서울 서초구, 수원 영통구, 성남시 분당구, 대구 수성구, 대구 달서구 급여 면접후 결정 회사주소 서울특별시 금천구 디지털로9길 68 대륭포스트타워5차 1808호 인근전철 서울 1, 7호선 가산디지털단지역 ​ ● 전형절차 및 제출서류 ​ 전형절차 서류전형 - 1차면접 - 합격통지 ​ ​ ● 접수기간 및 방법 ​ 접수기간 2022년 4월 25일 ~ 채용시 마감 이력서양식 자유양식 / 자기소개서 및 경력기술서 필수 포함 접수방법 이메일 지원 / ysahn@lgit.co.kr / 채용 담당자: 안영성 대리 ● 기타 유의사항 ​ 입사지원 서류에 허위사실이 발견될 경우, 채용확정 이후라도 채용이 취소될 수 있습니다. ●","법원 내 전산시스템 운영/유지보수 전산실 상주 업무 수행 자격요건 - 학력 : 고졸이상 - 경력 : 신입 / 경력 - 성별 : 무관 - 모집인원 : 지역별 0 명 우대사항 - 컴퓨터 활용능력 우수자 - PPT 작성 우수자 - 문서 작성 우수자 - 유관 업무 경험자 - PC정비사 2급 이상 자격증 소지자 ● 근무 상세요강 ​ 근무형태 정규직 (수습3개월, 수습기간동안 급여 100%지급) 근무부서 서울중앙지방법원, 수원지방법원, 분당대법원전산정보센터, 대구지방법원, 대구지방법원 서부지원 근무요일/시간 주 5일(월~금) 오전 9시 ~ 오후 6시 근무지역 서울 서초구, 수원 영통구, 성남시 분당구, 대구 수성구, 대구 달서구 급여 면접후 결정 회사주소 서울특별시 금천구 디지털로9길 68 대륭포스트타워5차 1808호 인근전철 서울 1, 7호선 가산디지털단지역 ​ ● 전형절차 및 제출서류 ​ 전형절차 서류전형 - 1차면접 - 합격통지 ​ ​ ● 접수기간 및 방법 ​ 접수기간 2022년 4월 25일 ~ 채용시 마감 이력서양식 자유양식 / 자기소개서 및 경력기술서 필수 포함 접수방법 이메일 지원 / ysahn@lgit.co.kr / 채용 담당자: 안영성 대리 ● 기타 유의사항 ​ 입사지원 서류에 허위사실이 발견될 경우, 채용확정 이후라도 채용이 취소될 수 있습니다. ●","및 제출서류 ​ 전형절차 서류전형 - 1차면접 - 합격통지 ​ ​ ● 접수기간 및 방법 ​ 접수기간 2022년 4월 25일 ~ 채용시 마감 이력서양식 자유양식 / 자기소개서 및 경력기술서 필수 포함 접수방법 이메일 지원 / ysahn@lgit.co.kr / 채용 담당자: 안영성 대리 ● 기타 유의사항 ​ 입사지원 서류에 허위사실이 발견될 경우, 채용확정 이후라도 채용이 취소될 수 있습니다. ●",경조휴가,,서울,정규직,,,,,active,2026-03-01 18:28:20.838307,2026-03-01 18:31:38.427275,True
4,2,채용공고,http://www.lgit.co.kr/bbs/board.php?bo_table=hire&wr_id=9,"HOME > 인재채용 > 채용공고 채용공고 도전적인! 혁신적인! 실행적인! 세계로 뻗어나갈 준비가 되신분 이시라면 언제나 환영합니다! [정보와기술(주)]네트워크 / 인프라 보안 운영 담당자 모집 채용공고 페이지 정보 작성자 관리자 작성일 22-04-22 14:54 조회 1,930회 관련링크 이전글 다음글 목록 본문 [정보와기술(주)] 네트워크 / 인프라 보안 운영 담당자 모집 채용공고 ● 모집부문 및 자격요건 담당업무 자격요건 및 우대사항 ㆍNetwork 보안, Endpoint 보안 ㆍ보안솔루션 운영 ㆍ전산시스템 관리 자격요건 - 학력 : 고졸이상 - 경력 : 신입 / 경력 - 성별 : 무관 - 모집인원 : 0명 우대사항 ㆍIT보안 업무 경력 2년 이하, IT 관련 경력 3년 이하 ㆍIT 보안 관련 업무가 없어도, 기본 소양 ( IT 관련 3년차 이상)이 있다면 채용 가능 ● 근무 상세요강 ​ 근무형태 정규직 근무부서 근무요일/시간 주 5일(월~금) 오전 9시 ~ 오후 6시 근무지역 서울 강남구 역삼역 SI타워 급여 면접후 결정 회사주소 서울특별시 금천구 디지털로9길 68 대륭포스트타워5차 1806-1808호 인근전철 서울 1, 7호선 가산디지털단지역 ​ ● 전형절차 및 제출서류 ​ 전형절차 서류전형 - 1차면접 - 합격통지 ​ ​ ● 접수기간 및 방법 ​ 접수기간 2022년 04월 22일 ~ 채용 시 마감 이력서양식 자유양식 이력서 / 자기소개서 접수방법 이메일 지원 / ysahn@lgit.co.kr / 채용 담당자: 안영성 대리 ● 기타 유의사항 ​ 입사지원 서류에 허위사실이 발견될 경우, 채용확정 이후라도 채용이 취소될 수 있습니다. ● 복리후생 연금보험 4대보험(국민연금, 고용보험, 산재보험, 건강보험), 퇴직연금 생활편의 ​ 자유복장 이전글 다음글 목록","담당업무 자격요건 및 우대사항 ㆍNetwork 보안, Endpoint 보안 ㆍ보안솔루션 운영 ㆍ전산시스템 관리 자격요건 - 학력 : 고졸이상 - 경력 : 신입 / 경력 - 성별 : 무관 - 모집인원 : 0명 우대사항 ㆍIT보안 업무 경력 2년 이하, IT 관련 경력 3년 이하 ㆍIT 보안 관련 업무가 없어도, 기본 소양 ( IT 관련 3년차 이상)이 있다면 채용 가능 ● 근무 상세요강 ​ 근무형태 정규직 근무부서 근무요일/시간 주 5일(월~금) 오전 9시 ~ 오후 6시 근무지역 서울 강남구 역삼역 SI타워 급여 면접후 결정 회사주소 서울특별시 금천구 디지털로9길 68 대륭포스트타워5차 1806-1808호 인근전철 서울 1, 7호선 가산디지털단지역 ​ ● 전형절차 및 제출서류 ​ 전형절차 서류전형 - 1차면접 - 합격통지 ​ ​ ● 접수기간 및 방법 ​ 접수기간 2022년 04월 22일 ~ 채용 시 마감 이력서양식 자유양식 이력서 / 자기소개서 접수방법 이메일 지원 / ysahn@lgit.co.kr / 채용 담당자: 안영성 대리 ● 기타 유의사항 ​ 입사지원 서류에 허위사실이 발견될 경우, 채용확정 이후라도 채용이 취소될 수 있습니다. ●","ㆍNetwork 보안, Endpoint 보안 ㆍ보안솔루션 운영 ㆍ전산시스템 관리 자격요건 - 학력 : 고졸이상 - 경력 : 신입 / 경력 - 성별 : 무관 - 모집인원 : 0명 우대사항 ㆍIT보안 업무 경력 2년 이하, IT 관련 경력 3년 이하 ㆍIT 보안 관련 업무가 없어도, 기본 소양 ( IT 관련 3년차 이상)이 있다면 채용 가능 ● 근무 상세요강 ​ 근무형태 정규직 근무부서 근무요일/시간 주 5일(월~금) 오전 9시 ~ 오후 6시 근무지역 서울 강남구 역삼역 SI타워 급여 면접후 결정 회사주소 서울특별시 금천구 디지털로9길 68 대륭포스트타워5차 1806-1808호 인근전철 서울 1, 7호선 가산디지털단지역 ​ ● 전형절차 및 제출서류 ​ 전형절차 서류전형 - 1차면접 - 합격통지 ​ ​ ● 접수기간 및 방법 ​ 접수기간 2022년 04월 22일 ~ 채용 시 마감 이력서양식 자유양식 이력서 / 자기소개서 접수방법 이메일 지원 / ysahn@lgit.co.kr / 채용 담당자: 안영성 대리 ● 기타 유의사항 ​ 입사지원 서류에 허위사실이 발견될 경우, 채용확정 이후라도 채용이 취소될 수 있습니다. ●","및 제출서류 ​ 전형절차 서류전형 - 1차면접 - 합격통지 ​ ​ ● 접수기간 및 방법 ​ 접수기간 2022년 04월 22일 ~ 채용 시 마감 이력서양식 자유양식 이력서 / 자기소개서 접수방법 이메일 지원 / ysahn@lgit.co.kr / 채용 담당자: 안영성 대리 ● 기타 유의사항 ​ 입사지원 서류에 허위사실이 발견될 경우, 채용확정 이후라도 채용이 취소될 수 있습니다. ●",,,서울,정규직,,,,,active,2026-03-01 18:28:21.307160,2026-03-01 18:31:38.892360,True
5,2,채용공고,http://www.lgit.co.kr/bbs/board.php?bo_table=hire&wr_id=12,"HOME > 인재채용 > 채용공고 채용공고 도전적인! 혁신적인! 실행적인! 세계로 뻗어나갈 준비가 되신분 이시라면 언제나 환영합니다! [정보와기술(주)]대교본사 상주 태블릿QA담당(APP, web QA업무)모집 채용공고 페이지 정보 작성자 관리자 작성일 22-04-25 10:17 조회 1,873회 관련링크 이전글 다음글 목록 본문 [정보와기술(주)]대교본사 상주 태블릿QA담당(APP, web QA업무)모집 ● 모집부문 및 자격요건 담당업무 자격요건 및 우대사항 ㆍ QA업무 일정수립 / QA설계 검토 및 실적보고 / QA Ris k/ Issue, 의사소통, 개선관리 ㆍQA 업무분석 및 테스트 케이스 설계 / 테스트 결과 취합, 분석 및 보고 ㆍ학습 시스템 QA 검수 ㆍ서비스 시나리오에 따른 학습 시스템 검수 및 오류 사항 정리 ㆍ학습지 앱 검수 및 동작, 링크연결, 문제풀이 등에 대한 오류 검사 자격요건 - 학력 : 고졸이상 - 경력 : 신입, 경력 1~2년 - 성별 : 무관 - 모집인원 : 0명 우대사항 ㆍ 테스트 시나리오 및 케이스 정리 ㆍ시스템 QA 경험자 ㆍ엑셀 사용 가능자 ● 근무 상세요강 ​ 근무형태 정규직 근무부서 근무요일/시간 주 5일(월~금) 오전 9시 ~ 오후 6시 근무지역 서울 관악구 보라매3길 23, (봉천동 대교 타워) 급여 연봉 3천만원 (퇴직금 별도) 회사주소 서울특별시 금천구 디지털로9길 68 대륭포스트타워5차 1806-1808호 인근전철 서울 1, 7호선 가산디지털단지역 ​ ● 전형절차 및 제출서류 ​ 전형절차 서류전형 - 1차면접 - 합격통지 ​ ​ ● 접수기간 및 방법 ​ 접수기간 ~ 채용 시 마감 이력서양식 자유양식 이력서 / 자기소개서 접수방법 이메일 지원 / ysahn@lgit.co.kr / 채용 담당자: 안영성 대리 ● 기타 유의사항 ​ 입사지원 서류에 허위사실이 발견될 경우, 채용확정 이후라도 채용이 취소될 수 있습니다. ● 복리후생 연금보험 4대보험(국민연금, 고용보험, 산재보험, 건강보험), 퇴직연금 생활편의 ​ 자유복장 이전글 다음글 목록","담당업무 자격요건 및 우대사항 ㆍ QA업무 일정수립 / QA설계 검토 및 실적보고 / QA Ris k/ Issue, 의사소통, 개선관리 ㆍQA 업무분석 및 테스트 케이스 설계 / 테스트 결과 취합, 분석 및 보고 ㆍ학습 시스템 QA 검수 ㆍ서비스 시나리오에 따른 학습 시스템 검수 및 오류 사항 정리 ㆍ학습지 앱 검수 및 동작, 링크연결, 문제풀이 등에 대한 오류 검사 자격요건 - 학력 : 고졸이상 - 경력 : 신입, 경력 1~2년 - 성별 : 무관 - 모집인원 : 0명 우대사항 ㆍ 테스트 시나리오 및 케이스 정리 ㆍ시스템 QA 경험자 ㆍ엑셀 사용 가능자 ● 근무 상세요강 ​ 근무형태 정규직 근무부서 근무요일/시간 주 5일(월~금) 오전 9시 ~ 오후 6시 근무지역 서울 관악구 보라매3길 23, (봉천동 대교 타워) 급여 연봉 3천만원 (퇴직금 별도) 회사주소 서울특별시 금천구 디지털로9길 68 대륭포스트타워5차 1806-1808호 인근전철 서울 1, 7호선 가산디지털단지역 ​ ● 전형절차 및 제출서류 ​ 전형절차 서류전형 - 1차면접 - 합격통지 ​ ​ ● 접수기간 및 방법 ​ 접수기간 ~ 채용 시 마감 이력서양식 자유양식 이력서 / 자기소개서 접수방법 이메일 지원 / ysahn@lgit.co.kr / 채용 담당자: 안영성 대리 ● 기타 유의사항 ​ 입사지원 서류에 허위사실이 발견될 경우, 채용확정 이후라도 채용이 취소될 수 있습니다. ●","ㆍ QA업무 일정수립 / QA설계 검토 및 실적보고 / QA Ris k/ Issue, 의사소통, 개선관리 ㆍQA 업무분석 및 테스트 케이스 설계 / 테스트 결과 취합, 분석 및 보고 ㆍ학습 시스템 QA 검수 ㆍ서비스 시나리오에 따른 학습 시스템 검수 및 오류 사항 정리 ㆍ학습지 앱 검수 및 동작, 링크연결, 문제풀이 등에 대한 오류 검사 자격요건 - 학력 : 고졸이상 - 경력 : 신입, 경력 1~2년 - 성별 : 무관 - 모집인원 : 0명 우대사항 ㆍ 테스트 시나리오 및 케이스 정리 ㆍ시스템 QA 경험자 ㆍ엑셀 사용 가능자 ● 근무 상세요강 ​ 근무형태 정규직 근무부서 근무요일/시간 주 5일(월~금) 오전 9시 ~ 오후 6시 근무지역 서울 관악구 보라매3길 23, (봉천동 대교 타워) 급여 연봉 3천만원 (퇴직금 별도) 회사주소 서울특별시 금천구 디지털로9길 68 대륭포스트타워5차 1806-1808호 인근전철 서울 1, 7호선 가산디지털단지역 ​ ● 전형절차 및 제출서류 ​ 전형절차 서류전형 - 1차면접 - 합격통지 ​ ​ ● 접수기간 및 방법 ​ 접수기간 ~ 채용 시 마감 이력서양식 자유양식 이력서 / 자기소개서 접수방법 이메일 지원 / ysahn@lgit.co.kr / 채용 담당자: 안영성 대리 ● 기타 유의사항 ​ 입사지원 서류에 허위사실이 발견될 경우, 채용확정 이후라도 채용이 취소될 수 있습니다. ●","및 제출서류 ​ 전형절차 서류전형 - 1차면접 - 합격통지 ​ ​ ● 접수기간 및 방법 ​ 접수기간 ~ 채용 시 마감 이력서양식 자유양식 이력서 / 자기소개서 접수방법 이메일 지원 / ysahn@lgit.co.kr / 채용 담당자: 안영성 대리 ● 기타 유의사항 ​ 입사지원 서류에 허위사실이 발견될 경우, 채용확정 이후라도 채용이 취소될 수 있습니다. ●",,,서울,정규직,,,,,active,2026-03-01 18:28:21.537785,2026-03-01 18:31:36.582439,True
6,6,Recruitment,http://www.neurosense.co.kr/kor/recruitement/index.html,"인재상 뉴로센스의 문은 인재들에게 항상 열려 있습니다. 이런 꿈을 가진 분들은 언제라도 저희에게 연락 하세요! 1 변화와 혁신(Innovation)을 항상 추구하는 호기심 많은 인재 2 Edge computing AI 분야에서 글로벌 인재가 되고 싶은 인재 3 회사와 본인의 동시 성장을 통해 미래를 새로운 계획하고 싶은 인재 직무소개 가로로 스크롤 하여 보실 수 있습니다. Duty 인원 Academic Description Hardware Engineer (신입/경력) ○명 4년제 대졸이상 전기전자, 컴퓨터계열 주요업무 IoT 센서 하드웨어 설계 기술문서 검토 및 제품 신뢰성 테스트 필요경력 전자회로/ 임베디드 시스템 지식 및 경험 기술문서 검토 경험 우대사항 HW 지식보유 우대 IoT 센서 개발 관련 경력자 우대 Hardware Engineer (경력) ○명 4년제 대졸이상 전기전자, 컴퓨터계열 주요업무 산업용 IoT 센서 하드웨어 설계 Radar 하드웨어 설계 필요경력 2년 이상 6년 미만 전자설계관련 업무 경력자 전자회로/ 임베디드 시스템 지식 및 경험 블루투스 및 와이파이 회로 설계 경험 Radar 회로 설계 경험 우대사항 회로 작성 및 Artwork 개발 경력자 우대 IoT 센서 개발 관련 경력자 우대 Radar 관련 경력자 우대 RF 안테나 설계 경험자 우대 Firmware Engineer (신입/경력) ○명 4년제 대졸이상 전기전자, 컴퓨터계열 주요업무 IoT 센서 Firmware 설계 필요경력 전자설계관련 업무 경력자 전자회로/ 임베디드 시스템 지식 및 경험 Arm Cortex 코딩 경험 블루투스 Firmware 개발 경험 우대사항 HW/SW 지식보유 우대 IoT 센서 개발 관련 경력자 우대 Arm Cortex 경험자 우대 블루투스, 와이파이 경험자 우대 채용문의 연락하기 Tel: +82) 02 - 6275 - 6700 Email : info@neurosense.co.kr Attachments Browse",,"HW/SW 지식보유 우대 IoT 센서 개발 관련 경력자 우대 Arm Cortex 경험자 우대 블루투스, 와이파이 경험자 우대 채용문의 연락하기 Tel: +82) 02 - 6275 - 6700 Email : info@neurosense.co.kr Attachments Browse 개인정보처리방침 동의 [자세히 보기] SUBMIT MESSAGE 개인정보취급방침 'OOO'은 (이하 '회사'는) 고객님의 개인정보를 중요시하며, '정보통신망 이용촉진 및 정보보호'에 관한 법률을 준수하고 있습니다. 회사는 개인정보취급방침을 통하여 고객님께서 제공하시는 개인정보가 어떠한 용도와 방식으로 이용되고 있으며, 개인정보보호를 위해 어떠한 조치가 취해지고 있는지 알려드립니다. 회사는 개인정보취급방침을 개정하는 경우 웹사이트 공지사항(또는 개별공지)을 통하여 공지할 것입니다. ■ 수집하는 개인정보 항목 회사는 회원가입, 상담, 서비스 신청 등등을 위해 아래와 같은 개인정보를 수집하고 있습니다. ο 수집항목 : 이름 , 생년월일 , 성별 , 로그인ID , 비밀번호 , 비밀번호 질문과 답변 , 자택 전화번호 , 자택 주소 , 휴대전화번호 , 이메일 , 직업 , 회사명 , 부서 , 직책 , 회사전화번호 , 취미 , 결혼여부 , 기념일 , 법정대리인정보 , 주민등록번호 , 서비스 이용기록 , 접속 로그 , 접속 IP 정보 , 결제기록 ο 개인정보 수집방법 : 홈페이지(회원가입) , 서면양식 ■ 개인정보의 수집 및 이용목적 회사는 수집한 개인정보를 다음의 목적을 위해 활용합니다. ο 서비스 제공에 관한 계약 이행 및 서비스 제공에 따른 요금정산 콘텐츠 제공 , 구매 및 요금 결제 , 물품배송 또는 청구지 등 발송 ο 회원 관리 회원제 서비스 이용에 따른 본인확인 , 개인 식별 , 연령확인 , 만14세 미만 아동 개인정보 수집 시 법정 대리인 동의여부 확인 , 고지사항 전달 ο 마케팅 및 광고에 활용 접속 빈도 파악 또는 회원의 서비스 이용에 대한 통계 ■ 개인정보의 보유 및 이용기간 회사는 개인정보 수집 및 이용목적이 달성된 후에는 예외 없이 해당 정보를 지체 없이 파기합니다. ■ 개인정보의 파기절차 및 방법 회사는 원칙적으로 개인정보 수집 및 이용목적이 달성된 후에는 해당 정보를 지체없이 파기합니다. 파기절차 및 방법은 다음과 같습니다. ο 파기절차 회원님이 회원가입 등을 위해 입력하신 정보는 목적이 달성된 후 별도의 DB로 옮겨져(종이의 경우 별도의 서류함) 내부 방침 및 기타 관련 법령에 의한 정보보호 사유에 따라(보유 및 이용기간 참조) 일정 기간 저장된 후 파기되어집니다. 별도 DB로 옮겨진 개인정보는 법률에 의한 경우가 아니고서는 보유되어지는 이외의 다른 목적으로 이용되지 않습니다. ο 파기방법 - 전자적 파일형태로 저장된 개인정보는 기록을 재생할 수 없는 기술적 방법을 사용하여 삭제합니다. ■ 개인정보 제공 회사는 이용자의 개인정보를 원칙적으로 외부에 제공하지 않습니다. 다만, 아래의 경우에는 예외로 합니다. - 이용자들이 사전에 동의한 경우 - 법령의 규정에 의거하거나, 수사 목적으로 법령에 정해진 절차와 방법에 따라 수사기관의 요구가 있는 경우 ■ 수집한 개인정보의 위탁 회사는 서비스 제공 및 향상을 위하여 아래와 같이 개인정보를 위탁하고 있으며, 관계 법령에 따라 위탁계약시 개인정보가 안전하게 관리될 수 있도록 필요한 사항을 규정하고 있습니다. 화사의 개인정보 수탁업체 및 위탁업무의 내용은 아래와 같습니다. ─────────────────────────────────── 수탁업체 : 위탁업무 내용 ─────────────────────────────────── ⅩⅩ : 상품배송 ─────────────────────────────────── ⅩⅩ : 결제, 구매안전서비스 제공등 ─────────────────────────────────── ⅩⅩ : 실명확인, 본인인증 ─────────────────────────────────── ■ 이용자 및 법정대리인의 권리와 그 행사방법 이용자 및 법정 대리인은 언제든지 등록되어 있는 자신 혹은 당해 만 14세 미만 아동의 개인정보를 조회하거나 수정할 수 있으며 가입해지를 요청할 수도 있습니 다. 이용자 혹은 만 14세 미만 아동의 개인정보 조회?수정을 위해서는 ‘개인정보변 경’(또는 ‘회원정보수정’ 등)을 가입해지(동의철회)를 위해서는 “회원탈퇴”를 클릭 하여 본인 확인 절차를 거치신 후 직접 열람, 정정 또는 탈퇴가 가능합니다. 혹은 개인정보관리책임자에게 서면, 전화 또는 이메일로 연락하시면 지체없이 조 치하겠습니다. 귀하가 개인정보의 오류에 대한 정정을 요청하신 경우에는 정정을 완료하기 전까 지 당해 개인정보를 이용 또는 제공하지 않습니다. 또한 잘못된 개인정보를 제3자 에게 이미 제공한 경우에는 정정 처리결과를 제3자에게 지체없이 통지하여 정정이 이루어지도록 하겠습니다. oo는 이용자 혹은 법정 대리인의 요청에 의해 해지 또는 삭제된 개인정보는 “oo 가 수집하는 개인정보의 보유 및 이용기간”에 명시된 바에 따라 처리하고 그 외의 용도로 열람 또는 이용할 수 없도록 처리하고 있습니다. ■ 개인정보 자동수집 장치의 설치, 운영 및 그 거부에 관한 사항 회사는 귀하의 정보를 수시로 저장하고 찾아내는 ‘쿠키(cookie)’ 등을 운용합니다. 쿠키란 oo의 웹사이트를 운영하는데 이용되는 서버가 귀하의 브라우저에 보내는 아주 작은 텍스트 파일로서 귀하의 컴퓨터 하드디스크에 저장됩니다. 회사은(는) 다음과 같은 목적을 위해 쿠키를 사용합니다. ▶ 쿠키 등 사용 목적 - 회원과 비회원의 접속 빈도나 방문 시간 등을 분석, 이용자의 취향과 관심분야를 파악 및 자취 추적, 각종 이벤트 참여 정도 및 방문 회수 파악 등을 통한 타겟 마케팅 및 개인 맞춤 서비스 제공 귀하는 쿠키 설치에 대한 선택권을 가지고 있습니다. 따라서, 귀하는 웹브라우저에서 옵션을 설정함으로써 모든 쿠키를 허용하거나, 쿠키가 저장될 때마다 확인을 거치거나, 아니면 모든 쿠키의 저장을 거부할 수도 있습니다. ▶ 쿠키 설정 거부 방법 예: 쿠키 설정을 거부하는 방법으로는 회원님이 사용하시는 웹 브라우저의 옵션을 선택함으로써 모든 쿠키를 허용하거나 쿠키를 저장할 때마다 확인을 거치거나, 모든 쿠키의 저장을 거부할 수 있습니다. 설정방법 예(인터넷 익스플로어의 경우) : 웹 브라우저 상단의 도구 > 인터넷 옵션 > 개인정보 단, 귀하께서 쿠키 설치를 거부하였을 경우 서비스 제공에 어려움이 있을 수 있습니다. ■ 개인정보에 관한 민원서비스 회사는 고객의 개인정보를 보호하고 개인정보와 관련한 불만을 처리하기 위하여 아래와 같이 관련 부서 및 개인정보관리책임자를 지정하고 있습니다. 고객서비스담당 부서 :OOO 전화번호 : OO-OOOO-OOOO 이메일 : OOOOO@OOOO 개인정보관리책임자 성명 : OOO 전화번호 : OO-OOOO-OOOO 이메일 : OOOOO@OOOO 귀하께서는 회사의 서비스를 이용하시며 발생하는 모든 개인정보보호 관련 민원을 개인정보관리책임자 혹은 담당부서로 신고하실 수 있습니다. 회사는 이용자들의 신고사항에 대해 신속하게 충분한 답변을 드릴 것입니다. 기타 개인정보침해에 대한 신고나 상담이 필요하신 경우에는 아래 기관에 문의하시기 바랍니다. 1.개인분쟁조정위원회 (www.1336.or.kr/1336) 2.정보보호마크인증위원회 (www.eprivacy.or.kr/02-580-0533~4) 3.대검찰청 인터넷범죄수사센터 (http://icic.sppo.go.kr/02-3480-3600) 4.경찰청 사이버테러대응센터 (www.ctrc.go.kr/02-392-0330) 경기도 광명시 소하로 190, 광명G타워 A동 1014호 © 2020 Neurosense. All right reserved. Tel : 02 - 6275 - 6700 Fax : 02 - 6275 - 6701 Email : info@neurosense.co.kr",,,,경기,,,,,,active,2026-03-01 18:28:22.169136,2026-03-01 18:28:22.169113,True
7,2,채용공고,http://www.lgit.co.kr/bbs/board.php?bo_table=hire,"HOME > 인재채용 > 채용공고 채용공고 도전적인! 혁신적인! 실행적인! 세계로 뻗어나갈 준비가 되신분 이시라면 언제나 환영합니다! 게시물 검색 검색대상 제목 내용 제목+내용 회원아이디 회원아이디(코) 글쓴이 글쓴이(코) 검색어 필수 채용공고 목록 번호 제목 글쓴이 날짜 공지 [정보와기술(주)] 현장 IT 유지보수 인력 채용 관리자 08-04 11 [정보와기술(주)] 전산장비 원격지원 콜센터 사원 모집 관리자 08-26 10 [정보와기술㈜] 디자인(제안서, 홈페이지) 담당자 채용 관리자 10-06 9 [정보와기술(주)] 편의점 전산장비 유지보수 사원 모집 관리자 09-22 8 [정보와기술(주)] 전산장비 재고 관리 및 리페어 업무 사원 모집 관리자 09-22 7 [정보와기술(주)] IT설치 및 유지보수 정규직 채용 - 본사/인천(경인센터) 관리자 07-18 6 [정보와기술(주)] 정규직 인사 노무 관리 담당자 채용 관리자 07-13 5 [정보와기술(주)] 기술연구소 기획팀 정규직 채용 공고 관리자 06-07 4 [정보와기술(주)]대교본사 상주 태블릿QA담당(APP, web QA업무)모집 채용공고 관리자 04-25 3 [정보와기술(주)]네트워크 / 인프라 보안 운영 담당자 모집 채용공고 관리자 04-22 2 [정보와기술(주)]지역별 법원 전산장비 유지보수 상주 운영자 채용 관리자 04-22 1 PC, OA유지보수 정규직 채용 관리자 09-10 게시물 검색 검색대상 제목 내용 제목+내용 회원아이디 회원아이디(코) 글쓴이 글쓴이(코) 검색어 필수",,,,,,인천,정규직,,,,,active,2026-03-01 18:28:25.022783,2026-03-01 18:28:25.022765,True
8,12,본문,http://www.rpio.co.kr/pg/bbs/board.php?bo_table=cs01&wr_id=22#job-2,"◆ 연구개발부 직원 모집 (신입,경력) 1) APP 개발 가능자 ( UNITY 외 C++ ) 2) Pose Estimation기반 개발 가능자 ◆ 의료기기 마케팅부 직원 모집 (신입 ,경력) 1) 재활의료기기 영업/기획/관리 사원 2) 재활 의료기기 마케팅",,,,,,,,,,,,active,2026-03-01 18:28:26.189085,2026-03-01 18:28:26.189064,True
9,11,입사지원,http://recruit.jatco.co.kr/board/recruit.do?boardSeq=443,입사지원 채용공고 신입사원 김동우 신입사원 김차돌 신입사원 드미트리 리춘미(중국) 세키 죠지(일본) 2023년도 신입사원 공개채용 (서울과학기술학교 캠퍼스 리쿠르팅 참가자용) 회사 엔지니어링 모집 부분 해석부문 실험부문 Project Management 소음음진부분 시스템성능개발부문 제어시스템개발부문 부품설계부문 차량제어성능실험 시스템성능&제어개발 부품시스템개발부문 채용 기간 2023-11-01 10:00 ~ 2023-11-10 17:00 공고 게시일 2023-10-23 첨부파일 서울과학기술대학교 캠퍼스리쿠르팅은 11월 1일(수) 입니다. 해당 리쿠르팅에 참석하신 분은 11월 1일 - 11월 10일 까지 하단에 지원하기 버튼을 통해서 지원이 가능합니다. 목록으로 마감,,,,,,서울,,,,,,active,2026-03-01 18:28:30.419818,2026-03-01 18:28:30.419790,True
10,11,입사지원,http://recruit.jatco.co.kr/board/recruit.do?boardSeq=444,입사지원 채용공고 신입사원 김동우 신입사원 김차돌 신입사원 드미트리 리춘미(중국) 세키 죠지(일본) 2023년도 신입사원 공개채용 (국민대학교 캠퍼스 리쿠르팅 참가자용) 회사 엔지니어링 모집 부분 해석부문 실험부문 Project Management 소음음진부분 시스템성능개발부문 제어시스템개발부문 부품설계부문 차량제어성능실험 시스템성능&제어개발 부품시스템개발부문 채용 기간 2023-11-01 10:00 ~ 2023-11-10 17:00 공고 게시일 2023-10-23 첨부파일 국민대학교 캠퍼스리쿠르팅은 11월 1일(수) 입니다. 해당 리쿠르팅에 참석하신 분은 11월 1일 - 11월 10일 까지 하단에 지원하기 버튼을 통해서 지원이 가능합니다. 목록으로 마감,,,,,,,,,,,,active,2026-03-01 18:28:30.771933,2026-03-01 18:28:30.771910,True
11,11,입사지원,http://recruit.jatco.co.kr/board/recruit.do?boardSeq=445,입사지원 채용공고 신입사원 김동우 신입사원 김차돌 신입사원 드미트리 리춘미(중국) 세키 죠지(일본) 2023년도 신입사원 공개채용 (영남대학교 캠퍼스 리쿠르팅 참가자용) 회사 엔지니어링 모집 부분 해석부문 실험부문 Project Management 소음음진부분 시스템성능개발부문 제어시스템개발부문 부품설계부문 차량제어성능실험 시스템성능&제어개발 부품시스템개발부문 채용 기간 2023-10-26 10:00 ~ 2023-11-03 17:00 공고 게시일 2023-10-23 첨부파일 영남대학교 캠퍼스리쿠르팅은 10월 26일(목) 입니다. 해당 리쿠르팅에 참석하신 분은 10월 26일 - 11월 3일 까지 하단에 지원하기 버튼을 통해서 지원이 가능합니다. 목록으로 마감,,,,,,,,,,,,active,2026-03-01 18:28:31.235646,2026-03-01 18:28:31.235619,True
12,11,입사지원,http://recruit.jatco.co.kr/board/recruit.do?boardSeq=446,입사지원 채용공고 신입사원 김동우 신입사원 김차돌 신입사원 드미트리 리춘미(중국) 세키 죠지(일본) 2023년도 신입사원 공개채용 (서울시립대학교 캠퍼스 리쿠르팅 참가자용) 회사 엔지니어링 모집 부분 지원부분선택 채용 기간 2023-11-09 10:00 ~ 2023-11-14 17:00 공고 게시일 2023-11-01 첨부파일 서울시립대학교 캠퍼스리쿠르팅은 11월 중에 예정하고 있습니다. 해당 리쿠르팅에 참석하신 분은 11월 14까지 하단에 지원하기 버튼을 통해서 지원이 가능합니다. 일 까지 하단에 지원하기 버튼을 통해서 지원이 가능합니다. 목록으로 마감,,,,,,서울,,,,,,active,2026-03-01 18:28:31.595059,2026-03-01 18:28:31.595031,True
13,11,입사지원,http://recruit.jatco.co.kr/board/recruit.do?boardSeq=447,"입사지원 채용공고 신입사원 김동우 신입사원 김차돌 신입사원 드미트리 리춘미(중국) 세키 죠지(일본) 2024년도 신입/경력사원 공개채용 회사 엔지니어링 모집 부분 해석부문 실험부문 Project Management 소음음진부분 시스템성능개발부문 제어시스템개발부문 부품설계부문 차량제어성능실험 시스템성능&제어개발 부품시스템개발부문 채용 기간 2023-11-06 00:00 ~ 2023-11-14 23:30 공고 게시일 2023-11-03 첨부파일 <자트코코리아 인사팀에서 알려드립니다> 자트코코리아에서는 지원자분들의 이해를 높이기 위해서 온라인 회사설명회를 개최할 예정입니다. 실시 예정일은 11월 10일(금) 14시부터이며, 신청해 주신분들을 대상으로 접속 방법을 안내 드리겠습니다. 많은 신청 부탁드립니다. <신청방법> 온라인 회사설명회 신청은 마감되었습니다. 감사합니다. <인사담당자에게 질문하기> 대응가능시간 : 평일 10:00 - 17:00 목록으로 마감",,,,,,,,,,,,active,2026-03-01 18:28:31.919868,2026-03-01 18:28:31.919849,True
14,27,메가존 Careers - 채용 공고 메가존 Careers 채용 공고 페이지입니다.,https://xmukacmt.ninehire.site/job_posting,"회사 소개 AI 채용관 메가크루 채용 공고 Culture&People 자주 묻는 질문 메가존 Careers - 채용 공고 메가존 Careers 채용 공고 페이지입니다. 메가존 Careers - 채용 공고 메가존 Careers 채용 공고 페이지입니다. 메인 - 3 채용 프로세스 - 1 메가존얼라이언스 채용 프로세스 지원서 제출 1차 실무면접 2차 바레이저면접 3차 최종면접 입사조건검토 최종합격 * 필요 시 레퍼런스 체크, 인성검사가 진행 될 수 있습니다. 면접 절차 안내 - 1차 실무면접 : 지원하신 직무와 관련된 실무 역량 및 경험을 평가하는 단계입니다.- 2차 바레이저면접 : 당사의 핵심 가치와 문화 적합성 및 문제 해결 능력 등 종합적으로 평가합니다.- 3차 최종면접 : 경영진과의 면접을 통해 전반적인 역량 및 조직 적합성을 최종적으로 평가합니다. 우대사항 장애인 및 국가보훈대상자는 지원시 관련법에 의거하여 우대합니다. 참고사항 제출자료와 채용 프로세스 전반에서 허위사실이 발견될 경우 채용이 취소될 수 있습니다. 직무에 따라 전형 절차는 달라질 수 있습니다. 서류접수 후, 서류합격자에 한하여 별도 안내를 드리고 있습니다. 포지션에 따라 전형 절차가 상이할 수 있습니다. 주 근무지는 과천 본사이며, 사업부서에 따라 상세 근무지가 달라질 수 있습니다. 해외 여행 시 결격사유가 없어야 합니다. 채용절차의 공정화에 관한 법률(제11조) 최종 합격자를 제외한 구직자는 채용 여부 확정일 이후 14일 이내에 기 제출한 채용 서류의 반환을 청구할 수 있습니다. 다만, 당사 채용 홈페이지 또는 전자우편으로 제출된 전자 채용 서류 및 구직자가 당사의 요구 없이 자발적으로 제출한 서류는 반환 청구 대상에서 제외되며, 천재지변이나 그 밖에 당사에게 책임 없는 사유로 채용 서류가 멸실된 경우에는 반환한 것으로 봅니다. 채용 서류 반환 청구를 희망하는 구직자는 당사 이메일(recruit@mz.co.kr)로 신청 부탁드립니다. 반환 기간이 도과된 채용 서류는 당사 개인정보 보유기간 동안 보관되며, 이후 개인정보보호법에 따라 파기될 예정입니다. 제목 없음 우측 태그버튼을 클릭하여 자세한 직군을 선택해보세요. 채용 공고 회사 소개 AI 채용관 메가크루 채용 공고 Culture&People 자주 묻는 질문 KR Created by",,장애인 및 국가보훈대상자는 지원시 관련법에 의거하여 우대합니다. 참고사항 제출자료와 채용 프로세스 전반에서 허위사실이 발견될 경우 채용이 취소될 수 있습니다. 직무에 따라,"는 달라질 수 있습니다. 서류접수 후, 서류합격자에 한하여 별도 안내를 드리고 있습니다. 포지션에 따라",,,,,,,,,active,2026-03-01 18:28:33.455294,2026-03-01 18:28:33.455275,True
15,27,메가존 Careers - 채용 홈페이지 메가존 Careers 채용 홈페이지입니다,https://xmukacmt.ninehire.site/airecruit,"회사 소개 AI 채용관 메가크루 채용 공고 Culture&People 자주 묻는 질문 메가존 Careers - 채용 홈페이지 메가존 Careers 채용 홈페이지입니다 메가존 Careers - 채용 홈페이지 메가존 Careers 채용 홈페이지입니다 main 1 AI Native 시대를 이끄는 메가존클라우드의 여정에 함께할 도전적인 AI 인재를 찾습니다. 메가존클라우드는 기술과 데이터에 인재들의 열정과 역량을 더해 고객&middot;파트너와 함께 더 나은 미래를 만들어갑니다. AI Native 기업으로 끊임없이 혁신 중인 메가존클라우드에서 잠재력을 마음껏 펼칠 메가크루를 기다립니다. how we work 빠르게 진화하는 기술의 중심에서, 메가존클라우드는 AI와 함께 신뢰를 설계합니다. 메인 직무 RECRUIT AI 메인 직무 모집 공고 섹션 AI 관련 직무 섹션 RECRUIT AI 관련 직무 섹션 Project Manager(AICC 구축 프로젝트 매니저) 지원하기 Project Manager(서비스나우) 지원하기 Project Manager(ITO 서비스) 지원하기 ERP FCM 담당자 지원하기 PI기획팀장 지원하기 ERP SD 담당자 지원하기 채용 절차 메가존얼라이언스 채용 프로세스 지원서 제출 1차 실무면접 바레이저면접 2차 실무면접 오퍼레터 최종합격 * 필요 시 레퍼런스 체크가 진행될 수 있습니다. 면접 절차 안내 - 1차 실무면접 : 지원하신 직무와 관련된 실무 역량 및 경험을 평가하는 단계입니다.- 바레이저면접 : 당사의 핵심 가치와 문화 적합성 및 문제 해결 능력 등 종합적으로 평가합니다.- 2차 실무면접 : 경영진과의 면접을 통해 전반적인 역량 및 조직 적합성을 최종적으로 평가합니다. 참고사항 제출자료와 채용 프로세스 전반에서 허위사실이 발견될 경우 채용이 취소될 수 있습니다. 직무에 따라 전형 절차는 달라질 수 있습니다. 서류접수 후, 서류합격자에 한하여 별도 안내를 드리고 있습니다. 포지션에 따라 전형 절차가 상이할 수 있습니다. 주 근무지는 과천 본사이며, 사업부서에 따라 상세 근무지가 달라질 수 있습니다. 해외 여행 시 결격사유가 없어야 합니다. 제목없음 FAQ 자주 묻는 질문 지원 시 유의사항이 있나요? 지원 공고 별, 필수사항과 우대사항 그리고 업무내용을 꼭 읽어보고 지원해주시면 좋습니다! 직무에 따라 일부 포지션은 포트폴리오를 요청할 수 있어요. 제출자료와 채용 프로세스 전반에서 허위사실이 반결될 경우 채용이 취소될 수 있으며, 직무에 따라 전형 절차는 조금씩 다를 수 있음을 참고해주세요! 지원서 제출 후에 추가로 서류를 업데이트 하고 싶어요! 어떻게 하면 될까요? 지원서 제출 완료 후 추가 서류 업데이트를 원하시면 언제든 나인하이어 카카오톡 채팅창 OR recruit@mz.co.kr 메일로 메시지를 보내주세요! 메일로 제출해주실 땐, 지원하신 포지션 명과 이름을 꼭 같이 전달해주세요. 지원서가 정상적으로 제출되었는지 알고 싶어요! 서류 지원 후 접수가 완료되었다는 나인하이어 카카오톡 메시지 OR 안내 메일을 받으셨다면, 정상적으로 제출된 것이니 걱정하지 않으셔도 괜찮아요. 혹시 문자나 이메일을 받지 못하였다면, 인사팀 채용파트 메일(recruit@mz.co.kr)로 문의해 주세요! 서류 합격 결과는 어떻게 알 수 있나요? 서류 발표는 합격자에 한하여 별도로 안내를 드리고 있습니다. 서류 검토는 가능한 1~2주 안으로 진행하고 있어요. 지원해주신 포지션의 실무 평가자분들께서 직접 검토를 해드리고 있습니다. 지원서가 인입된 순서대로 순차적인 검토가 진행되고 있다보니 결과가 조금씩 지연되는 경우도 있어요. 따라서 궁금하신점은 recruit@mz.co.kr 로 문의주시면 답변드릴 수 있도록 하겠습니다! 면접합격 이후 프로세스는 어떻게 진행이 되나요? 최종 면접까지 합격하면, 처우 확인을 위한 자료 요청 및 처우 협의 후 입사일 조율을 진행합니다. 입사일이 확정되면 협의된 처우와 함께 오퍼레터를 발송드리고 있어요. 오퍼레터 서명까지 완료 해주시면 마지막으로 최종합격 메일을 발송드리면서 프로세스가 종료됩니다 😆 banner 지금 우리의 여정에 합류하세요! 채용 공고 바로가기 ↗︎ 회사 소개 AI 채용관 메가크루 채용 공고 Culture&People 자주 묻는 질문 KR Created by",,"그리고 업무내용을 꼭 읽어보고 지원해주시면 좋습니다! 직무에 따라 일부 포지션은 포트폴리오를 요청할 수 있어요. 제출자료와 채용 프로세스 전반에서 허위사실이 반결될 경우 채용이 취소될 수 있으며, 직무에 따라","는 달라질 수 있습니다. 서류접수 후, 서류합격자에 한하여 별도 안내를 드리고 있습니다. 포지션에 따라",,,,,,,,,active,2026-03-01 18:28:33.797162,2026-03-01 18:28:33.797144,True
16,11,지원안내,http://recruit.jatco.co.kr/main.do,"지원안내 공지사항 채용절차 캠퍼스 리쿠르팅 FAQ 신입사원 김동우 신입사원 김차돌 신입사원 드미트리 리춘미(중국) 세키 죠지(일본) 지원서 작성 및 합격자 발표 당사 홈페이지에 온라인으로 지원서를 작성하여 제출해 주십시오. E-mail 및 우편접수는 하지 않고 있습니다. 채용기간 중 접수하신 지원서는 수정이 가능합니다. 유선 및 이메일, 홈페이지로 개별통보가 이루어집니다. 1차 서류전형 2차 면접 2차 면접은 모집부문에 따라 그룹 토론면접 또는 실무진 면접으로 진행되며, 전반적인 스킬과 역량 중심의 질의응답으로 이루어집니다. 3차 최종면접 외국어를 통한 글로벌 역량, 성장 가능성 등 포괄적인 질의응답이 중심이 되며, 면접 전 과정이 외국어(영어, 혹은 일어)로 이루어집니다. 채용 2/3차 면접결과는 유선 및 이메일, 홈페이지로 연락드리게 되오며, 입사일 조정을 거쳐 최종 입사하게 됩니다. 수습기간은 3개월이며, 급여는 100% 지급됩니다. 졸업증명서, 성적증명서, 어학성적표 등의 서류는 최종 입사 후에 수령하고 있으며, 지원서상의 내용과 다를 경우, 채용이 전면 취소되오니 유념하시기 바랍니다.",,,,,,,,,,,,active,2026-03-01 18:28:34.014464,2026-03-01 18:28:34.014437,True
17,36,우리의 문화,https://megazone.digital/recruitment/ourculture/index,"메가존.디지털 다움 : 사람을 위한 기술의 끊임없는 고민 열린 소통 열린 대화를 장려하고 서로에게서 끊임없이 배우고자 합니다. 주도적 업무 수행 치열하게 고민하고 스스로 몰입하며 주도적으로 일합니다. 넓은 사고방식 항상 유연하게, 한발 앞서 생각하고 좀 더 넓게 보려는 노력을 게을리하지 않습니다. 메가크루 베네핏 메가크루는 메가존을 상징하는 ‘메가(Mega)’와 공통된 목적을 위해 모인 집단을 뜻하는 ‘크루(Crew)’을 붙여 ‘메가존 사람들’을 나타냅니다. 메가크루의 가족은 메가존.디지털의 가족 각종 경조사 지원, 모성보호 제도 운영 메가크루의 성장을 위한 폭넓은 지원 임직원(+가족) 대상의 학점은행제, 전자도서관, 교육/세미나 신청 도서 구매 지원 자유롭게 사용하는 메가크루 행복자금 연 100만 원의 복지비 일하기 편안한 환경 제공 공기청정기, 서브 와이드 모니터 등 최신식 장비 지원 메가크루라면 명예롭고 당당하게 외부 근무지 업무 수행 시 명예수당 지원 메가크루를 위한 기분 좋은 배려 개인형 법인카드, 사내 카페테리아, 시간단위 연차 사용 지친 메가크루를 위한 Refresh 지정 리조트 직원 할인 혜택 생일 특별 휴가 제공 메가존.디지털 첫 걸음은 Buddy와 함께 새로운 구성원을 환영하고 도와주는 멘토-멘티 개념의 Buddy 프로그램 입사를 환영하는 Welcome-Kit 제공 메가크루의 건강한 체력은 국력 제휴 치과 할인 3년 이상 근속자 건강 검진 비용 지원 프로젝트, 파트너십, 입사지원, 기타 문의가 있으시면, 지금 바로 메가존.디지털에 연락하세요. 메가존 회사소개서를 다운로드 하시겠습니까? (Wi-Fi 환경이 아닌 경우, 가입하신 요금제에 따라 통화료가 발생할 수 있습니다.)",,,,,,,,,,,,active,2026-03-01 18:28:36.116709,2026-03-01 18:28:36.116682,True
18,38,People & Culture,https://itcen.com/empmn/culture/page.do,"People & Culture ITCEN GROUP ITCEN FAMILY 제품/서비스 인사이트 지속가능경영 뉴스룸 채용 People & Culture 채용정보 채용공고 창의, 열정, 봉사의 그룹 핵심가치에 기반해 개인의 개성과 다양성을 존중하며 창의적인 인재를 육성합니다. 지원하기 People & Culture 채용정보 안내 인재상 Creativity 다양한 시각과 열린 마음으로 기존 업무방식을 과감히 혁신하고, 지속적인 학습으로 새로운 가치개발을 위해 노력하는 인재 Energy 목표달성을 향하여 끊임없이 노력하고, 당면과제의 적극적인 해결을 위해 책임감 있게 업무에 최선을 다하는 인재 National Service 고객에 대한 자발적 행동으로 진심이 담긴 서비스를 제공하며, 나눔을 통한 사회 기여를 할 수 있도록 노력하는 인재 Core Perspective Credibility 신뢰할 수 있는 리더 축적된 경험과 전문화된 지식으로 고객의 디지털 전환을 가속하며 고객과의 신뢰를 리드합니다. Evolution 혁신적인기술 시장에 대한 폭 넓은이해를 통해 끊임없이 기술 진화를 실현하며 시장을 새롭게 혁신합니다. Next Value 지속 가능한 가치 복잡한 고객 니즈에 맞춰 새로운 경험을 구현하고 기업의 지속 가능한 시너지 창출을 통해미래가치를 발굴합니다. Culture People Life 워라벨 유연한 근무제도로 삶과 업무의 균형을 지원합니다. 유연근무제도 선택적 근로시간제를 도입하여 업무에 따라 근로시간을 자유롭게 설정할수 있어요 Family Day 운영 매월 2, 4번 째 금요일은 1시간 조기 퇴근해서 가족들과 즐거운 시간을 보낼 수 있도록 지원해요 휴양시설 운영 전국 각지에 있는 휴양소를 활용해 직원들의 Refresh를 지원해요 가족친화제도 가족 돌봄 휴직, 육아휴직, 임시 육아기 단축근무 제도를 운영해요 단체 휴무일 운영 징검다리 연휴를 단체 휴무일로 지정하여 직원들의 휴식을 지원해요 생활지원 편리한 일상을 위해 다양한 생활 복지 혜택을 제공합니다. 복지포인트 제도 쇼핑, 여행, 문화, 운동 등 자유롭게 쓸 수 있는 복지포인트 제도를 운영해요 통신비 지원 직군별 / 근무형태별로 매월 통신비를 지원해요 경조사 지원 경조사 발생 시 경조금과 경조 휴가를 지급해요 학자금 지원제도 고등학생, 대학생 자녀가 있는 임직원을 대상으로 분기별 교육비를 지원해요 내일채움공제 운영 사업기준을 충족하는 신입사원들을 대상으로 목돈 마련에 힘을 보태요 퇴직 연금 제도 임직원의 퇴직금 보호 및 관리를 위해 퇴직 연금에 가입했어요 명절 상여 지원 직원들의 행복한 명절 연휴를 응원하며 명절 상여를 年 2회 지급해요 보육수당 지원 5~7세 자녀를 양육하는 직원에게 자녀 수 제한 없이 수당을 지급해요 인센티브 제도 운영 성과가 있는 곳에 보상을! 수익을 직원들과 함께 나눠요 사내 카페 운영 그룹 내 장애인 표준사업장 '카페드센'을 통해 맛있는 음료를 저렴하게 이용할 수 있어요 건강 검진 지원 직급에 따른 건강검진을 지원하며, 복지포인트를 활용한 할인 혜택을 적용해요 육성지원 다양한 교육 프로그램으로 빠른 업무 적응과 역량 강화를 지원합니다. 우수 사원 포상 근무 성과가 우수하고 모범이 되는 직원은 포상금을 받아요 역량 개발 제도 개인별 자기주도적 경력개발을 위한 CDP(Career Development Plan) 제도를 시행해요 멘토링 프로그램 신입사원의 빠른 업무적응과 조직문화 내재화를 위해 밀착형 멘토 프로그램을 시행해요 Fast Track 운영 승진 포인트제도를 운영하여 고성과자들의 빠른 승진을 보장해요 자격 취득 축하금 지원 직무 유관 자격 취득에 필요한 비용을 지원해요 직무 전문가 보상 Cloud Expert제도, Architect Expert제도, PM등급 인증제도를 운영하며 직무전문가로 성장 시 직무 수당을 지급해요 사내 추천제도 회사 성장에 필요한 인력을 추천하여 입사할 경우 인재 추천 장려금을 지원해요 근무환경 쾌적한 업무 공간으로 일하기 좋은 환경을 조성합니다. 아이티센타워(과천) 아이티센타워(과천사옥) 피트니스센터(B1) 카페드센(1층/로비, 2호점) 다이닝라운지(2층) 제안센터/교육장(3층) 그랜드홀(15층) 아이티센빌딩(서초) 아이티센빌딩(서초사옥) 전산센터(B1층) 카페드센(1층) 거점오피스(2층) 하늘공원(7층) 알림",,,,"건강검진, 교육비",,,,,,,,active,2026-03-01 18:28:37.550551,2026-03-01 18:28:37.550532,True
19,39,원하는 인재상,http://www.cstlab.co.kr/page/sub4_1,"인재채용 원하는 인재상 열정과 책임감을 가지고 함께 성장하며 즐겁게 일할 유능한 인재를 모집하고 있습니다. 모집분야 근무조건 근무형태 : 정규직 (신입사원은 수습기간 3개월) 근무일시 : 주 5일 (09:00 ~ 18:00) 우대사항: 전기 / 전자 / 정보통신 관련 전공자, KS Q ISO/IEC 17025 및 측정불확도 교육 이수, 합격자 복리후생 성과급 식사제공 유류비 지원 기숙사 지원 경조사 지원 기념일 선물(생일, 명절) 업무 관련 교육비 지원 퇴직연금 4대 보험 채용절차 채용문의 Tel : 031-493-2001 / E-mail : webmaster@cstlab.co.kr",,"전기 / 전자 / 정보통신 관련 전공자, KS Q ISO/IEC 17025 및 측정불확도 교육 이수, 합격자",,교육비,,,정규직,,,,,active,2026-03-01 18:28:37.750457,2026-03-01 18:28:37.750435,True
20,38,People & Culture,https://itcen.com/empmn/info/page.do,"People & Culture ITCEN GROUP ITCEN FAMILY 제품/서비스 인사이트 지속가능경영 뉴스룸 채용 People & Culture 채용정보 채용공고 정기 공채와 수시 채용을 통해 인재를 선발합니다. 다양한 IT 분야의 전문가들과 함께 당신의 꿈을 펼쳐보세요. 지원하기 People & Culture 채용정보 안내 채용 절차 안내 신입 STEP 01 서류전형 STEP 02 면접전형 STEP 03 인적성 & 역량평가 STEP 04 채용확정교육 STEP 05 채용검진 STEP 06 최종입사 경력 STEP 01 서류전형 STEP 02 1차 면접(실무) STEP 03 2차 면접(임원, 필요시 진행) STEP 04 채용검진 STEP 05 최종입사 Key Point 직군에 따라 필요한 역량이 다르기 때문에 세부적인 전형 프로세스에는 약간의 차이가 있습니다. 신입 개발직은 그룹 공채로 진행되며 직무 이해도 및 기초자질 검증에 초점을 두고 전형을 운영합니다. 전형 합격자를 대상으로 채용확정교육을 실시하여 당사에 필요한 직무 역량을 Skill-Up할 수 있는 기회를 부여하며, 교육 수료 후 각 법인별 채용 수요에 따라 인력을 배정하는 채용 프로세스가 진행됩니다. 일반직 및 경력 개발직은 부서별 채용 수요에 따라 상시 채용을 진행하고 있으며, 직무 능력 검증 및 성과 창출 가능성에 중점을 두어 전형을 진행합니다. 채용 절차 Q&A 구분 상세내용 더보기 알림",,,"안내 신입 STEP 01 서류전형 STEP 02 면접전형 STEP 03 인적성 & 역량평가 STEP 04 채용확정교육 STEP 05 채용검진 STEP 06 최종입사 경력 STEP 01 서류전형 STEP 02 1차 면접(실무) STEP 03 2차 면접(임원, 필요시 진행) STEP 04 채용검진 STEP 05 최종입사 Key Point 직군에 따라 필요한 역량이 다르기 때문에 세부적인 전형 프로세스에는 약간의 차이가 있습니다. 신입 개발직은 그룹 공채로 진행되며 직무 이해도 및 기초자질 검증에 초점을 두고 전형을 운영합니다. 전형 합격자를 대상으로 채용확정교육을 실시하여 당사에 필요한 직무 역량을 Skill-Up할 수 있는 기회를 부여하며, 교육 수료 후 각 법인별 채용 수요에 따라 인력을 배정하는 채용 프로세스가 진행됩니다. 일반직 및 경력 개발직은 부서별 채용 수요에 따라 상시 채용을 진행하고 있으며, 직무 능력 검증 및 성과 창출 가능성에 중점을 두어 전형을 진행합니다.",,,,,,,,,active,2026-03-01 18:28:38.373779,2026-03-01 18:28:38.373748,True
21,44,채용 | kt cloud,https://career.ktcloud.com/faq.html,"FAQ 자격요건 지원서 작성 전형 정보 기타 연령, 학력, 경력 등에 제한이 있나요? 신입사원은 4년제 학사 이상(졸업예정 포함)이라면 지원할 수 있으며, 나이와 경력에는 제한이 없습니다. 경력사원은 나이와 학력 제한이 없으며, 필요한 경력 기간은 직무마다 다르니 채용 공고를 확인해 주세요. 전공, 학점, 공인어학점수에 제한이 있나요? 지원 시 전공, 학점이나 공인어학점수 기준은 별도로 두고 있지 않습니다. 따라서 일정 학점이나 어학점수가 없어도 지원 가능합니다. 다만, 직무 특성에 따라 관련 전공이나 어학 능력은 우대 요건으로 적용될 수 있으니, 세부 사항은 채용 공고를 꼭 확인해 주세요. KT그룹 계열사와 중복 지원이 가능한가요? KT그룹 계열사와의 중복지원을 제한하고 있지 않습니다. 다만 타 그룹사의 지원 요건은 상이할 수 있으니, 지원하시는 채용 공고를 확인해 주시기 바랍니다. kt cloud의 다른 채용 공고와 중복 지원이 가능한가요? kt cloud에서 동시에 진행 중인 여러 채용 공고에는 중복 지원할 수 없습니다. 지원자는 한 번에 하나의 공고에만 지원할 수 있으며, 추후 다른 공고가 열리면 다시 지원하실 수 있습니다. 외국인도 지원 가능한가요? 네, 국적에 관계없이 지원 가능합니다. 다만, 입사 시 취업에 필요한 비자 등 법적 요건을 충족해야 합니다. 면접은 원칙적으로 한국어로 진행되니 참고해주세요. 최종 제출 후 지원서 수정, 제출 취소가 가능한가요? 최종 제출 후에는 지원서를 수정 및 취소할 수 없습니다. 제출 전에 반드시 신중히 확인한 뒤 제출해 주세요. 접수 마감 후 제출한 지원서를 열람할 수 있나요? 접수 마감 후에는 지원서를 확인할 수 없습니다. 마감 전에 반드시 저장 및 제출 여부를 확인해 주세요. 지원서가 정상적으로 제출되었는지 확인 가능한가요? 지원서 제출이 완료되면 기재하신 이메일 주소로 접수 완료 메일이 발송됩니다. 메일을 확인해 주시기 바라며, 메일을 받지 못한 경우에는 KT그룹 채용 홈페이지 1:1문의를 통해 문의해 주세요. 지원서 작성 중 오류가 발생한 경우 어떻게 해야 하나요? 지원서 작성 중 오류가 발생하면 KT그룹 채용 홈페이지의 1:1문의 메뉴를 통해 문의해 주시기 바랍니다. 확인 후 빠르게 안내드리겠습니다. 지원했는데 진행 중 공고 목록에서 조회되지 않습니다. 영입이 종료된 건가요? 공고 진행 상태에 따라 시스템에서 일시적으로 조회되지 않거나 표시 방식이 달라질 수 있습니다. 이는 지원서 제출 여부와 무관하니 걱정하지 않으셔도 됩니다. 지원서가 정상 제출된 경우, 서류 검토 후 결과를 기재하신 이메일로 안내드리니 메일을 확인해 주세요. 만약 접수 완료 메일을 받지 못했거나 오류가 계속될 경우에는 KT그룹 채용 홈페이지 1:1문의를 통해 문의해 주시기 바랍니다. 면접 참가확인서를 받으려면 어떻게 해야 하나요? 면접 참가확인서가 필요하신 경우, KT그룹 채용 홈페이지의 1:1문의 메뉴를 통해 요청해 주시기 바랍니다. 확인 후 발급 방법을 안내해 드립니다. 개인적인 사정으로 인하여 전형을 중도에 포기할 경우, 추후 지원 관련 불이익이 있나요? 전형을 중도에 포기하실 경우, 해당 전형은 자동 불합격 처리되지만 추후 다른 채용 공고 지원시 불이익은 없습니다. 면접 복장을 어떻게 입어야 하나요? 면접 복장에 대한 별도 규정을 두고 있지 않습니다. 단정하면서도 지원자님이 편안하게 면접을 응시하실 수 있는 복장을 선택해 주시면 좋습니다. 면접은 어떤 방식으로 진행되나요? 원칙적으로 대면 면접으로 진행되며, 필요 시 온라인(비대면)으로 전환될 수 있습니다. 또한, 일부 채용은 AI 면접이 포함될 수 있으니, 세부 전형 방식은 반드시 채용 공고를 확인해 주세요. 면접 일정 변경이 가능한가요? 면접 일정은 원칙적으로 변경이 불가합니다. 부득이한 사정이 있는 경우, 반드시 사전에 문의해 주세요. 전형 관련 피드백을 받을 수 있나요? 전형 결과는 내부 심사 기준에 따라 종합적으로 결정되며, 개별 피드백은 제공이 어렵습니다. 지원자분들의 양해 부탁드립니다. 전형 소요 기간은 얼마나 걸리나요? 전형별 일정은 채용 공고와 개별 안내에 따라 달라질 수 있습니다. 정기 채용의 경우, 서류전형부터 최종 합격 발표까지 일반적으로 약 6~10주 정도 소요됩니다. 다만, 상시채용의 경우에는 모집 직무와 시점에 따라 진행 기간이 더 길어질 수 있습니다. 코딩테스트는 어떤 형식으로 출제되나요? 코딩테스트는 직무에 따라 온라인 플랫폼을 통해 진행되며, 알고리즘 문제 풀이 또는 직무 관련 실무형 과제가 출제될 수 있습니다. 구체적인 출제 형식과 응시 방법은 채용 공고 및 안내 메일을 통해 별도로 안내드립니다. 합격/불합격 발표는 어떻게 하나요? 각 전형 결과는 합격 여부와 관계없이 모두 기재하신 이메일로 안내드립니다. 다만, 내부 사정에 따라 발표가 다소 지연될 수 있습니다. 결과 안내 메일은 전형 종료 후 순차적으로 발송되니 꼭 확인해 주시기 바랍니다. 입사 후 수습기간이 있나요? 공고에 별도 명시된 경우 수습기간이 적용되며, 명시되지 않은 경우에는 수습기간이 운영되지 않습니다. 연봉이나 처우는 어떻게 결정되나요? 연봉 및 처우는 회사 내규와 직무·경력·역량 등을 종합적으로 고려하여 개별 산정됩니다. 장애인·보훈대상자 우대가 있나요? 관련 법령에 따라 장애인 및 보훈대상자는 전형 과정에서 우대합니다. 계약직으로 입사할 경우 근무기간은 어떻게 되나요? 계약직의 최초 계약기간은 1년입니다. 다만, 프로젝트 계약직의 경우에는 프로젝트 기간에 따라 계약기간이 달라질 수 있습니다. 기타 궁금한 점은 어느 경로로 문의하면 되나요? KT그룹 채용 홈페이지 1:1문의를 통해 문의해 주시기 바랍니다. Top 이동","지원서 작성 전형 정보 기타 연령, 학력, 경력 등에 제한이 있나요? 신입사원은 4년제 학사 이상(졸업예정 포함)이라면 지원할 수 있으며, 나이와 경력에는 제한이 없습니다. 경력사원은 나이와 학력 제한이 없으며, 필요한 경력 기간은 직무마다 다르니 채용 공고를 확인해 주세요. 전공, 학점, 공인어학점수에 제한이 있나요? 지원 시 전공, 학점이나 공인어학점수 기준은 별도로 두고 있지 않습니다. 따라서 일정 학점이나 어학점수가 없어도 지원 가능합니다. 다만, 직무 특성에 따라 관련 전공이나 어학 능력은 우대 요건으로 적용될 수 있으니, 세부 사항은 채용 공고를 꼭 확인해 주세요. KT그룹 계열사와 중복 지원이 가능한가요? KT그룹 계열사와의 중복지원을 제한하고 있지 않습니다. 다만 타 그룹사의 지원 요건은 상이할 수 있으니, 지원하시는 채용 공고를 확인해 주시기 바랍니다. kt cloud의 다른 채용 공고와 중복 지원이 가능한가요? kt cloud에서 동시에 진행 중인 여러 채용 공고에는 중복 지원할 수 없습니다. 지원자는 한 번에 하나의 공고에만 지원할 수 있으며, 추후 다른 공고가 열리면 다시 지원하실 수 있습니다. 외국인도 지원 가능한가요? 네, 국적에 관계없이 지원 가능합니다. 다만, 입사 시 취업에 필요한 비자 등 법적 요건을 충족해야 합니다. 면접은 원칙적으로 한국어로 진행되니 참고해주세요. 최종 제출 후 지원서 수정, 제출 취소가 가능한가요? 최종 제출 후에는 지원서를 수정 및 취소할 수 없습니다. 제출 전에 반드시 신중히 확인한 뒤 제출해 주세요. 접수 마감 후 제출한 지원서를 열람할 수 있나요? 접수 마감 후에는 지원서를 확인할 수 없습니다. 마감 전에 반드시 저장 및 제출 여부를 확인해 주세요. 지원서가 정상적으로 제출되었는지 확인 가능한가요? 지원서 제출이 완료되면 기재하신 이메일 주소로 접수 완료 메일이 발송됩니다. 메일을 확인해 주시기 바라며, 메일을 받지 못한 경우에는 KT그룹 채용 홈페이지 1:1문의를 통해 문의해 주세요. 지원서 작성 중 오류가 발생한 경우 어떻게 해야 하나요? 지원서 작성 중 오류가 발생하면 KT그룹 채용 홈페이지의 1:1문의 메뉴를 통해 문의해 주시기 바랍니다. 확인 후 빠르게 안내드리겠습니다. 지원했는데 진행 중 공고 목록에서 조회되지 않습니다. 영입이 종료된 건가요? 공고 진행 상태에 따라 시스템에서 일시적으로 조회되지 않거나 표시 방식이 달라질 수 있습니다. 이는 지원서 제출 여부와 무관하니 걱정하지 않으셔도 됩니다. 지원서가 정상 제출된 경우, 서류 검토 후 결과를 기재하신 이메일로 안내드리니 메일을 확인해 주세요. 만약 접수 완료 메일을 받지 못했거나 오류가 계속될 경우에는 KT그룹 채용 홈페이지 1:1문의를 통해 문의해 주시기 바랍니다. 면접 참가확인서를 받으려면 어떻게 해야 하나요? 면접 참가확인서가 필요하신 경우, KT그룹 채용 홈페이지의 1:1문의 메뉴를 통해 요청해 주시기 바랍니다. 확인 후 발급 방법을 안내해 드립니다. 개인적인 사정으로 인하여 전형을 중도에 포기할 경우, 추후 지원 관련 불이익이 있나요? 전형을 중도에 포기하실 경우, 해당 전형은 자동 불합격 처리되지만 추후 다른 채용 공고 지원시 불이익은 없습니다. 면접 복장을 어떻게 입어야 하나요? 면접 복장에 대한 별도 규정을 두고 있지 않습니다. 단정하면서도 지원자님이 편안하게 면접을 응시하실 수 있는 복장을 선택해 주시면 좋습니다. 면접은 어떤 방식으로 진행되나요? 원칙적으로 대면 면접으로 진행되며, 필요 시 온라인(비대면)으로 전환될 수 있습니다. 또한, 일부 채용은 AI 면접이 포함될 수 있으니, 세부 전형 방식은 반드시 채용 공고를 확인해 주세요. 면접 일정 변경이 가능한가요? 면접 일정은 원칙적으로 변경이 불가합니다. 부득이한 사정이 있는 경우, 반드시 사전에 문의해 주세요. 전형 관련 피드백을 받을 수 있나요? 전형 결과는 내부 심사 기준에 따라 종합적으로 결정되며, 개별 피드백은 제공이 어렵습니다. 지원자분들의 양해 부탁드립니다. 전형 소요 기간은 얼마나 걸리나요? 전형별 일정은 채용 공고와 개별 안내에 따라 달라질 수 있습니다. 정기 채용의 경우, 서류전형부터 최종 합격 발표까지 일반적으로 약 6~10주 정도 소요됩니다. 다만, 상시채용의 경우에는 모집 직무와 시점에 따라 진행 기간이 더 길어질 수 있습니다. 코딩테스트는 어떤 형식으로 출제되나요? 코딩테스트는 직무에 따라 온라인 플랫폼을 통해 진행되며, 알고리즘 문제 풀이 또는 직무 관련 실무형 과제가 출제될 수 있습니다. 구체적인 출제 형식과 응시 방법은 채용 공고 및 안내 메일을 통해 별도로 안내드립니다. 합격/불합격 발표는 어떻게 하나요? 각 전형 결과는 합격 여부와 관계없이 모두 기재하신 이메일로 안내드립니다. 다만, 내부 사정에 따라 발표가 다소 지연될 수 있습니다. 결과 안내 메일은 전형 종료 후 순차적으로 발송되니 꼭 확인해 주시기 바랍니다. 입사 후 수습기간이 있나요? 공고에 별도 명시된 경우 수습기간이 적용되며, 명시되지 않은 경우에는 수습기간이 운영되지 않습니다. 연봉이나 처우는 어떻게 결정되나요? 연봉 및 처우는 회사 내규와 직무·경력·역량 등을 종합적으로 고려하여 개별 산정됩니다. 장애인·보훈대상자 우대가 있나요? 관련 법령에 따라 장애인 및 보훈대상자는 전형 과정에서 우대합니다. 계약직으로 입사할 경우 근무기간은 어떻게 되나요? 계약직의 최초 계약기간은 1년입니다. 다만, 프로젝트 계약직의 경우에는 프로젝트 기간에 따라 계약기간이 달라질 수 있습니다. 기타 궁금한 점은 어느 경로로 문의하면 되나요? KT그룹 채용 홈페이지 1:1문의를 통해 문의해 주시기 바랍니다. Top 이동","요건으로 적용될 수 있으니, 세부 사항은 채용 공고를 꼭 확인해 주세요. KT그룹 계열사와 중복 지원이 가능한가요? KT그룹 계열사와의 중복지원을 제한하고 있지 않습니다. 다만 타 그룹사의 지원 요건은 상이할 수 있으니, 지원하시는 채용 공고를 확인해 주시기 바랍니다. kt cloud의 다른 채용 공고와 중복 지원이 가능한가요? kt cloud에서 동시에 진행 중인 여러 채용 공고에는 중복 지원할 수 없습니다. 지원자는 한 번에 하나의 공고에만 지원할 수 있으며, 추후 다른 공고가 열리면 다시 지원하실 수 있습니다. 외국인도 지원 가능한가요? 네, 국적에 관계없이 지원 가능합니다. 다만, 입사 시 취업에 필요한 비자 등 법적 요건을 충족해야 합니다. 면접은 원칙적으로 한국어로 진행되니 참고해주세요. 최종 제출 후 지원서 수정, 제출 취소가 가능한가요? 최종 제출 후에는 지원서를 수정 및 취소할 수 없습니다. 제출 전에 반드시 신중히 확인한 뒤 제출해 주세요. 접수 마감 후 제출한 지원서를 열람할 수 있나요? 접수 마감 후에는 지원서를 확인할 수 없습니다. 마감 전에 반드시 저장 및 제출 여부를 확인해 주세요. 지원서가 정상적으로 제출되었는지 확인 가능한가요? 지원서 제출이 완료되면 기재하신 이메일 주소로 접수 완료 메일이 발송됩니다. 메일을 확인해 주시기 바라며, 메일을 받지 못한 경우에는 KT그룹 채용 홈페이지 1:1문의를 통해 문의해 주세요. 지원서 작성 중 오류가 발생한 경우 어떻게 해야 하나요? 지원서 작성 중 오류가 발생하면 KT그룹 채용 홈페이지의 1:1문의 메뉴를 통해 문의해 주시기 바랍니다. 확인 후 빠르게 안내드리겠습니다. 지원했는데 진행 중 공고 목록에서 조회되지 않습니다. 영입이 종료된 건가요? 공고 진행 상태에 따라 시스템에서 일시적으로 조회되지 않거나 표시 방식이 달라질 수 있습니다. 이는 지원서 제출 여부와 무관하니 걱정하지 않으셔도 됩니다. 지원서가 정상 제출된 경우, 서류 검토 후 결과를 기재하신 이메일로 안내드리니 메일을 확인해 주세요. 만약 접수 완료 메일을 받지 못했거나 오류가 계속될 경우에는 KT그룹 채용 홈페이지 1:1문의를 통해 문의해 주시기 바랍니다. 면접 참가확인서를 받으려면 어떻게 해야 하나요? 면접 참가확인서가 필요하신 경우, KT그룹 채용 홈페이지의 1:1문의 메뉴를 통해 요청해 주시기 바랍니다. 확인 후 발급 방법을 안내해 드립니다. 개인적인 사정으로 인하여 전형을 중도에 포기할 경우, 추후 지원 관련 불이익이 있나요? 전형을 중도에 포기하실 경우, 해당 전형은 자동 불합격 처리되지만 추후 다른 채용 공고 지원시 불이익은 없습니다. 면접 복장을 어떻게 입어야 하나요? 면접 복장에 대한 별도 규정을 두고 있지 않습니다. 단정하면서도 지원자님이 편안하게 면접을 응시하실 수 있는 복장을 선택해 주시면 좋습니다. 면접은 어떤 방식으로 진행되나요? 원칙적으로 대면 면접으로 진행되며, 필요 시 온라인(비대면)으로 전환될 수 있습니다. 또한, 일부 채용은 AI 면접이 포함될 수 있으니, 세부 전형 방식은 반드시 채용 공고를 확인해 주세요. 면접 일정 변경이 가능한가요? 면접 일정은 원칙적으로 변경이 불가합니다. 부득이한 사정이 있는 경우, 반드시 사전에 문의해 주세요. 전형 관련 피드백을 받을 수 있나요? 전형 결과는 내부 심사 기준에 따라 종합적으로 결정되며, 개별 피드백은 제공이 어렵습니다. 지원자분들의 양해 부탁드립니다. 전형 소요 기간은 얼마나 걸리나요? 전형별 일정은 채용 공고와 개별 안내에 따라 달라질 수 있습니다. 정기 채용의 경우, 서류전형부터 최종 합격 발표까지 일반적으로 약 6~10주 정도 소요됩니다. 다만, 상시채용의 경우에는 모집 직무와 시점에 따라 진행 기간이 더 길어질 수 있습니다. 코딩테스트는 어떤 형식으로 출제되나요? 코딩테스트는 직무에 따라 온라인 플랫폼을 통해 진행되며, 알고리즘 문제 풀이 또는 직무 관련 실무형 과제가 출제될 수 있습니다. 구체적인 출제 형식과 응시 방법은 채용 공고 및 안내 메일을 통해 별도로 안내드립니다. 합격/불합격 발표는 어떻게 하나요? 각 전형 결과는 합격 여부와 관계없이 모두 기재하신 이메일로 안내드립니다. 다만, 내부 사정에 따라 발표가 다소 지연될 수 있습니다. 결과 안내 메일은 전형 종료 후 순차적으로 발송되니 꼭 확인해 주시기 바랍니다. 입사 후 수습기간이 있나요? 공고에 별도 명시된 경우 수습기간이 적용되며, 명시되지 않은 경우에는 수습기간이 운영되지 않습니다. 연봉이나 처우는 어떻게 결정되나요? 연봉 및 처우는 회사 내규와 직무·경력·역량 등을 종합적으로 고려하여 개별 산정됩니다. 장애인·보훈대상자 우대가 있나요? 관련 법령에 따라 장애인 및 보훈대상자는 전형 과정에서 우대합니다. 계약직으로 입사할 경우 근무기간은 어떻게 되나요? 계약직의 최초 계약기간은 1년입니다. 다만, 프로젝트 계약직의 경우에는 프로젝트 기간에 따라 계약기간이 달라질 수 있습니다. 기타 궁금한 점은 어느 경로로 문의하면 되나요? KT그룹 채용 홈페이지 1:1문의를 통해 문의해 주시기 바랍니다. Top 이동",,,,,계약직,,,,,active,2026-03-01 18:28:39.676941,2026-03-01 18:28:39.676905,True
22,44,kt cloud 채용,https://career.ktcloud.com/recruit.html,"kt cloud 로고 메뉴 버튼 메뉴 닫기 버튼 25년 신입 채용 Work Culture People FAQ Apply kt cloud 홈페이지 테크 블로그 2025.09.08(월) - 2025.09.24(수) 지원하러 가기 모집직무 * 모든 채용 전형은 직군 단위로 평가 가 진행되며, 입사 후 배치 분야는 전형 결과와 회사의 인력 수요, 적합도 등을 종합적으로 고려하여 최종 결정됩니다. IT 직군 Biz 직군 Engineering 직군 Staff 직군 IT 직군 SW개발 주요 수행업무 클라우드 서비스 개발 (Cloud Native, AI, DevOps분야) 대규모 웹 어플리케이션 및 서버 개발 클라우드 자동화 플랫폼 개발 우대사항 컴퓨터공학, 정보통신, AI 등 IT 관련 전공자 Cloud보안 주요 수행업무 Cloud 보안서비스 기획 및 상품화 Cloud 보안인프라 설계, 구축 및 운영 Cloud 보안서비스 Software 개발 및 자동화 우대사항 보안, 컴퓨터 공학 등 관련 전공자 IT인프라운영 주요 수행업무 사내 시스템 (그룹웨어, ERP 등) 구축 및 운영 사내 보안 시스템 운영 및 정보보호 체계 수립 우대사항 컴퓨터 공학, 정보보호 등 관련 전공자 Biz 직군 영업/컨설팅 주요 수행업무 Cloud 및 Data Center 사업 분야 영업/컨설팅 전략 수립 신규 시장 발굴 전략 수립 및 고객 맞춤형 서비스 제안 B2B 고객 관리, 신규 고객 확보, 제안서 작성 채널, 기술파트너 발굴 및 협업 기획 등 우대사항 Cloud/Data Center 사업에 대한 전반적인 이해 서비스 기획 및 보고서 작성 역량 비즈니스 영어 가능자 사업관리 주요 수행업무 Cloud 및 Data Center 사업계획 및 전략 수립 고객 요구사항 분석 및 사업 성과 관리 상품기획 및 출시, 사업 운영 관리 우대사항 Cloud/Data Center 사업에 대한 전반적인 이해 비즈니스 영어 가능자 Engineering 직군 DC 기술 주요 수행업무 DC운용 품질 향상 및 구축 프로세스 관리 DC 인프라에 대한 전반적인 운용 및 관리 우대사항 전기, 네트워크 관련 전공자 유관 자격증 보유 (전기, 냉동공조, 네트워크 등) Staff 직군 경영기획 주요 수행업무 Cloud/Data Center 시장 분석을 기반으로 한 사업전략 수립 전사 경영계획 수립 및 손익 관리 전사 매출, 비용 구조 분석 경영진 의사결정 지원 (회의체 관리, 보고서 작성 등) 기타 대내/외 커뮤니케이션 우대사항 경영학, 경제학, 통계학 관련 전공 Cloud/DataCenter 사업에 대한 전반적인 이해 모집전형 근무지 수도권(서울/경기) * 근무지는 당사 상황에 따라 변동될 수 있습니다. 지원자격 정규 4년제 대학 졸업자 또는 졸업예정자(2026년 2월) 해외여행 및 체류에 결격 사유가 없는 자 남성의 경우 병역필 또는 면제자 채용절차 서류전형 10월 AI역량검사 / AI면접 10월 통합 원데이면접 11월 채용검진 12월 입사 1월 IT직군의 경우 AI역량검사/AI 면접 전형 시 코딩테스트가 포함되어 있습니다. 상기 전형 및 세부 일정은 상황에 따라 변동될 수 있으며, 전형별 대상자에게 별도 공지 예정입니다. 모집기간 ‘25년 9월 8일(월) ~ 9월 24일(수) 17:00 까지 주의사항 본 채용은 직군 단위로 평가 가 진행되며, 1개의 직군을 선택하여 지원하실 수 있습니다. 직군 내 선택하신 세부 분야는 지원자의 관심 및 희망을 확인하기 위한 참고용이며, 실제 배치 부서는 당사 인력 계획에 따라 결정됩니다. 접수 마감 이후에는 지원서 조회가 불가 하오니, 최종 제출 전 입사지원서를 반드시 저장하시기 바랍니다. KT그룹 계열사 간 중복지원이 가능합니다. (단, kt cloud의 타 채용 공고와 중복지원 불가) 입사지원서 기재사항이 허위로 판명되거나 채용 청탁 등 채용과 관련하여 부정행위가 확인될 경우 합격 또는 채용이 취소되며, 향후 kt cloud 채용에 응시할 수 없습니다. 접수 마감 시간에는 접속 인원이 증가할 수 있으니, 사전에 지원서를 제출해 주시기 바랍니다. 학력, 자격, 어학, 수상, 경력 등은 증빙 가능한 서류가 있는 경우에만 입력하시기 바랍니다. 본 채용의 최종 합격자에게는 학위나 경력에 관계없이 동일한 신입사원 처우를 제공합니다. 장애인 및 국가보훈 대상자는 관련 법령에 의거하여 우대합니다. 채용 오픈채팅 상담회 채용담당자에게 궁금한 점을 물어보세요! 2025.09.18(목) 15:00~16:00 참여방법 카카오톡오픈채팅방 “kt cloud 2025년 신입사원 채용 상담회” 검색 참여코드: 신입사원 지원 접수 마감일 6자리 (ex. 250101) 세션 시작시간 30분 전부터 입장 가능합니다. 오픈채팅 바로가기 지원 마감까지 00 일 00 시간 00 분 00 초 지원하러 가기 kt cloud 채용 자주 묻는 질문 kt cloud가 하는 일 더 알아보기 케클러가 일하는 문화 더 알아보기 케클러가 들려주는 업무, 성장 이야기 kt cloud 로고",,"컴퓨터공학, 정보통신, AI 등 IT 관련 전공자 Cloud보안 주요 수행업무 Cloud 보안서비스 기획 및 상품화 Cloud 보안인프라 설계, 구축 및 운영 Cloud 보안서비스 Software 개발 및 자동화 우대사항 보안, 컴퓨터 공학 등 관련 전공자 IT인프라운영 주요 수행업무 사내 시스템 (그룹웨어, ERP 등) 구축 및 운영 사내 보안 시스템 운영 및 정보보호 체계 수립 우대사항 컴퓨터 공학, 정보보호 등 관련 전공자 Biz 직군 영업/컨설팅 주요 수행업무 Cloud 및 Data Center 사업 분야 영업/컨설팅 전략 수립 신규 시장 발굴 전략 수립 및 고객 맞춤형 서비스 제안 B2B 고객 관리, 신규 고객 확보, 제안서 작성 채널, 기술파트너 발굴 및 협업 기획 등 우대사항 Cloud/Data Center 사업에 대한 전반적인 이해 서비스 기획 및 보고서 작성 역량 비즈니스 영어 가능자 사업관리 주요 수행업무 Cloud 및 Data Center 사업계획 및 전략 수립 고객 요구사항 분석 및 사업 성과 관리 상품기획 및 출시, 사업 운영 관리 우대사항 Cloud/Data Center 사업에 대한 전반적인 이해 비즈니스 영어 가능자 Engineering 직군 DC 기술 주요 수행업무 DC운용 품질 향상 및 구축 프로세스 관리 DC 인프라에 대한 전반적인 운용 및 관리 우대사항 전기, 네트워크 관련 전공자 유관 자격증 보유 (전기, 냉동공조, 네트워크 등) Staff 직군 경영기획 주요 수행업무 Cloud/Data Center 시장 분석을 기반으로 한 사업전략 수립 전사 경영계획 수립 및 손익 관리 전사 매출, 비용 구조 분석 경영진 의사결정 지원 (회의체 관리, 보고서 작성 등) 기타 대내/외 커뮤니케이션 우대사항 경영학, 경제학, 통계학 관련 전공 Cloud/DataCenter 사업에 대한 전반적인 이해 모집전형 근무지 수도권(서울/경기) * 근무지는 당사 상황에 따라 변동될 수 있습니다. 지원자격 정규 4년제 대학 졸업자 또는 졸업예정자(2026년 2월) 해외여행 및 체류에 결격 사유가 없는 자 남성의 경우 병역필 또는 면제자 채용절차 서류전형 10월 AI역량검사 / AI면접 10월 통합 원데이면접 11월 채용검진 12월 입사 1월 IT직군의 경우 AI역량검사/AI 면접 전형 시 코딩테스트가 포함되어 있습니다. 상기 전형 및 세부 일정은 상황에 따라 변동될 수 있으며, 전형별 대상자에게 별도 공지 예정입니다. 모집기간 ‘25년 9월 8일(월) ~ 9월 24일(수) 17:00 까지 주의사항 본 채용은 직군 단위로 평가 가 진행되며, 1개의 직군을 선택하여 지원하실 수 있습니다. 직군 내 선택하신 세부 분야는 지원자의 관심 및 희망을 확인하기 위한 참고용이며, 실제 배치 부서는 당사 인력 계획에 따라 결정됩니다. 접수 마감 이후에는 지원서 조회가 불가 하오니, 최종 제출 전 입사지원서를 반드시 저장하시기 바랍니다. KT그룹 계열사 간 중복지원이 가능합니다. (단, kt cloud의 타 채용 공고와 중복지원 불가) 입사지원서 기재사항이 허위로 판명되거나 채용 청탁 등 채용과 관련하여 부정행위가 확인될 경우 합격 또는 채용이 취소되며, 향후 kt cloud 채용에 응시할 수 없습니다. 접수 마감 시간에는 접속 인원이 증가할 수 있으니, 사전에 지원서를 제출해 주시기 바랍니다. 학력, 자격, 어학, 수상, 경력 등은 증빙 가능한 서류가 있는 경우에만 입력하시기 바랍니다. 본 채용의 최종 합격자에게는 학위나 경력에 관계없이 동일한 신입사원 처우를 제공합니다. 장애인 및 국가보훈 대상자는 관련 법령에 의거하여 우대합니다. 채용 오픈채팅 상담회 채용담당자에게 궁금한 점을 물어보세요! 2025.09.18(목) 15:00~16:00 참여방법 카카오톡오픈채팅방 “kt cloud 2025년 신입사원 채용 상담회” 검색 참여코드: 신입사원 지원 접수 마감일 6자리 (ex. 250101) 세션 시작시간 30분 전부터 입장 가능합니다. 오픈채팅 바로가기 지원 마감까지 00 일 00 시간 00 분 00 초 지원하러 가기 kt cloud 채용 자주 묻는 질문 kt cloud가 하는 일 더 알아보기 케클러가 일하는 문화 더 알아보기 케클러가 들려주는 업무, 성장 이야기 kt cloud 로고 COPYRIGHT kt cloud. ALL RIGHT RESERVED.",,,,서울,,,,,,active,2026-03-01 18:28:39.993718,2026-03-01 18:28:39.993696,True
23,56,개인정보처리방침,https://www.inzent.com/recruit_jobintro.php,"채용정보 인재상 복리후생 직무소개 FAQ 채용공고 내일을 함께할 IT Player 를 기다립니다 . 지원하고 싶은 분야를 선택해 주세요 . 개발 인젠트 IT Player 와 함께 하세요 . 디지털사업실 ECM사업팀 자사 솔루션(Xtorm 솔루션) 개발 외부/내부 프로젝트 수행(ECM 솔루션 기반) Web Service 또는 interface 개발 Data migration 자격 조건 Java, Web 개발자 - JSP, Java Script 우대사항 DB 및 WAS에 대한 기본적인 이해 PPR사업팀 Formula 솔루션 개발 - 솔루션 UI 및 Interface 모듈개발 - Java 기반 Unix용 전자서식 모듈 개발 Formula 솔루션 커스터마이징 전자서식 비즈니스 룰 관리 Core 개발 자격 조건 JSP, Java 웹 개발 경험 MFC, C++ 우대사항 Java JSP / C#, C++ 개발경험 퍼블리싱 가능자 금융사 PPR(전자창구) 구축 PJT경험 플랫폼사업실 iGate 사업팀 금융권 iGate 연계 사업 수행 - MCI/FEP 설계 및 구축 API G/W 사업 수행 - API G/W 설계 및 구축 iGate / APIM 기술지원 및 유지보수 자격 조건 Java, DBMS 필수 SQL 가능 우대사항 K8S이용 클라우드 개발 경험자 우대 프로토콜 (RESTful, SOCKET, SOAP, HTTP, HTTPs 등) 개발 경험자 우대 PM 가능자 우대 eCross 사업팀 eCross 사업팀 프로젝트 수행 - 데이터 연계/AP 연계 개발 - eCross 컴포넌트 및 제품 관련 모듈 개발 자격 조건 Java 개발자 SQL 가능 우대사항 K8S이용 클라우드 개발 경험자 우대 프로토콜 (RESTful, SOCKET, SOAP, HTTP, HTTPs 등) 개발 경험자 우대 PM 가능자 우대 APIM 사업팀 APIM 유지관리 및 개발 API G/W 거래생성 및 업무 연계 마이데이터, 오픈뱅킹 REST API 자격 조건 Java, HTTP Rest API, DBMS 필수 우대사항 HTML/ jQuery/ Vue.js/ React.js 우대 Digital Transfomation 이해자 우대 프로토콜 (RESTful, SOCKET, SOAP, HTTP, HTTPs 등) 개발 경험자 우대 문서중앙화 사업실 문서중앙화사업팀 자사 솔루션(XEDM 솔루션)사업 수행 기존 문서 migration Develop(자동화 프로그램 개발) 솔루션 개발 및 프로젝트 구축 관련 API 개발 문서중앙화 Filter 및 Plug-in 자격 조건 Java, jSP, 웹 개발 우대사항 퍼블리싱 가능자 우대 프로토콜 (RESTful, SOCKET, SOAP, HTTP, HTTPs 등) 개발 경험자 우대 문서중앙화 R&D XEDM Agent 웹뷰 화면 개발 XEDM 웹,관리자,모바일 화면 개발 SW52 사용자 프론트엔드 유지보수 개발 자격 조건 알고리즘,모바일 객체지향 설계 Vue.js 프레임워크 R&D Center eCross R&D EAI / ESB 기술을 바탕으로 한 미들웨어 솔루션 개발 이기종간의 데이터 전송을 위한 기술 개발 TCP, HTTP, SOAP, REST 등 다양한 메시지 처리를 위한 Gateway 개발 자격 조건 JAVA 필수 iGate R&D팀 솔루션 개발 프로젝트 기술지원 신기술 연구 자격 조건 Java / JavaScript / SQL 필수 MCI/EAI/FEP 개발 경험 우대사항 NoSQL(MongoDB) 개발 경험 우대 데이터 사업실 데이터사업1팀 PostgreSQL 유지보수 및 구축 프로젝트 수행 PostgreSQL DBMS Version release에 따른 R&D On-premise, Cloud 환경에서 eXperDB 구축 및 Migration 자격 조건 PostgreSQL 사용 가능 Oracle 사용 가능 우대사항 DBMS 관련 프로젝트 경험자 우대 DA, DBA 등 DBMS 관련 직무 경험자 우대 K8S이용 등 클라우드 경험자 우대 데이터사업2팀 PostgreSQL 유지보수 및 구축 프로젝트 수행 PostgreSQL DBMS Version release에 따른 R&D On-premise, Cloud 환경에서 eXperDB 구축 및 Migration 자격 조건 PostgreSQL 사용 가능 Oracle 사용 가능 우대사항 DBMS 관련 프로젝트 경험자 우대 DA, DBA 등 DBMS 관련 직무 경험자 우대 K8S이용 등 클라우드 경험자 우대 데이터플랫폼팀 솔루션 개발 및 유지보수, 모니터링 신규 개발, 클라우드 플랫폼 개발 솔루션 검증 및 프로세스 설계/ 개발지원, 제품관리 및 기술지원 신규 솔루션 개발 자격 조건 JAVA, DBMS 필수 Linux 환경 능숙 우대사항 K8S이용 클라우드 개발 경험자 우대 Golang, C/C++ 개발 가능자 우대 JS/SVG/Canvas 등 데이터 시각화 가능자 우대 지원하기 비개발 인젠트 IT Player 와 함께 하세요 . 지원하기",,"DB 및 WAS에 대한 기본적인 이해 PPR사업팀 Formula 솔루션 개발 - 솔루션 UI 및 Interface 모듈개발 - Java 기반 Unix용 전자서식 모듈 개발 Formula 솔루션 커스터마이징 전자서식 비즈니스 룰 관리 Core 개발 자격 조건 JSP, Java 웹 개발 경험 MFC, C++ 우대사항 Java JSP / C#, C++ 개발경험 퍼블리싱 가능자 금융사 PPR(전자창구) 구축 PJT경험 플랫폼사업실 iGate 사업팀 금융권 iGate 연계 사업 수행 - MCI/FEP 설계 및 구축 API G/W 사업 수행 - API G/W 설계 및 구축 iGate / APIM 기술지원 및 유지보수 자격 조건 Java, DBMS 필수 SQL 가능 우대사항 K8S이용 클라우드 개발 경험자 우대 프로토콜 (RESTful, SOCKET, SOAP, HTTP, HTTPs 등) 개발 경험자 우대 PM 가능자 우대 eCross 사업팀 eCross 사업팀 프로젝트 수행 - 데이터 연계/AP 연계 개발 - eCross 컴포넌트 및 제품 관련 모듈 개발 자격 조건 Java 개발자 SQL 가능 우대사항 K8S이용 클라우드 개발 경험자 우대 프로토콜 (RESTful, SOCKET, SOAP, HTTP, HTTPs 등) 개발 경험자 우대 PM 가능자 우대 APIM 사업팀 APIM 유지관리 및 개발 API G/W 거래생성 및 업무 연계 마이데이터, 오픈뱅킹 REST API 자격 조건 Java, HTTP Rest API, DBMS 필수 우대사항 HTML/ jQuery/ Vue.js/ React.js 우대 Digital Transfomation 이해자 우대 프로토콜 (RESTful, SOCKET, SOAP, HTTP, HTTPs 등) 개발 경험자 우대 문서중앙화 사업실 문서중앙화사업팀 자사 솔루션(XEDM 솔루션)사업 수행 기존 문서 migration Develop(자동화 프로그램 개발) 솔루션 개발 및 프로젝트 구축 관련 API 개발 문서중앙화 Filter 및 Plug-in 자격 조건 Java, jSP, 웹 개발 우대사항 퍼블리싱 가능자 우대 프로토콜 (RESTful, SOCKET, SOAP, HTTP, HTTPs 등) 개발 경험자 우대 문서중앙화 R&D XEDM Agent 웹뷰 화면 개발 XEDM 웹,관리자,모바일 화면 개발 SW52 사용자 프론트엔드 유지보수 개발 자격 조건 알고리즘,모바일 객체지향 설계 Vue.js 프레임워크 R&D Center eCross R&D EAI / ESB 기술을 바탕으로 한 미들웨어 솔루션 개발 이기종간의 데이터 전송을 위한 기술 개발 TCP, HTTP, SOAP, REST 등 다양한 메시지 처리를 위한 Gateway 개발 자격 조건 JAVA 필수 iGate R&D팀 솔루션 개발 프로젝트 기술지원 신기술 연구 자격 조건 Java / JavaScript / SQL 필수 MCI/EAI/FEP 개발 경험 우대사항 NoSQL(MongoDB) 개발 경험 우대 데이터 사업실 데이터사업1팀 PostgreSQL 유지보수 및 구축 프로젝트 수행 PostgreSQL DBMS Version release에 따른 R&D On-premise, Cloud 환경에서 eXperDB 구축 및 Migration 자격 조건 PostgreSQL 사용 가능 Oracle 사용 가능 우대사항 DBMS 관련 프로젝트 경험자 우대 DA, DBA 등 DBMS 관련 직무 경험자 우대 K8S이용 등 클라우드 경험자 우대 데이터사업2팀 PostgreSQL 유지보수 및 구축 프로젝트 수행 PostgreSQL DBMS Version release에 따른 R&D On-premise, Cloud 환경에서 eXperDB 구축 및 Migration 자격 조건 PostgreSQL 사용 가능 Oracle 사용 가능 우대사항 DBMS 관련 프로젝트 경험자 우대 DA, DBA 등 DBMS 관련 직무 경험자 우대 K8S이용 등 클라우드 경험자 우대 데이터플랫폼팀 솔루션 개발 및 유지보수, 모니터링 신규 개발, 클라우드 플랫폼 개발 솔루션 검증 및 프로세스 설계/ 개발지원, 제품관리 및 기술지원 신규 솔루션 개발 자격 조건 JAVA, DBMS 필수 Linux 환경 능숙 우대사항 K8S이용 클라우드 개발 경험자 우대 Golang, C/C++ 개발 가능자 우대 JS/SVG/Canvas 등 데이터 시각화 가능자 우대 지원하기 비개발 인젠트 IT Player 와 함께 하세요 . 지원하기",,,,,,,,,,active,2026-03-01 18:28:43.622768,2026-03-01 18:28:43.622734,True
24,62,채용,https://www.lsware.co.kr/company/recruit,"솔루션 서비스 연구개발 홍보센터 문의하기 회사소개 KR kor eng 서버보안 Omniguard(PAM Zero Trust) UPV(계정관리) UAC(접근제어) UCC(권한관리 및 감사추적) USAM(보안자산 모니터) Omni-IM(통합 계정관리 및 접근제어) Omnigate(접근제어 및 감사) 취약점 진단 & 관리 SecuMS(보안 취약점 진단) Portable SecuMS(이동식 보안 취약점 진단) Omni-VM(통합 취약점 관리 포탈) Coverity(SAST, 정적 분석) Seeker(IAST, 대화형 분석) Defensics(Fuzzing Test, 퍼징 테스트) 오픈소스 관리(SBOM) FOSSEra Portal with BlackDuck(오픈소스 통합관리 포털) Black Duck(SCA, 오픈소스 라이선스 및 취약점 점검) EYES Vault​(오픈소스SW 컴플라이언스 관리) AI 거버넌스 FortLOGIC De-ID(민감정보 비식별 및 가명화 솔루션) 취약점 컨설팅 진단감사 서비스 모의해킹 오픈소스 컨설팅(SBOM) 오픈소스 거버넌스 컨설팅 오픈소스 라이선스 및 취약점 점검 컨설팅 NFT 탐탐 보안·저작권 SI 보안 및 공공 SI 사업 연구방향 및 경쟁력 수행과제 연구성과 R&D 솔루션(시제품) NEWS 홍보영상 인증 및 수상 인도네시아 수출 고객문의 회사개요 연혁 조직 및 인원현황 채용 오시는 길 KR kor eng 솔루션 서버보안 Omniguard(PAM Zero Trust) UPV(계정관리) UAC(접근제어) UCC(권한관리 및 감사추적) USAM(보안자산 모니터) Omni-IM(통합 계정관리 및 접근제어) Omnigate(접근제어 및 감사) 취약점 진단 & 관리 SecuMS(보안 취약점 진단) Portable SecuMS(이동식 보안 취약점 진단) Omni-VM(통합 취약점 관리 포탈) Coverity(SAST, 정적 분석) Seeker(IAST, 대화형 분석) Defensics(Fuzzing Test, 퍼징 테스트) 오픈소스 관리(SBOM) FOSSEra Portal with BlackDuck(오픈소스 통합관리 포털) Black Duck(SCA, 오픈소스 라이선스 및 취약점 점검) EYES Vault​(오픈소스SW 컴플라이언스 관리) AI 거버넌스 FortLOGIC De-ID(민감정보 비식별 및 가명화 솔루션) 서비스 취약점 컨설팅 진단감사 서비스 모의해킹 오픈소스 컨설팅(SBOM) 오픈소스 거버넌스 컨설팅 오픈소스 라이선스 및 취약점 점검 컨설팅 NFT 탐탐 보안·저작권 SI 보안 및 공공 SI 사업 연구개발 연구방향 및 경쟁력 수행과제 연구성과 R&D 솔루션(시제품) 홍보센터 NEWS 홍보영상 인증 및 수상 인도네시아 수출 문의 고객문의 회사소개 회사개요 연혁 조직 및 인원현황 채용 오시는 길 채용 꿈을 실현하기 위해 오늘을 두려워하지 않는 당신을 엘에스웨어로 초대합니다. 인재상 정직 바르고 당당하게 공동체를 함께 만드는 사람 열정 우리의 일에서 혼이 느껴지고 그 열정의 혼을 전염시키는 자율적인 사람 나눔 상대를 존중하고 배려할 줄 아는 사람 친구 기쁨과 슬픔을 함께 하는 사람 가치 끊임없는 자기개발을 통해 어제 보다 나아진 모습으로 성장하는 사람 복리후생 급여·보상 인센티브 : 우수사원 및 팀 포상, 포인트지급, 장기근속포상(5, 10, 15년) 및 휴가 출근·휴무·휴가 자율 시차출퇴근제 시행 연차휴가 사용 촉진 제도 시행 샌드위치데이 휴무 권장 연말 권장 휴무 시행 연금·보험 국민연금, 건강보험, 고용보험, 장기요양보험, 산재보험, 상해보험, 퇴직연금 경조사 지원 각종 경조금, 경조휴가, 자녀출산 축하금 부모 생신 축하금(60, 70, 80, 90, 100세) 생일, 결혼기념일 축하금 생활편의 지원 식대 지원 : 야근, 휴일근무 교통비 : 야근택시, 업무용 차량유지비, 주차비 통신비지급 건강관리 지원 직원 종합건강검진 지원 교육 교육 훈련비 및 학위 취득 지원(대학 및 대학원) 자격증 취득 지원 : 포상 및 시험비용 지원 업무관련 도서구입비 지원 : 월 1권 기타 인재 추천 장려금 지급 명절 및 창립기념일 선물 지급 자녀입학축하금, 동호회 활동 지원 전형절차 서류전형 1차면접 (실무면접) 2차면접 (임원면접) 최종합격 이메일 입사지원 : recruit@lsware.com 제출서류 : 이력서(자유양식), 자기소개서(자유양식), 포트폴리오(해당자), 자격증사본(자격증 소유자) 기재하신 이력사항과 자격사항이 다를 경우 합격이 취소 될 수 있습니다. 기타 자세한 문의 사항은 김종문 실장(Tel : 02-6919-0325, recruit@lsware.com)으로 문의 바랍니다. 채용지원 사이트 바로가기 TOP 서울특별시 금천구 서부샛길 606 (가산동 543-1) 대성디폴리스A동 18층 엘에스웨어(주) TEL 02-6919-0321 FAX 02-6919-0329 솔루션 서버보안 취약점 진단 & 관리 오픈소스 관리(SBOM) AI 거버넌스 서비스 취약점 컨설팅 오픈소스 컨설팅(SBOM) NFT 보안·저작권 SI 연구개발 연구방향 및 경쟁력 수행과제 연구성과 R&D 솔루션(시제품) 홍보센터 NEWS 홍보영상 인증 및 수상 인도네시아 수출 문의하기 고객문의 회사소개 회사개요 연혁 조직 및 인원현황 채용 오시는 길",,,"서류전형 1차면접 (실무면접) 2차면접 (임원면접) 최종합격 이메일 입사지원 : recruit@lsware.com 제출서류 : 이력서(자유양식), 자기소개서(자유양식), 포트폴리오(해당자), 자격증사본(자격증 소유자) 기재하신 이력사항과 자격사항이 다를 경우 합격이 취소 될 수 있습니다. 기타 자세한 문의 사항은 김종문 실장(Tel : 02-6919-0325, recruit@lsware.com)으로 문의 바랍니다. 채용지원 사이트 바로가기 TOP 서울특별시 금천구 서부샛길 606 (가산동 543-1) 대성디폴리스A동 18층 엘에스웨어(주) TEL 02-6919-0321 FAX 02-6919-0329 솔루션 서버보안 취약점 진단 & 관리 오픈소스 관리(SBOM) AI 거버넌스 서비스 취약점 컨설팅 오픈소스 컨설팅(SBOM) NFT 보안·저작권 SI 연구개발 연구방향 및 경쟁력 수행과제 연구성과 R&D 솔루션(시제품) 홍보센터 NEWS 홍보영상 인증 및 수상 인도네시아 수출 문의하기 고객문의 회사소개 회사개요 연혁 조직 및 인원현황 채용 오시는 길","건강검진, 경조휴가, 도서구입비, 식대",,서울,,,,,,active,2026-03-01 18:28:44.238174,2026-03-01 18:28:44.238130,True
25,83,채용 절차,https://www.netand.co.kr/home/recruit.php,"채용 절차 회사소개 채용 절차 넷앤드 소개 연혁 인증/특허 채용 채용 절차 복지 제도 넷앤드에서 당신의 가능성을 펼쳐보세요. 넷앤드와 함께 통합 IT 보안관리의 새로운 기준을 만들어갈 당신을 기다립니다. 넷앤드에서는, 국내 최고의 IAM 전문가들과 함께 단순한 ‘일’이 아닌 새로운 ‘가치’ 를 창출하며 자신의 전문성을 한 단계 더 성장시킬 수 있습니다. 남부럽지 않은 복지제도와 합리적인 보상체계는 물론, 워라밸까지 지킬 수 있도록 적극 지원합니다. 최고의 기술력을 바탕으로 시장을 선도하며 계속 성장해 갈 업계 1위 회사로, 안정적으로 커리어를 만들어갈 수 있습니다. Team NETAND 채용 절차 01. 서류전형 채용 공고에 맞게 제출하신 이력서, 자기소개서, 포트폴리오 등을 토대로 지원 자격을 검토합니다. 넷앤드에서 현재 모집 중인 채용 공고는 사람인, 잡코리아 등 채용 사이트에서 확인 및 지원 할 수 있습니다. 지금 바로 ‘넷앤드’를 검색해 주세요! 02. 실무 면접 실무 면접은 질의응답 형식으로 지원자가 제출한 내용에 대해 검증합니다. 직무별, 상황에 따라 실무 면접은 최대 2차까지 진행될 수 있습니다. 실무 1차 면접에 참석해주신 지원자분께는 감사한 마음을 담아 기프티콘을 보내드립니다. 03. 임원 면접 임원 면접은 지원자의 핏이 맞는지 등을 확인하는 자리입니다. 팀 또는 포지션, 상황에 따라 임원 면접이 생략될 수 있습니다. 04. 최종 합격 최종 합격 시 처우 협의를 거쳐 입사가 확정되며, 경영지원실에서 합격자에게 입사절차를 안내합니다. 관련 서류는 사전에 준비해 입사 당일까지 제출해주시면 됩니다. 근무 형태는 채용 공고 상 별도의 안내가 없을 경우 모두 정규직이며, 신입사원의 경우 3개월의 수습 기간이 적용되는 점 참고해 주세요. 채용 FAQ Q. 서류 전형의 평가 기준은 무엇인가요? 서류 전형의 경우 지원자의 경력/경험과 지원 직무와의 관련성을 가장 중점적으로 봅니다. 신입의 경우 직무에 맞는 교육 과정 또는 경험이 있는지, 그리고 직무 관련 경험이 없더라도 자기소개서에 기재된 직무에 대한 관심과 포부 등이 주요 평가 기준이 됩니다. 경력직의 경우 지원한 직무와 경력기술서 상의 업무 적합성 여부가 가장 중요합니다. 아무래도 경력직의 경우 최대한 빠르게 실무를 수행하고, 다른 곳에서의 좋은 경험을 넷앤드에도 적용할 수 있기를 기대하기 때문이죠. Q. 실무 면접은 어떤 방식으로 이뤄지며 무엇을 준비해야 할까요? 실무 면접은 직무 인터뷰로, 지원하신 직무의 팀 리더 및 팀원들이 참석해 다대일 또는 다대다로 면접이 진행됩니다. 약 30분에서 1시간 정도 소요되며, 실질적으로 수행하게 될 업무에 대한 기존의 경력과 경험 등에 대해 검증합니다. 신입의 경우 자신이 공부한 내용 중 지원한 직무와 연관이 있는 부분을 복습해 오시는 것을 추천합니다! 특히, 학창시절에 경험한 일 중 인상 깊었던 것들에 대해서도 생각해 오시면 면접에 도움이 될 거에요. 경력직의 경우 자신이 맡았던 업무와 결과물(포트폴리오)에 대한 상세하고 솔직한 설명을 준비해주세요. Q. 실무 면접에서 직무별로 자주 나오는 질문들이 있나요? 실무 실무진 면접은 지원 직무에 따라 기술적인 질문이 포함될 수 있습니다. 개발직무의 경우 주 사용 언어, 알고리즘, 사용 가능 라이브러리 등에 대한 소프트웨어 개발 관련된 질문이 포함됩니다. 기술직무(시스템 엔지니어)의 경우 IT 인프라에 대한 지식이나 네트워크, 시스템 보안 등에 관한 질문이 있습니다. Q. 임원 면접은 어떤 방식으로 이뤄지며 무엇을 준비해야 할까요? 임원 면접은 임원진과 진행되는 인터뷰로, 인성적인 부분과 조직문화 적합성(culture-fit)을 검증하는 전형입니다. 주로 개인적인 경험이나 조직 문화와 관련한 내용을 주제로 자연스럽게 대화하는 형식의 면접이기 때문에 솔직하고 당당한 자세가 가장 중요하겠습니다. 회사만 지원자를 평가하는 것이 아닌, 지원자 본인도 넷앤드의 조직문화가 나와 잘 맞을지 생각해볼 수 있는 자리인 만큼 넷앤드에 궁금한 점들을 자유롭게 질문해주시기 바랍니다! Q. 서류 마감일로부터 최종합격 발표까지 소요되는 기간은 어느 정도 인가요? 서류 마감일로부터 최종 합격까지는 통상 3~4주 소요될 수 있습니다. 채용 절차는 가능한 빠르게 진행하고자 노력하고 있으며, 서류 접수 기간 중에도 수시로 접수된 서류를 검토해 면접 일정을 조율하고 있습니다. 면접 전형 결과는 일주일 이내로 발표하며, 결과 안내가 지연되는 경우 미리 연락드립니다. 전형 절차에 대한 문의사항은 채용 담당자(recruit@netand.co.kr)으로 연락해 주시면 빠른 시일 내에 답변드리도록 하겠습니다. Q. 넷앤드 채용을 준비하는 분들께 전하고 싶은 말이 있나요? 넷앤드는 완벽히 준비된 인재도 좋지만, 함께 성장해나갈 수 있는 분들도 기다리고 있습니다 :> 적극적으로 관심 가져주시면 넷앤드의 문은 항상 열려있으니 어려워마시고 많은 지원 부탁드립니다! (주)넷앤드 사업자 등록 번호 : 109-86-11375 (07333) 서울시 영등포구 의사당대로 1길 25 하남빌딩 10층 대표전화 02-2661-1410 Fax 02-2661-1420 E-MAIL : info@netand.co.kr 정보보안 및",,,"에 대한 문의사항은 채용 담당자(recruit@netand.co.kr)으로 연락해 주시면 빠른 시일 내에 답변드리도록 하겠습니다. Q. 넷앤드 채용을 준비하는 분들께 전하고 싶은 말이 있나요? 넷앤드는 완벽히 준비된 인재도 좋지만, 함께 성장해나갈 수 있는 분들도 기다리고 있습니다 :> 적극적으로 관심 가져주시면 넷앤드의 문은 항상 열려있으니 어려워마시고 많은 지원 부탁드립니다! (주)넷앤드 사업자 등록 번호 : 109-86-11375 (07333) 서울시 영등포구 의사당대로 1길 25 하남빌딩 10층 대표전화 02-2661-1410 Fax 02-2661-1420 E-MAIL : info@netand.co.kr 정보보안 및 개인정보처리방침 COPYRIGHTⓒ NETAND, ALL RIGHTS RESERVED",,,서울,정규직,,,,,active,2026-03-01 18:28:47.735354,2026-03-01 18:28:47.735329,True
26,1230,채용절차 | (주)위스텍,https://www.wistek.co.kr/recruit-1,"인재채용 채용절차 채용절차 직무소개 복리후생 ● 채용안내 구분 분야 ​전 직무 신입 - 해외여행에 결격사유가 없는 자 - 남자의 경우 군필자 또는 면제자 자격 경력 ​전 직무 ​ ​ ​ - 해당 직무 경험자 - 해외여행에 결격사유가 없는 자 - 남자의 경우 군필자 또는 면제자 - 해당 공고는 상시채용을 위한 인재 Pool로 활용되며, 별도의 마감 일정이나 세부 전형 일정은 정해져 있지 않습니다. - 채용 수요 발생 시, 수시로 지원서를 검토하여 서류 전형 합격 시 이후 전형 일정을 안내드립니다. ● 채용절차 01 서류 전형 02 실무 면접 03 임원 면접 04 ​최종 합격 05 채용 ● 접수방법 및 문의사항 이메일 wistek@wistek.co.kr 전화 070-4801-4383",,,,,,,,,,,,active,2026-03-01 18:28:51.881766,2026-03-01 18:28:51.881729,True
27,4245,채 용 절 차,http://www.commercelab.co.kr/recruit/#job-0,"1. 지원서 접수 이력서는 자유양식으로 자기소개서 및 포트폴리오를 함께 보내주시기 바랍니다. 2. 실무 면접 1차 합격 후 지원하신 해당 부서의 실무자와 1:1 면접을 진행합니다. 3. 결과 발표 / 입사 실무자 면접을 통해 합격하신 분을 대상으로 대표님 면접(근무조건협의) 후 바로 결과를 발표합니다. 지원 시, 이력서와 포트폴리오를 반드시 첨부해주시기 바랍니다. * 지원 메일은 recruit@commercelab.co.kr 로 보내주세요. * 메일 제목 양식은 [모집부문]지원자명_경력 또는 신입 으로 작성해주세요. * 면접 요청 또는 채용 확정은 개별 연락되며, 지원하신 자료는 절대 외부에 유출되지 않음을 알려드립니다.",,,,,,,,,,,,active,2026-03-01 18:28:52.677288,2026-03-01 18:28:52.677265,True
28,4245,모 집 정 보,http://www.commercelab.co.kr/recruit/#job-1,UXUI 디자인 모집정보 상세 담당업무 웹/앱/모바일 UI 디자인 커머스 O2O서비스 디자인 브랜드쇼핑몰/통합쇼핑몰 디자인 자사 솔루션 웹/앱/모바일 디자인 우대조건 경력 3년~8년 쇼핑몰/솔루션 디자인 경력보유 [우대사항] 즉시출근 가능자 UI/UX 디자인 역량/경험자 웹/앱/모바일 에이전시 업무 경험자 비즈니스 이해도가 높으며 프로젝트 리딩 가능자 팀워크 및 예의있는 커뮤니케이션 능력 보유자 모집기간 상시채용 기타사항 공통 제출서류 및 포트폴리오 파일 혹은 URL 필수제출 지원문의 recruit@commercelab.co.kr,,,,,,,,,,,,active,2026-03-01 18:28:52.687889,2026-03-01 18:28:52.687825,True
29,2965,인재채용,https://www.taewool.co.kr/recruit,"인재채용 RECRUIT 태울은 최고의 인재와 함께 성장하고 있습니다. 태울에서 세계를 무대로 함께 4차 산업 혁명을 리드할 인재를 모십니다. 인재상 TALENTED 한 분야에서만큼은 재능이 뛰어난 사람 ACTIVE 적극적, 능동적인 태도를 가진 사람 ENTHUSIASTIC 열정이 가득하고 의욕이 넘치는 사람 WISE 똑똑하기 보다는 현명한 사람 OPEN MIND 다양성과 차이를 받아들일 줄 아는 열린 마음을 가진 사람 OPTIMISTIC 똑같은 확률일 때 실패 보다는 성공을 떠올리는 사람 LEADING MIND 다른 사람의 앞에서 이끄는 것이 더 자신 있는 사람 모집부문 및 자격요건 프로그램 기획/QA 직급 신입 ~ 대리 업무 소프트웨어 개발 기획/제품 및 서비스 전문 QA 자격 영어 가능 필수 근무지 강남 본사/중국 시안 인원 수시 3D/Image Processing 직급 신입 ~ 차장 업무 영상처리 소프트웨어/3D 소프트웨어 연구개발 자격 C++, C#, GPU, CUDA, OpenCV, SLAM 개발 경력 3~7년 근무지 강남 본사 인원 수시 Artificial Intelligence 직급 신입 ~ 차장급 업무 인공지능 소프트웨어 연구개발 자격 C++, C#, GPU, CUDA, Caffe, Tensorflow, 개발 경력 3~7년 근무지 강남 본사 인원 수시 VR/AR 직급 신입 ~ 차장급 업무 증강/가상현실 소프트웨어 연구개발 자격 C++, C#, Android SDK, Xamarin, GPU, CUDA, UNITY, Unreal, 개발 경력 3~7년 근무지 강남 본사 인원 수시 입사지원 개인정보취급방침 태울 채용 지원을 위한 지원자의 개인정보제공 *수집 주체 : (주)태울코리아 *수집 목적 : 개인정보를 통한 개인식별, 채용 여부 판단기준 및 참고자료 *수집항목 : 성함, 성별, 전화번호, 이메일, 학력, 전공 개인정보취급방침에 동의합니다. 성별 : 남자 여자 Δ","프로그램 기획/QA 직급 신입 ~ 대리 업무 소프트웨어 개발 기획/제품 및 서비스 전문 QA 자격 영어 가능 필수 근무지 강남 본사/중국 시안 인원 수시 3D/Image Processing 직급 신입 ~ 차장 업무 영상처리 소프트웨어/3D 소프트웨어 연구개발 자격 C++, C#, GPU, CUDA, OpenCV, SLAM 개발 경력 3~7년 근무지 강남 본사 인원 수시 Artificial Intelligence 직급 신입 ~ 차장급 업무 인공지능 소프트웨어 연구개발 자격 C++, C#, GPU, CUDA, Caffe, Tensorflow, 개발 경력 3~7년 근무지 강남 본사 인원 수시 VR/AR 직급 신입 ~ 차장급 업무 증강/가상현실 소프트웨어 연구개발 자격 C++, C#, Android SDK, Xamarin, GPU, CUDA, UNITY, Unreal, 개발 경력 3~7년 근무지 강남 본사 인원 수시 입사지원 개인정보취급방침 태울 채용 지원을 위한 지원자의 개인정보제공 *수집 주체 : (주)태울코리아 *수집 목적 : 개인정보를 통한 개인식별, 채용 여부 판단기준 및 참고자료 *수집항목 : 성함, 성별, 전화번호, 이메일, 학력, 전공 개인정보취급방침에 동의합니다. 성별 : 남자 여자 Δ",,"ing 직급 신입 ~ 차장 업무 영상처리 소프트웨어/3D 소프트웨어 연구개발 자격 C++, C#, GPU, CUDA, OpenCV, SLAM 개발 경력 3~7년 근무지 강남 본사 인원 수시 Artificial Intelligence 직급 신입 ~ 차장급 업무 인공지능 소프트웨어 연구개발 자격 C++, C#, GPU, CUDA, Caffe, Tensorflow, 개발 경력 3~7년 근무지 강남 본사 인원 수시 VR/AR 직급 신입 ~ 차장급 업무 증강/가상현실 소프트웨어 연구개발 자격 C++, C#, Android SDK, Xamarin, GPU, CUDA, UNITY, Unreal, 개발 경력 3~7년 근무지 강남 본사 인원 수시 입사지원 개인정보취급방침 태울 채용 지원을 위한 지원자의 개인정보제공 *수집 주체 : (주)태울코리아 *수집 목적 : 개인정보를 통한 개인식별, 채용 여부 판단기준 및 참고자료 *수집항목 : 성함, 성별, 전화번호, 이메일, 학력, 전공 개인정보취급방침에 동의합니다. 성별 : 남자 여자 Δ",,,,,,,,,active,2026-03-01 18:28:53.433140,2026-03-01 18:28:53.433119,True
30,1230,복리후생 | (주)위스텍,https://www.wistek.co.kr/recruit-3,인재채용 복리후생 채용절차 직무소개 복리후생 조직문화 노사협의회 사내 동호회 운영 및 지원 창립기념일 행사 우수사원 시상식 특허 및 업무 개선 제안 제도 포상 선물 웰컴키트 지급 명절 선물 지급 입사 축하금 지급(100만원) 생일자 상품권 지급 인재 추천 제도(최대 100만원) 근무복 지급 급여제도 퇴직연금 우수사원포상 4대보험 장기근속자 포상 연차수당 상여금 제도 리프레시 연차 여름휴가(4일) 운영 경조 휴가제 창립일 휴무 근로자의 날 휴무 근로자 휴가 지원 사업 참여 교육/생활 워크샵 신규 입사자 교육(OJT) ​직무능력향상교육 교육비 및 자격증 취득비 지원 점심식사 제공 및 스낵바 운영 사우회(경조사회) 지원금/보험 직원 대출 제도(최대 5000만원) 각종 경조사 지원 정밀 건강 검진 지원 정기 건강 상담 프로그램 운영 청년 목돈 마련 지원 (각종 정부지원 제도 참여),,,,교육비,,,,,,,,active,2026-03-01 18:28:53.935205,2026-03-01 18:28:53.935185,True
31,1230,직무소개 | (주)위스텍,https://www.wistek.co.kr/recruit-2,"인재채용 직무소개 채용절차 직무소개 복리후생 ● 조직도 ● 직무소개 경영관리실 • 행정 및 사무 지원 • 운영 효율성 증대 • 경영 의사 결정 지원 • 프로젝트 및 프로그램 지원 • 예산 및 재무 관리 사업본부-사업팀 • 사업 기획 및 전략 수립 • 사업 실행 및 운영 • 성과 관리 및 개선 • 내•외부 관계사 관리 • 위험 관리 및 문제 해결 사업본부 - 연구소 • 연구 기획 • 연구 수행 및 관리 • 지식재산권 확보 및 기술 경쟁력 강화 • 인재 육성 및 기술 문화 형성 사업본부 – SI팀 • 차량형 TMMR 설치 및 유지 보수(현장) • 무선 시스템 구축 • 외주 업체 선정 및 진도 관리 업무 • 현장 대응 및 군과의 커뮤니케이션 생산본부 – 생산팀 • 생산 계획 수립 및 실행 • 공정 관리 및 생산성 향상 • 품질 관리 • 작업자 관리 • 원가 절감 생산본부 – 생산기술팀 • 생산 공정 최적화 및 개선 • 신제품 생산 기술 개발 및 적용 • 설비 운영 및 유지 보수 • 품질 관리 지원 • 생산 현장 기술 지원 품질실 • 품질 표준 및 절차 개발 및 구현 • 품질관리시스템(QMS) 관리 • 품질 검사 및 테스트 수행 • 공급 업체 품질 관리 • 고객 불만 처리 및 피드백 분석 정보보안팀 • 방위산업 기술보호 및 보안 업무 • DLP, 문서중앙화, DRM, UTM, NAC 솔루션 운용 • 그룹웨어, 전자결재, 홈페이지, Mail 솔루션 운용 • 네트워크 관리, IT 자산 관리 • 사내 S/W 개발 및 유지보수",,,,,,,,,,,,active,2026-03-01 18:28:54.081312,2026-03-01 18:28:54.081274,True
32,5837,CREWAVE,http://www.crewave.com/skin/page/job.html,"인재상 인사제도 직무소개 채용문의 온라인 지원 원칙을 준수하며 조직의 목표 달성을 위해 어려운 문제에 직면하더라도 끈기있게 업무를 추진하고 결과에 대해 책임을 지는 인재 -CREWAVE 인은 일이나 삶에 대한 목표를 명확히 하고 실패를 두려워 하지 않습니다. -CREWAVE 인은 할 수 있다는 적극적인 생각과 주인의식을 통해 성취감을 맛보며, 일단 시작한 일은 완벽하게 마무리를 합니다. 현실에 안주하기 보다는 주인의식을 가지고 맡은바 책임을 완수하는 강한 사명감과 적극성을 지닌 행동인 -CREWAVE 인은 일과 생활을 즐길 줄 아는 CREWAVE의 진정한 주인입니다. -CREWAVE 인은 주인정신과 책임의식으로 주어진 모든 일에 최선을 다합니다. 해당 부서 및 타 부서 구성원들이 각 역할에 따라 책임을 다 할 수 있도록 세심한 관심을 가지고 활력을 불어널어 공동의 목표가 달성 될 수 있도록 기여하며 열린 마음으로 서로를 이해하고 존중하는 인재 -CREWAVE 인은 자유로운 의사소통을 통해 열린 커뮤니케이션을 자랑합니다. -CREWAVE 인은 항상 밝은 기운과 긍정적인 마인드를 갖고 즐겁게 일합니다. -CREWAVE 인은 다양한 사고와 가치를 존중하고 포용합니다. -CREWAVE 인은 개인의 이익보다는 팀워크 향상을 위해서 헌신합니다. 자기분야에 대한 전문적인 지식과 노하우를 갖추고 일인자가 되기 위해 끊임없이 노력하는 인재 -CREWAVE 인은 최선이 아닌 최고를 추구하며, 그에 걸맞은 역량과 업무수행 능력을 개발합니다. -CREWAVE 인은 철저한 자기관리를 통해 부단히 노력하여 전문가로 성장, 승부사적 기질을 발휘하는 젊은이를 높이 평가합니다. 직군 직무 직무활동 자질/역량 전공 및 자격 경영지원 기획 경영환경 및 전략방향의 변화에 따라 기업의 달성목표를 제시함과 아울러 혁신방향을 수립하고회사의 비전과 경영방침을 전 직원에게 전파하여 조직문화 형성을 도모함. - 기획: 실적분석, 성과분석, 기획 및 주요 제도 기획 통찰력과 기획력 논리성과 커뮤니케이션 능력 회계/재무관련 지식 경영/경제관련 지식 상경계열 재무 기업을 둘러싸고 있는 여러 이해관계자(주주, 채권자, 종업원, 공공기관 등)에게 경영활동에 관한 정보를 제공. - 자금: 운영자금 조달 및 효율적인 자본 활용 - 회계: 경영성과 및 재무상태 산출 - 세무: 각종 세원에 대한 투명한 납세 관리 윤리의식 통계적 데이터 분석/해석 능력 경제상황에 대한 거시적 안목 회계/재무관련 지식 경영/경제관련 지식 상경계열 관리 기업의 효율적인 자산관리 및 관련 대내외 조직과의 원활한 관계를 유지하기 위한 제반 활동 수행 폭넓은 수용능력과 커뮤니케이션 능력 조직에 대한 이해와 객관적 태도 관련법규 지식 전공무관 인사 인재상에 입각하여 인재를 채용, 육성하여 공정한 평가와 보상을 실시하고, 궁극적으로 경영목표 달성을 위한제반의 지원활동을 수행 - 채용 / 보상 / 평가 폭넓은 수용능력과 커뮤니케이션 능력 조직에 대한 이해와 객관적 태도 관련법규 지식 전공무관 교육 핵심역량을 갖춘 사업가형 리더 육성을 위해 육성철학을 정립하고, 바람직한 학습문화를 전파/가속화하며, 인재 육성 전략을 수립/실행 표현력과 커뮤니케이션 능력 비즈니스의 이해 교육학 경영학 심리학 구매 국내외 구매환경 분석과 조직의 역량을 극대화하여 구매 경쟁력을 높이고 기업에 필요한 원부자재 및 상품을 구매하여 원가경쟁력을 향상 - 원/부자재 구매 - 수입자재 구매 원가개념에 대한 이해와 이익 중심 사고 윤리의식 협상력과 교섭력어학능력 무역실무/회계 지식 전공무관 전기/통신관련 영업 영업관리 각 브랜드의 대내외적 지표를 관리하며, 지표향상을 위하여 구체적인 마케팅 전략을 수립하고 실행. 각 제품/브랜드별 사업목표 달성을 위한 운영전반을 관리 (판매활성화, 원가 및 판가운영, 프로모션 등) 사고의 다양성과 창의성 정보수집능력과 기획력 고객지향형 사고 비즈니스에 대한 이해 영업실무/마케팅실무 지식 마케팅 관련 전기/통신관련 CS 고객의 의견을 수렴하고, 클레임 발생시 이의 처리 및 처리 피드백을 제공 제조 생산관리 생산활동을 능률화하고 생산력을 최대화시키기 위한 공정관리, 진척관리, 원가관리 등의 활동 수행 생산계획 수립 및 일정관리와 자재, 제품 및 소요자재 청구와 납품, 출하업무를 담당 문제해결능력 데이터분석 능력 고객지향형 사고 제품관련 지식 관련법규 지식 새로운 기술정보 수집 및 활용 전기/통신관련 자재관리 자재를 효율적으로 관리하기 위해 생산계획에 따른 자재의 분류ㆍ소모량 산정ㆍ구매ㆍ보관ㆍ공급ㆍ처분하기 까지전과정을 합리적ㆍ능률적으로 수행하며, 과학적 관리기법과 기술 및 경험을 토대로 생산활동에 지장이 없도록효율적으로 관리하는 업무 품질관리 고객만족을 목표로 원/부자재 수입검사부터 고객에게 판매 및 서비스 등 사후관리까지 전 단계에 걸친 품질기획,품질검사, 품질보증, 품질개선 업무를 수행 주요기관 대관관리, 클레임분석 및 대응업무 수행 협력사 관리 업무를 수행 연구개발 연구기획 신제품의 개발가능성 및 사업성/경제성 등을 검토하고 연구와 관련된 기술정보를 조사/분석하여연구개발 계획의 수립 및 프로젝트의 관리 업무를 수행 S/W관련 전기/통신관련 연구개발 회사의 사업방향에 부합하는 프로젝트를 선정하여 신제품 및 기술을 개발하고 신규 사업 기회를 창출하는 업무 연구지원 보유 자원을 활용한 최적의 분석조건을 개발하여 연구개발을 지원하고 생산제품의 분석방법을 보완하여품질향상에 기여 지원서 작성 및 접수방법을 알려주세요. 홈페이지 채용정보 란에서 온라인 지원을 하시거나 e-mail로 지원하시기 바랍니다. 그 외 우편접수 또는 방문접수는 (우431-767) 경기도 안양시 동안구 관양동 799 안양메가밸리 618호 ㈜크리웨이브 인사팀으로 접수하시면 됩니다. 관련양식은 홈페이지 채용정보란에서 다운로드 받으실 수 있습니다. 경력지원 시에는 수행프로젝트 또는 담당직무수행능력, 보유기술 중심으로 자유롭게 서술한 경력기술서를 제출하여 주시기 바랍니다. 지원자격에 대해 알려 주세요. 채용분야에 따라 경력, 학력 등이 종합적으로 검토되며, 접수하신 이력사항에 의거 추후 일정이 진행됩니다. 인터넷 접수시 기타서류(사진, 졸업증명서, 성적증명서, 어학성적증명서 등)는 어떻게 제출하나요? 서류접수시에는 이력서와 자기소개서 정도만 제출하시면 되며, 기타증빙서류는 제출하지 않으셔도 됩니다. 전형절차는 어떻게 됩니까? 1차 서류전형, 2차 면접전형(팀장/임원 면접) 서류전형에서 주요 당락 기준이 있습니까? 아닙니다. 정해진 서류전형의 당락기준은 없습니다. 하지만, 이력서 작성내용이 불성실하면 심사관이 지원자의 능력과 의지를 정확히 파악하기 힘들어 좋은 평가를 받을 수 없습니다. 면접심사 때에는 어떤 서류들을 준비해야 하나요? 최종(임원) 면접시 입사지원서에 기술한 학력과 경력, 자격증 확인을 위한 서류들, 예컨데 경력증명서, 졸업(예정)증명서, 전학년 성적증명서(석사는 학부성적증명서 포함, 경력사원은 미해당), 어학성적증명서, 보훈대상자증명서(해당자에 한함), 병역관련증빙서류(주민등록초본 또는 전역증(남자에 한함), 자격증 사본 등을 요구합니다. 이 서류들을 근거로 경력산정 및 채용직급과 연봉 등을 결정하게 됩니다. *증빙할 수 없는 사항은 입사지원서에 기재하지 마시기 바랍니다. 면접전형 때에는 꼭 정장을 입어야 하나요? 네, 면접에 참여하실 때에는 가능한 복장은 정장차림, 머리스타일은 단정한 모습으로 부탁드립니다. 실무면접과 임원면접은 하루에 모두 진행됩니까? 아닙니다. 특별한 경우 외에는 실무면접후 선별된 소수인원만 임원면접에 참여하게 됩니다. 입사지원시 성별/나이제한이 있나요? 지원자의 성별/나이제한은 없습니다. 해당부문에 대한 자격요건을 갖추신 분이라고 생각되시면 자신있게 도전해 보시기 바랍니다. 경력인정은 받을 수 있나요? 신입사원은 신규입사를 원칙(경력불인정 원칙)으로 하고, 석사 이상 학위소지자는 당사 기준에 의거 별도 경력을 인정하며, 경력사원은 해당 경력에 대해 개별적으로 경력 검토하여 결정합니다. 병역특례요원으로 입사하고 싶은데요? 당사는 병무청에 병역특례지정업체로 등록되어 있지 않습니다. 해외 유학을 갔다 왔는데 혹은 해외 대학/대학원을 졸업했는데 채용에 특별한 혜택이 있나요? 기본적으로 채용에는 특별한 혜택이 없습니다. 다만 해외 대학/대학원의 경우 전공이 모집분야와 직접적인 관련이 있는 경우에는 우대합니다. 장애인이나 보훈자들은 가점이 있습니까? 채용시 관련법에 의거 가점을 받을 수 있습니다만, 채용결정여부에 있어서 절대적인 기준이 되지는 않습니다. 입사후에도 다른 지원자들과 동일한 대우를 하고 있으며, 타지원자들과 동일한 조건으로 모든 직무에 지원이 가능합니다. 어학성적표가 없는데요? 어학성적은 필수는 아니지만 최근 2년내 어학성적표를 소지하신 분은 필히 입력하시고 추후제출하시기 바랍니다. 서류전형시 고려사항입니다. 입사 지원시 직무관련 자격증이 있다면 도움이 되나요? 채용유형에 따라 직무관련 자격증 보유자는 채용전형시 우대를 받을 수 있습니다. 모집공고 중 명시된 전공과 다른 전공자도 지원이 가능한지요? 채용게시판에 게재된 전공분야는 우선적으로 필요로 하는 전공이며 유사관련 전공자도 지원이 가능합니다. 입사지원 후 입사전형에 따라 결과통보를 계속 받을 수 있나요? 아닙니다. 모든 지원자에게 전형결과에 대해 연락을 드려야 하나, 지원자가 다수인 관계로 면접심사 대상자와 최종합격자에게만 연락을 드리고 있습니다. 단, 채용 중 주요 진행 사항들(면접일정, 최종합격자 발표 등)은 공지를 하고 있습니다.","을 갖추신 분이라고 생각되시면 자신있게 도전해 보시기 바랍니다. 경력인정은 받을 수 있나요? 신입사원은 신규입사를 원칙(경력불인정 원칙)으로 하고, 석사 이상 학위소지자는 당사 기준에 의거 별도 경력을 인정하며, 경력사원은 해당 경력에 대해 개별적으로 경력 검토하여 결정합니다. 병역특례요원으로 입사하고 싶은데요? 당사는 병무청에 병역특례지정업체로 등록되어 있지 않습니다. 해외 유학을 갔다 왔는데 혹은 해외 대학/대학원을 졸업했는데 채용에 특별한 혜택이 있나요? 기본적으로 채용에는 특별한 혜택이 없습니다. 다만 해외 대학/대학원의 경우 전공이 모집분야와 직접적인 관련이 있는 경우에는 우대합니다. 장애인이나 보훈자들은 가점이 있습니까? 채용시 관련법에 의거 가점을 받을 수 있습니다만, 채용결정여부에 있어서 절대적인 기준이 되지는 않습니다. 입사후에도 다른 지원자들과 동일한 대우를 하고 있으며, 타지원자들과 동일한 조건으로 모든 직무에 지원이 가능합니다. 어학성적표가 없는데요? 어학성적은 필수는 아니지만 최근 2년내 어학성적표를 소지하신 분은 필히 입력하시고 추후제출하시기 바랍니다. 서류전형시 고려사항입니다. 입사 지원시 직무관련 자격증이 있다면 도움이 되나요? 채용유형에 따라 직무관련 자격증 보유자는 채용전형시 우대를 받을 수 있습니다. 모집공고 중 명시된 전공과 다른 전공자도 지원이 가능한지요? 채용게시판에 게재된 전공분야는 우선적으로 필요로 하는 전공이며 유사관련 전공자도 지원이 가능합니다. 입사지원 후 입사전형에 따라 결과통보를 계속 받을 수 있나요? 아닙니다. 모든 지원자에게 전형결과에 대해 연락을 드려야 하나, 지원자가 다수인 관계로 면접심사 대상자와 최종합격자에게만 연락을 드리고 있습니다. 단, 채용 중 주요 진행 사항들(면접일정, 최종합격자 발표 등)은 공지를 하고 있습니다.","합니다. 장애인이나 보훈자들은 가점이 있습니까? 채용시 관련법에 의거 가점을 받을 수 있습니다만, 채용결정여부에 있어서 절대적인 기준이 되지는 않습니다. 입사후에도 다른 지원자들과 동일한 대우를 하고 있으며, 타지원자들과 동일한 조건으로 모든 직무에 지원이 가능합니다. 어학성적표가 없는데요? 어학성적은 필수는 아니지만 최근 2년내 어학성적표를 소지하신 분은 필히 입력하시고 추후제출하시기 바랍니다. 서류전형시 고려사항입니다. 입사 지원시 직무관련 자격증이 있다면 도움이 되나요? 채용유형에 따라 직무관련 자격증 보유자는 채용전형시 우대를 받을 수 있습니다. 모집공고 중 명시된 전공과 다른 전공자도 지원이 가능한지요? 채용게시판에 게재된 전공분야는 우선적으로 필요로 하는 전공이며 유사관련 전공자도 지원이 가능합니다. 입사지원 후 입사전형에 따라 결과통보를 계속 받을 수 있나요? 아닙니다. 모든 지원자에게 전형결과에 대해 연락을 드려야 하나, 지원자가 다수인 관계로 면접심사 대상자와 최종합격자에게만 연락을 드리고 있습니다. 단, 채용 중 주요 진행 사항들(면접일정, 최종합격자 발표 등)은 공지를 하고 있습니다.","는 어떻게 됩니까? 1차 서류전형, 2차 면접전형(팀장/임원 면접) 서류전형에서 주요 당락 기준이 있습니까? 아닙니다. 정해진 서류전형의 당락기준은 없습니다. 하지만, 이력서 작성내용이 불성실하면 심사관이 지원자의 능력과 의지를 정확히 파악하기 힘들어 좋은 평가를 받을 수 없습니다. 면접심사 때에는 어떤 서류들을 준비해야 하나요? 최종(임원) 면접시 입사지원서에 기술한 학력과 경력, 자격증 확인을 위한 서류들, 예컨데 경력증명서, 졸업(예정)증명서, 전학년 성적증명서(석사는 학부성적증명서 포함, 경력사원은 미해당), 어학성적증명서, 보훈대상자증명서(해당자에 한함), 병역관련증빙서류(주민등록초본 또는 전역증(남자에 한함), 자격증 사본 등을 요구합니다. 이 서류들을 근거로 경력산정 및 채용직급과 연봉 등을 결정하게 됩니다. *증빙할 수 없는 사항은 입사지원서에 기재하지 마시기 바랍니다. 면접전형 때에는 꼭 정장을 입어야 하나요? 네, 면접에 참여하실 때에는 가능한 복장은 정장차림, 머리스타일은 단정한 모습으로 부탁드립니다. 실무면접과 임원면접은 하루에 모두 진행됩니까? 아닙니다. 특별한 경우 외에는 실무면접후 선별된 소수인원만 임원면접에 참여하게 됩니다. 입사지원시 성별/나이제한이 있나요? 지원자의 성별/나이제한은 없습니다. 해당부문에 대한",,,경기,,,,,,active,2026-03-01 18:28:55.567440,2026-03-01 18:28:55.567417,True
33,6008,The IMC,https://www.theimc.co.kr/web/php/sub/job_opening.php?area=%EC%83%81%EC%A3%BC,"기업 소개 소개 주요 연혁 특허 제품 서비스 TEXTOM LINCLASS FARMSTOM FARMSBOT BUFFLOW 사업 분야 스마트 팜 스마트 시티 스마트 거버먼트 인재 채용 JOIN OUR TEAM! 채용 정보 부서 소개 KR EN CH 기업 소개 소개 주요 연혁 특허 제품 서비스 TEXTOM LINCLASS FARMSTOM FARMSBOT BUFFLOW 사업 분야 스마트 팜 스마트 시티 스마트 거버먼트 인재 채용 채용 정보 부서 소개 feel free to Contact us The IMC의 사업과 솔루션, 기술지원, 채용정보에 관련한 여러분의 문의사항을 알려주세요. Tell 053-744-0707 E-mail theimc@theimc.co.kr 성함/직함 연락처 회사명 이메일 방문경로 방문경로를 선택해 주세요. 지인추천 온라인 검색 광고 솔루션 컨퍼런스/세미나 언론기사 기타 문의유형 문의 유형을 선택해 주세요. 더아이엠씨 기술/영업 솔루션 레퍼런스 마케팅 채용 교육 기타 상세 구분을 선택해 주세요. TEXTOM TextoMI AI EDUTOM Bidding TOM DATOM 문의내용 개인정보보호정책 에 동의합니다. (필수) SEND 인재 채용 인재 채용 채용정보 부서소개 WITH THE IMC 상주본부 채용공고 더아이엠씨는 유능한 인재를 상시 채용 합니다. Big Data ∙ AI 에 관심 있는 분들의 많은 지원을 부탁드립니다. 더아이엠씨 5.0으로 함께 만들어나갈 우수한 인재를 기다립니다. 서울본부 지원하기 대구본부 지원하기 상주 스마트팜 연구소 지원하기 개인정보보호정책 b E-mail : theimc@theimc.co.kr TEL : 053-744-0707 기업명 (주)더아이엠씨 대표이사 전채남 주소 대구본부 | (42250) 대구광역시 수성구 알파시티1로 35길 17(텍스톰 베이스, 1층) 서울본부 | (04534) 서울특별시 중구 을지로 50(을지한국빌딩, 20층) 상주 스마트팜 연구소 | 경상북도 상주시 사벌국면상풍로 604-61(빅데이터센터, 2층)",,,,,,서울,,,,,,active,2026-03-01 18:28:56.066855,2026-03-01 18:28:56.066834,True
34,6038,(주)지오씨엔아이,http://www.geocni.com/gboard/bbs/board.php?bo_table=recruit&wr_id=1,"채용정보 고객지원 > 채용정보 내용 보기 (주)지오씨엔아이 산림/환경 GIS 채용 공고 작성자 : 관리자 / 날짜: 2018-03-08 / 조회수 : 1168 (주)지오씨엔아이 산림/환경 GIS 채용 공고 모집부문 및 자격요건 모집분야 담당업무 자격요건 및 우대사항 모집인원 산림/환경 GIS센터 - 산림주제도제작 (임상도, 산림입지토양도) - 산림조사 및 DB업무 자격요건 - 산림관련 및 유사분야 전공자 (ex.임학과, 조경학과, 지리전공자, 지질학전공자) - 운전면허보유자 우대사항 - 산림기사 및 관련 자격증 소지자 - 군필자 - 해당직무 근무경험 경력직 - 산림기사 자격증 소지 - 산림조사 가능자​ - Arc GIS Tool 가능자 (우대) - 산림관련 DB 구축 경험자 (우대) 0명 근무조건 및 환경 근무형태 정규직(수습기간) 근무요일/시간 주 5일(월~금) 근무지역 대구 - 동구 급여 회사내규에 따름 회사주소 (701-804) 대구 동구 방촌동 1119-116번지 준명빌딩 인근전철 대구 1호선 방촌3번 출구 에서500m 이내 전형절차 및 제출서류 전형절차 서류전형 > 실무자 / 임원 면접 > 최종합격 제출서류 이력서 및 자기소개서 * 최종합격 후 졸업증명서/성적증명서/공인시험성적서/자격증 사본/취업보호대상증명서 등 제출 접수기간 및 방법 접수기간 2018년 03월 02일 ~ 2018년 04월 01일 이력서양식 사람인 온라인 이력서 접수방법 사람인 입사지원 기타 유의사항 입사지원 서류에 허위사실이 발견될 경우, 채용확정 이후라도 채용이 취소될 수 있습니다. 목록","모집분야 담당업무 자격요건 및 우대사항 모집인원 산림/환경 GIS센터 - 산림주제도제작 (임상도, 산림입지토양도) - 산림조사 및 DB업무 자격요건 - 산림관련 및 유사분야 전공자 (ex.임학과, 조경학과, 지리전공자, 지질학전공자) - 운전면허보유자 우대사항 - 산림기사 및 관련 자격증 소지자 - 군필자 - 해당직무 근무경험 경력직 - 산림기사 자격증 소지 - 산림조사 가능자​ - Arc GIS Tool 가능자 (우대) - 산림관련 DB 구축 경험자 (우대) 0명 근무조건 및 환경 근무형태 정규직(수습기간) 근무요일/시간 주 5일(월~금) 근무지역 대구 - 동구 급여 회사내규에 따름 회사주소 (701-804) 대구 동구 방촌동 1119-116번지 준명빌딩 인근전철 대구 1호선 방촌3번 출구 에서500m 이내 전형절차 및 제출서류 전형절차 서류전형 > 실무자 / 임원 면접 > 최종합격 제출서류 이력서 및 자기소개서 * 최종합격 후 졸업증명서/성적증명서/공인시험성적서/자격증 사본/취업보호대상증명서 등 제출 접수기간 및 방법 접수기간 2018년 03월 02일 ~ 2018년 04월 01일 이력서양식 사람인 온라인 이력서 접수방법 사람인 입사지원 기타 유의사항 입사지원 서류에 허위사실이 발견될 경우, 채용확정 이후라도 채용이 취소될 수 있습니다. 목록","모집인원 산림/환경 GIS센터 - 산림주제도제작 (임상도, 산림입지토양도) - 산림조사 및 DB업무 자격요건 - 산림관련 및 유사분야 전공자 (ex.임학과, 조경학과, 지리전공자, 지질학전공자) - 운전면허보유자 우대사항 - 산림기사 및 관련 자격증 소지자 - 군필자 - 해당직무 근무경험 경력직 - 산림기사 자격증 소지 - 산림조사 가능자​ - Arc GIS Tool 가능자 (우대) - 산림관련 DB 구축 경험자 (우대) 0명 근무조건 및 환경 근무형태 정규직(수습기간) 근무요일/시간 주 5일(월~금) 근무지역 대구 - 동구 급여 회사내규에 따름 회사주소 (701-804) 대구 동구 방촌동 1119-116번지 준명빌딩 인근전철 대구 1호선 방촌3번 출구 에서500m 이내 전형절차 및 제출서류 전형절차 서류전형 > 실무자 / 임원 면접 > 최종합격 제출서류 이력서 및 자기소개서 * 최종합격 후 졸업증명서/성적증명서/공인시험성적서/자격증 사본/취업보호대상증명서 등 제출 접수기간 및 방법 접수기간 2018년 03월 02일 ~ 2018년 04월 01일 이력서양식 사람인 온라인 이력서 접수방법 사람인 입사지원 기타 유의사항 입사지원 서류에 허위사실이 발견될 경우, 채용확정 이후라도 채용이 취소될 수 있습니다. 목록","및 제출서류 전형절차 서류전형 > 실무자 / 임원 면접 > 최종합격 제출서류 이력서 및 자기소개서 * 최종합격 후 졸업증명서/성적증명서/공인시험성적서/자격증 사본/취업보호대상증명서 등 제출 접수기간 및 방법 접수기간 2018년 03월 02일 ~ 2018년 04월 01일 이력서양식 사람인 온라인 이력서 접수방법 사람인 입사지원 기타 유의사항 입사지원 서류에 허위사실이 발견될 경우, 채용확정 이후라도 채용이 취소될 수 있습니다. 목록",,,대구,정규직,,,,,active,2026-03-01 18:28:56.950593,2026-03-01 18:32:10.527502,True
35,6008,The IMC,https://www.theimc.co.kr/web/php/sub/career.php,"feel free to Contact us The IMC의 사업과 솔루션, 기술지원, 채용정보에 관련한 여러분의 문의사항을 알려주세요. Tell 053-744-0707 E-mail theimc@theimc.co.kr 성함/직함 연락처 회사명 이메일 방문경로 방문경로를 선택해 주세요. 지인추천 온라인 검색 광고 솔루션 컨퍼런스/세미나 언론기사 기타 문의유형 문의 유형을 선택해 주세요. 더아이엠씨 기술/영업 솔루션 레퍼런스 마케팅 채용 교육 기타 상세 구분을 선택해 주세요. TEXTOM TextoMI AI EDUTOM Bidding TOM DATOM 문의내용 개인정보보호정책 에 동의합니다. (필수) SEND 인재 채용 채용정보 부서소개 WITH THE IMC The IMC 인재 채용 사람을 위하는 미래 기술 실현 TEXTOM, LINKLASS, FARMSTOM 등을 개발한 Big Data ∙ AI 전문기업인 ㈜더아이엠씨 가 지능형 서비스와 스마트팜 사업 확장 및 연구개발을 위하여 신입 및 경력을 채용합니다! Big Data ∙ AI 에 관심 있는 분들의 많은 지원을 부탁드립니다. The IMC에서 제공하는 사내 혜택 및 복리후생 을 소개합니다. 연금보험 4대보험(건강보험, 국민연금, 고용보험, 산재보험) 급여제도 연봉(퇴직금 별도) + 인센티브(연구개발수당, PM수당, 업무성과수당 등) 휴일/휴가 연차, 반차, 경조 휴가제, 육아 휴직, 포상 휴가, 근로자의 날, 출산전후 휴가, 대체 공휴일 복리후생 회식비, 명절 선물, 생일 선물, 우수사원 포상, 사내 추천 제도, 자기 계발비 지원, 장기 근속자 포상, 체력 단련비 지원 사람을 위한 회사! 우리는 이런 사내 분위기 를 가지고 있습니다. 근무형식 - 근무요일 및 시간 : 주5일(월~금) 시차출퇴근제 (점심시간 12시~13시) - 서울본부 : 서울시 중구 을지로 50 을지한국빌딩 20층 ㈜더아이엠씨 - 대구본부 : 대구시 수성구 알파시티1로 35길 17 텍스톰베이스 ㈜더아이엠씨 - 상주 스마트팜 연구소 : 경상북도 상주시 사벌국면 상풍로 604-61 빅데이터센터 2층 전형절차 접수기간 및 방법 - 접수기간 : 2025년 인재 채용 - 접수방법 : 공고 하단 지원하기 - 이력서 양식 : 홈페이지 작성 또는 자유 이력서 첨부 제출서류 - 서류전형 : 이력서, 자기소개서, 포트폴리오(해당자만) - 최종합격 : 학위 및 성적증명서, 경력증명서(해당자만) 등 문의사항 - 인사담당자(경영지원팀) : 070-4904-8376 - 이메일 : recruit@theimc.co.kr - 블로그 : blog.naver.com/theimc 기타 유의사항 * 입사지원 서류에 허위사실이 발견될 경우, 채용확정 이후라도 채용이 취소될 수 있습니다. 서울본부 지원하기 대구본부 지원하기 상주 스마트팜 연구소 지원하기",,,"접수기간 및 방법 - 접수기간 : 2025년 인재 채용 - 접수방법 : 공고 하단 지원하기 - 이력서 양식 : 홈페이지 작성 또는 자유 이력서 첨부 제출서류 - 서류전형 : 이력서, 자기소개서, 포트폴리오(해당자만) - 최종합격 : 학위 및 성적증명서, 경력증명서(해당자만) 등 문의사항 - 인사담당자(경영지원팀) : 070-4904-8376 - 이메일 : recruit@theimc.co.kr - 블로그 : blog.naver.com/theimc 기타 유의사항 * 입사지원 서류에 허위사실이 발견될 경우, 채용확정 이후라도 채용이 취소될 수 있습니다. 서울본부 지원하기 대구본부 지원하기 상주 스마트팜 연구소 지원하기",,,서울,,,,,,active,2026-03-01 18:28:56.975163,2026-03-01 18:28:56.975136,True
36,7114,유티이씨는 정확하고 즐거운 정보를 제공합니다,https://utec.kr/recruitment,"Recruitment 유티이씨의 미래를 함께 만들어 갑니다. 열정과 책임의식을 갖고 능동적인 자세로 회사의 내일을 함께 만들어나갈 인재를 기다립니다. 유티이씨 인재상 성취지향성 장/단기 목표를 설정하고 효율적인 방법으로 목표를 달성한다. 능동적 업무 열정과 책임의식을 갖고 담당업무에 능동적으로 임한다. 윤리적 행동 책임감을 갖고 도덕과 정직의 가치관을 준수한다. 성장성 조직의 가치를 창출하기 위해 벽을 허물고 팀을 이뤄 혁신을 추진한다. 전형절차 Resume 서류전형 1st Round 1차면접 실무 2nd Round 2차면접 임원 Acceptance 최종합격 근무조건 근무형태 : 정규직 근무요일/시간 : 주 5일(월~금) 오전 9시 ~ 오후 6시 (점심시간(1시간 30분) 11:30~13:00) 복리후생 : 국민연금, 고용보험, 산재보험, 건강보험, 퇴직연금, 경조금, 장기근속 포상, 성과금, 생일 상품권 지급, 업무추진비 지급, 내일채움공제 가입 모집분야 기획자 담당업무 Web, App 기반의 UI/UX 기획 및 설계 요구사항 분석 및 정의 스토리보드 작성 자격요건 3년 이상의 Web, App 서비스 기획 경험이 있으신 분 논리적 사고력을 보유하신 분 커뮤니케이션 스킬을 보유하신 분 개발 지식에 대한 이해도가 높으신 분 최신 트랜드 및 서비스 이해도가 빠른 분 주도적 업무 진행 경험이 있으신 분 개발자 모집직무 AOS 개발자 IOS 개발자 Web 개발자 자격요건 JAVA, Kotlin 개발 가능하신 분 (AOS 개발자) Objective C, Swift 개발 가능하신 분 (IOS 개발자) RestAPI를 활용한 UI 개발 경험이 있으신 분 (공통) Hybrid App(WebView) 개발 경험이 있으신 분 (공통) 서비스 앱을 오픈하고 1년 이상의 유지보수 경험이 있으신 분 (공통) 제출서류 및 지원방법 제출서류 : 이력서, 자기소개서, 포트폴리오 지원방법 : 이메일 접수 support@utec.kr 클릭 시 메일주소 복사 유의사항 입사지원 서류에 허위사실이 발견된 경우, 채용확정 이후라도 채용이 취소될 수 있습니다. 각 전형별 합격자에 한해 개별통보 합니다. 제출된 서류는 일체 반환하지 않으며, 본 채용 목적 이외에는 사용되지 않습니다. 최종합격시 직급 및 처우는 개인별 경력사항을 고려하여 본인 협의 후 결정됩니다.","3년 이상의 Web, App 서비스 기획 경험이 있으신 분 논리적 사고력을 보유하신 분 커뮤니케이션 스킬을 보유하신 분 개발 지식에 대한 이해도가 높으신 분 최신 트랜드 및 서비스 이해도가 빠른 분 주도적 업무 진행 경험이 있으신 분 개발자 모집직무 AOS 개발자 IOS 개발자 Web 개발자 자격요건 JAVA, Kotlin 개발 가능하신 분 (AOS 개발자) Objective C, Swift 개발 가능하신 분 (IOS 개발자) RestAPI를 활용한 UI 개발 경험이 있으신 분 (공통) Hybrid App(WebView) 개발 경험이 있으신 분 (공통) 서비스 앱을 오픈하고 1년 이상의 유지보수 경험이 있으신 분 (공통) 제출서류 및 지원방법 제출서류 : 이력서, 자기소개서, 포트폴리오 지원방법 : 이메일 접수 support@utec.kr 클릭 시 메일주소 복사 유의사항 입사지원 서류에 허위사실이 발견된 경우, 채용확정 이후라도 채용이 취소될 수 있습니다. 각 전형별 합격자에 한해 개별통보 합니다. 제출된 서류는 일체 반환하지 않으며, 본 채용 목적 이외에는 사용되지 않습니다. 최종합격시 직급 및 처우는 개인별 경력사항을 고려하여 본인 협의 후 결정됩니다.",,Resume 서류전형 1st Round 1차면접 실무 2nd Round 2차면접 임원 Acceptance 최종합격 근무조건 근무형태 : 정규직 근무요일/시간 : 주 5일(월~금) 오전 9시 ~ 오후 6시 (점심시간(1시간 30분) 11:30~13:00),,,,정규직,,,,,active,2026-03-01 18:28:57.260737,2026-03-01 18:28:57.260718,True
37,6038,(주)지오씨엔아이,http://www.geocni.com/gboard/bbs/board.php?bo_table=recruit&wr_id=2,"채용정보 고객지원 > 채용정보 내용 보기 (주)지오씨엔아이 공간정보기술연구소 경력직 채용 공고 작성자 : 관리자 / 날짜: 2018-03-08 / 조회수 : 1090 (주)지오씨엔아이 공간정보기술연구소 경력직 채용 공고 모집부문 및 자격요건 담당업무 자격요건 우대사항 주요업무 : 국토교통 R&D 과제 관리 및 실무 (위성정보 활용 / 재난재해 / 수자원관리 / 공간정보활용 등 국토교통 및 한국연구재단 R&D 전반) 세부업무 : - 연구성과 관리 - 연구계획서 및 보고서 작성 - 연구과제 행정 처리 - 신규과제 기획 - 관계기관 및 공동연구기관 연구협의 모집직급 : - 대리, 과장, 차장 - 학력 : 대졸 이상 (4 년 ) ( 석.박사 우대 ) - 경력 : 경력 1 년 이상 - 성별 : 무관 - 모집인원 : 0 명 - 영어능통자 - 해당직무 근무경험 - 통계분석능숙자 - 컴퓨터활용능력 우수 - PPT 능력 우수자 - 측량및지형공간정보기사 - 정보처리기사 - 컴퓨터 / 시스템공학 - 공간정보/위성활용 근무조건 및 환경 근무형태 정규직(수습기간)- 3개월 근무부서 공간정보기술연구소 근무요일/시간 주 5일(월~금) 근무지역 대구 - 동구 급여 회사내규에 따름 회사주소 (701-804) 대구 동구 방촌동 1119-116번지 준명빌딩 인근전철 대구 1호선 방촌3번 출구 에서500m 이내 전형절차 및 제출서류 전형절차 서류전형 > 실무자 / 임원 면접 > 최종합격 제출서류 이력서(수행과제 내용 포함) 및 자기소개서 * 최종합격 후 졸업증명서/성적증명서/공인시험성적서/자격증 사본/취업보호대상증명서 등 제출 접수기간 및 방법 접수기간 2018년 3월 2일 ~ 2018년 4월 1일 이력서양식 사람인 온라인 이력서 접수방법 사람인 입사지원 기타 유의사항 입사지원 서류에 허위사실이 발견될 경우, 채용확정 이후라도 채용이 취소될 수 있습니다. 목록","담당업무 자격요건 우대사항 주요업무 : 국토교통 R&D 과제 관리 및 실무 (위성정보 활용 / 재난재해 / 수자원관리 / 공간정보활용 등 국토교통 및 한국연구재단 R&D 전반) 세부업무 : - 연구성과 관리 - 연구계획서 및 보고서 작성 - 연구과제 행정 처리 - 신규과제 기획 - 관계기관 및 공동연구기관 연구협의 모집직급 : - 대리, 과장, 차장 - 학력 : 대졸 이상 (4 년 ) ( 석.박사 우대 ) - 경력 : 경력 1 년 이상 - 성별 : 무관 - 모집인원 : 0 명 - 영어능통자 - 해당직무 근무경험 - 통계분석능숙자 - 컴퓨터활용능력 우수 - PPT 능력 우수자 - 측량및지형공간정보기사 - 정보처리기사 - 컴퓨터 / 시스템공학 - 공간정보/위성활용 근무조건 및 환경 근무형태 정규직(수습기간)- 3개월 근무부서 공간정보기술연구소 근무요일/시간 주 5일(월~금) 근무지역 대구 - 동구 급여 회사내규에 따름 회사주소 (701-804) 대구 동구 방촌동 1119-116번지 준명빌딩 인근전철 대구 1호선 방촌3번 출구 에서500m 이내 전형절차 및 제출서류 전형절차 서류전형 > 실무자 / 임원 면접 > 최종합격 제출서류 이력서(수행과제 내용 포함) 및 자기소개서 * 최종합격 후 졸업증명서/성적증명서/공인시험성적서/자격증 사본/취업보호대상증명서 등 제출 접수기간 및 방법 접수기간 2018년 3월 2일 ~ 2018년 4월 1일 이력서양식 사람인 온라인 이력서 접수방법 사람인 입사지원 기타 유의사항 입사지원 서류에 허위사실이 발견될 경우, 채용확정 이후라도 채용이 취소될 수 있습니다. 목록","주요업무 : 국토교통 R&D 과제 관리 및 실무 (위성정보 활용 / 재난재해 / 수자원관리 / 공간정보활용 등 국토교통 및 한국연구재단 R&D 전반) 세부업무 : - 연구성과 관리 - 연구계획서 및 보고서 작성 - 연구과제 행정 처리 - 신규과제 기획 - 관계기관 및 공동연구기관 연구협의 모집직급 : - 대리, 과장, 차장 - 학력 : 대졸 이상 (4 년 ) ( 석.박사 우대 ) - 경력 : 경력 1 년 이상 - 성별 : 무관 - 모집인원 : 0 명 - 영어능통자 - 해당직무 근무경험 - 통계분석능숙자 - 컴퓨터활용능력 우수 - PPT 능력 우수자 - 측량및지형공간정보기사 - 정보처리기사 - 컴퓨터 / 시스템공학 - 공간정보/위성활용 근무조건 및 환경 근무형태 정규직(수습기간)- 3개월 근무부서 공간정보기술연구소 근무요일/시간 주 5일(월~금) 근무지역 대구 - 동구 급여 회사내규에 따름 회사주소 (701-804) 대구 동구 방촌동 1119-116번지 준명빌딩 인근전철 대구 1호선 방촌3번 출구 에서500m 이내 전형절차 및 제출서류 전형절차 서류전형 > 실무자 / 임원 면접 > 최종합격 제출서류 이력서(수행과제 내용 포함) 및 자기소개서 * 최종합격 후 졸업증명서/성적증명서/공인시험성적서/자격증 사본/취업보호대상증명서 등 제출 접수기간 및 방법 접수기간 2018년 3월 2일 ~ 2018년 4월 1일 이력서양식 사람인 온라인 이력서 접수방법 사람인 입사지원 기타 유의사항 입사지원 서류에 허위사실이 발견될 경우, 채용확정 이후라도 채용이 취소될 수 있습니다. 목록","및 제출서류 전형절차 서류전형 > 실무자 / 임원 면접 > 최종합격 제출서류 이력서(수행과제 내용 포함) 및 자기소개서 * 최종합격 후 졸업증명서/성적증명서/공인시험성적서/자격증 사본/취업보호대상증명서 등 제출 접수기간 및 방법 접수기간 2018년 3월 2일 ~ 2018년 4월 1일 이력서양식 사람인 온라인 이력서 접수방법 사람인 입사지원 기타 유의사항 입사지원 서류에 허위사실이 발견될 경우, 채용확정 이후라도 채용이 취소될 수 있습니다. 목록",,,대구,정규직,,,,,active,2026-03-01 18:28:57.357333,2026-03-01 18:32:10.937780,True
38,6038,(주)지오씨엔아이,http://www.geocni.com/gboard/bbs/board.php?bo_table=recruit&wr_id=3,"채용정보 고객지원 > 채용정보 내용 보기 (주)지오씨엔아이 소프트웨어 개발 경력직 채용 공고 작성자 : 관리자 / 날짜: 2018-03-08 / 조회수 : 1845 (주)지오씨엔아이 소프트웨어 개발 경력직 채용 공고 모집부문 및 자격요건 부서 업무내용 우대사항 소프트웨어 개발센터 - 웹 개발 및 유지보수 - JAVA, Spring, ja vasc ript, C#(.NET) - Oracle, MS-SQL - 정보처리 기사 - 전자정부프레임워크 또는 스프링프레임워크 경험자 - 앱 경험자 - 해당직무 근무경험 공간정보 기술연구소 - jQuery, C# 경험 - Unity 3D C# 개발 경험 - 학력 : 컴퓨터관련학과 졸업 - 경력 : 5 년 이상 - 정보처리 기사 - Jsp, J Query, GIS 관련 프로젝트 경험 - HTML5, CSS3, Image processing - 석사학위 이상 , 기업부설연구소 - 국가연구개발 수행경험 해당직무 근무경험 근무조건 및 환경 근무형태 정규직(수습기간) 근무요일/시간 주 5일(월~금) 근무지역 대구 - 동구 급여 회사내규에 따름 회사주소 (701-804) 대구 동구 방촌동 1119-116번지 준명빌딩 인근전철 대구 1호선 방촌3번 출구 에서500m 이내 전형절차 및 제출서류 전형절차 서류전형 > 실무자 / 임원 면접 > 최종합격 제출서류 이력서 및 자기소개서 * 최종합격 후 졸업증명서/성적증명서/공인시험성적서/자격증 사본/취업보호대상증명서 등 제출 접수기간 및 방법 접수기간 2018년 03월 02일 ~ 2018년 04월 01일 이력서양식 사람인 온라인 이력서 접수방법 사람인 입사지원 기타 유의사항 입사지원 서류에 허위사실이 발견될 경우, 채용확정 이후라도 채용이 취소될 수 있습니다 . 목록","부서 업무내용 우대사항 소프트웨어 개발센터 - 웹 개발 및 유지보수 - JAVA, Spring, ja vasc ript, C#(.NET) - Oracle, MS-SQL - 정보처리 기사 - 전자정부프레임워크 또는 스프링프레임워크 경험자 - 앱 경험자 - 해당직무 근무경험 공간정보 기술연구소 - jQuery, C# 경험 - Unity 3D C# 개발 경험 - 학력 : 컴퓨터관련학과 졸업 - 경력 : 5 년 이상 - 정보처리 기사 - Jsp, J Query, GIS 관련 프로젝트 경험 - HTML5, CSS3, Image processing - 석사학위 이상 , 기업부설연구소 - 국가연구개발 수행경험 해당직무 근무경험 근무조건 및 환경 근무형태 정규직(수습기간) 근무요일/시간 주 5일(월~금) 근무지역 대구 - 동구 급여 회사내규에 따름 회사주소 (701-804) 대구 동구 방촌동 1119-116번지 준명빌딩 인근전철 대구 1호선 방촌3번 출구 에서500m 이내 전형절차 및 제출서류 전형절차 서류전형 > 실무자 / 임원 면접 > 최종합격 제출서류 이력서 및 자기소개서 * 최종합격 후 졸업증명서/성적증명서/공인시험성적서/자격증 사본/취업보호대상증명서 등 제출 접수기간 및 방법 접수기간 2018년 03월 02일 ~ 2018년 04월 01일 이력서양식 사람인 온라인 이력서 접수방법 사람인 입사지원 기타 유의사항 입사지원 서류에 허위사실이 발견될 경우, 채용확정 이후라도 채용이 취소될 수 있습니다 . 목록","소프트웨어 개발센터 - 웹 개발 및 유지보수 - JAVA, Spring, ja vasc ript, C#(.NET) - Oracle, MS-SQL - 정보처리 기사 - 전자정부프레임워크 또는 스프링프레임워크 경험자 - 앱 경험자 - 해당직무 근무경험 공간정보 기술연구소 - jQuery, C# 경험 - Unity 3D C# 개발 경험 - 학력 : 컴퓨터관련학과 졸업 - 경력 : 5 년 이상 - 정보처리 기사 - Jsp, J Query, GIS 관련 프로젝트 경험 - HTML5, CSS3, Image","및 제출서류 전형절차 서류전형 > 실무자 / 임원 면접 > 최종합격 제출서류 이력서 및 자기소개서 * 최종합격 후 졸업증명서/성적증명서/공인시험성적서/자격증 사본/취업보호대상증명서 등 제출 접수기간 및 방법 접수기간 2018년 03월 02일 ~ 2018년 04월 01일 이력서양식 사람인 온라인 이력서 접수방법 사람인 입사지원 기타 유의사항 입사지원 서류에 허위사실이 발견될 경우, 채용확정 이후라도 채용이 취소될 수 있습니다 . 목록",,,대구,정규직,,,,,active,2026-03-01 18:28:57.643709,2026-03-01 18:32:11.157599,True
39,6038,(주)지오씨엔아이,http://www.geocni.com/gboard/bbs/board.php?bo_table=recruit,채용정보 고객지원 > 채용정보 총 3 개 ( 1 / 1 Page ) 제목 내용 제목+내용 (주)지오씨엔아이 소프트웨어 개발 경력직 채용 공고 (주)지오씨엔아이 소프트웨어 개발 경력직 채용 공고 모집부문 및 자격요건 ... 관리자 / 2018-03-08 (주)지오씨엔아이 공간정보기술연구소 경력직 채용 공고 (주)지오씨엔아이 공간정보기술연구소 경력직 채용 공고모집부문 및 자격요건담당업무자격요건우대사항주요업무 :국토교통 R&D 과제 관리 및 실무(위성정보 활용 / 재난재해 / 수자원관리 / 공간정보활용 등 국토교통 및 한국연구재단 R&D 전반)세부업무 : - 연구성과 관리- 연구계획서 및 보고서 작성- 연구과제... 관리자 / 2018-03-08 (주)지오씨엔아이 산림/환경 GIS 채용 공고 (주)지오씨엔아이 산림/환경 GIS 채용 공고 모집부문 및 자격요건 ... 관리자 / 2018-03-08,... 관리자 / 2018-03-08 (주)지오씨엔아이 공간정보기술연구소 경력직 채용 공고 (주)지오씨엔아이 공간정보기술연구소 경력직 채용 공고모집부문 및 자격요건담당업무자격요건우대사항주요업무 :국토교통 R&D 과제 관리 및 실무(위성정보 활용 / 재난재해 / 수자원관리 / 공간정보활용 등 국토교통 및 한국연구재단 R&D 전반)세부업무 : - 연구성과 관리- 연구계획서 및 보고서 작성- 연구과제... 관리자 / 2018-03-08 (주)지오씨엔아이 산림/환경 GIS 채용 공고 (주)지오씨엔아이 산림/환경 GIS 채용 공고 모집부문 및 자격요건 ... 관리자 / 2018-03-08,주요업무 :국토교통 R&D 과제 관리 및 실무(위성정보 활용 / 재난재해 / 수자원관리 / 공간정보활용 등 국토교통 및 한국연구재단 R&D 전반)세부업무 : - 연구성과 관리- 연구계획서 및 보고서 작성- 연구과제... 관리자 / 2018-03-08 (주)지오씨엔아이 산림/환경 GIS 채용 공고 (주)지오씨엔아이 산림/환경 GIS 채용 공고 모집부문 및 자격요건 ... 관리자 / 2018-03-08,,,,,,,,,,active,2026-03-01 18:28:57.954139,2026-03-01 18:28:57.954102,True
40,9638,2022년 (주)에이스디이씨 신입 및 경력사원 채용,http://www.acedec.co.kr/event/?q=YToxOntzOjEyOiJrZXl3b3JkX3R5cGUiO3M6MzoiYWxsIjt9&bmode=view&idx=11376561&t=board,"알림 뒤로 알림 설정 뒤로 더보기 게시물 알림 내 글 반응 내가 작성한 게시물이나 댓글에 다른 사람이 댓글이나 답글을 작성하면 알려줍니다. 공지사항 사이트에서 보내는 중요한 공지를 실시간으로 알려줍니다. 회사소개 회사소개 연혁 및 인증 사업영역 커뮤니티 공지 채용 자료 회사소개 회사소개 연혁 및 인증 사업영역 커뮤니티 공지 채용 자료 커뮤니티 커뮤니티 행사 2022년 (주)에이스디이씨 신입 및 경력사원 채용 채용 2022-05-11 (주) 에이스디이씨 2022년 신입 및 경력사원 채용 공고 (마감) (주)에이스디이씨 에서는 함께할 직원을 모십니다. 채용절차 01 02 03 서류전형 실무면접 채용합격 채용분야 및 응시자격 채용분야 응시자격 담당업무 수자원부 관련학과 졸업 및 해당 직종 경력자 수자원 설계 실무 도시계획부 관련학과 졸업 및 해당 직종 경력자 도시계획 설계 실무 농어업토목부 관련학과 졸업 및 해당 직종 경력자 농어업토목 설계 실무 접수기한 및 방법 접수기한 2022년 5월11일~ (채용마감일까지) 접수방법 본사 이메일 acedec1@naver.com 접수 잡코리아 사람인에서 접수할 경우 해당 접수방법에 따라 접수 제출서류 이력서, 자기소개서 *경력직일 경우 주요업무를 중심으로 경력사항 및 경력기간 명기 또는 기술인협회 경력증명서 제출 근무지 주소 근무지 경기도 안양시 만안구 덕천로 152번길 25, 안양아이에스BIZ타워 A동 1301호 목록 글쓰기 회사명 (주)에이스디이씨 l 대표자명 박순정, 이병대 대표번호 031-385-0740 l 이메일주소 acedec@naver.com 사업자등록번호 454-81-00813 l 사업자주소 본사 : 경기도 용인시 기흥구 기흥로 58-1, 기흥 ICT밸리 SK V1 A동 l 지사 : 경기도 안양시 만안구 덕천로 152번길 25, 안양아이에스BIZ타워 A동 1301호 개인정보관리책임자 장원혁 l 개인정보관리책임자이메일 acedec@naver.com ⓒ ACE DEC Co., Ltd.",,,,,,경기,,,,,,active,2026-03-01 18:29:04.629603,2026-03-01 18:29:04.629583,True
41,13436,계리소프트웨어 개발자 모집 [경력/신입],http://okgia.com/62/?q=YToxOntzOjEyOiJrZXl3b3JkX3R5cGUiO3M6MzoiYWxsIjt9&bmode=view&idx=3065286&t=board,"알림 뒤로 알림 설정 뒤로 더보기 게시물 알림 내 글 반응 내가 작성한 게시물이나 댓글에 다른 사람이 댓글이나 답글을 작성하면 알려줍니다. 공지사항 사이트에서 보내는 중요한 공지를 실시간으로 알려줍니다. 로그인이 필요합니다. 로그인 회사소개 회사소개 CEO인사말 사업실적 고객파트너 부설연구소 조직도 특허증 오시는길 사업분야 계리컨설팅 IFRS17 검증 책임준비금 검증 CFP / 최적가정 상품개발, 위험률개발 및 검증 선임계리사 업무 지원 계리시스템 구축 지원 보험경영컨설팅 신설보험회사 경영컨설팅 퇴직연금컨설팅 퇴직급여채무평가 퇴직연금제도 도입컨설팅 국제회계기준(K-IFRS) 제 1019호(""종업원급여"") 서비스 제공 퇴직연금 컨설팅 IT 인프라 구축 SI/SM 아웃소싱 솔루션 계리소프트웨어 계리소프트웨어(PASS) 퇴직연금 퇴직연금계리(evaluation) 퇴직급여평가(eIBS1019) 스마트 IFRS(smart_eValuation) 퇴직연금컨설팅(eConsulting) 은퇴설계(eRP) 이력관리(eHM) 퇴직연금 ALM 퇴직연금투자컨설팅(eICS) 특허사항 채용정보 인사제도 채용정보 고객지원 공지사항 제품문의 고객지원 회사소개 회사소개 CEO인사말 사업실적 고객파트너 부설연구소 조직도 특허증 오시는길 사업분야 계리컨설팅 IFRS17 검증 책임준비금 검증 CFP / 최적가정 상품개발, 위험률개발 및 검증 선임계리사 업무 지원 계리시스템 구축 지원 보험경영컨설팅 신설보험회사 경영컨설팅 퇴직연금컨설팅 퇴직급여채무평가 퇴직연금제도 도입컨설팅 국제회계기준(K-IFRS) 제 1019호(""종업원급여"") 서비스 제공 퇴직연금 컨설팅 IT 인프라 구축 SI/SM 아웃소싱 솔루션 계리소프트웨어 계리소프트웨어(PASS) 퇴직연금 퇴직연금계리(evaluation) 퇴직급여평가(eIBS1019) 스마트 IFRS(smart_eValuation) 퇴직연금컨설팅(eConsulting) 은퇴설계(eRP) 이력관리(eHM) 퇴직연금 ALM 퇴직연금투자컨설팅(eICS) 특허사항 채용정보 인사제도 채용정보 고객지원 공지사항 제품문의 고객지원 RECRUIT 연금계리·보험계리의 새 지평을 여는 마음으로 항상 노력하겠습니다. 채용정보 계리소프트웨어 개발자 모집 [경력/신입] 관리자 채용정보 2020-02-06 조회수 4699 모집분야 및 자격요건 1) 개발 (신입) - 담당업무 솔루션 개발 (Java, JavaScript, .NET, VisualBasic) - 자격요건 학력: 학력무관 경력: 신입 2) 개발 (경력) - 담당업무 솔루션 개발 (Java, JavaScript, .NET, VisualBasic) - 자격요건 학력: 학력무관 경력: 경력 3년 ~ 10년 우대사항: 금융 관련 개발 경험자 근무조건 - 근무형태: 정규직(수습기간)-3개월 - 근무지: 서울 > 구로구 - 근무요일/시간: 주 5일(월~금) 오전 9시~오후 6시 - 급여: 회사내규에 따름 전형절차 - 서류전형 > 임원면접 > 최종합격 ※ 면접일정은 추후 통보합니다 접수방법 - 접수기간: 2020.02.16(일) 까지 - 접수메일: giagia@okgia.com 제출서류 - 이력서, 자기소개서 제출 기타사항 - 허위사실이 발견될 경우 채용이 취소될 수 있습니다. 0 목록 보험계리법인지아컨설팅(주) 주소 : 서울시 구로구 디지털로34길 27 1306호 (대륭포스트타워 3차) 사업자등록번호 : 105-86-41993 | 대표 : 김병선 대표전화 : 02-325-7921, 02-6371-6170 | 팩스번호 : 02-325-7926 | 이메일 : 141002@okgia.com","1) 개발 (신입) - 담당업무 솔루션 개발 (Java, JavaScript, .NET, VisualBasic) - 자격요건 학력: 학력무관 경력: 신입 2) 개발 (경력) - 담당업무 솔루션 개발 (Java, JavaScript, .NET, VisualBasic) - 자격요건 학력: 학력무관 경력: 경력 3년 ~ 10년 우대사항: 금융 관련 개발 경험자 근무조건 - 근무형태: 정규직(수습기간)-3개월 - 근무지: 서울 > 구로구 - 근무요일/시간: 주 5일(월~금) 오전 9시~오후 6시 - 급여: 회사내규에 따름 전형절차 - 서류전형 > 임원면접 > 최종합격 ※ 면접일정은 추후 통보합니다 접수방법 - 접수기간: 2020.02.16(일) 까지 - 접수메일: giagia@okgia.com 제출서류 - 이력서, 자기소개서 제출 기타사항 - 허위사실이 발견될 경우 채용이 취소될 수 있습니다. 0 목록 보험계리법인지아컨설팅(주) 주소 : 서울시 구로구 디지털로34길 27 1306호 (대륭포스트타워 3차) 사업자등록번호 : 105-86-41993 | 대표 : 김병선 대표전화 : 02-325-7921, 02-6371-6170 | 팩스번호 : 02-325-7926 | 이메일 : 141002@okgia.com Copyright ⓒ OKGIA Co.,Ltd. All Rights Reserved. Copyright ⓒ 2026 보험계리법인지아컨설팅(주) All rights reserved. 회사소개 사업분야 솔루션 채용정보 고객지원 이용약관 개인정보처리방침 SNS 바로가기","금융 관련 개발 경험자 근무조건 - 근무형태: 정규직(수습기간)-3개월 - 근무지: 서울 > 구로구 - 근무요일/시간: 주 5일(월~금) 오전 9시~오후 6시 - 급여: 회사내규에 따름 전형절차 - 서류전형 > 임원면접 > 최종합격 ※ 면접일정은 추후 통보합니다 접수방법 - 접수기간: 2020.02.16(일) 까지 - 접수메일: giagia@okgia.com 제출서류 - 이력서, 자기소개서 제출 기타사항 - 허위사실이 발견될 경우 채용이 취소될 수 있습니다. 0 목록 보험계리법인지아컨설팅(주) 주소 : 서울시 구로구 디지털로34길 27 1306호 (대륭포스트타워 3차) 사업자등록번호 : 105-86-41993 | 대표 : 김병선 대표전화 : 02-325-7921, 02-6371-6170 | 팩스번호 : 02-325-7926 | 이메일 : 141002@okgia.com Copyright ⓒ OKGIA Co.,Ltd. All Rights Reserved. Copyright ⓒ 2026 보험계리법인지아컨설팅(주) All rights reserved. 회사소개 사업분야 솔루션 채용정보 고객지원 이용약관 개인정보처리방침 SNS 바로가기","서류전형 > 임원면접 > 최종합격 ※ 면접일정은 추후 통보합니다 접수방법 - 접수기간: 2020.02.16(일) 까지 - 접수메일: giagia@okgia.com 제출서류 - 이력서, 자기소개서 제출 기타사항 - 허위사실이 발견될 경우 채용이 취소될 수 있습니다. 0 목록 보험계리법인지아컨설팅(주) 주소 : 서울시 구로구 디지털로34길 27 1306호 (대륭포스트타워 3차) 사업자등록번호 : 105-86-41993 | 대표 : 김병선 대표전화 : 02-325-7921, 02-6371-6170 | 팩스번호 : 02-325-7926 | 이메일 : 141002@okgia.com Copyright ⓒ OKGIA Co.,Ltd. All Rights Reserved. Copyright ⓒ 2026 보험계리법인지아컨설팅(주) All rights reserved. 회사소개 사업분야 솔루션 채용정보 고객지원 이용약관 개인정보처리방침 SNS 바로가기",,,서울,정규직,,,,,active,2026-03-01 18:29:09.864802,2026-03-01 18:32:24.867138,True
42,14247,채용공고,http://www.ptbyte.co.kr/html/recruit01-03.php?id_no=7,"채용공고 복리후생 채용공고 HOME 채용안내 (주)페타바이트 와 함께 열정적 으로 일할 수 있는 여러분의 도전을 기다립니다. 당신의 열정과 창의력을 맘껏 펼칠 수 있는 페타바이트에서 당신의 꿈을 키울수 있습니다. 채용공고 지원자 정보입력 모집분야 [신입] 엔지니어 모집 구분 신입 채용기간 2019년 10월 21일까지 내 용 당사에서는 패기와 열정, 끈기를 두루두루 겸비한 신입사원을 모집니다. 1. 지원분야 : 엔지니어(서버, 스토리지, Network등) 2. 모집기간 : 2019년 10월 21일까지(7일간) 3. 지원자격 : 4년제 대학교 졸업자 또는 예정자 4. 지원서류 : 가. 개인이력서(사진필수, 연락처 필수) - 일반양식 나. 졸업증명서(또는 예정서), 학점증명서, 자격증(소지했을시) 5. 문의전화 : 070-7779-0947(담당자 : 임지평 대리)",,,,,,,,,,,,active,2026-03-01 18:29:10.571041,2026-03-01 18:29:10.571019,True
43,13436,보험계리법인지아컨설팅(주),http://okgia.com/62,"알림 뒤로 알림 설정 뒤로 더보기 게시물 알림 내 글 반응 내가 작성한 게시물이나 댓글에 다른 사람이 댓글이나 답글을 작성하면 알려줍니다. 공지사항 사이트에서 보내는 중요한 공지를 실시간으로 알려줍니다. 로그인이 필요합니다. 로그인 회사소개 회사소개 CEO인사말 사업실적 고객파트너 부설연구소 조직도 특허증 오시는길 사업분야 계리컨설팅 IFRS17 검증 책임준비금 검증 CFP / 최적가정 상품개발, 위험률개발 및 검증 선임계리사 업무 지원 계리시스템 구축 지원 보험경영컨설팅 신설보험회사 경영컨설팅 퇴직연금컨설팅 퇴직급여채무평가 퇴직연금제도 도입컨설팅 국제회계기준(K-IFRS) 제 1019호(""종업원급여"") 서비스 제공 퇴직연금 컨설팅 IT 인프라 구축 SI/SM 아웃소싱 솔루션 계리소프트웨어 계리소프트웨어(PASS) 퇴직연금 퇴직연금계리(evaluation) 퇴직급여평가(eIBS1019) 스마트 IFRS(smart_eValuation) 퇴직연금컨설팅(eConsulting) 은퇴설계(eRP) 이력관리(eHM) 퇴직연금 ALM 퇴직연금투자컨설팅(eICS) 특허사항 채용정보 인사제도 채용정보 고객지원 공지사항 제품문의 고객지원 회사소개 회사소개 CEO인사말 사업실적 고객파트너 부설연구소 조직도 특허증 오시는길 사업분야 계리컨설팅 IFRS17 검증 책임준비금 검증 CFP / 최적가정 상품개발, 위험률개발 및 검증 선임계리사 업무 지원 계리시스템 구축 지원 보험경영컨설팅 신설보험회사 경영컨설팅 퇴직연금컨설팅 퇴직급여채무평가 퇴직연금제도 도입컨설팅 국제회계기준(K-IFRS) 제 1019호(""종업원급여"") 서비스 제공 퇴직연금 컨설팅 IT 인프라 구축 SI/SM 아웃소싱 솔루션 계리소프트웨어 계리소프트웨어(PASS) 퇴직연금 퇴직연금계리(evaluation) 퇴직급여평가(eIBS1019) 스마트 IFRS(smart_eValuation) 퇴직연금컨설팅(eConsulting) 은퇴설계(eRP) 이력관리(eHM) 퇴직연금 ALM 퇴직연금투자컨설팅(eICS) 특허사항 채용정보 인사제도 채용정보 고객지원 공지사항 제품문의 고객지원 RECRUIT 연금계리·보험계리의 새 지평을 여는 마음으로 항상 노력하겠습니다. 채용정보 No 제목 글쓴이 작성시간 조회수 좋아요 1 계리소프트웨어 개발자 모집 [경력/신입] 관리자 2020-02-06 조회수 4700 0 검색어 입력 보험계리법인지아컨설팅(주) 주소 : 서울시 구로구 디지털로34길 27 1306호 (대륭포스트타워 3차) 사업자등록번호 : 105-86-41993 | 대표 : 김병선 대표전화 : 02-325-7921, 02-6371-6170 | 팩스번호 : 02-325-7926 | 이메일 : 141002@okgia.com",,,,,,서울,,,,,,active,2026-03-01 18:29:10.615654,2026-03-01 18:32:25.430762,True
44,13436,보험계리법인지아컨설팅(주),http://okgia.com/60,"알림 뒤로 알림 설정 뒤로 더보기 게시물 알림 내 글 반응 내가 작성한 게시물이나 댓글에 다른 사람이 댓글이나 답글을 작성하면 알려줍니다. 공지사항 사이트에서 보내는 중요한 공지를 실시간으로 알려줍니다. 로그인이 필요합니다. 로그인 회사소개 회사소개 CEO인사말 사업실적 고객파트너 부설연구소 조직도 특허증 오시는길 사업분야 계리컨설팅 IFRS17 검증 책임준비금 검증 CFP / 최적가정 상품개발, 위험률개발 및 검증 선임계리사 업무 지원 계리시스템 구축 지원 보험경영컨설팅 신설보험회사 경영컨설팅 퇴직연금컨설팅 퇴직급여채무평가 퇴직연금제도 도입컨설팅 국제회계기준(K-IFRS) 제 1019호(""종업원급여"") 서비스 제공 퇴직연금 컨설팅 IT 인프라 구축 SI/SM 아웃소싱 솔루션 계리소프트웨어 계리소프트웨어(PASS) 퇴직연금 퇴직연금계리(evaluation) 퇴직급여평가(eIBS1019) 스마트 IFRS(smart_eValuation) 퇴직연금컨설팅(eConsulting) 은퇴설계(eRP) 이력관리(eHM) 퇴직연금 ALM 퇴직연금투자컨설팅(eICS) 특허사항 채용정보 인사제도 채용정보 고객지원 공지사항 제품문의 고객지원 회사소개 회사소개 CEO인사말 사업실적 고객파트너 부설연구소 조직도 특허증 오시는길 사업분야 계리컨설팅 IFRS17 검증 책임준비금 검증 CFP / 최적가정 상품개발, 위험률개발 및 검증 선임계리사 업무 지원 계리시스템 구축 지원 보험경영컨설팅 신설보험회사 경영컨설팅 퇴직연금컨설팅 퇴직급여채무평가 퇴직연금제도 도입컨설팅 국제회계기준(K-IFRS) 제 1019호(""종업원급여"") 서비스 제공 퇴직연금 컨설팅 IT 인프라 구축 SI/SM 아웃소싱 솔루션 계리소프트웨어 계리소프트웨어(PASS) 퇴직연금 퇴직연금계리(evaluation) 퇴직급여평가(eIBS1019) 스마트 IFRS(smart_eValuation) 퇴직연금컨설팅(eConsulting) 은퇴설계(eRP) 이력관리(eHM) 퇴직연금 ALM 퇴직연금투자컨설팅(eICS) 특허사항 채용정보 인사제도 채용정보 고객지원 공지사항 제품문의 고객지원 RECRUIT 연금계리·보험계리의 새 지평을 여는 마음으로 항상 노력하겠습니다. 인사제도 지아컨설팅(주)은 공정하고 객관적인 평가를 위해 성과평가, 직무능력 평가 등을 실시하고 있으며, 평가결과는 보상과 승진의 기본자료로 활용되고 있습니다. 승진제도 직무체계상의 수직적 상향 이동을 의미하며, 매년 4월(연1회)실시 정규승진 : 표준 근속년수 경과자 중, 업무능력 및 리더쉽 등을 평가하여 선정 특별승진 : 표준 근속년수 미만자 중, 업무능력 및 리더쉽 면에서 탁월한 자에 한하여 선정 호칭변경제도 호칭변경에 필요한 표준 근속년수 경과자 중, 업무능력 및 조직기여도 등을 평가하여 선정 보험계리법인지아컨설팅(주) 주소 : 서울시 구로구 디지털로34길 27 1306호 (대륭포스트타워 3차) 사업자등록번호 : 105-86-41993 | 대표 : 김병선 대표전화 : 02-325-7921, 02-6371-6170 | 팩스번호 : 02-325-7926 | 이메일 : 141002@okgia.com",,,,,,서울,,,,,,active,2026-03-01 18:29:10.638755,2026-03-01 18:29:10.638733,True
45,14247,채용공고,http://www.ptbyte.co.kr/html/recruit01-03.php?id_no=8,"채용공고 복리후생 채용공고 HOME 채용안내 (주)페타바이트 와 함께 열정적 으로 일할 수 있는 여러분의 도전을 기다립니다. 당신의 열정과 창의력을 맘껏 펼칠 수 있는 페타바이트에서 당신의 꿈을 키울수 있습니다. 채용공고 지원자 정보입력 모집분야 [신입/경력] 엔지니어 채용(정규직) 구분 신입/경력 채용기간 2020년 3월 15일 까지 내 용 당사에서는 패기와 열정, 끈기를 두루두루 겸비한 신입사원을 모집니다. 1. 지원분야 : 엔지니어(서버, 스토리지, Network등) 2. 모집기간 : 2020년 3월 15일까지 3. 지원자격 : 4년제 대학교 졸업자 또는 예정자 4. 지원서류 : 가. 개인이력서(사진필수, 연락처 필수) - 일반양식 나. 졸업증명서(또는 예정서), 학점증명서, 자격증(소지했을시) 5. 우대사항 : 컴퓨터/시스템공학 전공자, 정보처리기사 보유자, 해당직무 근무경험자 6. 문의전화 : 070-7779-0947(담당자 : 임지평 대리)",,"컴퓨터/시스템공학 전공자, 정보처리기사 보유자, 해당직무 근무경험자 6. 문의전화 : 070-7779-0947(담당자 : 임지평 대리)",,,,,정규직,,,,,active,2026-03-01 18:29:10.926384,2026-03-01 18:29:10.926350,True
46,14247,채용공고,http://www.ptbyte.co.kr/html/recruit01-03.php?id_no=9,"채용공고 복리후생 채용공고 HOME 채용안내 (주)페타바이트 와 함께 열정적 으로 일할 수 있는 여러분의 도전을 기다립니다. 당신의 열정과 창의력을 맘껏 펼칠 수 있는 페타바이트에서 당신의 꿈을 키울수 있습니다. 채용공고 지원자 정보입력 모집분야 [신입] 2021년도 신입 엔지니어 모집 구분 신입 채용기간 2020년 12월 15일까지 내 용 당사에서는 패기와 열정, 끈기를 두루두루 겸비한 신입사원을 모집니다. 1. 지원분야 : 엔지니어(서버, 스토리지, Network등) 2. 모집기간 : 2020년 12월 15일까지 3. 지원자격 : 4년제 대학교 졸업자 또는 예정자 4. 지원서류 : 가. 개인이력서(사진필수, 연락처 필수) - 일반양식 나. 졸업증명서(또는 예정서), 학점증명서, 자격증(필수 : 정보처리기사 등) 5. 문의전화 : 070-7779-0947(담당자 : 임지평 대리)",,,,,,,,,,,,active,2026-03-01 18:29:11.219281,2026-03-01 18:29:11.219244,True
47,14247,채용공고,http://www.ptbyte.co.kr/html/recruit01-03.php?id_no=10,"채용공고 복리후생 채용공고 HOME 채용안내 (주)페타바이트 와 함께 열정적 으로 일할 수 있는 여러분의 도전을 기다립니다. 당신의 열정과 창의력을 맘껏 펼칠 수 있는 페타바이트에서 당신의 꿈을 키울수 있습니다. 채용공고 지원자 정보입력 모집분야 (경력) HCI 엔지니어 VXRAIL or NUTANIX 구분 경력 채용기간 2021년 7월 23일까지 내 용 당사에서는 패기와 열정, 끈기를 두루두루 겸비한 경력사원을 모집니다. 1. 지원분야 : HCI엔지니어(VMware , Nutanix) 2. 모집기간 : 2021년 7월 23일까지 3. 지원자격 : 4년제 대학교 졸업자 4. 지원서류 : 가. 개인이력서(사진필수, 연락처 필수) - 일반양식 나. 졸업증명서(또는 예정서), 학점증명서, 자격증(VCP, NCP-MCI, NCM-MCI) 5. 우대사항 : 컴퓨터/시스템공학 전공자, 정보처리기사 보유자, 해당직무 근무경험자 6. 문의전화 : 070-7779-0947(담당자 : 임지평 과장)",,"컴퓨터/시스템공학 전공자, 정보처리기사 보유자, 해당직무 근무경험자 6. 문의전화 : 070-7779-0947(담당자 : 임지평 과장)",,,,,,,,,,active,2026-03-01 18:29:11.608795,2026-03-01 18:29:11.608779,True
48,14247,채용공고,http://www.ptbyte.co.kr/html/recruit01-03.php?id_no=11,"채용공고 복리후생 채용공고 HOME 채용안내 (주)페타바이트 와 함께 열정적 으로 일할 수 있는 여러분의 도전을 기다립니다. 당신의 열정과 창의력을 맘껏 펼칠 수 있는 페타바이트에서 당신의 꿈을 키울수 있습니다. 채용공고 지원자 정보입력 모집분야 신입(영업,총무,회계,엔지니어)사원 모집 구분 신입 채용기간 2021년 12월 17일까지 내 용 당사에서는 패기와 열정, 끈기를 두루두루 겸비한 신입사원을 모집니다. 1. 지원분야 : 영업,관리(회계,총무등), 엔지니어(서버, 스토리지, Network등) 2. 모집기간 : 2021년 12월 17일까지(21일간) 3. 지원자격 : 4년제 대학교 졸업자 또는 예정자 4. 지원서류 : 가. 개인이력서(사진필수, 연락처 필수) - 일반양식 나. 졸업증명서(또는 예정서), 학점증명서, 자격증(소지했을시) 5. 문의전화 : 070-7779-0947(담당자 : 임지평 과장)",,,,,,,,,,,,active,2026-03-01 18:29:12.030617,2026-03-01 18:29:12.030585,True
49,14247,복리후생,http://www.ptbyte.co.kr/html/recruit02.php,"채용공고 복리후생 복리후생 HOME 채용안내 복리후생 (주)페타바이트 와 함께 열정적 으로 일할 수 있는 여러분의 도전을 기다립니다. 당신의 열정과 창의력을 맘껏 펼칠 수 있는 페타바이트에서 당신의 꿈을 키울수 있습니다. 근무조건 근무형태 정규직 근무지역 서울시 광진구 광나루로 56길 85 테크노마트 30층 근무시간 주5일 (월~금) 오전 9시 ~ 오후 5시 30분 급여 면접 후 결정 복리후생 연금보험 4대보험 및 퇴직연금 급여제도 연봉제 및 인센티브 우수사원포상, 각종 수당 사내동호회 농구, 야구, 탁구, 볼링, 등산, 여직원모임 등 사내복지 건강검진, 차량유류비 지원, 교육비 지원, 연차제도, 경조휴가 전형절차 - 1차 : 서류전형 - 2차 : 1차면접 (※서류전형 합격자에 한하여 개별통보함) - 3차 : 2차면접 (※1차면접 합격자에 한하여 개별통보함) 제출서류 - 이력서, 자기소개서 접수방법 - 사람인 온라인 입사지원 또는 자사 홈페이지 입사지원 입사지원하기 기타사항 - 인사담당 : 인사채용담당자 ☎(02)416-0941 - 회사주소 : 서울시 광진구 광나루로 56길 85 테크노마트 30층 - 제출한 서류는 일체 반환하지 않음. - 제출한 서류에 허위사실이 있을 경우 채용취소함.",,,"1차 : 서류전형 - 2차 : 1차면접 (※서류전형 합격자에 한하여 개별통보함) - 3차 : 2차면접 (※1차면접 합격자에 한하여 개별통보함) 제출서류 - 이력서, 자기소개서 접수방법 - 사람인 온라인 입사지원 또는 자사 홈페이지 입사지원 입사지원하기 기타사항 - 인사담당 : 인사채용담당자 ☎(02)416-0941 - 회사주소 : 서울시 광진구 광나루로 56길 85 테크노마트 30층 - 제출한 서류는 일체 반환하지 않음. - 제출한 서류에 허위사실이 있을 경우 채용취소함.","건강검진, 경조휴가, 교육비",,서울,정규직,,,,,active,2026-03-01 18:29:12.336271,2026-03-01 18:29:12.336244,True
50,17211,채용안내 --UTZENS--,http://www.utzens.com/ver02/sub03_1.html,"안녕하세요. 유티젠스(주)입니다. 유티젠스(주) 신입사원을 상시모집하고 있습니다. ■ 모집부문 - 신입사원(0 명) - 네트워크기술지원 ■ 응시자격 - 전공무관 - 학력무관 - 네트워크 관련 자격증 소지자 우대 (JNCIE, CCIE, CCNP, JNCIP, JNCIA, CCNA등) - 기본적인 고객마인드가 있고, 유연한 사고를 가지신 분 - 배우고자 하는 의지가 강하신 분 - 성실하고 긍정적이며, 실천력이 강하신 분 - 실패를 두려워하지 않고, 도전정신이 강하신 분 - 고학력과 화려한 경력이 아닌 실력으로 보여주실 분 - 남자의 경우 병역필 또는 면제자 ■ 전형일정 - 접수기간 : 상시 - 접수방법 : 홈페이지에서 입사지원서 양식을 다운로드하여 작성 후 담당자 e-mail 접수 (recruit@utzens.com) - 서류전형 합격자 발표 : 상시 (합격자에 한해 개별 통보) ■ 전형절차 - 1차 서류면접 → 2차 면접 → 3차 면접 ■ 제출서류(최종 면접시 제출) - 최종학교 졸업(예정)증명서 및 성적증명서 원본 - 공인어학성적표 원본(해당자에 한함) - 자격증사본 (해당자에 한함) ■ 복리후생 - 연금/보험 : 국민연금, 고용보험, 산재보험, 건강보험, 단체상해보험 - 휴무/휴가 : 주5일 근무, 연차, 출산휴가, 경조휴가 등 - 교육/여가 : 자기개발비지원(자격증지원 등) - 기 타 : 종합건강검진 등 ■ 기타 - 제출된 서류는 일체 반환하지 않습니다. - 제출 또는 기재하신 내용이 사실과 다를 경우 입사가 취소됩니다. - 국가유공자는 관계규정에 따라 우대합니다. - 기타 자세한 사항은 당사 홈페이지를 참고하시거나 대표전화(02-540-4052)로 문의하여 주십시요. ■ 문의처 - E-MAIL : recruit@utzens.com - TEL : 02) 540-4052 상호 : 유티젠스 주식회사 주소 : (우) 04785 서울시 성동구 뚝섬로 17가길 48 성수에이원센터 705호 TEL : 02-540-4052 FAX : 02-540-4113",,,,"건강검진, 경조휴가",,서울,,,,,,active,2026-03-01 18:29:14.949347,2026-03-01 18:29:14.949321,True
51,9524,팀 문화,https://logi-spot.com/recruit/culture,"Skip to main content 팀 문화 디지털 물류의 내일을 만들어갈 로지스팟과 함께하세요 팀 문화 채용공고 멤버스토리 자주 묻는 질문 우리는 디지털 혁신을 통해 물류산업을 바꿔갑니다 디지털을 기반으로 기업에 특화한 물류를 설계하고, 데이터를 통해 지속적으로 물류 최적화를 이룹니다. 로지스팟은 국내 1위 디지털 통합 물류 기업으로서 물류산업의 디지털화를 이끌어갑니다. OUR MISSION 사람, 기술, 인프라를 융합하여 최적의 서비스를 제공합니다 전국 물류 인프라와 IT 기술력, 산업별 전문성을 통해 고객의 문제를 해결하고, 최적의 솔루션을 제공합니다. OUR VISION 산업을 변화하는 혁신적인 통합 물류 솔루션 기업 다양한 산업군의 물류 업무를 디지털화하고, 지속적인 Value Chain 확장으로 물류 산업의 혁신을 선도합니다. HOW WE WORK 로지스팟이 일하는 방법 Who do we want Way we work 01. Integrity 생각과 행동이 일치하며 정직한 모습으로 신뢰받는 인재 03. Drive 강한 내적 동기를 통해 목표를 달성하는 열정 있는 인재 02. Intelligent 탁월한 이해력을 바탕으로 문제를 빠르고 유연하게 해결하는 인재 04. Teamwork 뛰어난 소통 능력과 공감력을 바탕으로 동료들과 함께 성과를 만들어내는 인재 01. Integrity 생각과 행동이 일치하며 정직한 모습으로 신뢰받는 인재 02. Intelligent 탁월한 이해력을 바탕으로 문제를 빠르고 유연하게 해결하는 인재 03. Drive 강한 내적 동기를 통해 목표를 달성하는 열정 있는 인재 04. Teamwork 뛰어난 소통 능력과 공감력을 바탕으로 동료들과 함께 성과를 만들어내는 인재 01. People 사람이 전부라는 자세로 훌륭한 동료와 팀을 만듭니다. 04. Consensus 업무 추진 전 충분한 설명과 교감을 통해 모두가 하나가 됩니다. 02. Discovery 매일 도전과 실패를 통해 끊임없이 발견하고 성장합니다. 05. Ownership 명확한 권한과 책임을 부여하여 목표를 달성합니다. 03. Agile 계속되는 발견을 바탕으로 유연하고 스피드 있게 대응하며 문제를 해결합니다. 06. Reward 성과를 바탕으로 공평한 보상과 인정(recognition)을 합니다. 01. People 사람이 전부라는 자세로 훌륭한 동료와 팀을 만듭니다. 02. Discovery 매일 도전과 실패를 통해 끊임없이 발견하고 성장합니다. 03. Agile 계속되는 발견을 바탕으로 유연하고 스피드 있게 대응하며 문제를 해결합니다. 04. Consensus 업무 추진 전 충분한 설명과 교감을 통해 모두가 하나가 됩니다. 05. Ownership 명확한 권한과 책임을 부여하여 목표를 달성합니다. 06. Reward 성과를 바탕으로 공평한 보상과 인정(recognition)을 합니다. OUR MEMBER 팀원들이 생각하는 로지스팟 로지스팟은 기존의 디지털 기반 운송 서비스라는 한정된 분야가 아니라, 수출입 운송 및 물류센터 운영 등 물류 전반의 디지털화를 위한 서비스 제공하고자 합니다. 이에 맞춰 영업팀 모든 구성원이 발 바쁘게 움직이고 있습니다. 영업팀 정*원 하루의 업무를 시작 전에 전체 팀원들이 각자 업무 내용을 공유하는 ‘브레인스토밍’시간에 각자 무슨 업무를 수행 중인지 파악할 수 있을 뿐만 아니라, 각 프로젝트에서 발생한 이슈를 함께 고민하고, 무엇보다 팀원 간에 언제든지 자유로이 의견을 나눌 수 있는 분위기입니다. 프로덕트 본부 강*규 프로덕트 본부는 학습하고 그 지식을 공유하는 걸 굉장히 중요하게 생각합니다. 연차에 상관없이 누구나 자유롭게 의견을 말하고 모두가 경청하는 분위기입니다. 현장에서 물류를 경험하며, 어떤 걸 어떻게 시스템화할지, 더 개선할 포인트가 없는지 확인하기도 합니다. 프로덕트 본부 황*근 BENEFITS & PERKS 업무에 집중할 수 있는 환경과 문화를 제공합니다 근무환경 워라밸 지원 선물 건강 자유 복장 편안한 옷을 입고 업무 효율 UP! 근무복 지원 쾌적한 작업을 위한 하계·동계 근무복 지원 야근 교통비 밤 10시 이후 퇴근 시, 안전한 귀갓길을 위한 택시비 지원 편리한 출퇴근 출, 퇴근이 용이한 역삼역 역세권 오피스 업무 장비 각 직무별 고사양 업무 장비 제공 자유로운 연차 사용 이유 불문. 쉬고 싶은 날 눈치 보지 않고 자유롭게 연차 사용 여름휴가 리프레시를 위해 연차 외 여름 유급휴가 3일 제공 재택근무제도 코로나와 별개로 주 1회 재택근무 실시 시차출퇴근제도 오전 8시~10시 선택 가능한 유연한 출퇴근 시간 건강검진 휴가 건강검진을 위한 유급휴가 1일 제공 태아검진 휴가 예비 엄마, 아빠를 위한 태아검진 휴가 지원 경조사 지원 경조금, 경조휴가, 화환, 경조물품 등 임직원 각종 경조사 지원 자기개발비 지원 업무 역량 향상을 위한 교육, 강의, 세미나 등 임직원 자기개발비 지원 도서 구매 직무, 자기개발 도서 ‘무제한’ 구매 지원 팀 빌딩비 지원 훌륭한 팀워크를 위한 팀 빌딩 비용 지원 식비 지원 점심 식대 및 야근 시 저녁 식비 지원 간식 지원 본사 오피스 내 최고급 커피 머신 및 스낵바 구비 웰컴 키트 제공 신규 입사자를 위한 웰컴 키트 증정 명절 선물 두 손 가득 명절 선물 지급 운송비 지원금 로지스팟 운송서비스 (용달, 퀵서비스 등) 이용 시 50% 비용 지원 직원 추천 보상금 추천 인재 채용 성사 시 채용 보상금 지급 장기근속 직원 보상 근속 3년마다 리프레시 휴가 및 휴가비 지원 우수사원 포상 매년 우수사원, 우수팀 선정 및 포상 건강검진 지원 건강한 일상을 위한 전문 의료기관 건강검진 지원 단체보험 가입 불확실한 사고에 대비할 수 있는 근로자 단체보험 가입 근무환경 워라밸 지원 선물 건강 자유 복장 편안한 옷을 입고 업무 효율 UP! 근무복 지원 추운 현장에서 따듯하게 일할 수 있도록 동절기 근무복 지원 야근 교통비 밤 10시 이후 퇴근 시, 안전한 귀갓길을 위한 택시비 지원 편리한 출퇴근 출, 퇴근이 용이한 역삼역 역세권 오피스 업무 장비 각 직무별 고사양 업무 장비 제공 자유로운 연차 사용 이유 불문. 쉬고 싶은 날 눈치 보지 않고 자유롭게 연차 사용 여름 휴가 리프레시를 위해 연차 외 여름 유급휴가 3일 제공 재택근무제도 코로나와 별개로 주 1회 재택근무 실시 시차출퇴근제도 오전 8시~10시 선택 가능한 유연한 출퇴근 시간 건강검진 휴가 건강검진을 위한 유급휴가 1일 제공 태아검진 휴가 예비 엄마, 아빠를 위한 태아검진 휴가 지원 경조사 지원 경조금, 경조휴가, 화환, 경조물품 등 임직원 각종 경조사 지원 자기개발비 지원 업무 역량 향상을 위한 교육, 강의, 세미나 등 임직원 자기개발비 지원 도서 구매 직무, 자기개발 도서 ‘무제한’ 구매 지원 팀 빌딩비 지원 훌륭한 팀워크를 위한 팀 빌딩 비용 지원 식비 지원 점심 식대 및 야근 시 저녁 식비 지원 간식 지원 본사 오피스 내 최고급 커피머신 및 스낵바 구비 웰컴 키트 제공 신규 입사자를 위한 웰컴 키트 증정 명절 선물 두 손 가득 명절 선물 지급 운송비 지원금 로지스팟 운송서비스 (용달, 퀵서비스 등) 이용 시 50% 비용 지원 직원 추천 보상금 추천 인재 채용 성사 시 채용 보상금 지급 장기근속 직원 보상 근속 3년마다 리프레시 휴가 및 휴가비 지원 우수사원 포상 매년 우수사원, 우수팀 선정 및 포상 건강검진 지원 건강한 일상을 위한 전문 의료기관 건강검진 지원 단체보험 가입 불확실한 사고에 대비할 수 있는 근로자 단체보험 가입 * 직군에 따라 일부 항목이 상이하게 적용될 수 있습니다. OUR OFFICE 로지스팟 오피스를 소개합니다 물류혁신을 만들어가고 있는 로지스팟과 함께하세요 채용공고 보러 가기 디지털 물류의 내일을 만들 로지인을 찾습니다. 성장하는 곳에서 더 나은 미래를 함께 만들어 가요. 자주 묻는 질문 로지스팟 채용에 대해 궁금한 게 있으신가요? 자주 질문해 주시는 내용과 답변을 모아봤습니다. 물류, 고민하지 마세요 로지스팟 하세요 서비스 재계약률 95% 이상 의 비결, 직접 경험해보세요. # 최신 물류 트렌드, 프로모션, 맞춤형 서비스 정보를 받아보세요! 로지스팟(주) 대표 : 박재용, 박준규 주소 : 서울특별시 강남구 테헤란로33길 3-6, 역삼스마트타워 5F~10F 사업자등록번호 : 134-86-23047 통신판매업 신고 번호 : 제2020-서울서초-0689호 메일 : support@logi-spot.com FAMILY SITE 고려택배 로지스팟한록 솔루션 운송 – 퀵 운송 – 화물 운송 – 수출입 운송(보세) 3PL(계약물류) – 국내 물류 – 공동 배송 – 수출입 물류 아웃소싱 솔루션 – 물류센터 – 문서수발실 물류 컨설팅 Technology 로지스팟 컨트롤타워 TMS WMS 산업군 프랜차이즈 헬스케어 CPG 저온식품 산업재 자동차 부품 전자기기 주류 소식 전체보기 보도자료 블로그 고객 사례 이벤트 고객지원 IR 게시판 회사소개 회사소개 연혁 FAQ 인재 채용 팀 문화 채용공고 멤버스토리 자주 묻는 질문",,,,"건강검진, 경조휴가, 식대, 재택근무",,서울,,,,,,active,2026-03-01 18:29:15.447338,2026-03-01 18:29:15.447320,True
52,19404,주메뉴,https://www.sym.co.kr/main/main.php#job-0,삼영기계 소개 회사개요 회사역사 홍보관 사업장 오시는 길 인증 제품정보 엔진부품 주조제품 3D프린팅 몰드 및 시제품 제작 서비스 실내외 동시환경 집진 설비 시스템 샌드 3D프린터 메탈 3D프린터 고객지원 견적 요청 문의 사항 기술현황 핵심기술 기술연구소 생산역량 신사업 분야 미디어센터 회사 소식 자료실 인재채용 삼영기계 인재상 채용공고 및 입사지원,,,,,,,,,,,,active,2026-03-01 18:29:16.337133,2026-03-01 18:29:16.337106,True
53,21871,새로운 미래를 열어가는 Solution Mate,https://recruit.kkpc.com/main/recruit/27_4/index.jsp,"는 영업 목표 및 전략 수립과 실적 분석입니다. 영업관리 (기획/지원) 영업을 관리하는 직무로 크게 영업기획과 영업지원으로 구분됩니다. 우선 영업기획의 주요 업무는 영업 목표 및 전략 수립과 실적 분석입니다. 자세히 보기 전략기획 전략기획은 회사의 장/단기 목표 달성부터 나아가 지속적인 성장을 위한 전략을 수립하고 이를 실행 및 검토하는 업무를 수행하고 있습니다. 전략기획 전략기획은 회사의 장/단기 목표 달성부터 나아가 지속적인 성장을 위한 전략을 수립하고 이를 실행 및 검토하는 업무를 수행하고 있습니다. 자세히 보기 기술기획 기술기획 업무는 크게 생산기획/기술기획/기술 프로젝트 추진/품질·환경·안전 관리 분야로 구분할 수 있으며 기업 가치를 최대로 창출 할 수 있도록 각 부분간 의견을 조율하고 기획하는 업무를 수행합니다. 기술기획 기술기획 업무는 크게 생산기획/기술기획/기술 프로젝트 추진/품질·환경·안전 관리 분야로 구분할 수 있으며 기업 가치를 최대로 창출 할 수 있도록 각 부분간 의견을 조율하고 기획하는 업무를 수행합니다. 자세히 보기 인사 사람, 구체적으로는 회사의 내부 구성원인 임직원과 관련된 모든 업무를 담당합니다. 조직의 인재상과 일치하며, 회사의 전략 및 경영목표를 달성하는데 적합한 역량을 가진 인재를 채용, 이들이 기존 구성원과 조화를 이루고 핵심인재로 성장할 수 있도록 교육하는 역할을 수행합니다. 인사 사람, 구체적으로는 회사의 내부 구성원인 임직원과 관련된 모든 업무를 담당합니다. 조직의 인재상과 일치하며, 회사의 전략 및 경영목표를 달성하는데 적합한 역량을 가진 인재를 채용, 이들이 기존 구성원과 조화를 이루고 핵심인재로 성장할 수 있도록 교육하는 역할을 수행합니다. 자세히 보기 총무(업무지원) 직원들이 아침에 직원들이 출근해서 근무에 집중할 수 있도록 쾌적한 사무환경을 구축하는 일에서부터 퇴근 후 회사 보안을 위해 경비를 설정하는 일까지 경영활동을 지원하는 모든 업무를 말합니다. 총무(업무지원) 직원들이 아침에 직원들이 출근해서 근무에 집중할 수 있도록 쾌적한 사무환경을 구축하는 일에서부터 퇴근 후 회사 보안을 위해 경비를 설정하는 일까지 경영활동을 지원하는 모든 업무를 말합니다. 자세히 보기 구매 주원료, 부원료, 포장재 그리고 설비 구매 업무를 통해 원가 절감과 원활한 생산 활동을 지원합니다. 구매 품목의 시장(시황, 정부정책, Risk등) 분석을 기반으로 금액의 적정성을 검증 합니다. 구매 주원료, 부원료, 포장재 그리고 설비 구매 업무를 통해 원가 절감과 원활한 생산 활동을 지원합니다. 구매 품목의 시장(시황, 정부정책, Risk등) 분석을 기반으로 금액의 적정성을 검증 합니다. 자세히 보기 자금 회사의 재무안정성을 확보하기 위해 효율적인 자금운용 및 조달 업무를 수행합니다. 자금 운용/조달 업무 : 자금 과부족을 파악하고 적기에 합리적인 금리로 금융시장 및 기관을 통해 자금을 운용/조달하는 업무 입니다. 자금 회사의 재무안정성을 확보하기 위해 효율적인 자금운용 및 조달 업무를 수행합니다. 자금 운용/조달 업무 : 자금 과부족을 파악하고 적기에 합리적인 금리로 금융시장 및 기관을 통해 자금을 운용/조달하는 업무 입니다. 자세히 보기 회계 회사의 산출된 회계정보를 활용하여, 재무리포팅 및 각종 제 세무신고 관련 업무를 통한 외부회계정보 이용자들에게 신뢰성 있는 정보를 제공하고, 회계정보 분석 업무를 통한 경영진 등 내부회계정보 이용자들에게 의사결정에 유용한 정보를 제공하는 등 다양한 업무를 담당하고 있습니다. 회계 회사의 산출된 회계정보를 활용하여, 재무리포팅 및 각종 제 세무신고 관련 업무를 통한 외부회계정보 이용자들에게 신뢰성 있는 정보를 제공하고, 회계정보 분석 업무를 통한 경영진 등 내부회계정보 이용자들에게 의사결정에 유용한 정보를 제공하는 등 다양한 업무를 담당하고 있습니다. 자세히 보기 물류 해상운송, 항공운송, 내륙운송에 모두 관여 합니다. 특히 제조업의 특성상 원료를 가공하고 포장,판매 혹은 수입을 해야 합니다. 회사의 공장이 막힘 없이 돌아가게 하면서 고객사가 물건을 제시간에 받아 볼 수 있도록 물류의 흐름을 관리하는 역할을 합니다. 물류 해상운송, 항공운송, 내륙운송에 모두 관여 합니다. 특히 제조업의 특성상 원료를 가공하고 포장,판매 혹은 수입을 해야 합니다. 회사의 공장이 막힘 없이 돌아가게 하면서 고객사가 물건을 제시간에 받아 볼 수 있도록 물류의 흐름을 관리하는 역할을 합니다. 자세히 보기 법무 소송, 계약서 및 법률이슈 검토, 사내 CP(Compliance Program) 운영, 프로젝트 지원 등이 있으며, 국내외 사업 및 거래 관련 법률 리스크를 분석∙검토하고 관리방안을 수립 및 시행 합니다. 법무 소송, 계약서 및 법률이슈 검토, 사내 CP(Compliance Program) 운영, 프로젝트 지원 등이 있으며, 국내외 사업 및 거래 관련 법률 리스크를 분석∙검토하고 관리방안을 수립 및 시행 합니다. 자세히 보기 감사 금호석유화학그룹의 내부감사와 경영관리 업무를 주관합니다. 법률과 내부통제기준에 따라 그룹의 위험관리 및 경영방침 준수 등에 대한 개선점을 도출하고 제보 사건을 점검, 조치합니다. 감사 금호석유화학그룹의 내부감사와 경영관리 업무를 주관합니다. 법률과 내부통제기준에 따라 그룹의 위험관리 및 경영방침 준수 등에 대한 개선점을 도출하고 제보 사건을 점검, 조치합니다. 자세히 보기 홍보 예측 불가능한 대외 변수에 대해 기회 요소는 즉각 수집하여 성장 동력으로 반영하고, 위기는 최소로 관리하여 기업 경영에 흔들림이 없도록 하는 솔루션을 담당합니다. 홍보 예측 불가능한 대외 변수에 대해 기회 요소는 즉각 수집하여 성장 동력으로 반영하고, 위기는 최소로 관리하여 기업 경영에 흔들림이 없도록 하는 솔루션을 담당합니다. 자세히 보기 IT 금호석유화학그룹 내 각사의 사업전략과 연계된 IT전략을 수립하고 IT신기술 및 트렌드를 접목함으로써 그룹의 정보화를 리드하고 있으며, 그룹사의 정보시스템 구축 및 운영 서비스를 제공하며, 구체적으로는 아래와 같은 업무를 수행합니다. IT 금호석유화학그룹 내 각사의 사업전략과 연계된 IT전략을 수립하고 IT신기술 및 트렌드를 접목함으로써 그룹의 정보화를 리드하고 있으며, 그룹사의 정보시스템 구축 및 운영 서비스를 제공하며, 구체적으로는 아래와 같은 업무를 수행합니다. 자세히 보기 EVP(고용브랜드) 유연 / 시차 / 탄력근무제 스마트 워크 장기 근속 포상 PC-OFF 제도 자율 복장 제안 제도 신입 멘토링 리버스 멘토링 도서구입비 지원 보상경쟁력 KCPD(MBA) 과정 배우자 및 자녀 실손보험 지원 단체 상해 보험 교통비 지원 하계휴가 부여 및 휴가비 지원 자녀 학자금 지원 주택마련자금 대출 종합건강검진 복지포인트 제공 지방사업장 주거/난방비 지원 임신축하키트 제공 치과치료비지원 경조휴가 및 경조금 출산지원금 입양축하금 및 입양휴가 난임시술비 지원 더 많은 채용이 진행중 입니다. 원하는 직무의 채용공고를 찾아보세요. 채용공고 보러 가기",,,,"건강검진, 경조휴가, 도서구입비",,,인턴,,,,,active,2026-03-01 18:29:18.067967,2026-03-01 18:29:18.067947,True
54,31697,법인영업 담당 경력직 채용,https://careers.smcultureandcontents.com/ko/o/129054,"About Process Search Jobs 법인영업 담당 경력직 채용 구분 여행사업부문 마감기한 2026년 03월 05일, 14:59 직군 법인영업 경력사항 경력 2년 이상 고용형태 정규직 근무지 (주)에스엠컬처앤콘텐츠 대한민국 서울특별시 성동구 왕십리로 83-21 📢 모집직무 법인영업 ​ 📢 ​ 자격요건 전문학사 ​이상 학위를 ​소지하신 분 관련 경력 2년 ​이상 ​12년 이하 ​이신 분 유관부서 및 ​외부 관계자들과 ​원활한 ​커뮤니케이션 역량 ​보유하신 ​분 ​(문서작성/PT포함) 해외출장에 결격사유가 없으신 ​분 ​ 📢 우대조건 영어 회화 ​가능하신 ​분 ​ 📢 담당업무 신규 고객사 ​발굴 및 ​영업(기업체 ​공개 입찰, ​PT참여) 출장 관련 ​고객사 ​관리/유지 및 컴플레인 ​응대, VIP ​CARE 서비스 등 영업 관련 전반적인 업무 고객사 출장지 맞춤 비자 안내 및 대행 서비스 고객사 월간·분기별 항공,비자,호텔 리포트 작성 ﻿연간 항공 트렌드 분석 리포트 작성 📢 채용절차 서류전형 → 1차 면접 → 2차 면접 → 처우협의 → 건강검진 → 최종합격 전형 단계 추가 등 변동 있을 수 있으며, 전형 대상자에 한하여 별도의 증빙서류 제출을 요청할 수 있습니다. 📢 기타사항 서류전형은 공고 마감일로부터 최대 4주 소요될 수 있습니다. 본 채용 건은 정규직 채용 건이며, 입사 시 수습기간 3개월 적용될 예정입니다. 해외여행에 결격 사유가 없으며, 남성의 경우 군필자 또는 면제자에 한해서만 지원 가능합니다. 보훈대상자 및 장애인 등 취업보호대상자는 관계 법령에 따라 우대하며, 면접 시 관련 서류 제출 요청할 수 있습니다. 입사 시 제출 서류에 허위 사실이 있을 경우 채용이 취소될 수 있습니다. 제출하신 서류는 채용절차의 공정화에 관한 법률 제11조에 의거하여 추후 반환 청구 가능합니다. 단, 홈페이지 또는 전자우편으로 제출했거나 회사의 요구 없이 자발적으로 제출한 경우에는 반환 대상에서 제외됩니다. 공유하기 지원하기 법인영업 담당 경력직 채용 📢 모집직무 법인영업 ​ 📢 ​ 자격요건 전문학사 ​이상 학위를 ​소지하신 분 관련 경력 2년 ​이상 ​12년 이하 ​이신 분 유관부서 및 ​외부 관계자들과 ​원활한 ​커뮤니케이션 역량 ​보유하신 ​분 ​(문서작성/PT포함) 해외출장에 결격사유가 없으신 ​분 ​ 📢 우대조건 영어 회화 ​가능하신 ​분 ​ 📢 담당업무 신규 고객사 ​발굴 및 ​영업(기업체 ​공개 입찰, ​PT참여) 출장 관련 ​고객사 ​관리/유지 및 컴플레인 ​응대, VIP ​CARE 서비스 등 영업 관련 전반적인 업무 고객사 출장지 맞춤 비자 안내 및 대행 서비스 고객사 월간·분기별 항공,비자,호텔 리포트 작성 ﻿연간 항공 트렌드 분석 리포트 작성 📢 채용절차 서류전형 → 1차 면접 → 2차 면접 → 처우협의 → 건강검진 → 최종합격 전형 단계 추가 등 변동 있을 수 있으며, 전형 대상자에 한하여 별도의 증빙서류 제출을 요청할 수 있습니다. 📢 기타사항 서류전형은 공고 마감일로부터 최대 4주 소요될 수 있습니다. 본 채용 건은 정규직 채용 건이며, 입사 시 수습기간 3개월 적용될 예정입니다. 해외여행에 결격 사유가 없으며, 남성의 경우 군필자 또는 면제자에 한해서만 지원 가능합니다. 보훈대상자 및 장애인 등 취업보호대상자는 관계 법령에 따라 우대하며, 면접 시 관련 서류 제출 요청할 수 있습니다. 입사 시 제출 서류에 허위 사실이 있을 경우 채용이 취소될 수 있습니다. 제출하신 서류는 채용절차의 공정화에 관한 법률 제11조에 의거하여 추후 반환 청구 가능합니다. 단, 홈페이지 또는 전자우편으로 제출했거나 회사의 요구 없이 자발적으로 제출한 경우에는 반환 대상에서 제외됩니다. 구분 여행사업부문 마감기한 2026년 03월 05일, 14:59 직군 법인영업 경력사항 경력 2년 이상 고용형태 정규직 근무지 (주)에스엠컬처앤콘텐츠 대한민국 서울특별시 성동구 왕십리로 83-21 지원하기 공유하기 SM Culture & Contents © SM Culture & Contents.","전문학사 ​이상 학위를 ​소지하신 분 관련 경력 2년 ​이상 ​12년 이하 ​이신 분 유관부서 및 ​외부 관계자들과 ​원활한 ​커뮤니케이션 역량 ​보유하신 ​분 ​(문서작성/PT포함) 해외출장에 결격사유가 없으신 ​분 ​ 📢 우대조건 영어 회화 ​가능하신 ​분 ​ 📢 담당업무 신규 고객사 ​발굴 및 ​영업(기업체 ​공개 입찰, ​PT참여) 출장 관련 ​고객사 ​관리/유지 및 컴플레인 ​응대, VIP ​CARE 서비스 등 영업 관련 전반적인 업무 고객사 출장지 맞춤 비자 안내 및 대행 서비스 고객사 월간·분기별 항공,비자,호텔 리포트 작성 ﻿연간 항공 트렌드 분석 리포트 작성 📢 채용절차 서류전형 → 1차 면접 → 2차 면접 → 처우협의 → 건강검진 → 최종합격 전형 단계 추가 등 변동 있을 수 있으며, 전형 대상자에 한하여 별도의 증빙서류 제출을 요청할 수 있습니다. 📢 기타사항 서류전형은 공고 마감일로부터 최대 4주 소요될 수 있습니다. 본 채용 건은 정규직 채용 건이며, 입사 시 수습기간 3개월 적용될 예정입니다. 해외여행에 결격 사유가 없으며, 남성의 경우 군필자 또는 면제자에 한해서만 지원 가능합니다. 보훈대상자 및 장애인 등 취업보호대상자는 관계 법령에 따라 우대하며, 면접 시 관련 서류 제출 요청할 수 있습니다. 입사 시 제출 서류에 허위 사실이 있을 경우 채용이 취소될 수 있습니다. 제출하신 서류는 채용절차의 공정화에 관한 법률 제11조에 의거하여 추후 반환 청구 가능합니다. 단, 홈페이지 또는 전자우편으로 제출했거나 회사의 요구 없이 자발적으로 제출한 경우에는 반환 대상에서 제외됩니다. 공유하기 지원하기 법인영업 담당 경력직 채용 📢 모집직무 법인영업 ​ 📢 ​ 자격요건 전문학사 ​이상 학위를 ​소지하신 분 관련 경력 2년 ​이상 ​12년 이하 ​이신 분 유관부서 및 ​외부 관계자들과 ​원활한 ​커뮤니케이션 역량 ​보유하신 ​분 ​(문서작성/PT포함) 해외출장에 결격사유가 없으신 ​분 ​ 📢 우대조건 영어 회화 ​가능하신 ​분 ​ 📢 담당업무 신규 고객사 ​발굴 및 ​영업(기업체 ​공개 입찰, ​PT참여) 출장 관련 ​고객사 ​관리/유지 및 컴플레인 ​응대, VIP ​CARE 서비스 등 영업 관련 전반적인 업무 고객사 출장지 맞춤 비자 안내 및 대행 서비스 고객사 월간·분기별 항공,비자,호텔 리포트 작성 ﻿연간 항공 트렌드 분석 리포트 작성 📢 채용절차 서류전형 → 1차 면접 → 2차 면접 → 처우협의 → 건강검진 → 최종합격 전형 단계 추가 등 변동 있을 수 있으며, 전형 대상자에 한하여 별도의 증빙서류 제출을 요청할 수 있습니다. 📢 기타사항 서류전형은 공고 마감일로부터 최대 4주 소요될 수 있습니다. 본 채용 건은 정규직 채용 건이며, 입사 시 수습기간 3개월 적용될 예정입니다. 해외여행에 결격 사유가 없으며, 남성의 경우 군필자 또는 면제자에 한해서만 지원 가능합니다. 보훈대상자 및 장애인 등 취업보호대상자는 관계 법령에 따라 우대하며, 면접 시 관련 서류 제출 요청할 수 있습니다. 입사 시 제출 서류에 허위 사실이 있을 경우 채용이 취소될 수 있습니다. 제출하신 서류는 채용절차의 공정화에 관한 법률 제11조에 의거하여 추후 반환 청구 가능합니다. 단, 홈페이지 또는 전자우편으로 제출했거나 회사의 요구 없이 자발적으로 제출한 경우에는 반환 대상에서 제외됩니다. 구분 여행사업부문 마감기한 2026년 03월 05일, 14:59 직군 법인영업 경력사항 경력 2년 이상 고용형태 정규직 근무지 (주)에스엠컬처앤콘텐츠 대한민국 서울특별시 성동구 왕십리로 83-21 지원하기 공유하기 SM Culture & Contents © SM Culture & Contents. ALL RIGHTS RESERVED. 개인정보 처리방침 서비스 이용약관 made with Greeting","조건 영어 회화 ​가능하신 ​분 ​ 📢 담당업무 신규 고객사 ​발굴 및 ​영업(기업체 ​공개 입찰, ​PT참여) 출장 관련 ​고객사 ​관리/유지 및 컴플레인 ​응대, VIP ​CARE 서비스 등 영업 관련 전반적인 업무 고객사 출장지 맞춤 비자 안내 및 대행 서비스 고객사 월간·분기별 항공,비자,호텔 리포트 작성 ﻿연간 항공 트렌드 분석 리포트 작성 📢 채용절차 서류전형 → 1차 면접 → 2차 면접 → 처우협의 → 건강검진 → 최종합격 전형 단계 추가 등 변동 있을 수 있으며, 전형 대상자에 한하여 별도의 증빙서류 제출을 요청할 수 있습니다. 📢 기타사항 서류전형은 공고 마감일로부터 최대 4주 소요될 수 있습니다. 본 채용 건은 정규직 채용 건이며, 입사 시 수습기간 3개월 적용될 예정입니다. 해외여행에 결격 사유가 없으며, 남성의 경우 군필자 또는 면제자에 한해서만 지원 가능합니다. 보훈대상자 및 장애인 등 취업보호대상자는 관계 법령에 따라 우대하며, 면접 시 관련 서류 제출 요청할 수 있습니다. 입사 시 제출 서류에 허위 사실이 있을 경우 채용이 취소될 수 있습니다. 제출하신 서류는 채용절차의 공정화에 관한 법률 제11조에 의거하여 추후 반환 청구 가능합니다. 단, 홈페이지 또는 전자우편으로 제출했거나 회사의 요구 없이 자발적으로 제출한 경우에는 반환 대상에서 제외됩니다. 공유하기 지원하기 법인영업 담당 경력직 채용 📢 모집직무 법인영업 ​ 📢 ​ 자격요건 전문학사 ​이상 학위를 ​소지하신 분 관련 경력 2년 ​이상 ​12년 이하 ​이신 분 유관부서 및 ​외부 관계자들과 ​원활한 ​커뮤니케이션 역량 ​보유하신 ​분 ​(문서작성/PT포함) 해외출장에 결격사유가 없으신 ​분 ​ 📢 우대조건 영어 회화 ​가능하신 ​분 ​ 📢 담당업무 신규 고객사 ​발굴 및 ​영업(기업체 ​공개 입찰, ​PT참여) 출장 관련 ​고객사 ​관리/유지 및 컴플레인 ​응대, VIP ​CARE 서비스 등 영업 관련 전반적인 업무 고객사 출장지 맞춤 비자 안내 및 대행 서비스 고객사 월간·분기별 항공,비자,호텔 리포트 작성 ﻿연간 항공 트렌드 분석 리포트 작성 📢 채용절차 서류전형 → 1차 면접 → 2차 면접 → 처우협의 → 건강검진 → 최종합격 전형 단계 추가 등 변동 있을 수 있으며, 전형 대상자에 한하여 별도의 증빙서류 제출을 요청할 수 있습니다. 📢 기타사항 서류전형은 공고 마감일로부터 최대 4주 소요될 수 있습니다. 본 채용 건은 정규직 채용 건이며, 입사 시 수습기간 3개월 적용될 예정입니다. 해외여행에 결격 사유가 없으며, 남성의 경우 군필자 또는 면제자에 한해서만 지원 가능합니다. 보훈대상자 및 장애인 등 취업보호대상자는 관계 법령에 따라 우대하며, 면접 시 관련 서류 제출 요청할 수 있습니다. 입사 시 제출 서류에 허위 사실이 있을 경우 채용이 취소될 수 있습니다. 제출하신 서류는 채용절차의 공정화에 관한 법률 제11조에 의거하여 추후 반환 청구 가능합니다. 단, 홈페이지 또는 전자우편으로 제출했거나 회사의 요구 없이 자발적으로 제출한 경우에는 반환 대상에서 제외됩니다. 구분 여행사업부문 마감기한 2026년 03월 05일, 14:59 직군 법인영업 경력사항 경력 2년 이상 고용형태 정규직 근무지 (주)에스엠컬처앤콘텐츠 대한민국 서울특별시 성동구 왕십리로 83-21 지원하기 공유하기 SM Culture & Contents © SM Culture & Contents. ALL RIGHTS RESERVED. 개인정보 처리방침 서비스 이용약관 made with Greeting","Search Jobs 법인영업 담당 경력직 채용 구분 여행사업부문 마감기한 2026년 03월 05일, 14:59 직군 법인영업 경력사항 경력 2년 이상 고용형태 정규직 근무지 (주)에스엠컬처앤콘텐츠 대한민국 서울특별시 성동구 왕십리로 83-21 📢 모집직무 법인영업 ​ 📢 ​",건강검진,,서울,정규직,,,,,active,2026-03-01 18:29:21.294927,2026-03-01 18:29:21.294893,True
55,31697,BTL/프로모션 기획 담당 경력직 채용,https://careers.smcultureandcontents.com/ko/o/203089,"About Process Search Jobs BTL/프로모션 기획 담당 경력직 채용 구분 광고사업부문 부문 광고사업 직군 BTL/프로모션 직무 BTL 경력사항 경력 12년 이상 고용형태 정규직 근무지 (주)에스엠컬처앤콘텐츠 대한민국 서울특별시 성동구 왕십리로 83-21 📢 모집직무 BTL/프로모션 ​기획 ​ 📢 ​ 자격요건 학사 이상 ​학위를 소지하신 분 (전공 ​무관) ​ 이벤트, 전시, ​프로모션, 컨퍼런스, 페스티벌 ​등 관련 ​업무 ​12 년 이상 ​15년 ​이하 ​이신 분 프로젝트 PM으로 ​광고주 ​및 파트너사 협업, ​관리 ​역량 ​보유하신 분 제안서 작업 ​및 기업 ​경쟁 ​PT, 공공 ​입찰 경험 ​보유하신 ​분 📢 담당업무 BTL 프로모션 전략 ​수립, 기획 제안, 프리젠테이션 ​및 실행 기업 전시 기획 및 운영 관리 ﻿고객 요구에 맞춘 다양한 마케팅 솔루션 기획 및 실행 📢 채용절차 서류전형 → 1차 면접 → 2차 면접 → 처우협의 → 건강검진 → 최종합격 전형 단계 추가 등 변동 있을 수 있으며, 전형 대상자에 한하여 별도의 증빙서류 제출을 요청할 수 있습니다. 📢 기타사항 서류전형은 공고 마감일로부터 최대 4주 소요될 수 있습니다. 본 채용 건은 정규직 채용 건이며, 입사 시 수습기간 3개월 적용될 예정입니다. 해외여행에 결격 사유가 없으며, 남성의 경우 군필자 또는 면제자에 한해서만 지원 가능합니다. 보훈대상자 및 장애인 등 취업보호대상자는 관계 법령에 따라 우대하며, 면접 시 관련 서류 제출 요청할 수 있습니다. 입사 시 제출 서류에 허위 사실이 있을 경우 채용이 취소될 수 있습니다. 제출하신 서류는 채용절차의 공정화에 관한 법률 제11조에 의거하여 추후 반환 청구 가능합니다. 단, 홈페이지 또는 전자우편으로 제출했거나 회사의 요구 없이 자발적으로 제출한 경우에는 반환 대상에서 제외됩니다. 공유하기 지원하기 BTL/프로모션 기획 담당 경력직 채용 📢 모집직무 BTL/프로모션 ​기획 ​ 📢 ​ 자격요건 학사 이상 ​학위를 소지하신 분 (전공 ​무관) ​ 이벤트, 전시, ​프로모션, 컨퍼런스, 페스티벌 ​등 관련 ​업무 ​12 년 이상 ​15년 ​이하 ​이신 분 프로젝트 PM으로 ​광고주 ​및 파트너사 협업, ​관리 ​역량 ​보유하신 분 제안서 작업 ​및 기업 ​경쟁 ​PT, 공공 ​입찰 경험 ​보유하신 ​분 📢 담당업무 BTL 프로모션 전략 ​수립, 기획 제안, 프리젠테이션 ​및 실행 기업 전시 기획 및 운영 관리 ﻿고객 요구에 맞춘 다양한 마케팅 솔루션 기획 및 실행 📢 채용절차 서류전형 → 1차 면접 → 2차 면접 → 처우협의 → 건강검진 → 최종합격 전형 단계 추가 등 변동 있을 수 있으며, 전형 대상자에 한하여 별도의 증빙서류 제출을 요청할 수 있습니다. 📢 기타사항 서류전형은 공고 마감일로부터 최대 4주 소요될 수 있습니다. 본 채용 건은 정규직 채용 건이며, 입사 시 수습기간 3개월 적용될 예정입니다. 해외여행에 결격 사유가 없으며, 남성의 경우 군필자 또는 면제자에 한해서만 지원 가능합니다. 보훈대상자 및 장애인 등 취업보호대상자는 관계 법령에 따라 우대하며, 면접 시 관련 서류 제출 요청할 수 있습니다. 입사 시 제출 서류에 허위 사실이 있을 경우 채용이 취소될 수 있습니다. 제출하신 서류는 채용절차의 공정화에 관한 법률 제11조에 의거하여 추후 반환 청구 가능합니다. 단, 홈페이지 또는 전자우편으로 제출했거나 회사의 요구 없이 자발적으로 제출한 경우에는 반환 대상에서 제외됩니다. 구분 광고사업부문 부문 광고사업 직군 BTL/프로모션 직무 BTL 경력사항 경력 12년 이상 고용형태 정규직 근무지 (주)에스엠컬처앤콘텐츠 대한민국 서울특별시 성동구 왕십리로 83-21 지원하기 공유하기 SM Culture & Contents © SM Culture & Contents.","학사 이상 ​학위를 소지하신 분 (전공 ​무관) ​ 이벤트, 전시, ​프로모션, 컨퍼런스, 페스티벌 ​등 관련 ​업무 ​12 년 이상 ​15년 ​이하 ​이신 분 프로젝트 PM으로 ​광고주 ​및 파트너사 협업, ​관리 ​역량 ​보유하신 분 제안서 작업 ​및 기업 ​경쟁 ​PT, 공공 ​입찰 경험 ​보유하신 ​분 📢 담당업무 BTL 프로모션 전략 ​수립, 기획 제안, 프리젠테이션 ​및 실행 기업 전시 기획 및 운영 관리 ﻿고객 요구에 맞춘 다양한 마케팅 솔루션 기획 및 실행 📢 채용절차 서류전형 → 1차 면접 → 2차 면접 → 처우협의 → 건강검진 → 최종합격 전형 단계 추가 등 변동 있을 수 있으며, 전형 대상자에 한하여 별도의 증빙서류 제출을 요청할 수 있습니다. 📢 기타사항 서류전형은 공고 마감일로부터 최대 4주 소요될 수 있습니다. 본 채용 건은 정규직 채용 건이며, 입사 시 수습기간 3개월 적용될 예정입니다. 해외여행에 결격 사유가 없으며, 남성의 경우 군필자 또는 면제자에 한해서만 지원 가능합니다. 보훈대상자 및 장애인 등 취업보호대상자는 관계 법령에 따라 우대하며, 면접 시 관련 서류 제출 요청할 수 있습니다. 입사 시 제출 서류에 허위 사실이 있을 경우 채용이 취소될 수 있습니다. 제출하신 서류는 채용절차의 공정화에 관한 법률 제11조에 의거하여 추후 반환 청구 가능합니다. 단, 홈페이지 또는 전자우편으로 제출했거나 회사의 요구 없이 자발적으로 제출한 경우에는 반환 대상에서 제외됩니다. 공유하기 지원하기 BTL/프로모션 기획 담당 경력직 채용 📢 모집직무 BTL/프로모션 ​기획 ​ 📢 ​ 자격요건 학사 이상 ​학위를 소지하신 분 (전공 ​무관) ​ 이벤트, 전시, ​프로모션, 컨퍼런스, 페스티벌 ​등 관련 ​업무 ​12 년 이상 ​15년 ​이하 ​이신 분 프로젝트 PM으로 ​광고주 ​및 파트너사 협업, ​관리 ​역량 ​보유하신 분 제안서 작업 ​및 기업 ​경쟁 ​PT, 공공 ​입찰 경험 ​보유하신 ​분 📢 담당업무 BTL 프로모션 전략 ​수립, 기획 제안, 프리젠테이션 ​및 실행 기업 전시 기획 및 운영 관리 ﻿고객 요구에 맞춘 다양한 마케팅 솔루션 기획 및 실행 📢 채용절차 서류전형 → 1차 면접 → 2차 면접 → 처우협의 → 건강검진 → 최종합격 전형 단계 추가 등 변동 있을 수 있으며, 전형 대상자에 한하여 별도의 증빙서류 제출을 요청할 수 있습니다. 📢 기타사항 서류전형은 공고 마감일로부터 최대 4주 소요될 수 있습니다. 본 채용 건은 정규직 채용 건이며, 입사 시 수습기간 3개월 적용될 예정입니다. 해외여행에 결격 사유가 없으며, 남성의 경우 군필자 또는 면제자에 한해서만 지원 가능합니다. 보훈대상자 및 장애인 등 취업보호대상자는 관계 법령에 따라 우대하며, 면접 시 관련 서류 제출 요청할 수 있습니다. 입사 시 제출 서류에 허위 사실이 있을 경우 채용이 취소될 수 있습니다. 제출하신 서류는 채용절차의 공정화에 관한 법률 제11조에 의거하여 추후 반환 청구 가능합니다. 단, 홈페이지 또는 전자우편으로 제출했거나 회사의 요구 없이 자발적으로 제출한 경우에는 반환 대상에서 제외됩니다. 구분 광고사업부문 부문 광고사업 직군 BTL/프로모션 직무 BTL 경력사항 경력 12년 이상 고용형태 정규직 근무지 (주)에스엠컬처앤콘텐츠 대한민국 서울특별시 성동구 왕십리로 83-21 지원하기 공유하기 SM Culture & Contents © SM Culture & Contents. ALL RIGHTS RESERVED. 개인정보 처리방침 서비스 이용약관 made with Greeting","하며, 면접 시 관련 서류 제출 요청할 수 있습니다. 입사 시 제출 서류에 허위 사실이 있을 경우 채용이 취소될 수 있습니다. 제출하신 서류는 채용절차의 공정화에 관한 법률 제11조에 의거하여 추후 반환 청구 가능합니다. 단, 홈페이지 또는 전자우편으로 제출했거나 회사의 요구 없이 자발적으로 제출한 경우에는 반환 대상에서 제외됩니다. 공유하기 지원하기 BTL/프로모션 기획 담당 경력직 채용 📢 모집직무 BTL/프로모션 ​기획 ​ 📢 ​ 자격요건 학사 이상 ​학위를 소지하신 분 (전공 ​무관) ​ 이벤트, 전시, ​프로모션, 컨퍼런스, 페스티벌 ​등 관련 ​업무 ​12 년 이상 ​15년 ​이하 ​이신 분 프로젝트 PM으로 ​광고주 ​및 파트너사 협업, ​관리 ​역량 ​보유하신 분 제안서 작업 ​및 기업 ​경쟁 ​PT, 공공 ​입찰 경험 ​보유하신 ​분 📢 담당업무 BTL 프로모션 전략 ​수립, 기획 제안, 프리젠테이션 ​및 실행 기업 전시 기획 및 운영 관리 ﻿고객 요구에 맞춘 다양한 마케팅 솔루션 기획 및 실행 📢 채용절차 서류전형 → 1차 면접 → 2차 면접 → 처우협의 → 건강검진 → 최종합격 전형 단계 추가 등 변동 있을 수 있으며, 전형 대상자에 한하여 별도의 증빙서류 제출을 요청할 수 있습니다. 📢 기타사항 서류전형은 공고 마감일로부터 최대 4주 소요될 수 있습니다. 본 채용 건은 정규직 채용 건이며, 입사 시 수습기간 3개월 적용될 예정입니다. 해외여행에 결격 사유가 없으며, 남성의 경우 군필자 또는 면제자에 한해서만 지원 가능합니다. 보훈대상자 및 장애인 등 취업보호대상자는 관계 법령에 따라 우대하며, 면접 시 관련 서류 제출 요청할 수 있습니다. 입사 시 제출 서류에 허위 사실이 있을 경우 채용이 취소될 수 있습니다. 제출하신 서류는 채용절차의 공정화에 관한 법률 제11조에 의거하여 추후 반환 청구 가능합니다. 단, 홈페이지 또는 전자우편으로 제출했거나 회사의 요구 없이 자발적으로 제출한 경우에는 반환 대상에서 제외됩니다. 구분 광고사업부문 부문 광고사업 직군 BTL/프로모션 직무 BTL 경력사항 경력 12년 이상 고용형태 정규직 근무지 (주)에스엠컬처앤콘텐츠 대한민국 서울특별시 성동구 왕십리로 83-21 지원하기 공유하기 SM Culture & Contents © SM Culture & Contents. ALL RIGHTS RESERVED. 개인정보 처리방침 서비스 이용약관 made with Greeting",Search Jobs BTL/프로모션 기획 담당 경력직 채용 구분 광고사업부문 부문 광고사업 직군 BTL/프로모션 직무 BTL 경력사항 경력 12년 이상 고용형태 정규직 근무지 (주)에스엠컬처앤콘텐츠 대한민국 서울특별시 성동구 왕십리로 83-21 📢 모집직무 BTL/프로모션 ​기획 ​ 📢 ​,건강검진,,서울,정규직,,,,,active,2026-03-01 18:29:21.680629,2026-03-01 18:29:21.680606,True
56,31697,광고기획(AE) 담당 경력직 채용,https://careers.smcultureandcontents.com/ko/o/203141,"About Process Search Jobs 광고기획(AE) 담당 경력직 채용 구분 광고사업부문 직군 광고기획(AE) 경력사항 경력 4년 이상 고용형태 정규직 근무지 (주)에스엠컬처앤콘텐츠 대한민국 서울특별시 성동구 왕십리로 83-21 📢 모집직무 광고기획(AE) 📢 ​ 자격요건 학사 ​이상 ​학위를 소지하신 ​분 관련 경력 8년 이상 ​12년 ​이하 이신 ​분 광고대행사 AE 직무 ​경력 보유하신 ​분 경쟁PT ​및 IMC/광고캠페인 ​제안, ​실행 ​경험 보유하신 분 클라이언트 ​직접 ​응대 및 캠페인 ​진행 ​경험 ​보유하신 분 📢 담당업무 IMC/광고 ​캠페인 전략 ​수립 ​및 기획 클라이언트 ​커뮤니케이션 및 ​프로젝트 ​실행 미디어 집행 및 ​운영 관리 프로모션, ​SNS, Viral, OOH 및 디지털, 기타 캠페인 관련 콘텐츠 기획 및 운영 신규 광고주 개발을 위한 경쟁PT 📢 채용절차 서류전형 → 1차 면접 → 2차 면접 → 처우협의 → 건강검진 → 최종합격 전형 단계 추가 등 변동 있을 수 있으며, 전형 대상자에 한하여 별도의 증빙서류 제출을 요청할 수 있습니다. 📢 기타사항 서류전형은 공고 마감일로부터 최대 4주 소요될 수 있습니다. 본 채용 건은 정규직 채용 건이며, 입사 시 수습기간 3개월 적용될 예정입니다. 해외여행에 결격 사유가 없으며, 남성의 경우 군필자 또는 면제자에 한해서만 지원 가능합니다. 보훈대상자 및 장애인 등 취업보호대상자는 관계 법령에 따라 우대하며, 면접 시 관련 서류 제출 요청할 수 있습니다. 입사 시 제출 서류에 허위 사실이 있을 경우 채용이 취소될 수 있습니다. 제출하신 서류는 채용절차의 공정화에 관한 법률 제11조에 의거하여 추후 반환 청구 가능합니다. 단, 홈페이지 또는 전자우편으로 제출했거나 회사의 요구 없이 자발적으로 제출한 경우에는 반환 대상에서 제외됩니다. 공유하기 지원하기 광고기획(AE) 담당 경력직 채용 📢 모집직무 광고기획(AE) 📢 ​ 자격요건 학사 ​이상 ​학위를 소지하신 ​분 관련 경력 8년 이상 ​12년 ​이하 이신 ​분 광고대행사 AE 직무 ​경력 보유하신 ​분 경쟁PT ​및 IMC/광고캠페인 ​제안, ​실행 ​경험 보유하신 분 클라이언트 ​직접 ​응대 및 캠페인 ​진행 ​경험 ​보유하신 분 📢 담당업무 IMC/광고 ​캠페인 전략 ​수립 ​및 기획 클라이언트 ​커뮤니케이션 및 ​프로젝트 ​실행 미디어 집행 및 ​운영 관리 프로모션, ​SNS, Viral, OOH 및 디지털, 기타 캠페인 관련 콘텐츠 기획 및 운영 신규 광고주 개발을 위한 경쟁PT 📢 채용절차 서류전형 → 1차 면접 → 2차 면접 → 처우협의 → 건강검진 → 최종합격 전형 단계 추가 등 변동 있을 수 있으며, 전형 대상자에 한하여 별도의 증빙서류 제출을 요청할 수 있습니다. 📢 기타사항 서류전형은 공고 마감일로부터 최대 4주 소요될 수 있습니다. 본 채용 건은 정규직 채용 건이며, 입사 시 수습기간 3개월 적용될 예정입니다. 해외여행에 결격 사유가 없으며, 남성의 경우 군필자 또는 면제자에 한해서만 지원 가능합니다. 보훈대상자 및 장애인 등 취업보호대상자는 관계 법령에 따라 우대하며, 면접 시 관련 서류 제출 요청할 수 있습니다. 입사 시 제출 서류에 허위 사실이 있을 경우 채용이 취소될 수 있습니다. 제출하신 서류는 채용절차의 공정화에 관한 법률 제11조에 의거하여 추후 반환 청구 가능합니다. 단, 홈페이지 또는 전자우편으로 제출했거나 회사의 요구 없이 자발적으로 제출한 경우에는 반환 대상에서 제외됩니다. 구분 광고사업부문 직군 광고기획(AE) 경력사항 경력 4년 이상 고용형태 정규직 근무지 (주)에스엠컬처앤콘텐츠 대한민국 서울특별시 성동구 왕십리로 83-21 지원하기 공유하기 SM Culture & Contents © SM Culture & Contents.","학사 ​이상 ​학위를 소지하신 ​분 관련 경력 8년 이상 ​12년 ​이하 이신 ​분 광고대행사 AE 직무 ​경력 보유하신 ​분 경쟁PT ​및 IMC/광고캠페인 ​제안, ​실행 ​경험 보유하신 분 클라이언트 ​직접 ​응대 및 캠페인 ​진행 ​경험 ​보유하신 분 📢 담당업무 IMC/광고 ​캠페인 전략 ​수립 ​및 기획 클라이언트 ​커뮤니케이션 및 ​프로젝트 ​실행 미디어 집행 및 ​운영 관리 프로모션, ​SNS, Viral, OOH 및 디지털, 기타 캠페인 관련 콘텐츠 기획 및 운영 신규 광고주 개발을 위한 경쟁PT 📢 채용절차 서류전형 → 1차 면접 → 2차 면접 → 처우협의 → 건강검진 → 최종합격 전형 단계 추가 등 변동 있을 수 있으며, 전형 대상자에 한하여 별도의 증빙서류 제출을 요청할 수 있습니다. 📢 기타사항 서류전형은 공고 마감일로부터 최대 4주 소요될 수 있습니다. 본 채용 건은 정규직 채용 건이며, 입사 시 수습기간 3개월 적용될 예정입니다. 해외여행에 결격 사유가 없으며, 남성의 경우 군필자 또는 면제자에 한해서만 지원 가능합니다. 보훈대상자 및 장애인 등 취업보호대상자는 관계 법령에 따라 우대하며, 면접 시 관련 서류 제출 요청할 수 있습니다. 입사 시 제출 서류에 허위 사실이 있을 경우 채용이 취소될 수 있습니다. 제출하신 서류는 채용절차의 공정화에 관한 법률 제11조에 의거하여 추후 반환 청구 가능합니다. 단, 홈페이지 또는 전자우편으로 제출했거나 회사의 요구 없이 자발적으로 제출한 경우에는 반환 대상에서 제외됩니다. 공유하기 지원하기 광고기획(AE) 담당 경력직 채용 📢 모집직무 광고기획(AE) 📢 ​ 자격요건 학사 ​이상 ​학위를 소지하신 ​분 관련 경력 8년 이상 ​12년 ​이하 이신 ​분 광고대행사 AE 직무 ​경력 보유하신 ​분 경쟁PT ​및 IMC/광고캠페인 ​제안, ​실행 ​경험 보유하신 분 클라이언트 ​직접 ​응대 및 캠페인 ​진행 ​경험 ​보유하신 분 📢 담당업무 IMC/광고 ​캠페인 전략 ​수립 ​및 기획 클라이언트 ​커뮤니케이션 및 ​프로젝트 ​실행 미디어 집행 및 ​운영 관리 프로모션, ​SNS, Viral, OOH 및 디지털, 기타 캠페인 관련 콘텐츠 기획 및 운영 신규 광고주 개발을 위한 경쟁PT 📢 채용절차 서류전형 → 1차 면접 → 2차 면접 → 처우협의 → 건강검진 → 최종합격 전형 단계 추가 등 변동 있을 수 있으며, 전형 대상자에 한하여 별도의 증빙서류 제출을 요청할 수 있습니다. 📢 기타사항 서류전형은 공고 마감일로부터 최대 4주 소요될 수 있습니다. 본 채용 건은 정규직 채용 건이며, 입사 시 수습기간 3개월 적용될 예정입니다. 해외여행에 결격 사유가 없으며, 남성의 경우 군필자 또는 면제자에 한해서만 지원 가능합니다. 보훈대상자 및 장애인 등 취업보호대상자는 관계 법령에 따라 우대하며, 면접 시 관련 서류 제출 요청할 수 있습니다. 입사 시 제출 서류에 허위 사실이 있을 경우 채용이 취소될 수 있습니다. 제출하신 서류는 채용절차의 공정화에 관한 법률 제11조에 의거하여 추후 반환 청구 가능합니다. 단, 홈페이지 또는 전자우편으로 제출했거나 회사의 요구 없이 자발적으로 제출한 경우에는 반환 대상에서 제외됩니다. 구분 광고사업부문 직군 광고기획(AE) 경력사항 경력 4년 이상 고용형태 정규직 근무지 (주)에스엠컬처앤콘텐츠 대한민국 서울특별시 성동구 왕십리로 83-21 지원하기 공유하기 SM Culture & Contents © SM Culture & Contents. ALL RIGHTS RESERVED. 개인정보 처리방침 서비스 이용약관 made with Greeting","하며, 면접 시 관련 서류 제출 요청할 수 있습니다. 입사 시 제출 서류에 허위 사실이 있을 경우 채용이 취소될 수 있습니다. 제출하신 서류는 채용절차의 공정화에 관한 법률 제11조에 의거하여 추후 반환 청구 가능합니다. 단, 홈페이지 또는 전자우편으로 제출했거나 회사의 요구 없이 자발적으로 제출한 경우에는 반환 대상에서 제외됩니다. 공유하기 지원하기 광고기획(AE) 담당 경력직 채용 📢 모집직무 광고기획(AE) 📢 ​ 자격요건 학사 ​이상 ​학위를 소지하신 ​분 관련 경력 8년 이상 ​12년 ​이하 이신 ​분 광고대행사 AE 직무 ​경력 보유하신 ​분 경쟁PT ​및 IMC/광고캠페인 ​제안, ​실행 ​경험 보유하신 분 클라이언트 ​직접 ​응대 및 캠페인 ​진행 ​경험 ​보유하신 분 📢 담당업무 IMC/광고 ​캠페인 전략 ​수립 ​및 기획 클라이언트 ​커뮤니케이션 및 ​프로젝트 ​실행 미디어 집행 및 ​운영 관리 프로모션, ​SNS, Viral, OOH 및 디지털, 기타 캠페인 관련 콘텐츠 기획 및 운영 신규 광고주 개발을 위한 경쟁PT 📢 채용절차 서류전형 → 1차 면접 → 2차 면접 → 처우협의 → 건강검진 → 최종합격 전형 단계 추가 등 변동 있을 수 있으며, 전형 대상자에 한하여 별도의 증빙서류 제출을 요청할 수 있습니다. 📢 기타사항 서류전형은 공고 마감일로부터 최대 4주 소요될 수 있습니다. 본 채용 건은 정규직 채용 건이며, 입사 시 수습기간 3개월 적용될 예정입니다. 해외여행에 결격 사유가 없으며, 남성의 경우 군필자 또는 면제자에 한해서만 지원 가능합니다. 보훈대상자 및 장애인 등 취업보호대상자는 관계 법령에 따라 우대하며, 면접 시 관련 서류 제출 요청할 수 있습니다. 입사 시 제출 서류에 허위 사실이 있을 경우 채용이 취소될 수 있습니다. 제출하신 서류는 채용절차의 공정화에 관한 법률 제11조에 의거하여 추후 반환 청구 가능합니다. 단, 홈페이지 또는 전자우편으로 제출했거나 회사의 요구 없이 자발적으로 제출한 경우에는 반환 대상에서 제외됩니다. 구분 광고사업부문 직군 광고기획(AE) 경력사항 경력 4년 이상 고용형태 정규직 근무지 (주)에스엠컬처앤콘텐츠 대한민국 서울특별시 성동구 왕십리로 83-21 지원하기 공유하기 SM Culture & Contents © SM Culture & Contents. ALL RIGHTS RESERVED. 개인정보 처리방침 서비스 이용약관 made with Greeting",Search Jobs 광고기획(AE) 담당 경력직 채용 구분 광고사업부문 직군 광고기획(AE) 경력사항 경력 4년 이상 고용형태 정규직 근무지 (주)에스엠컬처앤콘텐츠 대한민국 서울특별시 성동구 왕십리로 83-21 📢 모집직무 광고기획(AE) 📢 ​,건강검진,,서울,정규직,,,,,active,2026-03-01 18:29:22.102520,2026-03-01 18:29:22.102464,True
57,31697,SM C&C 채용,https://careers.smcultureandcontents.com/ko/guide2,"About Process Search Jobs Job Openings 채용 공고 구분 여행사업부문 광고사업부문 부문 광고사업 직군 광고기획(AE) 법인영업 BTL/프로모션 직무 BTL 경력사항 경력 고용형태 정규직 근무지 (주)에스엠컬처앤콘텐츠 필터 광고기획(AE) 담당 경력직 채용 광고사업부문 광고기획(AE) 경력 4년 이상 정규직 (주)에스엠컬처앤콘텐츠 BTL/프로모션 기획 담당 경력직 채용 광고사업부문 광고사업 BTL/프로모션 BTL 경력 12년 이상 정규직 (주)에스엠컬처앤콘텐츠 법인영업 담당 경력직 채용 여행사업부문 법인영업 경력 2년 이상 정규직 (주)에스엠컬처앤콘텐츠 2026. 03. 05, 14:59까지 2026. 03. 05, 14:59까지 SM Culture & Contents © SM Culture & Contents.",,,"Search Jobs Job Openings 채용 공고 구분 여행사업부문 광고사업부문 부문 광고사업 직군 광고기획(AE) 법인영업 BTL/프로모션 직무 BTL 경력사항 경력 고용형태 정규직 근무지 (주)에스엠컬처앤콘텐츠 필터 광고기획(AE) 담당 경력직 채용 광고사업부문 광고기획(AE) 경력 4년 이상 정규직 (주)에스엠컬처앤콘텐츠 BTL/프로모션 기획 담당 경력직 채용 광고사업부문 광고사업 BTL/프로모션 BTL 경력 12년 이상 정규직 (주)에스엠컬처앤콘텐츠 법인영업 담당 경력직 채용 여행사업부문 법인영업 경력 2년 이상 정규직 (주)에스엠컬처앤콘텐츠 2026. 03. 05, 14:59까지 2026. 03. 05, 14:59까지 SM Culture & Contents © SM Culture & Contents. ALL RIGHTS RESERVED. 개인정보 처리방침 서비스 이용약관 made with Greeting TOP",,,,정규직,,,,,active,2026-03-01 18:29:22.502876,2026-03-01 18:29:22.502844,True
58,32194,[티움바이오] 인사총무팀 인사총무 담당자(경력),https://www.tiumbio.com/board/board.php?bo_table=recruit&idx=69,"인재채용 티움과 함께 성장할 여러분을 기다립니다. 티움人 복리후생 채용공고 티움人 복리후생 채용공고 채용공고 [티움바이오] 인사총무팀 인사총무 담당자(경력) 2023.11.27 티움바이오 : Hope & Happiness “ 희귀질환 치료제 개발을 통한 인류의 행복 ” 희귀질환 치료제 개발을 통해 세계적으로 인정받는 혁신신약 연구개발기업이 되고자 하는 티움바이오 ( www.tiumbio.com ) IR 페이지 ( https://tiumbio.irpage.co.kr/ ) 에서 동반 성장할 역량 있는 인재를 모집하고 있습니다 . 티움바이오는 SK 케미컬 신약 연구소에서 혁신 신약을 연구개발하여 글로벌 기술이전 및 국내 최초 미국 FDA/유럽 EMA 시판허가를 받아 실제 신약을 성공시켜본 경험을 가진 연구원들이 2016년 12월 독립하여 설립한 회사입니다. 최고의 연구진을 중심으로 창립 후 3년이라는 짧은 기간 안에 세 차례의 투자 유치, 두 차례의 기술이전, 코스닥 상장 등 가시적인 성과를 이루었고 2020년 7월 보스톤에 항체 전문 INITIUM THERAPEUTICS를 설립하였습니다. 또한 2022년 8월 자궁내막증 치료물질 TU2670에 대해 약 2,300억원 규모의 기술수출 계약을 체결했고 2022년 중 면역항암제 TU2218에 대한 글로벌 제약사 MSD 및 베이진과의 병용임상 계약 체결 및 국가신약개발사업 선정의 쾌거를 이루었습니다. 국내외의 탁월한 연구 인력들이 조인하여 면역 항암제, 혈우병 치료제, 자궁내막증, NASH, IPH 치료제 등 새로운 혁신신약의 성공을 위한 도약을 이어가고 있습니다. 입사 후 합성신약과 바이오신약의 DISCOVERY부터 임상까지의 체계적 신약 개발 프로세스를 경험할 수 있으며 회사의 성장과 함께 꿈을 이루실 수 있습니다. 티움바이오는 혁신신약 개발을 통한 개인의 성장과 인류의 건강을 증진시키고자 하는 열정 있는 인재를 찾고 있습니다. 진취적이고 능동적인 인재들에게 능력과 성과에 맞는 합리적 보상을 제공하며 함께 꿈을 이루고자 하오니 많은 지원 바랍니다. [모집부문] 인사총무팀 인사총무담당자 경력 사원~대리급 총무 (약 5 0%) - 건물 관리 (관리위원단 부대업무 지원) - 임대차/시설/자산/임차비품관리 - 각종 인증 관리 및 정부지원금 자료작성 지원 - 기타 총무 관련 업무 인사 (약 40%) - 연차/근태관리 - 성과평가 시스템 운영 지원 - 기타 HR오퍼레인션 업무 지원 안전관리 (약 10%) - HR /총무 관련 안전 업무 수행 (교육/특수검진) 및 연구소 지원 * 채용/보상/복리후생은 별도 담당이 있습니다. * 벤처 특성 상 업무 R&R은 확장될 수 있습니다. 지원자격 - 인사총무 경력 5년 이하 (실무 generalist 경력) 우대사항 - 연관 산업군 경력자 (제약바이오, R&D 연구소 등) - 집합건물 관리 경력자 지원자격 - 인사총무 경력 5년 이하 (실무 generalist 경력) 우대사항 - 연관 산업군 경력자 (제약바이오, R&D 연구소 등) - 집합건물 관리 경력자 [ 지원방법] 국문 혹은 영문 CV 및 자기소개서 ( 연구 / 경력 상세 포함 ) 를 recruit@tiumbio.com 으로 송부 . 파일명 : 모집구분명 _ 후보자이름 _ 지원일자 (YYMMDD) [전형절차] 서류전형 ▷ 온라인 인적성검사 ▷ 실무면접 (Presentation) ▷ 임원면접 ▷ Offer ▷Onboarding *합격자에 한하여 연락 드립니다. [ 근무환경 ] 보수 : 연봉제(개별 협의), 성과급, 스톡옵션, 마일스톤 보상 복리후생 : 중식비 지원 , 주택자금지원 (연간 75~150만원), 건강검진, 하계휴가 및 휴가비, 외국어교육비 지원제도, 장기근속 포상 및 휴가, 명절/각종 경조사 지원, 청년내일 채움공제, 직무교육, 단체상해보험, 생일 선물, 동호회 지원 등 (복리후생지급예규에 따라 시행 됨) [근무지] 경기도 성남시 수정수 창업로40번길 30, 유연근무제(시차출퇴근제) 및 재택(일부 직무에 한하여) 시행중 [문의] 티움바이오 인사총무팀 , recruit@tiumbio.com 이전글 [티움바이오] 대표이사 비서 및 인사/총무 지원 [티움바이오] 연구기획실 신입/경력 채용 공고 다음글 list",,"연관 산업군 경력자 (제약바이오, R&D 연구소 등) - 집합건물 관리 경력자 지원자격 - 인사총무 경력 5년 이하 (실무 generalist 경력) 우대사항 - 연관 산업군 경력자 (제약바이오, R&D 연구소 등) - 집합건물 관리 경력자 [ 지원방법] 국문 혹은 영문 CV 및 자기소개서 ( 연구 / 경력 상세 포함 ) 를 recruit@tiumbio.com 으로 송부 . 파일명 : 모집구분명 _ 후보자이름 _ 지원일자 (YYMMDD) [전형절차] 서류전형 ▷ 온라인 인적성검사 ▷ 실무면접 (Presentation) ▷ 임원면접 ▷ Offer ▷Onboarding *합격자에 한하여 연락 드립니다. [ 근무환경 ] 보수 : 연봉제(개별 협의), 성과급, 스톡옵션, 마일스톤 보상","] 서류전형 ▷ 온라인 인적성검사 ▷ 실무면접 (Presentation) ▷ 임원면접 ▷ Offer ▷Onboarding *합격자에 한하여 연락 드립니다. [ 근무환경 ] 보수 : 연봉제(개별 협의), 성과급, 스톡옵션, 마일스톤 보상","건강검진, 교육비, 스톡옵션",,경기,,연봉제(개별 협의,,,,active,2026-03-01 18:29:23.426016,2026-03-01 18:29:23.425994,True
59,32194,경영관리실 임원 비서 채용,https://www.tiumbio.com/board/board.php?bo_table=recruit&idx=72,"인재채용 티움과 함께 성장할 여러분을 기다립니다. 티움人 복리후생 채용공고 티움人 복리후생 채용공고 채용공고 경영관리실 임원 비서 채용 2023.12.18 티움바이오 : Hope & Happiness “ 희귀질환 치료제 개발을 통한 인류의 행복 ” 희귀질환 치료제 개발을 통해 세계적으로 인정받는 혁신신약 연구개발기업이 되고자 하는 티움바이오 ( www.tiumbio.com ) IR 페이지 ( https://tiumbio.irpage.co.kr/ ) 에서 동반 성장할 역량 있는 인재를 모집하고 있습니다 . 티움바이오는 SK 케미컬 신약 연구소에서 혁신 신약을 연구개발하여 글로벌 기술이전 및 국내 최초 미국 FDA/유럽 EMA 시판허가를 받아 실제 신약을 성공시켜본 경험을 가진 연구원들이 2016년 12월 독립하여 설립한 회사입니다. 최고의 연구진을 중심으로 창립 후 3년이라는 짧은 기간 안에 세 차례의 투자 유치, 두 차례의 기술이전, 코스닥 상장 등 가시적인 성과를 이루었고 2020년 7월 보스톤에 항체 전문 INITIUM THERAPEUTICS를 설립하였습니다. 또한 2022년 8월 자궁내막증 치료물질 TU2670에 대해 약 2,300억원 규모의 기술수출 계약을 체결했고 2022년 중 면역항암제 TU2218에 대한 글로벌 제약사 MSD 및 베이진과의 병용임상 계약 체결 및 국가신약개발사업 선정의 쾌거를 이루었습니다. 국내외의 탁월한 연구 인력들이 조인하여 면역 항암제, 혈우병 치료제, 자궁내막증, NASH, IPH 치료제 등 새로운 혁신신약의 성공을 위한 도약을 이어가고 있습니다. 입사 후 합성신약과 바이오신약의 DISCOVERY부터 임상까지의 체계적 신약 개발 프로세스를 경험할 수 있으며 회사의 성장과 함께 꿈을 이루실 수 있습니다. 티움바이오는 혁신신약 개발을 통한 개인의 성장과 인류의 건강을 증진시키고자 하는 열정 있는 인재를 찾고 있습니다. 진취적이고 능동적인 인재들에게 능력과 성과에 맞는 합리적 보상을 제공하며 함께 꿈을 이루고자 하오니 많은 지원 바랍니다. [모집부문] 경영관리실 임원 비서 (1년 계약, 정규전환 가능 포지션) 신입, 경력 사원급 CEO & CFO C-level 임원 비서 - 일정 관리, 비용 정산 관리, 임원실 관리, 기타 업무 지원 등 비서 업무 전반 - 대표 번호 응대 및 내방객 응대 - 사내 업무 환경 개선 및 유지,관리 - 우편물 수발신 등 일반 행정/총무 업무 지원 지 원자격 - 전문학사(2년제 졸) 이상 - 비서 또는 인사/총무 업무 경력 1년 이상자 (신입 지원 가능) 우 대사항 - 중소, 중견기업 비서실 근무 경력자 - 비서학과, 국제사무학과 전공자 [ 지원방법] 국문 혹은 영문 CV 및 자기소개서 ( 연구 / 경력 상세 포함 ) 를 recruit@tiumbio.com 으로 송부 . 파일명 : 모집구분명 _ 후보자이름 _ 지원일자 (YYMMDD) [전형절차] 서류전형 ▷ 온라인 인적성검사 ▷ 실무면접 (Presentation) ▷ 임원면접 ▷ Offer ▷Onboarding *우선 지원자 순 면접 진행 예정 [ 근무환경 ] 보수 : 연봉제(개별 협의), 성과급, 스톡옵션, 마일스톤 보상 복리후생 : 복리후생 : 점심식비지원, 주택자금지원, 건강검진, 하계휴가비, 외국어교육비 지원제도, 장기근속 포상 및 휴가, 명절/각종 경조사 지원, 청년내일 채움공제, 외국어교육지원, 단체상해보험, 생일선물, 동호회 지원, 건강검진 등 (복리후생지급예규에 따라 시행 됨) [근무지] 경기도 성남시 수정수 창업로40번길 30, 유연근무제(시차출퇴근제) [문의] 티움바이오 인사총무팀 , recruit@tiumbio.com 이전글 [경력] 인사총무담당자 [티움바이오] 연구기획실 신입/경력 채용 공고 다음글 list",,,"] 서류전형 ▷ 온라인 인적성검사 ▷ 실무면접 (Presentation) ▷ 임원면접 ▷ Offer ▷Onboarding *우선 지원자 순 면접 진행 예정 [ 근무환경 ] 보수 : 연봉제(개별 협의), 성과급, 스톡옵션, 마일스톤 보상","건강검진, 교육비, 스톡옵션",,경기,,연봉제(개별 협의,,,,active,2026-03-01 18:29:24.044992,2026-03-01 18:29:24.044970,True
60,32229,회사소개,https://www.soulbrain.co.kr/m64.php?tab=1&,"EMPLOYMENT INFORMATION BUILDING A BETTER FUTURE THROUGH CONVERGENCE HOME 채용정보 기업소개 사업영역 R&D IR/PR ESG 채용정보 채용소식 인사철학 복리후생 직무소개 채용소식 채용소식 Soulbrain과 꿈과 비전을 함께할 인재를 찾고 있습니다. 100년 기업을 내다보면서 솔브레인은 한 번 더 비상을 위한 힘찬 날갯짓을 이어갈 것입니다. 채용절차 채용공고 자주하는 질문 채용절차 채용 전형 절차와 입사 지원 방법에 대해 확인하실 수 있습니다. 입사지원 서류전형 면접전형 신체검사 최종합격 채용시기 수시채용 채용사유 발생 시 수시로 채용 진행 제조직 수시채용은 공주사업장 인사지원팀에서 일괄 진행 서류접수 채용소식의 채용시스템을 통해 온라인 입사지원을 원칙으로 함 온라인 입사지원이 어려운 경우, 아래의 [입사지원서 양식]을 다운받아 이메일, 우편으로 입사지원 입사지원서 양식(한글) ↓ 입사지원서 양식(워드) ↓ 이메일 지원 : recruit@soulbrain.co.kr 우편 지원 : 충남 공주시 공단길 34-12(검상동) 입사지원서 외 기타 제출서류(졸업증명서, 성적증명서 등)는 추후 합격자에 한하여 제출 합격자 발표 서류전형 및 면접전형 합격자는 개별 통보 입사지원 시 등록한 개인의 이메일 주소와 비밀번호를 통해 당사의 채용 시스템에 접속하여 결과 조회 가능 면접전형 일반적인 인성검사 및 전공 관련 면접 실시 면접관과 면접자의 多 대 1 또는 多 대 多 형식으로 진행 1차(실무진 면접) → 2차(Peer Interview, 동료면접) 진행 * 전형에 따라 외국어 면접을 실시할 수 있습니다. * 제조직 수시채용은 공주사업장 인사지원팀에서 일괄 진행 부정청탁금지 채용과정에 부정한 청탁이 있을 경우 청탁자 및 피청탁자 모두에게 불이익이 발생할 수 있습니다. TOP",,,"와 입사 지원 방법에 대해 확인하실 수 있습니다. 입사지원 서류전형 면접전형 신체검사 최종합격 채용시기 수시채용 채용사유 발생 시 수시로 채용 진행 제조직 수시채용은 공주사업장 인사지원팀에서 일괄 진행 서류접수 채용소식의 채용시스템을 통해 온라인 입사지원을 원칙으로 함 온라인 입사지원이 어려운 경우, 아래의 [입사지원서 양식]을 다운받아 이메일, 우편으로 입사지원 입사지원서 양식(한글) ↓ 입사지원서 양식(워드) ↓ 이메일 지원 : recruit@soulbrain.co.kr 우편 지원 : 충남 공주시 공단길 34-12(검상동) 입사지원서 외 기타 제출서류(졸업증명서, 성적증명서 등)는 추후 합격자에 한하여 제출 합격자 발표 서류전형 및 면접전형 합격자는 개별 통보 입사지원 시 등록한 개인의 이메일 주소와 비밀번호를 통해 당사의 채용 시스템에 접속하여 결과 조회 가능 면접전형 일반적인 인성검사 및 전공 관련 면접 실시 면접관과 면접자의 多 대 1 또는 多 대 多 형식으로 진행 1차(실무진 면접) → 2차(Peer Interview, 동료면접) 진행 * 전형에 따라 외국어 면접을 실시할 수 있습니다. * 제조직 수시채용은 공주사업장 인사지원팀에서 일괄 진행 부정청탁금지 채용과정에 부정한 청탁이 있을 경우 청탁자 및 피청탁자 모두에게 불이익이 발생할 수 있습니다. TOP",,,충남,,,,,,active,2026-03-01 18:29:24.206976,2026-03-01 18:29:24.206941,True
61,32194,[경력] 인사총무담당자,https://www.tiumbio.com/board/board.php?bo_table=recruit&idx=73,"인재채용 티움과 함께 성장할 여러분을 기다립니다. 티움人 복리후생 채용공고 티움人 복리후생 채용공고 채용공고 [경력] 인사총무담당자 2023.12.18 희귀질환 치료제 개발을 통해 세계적으로 인정받는 혁신신약 연구개발기업이 되고자 하는 당사 에서 동반 성장할 역량 있는 인재를 모집하고 있습니다 . 티움바이오는 SK 케미컬 신약 연구소에서 혁신 신약을 연구개발하여 글로벌 기술이전 및 국내 최초 미국 FDA/유럽 EMA 시판허가를 받아 실제 신약을 성공시켜본 경험을 가진 연구원들이 2016년 12월 독립하여 설립한 회사입니다. 최고의 연구진을 중심으로 창립 후 3년이라는 짧은 기간 안에 세 차례의 투자 유치, 두 차례의 기술이전, 코스닥 상장 등 가시적인 성과를 이루었고 2020년 7월 보스톤에 항체 전문 INITIUM THERAPEUTICS를 설립하였습니다. 또한 2022년 8월 자궁내막증 치료물질 TU2670에 대해 약 2,300억원 규모의 기술수출 계약을 체결했고 2022년 중 면역항암제 TU2218에 대한 글로벌 제약사 MSD 및 베이진과의 병용임상 계약 체결 및 국가신약개발사업 선정의 쾌거를 이루었습니다. 국내외의 탁월한 연구 인력들이 조인하여 면역 항암제, 혈우병 치료제, 자궁내막증, NASH, IPH 치료제 등 새로운 혁신신약의 성공을 위한 도약을 이어가고 있습니다. 입사 후 합성신약과 바이오신약의 DISCOVERY부터 임상까지의 체계적 신약 개발 프로세스를 경험할 수 있으며 회사의 성장과 함께 꿈을 이루실 수 있습니다. 티움바이오는 혁신신약 개발을 통한 개인의 성장과 인류의 건강을 증진시키고자 하는 열정 있는 인재를 찾고 있습니다. 진취적이고 능동적인 인재들에게 능력과 성과에 맞는 합리적 보상을 제공하며 함께 꿈을 이루고자 하오니 많은 지원 바랍니다. 인사총무담당자 (경력, 대리급) 업무 내용 1. 인사 - 직원 경험 전반 담당 : 채용, 온보딩, 복리후생, 조직문화 활동 등 - 근태 및 연차관리 - 기타 인사 전문 업무 지원 2. 총무 - 시설 관리 : 임대차 관리, 집합건물 관리위원단 부대 업무 지원 - 자산 및 업무 환경 관리 - 문서 관리 : 계약서 및 각종 인증 등 - 연구소 지원 : 안전, 보건 관련 - 기타 총무 업무 지원자격 - 인사총무 경력 5년 내외 (실무 generalist 경력) 우대사항 - 연관 산업군 경력자 (제약바이오, R&D 연구소 등) 지원방법 - 국문이력서 및 자기소개서 ( 경력 상세 포함 ) 를 recruit@tiumbio.com 으로 송부 . - 파일명 : 모집구분명 _ 후보자이름 _ 지원일자 (YYMMDD) 전형절차 서류전형>온라인 인적성검사 > 실무면접 > 임원면접 > Offer > Onboarding 근무지 경기도 성남시 수정구 창업로40번길 30, 판교IT센터 근무환경 - 유연근무제 시행 중 (7시~10시 사이 자율출근제) - 복리후생 : 점심식대지원, 주택자금지원, 건강검진, 단체보험, 하계휴가(5일) 및 휴가비 지급, 외국어교육비 지원, 장기근속 포상 및 휴가, 각종 경조사 지원, 동호회 지원 등 (복리후생지급예규에 따름) 문의 : 티움바이오 인사총무팀, recruit@tiumbio.com 이전글 [신입/경력] 디스커버리실, 바이오신약실 연구원 [티움바이오] 연구기획실 신입/경력 채용 공고 다음글 list",,"연관 산업군 경력자 (제약바이오, R&D 연구소 등) 지원방법 - 국문이력서 및 자기소개서 ( 경력 상세 포함 ) 를 recruit@tiumbio.com 으로 송부 . - 파일명 : 모집구분명 _ 후보자이름 _ 지원일자 (YYMMDD) 전형절차 서류전형>온라인 인적성검사 > 실무면접 > 임원면접 > Offer > Onboarding 근무지 경기도 성남시 수정구 창업로40번길 30, 판교IT센터 근무환경 - 유연근무제 시행 중 (7시~10시 사이 자율출근제) -","서류전형>온라인 인적성검사 > 실무면접 > 임원면접 > Offer > Onboarding 근무지 경기도 성남시 수정구 창업로40번길 30, 판교IT센터 근무환경 - 유연근무제 시행 중 (7시~10시 사이 자율출근제) -","건강검진, 교육비, 식대",,경기,,,,,,active,2026-03-01 18:29:24.481852,2026-03-01 18:29:24.481824,True
62,32194,"바이오신약실 연구원, 임상팀 채용",https://www.tiumbio.com/board/board.php?bo_table=recruit&idx=77,"인재채용 티움과 함께 성장할 여러분을 기다립니다. 티움人 복리후생 채용공고 티움人 복리후생 채용공고 채용공고 바이오신약실 연구원, 임상팀 채용 2024.05.16 기업스토리 티움바이오 기업스토리 보기 모집부문 및 자격요건 모집부문 구분 직무내용 자격요건 및 우대사항 바이오신약실 연구원 경력 대리~차장급 치료용 항체 개발 연구 - 항체 및 단백질 치료제 개발 실무 연구 (활성평가, 특성분석, 엔지니어링 등) - 개발 현황 파악 및 관련 분석법 세팅/평가 지원자격 - 생물학, 분자생물학, 생명 공학 석사 이상 학위 소지자 우대사항 - 박사 학위자 - 라이브러리를 이용한 치료제 개발 경험자 - 회사 내 항체 및 단백질 치료제 개발 연구 경험 3~5년 이상 바이오신약실 연구원 신입 또는 경력 5년 이하 전문연구요원 가능 단백질(항체 포함)의약품 연구 개발 - 단백질 발현 및 정제 - 단백질 특성 분석 : in vitro biochemical assays 지원자격 - 생명과학 관련 석사 이상 학위 소지자 임상개발실 임상 PM 경력 과~차장급 임상 PM (Project Manager) - 국내·해외 임상 기획, 운영 및 관리 - Project set-up/management - Clinical development/strategy 수립 - Budget/timeline 관리 - CRO등 vendor 관리 - 임상시험용의약품 관련 vendor 관리 지원자격 - 약학, 생명공학/과학, 간호학 등 관련 전공 학사 이상 - 제약·바이오기업 PM 경력 - 영어 Communication skill 보유 우대사항 - 약학, 생명공학/과학, 간호학 등 관련 전공 석·박사 - 해외 (미국, 유럽 등) 임상시험 운영 유경험자 임상개발실 임상 CTA 경력 1년이상 CTA (Clinical Trial Assistant) - 임상팀 업무 보조 - TMF/Contract/Invoice 등 정리, 보관 - 임상팀 회의, 미팅 스케줄링 - 임상시험 및 임상팀 관련 비용 처리, 비용 관련 문서 (영수증 등) 관리 지원자격 - 학사 이상 - MS Office (specially in EXCEL) 사용 원활 - 제약·바이오 기업 업무 경력 - 영어 reading 가능 우대사항 - 약학, 생명공학/과학, 간호학 등 관련 전공자 - 임상시험 관련 업무 유경험자 - 임상시험 관련 교육 이수자 근무조건 - 보수 : 연봉제(개별 협의), 성과급, 마일스톤 보상 - 복리후생 : 중식비 지원, 주택자금지원, 프리미엄 건강검진, 하계휴가 및 휴가비, 외국어교육비 지원제도, 장기근속 포상 및 휴가, 명절/각종 경조사 지원 직무교육, 단체상해보험, 생일 선물, 동호회 지원 등 (복리후생지급예규에 따라 시행 됨) - 전문연구요원 채용 - 근무지 : 경기도 성남시 수정구 창업로 40번길 30, 6층 (시흥동, 판교IT센터) 유연근무제 및 재택(일부 직무에 한하여) 시행중 전형절차 제출서류 - 국문 혹은 영문CV 및 자기소개서 (연구/경력 상세 포함) 접수기간 및 방법 - 접수기간 : 2024년 06월 02일 24시 마감 - 접수방법 : 사람인 온라인 입사지원 및 이메일 지원 * 이메일 지원시, 제출 서류를 아래 메일 주소로 송부 해 주세요. ㆍ티움바이오 : recruit@tiumbio.com ㆍ파일명 : 모집구분명_후보자이름_지원일자(YYMMDD) 문의사항 - 문의 사항은 recruit 계정으로 이메일 보내주시면 감사하겠습니다. * Pipeline에 대한 더 많은 정보는 Investor Relations 〉 IR News 〉 IR 자료를 참고하시기 바랍니다. ( https://tiumbio.irpage.co.kr/ ) 이전글 [티움바이오] 임상팀 임상PM 채용 (경력) [티움바이오] 연구기획실 신입/경력 채용 공고 다음글 list","모집부문 구분 직무내용 자격요건 및 우대사항 바이오신약실 연구원 경력 대리~차장급 치료용 항체 개발 연구 - 항체 및 단백질 치료제 개발 실무 연구 (활성평가, 특성분석, 엔지니어링 등) - 개발 현황 파악 및 관련 분석법 세팅/평가 지원자격 - 생물학, 분자생물학, 생명 공학 석사 이상 학위 소지자 우대사항 - 박사 학위자 - 라이브러리를 이용한 치료제 개발 경험자 - 회사 내 항체 및 단백질 치료제 개발 연구 경험 3~5년 이상 바이오신약실 연구원 신입 또는 경력 5년 이하 전문연구요원 가능 단백질(항체 포함)의약품 연구 개발 - 단백질 발현 및 정제 - 단백질 특성 분석 : in vitro biochemical assays 지원자격 - 생명과학 관련 석사 이상 학위 소지자 임상개발실 임상 PM 경력 과~차장급 임상 PM (Project Manager) - 국내·해외 임상 기획, 운영 및 관리 - Project set-up/management - Clinical development/strategy 수립 - Budget/timeline 관리 - CRO등 vendor 관리 - 임상시험용의약품 관련 vendor 관리 지원자격 - 약학, 생명공학/과학, 간호학 등 관련 전공 학사 이상 - 제약·바이오기업 PM 경력 - 영어 Communication skill 보유 우대사항 - 약학, 생명공학/과학, 간호학 등 관련 전공 석·박사 - 해외 (미국, 유럽 등) 임상시험 운영 유경험자 임상개발실 임상 CTA 경력 1년이상 CTA (Clinical Trial Assistant) - 임상팀 업무 보조 - TMF/Contract/Invoice 등 정리, 보관 - 임상팀 회의, 미팅 스케줄링 - 임상시험 및 임상팀 관련 비용 처리, 비용 관련 문서 (영수증 등) 관리 지원자격 - 학사 이상 - MS Office (specially in EXCEL) 사용 원활 - 제약·바이오 기업 업무 경력 - 영어 reading 가능 우대사항 - 약학, 생명공학/과학, 간호학 등 관련 전공자 - 임상시험 관련 업무 유경험자 - 임상시험 관련 교육 이수자 근무조건 - 보수 : 연봉제(개별 협의), 성과급, 마일스톤 보상 -","바이오신약실 연구원 경력 대리~차장급 치료용 항체 개발 연구 - 항체 및 단백질 치료제 개발 실무 연구 (활성평가, 특성분석, 엔지니어링 등) - 개발 현황 파악 및 관련 분석법 세팅/평가 지원자격 - 생물학, 분자생물학, 생명 공학 석사 이상 학위 소지자 우대사항 - 박사 학위자 - 라이브러리를 이용한 치료제 개발 경험자 - 회사 내 항체 및 단백질 치료제 개발 연구 경험 3~5년 이상 바이오신약실 연구원 신입 또는 경력 5년 이하 전문연구요원 가능 단백질(항체 포함)의약품 연구 개발 - 단백질 발현 및 정제 - 단백질 특성 분석 : in vitro biochemical assays 지원자격 - 생명과학 관련 석사 이상 학위 소지자 임상개발실 임상 PM 경력 과~차장급 임상 PM (Project Manager) - 국내·해외 임상 기획, 운영 및 관리 - Project set-up/management - Clinical development/strategy 수립 - Budget/timeline 관리 - CRO등 vendor 관리 - 임상시험용의약품 관련 vendor 관리 지원자격 - 약학, 생명공학/과학, 간호학 등 관련 전공 학사 이상 - 제약·바이오기업 PM 경력 - 영어 Communication skill 보유 우대사항 - 약학, 생명공학/과학, 간호학 등 관련 전공 석·박사 - 해외 (미국, 유럽 등) 임상시험 운영 유경험자 임상개발실 임상 CTA 경력 1년이상 CTA (Clinical Trial Assistant) - 임상팀 업무 보조 - TMF/Contract/Invoice 등 정리, 보관 - 임상팀 회의, 미팅 스케줄링 - 임상시험 및 임상팀 관련 비용 처리, 비용 관련 문서 (영수증 등) 관리 지원자격 - 학사 이상 - MS Office (specially in EXCEL) 사용 원활 - 제약·바이오 기업 업무 경력 - 영어 reading 가능 우대사항 - 약학, 생명공학/과학, 간호학 등 관련 전공자 - 임상시험 관련 업무 유경험자 - 임상시험 관련 교육 이수자 근무조건 - 보수 : 연봉제(개별 협의), 성과급, 마일스톤 보상 -","제출서류 - 국문 혹은 영문CV 및 자기소개서 (연구/경력 상세 포함) 접수기간 및 방법 - 접수기간 : 2024년 06월 02일 24시 마감 - 접수방법 : 사람인 온라인 입사지원 및 이메일 지원 * 이메일 지원시, 제출 서류를 아래 메일 주소로 송부 해 주세요. ㆍ티움바이오 : recruit@tiumbio.com ㆍ파일명 : 모집구분명_후보자이름_지원일자(YYMMDD) 문의사항 - 문의 사항은 recruit 계정으로 이메일 보내주시면 감사하겠습니다. * Pipeline에 대한 더 많은 정보는 Investor Relations 〉 IR News 〉 IR 자료를 참고하시기 바랍니다. ( https://tiumbio.irpage.co.kr/ ) 이전글 [티움바이오] 임상팀 임상PM 채용 (경력) [티움바이오] 연구기획실 신입/경력 채용 공고 다음글 list","건강검진, 교육비",,경기,,연봉제(개별 협의,,,,active,2026-03-01 18:29:25.898794,2026-03-01 18:29:25.898774,True
63,32610,계열사 사이트,https://www.dlchemical.co.kr/ko/recruit,"공유하기 QUICK 지속가능경영보고서 사이버신문고 인재상 인사제도 채용절차 채용공고 인재상 DL케미칼은 여러분의 창의적 도전을 기다립니다. 세상의 중심이 되는 숲에서 모든 생명체는 각자의 생명력으로 조화를 이루며 살아갑니다. DL케미칼은 쾌적하고 풍요로운 세상을 함께 만들어갈 인재를 찾습니다. 세계를 무대로 미래를 창조할 인재의 힘찬 도전을 기다립니다. 새로운 것을 찾는다 멀리 내다본다 자기 일에 으뜸이 된다 팀웍을 이룬다 약속을 지킨다 근검절약을 한다 고객을 잘 안다 인사제도 합리적인 성과관리 DL케미칼은 임직원의 성장과 육성을 위해 상시 성과관리 및 코칭을 제공하고 있으며, 이를 바탕으로 합리적인 업적 및 역량 평가를 실시합니다. 평가제도 업적평가 개인별 당해년도의 업무목표를 설정하고 목표대비 업무실적 및 수행과정과 달성도를 평가 역량평가 공통적으로 요구되는 핵심역량과 직책 및 직위에 따른 리더십 역량, 직무별로 요구되는 직무 역량을 평가 능력과 성과 중심의 공정하고 합리적인 평가제도 운영 인적자원관리 전반의 기준 공정한 승진제도 DL케미칼은 능력과 성과를 종합적으로 고려하여 공정한 승진제도를 운영하고 있습니다. 우수 직원에 대하여 발탁승진 및 연공에 관계없이 주요 보직 수행의 기회를 부여합니다. 성과위주 인사원칙에 따른 보상제도 성과에 따른 공정한 보상을 실시하여 일에 대한 보람을 느끼고, 회사의 글로벌 경쟁력 향상을 위해 노력하고 있습니다. 기본급 개인별 평가에 따른 차별화된 보상 실시 인센티브 조직/개인 성과에 따른 인센티브 지급 수평적 조직문화 일ㆍ생활 균형 문화 구축 “Work-life balance”의 시대적 변화에 맞추어 시차출퇴근제도, 재택근무제도, 보상휴가 제도 등의 유연근무제도를 운영하고 있습니다. 이를 통해 직원들의 조직 만족도 향상 및 일과 삶의 균형 보장 등의 긍정적 효과를 가져오고 있습니다. 양방향/수평적 소통 활성화 임직원이 서로 자유롭게 소통할 수 있는 업무환경을 구축하고, 양방향 소통을 활성화하여 유연한 조직문화를 만들어 가고 있습니다. 리버스멘토링(Reverse Mentoring) 및 직원 소통채널인 Junior DL, 타운홀미팅 등을 통하여 열린 문화를 정착시켜 나가고 있습니다. 복리후생 풍요로운 생활, 안정된 생활, 활기찬 생활! 실제 도움이 되는 정신적, 물질적 지원제도 및 각종 자기개발 지원제도와 다양한 Refreshing 활동을 통해 보다 나은 미래를 지원하고 있습니다. 주택 자금지원 학자금 지원 (고교, 대학교) 입학축하금 (유치원, 중학교) 경조금 및 경조휴가 사택 (여수공장) 통근버스 동호회 지원 다양한 자기개발지원 (어학,자격증) 하계휴가 및 콘도∙휴양소 공로자, 장기근속자 해외여행 상해보험가입 일반 및 종합 건강검진 의무실 운영 의료비 육성제도 글로벌 환경에 빠르게 적응하고 도전 · 성장하는 인재를 육성하기 위한 다양한 인재육성 프로그램을 갖추고 있습니다. 공통 역량 개발 공통 역량 개발 전직원 대상, 계층별 필수 역량 개발 글로벌/DT/ESG 등 Trend 변화 및 Mind-set 강화 경력/신입 on boarding 과정 등 리더십 역량 개발 리더십 역량 개발 리더십의 기본 원칙 이해를 통한 변화 의지 고취 및 역량 확보 임원 후보, 승진자 및 보직자 육성과정 핵심/전문 역량 개발 핵심/전문 역량 개발 조직의 비젼 및 전략적 이슈, 직무별 전문가로 육성을 하기 위한 전문과정 글로벌 핵심인재, 직무전문가, 제조기술 전문과정 등 Self Development (직무) Self Development (직무) 자기 주도 학습을 통한 직무 역량 강화 직무공통, 기본/심화과정 등 Global 인재육성 DL케미칼은 Kraton과 Cariflex와의 시너지 창출, 글로벌 변화관리 및 talent 양성을 위해 Global Talent Exchange Program을 운영하고 있습니다. GTEP (Global Talent Exchange Program) DL케미칼/Kraton/Cariflex 간 공동 과제 선정 후, 근무지를 exchange하여 근무하는 프로그램 (R&D, Finance, HR 등 Business 내 주요 과제 수행을 통한 조직 역량 제고) 채용절차 채용절차 STEP 01 서류전형 입사지원서를 기준으로 지원자의 채용부문 적합성 여부 판단 STEP 02 인.적성검사 인·적성검사를 통해 지원자의 업무적합성, 잠재성 및 사회성 평가 STEP 03 1차면접 실무면접 STEP 04 2차면접 임원면접 STEP 05 채용검진 평판조회 신체 조건상 업무 수행 가능 여부 판단 STEP 06 채용확정 * 상기 채용절차는 상황에 따라 변경될 수 있습니다. 채용공고 채용공고 DL케미칼은 쾌적하고 풍요로운 세상을 함께 만들어 갈 인재를 찾습니다. 세계를 무대로 미래를 창조할 인재의 힘찬 도전을 기다립니다. 채용공고 바로가기 채용 담당자 김채연 메일 02-6945-0557 강유석 메일 02-3708-3512 ※ 각 부문별 경력사원 상시 모집 중입니다. 자세한 내용은 채용사이트를 확인해 주시기 바랍니다. URL 복사",,,,"건강검진, 경조휴가, 재택근무",,,,,,,,active,2026-03-01 18:29:26.262101,2026-03-01 18:29:26.262074,True
64,32194,"바이오신약실, 항체공학실, 응용약물합성실 연구원 & 임상팀 채용",https://www.tiumbio.com/board/board.php?bo_table=recruit&idx=80,"인재채용 티움과 함께 성장할 여러분을 기다립니다. 티움人 복리후생 채용공고 티움人 복리후생 채용공고 채용공고 바이오신약실, 항체공학실, 응용약물합성실 연구원 & 임상팀 채용 2024.08.19 모집부문 및 자격요건 모집부문 구분 직무내용 자격요건 및 우대사항 바이오신약실 신입 또는 경력 5년 이하 전문연구요원 가능 단백질(항체 포함)의약품 연구 개발 - 단백질 발현 및 정제 - 단백질 특성 분석 : in vitro biochemical assays 지원자격 - 생명과학 관련 석사 이상 학위 소지자 우대사항 - 항체 library screening 경험 - 동물세포 단백질 발현 정제 경험 경력 대리~차장급 치료용 항체 개발 연구 - 항체 및 단백질 치료제 개발 실무 연구 (활성평가, 특성분석, 엔지니어링 등) - 개발 현황 파악 및 관련 분석법 세팅/평가 지원자격 - 생물학, 분자생물학, 생명 공학 석사 이상 학위 소지자 우대사항 - 박사 학위자 - 라이브러리를 이용한 치료제 개발 경험자 - 회사 내 항체 및 단백질 치료제 개발 연구 경험 3~5년 이상 신입 전문연구요원 가능 핵산/유전자 치료제 개발 연구 - non-AAV 유전자 치료제 연구 (antisense RNA, Aptamer) - 항체 약물 접합 - 단백질 발현 정제 - 동물 PK 실험 지원자격 - 생명과학 관련 전공 석/박사 졸업자(예정자 포함) 우대사항 - 해당 직무 유경험자 - 전문연구요원 가능자 항체공학실 신입 또는 경력 5년 이하 전문연구요원 가능 치료용 항체 개발 : Discovery, MOA study, Pre-clinical study - 면역세포 분리 및 small scale 배양 - 면역세포를 이용한 기전 연구 : In vitro biochemical assay, Analysis of cell surface marker - In vivo 시험 디자인 및 면역세포 prep, 분석 - 이중항체 디자인 및 단클론항체 발현, 정제, 분석 지원자격 - 생명과학 관련 석사 이상 학위 소지자 우대사항 - 해당 직무 경험자 - FACS 숙련자 응용약물 합성실 경력 대리~차장급 항체약물접합 개발 연구 - 항체약물접합 디스커버리에 관련된 in vitro 활성 평가법 셋업 및 평가 - in vivo 활성 평가를 위한 모델 검토 및 셋업 지원자격 - 약리학, 생물학, 분자생물학, 생화학 관련학과 석사이상 우대사항 - 항체약물접합 연구 유경험자 - 세포생물학, 약리학 등에 대한 전문성 보유한 경력자 임상개발실 경력(5~10년) 과차장급 임상 PM (Project Manager) - 국내·해외 임상 기획, 운영 및 관리 - Project set-up/management - Clinical development/strategy 수립 - Budget/timeline 관리 - CRO등 vendor 관리 - 임상시험용의약품 관련 vendor 관리 지원자격 - 약학, 생명공학/과학, 간호학 등 관련 전공 학사 이상 - 제약·바이오기업 PM 경력 - 영어 Communication skill보유 우대사항 - 약학, 생명공학/과학, 간호학 등 관련 전공 석·박사 - 해외 (미국, 유럽 등) 임상시험 운영 유경험자 근무조건 - 보수 : 연봉제(개별 협의), 성과급, 마일스톤 보상 - 복리후생 : 중식비 지원, 주택자금지원, 프리미엄 건강검진, 하계휴가 및 휴가비, 외국어교육비 지원제도, 장기근속 포상 및 휴가, 명절/각종 경조사 지원 직무교육, 단체상해보험, 생일 선물, 동호회 지원 등 (복리후생지급예규에 따라 시행 됨) - 전문연구요원 채용 - 근무지 : 경기도 성남시 수정구 창업로 40번길 30, 6층 (시흥동, 판교IT센터) 유연근무제 및 재택(일부 직무에 한하여) 시행중 전형절차 제출서류 - 국문 혹은 영문CV 및 자기소개서 (연구/경력 상세 포함) 접수기간 및 방법 - 접수기간 : 2024년 09월 08일 24시 마감 - 접수방법 : 사람인 온라인 입사지원 및 이메일 지원 * 이메일 지원시, 제출 서류를 아래 메일 주소로 송부 해 주세요. ㆍ티움바이오 : recruit@tiumbio.com ㆍ파일명 : 모집구분명_후보자이름_지원일자(YYMMDD) 문의사항 - 문의 사항은 recruit 계정으로 이메일 보내주시면 감사하겠습니다. * Pipeline에 대한 더 많은 정보는 Investor Relations 〉 IR News 〉 IR 자료를 참고하시기 바랍니다. ( https://tiumbio.irpage.co.kr/ ) 이전글 [티움바이오] 경력/신입 채용 공고 [티움바이오] 연구기획실 신입/경력 채용 공고 다음글 list","모집부문 구분 직무내용 자격요건 및 우대사항 바이오신약실 신입 또는 경력 5년 이하 전문연구요원 가능 단백질(항체 포함)의약품 연구 개발 - 단백질 발현 및 정제 - 단백질 특성 분석 : in vitro biochemical assays 지원자격 - 생명과학 관련 석사 이상 학위 소지자 우대사항 - 항체 library screening 경험 - 동물세포 단백질 발현 정제 경험 경력 대리~차장급 치료용 항체 개발 연구 - 항체 및 단백질 치료제 개발 실무 연구 (활성평가, 특성분석, 엔지니어링 등) - 개발 현황 파악 및 관련 분석법 세팅/평가 지원자격 - 생물학, 분자생물학, 생명 공학 석사 이상 학위 소지자 우대사항 - 박사 학위자 - 라이브러리를 이용한 치료제 개발 경험자 - 회사 내 항체 및 단백질 치료제 개발 연구 경험 3~5년 이상 신입 전문연구요원 가능 핵산/유전자 치료제 개발 연구 - non-AAV 유전자 치료제 연구 (antisense RNA, Aptamer) - 항체 약물 접합 - 단백질 발현 정제 - 동물 PK 실험 지원자격 - 생명과학 관련 전공 석/박사 졸업자(예정자 포함) 우대사항 - 해당 직무 유경험자 - 전문연구요원 가능자 항체공학실 신입 또는 경력 5년 이하 전문연구요원 가능 치료용 항체 개발 : Discovery, MOA study, Pre-clinical study - 면역세포 분리 및 small scale 배양 - 면역세포를 이용한 기전 연구 : In vitro biochemical assay, Analysis of cell surface marker - In vivo 시험 디자인 및 면역세포 prep, 분석 - 이중항체 디자인 및 단클론항체 발현, 정제, 분석 지원자격 - 생명과학 관련 석사 이상 학위 소지자 우대사항 - 해당 직무 경험자 - FACS 숙련자 응용약물 합성실 경력 대리~차장급 항체약물접합 개발 연구 - 항체약물접합 디스커버리에 관련된 in vitro 활성 평가법 셋업 및 평가 - in vivo 활성 평가를 위한 모델 검토 및 셋업 지원자격 - 약리학, 생물학, 분자생물학, 생화학 관련학과 석사이상 우대사항 - 항체약물접합 연구 유경험자 - 세포생물학, 약리학 등에 대한 전문성 보유한 경력자 임상개발실 경력(5~10년) 과차장급 임상 PM (Project Manager) - 국내·해외 임상 기획, 운영 및 관리 - Project set-up/management - Clinical development/strategy 수립 - Budget/timeline 관리 - CRO등 vendor 관리 - 임상시험용의약품 관련 vendor 관리 지원자격 - 약학, 생명공학/과학, 간호학 등 관련 전공 학사 이상 - 제약·바이오기업 PM 경력 - 영어 Communication skill보유 우대사항 - 약학, 생명공학/과학, 간호학 등 관련 전공 석·박사 - 해외 (미국, 유럽 등) 임상시험 운영 유경험자 근무조건 - 보수 : 연봉제(개별 협의), 성과급, 마일스톤 보상 -","바이오신약실 신입 또는 경력 5년 이하 전문연구요원 가능 단백질(항체 포함)의약품 연구 개발 - 단백질 발현 및 정제 - 단백질 특성 분석 : in vitro biochemical assays 지원자격 - 생명과학 관련 석사 이상 학위 소지자 우대사항 - 항체 library screening 경험 - 동물세포 단백질 발현 정제 경험 경력 대리~차장급 치료용 항체 개발 연구 - 항체 및 단백질 치료제 개발 실무 연구 (활성평가, 특성분석, 엔지니어링 등) - 개발 현황 파악 및 관련 분석법 세팅/평가 지원자격 - 생물학, 분자생물학, 생명 공학 석사 이상 학위 소지자 우대사항 - 박사 학위자 - 라이브러리를 이용한 치료제 개발 경험자 - 회사 내 항체 및 단백질 치료제 개발 연구 경험 3~5년 이상 신입 전문연구요원 가능 핵산/유전자 치료제 개발 연구 - non-AAV 유전자 치료제 연구 (antisense RNA, Aptamer) - 항체 약물 접합 - 단백질 발현 정제 - 동물 PK 실험 지원자격 - 생명과학 관련 전공 석/박사 졸업자(예정자 포함) 우대사항 - 해당 직무 유경험자 - 전문연구요원 가능자 항체공학실 신입 또는 경력 5년 이하 전문연구요원 가능 치료용 항체 개발 : Discovery, MOA study, Pre-clinical study - 면역세포 분리 및 small scale 배양 - 면역세포를 이용한 기전 연구 : In vitro biochemical assay, Analysis of cell surface marker - In vivo 시험 디자인 및 면역세포 prep, 분석 - 이중항체 디자인 및 단클론항체 발현, 정제, 분석 지원자격 - 생명과학 관련 석사 이상 학위 소지자 우대사항 - 해당 직무 경험자 - FACS 숙련자 응용약물 합성실 경력 대리~차장급 항체약물접합 개발 연구 - 항체약물접합 디스커버리에 관련된 in vitro 활성 평가법 셋업 및 평가 - in vivo 활성 평가를 위한 모델 검토 및 셋업 지원자격 - 약리학, 생물학, 분자생물학, 생화학 관련학과 석사이상 우대사항 - 항체약물접합 연구 유경험자 - 세포생물학, 약리학 등에 대한 전문성 보유한 경력자 임상개발실 경력(5~10년) 과차장급 임상 PM (Project Manager) - 국내·해외 임상 기획, 운영 및 관리 - Project set-up/management - Clinical development/strategy 수립 - Budget/timeline 관리 - CRO등 vendor 관리 - 임상시험용의약품 관련 vendor 관리 지원자격 - 약학, 생명공학/과학, 간호학 등 관련 전공 학사 이상 - 제약·바이오기업 PM 경력 - 영어 Communication skill보유 우대사항 - 약학, 생명공학/과학, 간호학 등 관련 전공 석·박사 - 해외 (미국, 유럽 등) 임상시험 운영 유경험자 근무조건 - 보수 : 연봉제(개별 협의), 성과급, 마일스톤 보상 -","제출서류 - 국문 혹은 영문CV 및 자기소개서 (연구/경력 상세 포함) 접수기간 및 방법 - 접수기간 : 2024년 09월 08일 24시 마감 - 접수방법 : 사람인 온라인 입사지원 및 이메일 지원 * 이메일 지원시, 제출 서류를 아래 메일 주소로 송부 해 주세요. ㆍ티움바이오 : recruit@tiumbio.com ㆍ파일명 : 모집구분명_후보자이름_지원일자(YYMMDD) 문의사항 - 문의 사항은 recruit 계정으로 이메일 보내주시면 감사하겠습니다. * Pipeline에 대한 더 많은 정보는 Investor Relations 〉 IR News 〉 IR 자료를 참고하시기 바랍니다. ( https://tiumbio.irpage.co.kr/ ) 이전글 [티움바이오] 경력/신입 채용 공고 [티움바이오] 연구기획실 신입/경력 채용 공고 다음글 list","건강검진, 교육비",,경기,,연봉제(개별 협의,,,,active,2026-03-01 18:29:26.769274,2026-03-01 18:29:26.769240,True
65,32194,[티움바이오] 경력/신입 채용 공고,https://www.tiumbio.com/board/board.php?bo_table=recruit&idx=81,"인재채용 티움과 함께 성장할 여러분을 기다립니다. 티움人 복리후생 채용공고 티움人 복리후생 채용공고 채용공고 [티움바이오] 경력/신입 채용 공고 2024.11.13 모집부문 및 자격요건 [티움바이오] 모집부문 구분 직무내용 자격요건 및 우대사항 바이오 신약실 신입 또는 경력 5년 이하 단백질(항체 포함)의약품 연구 개발 - 단백질 발현 및 정제 - 단백질 특성 분석 : in vitro biochemical assays 지원자격 - 생명과학 관련 석사 이상 학위 소지자 우대사항 - 항체 library screening 경험 - 동물세포단백질발현 정제경험 * 전문연구요원가능 경력 대리~차장급 치료용 항체 개발 연구 - 항체/단백질 치료제 개발 실무 연구 (활성평가, 특성분석, 엔지니어링 등) - 개발 현황 파악 및 관련 분석법 세팅/평가 지원자격 - 생물학, 분자생물학, 생명 공학 석사 이상 학위 소지자 우대사항 - 박사 학위자 - 라이브러리를 이용한 치료제 개발 경험자 - 회사내 항체 및 단백질 치료제 개발 연구 경험 3~5년 이상 항체공학실 신입 또는 경력 5년 이하 치료용 항체 개발 : Discovery, MOA study, Pre-clinical study - 유전자 클로닝 - 단백질 및 항체 발현 (Mammalian system) - 단백질 및 항체 정제 및 특성 분석 (ELISA, Octet, Biacore, HPLC) - 면역세포 분리 및 small scale 배양 - 면역세포를 이용한 기전 연구 : In vitro biochemical assay, Analysis of cell surface marker - In vivo 시험 디자인 및 면역세포 prep, 분석 - 단백질 구조 분석 지원자격 - 생명과학 관련 석사 이상 학위 소지자 우대사항 - 해당 직무 경험자 - 항체 신약 직무 경험자 * 전문연구요원가능 응용약물 합성실 경력 대리~차장급 항체약물접합체(ADC) 개발 연구 1) 효능평가 : ADC 개발에 필요한 in vitro 활성 평가법 셋업 및 평가 2) 항체 제조 및 분석 - 항체특성분석에 따른 ADC적합 항체 선별 - ADC 제조 및 분석에 대한 위탁연구디자인, 수행감독 지원자격 - 약리학, 생물학, 분자생물학, 생화학 관련학과 석사이상 - 연관경력 3년 이상자 우대사항 - 약리학, 생물학, 분자생물학, 생화학 관련학과 석사이상 - 연관경력 3년 이상자 - ADC 연구 3년이상 경험자 - 세포생물학, 약리학 등에 대한 전문성 보유한 경력자 - ADC 약물의 제조 및 분석에 대한 전반적 이해 임상개발실 경력 (5~10년) 과장~차장급 임상 PM (Project Manager) - 국내·해외 임상 기획, 운영 및 관리 - Project set-up/management - Clinical development/strategy 수립 - Budget/timeline 관리 - CRO등 vendor 관리 - 임상시험용의약품 관련 vendor 관리 지원자격 - 약학, 생명공학/과학, 간호학 등 관련 전공 학사 이상 - 제약·바이오기업 PM 경력 - 영어 Communication skill보유 우대사항 - 약학, 생명공학/과학, 간호학 등 관련 전공 석·박사 - 해외 (미국, 유럽 등) 임상시험 운영 유경험자 사업개발실 경력 대리~차장급 사업개발 (Business Development) - Licensing-out (자사 개발 파이프라인의 기술수출 Deal) - 해외 컨퍼런스/파트너링 - 공동개발연구 파트너쉽 - Alliance management (기존 파트너사) - Licensing-in (파이프라인 발굴/ 기술평가/시장분석/Deal) *글로벌 Major 제약 바이오 컨퍼런스 참석 등의 성장 기회 제공 지원자격 - 연관 경력 3년 이상자 - 영어 communication 능통자 우대사항 - 생명과학, 화학, 약학, 바이오 관련 전공자 전략실 신입 또는 경력 10년 이하 전략기획 - R&D전략 - Project Management과제도출/평가 /성과/의사결정회의체 운영) - 신규과제 기획 - 시장/경쟁 동향 정보 수집 및 분석 지원자격 - 생명과학 계열 전공자 우대사항 - 약학/의학 계열 전공자 - 개발/경영/전략 유관 경력자 - 영어 우수자 근무조건 - 보수 : 연봉제(개별 협의), 성과급, 마일스톤 보상 - 복리후생 : 식대포인트, 생활안정자금, 출ㆍ퇴근 버스 운영(판교역~사옥), 프리미엄 건강검진, 하계휴가 및 휴가비, 외국어교육비, 장기근속 포상 및 휴가, 명절 및 각종 경조사 지원, 직무교육, 생일 선물, 동호회 지원 등 (복리후생지급예규에 따라 시행 됨) - 전문연구요원 채용 - 근무지 : 경기도 성남시 수정구 창업로 40번길 30, 6층 (시흥동, 판교IT센터) 유연근무제 시행중 전형절차 제출서류 - 국문 이력서 및 자기소개서 (연구/경력 상세 필수 기재) - 학위 성적 증명서 (이력서 상 기재된 대학, 대학원 성적증명 필수) - 어학점수 증명서 (해당 시) 접수기간 및 방법 - 접수기간 : 2024년 11월 25일 24시 마감 - 접수방법 : 사람인 온라인 입사지원 및 이메일 지원 * 이메일 지원시, 제출 서류를 아래 메일 주소로 송부 해 주세요. ㆍ recruit@tiumbio.com ㆍ파일명 : 모집구분명_후보자이름_지원일자(YYMMDD) 문의사항 - 문의 사항은 recruit 계정으로 이메일 보내주시면 감사하겠습니다. * Pipeline에 대한 더 많은 정보는 Investor Relations 〉 IR News 〉 IR 자료를 참고하시기 바랍니다. ( http://www.tiumbio.com/m23_1.php ) 기타사항 - 입사지원 서류에 허위사실이 발견될 경우, 채용확정 이후라도 채용이 취소될 수 있습니다. - 당사 인사규정에 따라 결격사유 발생 시 채용이 취소될 수 있습니다. - 제출된 서류는 반환하지 않으며, 별도 요청시 삭제합니다. [티움바이오] 연구기획실 신입/경력 채용 공고 다음글 list","[티움바이오] 모집부문 구분 직무내용 자격요건 및 우대사항 바이오 신약실 신입 또는 경력 5년 이하 단백질(항체 포함)의약품 연구 개발 - 단백질 발현 및 정제 - 단백질 특성 분석 : in vitro biochemical assays 지원자격 - 생명과학 관련 석사 이상 학위 소지자 우대사항 - 항체 library screening 경험 - 동물세포단백질발현 정제경험 * 전문연구요원가능 경력 대리~차장급 치료용 항체 개발 연구 - 항체/단백질 치료제 개발 실무 연구 (활성평가, 특성분석, 엔지니어링 등) - 개발 현황 파악 및 관련 분석법 세팅/평가 지원자격 - 생물학, 분자생물학, 생명 공학 석사 이상 학위 소지자 우대사항 - 박사 학위자 - 라이브러리를 이용한 치료제 개발 경험자 - 회사내 항체 및 단백질 치료제 개발 연구 경험 3~5년 이상 항체공학실 신입 또는 경력 5년 이하 치료용 항체 개발 : Discovery, MOA study, Pre-clinical study - 유전자 클로닝 - 단백질 및 항체 발현 (Mammalian system) - 단백질 및 항체 정제 및 특성 분석 (ELISA, Octet, Biacore, HPLC) - 면역세포 분리 및 small scale 배양 - 면역세포를 이용한 기전 연구 : In vitro biochemical assay, Analysis of cell surface marker - In vivo 시험 디자인 및 면역세포 prep, 분석 - 단백질 구조 분석 지원자격 - 생명과학 관련 석사 이상 학위 소지자 우대사항 - 해당 직무 경험자 - 항체 신약 직무 경험자 * 전문연구요원가능 응용약물 합성실 경력 대리~차장급 항체약물접합체(ADC) 개발 연구 1) 효능평가 : ADC 개발에 필요한 in vitro 활성 평가법 셋업 및 평가 2) 항체 제조 및 분석 - 항체특성분석에 따른 ADC적합 항체 선별 - ADC 제조 및 분석에 대한 위탁연구디자인, 수행감독 지원자격 - 약리학, 생물학, 분자생물학, 생화학 관련학과 석사이상 - 연관경력 3년 이상자 우대사항 - 약리학, 생물학, 분자생물학, 생화학 관련학과 석사이상 - 연관경력 3년 이상자 - ADC 연구 3년이상 경험자 - 세포생물학, 약리학 등에 대한 전문성 보유한 경력자 - ADC 약물의 제조 및 분석에 대한 전반적 이해 임상개발실 경력 (5~10년) 과장~차장급 임상 PM (Project Manager) - 국내·해외 임상 기획, 운영 및 관리 - Project set-up/management - Clinical development/strategy 수립 - Budget/timeline 관리 - CRO등 vendor 관리 - 임상시험용의약품 관련 vendor 관리 지원자격 - 약학, 생명공학/과학, 간호학 등 관련 전공 학사 이상 - 제약·바이오기업 PM 경력 - 영어 Communication skill보유 우대사항 - 약학, 생명공학/과학, 간호학 등 관련 전공 석·박사 - 해외 (미국, 유럽 등) 임상시험 운영 유경험자 사업개발실 경력 대리~차장급 사업개발 (Business Development) - Licensing-out (자사 개발 파이프라인의 기술수출 Deal) - 해외 컨퍼런스/파트너링 - 공동개발연구 파트너쉽 - Alliance management (기존 파트너사) - Licensing-in (파이프라인 발굴/ 기술평가/시장분석/Deal) *글로벌 Major 제약 바이오 컨퍼런스 참석 등의 성장 기회 제공 지원자격 - 연관 경력 3년 이상자 - 영어 communication 능통자 우대사항 - 생명과학, 화학, 약학, 바이오 관련 전공자 전략실 신입 또는 경력 10년 이하 전략기획 - R&D전략 - Project Management과제도출/평가 /성과/의사결정회의체 운영) - 신규과제 기획 - 시장/경쟁 동향 정보 수집 및 분석 지원자격 - 생명과학 계열 전공자 우대사항 - 약학/의학 계열 전공자 - 개발/경영/전략 유관 경력자 - 영어 우수자 근무조건 - 보수 : 연봉제(개별 협의), 성과급, 마일스톤 보상 -","바이오 신약실 신입 또는 경력 5년 이하 단백질(항체 포함)의약품 연구 개발 - 단백질 발현 및 정제 - 단백질 특성 분석 : in vitro biochemical assays 지원자격 - 생명과학 관련 석사 이상 학위 소지자 우대사항 - 항체 library screening 경험 - 동물세포단백질발현 정제경험 * 전문연구요원가능 경력 대리~차장급 치료용 항체 개발 연구 - 항체/단백질 치료제 개발 실무 연구 (활성평가, 특성분석, 엔지니어링 등) - 개발 현황 파악 및 관련 분석법 세팅/평가 지원자격 - 생물학, 분자생물학, 생명 공학 석사 이상 학위 소지자 우대사항 - 박사 학위자 - 라이브러리를 이용한 치료제 개발 경험자 - 회사내 항체 및 단백질 치료제 개발 연구 경험 3~5년 이상 항체공학실 신입 또는 경력 5년 이하 치료용 항체 개발 : Discovery, MOA study, Pre-clinical study - 유전자 클로닝 - 단백질 및 항체 발현 (Mammalian system) - 단백질 및 항체 정제 및 특성 분석 (ELISA, Octet, Biacore, HPLC) - 면역세포 분리 및 small scale 배양 - 면역세포를 이용한 기전 연구 : In vitro biochemical assay, Analysis of cell surface marker - In vivo 시험 디자인 및 면역세포 prep, 분석 - 단백질 구조 분석 지원자격 - 생명과학 관련 석사 이상 학위 소지자 우대사항 - 해당 직무 경험자 - 항체 신약 직무 경험자 * 전문연구요원가능 응용약물 합성실 경력 대리~차장급 항체약물접합체(ADC) 개발 연구 1) 효능평가 : ADC 개발에 필요한 in vitro 활성 평가법 셋업 및 평가 2) 항체 제조 및 분석 - 항체특성분석에 따른 ADC적합 항체 선별 - ADC 제조 및 분석에 대한 위탁연구디자인, 수행감독 지원자격 - 약리학, 생물학, 분자생물학, 생화학 관련학과 석사이상 - 연관경력 3년 이상자 우대사항 - 약리학, 생물학, 분자생물학, 생화학 관련학과 석사이상 - 연관경력 3년 이상자 - ADC 연구 3년이상 경험자 - 세포생물학, 약리학 등에 대한 전문성 보유한 경력자 - ADC 약물의 제조 및 분석에 대한 전반적 이해 임상개발실 경력 (5~10년) 과장~차장급 임상 PM (Project Manager) - 국내·해외 임상 기획, 운영 및 관리 - Project set-up/management - Clinical development/strategy 수립 - Budget/timeline 관리 - CRO등 vendor 관리 - 임상시험용의약품 관련 vendor 관리 지원자격 - 약학, 생명공학/과학, 간호학 등 관련 전공 학사 이상 - 제약·바이오기업 PM 경력 - 영어 Communication skill보유 우대사항 - 약학, 생명공학/과학, 간호학 등 관련 전공 석·박사 - 해외 (미국, 유럽 등) 임상시험 운영 유경험자 사업개발실 경력 대리~차장급 사업개발 (Business Development) - Licensing-out (자사 개발 파이프라인의 기술수출 Deal) - 해외 컨퍼런스/파트너링 - 공동개발연구 파트너쉽 - Alliance management (기존 파트너사) - Licensing-in (파이프라인 발굴/ 기술평가/시장분석/Deal) *글로벌 Major 제약 바이오 컨퍼런스 참석 등의 성장 기회 제공 지원자격 - 연관 경력 3년 이상자 - 영어 communication 능통자 우대사항 - 생명과학, 화학, 약학, 바이오 관련 전공자 전략실 신입 또는 경력 10년 이하 전략기획 - R&D전략 - Project Management과제도출/평가 /성과/의사결정회의체 운영) - 신규과제 기획 - 시장/경쟁 동향 정보 수집 및 분석 지원자격 - 생명과학 계열 전공자 우대사항 - 약학/의학 계열 전공자 - 개발/경영/전략 유관 경력자 - 영어 우수자 근무조건 - 보수 : 연봉제(개별 협의), 성과급, 마일스톤 보상 -","제출서류 - 국문 이력서 및 자기소개서 (연구/경력 상세 필수 기재) - 학위 성적 증명서 (이력서 상 기재된 대학, 대학원 성적증명 필수) - 어학점수 증명서 (해당 시) 접수기간 및 방법 - 접수기간 : 2024년 11월 25일 24시 마감 - 접수방법 : 사람인 온라인 입사지원 및 이메일 지원 * 이메일 지원시, 제출 서류를 아래 메일 주소로 송부 해 주세요. ㆍ recruit@tiumbio.com ㆍ파일명 : 모집구분명_후보자이름_지원일자(YYMMDD) 문의사항 - 문의 사항은 recruit 계정으로 이메일 보내주시면 감사하겠습니다. * Pipeline에 대한 더 많은 정보는 Investor Relations 〉 IR News 〉 IR 자료를 참고하시기 바랍니다. ( http://www.tiumbio.com/m23_1.php ) 기타사항 - 입사지원 서류에 허위사실이 발견될 경우, 채용확정 이후라도 채용이 취소될 수 있습니다. - 당사 인사규정에 따라 결격사유 발생 시 채용이 취소될 수 있습니다. - 제출된 서류는 반환하지 않으며, 별도 요청시 삭제합니다. [티움바이오] 연구기획실 신입/경력 채용 공고 다음글 list","건강검진, 교육비, 식대",,경기,,연봉제(개별 협의,,,,active,2026-03-01 18:29:27.028196,2026-03-01 18:29:27.028174,True
66,32194,채용공고 - 인재채용 | 티움바이오 :: 행복과 희망을 전하는 TIUMBIO,https://www.tiumbio.com/board/board.php?bo_table=recruit,"인재채용 티움과 함께 성장할 여러분을 기다립니다. 티움人 복리후생 채용공고 티움人 복리후생 채용공고 신입/경력 사원 인재 Pool 등록 티움바이오는 혁신신약 개발을 통한 개인의 성장과 인류의 건강을 증진시키고자 하는 열정 있는 인재를 찾고 있습니다. 당사에 지원을 희망하시는 경우 인재 Pool에 등록 해주시기 바랍니다. 등록 방법 이력서 및 경력기술서 이메일 제출 / 지원 직무 및 연락처 기재 채용공고 번호 구분 채용명 접수기간 상태 e-mail 지원하기 27 구분 신입/경력 채용명 [티움바이오] 연구기획실 신입/경력 채용 공고 접수기간 2025-05-15 ~ 2025-06-13 상태 접수마감 e-mail 지원하기 26 구분 신입/경력 채용명 [티움바이오] 경력/신입 채용 공고 접수기간 2024-11-13 ~ 2024-11-25 상태 접수마감 e-mail 지원하기 25 구분 신입 채용명 바이오신약실, 항체공학실, 응용약물합성실 연구원 & 임상팀 채용 접수기간 2024-08-19 ~ 2024-09-08 상태 접수마감 e-mail 지원하기 24 구분 경력 채용명 [티움바이오] 임상팀 임상PM 채용 (경력) 접수기간 2024-06-28 ~ 2024-07-14 상태 접수마감 e-mail 지원하기 23 구분 신입/경력 채용명 바이오신약실 연구원, 임상팀 채용 접수기간 2024-05-17 ~ 2024-06-02 상태 접수마감 e-mail 지원하기 22 구분 경력 채용명 [티움바이오] 바이오신약실 연구원 채용 (경력) 접수기간 2024-04-25 ~ 2024-05-12 상태 접수마감 e-mail 지원하기 21 구분 경력 채용명 [티움바이오] 임상팀 채용 (경력) 접수기간 2024-04-25 ~ 2024-05-19 상태 접수마감 e-mail 지원하기 20 구분 신입 채용명 [신입/경력] 디스커버리실, 바이오신약실 연구원 접수기간 2024-03-18 ~ 2024-03-31 상태 접수마감 e-mail 지원하기 19 구분 경력 채용명 [경력] 인사총무담당자 접수기간 2024-01-17 ~ 2024-01-28 상태 접수마감 e-mail 지원하기 18 구분 신입/경력 채용명 경영관리실 임원 비서 채용 접수기간 2023-12-18 ~ 2024-01-02 상태 접수마감 e-mail 지원하기 17 구분 경력 채용명 [티움바이오] 임상팀 임상PM 채용 (경력) 접수기간 2023-12-04 ~ 2023-12-22 상태 접수마감 e-mail 지원하기 16 구분 경력 채용명 [티움바이오] 대표이사 비서 및 인사/총무 지원 접수기간 2023-11-27 ~ 2023-12-10 상태 접수마감 e-mail 지원하기 15 구분 경력 채용명 [티움바이오] 인사총무팀 인사총무 담당자(경력) 접수기간 2023-11-27 ~ 2023-12-10 상태 접수마감 e-mail 지원하기 14 구분 경력 채용명 [티움바이오] 사업개발팀 (과-차장급) 접수기간 2023-11-16 ~ 2023-12-16 상태 접수마감 e-mail 지원하기 13 구분 경력 채용명 [티움바이오] 임상팀 임상PM 채용 (경력) 접수기간 2023-11-13 ~ 2023-11-26 상태 접수마감 e-mail 지원하기 1 2",,,,,,,,,,,,active,2026-03-01 18:29:27.587990,2026-03-01 18:29:27.587963,True
67,54,인재채용,https://kr.forcs.com/careers,", 개발 프로필, 보유기술 등을 상세히 작성) 당사 홈페이지 소정양식 다운로드 후 작성 (희망연봉 및 지원분야 꼭 명시 요망) *신입일 경우에는 최종학교 성적증명서 첨부 채용 포털사이트 또는 당사 채용공고를 통해서, 온라인 지원 양식에 맞추어 제출하시면 됩니다. 접수 방법 : insa@forcs.com (이메일 접수) 접수 문의 : 경영기획실 채용담당자 (Tel. 02-6188-8409 | Fax. 02-6188-8480) 입사지원서 다운로드 댓글 로드중... 댓글 달기... 이메일 (필수) 이름 (필수) 웹사이트",,,,건강검진,,,,,,,,active,2026-03-01 18:31:57.288082,2026-03-01 18:31:57.288062,True
68,15,주메뉴,http://www.inssys.co.kr/p/recruit,"채용안내 Recruit Home > 고객지원 > 채용안내 채용절차 이루온의 꿈을 함께 이룰 분들을 찾습니다. 이루온은 언제나 여러분을 향해 열려 있습니다. 01 서류전형: 지원분야 및 희망 연봉 필히 기재 02 면접전형: 서류전형 합격자 개별통보 03 임원면접: 합격통보 자격/근무/복지 우대 및 공통 자격 요건 <공통 자격 요건> 컴퓨터, 전산, 통신 및 관련학과 졸업자 정보통신, IT, 모바일 분야 관심자 해외여행에 결격사유가 없는 자 남자의 경우 병역필 또는 면제자 <우대 요건> 유무선 통신솔루션 개발 및 운용 경력자 이동통신사 PM 및 Project 경험자 관련 자격증 소지자 복지제도 건강검진 지원 경조휴가 및 경조금 지원 선택적 복리후생 지원 (교육, 의료, 문화, 체육, 도서 등) 유류비, 통신비, 석식, 교통비, 워크샵 지원 명절 선물 및 기념일 지원 콘도미니엄, 까페테리아 운영 장기근속 포상금 및 포상휴가 지원 직무발명시 포상금 지급 근무시간 및 급여 주 5일 근무 09:00 - 18:00 연공 및 서열을 중시하기보다는 개인의 특성과 업적을 우대하는 제도 모집분야 및 자격요건 국내영업 -이동통신 솔루션 영업 경력 -IT분야 영업/기획/마케팅/프로젝트 관리 경력 해외영업 -유무선 통신 솔루션 개발 및 컨설팅 -IT서비스 기획 및 해외영업 -영어 의사소통 및 해외근무 가능 연구개발(R&D) -유무선 통신 솔루션 개발 -유무선 멀티미디어 서비스 개발 -통신 시스템 개발 및 PM -통신 Protocol 개발 -Linux/Unix 기반 C/C++ 개발 -네트워크, DB프로그래밍 개발 -Web 및 Java 프로그래밍 개발 -멀티미디어 플랫폼/서비스 개발 기술지원(SE) -유무선 통신 시스템 및 서비스 운용 관리 -IT Network Infra 운용 관리 -DB 시스템 운용 관리 -국내/외 고객사 운용 지원 입사지원 입사지원 방법 입사지원서를 다운받아 작성하신 후 이메일이나 우편으로 보내주시기 바랍니다. 지원문의 연락처 : 070-4489-1000 이메일 : jjh0920@eluon.com / kangsh@eluon.com 주의사항 입사지원서의 기재내용이 허위로 판명될 경우, 합격 및 입사가 취소됩니다.","<공통 자격 요건> 컴퓨터, 전산, 통신 및 관련학과 졸업자 정보통신, IT, 모바일 분야 관심자 해외여행에 결격사유가 없는 자 남자의 경우 병역필 또는 면제자 <우대 요건> 유무선 통신솔루션 개발 및 운용 경력자 이동통신사 PM 및 Project 경험자 관련 자격증 소지자 복지제도 건강검진 지원 경조휴가 및 경조금 지원 선택적","및 공통 자격 요건 <공통 자격 요건> 컴퓨터, 전산, 통신 및 관련학과 졸업자 정보통신, IT, 모바일 분야 관심자 해외여행에 결격사유가 없는 자 남자의 경우 병역필 또는 면제자 <우대 요건> 유무선 통신솔루션 개발 및 운용 경력자 이동통신사 PM 및 Project 경험자 관련 자격증 소지자 복지제도 건강검진 지원 경조휴가 및 경조금 지원 선택적",,"건강검진, 경조휴가",,,,,,,,active,2026-03-05 18:50:28.875783,2026-03-05 18:50:28.875731,True
69,32,APPLICANTS,https://www.daoudata.co.kr/ko/applicants/info,"Recruit 다우데이타人 의 성공 키워드! 함께 할 당신을 기다립니다 고객의 성공을 키우는 다우데이타의 인재상을 소개합니다 01 유연하게 생각의 한계, 직급의 경계를 넘어 자신만의 의견을 펼칠 수 있는 사람 02 용감하게 도전 앞에서 요동치고 실패에 의연한 강심장을 가진 사람 03 매력적이게 고객이 다가가고 싶은 사람 동료가 함께하고 싶은 사람 04 당당하게 비윤리적인 일에는 단호하게 NO! 언제나 당당할 수 있는 사람 05 확실하게 Job Done! 잘된 일도 잘못된 일도 확실한 마침표를 찍고 넘어가는 사람 06 전문적이게 내 손을 거쳐간 일은 항상 최고라고 자부할 수 있는 사람 *'매력적이게', '전문적이게'는 국립국어원에서 표준 어법으로 인정한 표현입니다. Process 다우데이타 채용 절차 고객의 성공을 키우는 다우데이타의 인재 채용절차를 소개합니다 신입공채 0 1 서류전형 0 2 1차 면접 0 3 역량검사 0 4 2차 면접 0 5 처우협의 0 6 최종합격 경력공채 0 1 서류전형 0 2 1차 면접 0 3 역량검사 0 4 2차 면접 0 5 평판조회 0 6 처우협의 0 7 최종합격 * 코딩테스트는 개발자 채용에 한하여 시행하며, 서류전형 이후 별도 안내 * 상기 절차는 기본적인 채용 절차이며, 상황에 따라 추가적인 절차가 발생할 수 있습니다. * 장애, 보훈 등 취업보호대상자는 관계 법령에 따라 우대합니다. * 입사지원 과정에서 허위 사실이 판명될 경우 합격 절차가 취소될 수 있습니다. Recruit 자주 묻는 질문 다우데이타 채용에 대해서 궁금하신 사항을 확인해보세요 Q. 서류, 면접 결과는 언제 발표되나요? chevron 공개채용은 공고에 안내된 서류와 면접 합격 발표일에 안내됩니다. 수시채용의 경우 지원시점으로 최대 2주일 내에 서류 결과가 발표되며, 면접 결과는 면접을 마치고 대략적인 발표 일정을 직접 안내 드리고 있습니다. 다만, 내부 사정에 따라 발표 일정이 다소 변동될 수 있습니다. 서류 및 면접 결과는 합격, 불합격 여부와 상관없이 모든 지원자분들께 안내 드립니다. Q. 여러 포지션에 복수지원 또는 재지원도 가능한가요? chevron 복수 포지션에 지원하신 분은 작성하신 지원서 내용을 바탕으로 지원자 분의 역량과 적성, 실무 부서와의 융화 등을 고려하여 가장 적합한 포지션을 개별적으로 제안 드리고 있습니다. 또한, 동일한 포지션으로 재지원하신 경우 결과 발표일 기준 6개월이 경과한 분들을 대상으로 재검토하며, 이에 따른 불이익은 없음을 안내 드립니다. Q. 최종합격 후 추가로 제출하는 서류가 있나요? chevron 최종합격 후 입사 전까지 개인 신상명세서, 성적, 졸업증명서, 자격증 사본 등 당사 인사 운영에 필요한 서류를 요청 드리고 있습니다.",,"합니다. * 입사지원 과정에서 허위 사실이 판명될 경우 합격 절차가 취소될 수 있습니다. Recruit 자주 묻는 질문 다우데이타 채용에 대해서 궁금하신 사항을 확인해보세요 Q. 서류, 면접 결과는 언제 발표되나요? chevron 공개채용은 공고에 안내된 서류와 면접 합격 발표일에 안내됩니다. 수시채용의 경우 지원시점으로 최대 2주일 내에 서류 결과가 발표되며, 면접 결과는 면접을 마치고 대략적인 발표 일정을 직접 안내 드리고 있습니다. 다만, 내부 사정에 따라 발표 일정이 다소 변동될 수 있습니다. 서류 및 면접 결과는 합격, 불합격 여부와 상관없이 모든 지원자분들께 안내 드립니다. Q. 여러 포지션에 복수지원 또는 재지원도 가능한가요? chevron 복수 포지션에 지원하신 분은 작성하신 지원서 내용을 바탕으로 지원자 분의 역량과 적성, 실무 부서와의 융화 등을 고려하여 가장 적합한 포지션을 개별적으로 제안 드리고 있습니다. 또한, 동일한 포지션으로 재지원하신 경우 결과 발표일 기준 6개월이 경과한 분들을 대상으로 재검토하며, 이에 따른 불이익은 없음을 안내 드립니다. Q. 최종합격 후 추가로 제출하는 서류가 있나요? chevron 최종합격 후 입사 전까지 개인 신상명세서, 성적, 졸업증명서, 자격증 사본 등 당사 인사 운영에 필요한 서류를 요청 드리고 있습니다.","고객의 성공을 키우는 다우데이타의 인재 채용절차를 소개합니다 신입공채 0 1 서류전형 0 2 1차 면접 0 3 역량검사 0 4 2차 면접 0 5 처우협의 0 6 최종합격 경력공채 0 1 서류전형 0 2 1차 면접 0 3 역량검사 0 4 2차 면접 0 5 평판조회 0 6 처우협의 0 7 최종합격 * 코딩테스트는 개발자 채용에 한하여 시행하며, 서류전형 이후 별도 안내 * 상기 절차는 기본적인",,,,,,,,,active,2026-03-05 18:50:44.936844,2026-03-05 18:50:44.936808,True
70,39,원하는 인재상,http://www.cstlab.co.kr/page/sub4_1#job-0,"열정과 책임감을 가지고 함께 성장하며 즐겁게 일할 유능한 인재를 모집하고 있습니다. 모집분야 근무조건 근무형태 : 정규직 (신입사원은 수습기간 3개월) 근무일시 : 주 5일 (09:00 ~ 18:00) 우대사항: 전기 / 전자 / 정보통신 관련 전공자, KS Q ISO/IEC 17025 및 측정불확도 교육 이수, 합격자 복리후생 성과급 식사제공 유류비 지원 기숙사 지원 경조사 지원 기념일 선물(생일, 명절) 업무 관련 교육비 지원 퇴직연금 4대 보험 채용절차 채용문의 Tel : 031-493-2001 / E-mail : webmaster@cstlab.co.kr",,,,교육비,,,,,,,,active,2026-03-05 18:50:50.561118,2026-03-05 18:50:50.561090,True
71,50,CS센터,http://winssystem.com/board/board_view?code=notice&no=1,"회사소개 Oracle DellEMC Solution SI & ITO 고객사 회사소개 연혁 찾아오시는 길 조직도 Oracle DellEMC Solution 채용공고 고객사 SI & ITO 채용공고 CS센터 02-306-1118~9 FAX 02-354-0987 E-MAIL help@winssystem.com 채용공고 Home > SI & ITO > 채용공고 제목 우리카드 마이데이터 SI 개발 정직원 및 프리랜서 채용 관리자 / 2020-12-28 +사업명: 우리카드 마이데이터 SI 개발 +모집분야 및 투입기간 1) JAVA(중급~고급): 2021년 2월중순~(6~7개월) +근무지: 마포구 상암동 (*경력증빙 필수) +지원방법 하기 메일로 기술이력서 제출. hr@winssystem.com 목록 회사소개 오시는길 주식회사 윈스 대표이사: 신희선 소재지: 서울시 서대문구 응암로 89 (북가좌동, 한오빌딩 4층) 사업자등록번호: 110-81-97572 대표번호: 02-306-1118~9 팩스번호: 02-354-0987 이메일: help@winssystem.com 주식회사 윈스 Inc.",,,,,,서울,,,,,,active,2026-03-05 18:50:59.128191,2026-03-05 18:50:59.128173,True
72,50,CS센터,http://winssystem.com/board/board_view?code=notice&no=2,"회사소개 Oracle DellEMC Solution SI & ITO 고객사 회사소개 연혁 찾아오시는 길 조직도 Oracle DellEMC Solution 채용공고 고객사 SI & ITO 채용공고 CS센터 02-306-1118~9 FAX 02-354-0987 E-MAIL help@winssystem.com 채용공고 Home > SI & ITO > 채용공고 제목 우리은행 스마트뱅킹 전담반 SM 유지보수 프리랜서 채용 관리자 / 2021-02-05 +사업명: 우리은행 스마트뱅킹 전담반 SM 유지보수 프리랜서 채용 +모집분야 및 투입기간 1) JAVA(중급): 2021년 2월중순~(*연단위 계약) +근무지: 중구 회현동 (*경력증빙 필수) +지원방법 하기 메일로 기술이력서 제출. hr@winssystem.com 목록 회사소개 오시는길 주식회사 윈스 대표이사: 신희선 소재지: 서울시 서대문구 응암로 89 (북가좌동, 한오빌딩 4층) 사업자등록번호: 110-81-97572 대표번호: 02-306-1118~9 팩스번호: 02-354-0987 이메일: help@winssystem.com 주식회사 윈스 Inc.",,,,,,서울,,,,,,active,2026-03-05 18:50:59.469531,2026-03-05 18:50:59.469516,True
73,50,CS센터,http://winssystem.com/board/board_view?code=notice&no=3,"회사소개 Oracle DellEMC Solution SI & ITO 고객사 회사소개 연혁 찾아오시는 길 조직도 Oracle DellEMC Solution 채용공고 고객사 SI & ITO 채용공고 CS센터 02-306-1118~9 FAX 02-354-0987 E-MAIL help@winssystem.com 채용공고 Home > SI & ITO > 채용공고 제목 2022년 신입사원 정규직 채용(영업지원) 관리자 / 2022-04-20 [수행업무] 1) 영업지원 -IT개발자 Outsourcing B2C 영업지원 (고객응대/계약/고객관리) -IT솔루션(Oracle DBMS 등) B2B 영업지원 (견적/계약/검수/대금청구) 2) 내부관리 -내부문서 작성 (Word, Excel) -이메일, 서류 발송 -고객지원 [필수요건] -초대졸 이상 [우대요건] -컴퓨터공학, IT계열 전공자 -커뮤니케이션 능력 우수자 -MS Office 능숙자 목록 회사소개 오시는길 주식회사 윈스 대표이사: 신희선 소재지: 서울시 서대문구 응암로 89 (북가좌동, 한오빌딩 4층) 사업자등록번호: 110-81-97572 대표번호: 02-306-1118~9 팩스번호: 02-354-0987 이메일: help@winssystem.com 주식회사 윈스 Inc.",,"요건] -컴퓨터공학, IT계열 전공자 -커뮤니케이션 능력 우수자 -MS Office 능숙자 목록 회사소개 오시는길 주식회사 윈스 대표이사: 신희선 소재지: 서울시 서대문구 응암로 89 (북가좌동, 한오빌딩 4층) 사업자등록번호: 110-81-97572 대표번호: 02-306-1118~9 팩스번호: 02-354-0987 이메일: help@winssystem.com 주식회사 윈스 Inc. All Rights Reserved.",,,,서울,정규직,,,,,active,2026-03-05 18:50:59.802104,2026-03-05 18:50:59.802089,True
74,89,개인정보처리방침,https://www.altibase.com/kr/recruitment/pop_support.php?type=1#job-0,"1. 개인정보의 수집 및 이용목적 가. 입사 지원자와의 원활한 의사소통을 통한 전형 진행 지원 나. 입사 지원자의 합격 여부 확인 시 지원자 본인 확인 다. 입사 지원 관련 문의 접수 및 처리결과 회신 라. 채용 발생 시 입사지원 응시 이력 활용 2. 수집하는 개인정보의 항목 및 수집방법 회사는 원활한 입사지원 업무를 위해 아래와 같은 개인정보를 수집하고 있습니다. 선택항목을 입력하시지 않았다 하여 입사지원에 제한은 없습니다. - 필수 항목 : 성명(한글,영문), 이메일 주소, 전화번호, 휴대폰, 사진, 주소, 희망연봉, 병역사항(병역구분이 군미필인 경우 복무계획만 입력) 보훈사항(보훈대상의 경우 보훈번호 포함), 학력(학력이 대학교 이상인 경우 학부/학과, 학점 포함), 학교, 입학연월 ,졸업(예정)연월, 소재지, 최종학력, 졸업구분 - 선택 항목 : 학력사항 내 편입여부, 어학사항, 경력사항, 자격사항, 수상내역, 자기소개 등 - 수집방법 : 입력한 정보는 이메일로 자동으로 정보 수집되고, 경우에 따라 출력된 형태의 종이문서로 수집 할 수 도 있습니다. 3. 개인정보의 보유 및 이용기간 이용자의 개인정보는 이용자로부터 수집되는 시점(작성중 저장 포함)부터 수집 및 이용목적만을 위하여 활용되며, 온라인으로 제출한 개인정보 메일은 1개월 이내 삭제하며 면접절차 진행중일 경우는 절차 종료 후 즉시 삭제합니다. 또, 1개월 이내 입사지원자가 개인정보의 삭제를 원하는 경우 지체 없이 삭제합니다. 4. 개인정보 처리 문의 hire@altibase.com",,,,,,,,,,,,active,2026-03-05 18:51:38.362705,2026-03-05 18:51:38.362687,True
75,91,직무 적응교육,https://www.tmaxsoft.com/kr/recruit#job-4,신입/경력사원 입문 교육 OJT(on the job Training) 신입사원 멘토링 제도 운영 직무별 특성에 맞는 공통+특화 교육 제공(연구소/기술 지원/사업부/관리 등),,,,,,,,,,,,active,2026-03-05 18:51:39.382274,2026-03-05 18:51:39.382259,True
76,91,FAQ,https://www.tmaxsoft.com/kr/recruit#job-12,"Q. 입사 지원 방법은 어떻게 되나요? 현재 운영 중인 메인 채용사이트(https://tmaxsoft.recruiter.co.kr/app/jobnotice/list)에서 채용부문을 확인하고 지원서를 제출해 주시면 됩니다. 이 외에도 잡코리아, 사람인, 워크넷, 자소설닷컴 등 다양한 채널을 통해 티맥스소프트의 채용 공고를 확인하실 수 있습니다. Q. 제출한 지원서를 수정하려면 어떻게 해야하나요? 이미 제출 완료한 지원서는 수정이 불가능합니다. 따라서 최종 제출 전 기입하신 모든 정보를 한 번 더 확인하신 후 제출하여 주시기 바랍니다. 만일 제출 완료 후 수정이 반드시 필요한 경우에는 채용담당자에게 문의하여 주시기 바랍니다. Q. 입사지원 기록이 있어도 재지원이 가능한가요? 가능합니다. 다만 동일 기간 내 진행되는 동일 전형에 재지원은 불가합니다. 기존 지원 시 부족했던 부분을 채울 수 있는 노력을 통해 발전된 모습으로 재지원 했을 경우 언제든 기회는 열려 있습니다. Q. 온라인 지원서 작성 시 홈페이지 오류가 발생하면 어떻게 하나요? 작성하신 지원서를 저장하신 다음 로그아웃하신 후 재로그인하여 보시기 바랍니다 만일 계속해서 오류가 있을 경우 해당 채용플랫폼 헬프데스크를 이용하여 주시거나 채용 담당자에게 문의하여 주시기 바랍니다. Q. 면접 시 복장은 어떻게 되나요? 면접은 지원자와 회사가 처음으로 대면하는 자리이므로 좋은 이미지를 심어줄 수 있도록 본인과 어울리는 단정하고 깨끗한 복장을 권합니다. Q. 채용 전형 결과는 어떻게 알 수 있나요? 지원서 작성 시 기재해 주신 개인 이메일 주소를 통해 합격과 불합격 경우 모두 결과를 알려드리고 있습니다 또한, 필요에 따라 메일 외에도 전화나 문자 등으로 별도 안내해 드릴 수 있으 지원서 작성 시 개인 연락처 정보를 정확하게 기재 부탁드립니다. Q. 연봉 및 처우 수준은 어떠한가요? 지원자의 학력, 경력, 전문성에 따라 개인별 처우는 차이가 있습니다 또한 자신이 속한 조직의 성과에 따라 인센티브가 부여될 뿐 아니라 전 사원이 연봉제로 개인의 능력에 따라 차별화된 보상을 받고 있습니다. Q. 처우 이외의 복리후생에는 어떤 것들이 있나요? 4대보험 가입, 리프레쉬 휴가, 경조 휴가, 법정 휴가, 조기퇴근제도(트윙클데이), 복지포인트, 사내 포상(우수사원, 근속상), 경조금 지원, 건강관리실, 구내식당 등 다양한 복리 후생제도를 운영하고 있으며 지속적으로 추가하여 운영 중에 있습니다. 자세한 내용은 인사제도 소개란을 참고하여 주시기 바랍니다. Q. 전문연구요원(병역특례)로 지원이 가능한가요? 전문연구요원은 전산 관련 학과를 전공한 석사 이상의 학력자만이 지원할 수 있습니다. 단, 공익근무요원 판정을 받은 경우(신체검사 4급 이하)는 학사도 지원 가능합니다. 채용 절차 모두 동일하며 입사일 등에 의거하여 순차적으로 진행합니다. 단, 회사 사정 혹은 당해년도 병무청 T/O 소진 등으로 인해 편입이 불가할 수 있으니 지원서 제출 전 채용담당자를 통해 편입 가능 여부를 선 확인하여 주시기 바랍니다. *산업기능요원은 채용하지 않습니다. Q. 채용 기간은 어떻게 되나요? (신입/경력) 신입/경력 모두 충원 계획에 따라 필요에 의해 연중 수시 채용을 진행하고 있습니다. 신입의 경우 상황에 따라 연 1~2회 정도 공채를 진행하며 특별공채를 추가로 진행할 수 있습니다. Q. 공고된 채용부문의 선발 인원을 알 수 있나요? 공고된 채용부문은 지원자의 자질에 따라 선발 인원수는 조정될 수 있습니다. 따라서 사전에 선발 인원을 알려드리기는 어려운 점 양해 부탁드립니다. 채용인원과 상관 없이 지원자 본인이 꼭 합격할 수 있다는 자신감과 채용 활동에 필요한 준비를 하신다면 분명히 좋은 결과가 있을 것으로 생각합니다. Q. 계약직 혹은 인턴 채용 시 정규직 전환은 가능한가요? 필요에 따라 계약직 혹은 인턴(산학협력 체결한 대학) 수시 채용을 진행하고 있으며 업무 성과, 태도 등 다양한 방면을 고려 후 정규직 전환 가능성은 언제든지 열려 있습니다. Q. 컴퓨터나 전산관련 전공자가 아닌데 개발 관련 부문에 지원이 가능할까요? 컴퓨터, 전산 관련 전공자를 선호하지만 해당 분야에 열정을 가지고 다양한 교육과 경력을 쌓아오신 분이라면 지원 가능합니다. IT 분야에 관심이 있고 열정적으로 업무할 의욕이 있으신 분을 기다리고 있습니다. Q. 기타 문의는 어떻게 해야 하나요? 채용 관련하여 궁금증이 있으시다면 먼저 FAQ를 참고하여 주시고 그 외에 궁금하신 사항은 채용 담당자에게 개별 문의하시면 됩니다. Q. 신규 입사자에게는 어떤 교육의 기회가 있나요? 신규 입사자를 대상으로 조직에 빠르게 적응할 수 있도록 신규 입사자 오리엔테이션 및 제품교육과 멘토링 제도를 기본으로 실시하고 있습니다. 내부 전문가에 의한 사내 자체 교육 및 기술 세미나를 수시로 진행하고 있으며, 온/오프라인 직무교육을 통해 개인의 자질 향상과 능력개발을 향상 시킬 수 있는 기회를 제공하고 있습니다. 또한 리더 양성을 위해 임원 및 직책자를 대상으로 리더십 교육과정을 운영하고 있습니다. 자세한 내용은 인사제도 소개란을 참고하여 주시기 바랍니다.",,,,,,,,,,,,active,2026-03-05 18:51:39.384815,2026-03-05 18:51:39.384773,True
77,93,알서포트는 여러분의 도전을,https://www.rsupport.com/ko-kr/career/recruit/uxd,"콘텐츠 바로가기 메뉴 바로가기 하단정보 바로가기 Rsupport 제품 리모트뷰 리모트뷰BOX 리모트콜 리모트VS 리모트미팅 AI레포토 콜라박스 리모트WOL 투자 투자 요약 기업지배구조 재무정보 실적발표 감사보고서 투자 공고 투자 질의응답 투자 뉴스 뉴스 언론 보도 홍보 영상 블로그 지원 공지사항 자주 묻는 질문 다운로드 Contact Us CI&BI 회사 회사 소개 회사 연혁 수상 및 인증 사회 공헌 기술 소개 파트너 사옥 온라인 제보 채용 채용 요약 팀 문화 스토리 역할과 책임 복리후생 채용공고 인재풀 모바일 메뉴 kr en jp cn 모바일 메뉴 Home 채용 채용공고 알서포트는 여러분의 도전을 서포트합니다 UX 디자이너 (10년 이상) 지원 마감 디데이 D-4 지원 가능일 2026-02-24 ~ 2026-03-09 직군 마케팅 경력사항 경력 고용형태 정규직 근무지 서울 본사 포지션 UX 디자이너 업무내용 회사 주요 웹 기반 서비스의 (홈페이지, 뉴스레터, 온드채널 등) UI/UX 전략 수립 및 디자인 전반 진행 브랜드 아이덴티티에 기반한 O2O 디자인 시스템 수립 및 관리 (가이드라인 제작, KV 개발, UI 컴포넌트 고도화) 사용자 여정 등의 데이터 기반 플랫폼별 (웹/모바일) 디자인 개선 및 best practice 도출 비주얼 asset의 AI 프롬프트 템플릿 마련 및 AI 자동화로 업무 효율성 강화 자격요건 및 우대사항 [ 자격요건 ] 웹 기반의 UI/UX 디자인 경력 10년 이상 디자인 시스템 구축 및 웹/모바일 기반 UI/UX 설계 경험 보유 브랜딩 또는 마케팅 캠페인 관련 디자인 경험 + 프린트물 디자인 제작 경험 보유 Figma, Adobe CC 등 디자인 툴 숙련자 및 AI 활용 역량 필수 디자인 포트폴리오 및 AI 활용 능력 보유자 (실무면접시 실기 테스트 진행) [ 우대사항 ] 회사의 목표에 디자인 업무 싱크를 맞춰보신 분 B2B 또는 IT 솔루션 업계에서의 UI/UX 디자인 경험을 보유하신 분 데이터 기반 UX 리서치 혹은 A/B 테스트 설계 경험을 보유하신 분 AI를 활용하여 실제 모델을 만들어보신 분 글로벌 (다국어) 디자인 경험을 보유하신 분 기타사항 국가보훈해당자 및 장애인은 관련 법률에 의거 우대합니다. (증빙서류 제출자에 한함) 제출서류에 허위기재 또는 기재 착오, 구비서류 미제출 등으로 인한 불이익은 응시자 본인의 책임으로 합니다. 제출서류나 각종 증명서의 기재내용이 허위일 경우, 응시를 무효처리하며 합격을 취소합니다. 기타 문의사항은 채용관련 문의를 이용해 주시기 바라며, 제출된 서류는 개인정보 보호법에따라 관리됩니다. 목록 직군 마케팅 경력사항 경력 고용형태 정규직 근무지 서울 본사 지원하기 IR 투자 정보 받기 top RemoteCall RemoteView Ai:repoto COLABOX RemoteMeeting RemoteCall RemoteView Ai:repoto COLABOX RemoteMeeting 알서포트(주) 대표 서형수 (05203) 서울특별시 강동구 고덕비즈밸리로2가길 12 (고덕동) 사업자등록번호 114-86-82265 통신판매업 신고번호 제 2024-서울강동-1214호 문의 070-7011-3900 이메일 sales.kr@rsupport.com 팩스 02-479-4429 개인정보 처리방침 내부정보관리규정","및 우대사항 [ 자격요건 ] 웹 기반의 UI/UX 디자인 경력 10년 이상 디자인 시스템 구축 및 웹/모바일 기반 UI/UX 설계 경험 보유 브랜딩 또는 마케팅 캠페인 관련 디자인 경험 + 프린트물 디자인 제작 경험 보유 Figma, Adobe CC 등 디자인 툴 숙련자 및 AI 활용 역량 필수 디자인 포트폴리오 및 AI 활용 능력 보유자 (실무면접시 실기 테스트 진행) [ 우대사항 ] 회사의 목표에 디자인 업무 싱크를 맞춰보신 분 B2B 또는 IT 솔루션 업계에서의 UI/UX 디자인 경험을 보유하신 분 데이터 기반 UX 리서치 혹은 A/B 테스트 설계 경험을 보유하신 분 AI를 활용하여 실제 모델을 만들어보신 분 글로벌 (다국어) 디자인 경험을 보유하신 분 기타사항 국가보훈해당자 및 장애인은 관련 법률에 의거 우대합니다. (증빙서류 제출자에 한함) 제출서류에 허위기재 또는 기재 착오, 구비서류 미제출 등으로 인한 불이익은 응시자 본인의 책임으로 합니다. 제출서류나 각종 증명서의 기재내용이 허위일 경우, 응시를 무효처리하며 합격을 취소합니다. 기타 문의사항은 채용관련 문의를 이용해 주시기 바라며, 제출된 서류는 개인정보 보호법에따라 관리됩니다. 목록 직군 마케팅 경력사항 경력 고용형태 정규직 근무지 서울 본사 지원하기 IR 투자 정보 받기 top RemoteCall RemoteView Ai:repoto COLABOX RemoteMeeting RemoteCall RemoteView Ai:repoto COLABOX RemoteMeeting 알서포트(주) 대표 서형수 (05203) 서울특별시 강동구 고덕비즈밸리로2가길 12 (고덕동) 사업자등록번호 114-86-82265 통신판매업 신고번호 제 2024-서울강동-1214호 문의 070-7011-3900 이메일 sales.kr@rsupport.com 팩스 02-479-4429 개인정보 처리방침 내부정보관리규정 COPYRIGHT © 2026 RSUPPORT CO., LTD. ALL RIGHTS RESERVED. 공식 SNS 채널 + Facebook youtube Blog Linkedin 알서포트 투자 실적 정보 받기 별도의 요청없이도 알서포트가 제공하는 투자와 관련된 상세 자료들을 간편하게 받아보실 수 있습니다. 팝업 닫기 투자실적 정보 받기 신청이 완료되었습니다. 입력해주신 메일 주소로 답변 드립니다. 확인 팝업 닫기","[ 자격요건 ] 웹 기반의 UI/UX 디자인 경력 10년 이상 디자인 시스템 구축 및 웹/모바일 기반 UI/UX 설계 경험 보유 브랜딩 또는 마케팅 캠페인 관련 디자인 경험 + 프린트물 디자인 제작 경험 보유 Figma, Adobe CC 등 디자인 툴 숙련자 및 AI 활용 역량 필수 디자인 포트폴리오 및 AI 활용 능력 보유자 (실무면접시 실기 테스트 진행) [ 우대사항 ] 회사의 목표에 디자인 업무 싱크를 맞춰보신 분 B2B 또는 IT 솔루션 업계에서의 UI/UX 디자인 경험을 보유하신 분 데이터 기반 UX 리서치 혹은 A/B 테스트 설계 경험을 보유하신 분 AI를 활용하여 실제 모델을 만들어보신 분 글로벌 (다국어) 디자인 경험을 보유하신 분 기타사항 국가보훈해당자 및 장애인은 관련 법률에 의거 우대합니다. (증빙서류 제출자에 한함) 제출서류에 허위기재 또는 기재 착오, 구비서류 미제출 등으로 인한 불이익은 응시자 본인의 책임으로 합니다. 제출서류나 각종 증명서의 기재내용이 허위일 경우, 응시를 무효처리하며 합격을 취소합니다. 기타 문의사항은 채용관련 문의를 이용해 주시기 바라며, 제출된 서류는 개인정보 보호법에따라 관리됩니다. 목록 직군 마케팅 경력사항 경력 고용형태 정규직 근무지 서울 본사 지원하기 IR 투자 정보 받기 top RemoteCall RemoteView Ai:repoto COLABOX RemoteMeeting RemoteCall RemoteView Ai:repoto COLABOX RemoteMeeting 알서포트(주) 대표 서형수 (05203) 서울특별시 강동구 고덕비즈밸리로2가길 12 (고덕동) 사업자등록번호 114-86-82265 통신판매업 신고번호 제 2024-서울강동-1214호 문의 070-7011-3900 이메일 sales.kr@rsupport.com 팩스 02-479-4429 개인정보 처리방침 내부정보관리규정 COPYRIGHT © 2026 RSUPPORT CO., LTD. ALL RIGHTS RESERVED. 공식 SNS 채널 + Facebook youtube Blog Linkedin 알서포트 투자 실적 정보 받기 별도의 요청없이도 알서포트가 제공하는 투자와 관련된 상세 자료들을 간편하게 받아보실 수 있습니다. 팝업 닫기 투자실적 정보 받기 신청이 완료되었습니다. 입력해주신 메일 주소로 답변 드립니다. 확인 팝업 닫기",,,,서울,정규직,,,,,active,2026-03-05 18:51:43.598680,2026-03-05 18:51:43.598661,True
78,93,인재풀 등록,https://www.rsupport.com/ko-kr/career/talent,"Home 채용 인재풀 인재풀 등록 원하는 채용공고가 없으신가요? 희망하는 포지션으로 인재풀에 등록해주시면, 관련 채용 진행시 우선적으로 검토됩니다. 기본정보 성명 필수 이메일 필수 연락처 필수 제출서류 이력서&경력기술서 * 필수 파일첨부 파일 선택 포트폴리오 필수 파일첨부 파일 선택 기타첨부파일 필수 파일첨부 파일 선택 추가링크 추가적인 업무 성과를 보여줄 수 있는 링크가 있다면 입력해 주세요. 링크 경로 추가 [필수] 본인은 만 14세 이상이며, 개인정보 수집 및 이용 에 동의합니다. * [개인정보 수집 및 이용 안내문] * 수집하는 항목 : (필수)성명, 이메일, 연락처, (선택)지원자가 업로드한 제출서류에 포함된 개인정보(첨부파일 내 민감정보와 고유식별정보가 포함될 경우 수집될 수 있음) * 수집 및 이용목적 : 채용가능 자원의 관리 목적(회사의 인력풀에 저장되어 채용이 필요한 경우 이용됩니다.) * 보유 및 이용기간 : 1년 ※ 개인정보 수집 및 이용에 대한 동의를 거부할 권리가 있습니다. 그러나 동의를 거부할 경우, 인재풀 등록을 하실 수 없습니다. ※ 자세한 내용은",,,,,,,,,,,,active,2026-03-05 18:51:44.297851,2026-03-05 18:51:44.297834,True
79,93,알서포트는 여러분의 도전을,https://www.rsupport.com/ko-kr/career/recruit/saas,"콘텐츠 바로가기 메뉴 바로가기 하단정보 바로가기 Rsupport 제품 리모트뷰 리모트뷰BOX 리모트콜 리모트VS 리모트미팅 AI레포토 콜라박스 리모트WOL 투자 투자 요약 기업지배구조 재무정보 실적발표 감사보고서 투자 공고 투자 질의응답 투자 뉴스 뉴스 언론 보도 홍보 영상 블로그 지원 공지사항 자주 묻는 질문 다운로드 Contact Us CI&BI 회사 회사 소개 회사 연혁 수상 및 인증 사회 공헌 기술 소개 파트너 사옥 온라인 제보 채용 채용 요약 팀 문화 스토리 역할과 책임 복리후생 채용공고 인재풀 모바일 메뉴 kr en jp cn 모바일 메뉴 Home 채용 채용공고 알서포트는 여러분의 도전을 서포트합니다 SaaS 영업 담당자 (신입 또는 경력) 지원 마감 디데이 D-4 지원 가능일 2026-01-12 ~ 2026-03-09 직군 영업 경력사항 경력 고용형태 정규직 근무지 서울 본사 포지션 SaaS 영업 담당자 업무내용 B2B SaaS 신규 고객 발굴 인바운드/아웃바운드 프로세스 구축 및 파이프라인 관리 도입 문의 고객(인바운드 리드) 대상 상담 및 클로징을 통한 매출 생성 고객 대상 SaaS 상품 소개 프레젠테이션 진행 자격요건 및 우대사항 [ 자격요건 ] SaaS 서비스 영업 경험을 보유하신 분 세일즈 리드 수 및 고객 유입 단계별 전환율 개선을 위한 프로세스를 이해하며 수행이 가능하신 분 프레젠테이션 및 보고 문서 작성 능력을 보유하신 분 콜드콜, 이메일, 캠페인, 이벤트 등을 활용하여 영업하는데 어려움이 없으신 분 해결책을 주도적으로 설계할 수 있는 문제 해결력 및 실행력을 보유하신 분 주도적이며 도전적인 목표를 즐기고 집요하게 실행해내는 분 [ 우대사항 ] SaaS 상품, IT Solution 아웃바운드 및 인바운드 세일즈 경력이 있으신 분 지속적이고 안정적으로 매출목표를 달성한 경험을 보유하신 분 CRM 시스템 활용 경험이 있으신 분 (Salesforce 등) 기타사항 국가보훈해당자 및 장애인은 관련 법률에 의거 우대합니다. (증빙서류 제출자에 한함) 제출서류에 허위기재 또는 기재 착오, 구비서류 미제출 등으로 인한 불이익은 응시자 본인의 책임으로 합니다. 제출서류나 각종 증명서의 기재내용이 허위일 경우, 응시를 무효처리하며 합격을 취소합니다. 기타 문의사항은 채용관련 문의를 이용해 주시기 바라며, 제출된 서류는 개인정보 보호법에따라 관리됩니다. 목록 직군 영업 경력사항 경력 고용형태 정규직 근무지 서울 본사 지원하기 IR 투자 정보 받기 top RemoteCall RemoteView Ai:repoto COLABOX RemoteMeeting RemoteCall RemoteView Ai:repoto COLABOX RemoteMeeting 알서포트(주) 대표 서형수 (05203) 서울특별시 강동구 고덕비즈밸리로2가길 12 (고덕동) 사업자등록번호 114-86-82265 통신판매업 신고번호 제 2024-서울강동-1214호 문의 070-7011-3900 이메일 sales.kr@rsupport.com 팩스 02-479-4429 개인정보 처리방침 내부정보관리규정","및 우대사항 [ 자격요건 ] SaaS 서비스 영업 경험을 보유하신 분 세일즈 리드 수 및 고객 유입 단계별 전환율 개선을 위한 프로세스를 이해하며 수행이 가능하신 분 프레젠테이션 및 보고 문서 작성 능력을 보유하신 분 콜드콜, 이메일, 캠페인, 이벤트 등을 활용하여 영업하는데 어려움이 없으신 분 해결책을 주도적으로 설계할 수 있는 문제 해결력 및 실행력을 보유하신 분 주도적이며 도전적인 목표를 즐기고 집요하게 실행해내는 분 [ 우대사항 ] SaaS 상품, IT Solution 아웃바운드 및 인바운드 세일즈 경력이 있으신 분 지속적이고 안정적으로 매출목표를 달성한 경험을 보유하신 분 CRM 시스템 활용 경험이 있으신 분 (Salesforce 등) 기타사항 국가보훈해당자 및 장애인은 관련 법률에 의거 우대합니다. (증빙서류 제출자에 한함) 제출서류에 허위기재 또는 기재 착오, 구비서류 미제출 등으로 인한 불이익은 응시자 본인의 책임으로 합니다. 제출서류나 각종 증명서의 기재내용이 허위일 경우, 응시를 무효처리하며 합격을 취소합니다. 기타 문의사항은 채용관련 문의를 이용해 주시기 바라며, 제출된 서류는 개인정보 보호법에따라 관리됩니다. 목록 직군 영업 경력사항 경력 고용형태 정규직 근무지 서울 본사 지원하기 IR 투자 정보 받기 top RemoteCall RemoteView Ai:repoto COLABOX RemoteMeeting RemoteCall RemoteView Ai:repoto COLABOX RemoteMeeting 알서포트(주) 대표 서형수 (05203) 서울특별시 강동구 고덕비즈밸리로2가길 12 (고덕동) 사업자등록번호 114-86-82265 통신판매업 신고번호 제 2024-서울강동-1214호 문의 070-7011-3900 이메일 sales.kr@rsupport.com 팩스 02-479-4429 개인정보 처리방침 내부정보관리규정 COPYRIGHT © 2026 RSUPPORT CO., LTD. ALL RIGHTS RESERVED. 공식 SNS 채널 + Facebook youtube Blog Linkedin 알서포트 투자 실적 정보 받기 별도의 요청없이도 알서포트가 제공하는 투자와 관련된 상세 자료들을 간편하게 받아보실 수 있습니다. 팝업 닫기 투자실적 정보 받기 신청이 완료되었습니다. 입력해주신 메일 주소로 답변 드립니다. 확인 팝업 닫기","[ 자격요건 ] SaaS 서비스 영업 경험을 보유하신 분 세일즈 리드 수 및 고객 유입 단계별 전환율 개선을 위한 프로세스를 이해하며 수행이 가능하신 분 프레젠테이션 및 보고 문서 작성 능력을 보유하신 분 콜드콜, 이메일, 캠페인, 이벤트 등을 활용하여 영업하는데 어려움이 없으신 분 해결책을 주도적으로 설계할 수 있는 문제 해결력 및 실행력을 보유하신 분 주도적이며 도전적인 목표를 즐기고 집요하게 실행해내는 분 [ 우대사항 ] SaaS 상품, IT Solution 아웃바운드 및 인바운드 세일즈 경력이 있으신 분 지속적이고 안정적으로 매출목표를 달성한 경험을 보유하신 분 CRM 시스템 활용 경험이 있으신 분 (Salesforce 등) 기타사항 국가보훈해당자 및 장애인은 관련 법률에 의거 우대합니다. (증빙서류 제출자에 한함) 제출서류에 허위기재 또는 기재 착오, 구비서류 미제출 등으로 인한 불이익은 응시자 본인의 책임으로 합니다. 제출서류나 각종 증명서의 기재내용이 허위일 경우, 응시를 무효처리하며 합격을 취소합니다. 기타 문의사항은 채용관련 문의를 이용해 주시기 바라며, 제출된 서류는 개인정보 보호법에따라 관리됩니다. 목록 직군 영업 경력사항 경력 고용형태 정규직 근무지 서울 본사 지원하기 IR 투자 정보 받기 top RemoteCall RemoteView Ai:repoto COLABOX RemoteMeeting RemoteCall RemoteView Ai:repoto COLABOX RemoteMeeting 알서포트(주) 대표 서형수 (05203) 서울특별시 강동구 고덕비즈밸리로2가길 12 (고덕동) 사업자등록번호 114-86-82265 통신판매업 신고번호 제 2024-서울강동-1214호 문의 070-7011-3900 이메일 sales.kr@rsupport.com 팩스 02-479-4429 개인정보 처리방침 내부정보관리규정 COPYRIGHT © 2026 RSUPPORT CO., LTD. ALL RIGHTS RESERVED. 공식 SNS 채널 + Facebook youtube Blog Linkedin 알서포트 투자 실적 정보 받기 별도의 요청없이도 알서포트가 제공하는 투자와 관련된 상세 자료들을 간편하게 받아보실 수 있습니다. 팝업 닫기 투자실적 정보 받기 신청이 완료되었습니다. 입력해주신 메일 주소로 답변 드립니다. 확인 팝업 닫기",,,,서울,정규직,,,,,active,2026-03-05 18:51:46.997127,2026-03-05 18:51:46.997110,True
80,93,알서포트는 여러분의 도전을,https://www.rsupport.com/ko-kr/career/recruit/ux,"콘텐츠 바로가기 메뉴 바로가기 하단정보 바로가기 Rsupport 제품 리모트뷰 리모트뷰BOX 리모트콜 리모트VS 리모트미팅 AI레포토 콜라박스 리모트WOL 투자 투자 요약 기업지배구조 재무정보 실적발표 감사보고서 투자 공고 투자 질의응답 투자 뉴스 뉴스 언론 보도 홍보 영상 블로그 지원 공지사항 자주 묻는 질문 다운로드 Contact Us CI&BI 회사 회사 소개 회사 연혁 수상 및 인증 사회 공헌 기술 소개 파트너 사옥 온라인 제보 채용 채용 요약 팀 문화 스토리 역할과 책임 복리후생 채용공고 인재풀 모바일 메뉴 kr en jp cn 모바일 메뉴 Home 채용 채용공고 알서포트는 여러분의 도전을 서포트합니다 UX기획자 (7년 이상) 지원 마감 디데이 D-4 지원 가능일 2026-01-12 ~ 2026-03-09 직군 마케팅 경력사항 경력 고용형태 정규직 근무지 서울 본사 포지션 UX 기획자 업무내용 제품 브랜드 사이트의 UI/UX 전략 수립, IA 설계, 와이어프레임 작성 마케팅 캠페인 관련 (랜딩페이지, 뉴스레터, 온드채널 등) UX 개선 기획 웹사이트 운영 및 개선 PM (콘텐츠 관리, 디자인, QA, 배포 등 전 과정 관리) SEO, AEO/GEO 대응 UX writing 및 메타 태그 관리 CJM 분석 및 시나리오 수립 → 데이터 분석으로 UI/UX 개선방안 도출 자격요건 및 우대사항 [ 자격요건 ] 웹 기반의 UI/UX 기획 경험 7년 이상이신 분 GA4, GSC, 히트맵 등 DATA 분석을 통한 UX/UI 개선 경험을 보유하신 분 영업, 마케팅, 디자인, 개발 등 유관부서와의 원활한 커뮤니케이션 경험을 보유하신 분 피그마 툴 숙련자, UX writing 능력, AI 활용 능력을 보유하신 분 ※ 포트폴리오 제출 필수 [ 우대사항 ] 높은 마케팅 이해도를 보유하며 메인/상세페이지·블로그 등 콘텐츠 작성이 가능하신 분 웹사이트 구축 전반(A to Z)을 모두 담당해보신 분 글로벌 (다국어) 웹사이트 기획 및 운영 경험을 보유하신 분 기타사항 국가보훈해당자 및 장애인은 관련 법률에 의거 우대합니다. (증빙서류 제출자에 한함) 제출서류에 허위기재 또는 기재 착오, 구비서류 미제출 등으로 인한 불이익은 응시자 본인의 책임으로 합니다. 제출서류나 각종 증명서의 기재내용이 허위일 경우, 응시를 무효처리하며 합격을 취소합니다. 기타 문의사항은 채용관련 문의를 이용해 주시기 바라며, 제출된 서류는 개인정보 보호법에따라 관리됩니다. 목록 직군 마케팅 경력사항 경력 고용형태 정규직 근무지 서울 본사 지원하기 IR 투자 정보 받기 top RemoteCall RemoteView Ai:repoto COLABOX RemoteMeeting RemoteCall RemoteView Ai:repoto COLABOX RemoteMeeting 알서포트(주) 대표 서형수 (05203) 서울특별시 강동구 고덕비즈밸리로2가길 12 (고덕동) 사업자등록번호 114-86-82265 통신판매업 신고번호 제 2024-서울강동-1214호 문의 070-7011-3900 이메일 sales.kr@rsupport.com 팩스 02-479-4429 개인정보 처리방침 내부정보관리규정","및 우대사항 [ 자격요건 ] 웹 기반의 UI/UX 기획 경험 7년 이상이신 분 GA4, GSC, 히트맵 등 DATA 분석을 통한 UX/UI 개선 경험을 보유하신 분 영업, 마케팅, 디자인, 개발 등 유관부서와의 원활한 커뮤니케이션 경험을 보유하신 분 피그마 툴 숙련자, UX writing 능력, AI 활용 능력을 보유하신 분 ※ 포트폴리오 제출 필수 [ 우대사항 ] 높은 마케팅 이해도를 보유하며 메인/상세페이지·블로그 등 콘텐츠 작성이 가능하신 분 웹사이트 구축 전반(A to Z)을 모두 담당해보신 분 글로벌 (다국어) 웹사이트 기획 및 운영 경험을 보유하신 분 기타사항 국가보훈해당자 및 장애인은 관련 법률에 의거 우대합니다. (증빙서류 제출자에 한함) 제출서류에 허위기재 또는 기재 착오, 구비서류 미제출 등으로 인한 불이익은 응시자 본인의 책임으로 합니다. 제출서류나 각종 증명서의 기재내용이 허위일 경우, 응시를 무효처리하며 합격을 취소합니다. 기타 문의사항은 채용관련 문의를 이용해 주시기 바라며, 제출된 서류는 개인정보 보호법에따라 관리됩니다. 목록 직군 마케팅 경력사항 경력 고용형태 정규직 근무지 서울 본사 지원하기 IR 투자 정보 받기 top RemoteCall RemoteView Ai:repoto COLABOX RemoteMeeting RemoteCall RemoteView Ai:repoto COLABOX RemoteMeeting 알서포트(주) 대표 서형수 (05203) 서울특별시 강동구 고덕비즈밸리로2가길 12 (고덕동) 사업자등록번호 114-86-82265 통신판매업 신고번호 제 2024-서울강동-1214호 문의 070-7011-3900 이메일 sales.kr@rsupport.com 팩스 02-479-4429 개인정보 처리방침 내부정보관리규정 COPYRIGHT © 2026 RSUPPORT CO., LTD. ALL RIGHTS RESERVED. 공식 SNS 채널 + Facebook youtube Blog Linkedin 알서포트 투자 실적 정보 받기 별도의 요청없이도 알서포트가 제공하는 투자와 관련된 상세 자료들을 간편하게 받아보실 수 있습니다. 팝업 닫기 투자실적 정보 받기 신청이 완료되었습니다. 입력해주신 메일 주소로 답변 드립니다. 확인 팝업 닫기","[ 자격요건 ] 웹 기반의 UI/UX 기획 경험 7년 이상이신 분 GA4, GSC, 히트맵 등 DATA 분석을 통한 UX/UI 개선 경험을 보유하신 분 영업, 마케팅, 디자인, 개발 등 유관부서와의 원활한 커뮤니케이션 경험을 보유하신 분 피그마 툴 숙련자, UX writing 능력, AI 활용 능력을 보유하신 분 ※ 포트폴리오 제출 필수 [ 우대사항 ] 높은 마케팅 이해도를 보유하며 메인/상세페이지·블로그 등 콘텐츠 작성이 가능하신 분 웹사이트 구축 전반(A to Z)을 모두 담당해보신 분 글로벌 (다국어) 웹사이트 기획 및 운영 경험을 보유하신 분 기타사항 국가보훈해당자 및 장애인은 관련 법률에 의거 우대합니다. (증빙서류 제출자에 한함) 제출서류에 허위기재 또는 기재 착오, 구비서류 미제출 등으로 인한 불이익은 응시자 본인의 책임으로 합니다. 제출서류나 각종 증명서의 기재내용이 허위일 경우, 응시를 무효처리하며 합격을 취소합니다. 기타 문의사항은 채용관련 문의를 이용해 주시기 바라며, 제출된 서류는 개인정보 보호법에따라 관리됩니다. 목록 직군 마케팅 경력사항 경력 고용형태 정규직 근무지 서울 본사 지원하기 IR 투자 정보 받기 top RemoteCall RemoteView Ai:repoto COLABOX RemoteMeeting RemoteCall RemoteView Ai:repoto COLABOX RemoteMeeting 알서포트(주) 대표 서형수 (05203) 서울특별시 강동구 고덕비즈밸리로2가길 12 (고덕동) 사업자등록번호 114-86-82265 통신판매업 신고번호 제 2024-서울강동-1214호 문의 070-7011-3900 이메일 sales.kr@rsupport.com 팩스 02-479-4429 개인정보 처리방침 내부정보관리규정 COPYRIGHT © 2026 RSUPPORT CO., LTD. ALL RIGHTS RESERVED. 공식 SNS 채널 + Facebook youtube Blog Linkedin 알서포트 투자 실적 정보 받기 별도의 요청없이도 알서포트가 제공하는 투자와 관련된 상세 자료들을 간편하게 받아보실 수 있습니다. 팝업 닫기 투자실적 정보 받기 신청이 완료되었습니다. 입력해주신 메일 주소로 답변 드립니다. 확인 팝업 닫기",,,,서울,정규직,,,,,active,2026-03-05 18:51:47.437894,2026-03-05 18:51:47.437878,True
81,93,알서포트는 여러분의 도전을,https://www.rsupport.com/ko-kr/career/recruit/front_end_dev,"콘텐츠 바로가기 메뉴 바로가기 하단정보 바로가기 Rsupport 제품 리모트뷰 리모트뷰BOX 리모트콜 리모트VS 리모트미팅 AI레포토 콜라박스 리모트WOL 투자 투자 요약 기업지배구조 재무정보 실적발표 감사보고서 투자 공고 투자 질의응답 투자 뉴스 뉴스 언론 보도 홍보 영상 블로그 지원 공지사항 자주 묻는 질문 다운로드 Contact Us CI&BI 회사 회사 소개 회사 연혁 수상 및 인증 사회 공헌 기술 소개 파트너 사옥 온라인 제보 채용 채용 요약 팀 문화 스토리 역할과 책임 복리후생 채용공고 인재풀 모바일 메뉴 kr en jp cn 모바일 메뉴 Home 채용 채용공고 알서포트는 여러분의 도전을 서포트합니다 프론트엔드 개발자 (3년 이상) 지원 마감 디데이 D-4 지원 가능일 2026-02-09 ~ 2026-03-09 직군 연구개발 경력사항 경력 고용형태 정규직 근무지 서울 본사 포지션 프론트엔드 개발자 업무내용 WebRTC 기반 프론트엔드 Application 개발 및 유지보수 자격요건 및 우대사항 [ 자격요건 ] 최신 React, 상태관리(Recoil / Zustand등), 번들러(webpack/vite등) 경험이 있으신분 AI Vibe Coding이 가능하신 분 AI를 적극적으로 활용해서 개발하시는 분 프론트엔드에 대한 지식이 많으신 분 원만한 커뮤니케이션 능력이 있으신 분 개발에 대한 열정이 넘치고 책임감이 강하신 분 [ 우대사항 ] WebRTC / Web Socket 개발 지식 보유 및 개발경험이 있으신 분 웹성능 최적화에 관심이 높으신 분 새로운 지식습득에 거부감이 없으신 분 기타사항 국가보훈해당자 및 장애인은 관련 법률에 의거 우대합니다. (증빙서류 제출자에 한함) 제출서류에 허위기재 또는 기재 착오, 구비서류 미제출 등으로 인한 불이익은 응시자 본인의 책임으로 합니다. 제출서류나 각종 증명서의 기재내용이 허위일 경우, 응시를 무효처리하며 합격을 취소합니다. 기타 문의사항은 채용관련 문의를 이용해 주시기 바라며, 제출된 서류는 개인정보 보호법에따라 관리됩니다. 목록 직군 연구개발 경력사항 경력 고용형태 정규직 근무지 서울 본사 지원하기 IR 투자 정보 받기 top RemoteCall RemoteView Ai:repoto COLABOX RemoteMeeting RemoteCall RemoteView Ai:repoto COLABOX RemoteMeeting 알서포트(주) 대표 서형수 (05203) 서울특별시 강동구 고덕비즈밸리로2가길 12 (고덕동) 사업자등록번호 114-86-82265 통신판매업 신고번호 제 2024-서울강동-1214호 문의 070-7011-3900 이메일 sales.kr@rsupport.com 팩스 02-479-4429 개인정보 처리방침 내부정보관리규정","및 우대사항 [ 자격요건 ] 최신 React, 상태관리(Recoil / Zustand등), 번들러(webpack/vite등) 경험이 있으신분 AI Vibe Coding이 가능하신 분 AI를 적극적으로 활용해서 개발하시는 분 프론트엔드에 대한 지식이 많으신 분 원만한 커뮤니케이션 능력이 있으신 분 개발에 대한 열정이 넘치고 책임감이 강하신 분 [ 우대사항 ] WebRTC / Web Socket 개발 지식 보유 및 개발경험이 있으신 분 웹성능 최적화에 관심이 높으신 분 새로운 지식습득에 거부감이 없으신 분 기타사항 국가보훈해당자 및 장애인은 관련 법률에 의거 우대합니다. (증빙서류 제출자에 한함) 제출서류에 허위기재 또는 기재 착오, 구비서류 미제출 등으로 인한 불이익은 응시자 본인의 책임으로 합니다. 제출서류나 각종 증명서의 기재내용이 허위일 경우, 응시를 무효처리하며 합격을 취소합니다. 기타 문의사항은 채용관련 문의를 이용해 주시기 바라며, 제출된 서류는 개인정보 보호법에따라 관리됩니다. 목록 직군 연구개발 경력사항 경력 고용형태 정규직 근무지 서울 본사 지원하기 IR 투자 정보 받기 top RemoteCall RemoteView Ai:repoto COLABOX RemoteMeeting RemoteCall RemoteView Ai:repoto COLABOX RemoteMeeting 알서포트(주) 대표 서형수 (05203) 서울특별시 강동구 고덕비즈밸리로2가길 12 (고덕동) 사업자등록번호 114-86-82265 통신판매업 신고번호 제 2024-서울강동-1214호 문의 070-7011-3900 이메일 sales.kr@rsupport.com 팩스 02-479-4429 개인정보 처리방침 내부정보관리규정 COPYRIGHT © 2026 RSUPPORT CO., LTD. ALL RIGHTS RESERVED. 공식 SNS 채널 + Facebook youtube Blog Linkedin 알서포트 투자 실적 정보 받기 별도의 요청없이도 알서포트가 제공하는 투자와 관련된 상세 자료들을 간편하게 받아보실 수 있습니다. 팝업 닫기 투자실적 정보 받기 신청이 완료되었습니다. 입력해주신 메일 주소로 답변 드립니다. 확인 팝업 닫기","[ 자격요건 ] 최신 React, 상태관리(Recoil / Zustand등), 번들러(webpack/vite등) 경험이 있으신분 AI Vibe Coding이 가능하신 분 AI를 적극적으로 활용해서 개발하시는 분 프론트엔드에 대한 지식이 많으신 분 원만한 커뮤니케이션 능력이 있으신 분 개발에 대한 열정이 넘치고 책임감이 강하신 분 [ 우대사항 ] WebRTC / Web Socket 개발 지식 보유 및 개발경험이 있으신 분 웹성능 최적화에 관심이 높으신 분 새로운 지식습득에 거부감이 없으신 분 기타사항 국가보훈해당자 및 장애인은 관련 법률에 의거 우대합니다. (증빙서류 제출자에 한함) 제출서류에 허위기재 또는 기재 착오, 구비서류 미제출 등으로 인한 불이익은 응시자 본인의 책임으로 합니다. 제출서류나 각종 증명서의 기재내용이 허위일 경우, 응시를 무효처리하며 합격을 취소합니다. 기타 문의사항은 채용관련 문의를 이용해 주시기 바라며, 제출된 서류는 개인정보 보호법에따라 관리됩니다. 목록 직군 연구개발 경력사항 경력 고용형태 정규직 근무지 서울 본사 지원하기 IR 투자 정보 받기 top RemoteCall RemoteView Ai:repoto COLABOX RemoteMeeting RemoteCall RemoteView Ai:repoto COLABOX RemoteMeeting 알서포트(주) 대표 서형수 (05203) 서울특별시 강동구 고덕비즈밸리로2가길 12 (고덕동) 사업자등록번호 114-86-82265 통신판매업 신고번호 제 2024-서울강동-1214호 문의 070-7011-3900 이메일 sales.kr@rsupport.com 팩스 02-479-4429 개인정보 처리방침 내부정보관리규정 COPYRIGHT © 2026 RSUPPORT CO., LTD. ALL RIGHTS RESERVED. 공식 SNS 채널 + Facebook youtube Blog Linkedin 알서포트 투자 실적 정보 받기 별도의 요청없이도 알서포트가 제공하는 투자와 관련된 상세 자료들을 간편하게 받아보실 수 있습니다. 팝업 닫기 투자실적 정보 받기 신청이 완료되었습니다. 입력해주신 메일 주소로 답변 드립니다. 확인 팝업 닫기",,,,서울,정규직,,,,,active,2026-03-05 18:51:49.123624,2026-03-05 18:51:49.123605,True
82,93,알서포트는 여러분의 도전을,https://www.rsupport.com/ko-kr/career/recruit/back_end_dev,"콘텐츠 바로가기 메뉴 바로가기 하단정보 바로가기 Rsupport 제품 리모트뷰 리모트뷰BOX 리모트콜 리모트VS 리모트미팅 AI레포토 콜라박스 리모트WOL 투자 투자 요약 기업지배구조 재무정보 실적발표 감사보고서 투자 공고 투자 질의응답 투자 뉴스 뉴스 언론 보도 홍보 영상 블로그 지원 공지사항 자주 묻는 질문 다운로드 Contact Us CI&BI 회사 회사 소개 회사 연혁 수상 및 인증 사회 공헌 기술 소개 파트너 사옥 온라인 제보 채용 채용 요약 팀 문화 스토리 역할과 책임 복리후생 채용공고 인재풀 모바일 메뉴 kr en jp cn 모바일 메뉴 Home 채용 채용공고 알서포트는 여러분의 도전을 서포트합니다 백엔드 개발자 (3년이상) 지원 마감 디데이 D-4 지원 가능일 2026-02-09 ~ 2026-03-09 직군 연구개발 경력사항 경력 고용형태 정규직 근무지 서울 본사 포지션 백엔드 개발자 업무내용 당사 솔루션 개발 및 유지보수 Java Application 및 서비스 연동 개발 자격요건 및 우대사항 [ 자격요건 ] Spring 프레임워크(Spring Boot) 및 JPA 기반 Web Application 서비스 개발 경험이 있으신 분 MySQL(Maria DB), MS-SQL, ORACLE 등 RDBMS 경험이 있으신 분 원활한 커뮤니케이션 가능 및 배려심이 있으신 분 자기개발을 중시하며 기술에 대한 토론 및 공유에 적극적이신 분 AI Vibe Coding이 가능하신 분 AI를 적극적으로 활용해서 개발하시는 분 [ 우대사항 ] 솔루션 납품 개발 및 구축, 유지보수 경험이 있으신 분 JAVA 이외의 JVM 언어 및 기타 개발 언어에 경험이 있으신 분 MSA, WAF, Agile, TDD, CleanCode, 모듈 및 프레임워크 개발 등에 관심 및 경험이 있으신 분 기타사항 국가보훈해당자 및 장애인은 관련 법률에 의거 우대합니다. (증빙서류 제출자에 한함) 제출서류에 허위기재 또는 기재 착오, 구비서류 미제출 등으로 인한 불이익은 응시자 본인의 책임으로 합니다. 제출서류나 각종 증명서의 기재내용이 허위일 경우, 응시를 무효처리하며 합격을 취소합니다. 기타 문의사항은 채용관련 문의를 이용해 주시기 바라며, 제출된 서류는 개인정보 보호법에따라 관리됩니다. 목록 직군 연구개발 경력사항 경력 고용형태 정규직 근무지 서울 본사 지원하기 IR 투자 정보 받기 top RemoteCall RemoteView Ai:repoto COLABOX RemoteMeeting RemoteCall RemoteView Ai:repoto COLABOX RemoteMeeting 알서포트(주) 대표 서형수 (05203) 서울특별시 강동구 고덕비즈밸리로2가길 12 (고덕동) 사업자등록번호 114-86-82265 통신판매업 신고번호 제 2024-서울강동-1214호 문의 070-7011-3900 이메일 sales.kr@rsupport.com 팩스 02-479-4429 개인정보 처리방침 내부정보관리규정","및 우대사항 [ 자격요건 ] Spring 프레임워크(Spring Boot) 및 JPA 기반 Web Application 서비스 개발 경험이 있으신 분 MySQL(Maria DB), MS-SQL, ORACLE 등 RDBMS 경험이 있으신 분 원활한 커뮤니케이션 가능 및 배려심이 있으신 분 자기개발을 중시하며 기술에 대한 토론 및 공유에 적극적이신 분 AI Vibe Coding이 가능하신 분 AI를 적극적으로 활용해서 개발하시는 분 [ 우대사항 ] 솔루션 납품 개발 및 구축, 유지보수 경험이 있으신 분 JAVA 이외의 JVM 언어 및 기타 개발 언어에 경험이 있으신 분 MSA, WAF, Agile, TDD, CleanCode, 모듈 및 프레임워크 개발 등에 관심 및 경험이 있으신 분 기타사항 국가보훈해당자 및 장애인은 관련 법률에 의거 우대합니다. (증빙서류 제출자에 한함) 제출서류에 허위기재 또는 기재 착오, 구비서류 미제출 등으로 인한 불이익은 응시자 본인의 책임으로 합니다. 제출서류나 각종 증명서의 기재내용이 허위일 경우, 응시를 무효처리하며 합격을 취소합니다. 기타 문의사항은 채용관련 문의를 이용해 주시기 바라며, 제출된 서류는 개인정보 보호법에따라 관리됩니다. 목록 직군 연구개발 경력사항 경력 고용형태 정규직 근무지 서울 본사 지원하기 IR 투자 정보 받기 top RemoteCall RemoteView Ai:repoto COLABOX RemoteMeeting RemoteCall RemoteView Ai:repoto COLABOX RemoteMeeting 알서포트(주) 대표 서형수 (05203) 서울특별시 강동구 고덕비즈밸리로2가길 12 (고덕동) 사업자등록번호 114-86-82265 통신판매업 신고번호 제 2024-서울강동-1214호 문의 070-7011-3900 이메일 sales.kr@rsupport.com 팩스 02-479-4429 개인정보 처리방침 내부정보관리규정 COPYRIGHT © 2026 RSUPPORT CO., LTD. ALL RIGHTS RESERVED. 공식 SNS 채널 + Facebook youtube Blog Linkedin 알서포트 투자 실적 정보 받기 별도의 요청없이도 알서포트가 제공하는 투자와 관련된 상세 자료들을 간편하게 받아보실 수 있습니다. 팝업 닫기 투자실적 정보 받기 신청이 완료되었습니다. 입력해주신 메일 주소로 답변 드립니다. 확인 팝업 닫기","[ 자격요건 ] Spring 프레임워크(Spring Boot) 및 JPA 기반 Web Application 서비스 개발 경험이 있으신 분 MySQL(Maria DB), MS-SQL, ORACLE 등 RDBMS 경험이 있으신 분 원활한 커뮤니케이션 가능 및 배려심이 있으신 분 자기개발을 중시하며 기술에 대한 토론 및 공유에 적극적이신 분 AI Vibe Coding이 가능하신 분 AI를 적극적으로 활용해서 개발하시는 분 [ 우대사항 ] 솔루션 납품 개발 및 구축, 유지보수 경험이 있으신 분 JAVA 이외의 JVM 언어 및 기타 개발 언어에 경험이 있으신 분 MSA, WAF, Agile, TDD, CleanCode, 모듈 및 프레임워크 개발 등에 관심 및 경험이 있으신 분 기타사항 국가보훈해당자 및 장애인은 관련 법률에 의거 우대합니다. (증빙서류 제출자에 한함) 제출서류에 허위기재 또는 기재 착오, 구비서류 미제출 등으로 인한 불이익은 응시자 본인의 책임으로 합니다. 제출서류나 각종 증명서의 기재내용이 허위일 경우, 응시를 무효처리하며 합격을 취소합니다. 기타 문의사항은 채용관련 문의를 이용해 주시기 바라며, 제출된 서류는 개인정보 보호법에따라 관리됩니다. 목록 직군 연구개발 경력사항 경력 고용형태 정규직 근무지 서울 본사 지원하기 IR 투자 정보 받기 top RemoteCall RemoteView Ai:repoto COLABOX RemoteMeeting RemoteCall RemoteView Ai:repoto COLABOX RemoteMeeting 알서포트(주) 대표 서형수 (05203) 서울특별시 강동구 고덕비즈밸리로2가길 12 (고덕동) 사업자등록번호 114-86-82265 통신판매업 신고번호 제 2024-서울강동-1214호 문의 070-7011-3900 이메일 sales.kr@rsupport.com 팩스 02-479-4429 개인정보 처리방침 내부정보관리규정 COPYRIGHT © 2026 RSUPPORT CO., LTD. ALL RIGHTS RESERVED. 공식 SNS 채널 + Facebook youtube Blog Linkedin 알서포트 투자 실적 정보 받기 별도의 요청없이도 알서포트가 제공하는 투자와 관련된 상세 자료들을 간편하게 받아보실 수 있습니다. 팝업 닫기 투자실적 정보 받기 신청이 완료되었습니다. 입력해주신 메일 주소로 답변 드립니다. 확인 팝업 닫기",,,,서울,정규직,,,,,active,2026-03-05 18:51:49.518979,2026-03-05 18:51:49.518960,True
83,93,알서포트는 여러분의 도전을,https://www.rsupport.com/ko-kr/career/recruit/csleader,"콘텐츠 바로가기 메뉴 바로가기 하단정보 바로가기 Rsupport 제품 리모트뷰 리모트뷰BOX 리모트콜 리모트VS 리모트미팅 AI레포토 콜라박스 리모트WOL 투자 투자 요약 기업지배구조 재무정보 실적발표 감사보고서 투자 공고 투자 질의응답 투자 뉴스 뉴스 언론 보도 홍보 영상 블로그 지원 공지사항 자주 묻는 질문 다운로드 Contact Us CI&BI 회사 회사 소개 회사 연혁 수상 및 인증 사회 공헌 기술 소개 파트너 사옥 온라인 제보 채용 채용 요약 팀 문화 스토리 역할과 책임 복리후생 채용공고 인재풀 모바일 메뉴 kr en jp cn 모바일 메뉴 Home 채용 채용공고 알서포트는 여러분의 도전을 서포트합니다 SaaS 갱신영업팀 팀장 (5년 이상) 지원 마감 디데이 D-4 지원 가능일 2026-02-09 ~ 2026-03-09 직군 영업 경력사항 경력 고용형태 정규직 근무지 서울 본사 포지션 SaaS 갱신 영업 담당자_팀장 업무내용 고객 이탈을 방지하기 위한 사전 대응 및 이탈 위험 고객에 대한 맞춤형 대응을 통한 매출 창출 고객의 비즈니스 요구를 이해하고 적합한 추가 서비스 및 제품을 제안하여 매출 증대 고객의 요구사항을 지속적으로 모니터링하고, 서비스 사용 경험을 최적화할 수 있도록 지원 고객의 사용 패턴 및 피드백을 분석해 서비스 개선 및 향후 영업전략 수립 고객의 피드백을 수집하고 내부 제품 팀과 협업하여 서비스 개선사항 도출 자격요건 및 우대사항 [ 자격요건 ] 관계자 간 원활한 커뮤니케이션 능력을 보유하신 분 고객 중심의 문제 해결 능력을 보유하신 분 프레젠테이션 및 보고 문서 작성 능력을 보유하신 분 바람직한 인성과 성실하고 적극적인 성격을 보유하신 분 [ 우대사항 ] SaaS 비즈니스 모델에 대한 이해 및 영업 경험을 보유하신 분(경력) IT 또는 관련 분야에 대한 이해도를 보유하신 분 PC 기본 활용능력이 우수하신 분 기타사항 국가보훈해당자 및 장애인은 관련 법률에 의거 우대합니다. (증빙서류 제출자에 한함) 제출서류에 허위기재 또는 기재 착오, 구비서류 미제출 등으로 인한 불이익은 응시자 본인의 책임으로 합니다. 제출서류나 각종 증명서의 기재내용이 허위일 경우, 응시를 무효처리하며 합격을 취소합니다. 기타 문의사항은 채용관련 문의를 이용해 주시기 바라며, 제출된 서류는 개인정보 보호법에따라 관리됩니다. 목록 직군 영업 경력사항 경력 고용형태 정규직 근무지 서울 본사 지원하기 IR 투자 정보 받기 top RemoteCall RemoteView Ai:repoto COLABOX RemoteMeeting RemoteCall RemoteView Ai:repoto COLABOX RemoteMeeting 알서포트(주) 대표 서형수 (05203) 서울특별시 강동구 고덕비즈밸리로2가길 12 (고덕동) 사업자등록번호 114-86-82265 통신판매업 신고번호 제 2024-서울강동-1214호 문의 070-7011-3900 이메일 sales.kr@rsupport.com 팩스 02-479-4429 개인정보 처리방침 내부정보관리규정","및 우대사항 [ 자격요건 ] 관계자 간 원활한 커뮤니케이션 능력을 보유하신 분 고객 중심의 문제 해결 능력을 보유하신 분 프레젠테이션 및 보고 문서 작성 능력을 보유하신 분 바람직한 인성과 성실하고 적극적인 성격을 보유하신 분 [ 우대사항 ] SaaS 비즈니스 모델에 대한 이해 및 영업 경험을 보유하신 분(경력) IT 또는 관련 분야에 대한 이해도를 보유하신 분 PC 기본 활용능력이 우수하신 분 기타사항 국가보훈해당자 및 장애인은 관련 법률에 의거 우대합니다. (증빙서류 제출자에 한함) 제출서류에 허위기재 또는 기재 착오, 구비서류 미제출 등으로 인한 불이익은 응시자 본인의 책임으로 합니다. 제출서류나 각종 증명서의 기재내용이 허위일 경우, 응시를 무효처리하며 합격을 취소합니다. 기타 문의사항은 채용관련 문의를 이용해 주시기 바라며, 제출된 서류는 개인정보 보호법에따라 관리됩니다. 목록 직군 영업 경력사항 경력 고용형태 정규직 근무지 서울 본사 지원하기 IR 투자 정보 받기 top RemoteCall RemoteView Ai:repoto COLABOX RemoteMeeting RemoteCall RemoteView Ai:repoto COLABOX RemoteMeeting 알서포트(주) 대표 서형수 (05203) 서울특별시 강동구 고덕비즈밸리로2가길 12 (고덕동) 사업자등록번호 114-86-82265 통신판매업 신고번호 제 2024-서울강동-1214호 문의 070-7011-3900 이메일 sales.kr@rsupport.com 팩스 02-479-4429 개인정보 처리방침 내부정보관리규정 COPYRIGHT © 2026 RSUPPORT CO., LTD. ALL RIGHTS RESERVED. 공식 SNS 채널 + Facebook youtube Blog Linkedin 알서포트 투자 실적 정보 받기 별도의 요청없이도 알서포트가 제공하는 투자와 관련된 상세 자료들을 간편하게 받아보실 수 있습니다. 팝업 닫기 투자실적 정보 받기 신청이 완료되었습니다. 입력해주신 메일 주소로 답변 드립니다. 확인 팝업 닫기","[ 자격요건 ] 관계자 간 원활한 커뮤니케이션 능력을 보유하신 분 고객 중심의 문제 해결 능력을 보유하신 분 프레젠테이션 및 보고 문서 작성 능력을 보유하신 분 바람직한 인성과 성실하고 적극적인 성격을 보유하신 분 [ 우대사항 ] SaaS 비즈니스 모델에 대한 이해 및 영업 경험을 보유하신 분(경력) IT 또는 관련 분야에 대한 이해도를 보유하신 분 PC 기본 활용능력이 우수하신 분 기타사항 국가보훈해당자 및 장애인은 관련 법률에 의거 우대합니다. (증빙서류 제출자에 한함) 제출서류에 허위기재 또는 기재 착오, 구비서류 미제출 등으로 인한 불이익은 응시자 본인의 책임으로 합니다. 제출서류나 각종 증명서의 기재내용이 허위일 경우, 응시를 무효처리하며 합격을 취소합니다. 기타 문의사항은 채용관련 문의를 이용해 주시기 바라며, 제출된 서류는 개인정보 보호법에따라 관리됩니다. 목록 직군 영업 경력사항 경력 고용형태 정규직 근무지 서울 본사 지원하기 IR 투자 정보 받기 top RemoteCall RemoteView Ai:repoto COLABOX RemoteMeeting RemoteCall RemoteView Ai:repoto COLABOX RemoteMeeting 알서포트(주) 대표 서형수 (05203) 서울특별시 강동구 고덕비즈밸리로2가길 12 (고덕동) 사업자등록번호 114-86-82265 통신판매업 신고번호 제 2024-서울강동-1214호 문의 070-7011-3900 이메일 sales.kr@rsupport.com 팩스 02-479-4429 개인정보 처리방침 내부정보관리규정 COPYRIGHT © 2026 RSUPPORT CO., LTD. ALL RIGHTS RESERVED. 공식 SNS 채널 + Facebook youtube Blog Linkedin 알서포트 투자 실적 정보 받기 별도의 요청없이도 알서포트가 제공하는 투자와 관련된 상세 자료들을 간편하게 받아보실 수 있습니다. 팝업 닫기 투자실적 정보 받기 신청이 완료되었습니다. 입력해주신 메일 주소로 답변 드립니다. 확인 팝업 닫기",,,,서울,정규직,,,,,active,2026-03-05 18:51:49.897028,2026-03-05 18:51:49.896945,True
84,93,알서포트는 여러분의 도전을,https://www.rsupport.com/ko-kr/career/recruit/saascs,"콘텐츠 바로가기 메뉴 바로가기 하단정보 바로가기 Rsupport 제품 리모트뷰 리모트뷰BOX 리모트콜 리모트VS 리모트미팅 AI레포토 콜라박스 리모트WOL 투자 투자 요약 기업지배구조 재무정보 실적발표 감사보고서 투자 공고 투자 질의응답 투자 뉴스 뉴스 언론 보도 홍보 영상 블로그 지원 공지사항 자주 묻는 질문 다운로드 Contact Us CI&BI 회사 회사 소개 회사 연혁 수상 및 인증 사회 공헌 기술 소개 파트너 사옥 온라인 제보 채용 채용 요약 팀 문화 스토리 역할과 책임 복리후생 채용공고 인재풀 모바일 메뉴 kr en jp cn 모바일 메뉴 Home 채용 채용공고 알서포트는 여러분의 도전을 서포트합니다 SaaS 갱신영업 팀원 (신입~경력 5년 이하) 지원 마감 디데이 D-4 지원 가능일 2026-02-09 ~ 2026-03-09 직군 영업 경력사항 무관 고용형태 정규직 근무지 서울 본사 포지션 SaaS 갱신 영업 담당자_팀원 업무내용 고객 이탈을 방지하기 위한 사전 대응 및 이탈 위험 고객에 대한 맞춤형 대응을 통한 매출 창출 고객의 비즈니스 요구를 이해하고 적합한 추가 서비스 및 제품을 제안하여 매출 증대 고객의 요구사항을 지속적으로 모니터링하고, 서비스 사용 경험을 최적화할 수 있도록 지원 고객의 사용 패턴 및 피드백을 분석해 서비스 개선 및 향후 영업전략 수립 고객의 피드백을 수집하고 내부 제품 팀과 협업하여 서비스 개선사항 도출 자격요건 및 우대사항 [ 자격요건 ] 관계자 간 원활한 커뮤니케이션 능력을 보유하신 분 고객 중심의 문제 해결 능력을 보유하신 분 프레젠테이션 및 보고 문서 작성 능력을 보유하신 분 바람직한 인성과 성실하고 적극적인 성격을 보유하신 분 [ 우대사항 ] SaaS 비즈니스 모델에 대한 이해 및 영업 경험을 보유하신 분(경력) IT 또는 관련 분야에 대한 이해도를 보유하신 분 PC 기본 활용능력이 우수하신 분 기타사항 국가보훈해당자 및 장애인은 관련 법률에 의거 우대합니다. (증빙서류 제출자에 한함) 제출서류에 허위기재 또는 기재 착오, 구비서류 미제출 등으로 인한 불이익은 응시자 본인의 책임으로 합니다. 제출서류나 각종 증명서의 기재내용이 허위일 경우, 응시를 무효처리하며 합격을 취소합니다. 기타 문의사항은 채용관련 문의를 이용해 주시기 바라며, 제출된 서류는 개인정보 보호법에따라 관리됩니다. 목록 직군 영업 경력사항 무관 고용형태 정규직 근무지 서울 본사 지원하기 IR 투자 정보 받기 top RemoteCall RemoteView Ai:repoto COLABOX RemoteMeeting RemoteCall RemoteView Ai:repoto COLABOX RemoteMeeting 알서포트(주) 대표 서형수 (05203) 서울특별시 강동구 고덕비즈밸리로2가길 12 (고덕동) 사업자등록번호 114-86-82265 통신판매업 신고번호 제 2024-서울강동-1214호 문의 070-7011-3900 이메일 sales.kr@rsupport.com 팩스 02-479-4429 개인정보 처리방침 내부정보관리규정","및 우대사항 [ 자격요건 ] 관계자 간 원활한 커뮤니케이션 능력을 보유하신 분 고객 중심의 문제 해결 능력을 보유하신 분 프레젠테이션 및 보고 문서 작성 능력을 보유하신 분 바람직한 인성과 성실하고 적극적인 성격을 보유하신 분 [ 우대사항 ] SaaS 비즈니스 모델에 대한 이해 및 영업 경험을 보유하신 분(경력) IT 또는 관련 분야에 대한 이해도를 보유하신 분 PC 기본 활용능력이 우수하신 분 기타사항 국가보훈해당자 및 장애인은 관련 법률에 의거 우대합니다. (증빙서류 제출자에 한함) 제출서류에 허위기재 또는 기재 착오, 구비서류 미제출 등으로 인한 불이익은 응시자 본인의 책임으로 합니다. 제출서류나 각종 증명서의 기재내용이 허위일 경우, 응시를 무효처리하며 합격을 취소합니다. 기타 문의사항은 채용관련 문의를 이용해 주시기 바라며, 제출된 서류는 개인정보 보호법에따라 관리됩니다. 목록 직군 영업 경력사항 무관 고용형태 정규직 근무지 서울 본사 지원하기 IR 투자 정보 받기 top RemoteCall RemoteView Ai:repoto COLABOX RemoteMeeting RemoteCall RemoteView Ai:repoto COLABOX RemoteMeeting 알서포트(주) 대표 서형수 (05203) 서울특별시 강동구 고덕비즈밸리로2가길 12 (고덕동) 사업자등록번호 114-86-82265 통신판매업 신고번호 제 2024-서울강동-1214호 문의 070-7011-3900 이메일 sales.kr@rsupport.com 팩스 02-479-4429 개인정보 처리방침 내부정보관리규정 COPYRIGHT © 2026 RSUPPORT CO., LTD. ALL RIGHTS RESERVED. 공식 SNS 채널 + Facebook youtube Blog Linkedin 알서포트 투자 실적 정보 받기 별도의 요청없이도 알서포트가 제공하는 투자와 관련된 상세 자료들을 간편하게 받아보실 수 있습니다. 팝업 닫기 투자실적 정보 받기 신청이 완료되었습니다. 입력해주신 메일 주소로 답변 드립니다. 확인 팝업 닫기","[ 자격요건 ] 관계자 간 원활한 커뮤니케이션 능력을 보유하신 분 고객 중심의 문제 해결 능력을 보유하신 분 프레젠테이션 및 보고 문서 작성 능력을 보유하신 분 바람직한 인성과 성실하고 적극적인 성격을 보유하신 분 [ 우대사항 ] SaaS 비즈니스 모델에 대한 이해 및 영업 경험을 보유하신 분(경력) IT 또는 관련 분야에 대한 이해도를 보유하신 분 PC 기본 활용능력이 우수하신 분 기타사항 국가보훈해당자 및 장애인은 관련 법률에 의거 우대합니다. (증빙서류 제출자에 한함) 제출서류에 허위기재 또는 기재 착오, 구비서류 미제출 등으로 인한 불이익은 응시자 본인의 책임으로 합니다. 제출서류나 각종 증명서의 기재내용이 허위일 경우, 응시를 무효처리하며 합격을 취소합니다. 기타 문의사항은 채용관련 문의를 이용해 주시기 바라며, 제출된 서류는 개인정보 보호법에따라 관리됩니다. 목록 직군 영업 경력사항 무관 고용형태 정규직 근무지 서울 본사 지원하기 IR 투자 정보 받기 top RemoteCall RemoteView Ai:repoto COLABOX RemoteMeeting RemoteCall RemoteView Ai:repoto COLABOX RemoteMeeting 알서포트(주) 대표 서형수 (05203) 서울특별시 강동구 고덕비즈밸리로2가길 12 (고덕동) 사업자등록번호 114-86-82265 통신판매업 신고번호 제 2024-서울강동-1214호 문의 070-7011-3900 이메일 sales.kr@rsupport.com 팩스 02-479-4429 개인정보 처리방침 내부정보관리규정 COPYRIGHT © 2026 RSUPPORT CO., LTD. ALL RIGHTS RESERVED. 공식 SNS 채널 + Facebook youtube Blog Linkedin 알서포트 투자 실적 정보 받기 별도의 요청없이도 알서포트가 제공하는 투자와 관련된 상세 자료들을 간편하게 받아보실 수 있습니다. 팝업 닫기 투자실적 정보 받기 신청이 완료되었습니다. 입력해주신 메일 주소로 답변 드립니다. 확인 팝업 닫기",,,,서울,정규직,,,,,active,2026-03-05 18:51:50.146732,2026-03-05 18:51:50.146714,True
85,93,최고의 성과를 위해,https://www.rsupport.com/ko-kr/career/roles,"· 품질 시스템 구축 품질 관리 표준 수립, 품질 프로세스 설계, ISO 등 국제 품질 인증 획득 및 유지 관리 · 품질 검증 및 보증 제품·서비스 품질 검사, 품질 기준 준수 확인, 출시 전 품질 검증을 통한 신뢰성 확보 · 품질 데이터 분석 품질 지표 모니터링 및 불량·트렌드 분석을 통한 데이터 기반 의사결정 지원 · 지속적 품질 개선 품질 혁신 활동 기획 및 실행, 개선 과제 발굴, 품질 향상을 위한 혁신 프로젝트 추진 · 품질 교육 및 문화 전 직원 품질 의식 제고, 품질 교육 프로그램 운영, 품질 우선 조직문화 조성 · 고객 품질 대응 고객 불만 처리, 품질 이슈 해결, 고객 요구사항 반영을 통한 품질 만족도 향상 조직 구성 품질관리 회사의 업무 프로세스와 제품 전반의 지속적인 개선을 통해 품질 수준을 고도화합니다. 전사적 품질 관리(TQM)의 기반을 마련하고, 정기적인 품질 점검을 통해 취약점을 분석하고 개선합니다. 품질관리 · 품질 관리 업무 프로세스/정책 신규 수립 및 개선 · 리스크 기반 품질감사 프로세스에 따른 감사 업무 수행 · SaaS 업데이트 프로세스 점검 · 솔루션 납품 프로젝트 계획/결과 점검 · 장애대응 모의훈련 · 경쟁사 사용성 BMT 품질보증 회사의 사업 수행에 필요한 기술과 제품에 대해 기능 및 성능 검증 전략을 수립하고 실행합니다. 검증 결과를 바탕으로 개선이 필요한 요소를 식별하고, 관련 부서와 협력해 품질 향상을 추진합니다. 품질보증 · 테스트 정책 및 테스트 전략 수립 · 테스팅 툴 확보 및 개발 · 테스트 case 설계, 실행, 개선해야 할 사항과 결과 피드백 · 테스트 자동화 기술 개발 및 검증 · 성능 및 벤치마킹 관련 전략과 기술 개발 품질혁신 회사의 제품, 서비스에 자동화 테스트를 적용해 인적 오류와 반복 작업을 줄이고, 효율적인 테스트 환경을 구축합니다. 또한 성능 테스트와 BMT를 통해 서비스 안정성과 제품 성능을 검증하며, 테스트 생산성 향상을위한 환경과 도구를 발굴·지원합니다. 품질혁신 · 웹, 안드로이드 테스트 자동화 수행 · RPA를 활용한 테스트 환경 구성 및 업무 자동화 · jmeter, locust를 활용한 성능 테스트 수행 · 자사 제품 및 경쟁사 제품의 성능 BMT 수행 · AWS, OCI 테스트 환경의 구성 및 관리 SaaS영업본부 SaaS 영업본부는 구독 기반 비즈니스 모델에 최적화된 영업 전략을 통해 신규 매출 창출과 지속 가능한 반복 매출(Recurring Revenue) 성장을 동시에 책임지는 핵심 조직 입니다. SaaS영업부서의 핵심 은 고객 중심의 가치 창출을 통해 지속적이고 안정적인 매출 성장을 실현하며, 시장에서의 경쟁우위를 확보하고 브랜드 가치를 제고하는 것입니다. 영업본부는 기업과 고객을 연결하는 가교 역할을 수행하며, 상호 윈-윈할 수 있는 비즈니스 관계를 구축함으로써 장기적 관점에서 기업 성장의 핵심 동력을 창출합니다. 단발성 계약에 그치지 않고 도입–활용–확장–갱신으로 이어지는 고객 생애주기 전반에서 고객 가치를 극대화하여, 장기적인 고객 관계를 기반으로 안정적인 매출 구조를 구축합니다. 주요 업무 · 구독 기반 매출 창출 및 성장 관리 신규 SaaS 영업, 계약 갱신, 업셀·크로스셀을 통한 반복 매출(ARR/MRR) 확대 및 관리 · 고객 생애주기 중심 영업 수행 도입–활용–확장–갱신 전 과정에서 고객 상황에 맞는 영업 전략 실행 · 갱신 및 이탈 관리 고객 사용 현황과 계약 조건을 기반으로 갱신 리스크를 사전 관리하고 장기 고객 유지 · 데이터 기반 영업 운영 및 성과 관리 영업 파이프라인, 전환율, 갱신율 등 SaaS 핵심 지표를 활용한 성과 분석 및 개선 · 영업 프로세스 및 정책 기획·고도화 효율적인 영업 활동을 위한 표준 프로세스, CRM 운영, 영업 정책 수립 및 개선 · 시장·고객 인사이트 확보 및 공유 고객 니즈, 시장 트렌드, 경쟁사 분석을 통한 제품·마케팅·고객 성공 전략 지원 조직 구성 SaaS영업 알서포트의 다양한 제품의 소프트웨어 서비스(SaaS; Software-as-a-Service)에 대해 전략을 수립하여, 매출의 지속 성장을 이끕니다. SaaS영업 · SaaS 모델의 특성에 맞춰 고객 경험과 만족도 고려 · 타겟 수립, 영업대상 발굴, 해결방법을 제시하는 · 영업전략 수립 · 고객 행동 패턴, 소비 성향을 분석 · 영업 전략, 제품 개선 방향, 마케팅 전략을 조율 갱신영업 기존 고객을 대상으로 계약 갱신과 유지보수 서비스를 관리하고, 안정적인 매출을 유지합니다. 사용 현황을 분석해 맞춤형 갱신 제안을 제공하며, 고객 문의와 이슈에 신속히 대응해 만족도를 높입니다. 갱신영업 · 기존 고객 대상 계약 갱신 안내 및 상담 · 고객 사용 현황 분석 및 갱신 시점 도출 · 맞춤형 갱신 제안서 작성 및 제안 · 고객 문의·이슈 대응을 통한 만족도 유지 · 계약 갱신률 및 매출 관리 신규영업 신규 시장을 개척하고 고객을 발굴합니다. 매일 새로운 고객을 만나 설득하고 계약을 성사시키며, 회사의 매출 그래플를 우상향으로 이끄는 성장 엔진입니다.고객이 가진 페인 포인트(Pain Point)를 가장 먼저 발견하고 해결책을 제시합니다. 신규영업 · 신규 영업대상 발굴 및 관계 형성 · 고객 대상 제품 및 서비스 제안 · 수요 발굴, 계약 체결, 납품 관리 등 영업 전 과정 수행 · 시장 동향 및 경쟁사 분석을 통한 영업 전략 수립 · 매출 목표 설정 및 실적 관리 · 고객 피드백 기반 개선사항 도출 및 전달 대표이사직속 최고경영진의 전략적 의사결정을 직접 지원하고 전사적 관점에서 혁신과 변화를 주도하는 특별 조직으로, 기업의 미래 비전 실현과 지속가능한 성장을 위한 핵심 전략을 기획하고 실행하는 역할 을 수행합니다. 대표이사직속부서의 핵심 은 경영진의 비전과 전략을 구체적인 실행 계획으로 전환하고, 전사적 혁신을 통해 새로운 성장 동력을 창출하며, 급변하는 경영 환경에 능동적으로 대응할 수 있는 조직 역량을 구축하는 것입니다. 최고경영진과 각 사업부문을 연결하는 전략적 가교 역할을 통해 경영 목표 달성을 위한 통합적 실행력을 확보하고, 미래 지향적 사고와 혁신적 접근으로 기업의 지속적 진화를 이끄는 변화 촉진자 역할을 담당합니다. 주요 업무 · 전략 기획 및 실행 중장기 경영 전략 수립, 사업 포트폴리오 관리, 전략적 이니셔티브 기획 및 추진 관리 · 프로젝트 관리 총괄 PMO 운영을 통한 전사 프로젝트 통합 관리 및 표준화, 성과 모니터링·품질관리 · 신사업 발굴 및 추진 새로운 사업 기회 탐색, 사업성 검토, 신규 사업 모델 개발 및 사업화 전략 수립 · 제품 혁신 기획 제품 로드맵 수립, 고객 요구사항 분석, 제품 기획 및 개발 방향성 제시 · 조직 혁신 추진 경영 혁신 과제 발굴, 디지털 트랜스포메이션 추진, 조직 효율성 향상 방안 기획 · 경영진 의사결정 지원 경영 현안 분석, 전략적 이슈 검토, 경영진 보고 및 의사결정 자료 제공 조직 구성 전략기획 회사의 비전과 목표 달성을 위한 중장기 전략을 수립하고, 사업 계획과 성과를 관리합니다. 대표이사를 지원하여 시장과 경쟁사를 분석해 사업 방향을 제시하며, 주요 조직과 협력해 전사 과제의 실행을 조율합니다. 전략기획 · 중장기 전략 및 사업 포트폴리오 전략 수립 · 사업 계획에 대한 모니터링 및 관리 · 기업 개발, 사업 개발 진행 · 조직문화 및 프로세스 혁신 · 사내 프로젝트 제도 운영",,,,,,,,,,,,active,2026-03-05 18:51:52.518161,2026-03-05 18:51:52.518104,True
86,94,인재채용,https://www.m2soft.co.kr/bbs/content.php?co_id=0505recruit#job-1,"인재채용 미래 IT세상을 이끌어갈 최고의 인재를 모집합니다. 지난 20여년간 전자문서·리포팅 솔루션 분야에 독보적인 기술력을 통해 국내 1위의 전자문서·리포팅 솔루션 전문 기업으로 확고히 자리매김한 엠투소프트가 미래 IT세상을 이끌어갈 최고의 인재를 모집합니다. 대한민국 최고의 인재에게 어울리는 대한민국 대표 전자문서·리포팅 솔루션 기업 엠투소프트에 인재 여러분의 많은 지원 바랍니다. 인재모집 모집인원 각 부문별 0명(신입/경력) 모집 부문 연구 개발 C++(MFC), C# Windows App 개발자 Front-End(Javascript/HTML5) 개발자 Back-End(Java/C#) 개발자 Android/iOS App 개발자 Python AI 개발자 기술 사원 DB, SQL 사용 가능자(중급이상 사용자 우대) Web Script Language(ASP,JSP)사용 가능자 Windows C++사용 가능 국내외 영업 IT Solution(S/W)관련 영업 경험자 공통사항 병역필 또는 면제자 해외출장에 결격사유가 없는 자 외국어 가능자 우대(영어/일어/중국어) 관련 자격증 소지자 우대 전형방법 온라인 접수 1차 서류심사(심사 후 합격자에 한하여 개별 면접 통보) 2차 담당 부서장 면접 3차 임원진 면접 모집형태 신입/경력 수시 채용 제출 서류 온라인 접수시 신입/경력 : 이력서, 자기소개서(MS-Word 사용 권장) 면접시 신입 : 졸업증명서, 성적증명서, 자격증 사본 경력 : 경력증명서, 자격증 사본 서류제출처 제출처 : recruit@m2soft.co.kr 홈페이지 : https://www.m2soft.co.kr 문의전화 : 02-2188-8500 (대표) / FAX : 02-2188-8508 본사에 접수된 지원서는 일체 반환되지 않으며, 접수된 자료는 채용 이외의 용도로 활용되지 않습니다.",,,,,,,,,,,,active,2026-03-05 18:51:55.070285,2026-03-05 18:51:55.070268,True
87,105,일반직군 인재풀 | 두나무,https://www.dunamu.com/careers/jobs/338,"채용 함께 만드는 더 가치있는 미래 채용공고 두나무 이야기 채용공고 새로운 미래를 만드는 여정에 함께할 최고의 동료를 찾습니다 일반직군 인재풀 2021.07.26 일반직군 인재풀 등록하기 현재 나에게 맞는 포지션이 없더라도 인재풀에 이력서를 제출해주세요. 희망하시는 포지션 오픈 시 채용팀에서 이력서 확인 후 연락 드릴 수 있도록 하겠습니다. 가까운 시일 내에 두나무의 미래를 함께 만들 수 있는 기회가 열리기를 바랍니다. 기타사항 채용 전형의 모든 과정에 있어 전/현직 직장의 영업 비밀을 침해하지 않도록 유의해 주시기 바랍니다. 이력서는 자유 양식이며, 과거 휴직 사실이 있는 경우 해당 기간과 사유를 상세히 기재해 주시기 바랍니다. 주민번호, 현재 연봉 및 희망 연봉 등의 민감 개인정보는 삭제 또는 마스킹 후 제출해 주시기 바랍니다. 공통 지원자격 해외 여행에 결격 사유가 없으신 분 채용절차 지원서 내용 중 허위사실이 있는 경우에는 지원이 취소될 수 있습니다. 국가 유공자 및 장애인 등 취업 보호 대상자는 관계 법령에 따라 우대합니다. 지원방법 일반직군 인재풀 등록 바로가기 (주민번호, 현재 및 희망 연봉 등의 민감 개인정보는 삭제 후 제출 요망) 문의사항은 jobs@dunamu.com 으로 연락주시기 바랍니다. 두나무 소개 두나무가 이직하기 좋은 기업인 이유 채용공고 보기",,"합니다. 지원방법 일반직군 인재풀 등록 바로가기 (주민번호, 현재 및 희망 연봉 등의 민감 개인정보는 삭제 후 제출 요망) 문의사항은 jobs@dunamu.com 으로 연락주시기 바랍니다. 두나무 소개 두나무가 이직하기 좋은 기업인 이유",,,,,,,,,,active,2026-03-05 18:52:02.409441,2026-03-05 18:52:02.409415,True
88,105,개발직군 인재풀 | 두나무,https://www.dunamu.com/careers/jobs/439,"채용 함께 만드는 더 가치있는 미래 채용공고 두나무 이야기 채용공고 새로운 미래를 만드는 여정에 함께할 최고의 동료를 찾습니다 개발직군 인재풀 2021.11.16 개발직군 인재풀 등록하기 현재 나에게 맞는 포지션이 없더라도 인재풀에 이력서를 제출해주세요. 희망하시는 포지션 오픈 시 채용팀에서 이력서 확인 후 연락 드릴 수 있도록 하겠습니다. 가까운 시일 내에 두나무의 미래를 함께 만들 수 있는 기회가 열리기를 바랍니다. 기타사항 Github, Gitlab, Bit Bucket 등 참고할 만한 링크가 있다면 첨부해 주셔도 좋습니다. 채용 전형의 모든 과정에 있어 전/현직 직장의 영업 비밀을 침해하지 않도록 유의해 주시기 바랍니다. 이력서는 자유 양식이며, 과거 휴직 사실이 있는 경우 해당 기간과 사유를 상세히 기재해 주시기 바랍니다. 주민번호, 현재 연봉 및 희망 연봉 등의 민감 개인정보는 삭제 또는 마스킹 후 제출해 주시기 바랍니다. 공통 지원자격 해외 여행에 결격 사유가 없으신 분 채용절차 지원서 내용 중 허위사실이 있는 경우에는 지원이 취소될 수 있습니다. 국가 유공자 및 장애인 등 취업 보호 대상자는 관계 법령에 따라 우대합니다. 지원방법 개발직군 인재풀 등록 바로가기 (주민번호, 현재 및 희망 연봉 등의 민감 개인정보는 삭제 후 제출 요망) 문의사항은 jobs@dunamu.com 으로 연락주시기 바랍니다. 두나무 소개 두나무가 이직하기 좋은 기업인 이유 채용공고 보기",,"합니다. 지원방법 개발직군 인재풀 등록 바로가기 (주민번호, 현재 및 희망 연봉 등의 민감 개인정보는 삭제 후 제출 요망) 문의사항은 jobs@dunamu.com 으로 연락주시기 바랍니다. 두나무 소개 두나무가 이직하기 좋은 기업인 이유",,,,,,,,,,active,2026-03-05 18:52:02.823620,2026-03-05 18:52:02.823603,True
89,105,개인신용정보보호 변호사 | 두나무,https://www.dunamu.com/careers/jobs/1244,", 문제 해결 과정, 기여 성과/결과 등) 유의사항 이력서는 자유 양식입니다. 재직 이력은 빠짐없이 정확하게 작성해 주시고, 휴직 이력이 있다면 기간과 사유를 구체적으로 기재해 주세요. 채용 과정에서 전/현직 직장의 영업 비밀이 침해되지 않도록 유의해 주세요. 주민번호, 현재 연봉, 희망 연봉 등 민감한 정보는 삭제하거나 마스킹 후 제출해 주세요. 공통 지원자격 해외 여행에 결격 사유가 없으신 분 채용절차 서류전형 → 1차면접 → 티미팅 → 2차면접 → 처우협의 → 최종합격 전형은 상황 및 일정에 따라 변경될 수 있습니다. 지원서 내용 중 허위사실이 있는 경우에는 지원이 취소될 수 있습니다. 국가 유공자 및 장애인 등 취업 보호 대상자는 관계 법령에 따라 우대합니다. 최종 전형 전, 인성검사를 진행합니다. 본 포지션에 합격하시는 경우, 3개월의 수습 기간을 적용합니다. 채용정보 채용인원 : 0명 고용형태 : 정규직 채용유형 : 경력직 근무지역 : 서울시 강남구 테헤란로4길 14, 미림타워 공고기간 : 상시채용 (채용 완료 시 조기에 마감될 수 있습니다.) 지원방법 포지션 지원 바로가기 (주민번호, 현재 및 희망 연봉 등의 민감 개인정보는 삭제 후 제출 요망) 문의사항은 jobs@dunamu.com 으로 연락주시기 바랍니다. 두나무 소개 두나무가 이직하기 좋은 기업인 이유 채용공고 보기","변호사법 제4조에 따른 변호사 자격을 보유하신 분 신용정보법 및 개인정보 보호법에 대한 이해와 실무 적용 능력을 보유하신 분 우대사항 금융회사, IT 기업 또는 유관 부처에서 업무 경험을 보유하신 분 금융분야 대관 업무 경험이 있으신 분 지원서 작성 방법 이력서에는 실제 수행한 프로젝트를 중심으로, 본인의 역할과 기여 내용을 구체적으로 작성해주시기 바랍니다. 프로젝트명이나 결과만 나열하기보다는, 아래 항목을 참고하여 경험의 전반적인 맥락을 전달해 주세요. (예시: 프로젝트 개요, 목적, 팀 구성, 주요 업무, 문제 해결 과정, 기여 성과/결과 등) 유의사항 이력서는 자유 양식입니다. 재직 이력은 빠짐없이 정확하게 작성해 주시고, 휴직 이력이 있다면 기간과 사유를 구체적으로 기재해 주세요. 채용 과정에서 전/현직 직장의 영업 비밀이 침해되지 않도록 유의해 주세요. 주민번호, 현재 연봉, 희망 연봉 등 민감한 정보는 삭제하거나 마스킹 후 제출해 주세요. 공통 지원자격 해외 여행에 결격 사유가 없으신 분 채용절차 서류전형 → 1차면접 → 티미팅 → 2차면접 → 처우협의 → 최종합격 전형은 상황 및 일정에 따라 변경될 수 있습니다. 지원서 내용 중 허위사실이 있는 경우에는 지원이 취소될 수 있습니다. 국가 유공자 및 장애인 등 취업 보호 대상자는 관계 법령에 따라 우대합니다. 최종 전형 전, 인성검사를 진행합니다. 본 포지션에 합격하시는 경우, 3개월의 수습 기간을 적용합니다. 채용정보 채용인원 : 0명 고용형태 : 정규직 채용유형 : 경력직 근무지역 : 서울시 강남구 테헤란로4길 14, 미림타워 공고기간 : 상시채용 (채용 완료 시 조기에 마감될 수 있습니다.) 지원방법 포지션 지원 바로가기 (주민번호, 현재 및 희망 연봉 등의 민감 개인정보는 삭제 후 제출 요망) 문의사항은 jobs@dunamu.com 으로 연락주시기 바랍니다. 두나무 소개 두나무가 이직하기 좋은 기업인 이유","금융회사, IT 기업 또는 유관 부처에서 업무 경험을 보유하신 분 금융분야 대관 업무 경험이 있으신 분 지원서 작성 방법 이력서에는 실제 수행한 프로젝트를 중심으로, 본인의 역할과 기여 내용을 구체적으로 작성해주시기 바랍니다. 프로젝트명이나 결과만 나열하기보다는, 아래 항목을 참고하여 경험의 전반적인 맥락을 전달해 주세요. (예시: 프로젝트 개요, 목적, 팀 구성, 주요 업무, 문제 해결 과정, 기여 성과/결과 등) 유의사항 이력서는 자유 양식입니다. 재직 이력은 빠짐없이 정확하게 작성해 주시고, 휴직 이력이 있다면 기간과 사유를 구체적으로 기재해 주세요. 채용 과정에서 전/현직 직장의 영업 비밀이 침해되지 않도록 유의해 주세요. 주민번호, 현재 연봉, 희망 연봉 등 민감한 정보는 삭제하거나 마스킹 후 제출해 주세요. 공통 지원자격 해외 여행에 결격 사유가 없으신 분 채용절차 서류전형 → 1차면접 → 티미팅 → 2차면접 → 처우협의 → 최종합격 전형은 상황 및 일정에 따라 변경될 수 있습니다. 지원서 내용 중 허위사실이 있는 경우에는 지원이 취소될 수 있습니다. 국가 유공자 및 장애인 등 취업 보호 대상자는 관계 법령에 따라 우대합니다. 최종 전형 전, 인성검사를 진행합니다. 본 포지션에 합격하시는 경우, 3개월의 수습 기간을 적용합니다. 채용정보 채용인원 : 0명 고용형태 : 정규직 채용유형 : 경력직 근무지역 : 서울시 강남구 테헤란로4길 14, 미림타워 공고기간 : 상시채용 (채용 완료 시 조기에 마감될 수 있습니다.) 지원방법 포지션 지원 바로가기 (주민번호, 현재 및 희망 연봉 등의 민감 개인정보는 삭제 후 제출 요망) 문의사항은 jobs@dunamu.com 으로 연락주시기 바랍니다. 두나무 소개 두나무가 이직하기 좋은 기업인 이유",,,,서울,정규직,,,,,active,2026-03-05 18:52:03.102687,2026-03-05 18:52:03.102669,True
90,105,신사업 기획/전략 담당자 | 두나무,https://www.dunamu.com/careers/jobs/1509,", 문제 해결 과정, 기여 성과/결과 등) 유의사항 이력서는 자유 양식입니다. 재직 이력은 빠짐없이 정확하게 작성해 주시고, 휴직 이력이 있다면 기간과 사유를 구체적으로 기재해 주세요. 채용 과정에서 전/현직 직장의 영업 비밀이 침해되지 않도록 유의해 주세요. 주민번호, 현재 연봉, 희망 연봉 등 민감한 정보는 삭제하거나 마스킹 후 제출해 주세요. 공통 지원자격 해외 여행에 결격 사유가 없으신 분 채용절차 서류전형 → 1차면접 → 2차면접 → 처우협의 → 최종합격 전형은 상황 및 일정에 따라 변경될 수 있습니다. 지원서 내용 중 허위사실이 있는 경우에는 지원이 취소될 수 있습니다. 국가 유공자 및 장애인 등 취업 보호 대상자는 관계 법령에 따라 우대합니다. 최종 전형 전, 인성검사를 진행합니다. 본 포지션에 합격하시는 경우, 3개월의 수습 기간을 적용합니다. 채용정보 채용인원 : 0명 고용형태 : 정규직 채용유형 : 경력직 근무지역 : 서울시 서초구 강남대로 369, DF Tower 공고기간 : 상시채용 (채용 완료 시 조기에 마감될 수 있습니다.) 지원방법 포지션 지원 바로가기 (주민번호, 현재 및 희망 연봉 등의 민감 개인정보는 삭제 후 제출 요망) 문의사항은 jobs@dunamu.com 으로 연락주시기 바랍니다. 두나무 소개 두나무가 이직하기 좋은 기업인 이유 채용공고 보기","3년 이상 10년 이하의 관련 업무 경력을 보유하신 분 상위 전략 수립부터 실행(사업개발/프로덕트 런칭/투자 등)까지의 경험이 있거나 이를 경험하고 싶으신 분 생소한 영역도 호기심 있게 분석하고 구조화하여 본인만의 시사점을 도출할 수 있는 분 일을 되게 만드는데 집중하는 팀 플레이어로서, 유연하고 명확한 커뮤니케이션으로 협업을 이끌어낼 수 있는 분 우대사항 전략 컨설팅 또는 IT(핀테크, web3 등) 기업 에서 전략 수립/프로덕트 매니지먼트 경험이 있으신 분 0→1 신규 과제 발굴 또는 1→10 스케일업 성공 사례를 보유하신 분 재무 모델링, 사업성 분석(시장 규모/수익성/밸류에이션 등) 역량을 갖추신 분 제2외국어(영어/일본어 비지니스 수준 커뮤니케이션 역량 우대) 능력 및 해외 근무/거주 경험이 있으신 분 지원서 작성 방법 이력서에는 실제 수행한 프로젝트를 중심으로, 본인의 역할과 기여 내용을 구체적으로 작성해주시기 바랍니다. 프로젝트명이나 결과만 나열하기보다는, 아래 항목을 참고하여 경험의 전반적인 맥락을 전달해 주세요. (예시: 프로젝트 개요, 목적, 팀 구성, 주요 업무, 문제 해결 과정, 기여 성과/결과 등) 유의사항 이력서는 자유 양식입니다. 재직 이력은 빠짐없이 정확하게 작성해 주시고, 휴직 이력이 있다면 기간과 사유를 구체적으로 기재해 주세요. 채용 과정에서 전/현직 직장의 영업 비밀이 침해되지 않도록 유의해 주세요. 주민번호, 현재 연봉, 희망 연봉 등 민감한 정보는 삭제하거나 마스킹 후 제출해 주세요. 공통 지원자격 해외 여행에 결격 사유가 없으신 분 채용절차 서류전형 → 1차면접 → 2차면접 → 처우협의 → 최종합격 전형은 상황 및 일정에 따라 변경될 수 있습니다. 지원서 내용 중 허위사실이 있는 경우에는 지원이 취소될 수 있습니다. 국가 유공자 및 장애인 등 취업 보호 대상자는 관계 법령에 따라 우대합니다. 최종 전형 전, 인성검사를 진행합니다. 본 포지션에 합격하시는 경우, 3개월의 수습 기간을 적용합니다. 채용정보 채용인원 : 0명 고용형태 : 정규직 채용유형 : 경력직 근무지역 : 서울시 서초구 강남대로 369, DF Tower 공고기간 : 상시채용 (채용 완료 시 조기에 마감될 수 있습니다.) 지원방법 포지션 지원 바로가기 (주민번호, 현재 및 희망 연봉 등의 민감 개인정보는 삭제 후 제출 요망) 문의사항은 jobs@dunamu.com 으로 연락주시기 바랍니다. 두나무 소개 두나무가 이직하기 좋은 기업인 이유","전략 컨설팅 또는 IT(핀테크, web3 등) 기업 에서 전략 수립/프로덕트 매니지먼트 경험이 있으신 분 0→1 신규 과제 발굴 또는 1→10 스케일업 성공 사례를 보유하신 분 재무 모델링, 사업성 분석(시장 규모/수익성/밸류에이션 등) 역량을 갖추신 분 제2외국어(영어/일본어 비지니스 수준 커뮤니케이션 역량 우대) 능력 및 해외 근무/거주 경험이 있으신 분 지원서 작성 방법 이력서에는 실제 수행한 프로젝트를 중심으로, 본인의 역할과 기여 내용을 구체적으로 작성해주시기 바랍니다. 프로젝트명이나 결과만 나열하기보다는, 아래 항목을 참고하여 경험의 전반적인 맥락을 전달해 주세요. (예시: 프로젝트 개요, 목적, 팀 구성, 주요 업무, 문제 해결 과정, 기여 성과/결과 등) 유의사항 이력서는 자유 양식입니다. 재직 이력은 빠짐없이 정확하게 작성해 주시고, 휴직 이력이 있다면 기간과 사유를 구체적으로 기재해 주세요. 채용 과정에서 전/현직 직장의 영업 비밀이 침해되지 않도록 유의해 주세요. 주민번호, 현재 연봉, 희망 연봉 등 민감한 정보는 삭제하거나 마스킹 후 제출해 주세요. 공통 지원자격 해외 여행에 결격 사유가 없으신 분 채용절차 서류전형 → 1차면접 → 2차면접 → 처우협의 → 최종합격 전형은 상황 및 일정에 따라 변경될 수 있습니다. 지원서 내용 중 허위사실이 있는 경우에는 지원이 취소될 수 있습니다. 국가 유공자 및 장애인 등 취업 보호 대상자는 관계 법령에 따라 우대합니다. 최종 전형 전, 인성검사를 진행합니다. 본 포지션에 합격하시는 경우, 3개월의 수습 기간을 적용합니다. 채용정보 채용인원 : 0명 고용형태 : 정규직 채용유형 : 경력직 근무지역 : 서울시 서초구 강남대로 369, DF Tower 공고기간 : 상시채용 (채용 완료 시 조기에 마감될 수 있습니다.) 지원방법 포지션 지원 바로가기 (주민번호, 현재 및 희망 연봉 등의 민감 개인정보는 삭제 후 제출 요망) 문의사항은 jobs@dunamu.com 으로 연락주시기 바랍니다. 두나무 소개 두나무가 이직하기 좋은 기업인 이유",,,,서울,정규직,,,,,active,2026-03-05 18:52:03.528583,2026-03-05 18:52:03.528568,True
91,105,정보보호인증 운영 담당자 | 두나무,https://www.dunamu.com/careers/jobs/1547,", 문제 해결 과정, 기여 성과/결과 등) 유의사항 이력서는 자유 양식입니다. 재직 이력은 빠짐없이 정확하게 작성해 주시고, 휴직 이력이 있다면 기간과 사유를 구체적으로 기재해 주세요. 채용 과정에서 전/현직 직장의 영업 비밀이 침해되지 않도록 유의해 주세요. 주민번호, 현재 연봉, 희망 연봉 등 민감한 정보는 삭제하거나 마스킹 후 제출해 주세요. 공통 지원자격 해외 여행에 결격 사유가 없으신 분 채용절차 서류전형 → 1차면접 → 2차면접 → 처우협의 → 최종합격 1차면접 합격 시 실무진과의 커피챗이 진행될 수 있습니다. 전형은 상황 및 일정에 따라 변경될 수 있습니다. 지원서 내용 중 허위사실이 있는 경우에는 지원이 취소될 수 있습니다. 국가 유공자 및 장애인 등 취업 보호 대상자는 관계 법령에 따라 우대합니다. 최종 전형 전, 인성검사를 진행합니다. 본 포지션에 합격하시는 경우, 3개월의 수습 기간을 적용합니다. 채용정보 채용인원 : 0명 고용형태 : 정규직 채용유형 : 경력직 근무지역 : 서울시 강남구 테헤란로4길 14 미림타워 공고기간 : 상시채용 (채용 완료 시 조기에 마감될 수 있습니다.) 지원방법 포지션 지원 바로가기 (주민번호, 현재 및 희망 연봉 등의 민감 개인정보는 삭제 후 제출 요망) 문의사항은 jobs@dunamu.com 으로 연락주시기 바랍니다. 두나무 소개 두나무가 이직하기 좋은 기업인 이유 채용공고 보기","IT/금융회사에서 5년 이상 정보보호 인증 운영 및 Gap 분석, 개선 조치를 주도적으로 수행한 경험이 있으신 분 정보보호 인증 기준의 의도와 목적을 명확히 이해하고, 이를 조직의 특성에 맞게 해석 및 적용할 수 있으신 분 클라우드 환경에서의 서비스 아키텍처를 이해하고, 해당 환경에 최적화된 ISMS 통제 방안을 수립해 본 경험이 있으신 분 우대사항 ISMS-P, ISO 22301 인증 심사원 자격을 보유하신 분 전자금융거래법, 신용정보법, 개인정보보호법에 대한 이해도가 높으신 분 하나 이상의 퍼블릭 클라우드 환경에서 보안 실무 경험을 보유하신 분 지원서 작성 방법 이력서에는 실제 수행한 프로젝트를 중심으로, 본인의 역할과 기여 내용을 구체적으로 작성해주시기 바랍니다. 프로젝트명이나 결과만 나열하기보다는, 아래 항목을 참고하여 경험의 전반적인 맥락을 전달해 주세요. (예시: 프로젝트 개요, 목적, 팀 구성, 주요 업무, 문제 해결 과정, 기여 성과/결과 등) 유의사항 이력서는 자유 양식입니다. 재직 이력은 빠짐없이 정확하게 작성해 주시고, 휴직 이력이 있다면 기간과 사유를 구체적으로 기재해 주세요. 채용 과정에서 전/현직 직장의 영업 비밀이 침해되지 않도록 유의해 주세요. 주민번호, 현재 연봉, 희망 연봉 등 민감한 정보는 삭제하거나 마스킹 후 제출해 주세요. 공통 지원자격 해외 여행에 결격 사유가 없으신 분 채용절차 서류전형 → 1차면접 → 2차면접 → 처우협의 → 최종합격 1차면접 합격 시 실무진과의 커피챗이 진행될 수 있습니다. 전형은 상황 및 일정에 따라 변경될 수 있습니다. 지원서 내용 중 허위사실이 있는 경우에는 지원이 취소될 수 있습니다. 국가 유공자 및 장애인 등 취업 보호 대상자는 관계 법령에 따라 우대합니다. 최종 전형 전, 인성검사를 진행합니다. 본 포지션에 합격하시는 경우, 3개월의 수습 기간을 적용합니다. 채용정보 채용인원 : 0명 고용형태 : 정규직 채용유형 : 경력직 근무지역 : 서울시 강남구 테헤란로4길 14 미림타워 공고기간 : 상시채용 (채용 완료 시 조기에 마감될 수 있습니다.) 지원방법 포지션 지원 바로가기 (주민번호, 현재 및 희망 연봉 등의 민감 개인정보는 삭제 후 제출 요망) 문의사항은 jobs@dunamu.com 으로 연락주시기 바랍니다. 두나무 소개 두나무가 이직하기 좋은 기업인 이유","ISMS-P, ISO 22301 인증 심사원 자격을 보유하신 분 전자금융거래법, 신용정보법, 개인정보보호법에 대한 이해도가 높으신 분 하나 이상의 퍼블릭 클라우드 환경에서 보안 실무 경험을 보유하신 분 지원서 작성 방법 이력서에는 실제 수행한 프로젝트를 중심으로, 본인의 역할과 기여 내용을 구체적으로 작성해주시기 바랍니다. 프로젝트명이나 결과만 나열하기보다는, 아래 항목을 참고하여 경험의 전반적인 맥락을 전달해 주세요. (예시: 프로젝트 개요, 목적, 팀 구성, 주요 업무, 문제 해결 과정, 기여 성과/결과 등) 유의사항 이력서는 자유 양식입니다. 재직 이력은 빠짐없이 정확하게 작성해 주시고, 휴직 이력이 있다면 기간과 사유를 구체적으로 기재해 주세요. 채용 과정에서 전/현직 직장의 영업 비밀이 침해되지 않도록 유의해 주세요. 주민번호, 현재 연봉, 희망 연봉 등 민감한 정보는 삭제하거나 마스킹 후 제출해 주세요. 공통 지원자격 해외 여행에 결격 사유가 없으신 분 채용절차 서류전형 → 1차면접 → 2차면접 → 처우협의 → 최종합격 1차면접 합격 시 실무진과의 커피챗이 진행될 수 있습니다. 전형은 상황 및 일정에 따라 변경될 수 있습니다. 지원서 내용 중 허위사실이 있는 경우에는 지원이 취소될 수 있습니다. 국가 유공자 및 장애인 등 취업 보호 대상자는 관계 법령에 따라 우대합니다. 최종 전형 전, 인성검사를 진행합니다. 본 포지션에 합격하시는 경우, 3개월의 수습 기간을 적용합니다. 채용정보 채용인원 : 0명 고용형태 : 정규직 채용유형 : 경력직 근무지역 : 서울시 강남구 테헤란로4길 14 미림타워 공고기간 : 상시채용 (채용 완료 시 조기에 마감될 수 있습니다.) 지원방법 포지션 지원 바로가기 (주민번호, 현재 및 희망 연봉 등의 민감 개인정보는 삭제 후 제출 요망) 문의사항은 jobs@dunamu.com 으로 연락주시기 바랍니다. 두나무 소개 두나무가 이직하기 좋은 기업인 이유",,,,서울,정규직,,,,,active,2026-03-05 18:52:03.964293,2026-03-05 18:52:03.964275,True
92,105,정보보호 정책 담당자 | 두나무,https://www.dunamu.com/careers/jobs/1558,", 문제 해결 과정, 기여 성과/결과 등) 유의사항 이력서는 자유 양식입니다. 재직 이력은 빠짐없이 정확하게 작성해 주시고, 휴직 이력이 있다면 기간과 사유를 구체적으로 기재해 주세요. 채용 과정에서 전/현직 직장의 영업 비밀이 침해되지 않도록 유의해 주세요. 주민번호, 현재 연봉, 희망 연봉 등 민감한 정보는 삭제하거나 마스킹 후 제출해 주세요. 공통 지원자격 해외 여행에 결격 사유가 없으신 분 채용절차 서류전형 → 1차면접 → 2차면접 → 처우협의 → 최종합격 1차면접 합격 시 실무진과의 커피챗이 진행될 수 있습니다. 전형은 상황 및 일정에 따라 변경될 수 있습니다. 지원서 내용 중 허위사실이 있는 경우에는 지원이 취소될 수 있습니다. 국가 유공자 및 장애인 등 취업 보호 대상자는 관계 법령에 따라 우대합니다. 최종 전형 전, 인성검사를 진행합니다. 본 포지션에 합격하시는 경우, 3개월의 수습 기간을 적용합니다. 채용정보 채용인원 : 0명 고용형태 : 정규직 채용유형 : 경력직 근무지역 : 서울시 강남구 테헤란로4길 14 미림타워 공고기간 : 상시채용 (채용 완료 시 조기에 마감될 수 있습니다.) 지원방법 포지션 지원 바로가기 (주민번호, 현재 및 희망 연봉 등의 민감 개인정보는 삭제 후 제출 요망) 문의사항은 jobs@dunamu.com 으로 연락주시기 바랍니다. 두나무 소개 두나무가 이직하기 좋은 기업인 이유 채용공고 보기","7년 이상의 정보보호 업무 경험 전자금융거래법, 전자금융감독규정 기반 업무 경험이 있으신 분 보고 자료 작성 및 경영진 대면 커뮤니케이션 역량이 뛰어나신 분 우대사항 금융, IT, 가상자산 사업의 기술 트렌드(AI, 클라우드, 컨테이너, WEB3 등)에 대한 이해도가 높으신 분 보안성 검토, 위험평가 또는 자체 보안성 심의 운영 경험이 있으신 분 ISMS-P 인증 심사원, ISO 22301 심사원, CISA 등 유관 자격을 보유하신 분 지원서 작성 방법 이력서에는 실제 수행한 프로젝트를 중심으로, 본인의 역할과 기여 내용을 구체적으로 작성해주시기 바랍니다. 프로젝트명이나 결과만 나열하기보다는, 아래 항목을 참고하여 경험의 전반적인 맥락을 전달해 주세요. (예시: 프로젝트 개요, 목적, 팀 구성, 주요 업무, 문제 해결 과정, 기여 성과/결과 등) 유의사항 이력서는 자유 양식입니다. 재직 이력은 빠짐없이 정확하게 작성해 주시고, 휴직 이력이 있다면 기간과 사유를 구체적으로 기재해 주세요. 채용 과정에서 전/현직 직장의 영업 비밀이 침해되지 않도록 유의해 주세요. 주민번호, 현재 연봉, 희망 연봉 등 민감한 정보는 삭제하거나 마스킹 후 제출해 주세요. 공통 지원자격 해외 여행에 결격 사유가 없으신 분 채용절차 서류전형 → 1차면접 → 2차면접 → 처우협의 → 최종합격 1차면접 합격 시 실무진과의 커피챗이 진행될 수 있습니다. 전형은 상황 및 일정에 따라 변경될 수 있습니다. 지원서 내용 중 허위사실이 있는 경우에는 지원이 취소될 수 있습니다. 국가 유공자 및 장애인 등 취업 보호 대상자는 관계 법령에 따라 우대합니다. 최종 전형 전, 인성검사를 진행합니다. 본 포지션에 합격하시는 경우, 3개월의 수습 기간을 적용합니다. 채용정보 채용인원 : 0명 고용형태 : 정규직 채용유형 : 경력직 근무지역 : 서울시 강남구 테헤란로4길 14 미림타워 공고기간 : 상시채용 (채용 완료 시 조기에 마감될 수 있습니다.) 지원방법 포지션 지원 바로가기 (주민번호, 현재 및 희망 연봉 등의 민감 개인정보는 삭제 후 제출 요망) 문의사항은 jobs@dunamu.com 으로 연락주시기 바랍니다. 두나무 소개 두나무가 이직하기 좋은 기업인 이유","금융, IT, 가상자산 사업의 기술 트렌드(AI, 클라우드, 컨테이너, WEB3 등)에 대한 이해도가 높으신 분 보안성 검토, 위험평가 또는 자체 보안성 심의 운영 경험이 있으신 분 ISMS-P 인증 심사원, ISO 22301 심사원, CISA 등 유관 자격을 보유하신 분 지원서 작성 방법 이력서에는 실제 수행한 프로젝트를 중심으로, 본인의 역할과 기여 내용을 구체적으로 작성해주시기 바랍니다. 프로젝트명이나 결과만 나열하기보다는, 아래 항목을 참고하여 경험의 전반적인 맥락을 전달해 주세요. (예시: 프로젝트 개요, 목적, 팀 구성, 주요 업무, 문제 해결 과정, 기여 성과/결과 등) 유의사항 이력서는 자유 양식입니다. 재직 이력은 빠짐없이 정확하게 작성해 주시고, 휴직 이력이 있다면 기간과 사유를 구체적으로 기재해 주세요. 채용 과정에서 전/현직 직장의 영업 비밀이 침해되지 않도록 유의해 주세요. 주민번호, 현재 연봉, 희망 연봉 등 민감한 정보는 삭제하거나 마스킹 후 제출해 주세요. 공통 지원자격 해외 여행에 결격 사유가 없으신 분 채용절차 서류전형 → 1차면접 → 2차면접 → 처우협의 → 최종합격 1차면접 합격 시 실무진과의 커피챗이 진행될 수 있습니다. 전형은 상황 및 일정에 따라 변경될 수 있습니다. 지원서 내용 중 허위사실이 있는 경우에는 지원이 취소될 수 있습니다. 국가 유공자 및 장애인 등 취업 보호 대상자는 관계 법령에 따라 우대합니다. 최종 전형 전, 인성검사를 진행합니다. 본 포지션에 합격하시는 경우, 3개월의 수습 기간을 적용합니다. 채용정보 채용인원 : 0명 고용형태 : 정규직 채용유형 : 경력직 근무지역 : 서울시 강남구 테헤란로4길 14 미림타워 공고기간 : 상시채용 (채용 완료 시 조기에 마감될 수 있습니다.) 지원방법 포지션 지원 바로가기 (주민번호, 현재 및 희망 연봉 등의 민감 개인정보는 삭제 후 제출 요망) 문의사항은 jobs@dunamu.com 으로 연락주시기 바랍니다. 두나무 소개 두나무가 이직하기 좋은 기업인 이유",,,,서울,정규직,,,,,active,2026-03-05 18:52:04.273326,2026-03-05 18:52:04.273309,True
93,105,Business Analyst (신입 / ~2년 경력) | 두나무,https://www.dunamu.com/careers/jobs/1602,", 문제 해결 과정, 기여 성과/결과 등) 유의사항 이력서는 자유 양식입니다. 재직 이력은 빠짐없이 정확하게 작성해 주시고, 휴직 이력이 있다면 기간과 사유를 구체적으로 기재해 주세요. 채용 과정에서 전/현직 직장의 영업 비밀이 침해되지 않도록 유의해 주세요. 주민번호, 현재 연봉, 희망 연봉 등 민감한 정보는 삭제하거나 마스킹 후 제출해 주세요. 공통 지원자격 해외 여행에 결격 사유가 없으신 분 채용절차 서류전형 → 1차면접 → 2차면접 → 3차면접 → 처우협의 → 최종합격 전형은 상황 및 일정에 따라 변경될 수 있습니다. 지원서 내용 중 허위사실이 있는 경우에는 지원이 취소될 수 있습니다. 국가 유공자 및 장애인 등 취업 보호 대상자는 관계 법령에 따라 우대합니다. 최종 전형 전, 인성검사를 진행합니다. 본 포지션에 합격하시는 경우, 3개월의 수습 기간을 적용합니다. 채용정보 채용인원 : 0명 고용형태 : 계약직 (해당 포지션의 고용형태는 2년 후 계약이 종료되는 계약직이며, 업무 평가 결과에 따라 정규직으로 전환될 수 있습니다.) 채용유형 : 신입/경력직 근무지역 : 서울시 서초구 강남대로 369, DF Tower 공고기간 : 상시채용 (채용 완료 시 조기에 마감될 수 있습니다.) 지원방법 포지션 지원 바로가기 (주민번호, 현재 및 희망 연봉 등의 민감 개인정보는 삭제 후 제출 요망) 문의사항은 jobs@dunamu.com 으로 연락주시기 바랍니다. 두나무 소개 두나무가 이직하기 좋은 기업인 이유 채용공고 보기","연속적으로 풀타임 근무가 가능한 분 (졸업 예정자 포함) 신입 또는 2년 미만의 경력(전략/기획, 컨설팅, IB, VC, 스타트업 등)을 보유하신 분 주도적으로 업무를 이끌어가고, 새로운 영역에 대한 빠른 학습력과 강한 실행 의지를 갖추신 분 다양한 관점에서 이슈를 분석하고, 구조화된 문제 해결 능력을 보유하신 분 자신의 논리를 명확한 언어와 구체적인 자료로 전달하여 타인을 설득할 수 있으신 분 우대사항 전략 컨설팅 펌, IB, VC 또는 대기업 전략실 인턴십 경험이 있으신 분 투자 또는 재테크에 대한 높은 관심과 이해도를 갖추신 분 자본시장, 가상자산 등 금융 산업 전반에 대한 깊은 관심과 투자 경험이 있으신 분 글로벌 리서치 및 협업이 가능한 수준의 영어(또는 제2외국어) 역량을 갖추신 분 지원서 작성 방법 이력서에는 실제 수행한 프로젝트를 중심으로, 본인의 역할과 기여 내용을 구체적으로 작성해주시기 바랍니다. 프로젝트명이나 결과만 나열하기보다는, 아래 항목을 참고하여 경험의 전반적인 맥락을 전달해 주세요. (예시: 프로젝트 개요, 목적, 팀 구성, 주요 업무, 문제 해결 과정, 기여 성과/결과 등) 유의사항 이력서는 자유 양식입니다. 재직 이력은 빠짐없이 정확하게 작성해 주시고, 휴직 이력이 있다면 기간과 사유를 구체적으로 기재해 주세요. 채용 과정에서 전/현직 직장의 영업 비밀이 침해되지 않도록 유의해 주세요. 주민번호, 현재 연봉, 희망 연봉 등 민감한 정보는 삭제하거나 마스킹 후 제출해 주세요. 공통 지원자격 해외 여행에 결격 사유가 없으신 분 채용절차 서류전형 → 1차면접 → 2차면접 → 3차면접 → 처우협의 → 최종합격 전형은 상황 및 일정에 따라 변경될 수 있습니다. 지원서 내용 중 허위사실이 있는 경우에는 지원이 취소될 수 있습니다. 국가 유공자 및 장애인 등 취업 보호 대상자는 관계 법령에 따라 우대합니다. 최종 전형 전, 인성검사를 진행합니다. 본 포지션에 합격하시는 경우, 3개월의 수습 기간을 적용합니다. 채용정보 채용인원 : 0명 고용형태 : 계약직 (해당 포지션의 고용형태는 2년 후 계약이 종료되는 계약직이며, 업무 평가 결과에 따라 정규직으로 전환될 수 있습니다.) 채용유형 : 신입/경력직 근무지역 : 서울시 서초구 강남대로 369, DF Tower 공고기간 : 상시채용 (채용 완료 시 조기에 마감될 수 있습니다.) 지원방법 포지션 지원 바로가기 (주민번호, 현재 및 희망 연봉 등의 민감 개인정보는 삭제 후 제출 요망) 문의사항은 jobs@dunamu.com 으로 연락주시기 바랍니다. 두나무 소개 두나무가 이직하기 좋은 기업인 이유","전략 컨설팅 펌, IB, VC 또는 대기업 전략실 인턴십 경험이 있으신 분 투자 또는 재테크에 대한 높은 관심과 이해도를 갖추신 분 자본시장, 가상자산 등 금융 산업 전반에 대한 깊은 관심과 투자 경험이 있으신 분 글로벌 리서치 및 협업이 가능한 수준의 영어(또는 제2외국어) 역량을 갖추신 분 지원서 작성 방법 이력서에는 실제 수행한 프로젝트를 중심으로, 본인의 역할과 기여 내용을 구체적으로 작성해주시기 바랍니다. 프로젝트명이나 결과만 나열하기보다는, 아래 항목을 참고하여 경험의 전반적인 맥락을 전달해 주세요. (예시: 프로젝트 개요, 목적, 팀 구성, 주요 업무, 문제 해결 과정, 기여 성과/결과 등) 유의사항 이력서는 자유 양식입니다. 재직 이력은 빠짐없이 정확하게 작성해 주시고, 휴직 이력이 있다면 기간과 사유를 구체적으로 기재해 주세요. 채용 과정에서 전/현직 직장의 영업 비밀이 침해되지 않도록 유의해 주세요. 주민번호, 현재 연봉, 희망 연봉 등 민감한 정보는 삭제하거나 마스킹 후 제출해 주세요. 공통 지원자격 해외 여행에 결격 사유가 없으신 분 채용절차 서류전형 → 1차면접 → 2차면접 → 3차면접 → 처우협의 → 최종합격 전형은 상황 및 일정에 따라 변경될 수 있습니다. 지원서 내용 중 허위사실이 있는 경우에는 지원이 취소될 수 있습니다. 국가 유공자 및 장애인 등 취업 보호 대상자는 관계 법령에 따라 우대합니다. 최종 전형 전, 인성검사를 진행합니다. 본 포지션에 합격하시는 경우, 3개월의 수습 기간을 적용합니다. 채용정보 채용인원 : 0명 고용형태 : 계약직 (해당 포지션의 고용형태는 2년 후 계약이 종료되는 계약직이며, 업무 평가 결과에 따라 정규직으로 전환될 수 있습니다.) 채용유형 : 신입/경력직 근무지역 : 서울시 서초구 강남대로 369, DF Tower 공고기간 : 상시채용 (채용 완료 시 조기에 마감될 수 있습니다.) 지원방법 포지션 지원 바로가기 (주민번호, 현재 및 희망 연봉 등의 민감 개인정보는 삭제 후 제출 요망) 문의사항은 jobs@dunamu.com 으로 연락주시기 바랍니다. 두나무 소개 두나무가 이직하기 좋은 기업인 이유",,,,서울,정규직,,,,,active,2026-03-05 18:52:04.615852,2026-03-05 18:52:04.615835,True
94,105,투자전략 팀장 | 두나무,https://www.dunamu.com/careers/jobs/1610,"채용 함께 만드는 더 가치있는 미래 채용공고 두나무 이야기 채용공고 새로운 미래를 만드는 여정에 함께할 최고의 동료를 찾습니다 투자전략 팀장 2026.01.15 조직소개 우리 조직은 전사 전략에서 도출된 투자 아이디어를 실질적인 비즈니스 성과로 전환하는 역할을 수행합니다. 시장과 산업 전반의 변화 속도를 선도하며, 회사의 전략적 니즈에 부합하는 구체적 투자 기회 발굴부터 검토, 구조화, 실행까지의 전 과정을 책임집니다. 특히 가장 빠르게 변화하는 섹터에서도 최전방에서 정보를 탐색하고, 다양한 규모와 형태의 투자 옵션을 폭넓게 검토하여 회사가 미래 성장 동력을 확보할 수 있도록 전략적 인사이트와 실행력을 제공합니다. 주요업무 투자전략의 수립 및 실행(M&A) 산업과 기술에 대한 심도 있는 분석을 통해 전략적 투자 기회 발굴 및 창출 투자 검토 및 실사, 실행 단계에서부터 초기 PMI 기획에 참여 자격요건 만 6~10년의 유관 경력을 보유하신 분 Native 수준의 영어 커뮤니케이션 능력을 보유하신 분 IB, PE 및 전략컨설팅에서 M&A advisory 경험을 보유하신 분 우대사항 미국 변호사 자격증을 보유하신 분 MBA 학위를 보유하신 분 지원서 작성 방법 이력서에는 실제 수행한 프로젝트를 중심으로, 본인의 역할과 기여 내용을 구체적으로 작성해주시기 바랍니다. 유의사항 이력서는 자유 양식입니다. 재직 이력은 빠짐없이 정확하게 작성해 주시고, 휴직 이력이 있다면 기간과 사유를 구체적으로 기재해 주세요. 채용 과정에서 전/현직 직장의 영업 비밀이 침해되지 않도록 유의해 주세요. 주민번호, 현재 연봉, 희망 연봉 등 민감한 정보는 삭제하거나 마스킹 후 제출해 주세요. 공통 지원자격 해외 여행에 결격 사유가 없으신 분 채용절차 서류전형 → 1차면접 → 2차면접 → 처우협의 → 최종합격 1차면접 이후 티미팅이 진행될 수 있습니다. 전형은 상황 및 일정에 따라 변경될 수 있습니다. 지원서 내용 중 허위사실이 있는 경우에는 지원이 취소될 수 있습니다. 국가 유공자 및 장애인 등 취업 보호 대상자는 관계 법령에 따라 우대합니다. 최종 전형 전, 인성검사를 진행합니다. 본 포지션에 합격하시는 경우, 3개월의 수습 기간을 적용합니다. 채용정보 채용인원 : 0명 고용형태 : 정규직 채용유형 : 경력직 근무지역 : 서울시 서초구 강남대로 369, DF Tower 공고기간 : 상시채용 (채용 완료 시 조기에 마감될 수 있습니다.) 지원방법 포지션 지원 바로가기 (주민번호, 현재 및 희망 연봉 등의 민감 개인정보는 삭제 후 제출 요망) 문의사항은 jobs@dunamu.com 으로 연락주시기 바랍니다. 두나무 소개 두나무가 이직하기 좋은 기업인 이유 채용공고 보기","만 6~10년의 유관 경력을 보유하신 분 Native 수준의 영어 커뮤니케이션 능력을 보유하신 분 IB, PE 및 전략컨설팅에서 M&A advisory 경험을 보유하신 분 우대사항 미국 변호사 자격증을 보유하신 분 MBA 학위를 보유하신 분 지원서 작성 방법 이력서에는 실제 수행한 프로젝트를 중심으로, 본인의 역할과 기여 내용을 구체적으로 작성해주시기 바랍니다. 유의사항 이력서는 자유 양식입니다. 재직 이력은 빠짐없이 정확하게 작성해 주시고, 휴직 이력이 있다면 기간과 사유를 구체적으로 기재해 주세요. 채용 과정에서 전/현직 직장의 영업 비밀이 침해되지 않도록 유의해 주세요. 주민번호, 현재 연봉, 희망 연봉 등 민감한 정보는 삭제하거나 마스킹 후 제출해 주세요. 공통 지원자격 해외 여행에 결격 사유가 없으신 분 채용절차 서류전형 → 1차면접 → 2차면접 → 처우협의 → 최종합격 1차면접 이후 티미팅이 진행될 수 있습니다. 전형은 상황 및 일정에 따라 변경될 수 있습니다. 지원서 내용 중 허위사실이 있는 경우에는 지원이 취소될 수 있습니다. 국가 유공자 및 장애인 등 취업 보호 대상자는 관계 법령에 따라 우대합니다. 최종 전형 전, 인성검사를 진행합니다. 본 포지션에 합격하시는 경우, 3개월의 수습 기간을 적용합니다. 채용정보 채용인원 : 0명 고용형태 : 정규직 채용유형 : 경력직 근무지역 : 서울시 서초구 강남대로 369, DF Tower 공고기간 : 상시채용 (채용 완료 시 조기에 마감될 수 있습니다.) 지원방법 포지션 지원 바로가기 (주민번호, 현재 및 희망 연봉 등의 민감 개인정보는 삭제 후 제출 요망) 문의사항은 jobs@dunamu.com 으로 연락주시기 바랍니다. 두나무 소개 두나무가 이직하기 좋은 기업인 이유","미국 변호사 자격증을 보유하신 분 MBA 학위를 보유하신 분 지원서 작성 방법 이력서에는 실제 수행한 프로젝트를 중심으로, 본인의 역할과 기여 내용을 구체적으로 작성해주시기 바랍니다. 유의사항 이력서는 자유 양식입니다. 재직 이력은 빠짐없이 정확하게 작성해 주시고, 휴직 이력이 있다면 기간과 사유를 구체적으로 기재해 주세요. 채용 과정에서 전/현직 직장의 영업 비밀이 침해되지 않도록 유의해 주세요. 주민번호, 현재 연봉, 희망 연봉 등 민감한 정보는 삭제하거나 마스킹 후 제출해 주세요. 공통 지원자격 해외 여행에 결격 사유가 없으신 분 채용절차 서류전형 → 1차면접 → 2차면접 → 처우협의 → 최종합격 1차면접 이후 티미팅이 진행될 수 있습니다. 전형은 상황 및 일정에 따라 변경될 수 있습니다. 지원서 내용 중 허위사실이 있는 경우에는 지원이 취소될 수 있습니다. 국가 유공자 및 장애인 등 취업 보호 대상자는 관계 법령에 따라 우대합니다. 최종 전형 전, 인성검사를 진행합니다. 본 포지션에 합격하시는 경우, 3개월의 수습 기간을 적용합니다. 채용정보 채용인원 : 0명 고용형태 : 정규직 채용유형 : 경력직 근무지역 : 서울시 서초구 강남대로 369, DF Tower 공고기간 : 상시채용 (채용 완료 시 조기에 마감될 수 있습니다.) 지원방법 포지션 지원 바로가기 (주민번호, 현재 및 희망 연봉 등의 민감 개인정보는 삭제 후 제출 요망) 문의사항은 jobs@dunamu.com 으로 연락주시기 바랍니다. 두나무 소개 두나무가 이직하기 좋은 기업인 이유",,,,서울,정규직,,,,,active,2026-03-05 18:52:04.852989,2026-03-05 18:52:04.852975,True
95,105,인사/노무 담당자 | 두나무,https://www.dunamu.com/careers/jobs/1614,"채용 함께 만드는 더 가치있는 미래 채용공고 두나무 이야기 채용공고 새로운 미래를 만드는 여정에 함께할 최고의 동료를 찾습니다 인사/노무 담당자 2026.01.23 조직소개 우리 조직은 비즈니스 임팩트를 극대화하기 위해 각 조직의 인사 전략을 수립합니다. 리더십 그룹과 긴밀하게 커뮤니케이션하여 각 조직에 최적화된 인사환경을 설계하는 것을 목표로 하며, 조직이 필요로 하는 HR Service를 지원할 수 있도록 관련 부서와 협업합니다. 또한, 회사의 비전이 각 조직의 실행 전략으로 전이되어 조직의 구성원들이 몰입하여 업무하고 성과를 낼 수 있도록 Partnering하며, 구성원들이 최상의 퍼포먼스를 낼 수 있도록 입사부터 퇴직까지 전반적인 HR-cycle에서 발생하는 HR 문제에 대하여 적극적인 조언 및 가이드를 제공합니다. 우리 조직에서는 다음과 같은 경험을 할 수 있습니다. 다양한 노무이슈들을 경험하고 해결해나가며 수준 높은 문제해결역량을 함양할 수 있습니다. 비즈니스의 리더십과 소통하고 이슈를 해결해가며 조직최적화를 설계하는 비즈니스 파트너로서의 역량을 키울 수 있습니다. 다양한 전문성을 가진 동료들과 협업하며 조직에 최적화된 인사관리를 위한 전략적 역할을 수행합니다. HR의 특정 기능에 한정되는 것이 아닌, 인사 전 영역을 통합적으로 연계하여 HR의 전반적인 Cycle을 유기적으로 설계하는 통합적 전문성을 습득할 수 있습니다. 주요업무 두나무의 인사/노무 규정을 검토하고 인사위원회를 운영합니다. 근로감독 및 기타 법과 환경의 변화에 기민하게 대응합니다. 성과에 대한 공정한 보상과 피드백이 순환되는 성과 관리 체계를 통해 심리적 안정감 기반의 High-Performance Culture를 설계합니다. 각 조직에서 발생하는 HR 이슈에 대해 전문적인 식견을 바탕으로 즉각적이고 실효성 있는 해결책을 제시합니다. 자격요건 공인노무사 자격증을 보유하신 분 인하우스에서 3~8년의 실무 경험이 있으신 분 다양한 관점에서 문제를 구조적으로 분석하고, 리더십과의 주기적인 소통을 통해 Insight를 도출한 경험이 있으신 분 유연한 커뮤니케이션으로 논리적인 설득 역량을 갖추신 분 우대사항 IT/테크 기업에서 HR업무 경력이 있으신 분 조직의 비즈니스 목표와 Align하여 성과관리를 심도 있게 경험해 보신 분 지원서 작성 방법 이력서에는 실제 수행한 업무 내용을 중심으로, 본인의 역할과 기여 내용을 구체적으로 작성해주시기 바랍니다. 유의사항 이력서는 자유 양식입니다. 재직 이력은 빠짐없이 정확하게 작성해 주시고, 휴직 이력이 있다면 기간과 사유를 구체적으로 기재해 주세요. 채용 과정에서 전/현직 직장의 영업 비밀이 침해되지 않도록 유의해 주세요. 주민번호, 현재 연봉, 희망 연봉 등 민감한 정보는 삭제하거나 마스킹 후 제출해 주세요. 공통 지원자격 해외 여행에 결격 사유가 없으신 분 채용절차 서류전형 → 1차면접 → 2차면접 → 처우협의 → 최종합격 전형은 상황 및 일정에 따라 변경될 수 있습니다. 지원서 내용 중 허위사실이 있는 경우에는 지원이 취소될 수 있습니다. 국가 유공자 및 장애인 등 취업 보호 대상자는 관계 법령에 따라 우대합니다. 최종 전형 전, 인성검사를 진행합니다. 본 포지션에 합격하시는 경우, 3개월의 수습 기간을 적용합니다. 채용정보 채용인원 : 0명 고용형태 : 정규직 채용유형 : 경력직 근무지역 : 서울시 서초구 강남대로 369, DF Tower 공고기간 : 상시채용 (채용 완료 시 조기에 마감될 수 있습니다.) 지원방법 포지션 지원 바로가기 (주민번호, 현재 및 희망 연봉 등의 민감 개인정보는 삭제 후 제출 요망) 문의사항은 jobs@dunamu.com 으로 연락주시기 바랍니다. 두나무 소개 두나무가 이직하기 좋은 기업인 이유 채용공고 보기","공인노무사 자격증을 보유하신 분 인하우스에서 3~8년의 실무 경험이 있으신 분 다양한 관점에서 문제를 구조적으로 분석하고, 리더십과의 주기적인 소통을 통해 Insight를 도출한 경험이 있으신 분 유연한 커뮤니케이션으로 논리적인 설득 역량을 갖추신 분 우대사항 IT/테크 기업에서 HR업무 경력이 있으신 분 조직의 비즈니스 목표와 Align하여 성과관리를 심도 있게 경험해 보신 분 지원서 작성 방법 이력서에는 실제 수행한 업무 내용을 중심으로, 본인의 역할과 기여 내용을 구체적으로 작성해주시기 바랍니다. 유의사항 이력서는 자유 양식입니다. 재직 이력은 빠짐없이 정확하게 작성해 주시고, 휴직 이력이 있다면 기간과 사유를 구체적으로 기재해 주세요. 채용 과정에서 전/현직 직장의 영업 비밀이 침해되지 않도록 유의해 주세요. 주민번호, 현재 연봉, 희망 연봉 등 민감한 정보는 삭제하거나 마스킹 후 제출해 주세요. 공통 지원자격 해외 여행에 결격 사유가 없으신 분 채용절차 서류전형 → 1차면접 → 2차면접 → 처우협의 → 최종합격 전형은 상황 및 일정에 따라 변경될 수 있습니다. 지원서 내용 중 허위사실이 있는 경우에는 지원이 취소될 수 있습니다. 국가 유공자 및 장애인 등 취업 보호 대상자는 관계 법령에 따라 우대합니다. 최종 전형 전, 인성검사를 진행합니다. 본 포지션에 합격하시는 경우, 3개월의 수습 기간을 적용합니다. 채용정보 채용인원 : 0명 고용형태 : 정규직 채용유형 : 경력직 근무지역 : 서울시 서초구 강남대로 369, DF Tower 공고기간 : 상시채용 (채용 완료 시 조기에 마감될 수 있습니다.) 지원방법 포지션 지원 바로가기 (주민번호, 현재 및 희망 연봉 등의 민감 개인정보는 삭제 후 제출 요망) 문의사항은 jobs@dunamu.com 으로 연락주시기 바랍니다. 두나무 소개 두나무가 이직하기 좋은 기업인 이유","IT/테크 기업에서 HR업무 경력이 있으신 분 조직의 비즈니스 목표와 Align하여 성과관리를 심도 있게 경험해 보신 분 지원서 작성 방법 이력서에는 실제 수행한 업무 내용을 중심으로, 본인의 역할과 기여 내용을 구체적으로 작성해주시기 바랍니다. 유의사항 이력서는 자유 양식입니다. 재직 이력은 빠짐없이 정확하게 작성해 주시고, 휴직 이력이 있다면 기간과 사유를 구체적으로 기재해 주세요. 채용 과정에서 전/현직 직장의 영업 비밀이 침해되지 않도록 유의해 주세요. 주민번호, 현재 연봉, 희망 연봉 등 민감한 정보는 삭제하거나 마스킹 후 제출해 주세요. 공통 지원자격 해외 여행에 결격 사유가 없으신 분 채용절차 서류전형 → 1차면접 → 2차면접 → 처우협의 → 최종합격 전형은 상황 및 일정에 따라 변경될 수 있습니다. 지원서 내용 중 허위사실이 있는 경우에는 지원이 취소될 수 있습니다. 국가 유공자 및 장애인 등 취업 보호 대상자는 관계 법령에 따라 우대합니다. 최종 전형 전, 인성검사를 진행합니다. 본 포지션에 합격하시는 경우, 3개월의 수습 기간을 적용합니다. 채용정보 채용인원 : 0명 고용형태 : 정규직 채용유형 : 경력직 근무지역 : 서울시 서초구 강남대로 369, DF Tower 공고기간 : 상시채용 (채용 완료 시 조기에 마감될 수 있습니다.) 지원방법 포지션 지원 바로가기 (주민번호, 현재 및 희망 연봉 등의 민감 개인정보는 삭제 후 제출 요망) 문의사항은 jobs@dunamu.com 으로 연락주시기 바랍니다. 두나무 소개 두나무가 이직하기 좋은 기업인 이유",,,,서울,정규직,,,,,active,2026-03-05 18:52:05.251840,2026-03-05 18:52:05.251822,True
96,105,시니어 인사전략 담당자 | 두나무,https://www.dunamu.com/careers/jobs/1615,"채용 함께 만드는 더 가치있는 미래 채용공고 두나무 이야기 채용공고 새로운 미래를 만드는 여정에 함께할 최고의 동료를 찾습니다 시니어 인사전략 담당자 2026.01.23 조직소개 우리 조직은 비즈니스 임팩트를 극대화하기 위해 각 조직의 인사 전략을 수립합니다. 리더십 그룹과 긴밀하게 커뮤니케이션하여 각 조직에 최적화된 인사환경을 설계하는 것을 목표로 하며, 조직이 필요로 하는 HR Service를 지원할 수 있도록 관련 부서와 협업합니다. 또한, 회사의 비전이 각 조직의 실행 전략으로 전이되어 조직의 구성원들이 몰입하여 업무하고 성과를 낼 수 있도록 Partnering하며, 구성원들이 최상의 퍼포먼스를 낼 수 있도록 입사부터 퇴직까지 전반적인 HR-cycle에서 발생하는 HR 문제에 대하여 적극적인 조언 및 가이드를 제공합니다. 우리 조직에서는 다음과 같은 경험을 할 수 있습니다. 비즈니스의 리더십과 소통하고 이슈를 해결해가며 조직최적화를 설계하는 비즈니스 파트너로서의 역량을 키울 수 있습니다. 다양한 전문성을 가진 동료들과 협업하며 조직에 최적화된 인사관리를 위한 전략적 역할을 수행합니다. HR의 특정 기능에 한정되는 것이 아닌, 인사 전 영역을 통합적으로 연계하여 HR의 전반적인 Cycle을 유기적으로 설계하는 통합적 전문성을 습득할 수 있습니다. 빠르게 변화하는 환경 속에서 조직의 안정적인 운영을 도모하며 높은 수준의 변화관리 경험을 쌓을 수 있습니다 주요업무 각 사업부문의 리더십과 긴밀하게 소통하며 비즈니스 목표와 연계된 HR 로드맵을 구축합니다. 성과에 대한 공정한 보상과 피드백이 순환되는 성과 관리 체계를 통해 심리적 안정감 기반의 High-Performance Culture를 설계합니다. Data와 구성원 인터뷰 등을 통해 조직의 상태를 진단하고, 조직의 문제점을 확인 및 개선합니다. 각 조직에서 발생하는 HR 이슈에 대해 전문적인 식견을 바탕으로 즉각적이고 실효성 있는 Tailored HR Solution을 제시합니다. 각 조직의 특수성과 비즈니스 사이클을 고려하여 필요한 HR 니즈를 파악하고 지원합니다. 자격요건 인사 각 분야 (채용, 보상, 성과관리, 노무, 기획 등)에서 총 8년 이상의 실무 경력 보유하신 분 HRBP 업무 또는 비즈니스 조직과 밀착된 인사업무를 3년 이상 경험하신 분 조직의 비즈니스 목표와 Align하여 성과관리를 심도 있게 경험하고, 전문적인 이해 수준을 갖추신 분 다양한 관점에서 문제를 구조적으로 분석하고, 리더십과의 주기적인 소통을 통해 Insight를 도출한 경험이 있는 분 우대사항 IT/테크 기업에서 HRBP 업무 경력이 있으신 분 지원서 작성 방법 이력서에는 실제 수행한 업무 내용을 중심으로, 본인의 역할과 기여 내용을 구체적으로 작성해주시기 바랍니다. 유의사항 이력서는 자유 양식입니다. 재직 이력은 빠짐없이 정확하게 작성해 주시고, 휴직 이력이 있다면 기간과 사유를 구체적으로 기재해 주세요. 채용 과정에서 전/현직 직장의 영업 비밀이 침해되지 않도록 유의해 주세요. 주민번호, 현재 연봉, 희망 연봉 등 민감한 정보는 삭제하거나 마스킹 후 제출해 주세요. 공통 지원자격 해외 여행에 결격 사유가 없으신 분 채용절차 서류전형 → 1차면접 → 2차면접 → 처우협의 → 최종합격 전형은 상황 및 일정에 따라 변경될 수 있습니다. 지원서 내용 중 허위사실이 있는 경우에는 지원이 취소될 수 있습니다. 국가 유공자 및 장애인 등 취업 보호 대상자는 관계 법령에 따라 우대합니다. 최종 전형 전, 인성검사를 진행합니다. 본 포지션에 합격하시는 경우, 3개월의 수습 기간을 적용합니다. 채용정보 채용인원 : 0명 고용형태 : 정규직 채용유형 : 경력직 근무지역 : 서울시 서초구 강남대로 369, DF Tower 공고기간 : 상시채용 (채용 완료 시 조기에 마감될 수 있습니다.) 지원방법 포지션 지원 바로가기 (주민번호, 현재 및 희망 연봉 등의 민감 개인정보는 삭제 후 제출 요망) 문의사항은 jobs@dunamu.com 으로 연락주시기 바랍니다. 두나무 소개 두나무가 이직하기 좋은 기업인 이유 채용공고 보기","인사 각 분야 (채용, 보상, 성과관리, 노무, 기획 등)에서 총 8년 이상의 실무 경력 보유하신 분 HRBP 업무 또는 비즈니스 조직과 밀착된 인사업무를 3년 이상 경험하신 분 조직의 비즈니스 목표와 Align하여 성과관리를 심도 있게 경험하고, 전문적인 이해 수준을 갖추신 분 다양한 관점에서 문제를 구조적으로 분석하고, 리더십과의 주기적인 소통을 통해 Insight를 도출한 경험이 있는 분 우대사항 IT/테크 기업에서 HRBP 업무 경력이 있으신 분 지원서 작성 방법 이력서에는 실제 수행한 업무 내용을 중심으로, 본인의 역할과 기여 내용을 구체적으로 작성해주시기 바랍니다. 유의사항 이력서는 자유 양식입니다. 재직 이력은 빠짐없이 정확하게 작성해 주시고, 휴직 이력이 있다면 기간과 사유를 구체적으로 기재해 주세요. 채용 과정에서 전/현직 직장의 영업 비밀이 침해되지 않도록 유의해 주세요. 주민번호, 현재 연봉, 희망 연봉 등 민감한 정보는 삭제하거나 마스킹 후 제출해 주세요. 공통 지원자격 해외 여행에 결격 사유가 없으신 분 채용절차 서류전형 → 1차면접 → 2차면접 → 처우협의 → 최종합격 전형은 상황 및 일정에 따라 변경될 수 있습니다. 지원서 내용 중 허위사실이 있는 경우에는 지원이 취소될 수 있습니다. 국가 유공자 및 장애인 등 취업 보호 대상자는 관계 법령에 따라 우대합니다. 최종 전형 전, 인성검사를 진행합니다. 본 포지션에 합격하시는 경우, 3개월의 수습 기간을 적용합니다. 채용정보 채용인원 : 0명 고용형태 : 정규직 채용유형 : 경력직 근무지역 : 서울시 서초구 강남대로 369, DF Tower 공고기간 : 상시채용 (채용 완료 시 조기에 마감될 수 있습니다.) 지원방법 포지션 지원 바로가기 (주민번호, 현재 및 희망 연봉 등의 민감 개인정보는 삭제 후 제출 요망) 문의사항은 jobs@dunamu.com 으로 연락주시기 바랍니다. 두나무 소개 두나무가 이직하기 좋은 기업인 이유","IT/테크 기업에서 HRBP 업무 경력이 있으신 분 지원서 작성 방법 이력서에는 실제 수행한 업무 내용을 중심으로, 본인의 역할과 기여 내용을 구체적으로 작성해주시기 바랍니다. 유의사항 이력서는 자유 양식입니다. 재직 이력은 빠짐없이 정확하게 작성해 주시고, 휴직 이력이 있다면 기간과 사유를 구체적으로 기재해 주세요. 채용 과정에서 전/현직 직장의 영업 비밀이 침해되지 않도록 유의해 주세요. 주민번호, 현재 연봉, 희망 연봉 등 민감한 정보는 삭제하거나 마스킹 후 제출해 주세요. 공통 지원자격 해외 여행에 결격 사유가 없으신 분 채용절차 서류전형 → 1차면접 → 2차면접 → 처우협의 → 최종합격 전형은 상황 및 일정에 따라 변경될 수 있습니다. 지원서 내용 중 허위사실이 있는 경우에는 지원이 취소될 수 있습니다. 국가 유공자 및 장애인 등 취업 보호 대상자는 관계 법령에 따라 우대합니다. 최종 전형 전, 인성검사를 진행합니다. 본 포지션에 합격하시는 경우, 3개월의 수습 기간을 적용합니다. 채용정보 채용인원 : 0명 고용형태 : 정규직 채용유형 : 경력직 근무지역 : 서울시 서초구 강남대로 369, DF Tower 공고기간 : 상시채용 (채용 완료 시 조기에 마감될 수 있습니다.) 지원방법 포지션 지원 바로가기 (주민번호, 현재 및 희망 연봉 등의 민감 개인정보는 삭제 후 제출 요망) 문의사항은 jobs@dunamu.com 으로 연락주시기 바랍니다. 두나무 소개 두나무가 이직하기 좋은 기업인 이유",,,,서울,정규직,,,,,active,2026-03-05 18:52:05.678113,2026-03-05 18:52:05.678096,True
97,105,개인정보 점검 담당자 | 두나무,https://www.dunamu.com/careers/jobs/1616,", 문제 해결 과정, 기여 성과/결과 등) 유의사항 이력서는 자유 양식입니다. 재직 이력은 빠짐없이 정확하게 작성해 주시고, 휴직 이력이 있다면 기간과 사유를 구체적으로 기재해 주세요. 채용 과정에서 전/현직 직장의 영업 비밀이 침해되지 않도록 유의해 주세요. 주민번호, 현재 연봉, 희망 연봉 등 민감한 정보는 삭제하거나 마스킹 후 제출해 주세요. 공통 지원자격 해외 여행에 결격 사유가 없으신 분 채용절차 서류전형 → 1차면접 → 2차면접 → 처우협의 → 최종합격 1차면접 합격 시 실무진과의 티미팅이 진행될 수 있습니다. 전형은 상황 및 일정에 따라 변경될 수 있습니다. 지원서 내용 중 허위사실이 있는 경우에는 지원이 취소될 수 있습니다. 국가 유공자 및 장애인 등 취업 보호 대상자는 관계 법령에 따라 우대합니다. 최종 전형 전, 인성검사를 진행합니다. 본 포지션에 합격하시는 경우, 3개월의 수습 기간을 적용합니다. 채용정보 채용인원 : 0명 고용형태 : 정규직 채용유형 : 경력직 근무지역 : 서울시 강남구 테헤란로4길 14 미림타워 공고기간 : 상시채용 (채용 완료 시 조기에 마감될 수 있습니다.) 지원방법 포지션 지원 바로가기 (주민번호, 현재 및 희망 연봉 등의 민감 개인정보는 삭제 후 제출 요망) 문의사항은 jobs@dunamu.com 으로 연락주시기 바랍니다. 두나무 소개 두나무가 이직하기 좋은 기업인 이유 채용공고 보기","3년 이상의 신용정보법 및 개인정보 보호법 기반 업무 경험이 있으신 분 SQL 쿼리 기반 개인정보 적재 현황을 점검하고 위험을 식별할 수 있으신 분 유관 부서 및 수탁사에 점검 결과를 논리적으로 전달하고 실질적인 개선을 이끌어 낼 수 있으신 분 우대사항 클라우드, 네트워크, DB 등 인프라에 대한 이해를 바탕으로 데이터 흐름 기반 점검을 수행할 수 있으신 분 가명정보 처리 실무 경험 및 비식별 적정성 평가 경험이 있으신 분 지원서 작성 방법 이력서에는 실제 수행한 프로젝트를 중심으로, 본인의 역할과 기여 내용을 구체적으로 작성해주시기 바랍니다. 프로젝트명이나 결과만 나열하기보다는, 아래 항목을 참고하여 경험의 전반적인 맥락을 전달해 주세요. (예시: 프로젝트 개요, 목적, 팀 구성, 주요 업무, 문제 해결 과정, 기여 성과/결과 등) 유의사항 이력서는 자유 양식입니다. 재직 이력은 빠짐없이 정확하게 작성해 주시고, 휴직 이력이 있다면 기간과 사유를 구체적으로 기재해 주세요. 채용 과정에서 전/현직 직장의 영업 비밀이 침해되지 않도록 유의해 주세요. 주민번호, 현재 연봉, 희망 연봉 등 민감한 정보는 삭제하거나 마스킹 후 제출해 주세요. 공통 지원자격 해외 여행에 결격 사유가 없으신 분 채용절차 서류전형 → 1차면접 → 2차면접 → 처우협의 → 최종합격 1차면접 합격 시 실무진과의 티미팅이 진행될 수 있습니다. 전형은 상황 및 일정에 따라 변경될 수 있습니다. 지원서 내용 중 허위사실이 있는 경우에는 지원이 취소될 수 있습니다. 국가 유공자 및 장애인 등 취업 보호 대상자는 관계 법령에 따라 우대합니다. 최종 전형 전, 인성검사를 진행합니다. 본 포지션에 합격하시는 경우, 3개월의 수습 기간을 적용합니다. 채용정보 채용인원 : 0명 고용형태 : 정규직 채용유형 : 경력직 근무지역 : 서울시 강남구 테헤란로4길 14 미림타워 공고기간 : 상시채용 (채용 완료 시 조기에 마감될 수 있습니다.) 지원방법 포지션 지원 바로가기 (주민번호, 현재 및 희망 연봉 등의 민감 개인정보는 삭제 후 제출 요망) 문의사항은 jobs@dunamu.com 으로 연락주시기 바랍니다. 두나무 소개 두나무가 이직하기 좋은 기업인 이유","클라우드, 네트워크, DB 등 인프라에 대한 이해를 바탕으로 데이터 흐름 기반 점검을 수행할 수 있으신 분 가명정보 처리 실무 경험 및 비식별 적정성 평가 경험이 있으신 분 지원서 작성 방법 이력서에는 실제 수행한 프로젝트를 중심으로, 본인의 역할과 기여 내용을 구체적으로 작성해주시기 바랍니다. 프로젝트명이나 결과만 나열하기보다는, 아래 항목을 참고하여 경험의 전반적인 맥락을 전달해 주세요. (예시: 프로젝트 개요, 목적, 팀 구성, 주요 업무, 문제 해결 과정, 기여 성과/결과 등) 유의사항 이력서는 자유 양식입니다. 재직 이력은 빠짐없이 정확하게 작성해 주시고, 휴직 이력이 있다면 기간과 사유를 구체적으로 기재해 주세요. 채용 과정에서 전/현직 직장의 영업 비밀이 침해되지 않도록 유의해 주세요. 주민번호, 현재 연봉, 희망 연봉 등 민감한 정보는 삭제하거나 마스킹 후 제출해 주세요. 공통 지원자격 해외 여행에 결격 사유가 없으신 분 채용절차 서류전형 → 1차면접 → 2차면접 → 처우협의 → 최종합격 1차면접 합격 시 실무진과의 티미팅이 진행될 수 있습니다. 전형은 상황 및 일정에 따라 변경될 수 있습니다. 지원서 내용 중 허위사실이 있는 경우에는 지원이 취소될 수 있습니다. 국가 유공자 및 장애인 등 취업 보호 대상자는 관계 법령에 따라 우대합니다. 최종 전형 전, 인성검사를 진행합니다. 본 포지션에 합격하시는 경우, 3개월의 수습 기간을 적용합니다. 채용정보 채용인원 : 0명 고용형태 : 정규직 채용유형 : 경력직 근무지역 : 서울시 강남구 테헤란로4길 14 미림타워 공고기간 : 상시채용 (채용 완료 시 조기에 마감될 수 있습니다.) 지원방법 포지션 지원 바로가기 (주민번호, 현재 및 희망 연봉 등의 민감 개인정보는 삭제 후 제출 요망) 문의사항은 jobs@dunamu.com 으로 연락주시기 바랍니다. 두나무 소개 두나무가 이직하기 좋은 기업인 이유",,,,서울,정규직,,,,,active,2026-03-05 18:52:06.017852,2026-03-05 18:52:06.017836,True
98,105,Backend Engineer_업비트 거래소 개발 | 두나무,https://www.dunamu.com/careers/jobs/1623,", 문제 해결 과정, 기여 성과/결과 등) Github, GitLab, Bitbucket 등의 개인 프로젝트나 포트폴리오가 있다면 함께 첨부해 주세요. 실무 경험과 역량을 이해하는 데 도움이 됩니다. 유의사항 이력서는 자유 양식입니다. 재직 이력은 빠짐없이 정확하게 작성해 주시고, 휴직 이력이 있다면 기간과 사유를 구체적으로 기재해 주세요. 채용 과정에서 전/현직 직장의 영업 비밀이 침해되지 않도록 유의해 주세요. 주민번호, 현재 연봉, 희망 연봉 등 민감한 정보는 삭제하거나 마스킹 후 제출해 주세요. 공통 지원자격 해외 여행에 결격 사유가 없으신 분 채용절차 서류전형 → 전화인터뷰 → 1차면접 → 2차면접 → 처우협의 → 최종합격 전형은 상황 및 일정에 따라 변경될 수 있습니다. 지원서 내용 중 허위사실이 있는 경우에는 지원이 취소될 수 있습니다. 국가 유공자 및 장애인 등 취업 보호 대상자는 관계 법령에 따라 우대합니다. 최종 전형 전, 인성검사를 진행합니다. 본 포지션에 합격하시는 경우, 3개월의 수습 기간을 적용합니다. 채용정보 채용인원 : 0명 고용형태 : 정규직 채용유형 : 경력직 근무지역 : 서울시 서초구 강남대로 369, DF Tower 공고기간 : 상시채용 (채용 완료 시 조기에 마감될 수 있습니다.) 지원방법 포지션 지원 바로가기 (주민번호, 현재 및 희망 연봉 등의 민감 개인정보는 삭제 후 제출 요망) 문의사항은 jobs@dunamu.com 으로 연락주시기 바랍니다. 두나무 소개 두나무가 이직하기 좋은 기업인 이유 채용공고 보기","대고객 서비스의 백엔드 설계 및 개발, 운영 경험이 7년 이상 있으신 분 Spring(Kotlin/Java) 프레임워크를 이용한 개발 경험이 5년 이상 있으신 분 Ruby, Python 등 스크립트 언어에 익숙하거나 거부감이 없으신 분 마이크로 서비스 아키텍처를 이용하여 높은 가용성, 안정성이 필요한 서비스를 개발하고 운영한 경험이 있으신 분 Kafka 또는 메시지 큐를 사용한 이벤트 기반 아키텍처를 고민하고 설계한 경험이 있으신 분 인프라 레이어(OS, 데이터베이스, 네트워크 등)에 대한 전공자 수준의 이해가 있으신 분 AWS, Kubernetes 등 클라우드 · 분산 인프라 환경에 대한 실무 경험과 이해가 있으신 분 서비스 안정성을 높이기 위한 테스트 코드 작성에 적극적인 분 우대사항 핀테크 혹은 금융 분야 종사 경험이 있으신 분 서비스의 성능 한계를 겪고 이를 해결하기 위해 벤치마크, 프로파일링을 통해 현상을 분석하고 개선한 경험이 있으신 분 상황에 맞는 새로운 기술을 빠르게 습득하여 문제 해결에 사용하고 공유하는 것을 즐기시는 분 개발 조직 뿐만 아니라 서비스를 함께 만들어나가는 회사 내 모든 조직의 중요성을 인지하고, 긍정적인 자세로 커뮤니케이션을 이끌어나갈 수 있으신 분 제로 트러스트 모델에 따라 시스템 내외부 보안 위협을 고민하고 선제적으로 대비하는 사고가 가능하신 분 지원서 작성 방법 이력서에는 실제 경험한 프로젝트를 필수로 기재해 주셔야 하며, 본인의 역할과 기여 내용을 구체적으로 작성해주시기 바랍니다. 프로젝트명이나 결과만 나열하기보다는, 아래 항목을 참고하여 경험의 전반적인 맥락을 전달해 주세요. (예시: 프로젝트 개요, 목적, 팀 구성, 주요 업무, 문제 해결 과정, 기여 성과/결과 등) Github, GitLab, Bitbucket 등의 개인 프로젝트나 포트폴리오가 있다면 함께 첨부해 주세요. 실무 경험과 역량을 이해하는 데 도움이 됩니다. 유의사항 이력서는 자유 양식입니다. 재직 이력은 빠짐없이 정확하게 작성해 주시고, 휴직 이력이 있다면 기간과 사유를 구체적으로 기재해 주세요. 채용 과정에서 전/현직 직장의 영업 비밀이 침해되지 않도록 유의해 주세요. 주민번호, 현재 연봉, 희망 연봉 등 민감한 정보는 삭제하거나 마스킹 후 제출해 주세요. 공통 지원자격 해외 여행에 결격 사유가 없으신 분 채용절차 서류전형 → 전화인터뷰 → 1차면접 → 2차면접 → 처우협의 → 최종합격 전형은 상황 및 일정에 따라 변경될 수 있습니다. 지원서 내용 중 허위사실이 있는 경우에는 지원이 취소될 수 있습니다. 국가 유공자 및 장애인 등 취업 보호 대상자는 관계 법령에 따라 우대합니다. 최종 전형 전, 인성검사를 진행합니다. 본 포지션에 합격하시는 경우, 3개월의 수습 기간을 적용합니다. 채용정보 채용인원 : 0명 고용형태 : 정규직 채용유형 : 경력직 근무지역 : 서울시 서초구 강남대로 369, DF Tower 공고기간 : 상시채용 (채용 완료 시 조기에 마감될 수 있습니다.) 지원방법 포지션 지원 바로가기 (주민번호, 현재 및 희망 연봉 등의 민감 개인정보는 삭제 후 제출 요망) 문의사항은 jobs@dunamu.com 으로 연락주시기 바랍니다. 두나무 소개 두나무가 이직하기 좋은 기업인 이유","핀테크 혹은 금융 분야 종사 경험이 있으신 분 서비스의 성능 한계를 겪고 이를 해결하기 위해 벤치마크, 프로파일링을 통해 현상을 분석하고 개선한 경험이 있으신 분 상황에 맞는 새로운 기술을 빠르게 습득하여 문제 해결에 사용하고 공유하는 것을 즐기시는 분 개발 조직 뿐만 아니라 서비스를 함께 만들어나가는 회사 내 모든 조직의 중요성을 인지하고, 긍정적인 자세로 커뮤니케이션을 이끌어나갈 수 있으신 분 제로 트러스트 모델에 따라 시스템 내외부 보안 위협을 고민하고 선제적으로 대비하는 사고가 가능하신 분 지원서 작성 방법 이력서에는 실제 경험한 프로젝트를 필수로 기재해 주셔야 하며, 본인의 역할과 기여 내용을 구체적으로 작성해주시기 바랍니다. 프로젝트명이나 결과만 나열하기보다는, 아래 항목을 참고하여 경험의 전반적인 맥락을 전달해 주세요. (예시: 프로젝트 개요, 목적, 팀 구성, 주요 업무, 문제 해결 과정, 기여 성과/결과 등) Github, GitLab, Bitbucket 등의 개인 프로젝트나 포트폴리오가 있다면 함께 첨부해 주세요. 실무 경험과 역량을 이해하는 데 도움이 됩니다. 유의사항 이력서는 자유 양식입니다. 재직 이력은 빠짐없이 정확하게 작성해 주시고, 휴직 이력이 있다면 기간과 사유를 구체적으로 기재해 주세요. 채용 과정에서 전/현직 직장의 영업 비밀이 침해되지 않도록 유의해 주세요. 주민번호, 현재 연봉, 희망 연봉 등 민감한 정보는 삭제하거나 마스킹 후 제출해 주세요. 공통 지원자격 해외 여행에 결격 사유가 없으신 분 채용절차 서류전형 → 전화인터뷰 → 1차면접 → 2차면접 → 처우협의 → 최종합격 전형은 상황 및 일정에 따라 변경될 수 있습니다. 지원서 내용 중 허위사실이 있는 경우에는 지원이 취소될 수 있습니다. 국가 유공자 및 장애인 등 취업 보호 대상자는 관계 법령에 따라 우대합니다. 최종 전형 전, 인성검사를 진행합니다. 본 포지션에 합격하시는 경우, 3개월의 수습 기간을 적용합니다. 채용정보 채용인원 : 0명 고용형태 : 정규직 채용유형 : 경력직 근무지역 : 서울시 서초구 강남대로 369, DF Tower 공고기간 : 상시채용 (채용 완료 시 조기에 마감될 수 있습니다.) 지원방법 포지션 지원 바로가기 (주민번호, 현재 및 희망 연봉 등의 민감 개인정보는 삭제 후 제출 요망) 문의사항은 jobs@dunamu.com 으로 연락주시기 바랍니다. 두나무 소개 두나무가 이직하기 좋은 기업인 이유",,,,서울,정규직,,,,,active,2026-03-05 18:52:06.394124,2026-03-05 18:52:06.394106,True
99,105,Backend Engineer_업비트 회원 서비스 개발 | 두나무,https://www.dunamu.com/careers/jobs/1624,", 문제 해결 과정, 기여 성과/결과 등) Github, GitLab, Bitbucket 등의 개인 프로젝트나 포트폴리오가 있다면 함께 첨부해 주세요. 실무 경험과 역량을 이해하는 데 도움이 됩니다. 유의사항 이력서는 자유 양식입니다. 재직 이력은 빠짐없이 정확하게 작성해 주시고, 휴직 이력이 있다면 기간과 사유를 구체적으로 기재해 주세요. 채용 과정에서 전/현직 직장의 영업 비밀이 침해되지 않도록 유의해 주세요. 주민번호, 현재 연봉, 희망 연봉 등 민감한 정보는 삭제하거나 마스킹 후 제출해 주세요. 공통 지원자격 해외 여행에 결격 사유가 없으신 분 채용절차 서류전형 → 전화인터뷰 → 1차면접 → 2차면접 → 처우협의 → 최종합격 전형은 상황 및 일정에 따라 변경될 수 있습니다. 지원서 내용 중 허위사실이 있는 경우에는 지원이 취소될 수 있습니다. 국가 유공자 및 장애인 등 취업 보호 대상자는 관계 법령에 따라 우대합니다. 최종 전형 전, 인성검사를 진행합니다. 본 포지션에 합격하시는 경우, 3개월의 수습 기간을 적용합니다. 채용정보 채용인원 : 0명 고용형태 : 정규직 채용유형 : 경력직 근무지역 : 서울시 서초구 강남대로 369, DF Tower 공고기간 : 상시채용 (채용 완료 시 조기에 마감될 수 있습니다.) 지원방법 포지션 지원 바로가기 (주민번호, 현재 및 희망 연봉 등의 민감 개인정보는 삭제 후 제출 요망) 문의사항은 jobs@dunamu.com 으로 연락주시기 바랍니다. 두나무 소개 두나무가 이직하기 좋은 기업인 이유 채용공고 보기","6년 이상의 백엔드 개발 경력을 보유하신 분 5년 이상의 Spring Framework(Kotlin/Java) 개발 경력을 보유하신 분 서비스를 개발하고 운영하며 지속적으로 서비스를 개선해본 경험이 있으신 분 다양한 스크립트 언어를 사용하시는데 익숙하신 분 비정형적인 요구사항을 구체화하고, 구조화하여 해결할 수 있는 커뮤니케이션 및 문제해결 역량을 보유하신 분 주도적으로 업무를 진행하고 책임감 있으신 분 우대사항 고가용, 대량 트래픽 처리를 필요로 하는 서비스를 개발, 운영해 본 경험이 있으신 분 Spring Framework, JVM, OS, Network 등 모니터링, 트러블슈팅, 성능튜닝 경험이 있으신 분 RDBMS에 대한 높은 이해도와 SQL 트러블슈팅, 튜닝 경험 경험이 있으신 분 클라우드 환경에서 개발, 서비스 운영 경험이 있으신 분 (AWS, Docker, Kubernetes) DDD, TDD등 클린 아키텍쳐에 관심이 많으신 분 계정 및 인증관련 개발 경험이 있으신 분 지원서 작성 방법 이력서에는 실제 수행한 프로젝트를 중심으로, 본인의 역할과 기여 내용을 구체적으로 작성해주시기 바랍니다. 프로젝트명이나 결과만 나열하기보다는, 아래 항목을 참고하여 경험의 전반적인 맥락을 전달해 주세요. (예시: 프로젝트 개요, 목적, 팀 구성, 주요 업무, 문제 해결 과정, 기여 성과/결과 등) Github, GitLab, Bitbucket 등의 개인 프로젝트나 포트폴리오가 있다면 함께 첨부해 주세요. 실무 경험과 역량을 이해하는 데 도움이 됩니다. 유의사항 이력서는 자유 양식입니다. 재직 이력은 빠짐없이 정확하게 작성해 주시고, 휴직 이력이 있다면 기간과 사유를 구체적으로 기재해 주세요. 채용 과정에서 전/현직 직장의 영업 비밀이 침해되지 않도록 유의해 주세요. 주민번호, 현재 연봉, 희망 연봉 등 민감한 정보는 삭제하거나 마스킹 후 제출해 주세요. 공통 지원자격 해외 여행에 결격 사유가 없으신 분 채용절차 서류전형 → 전화인터뷰 → 1차면접 → 2차면접 → 처우협의 → 최종합격 전형은 상황 및 일정에 따라 변경될 수 있습니다. 지원서 내용 중 허위사실이 있는 경우에는 지원이 취소될 수 있습니다. 국가 유공자 및 장애인 등 취업 보호 대상자는 관계 법령에 따라 우대합니다. 최종 전형 전, 인성검사를 진행합니다. 본 포지션에 합격하시는 경우, 3개월의 수습 기간을 적용합니다. 채용정보 채용인원 : 0명 고용형태 : 정규직 채용유형 : 경력직 근무지역 : 서울시 서초구 강남대로 369, DF Tower 공고기간 : 상시채용 (채용 완료 시 조기에 마감될 수 있습니다.) 지원방법 포지션 지원 바로가기 (주민번호, 현재 및 희망 연봉 등의 민감 개인정보는 삭제 후 제출 요망) 문의사항은 jobs@dunamu.com 으로 연락주시기 바랍니다. 두나무 소개 두나무가 이직하기 좋은 기업인 이유","고가용, 대량 트래픽 처리를 필요로 하는 서비스를 개발, 운영해 본 경험이 있으신 분 Spring Framework, JVM, OS, Network 등 모니터링, 트러블슈팅, 성능튜닝 경험이 있으신 분 RDBMS에 대한 높은 이해도와 SQL 트러블슈팅, 튜닝 경험 경험이 있으신 분 클라우드 환경에서 개발, 서비스 운영 경험이 있으신 분 (AWS, Docker, Kubernetes) DDD, TDD등 클린 아키텍쳐에 관심이 많으신 분 계정 및 인증관련 개발 경험이 있으신 분 지원서 작성 방법 이력서에는 실제 수행한 프로젝트를 중심으로, 본인의 역할과 기여 내용을 구체적으로 작성해주시기 바랍니다. 프로젝트명이나 결과만 나열하기보다는, 아래 항목을 참고하여 경험의 전반적인 맥락을 전달해 주세요. (예시: 프로젝트 개요, 목적, 팀 구성, 주요 업무, 문제 해결 과정, 기여 성과/결과 등) Github, GitLab, Bitbucket 등의 개인 프로젝트나 포트폴리오가 있다면 함께 첨부해 주세요. 실무 경험과 역량을 이해하는 데 도움이 됩니다. 유의사항 이력서는 자유 양식입니다. 재직 이력은 빠짐없이 정확하게 작성해 주시고, 휴직 이력이 있다면 기간과 사유를 구체적으로 기재해 주세요. 채용 과정에서 전/현직 직장의 영업 비밀이 침해되지 않도록 유의해 주세요. 주민번호, 현재 연봉, 희망 연봉 등 민감한 정보는 삭제하거나 마스킹 후 제출해 주세요. 공통 지원자격 해외 여행에 결격 사유가 없으신 분 채용절차 서류전형 → 전화인터뷰 → 1차면접 → 2차면접 → 처우협의 → 최종합격 전형은 상황 및 일정에 따라 변경될 수 있습니다. 지원서 내용 중 허위사실이 있는 경우에는 지원이 취소될 수 있습니다. 국가 유공자 및 장애인 등 취업 보호 대상자는 관계 법령에 따라 우대합니다. 최종 전형 전, 인성검사를 진행합니다. 본 포지션에 합격하시는 경우, 3개월의 수습 기간을 적용합니다. 채용정보 채용인원 : 0명 고용형태 : 정규직 채용유형 : 경력직 근무지역 : 서울시 서초구 강남대로 369, DF Tower 공고기간 : 상시채용 (채용 완료 시 조기에 마감될 수 있습니다.) 지원방법 포지션 지원 바로가기 (주민번호, 현재 및 희망 연봉 등의 민감 개인정보는 삭제 후 제출 요망) 문의사항은 jobs@dunamu.com 으로 연락주시기 바랍니다. 두나무 소개 두나무가 이직하기 좋은 기업인 이유",,,,서울,정규직,,,,,active,2026-03-05 18:52:06.850696,2026-03-05 18:52:06.850681,True
100,105,Frontend Engineer_블록체인 기반 신규 서비스 개발 | 두나무,https://www.dunamu.com/careers/jobs/1625,"채용 함께 만드는 더 가치있는 미래 채용공고 두나무 이야기 채용공고 새로운 미래를 만드는 여정에 함께할 최고의 동료를 찾습니다 Frontend Engineer_블록체인 기반 신규 서비스 개발 2026.02.11 조직소개 우리 조직은 블록체인 기반 신규 서비스 연구·개발을 수행하고 있습니다. 우리 조직에서는 아래와 같은 경험을 할 수 있습니다. 블록체인 기술을 더 쉽고, 안전하며, 사용자 친화적인 경험으로 풀어내는 것에 진심입니다. Web3 기반 서비스의 사용자 경험(UX) 설계 및 개선 프로젝트에 주도적으로 참여합니다. 초기 기획 단계부터 서비스 출시까지 전 과정을 함께하며 제품 중심의 개발 문화를 경험할 수 있습니다. 단일 프로덕트에 국한되지 않고, Web3 기술을 활용한 다양한 프로젝트를 기획·실행하며 폭넓은 경험을 쌓을 수 있습니다. 자율성과 책임감을 바탕으로 다양한 직군과의 밀접한 협업을 통해 빠르게 성장할 수 있습니다. 주요업무 블록체인 관련 신규 서비스 클라이언트 개발 사용 기술 typescript, react, reactnative, nextjs, vite react-query, apollo client, redux, zustand jest, vitest, detox, playwright emotion, styled-component pnpm, yarn Github Action 자격요건 1-7년의 프론트엔드 개발 경험을 보유하신 분 블록체인과 웹/앱 기술에 관심이 많은 분 Typescript, React 등으로 서비스 개발 경험이 있으신 분 스타일링 라이브러리(Emotion, Styled-component, Tailwindcss 등)의 경험이 있으신 분 다양한 직군과 유연하게 협업과 커뮤니케이션이 가능하신 분 우대사항 TypeScript, Flow 등 정적 타입 분석 도구 사용 경험이 있으신 분 객체지향방법(OOP)을 활용해서 작업한 경험이 있으신 분 블록체인 관련 서비스 개발 경험이 있으신 분 다양한 api 통신 형태(REST, GraphQL, JSON-RPC 등)에 맞춰 클라이언트를 개발해보신 분 협업을 통해 제품을 온전히 개발하고 출시, 운영해 본 경험이 있으신 분 스스로 문제를 찾아내고 정의하여 이를 해결하려는 능동적인 태도를 갖추신 분 개발 문화(리팩토링, 코드 리뷰, 테스트 코드 등)를 만들어가는데 관심이 있는 분 Unix-like OS 상에서의 개발 경험이 있으신 분 지원서 작성 방법 이력서에는 실제 수행한 프로젝트를 중심으로, 본인의 역할과 기여 내용을 구체적으로 작성해주시기 바랍니다. 프로젝트명이나 결과만 나열하기보다는, 아래 항목을 참고하여 경험의 전반적인 맥락을 전달해 주세요. (예시: 팀프로젝트 진행 시 어려웠던 점과 이를 해결해나가는 과정 등) Github, GitLab, Bitbucket 등의 개인 프로젝트나 포트폴리오가 있다면 함께 첨부해 주세요. 실무 경험과 역량을 이해하는 데 도움이 됩니다. 유의사항 이력서는 자유 양식입니다. 재직 이력은 빠짐없이 정확하게 작성해 주시고, 휴직 이력이 있다면 기간과 사유를 구체적으로 기재해 주세요. 채용 과정에서 전/현직 직장의 영업 비밀이 침해되지 않도록 유의해 주세요. 주민번호, 현재 연봉, 희망 연봉 등 민감한 정보는 삭제하거나 마스킹 후 제출해 주세요. 공통 지원자격 해외 여행에 결격 사유가 없으신 분 채용절차 서류전형 → 사전과제 → 전화 인터뷰 → 1차면접 → 2차면접 → 처우협의 → 최종합격 전형은 상황 및 일정에 따라 변경될 수 있습니다. 지원서 내용 중 허위사실이 있는 경우에는 지원이 취소될 수 있습니다. 국가 유공자 및 장애인 등 취업 보호 대상자는 관계 법령에 따라 우대합니다. 최종 전형 전, 인성검사를 진행합니다. 본 포지션에 합격하시는 경우, 3개월의 수습 기간을 적용합니다. 채용정보 채용인원 : 0명 고용형태 : 정규직 채용유형 : 경력직 근무지역 : 서울시 서초구 강남대로 369, DF Tower 공고기간 : 상시채용 (채용 완료 시 조기에 마감될 수 있습니다.) 지원방법 포지션 지원 바로가기 (주민번호, 현재 및 희망 연봉 등의 민감 개인정보는 삭제 후 제출 요망) 문의사항은 jobs@dunamu.com 으로 연락주시기 바랍니다. 두나무 소개 두나무가 이직하기 좋은 기업인 이유 채용공고 보기","1-7년의 프론트엔드 개발 경험을 보유하신 분 블록체인과 웹/앱 기술에 관심이 많은 분 Typescript, React 등으로 서비스 개발 경험이 있으신 분 스타일링 라이브러리(Emotion, Styled-component, Tailwindcss 등)의 경험이 있으신 분 다양한 직군과 유연하게 협업과 커뮤니케이션이 가능하신 분 우대사항 TypeScript, Flow 등 정적 타입 분석 도구 사용 경험이 있으신 분 객체지향방법(OOP)을 활용해서 작업한 경험이 있으신 분 블록체인 관련 서비스 개발 경험이 있으신 분 다양한 api 통신 형태(REST, GraphQL, JSON-RPC 등)에 맞춰 클라이언트를 개발해보신 분 협업을 통해 제품을 온전히 개발하고 출시, 운영해 본 경험이 있으신 분 스스로 문제를 찾아내고 정의하여 이를 해결하려는 능동적인 태도를 갖추신 분 개발 문화(리팩토링, 코드 리뷰, 테스트 코드 등)를 만들어가는데 관심이 있는 분 Unix-like OS 상에서의 개발 경험이 있으신 분 지원서 작성 방법 이력서에는 실제 수행한 프로젝트를 중심으로, 본인의 역할과 기여 내용을 구체적으로 작성해주시기 바랍니다. 프로젝트명이나 결과만 나열하기보다는, 아래 항목을 참고하여 경험의 전반적인 맥락을 전달해 주세요. (예시: 팀프로젝트 진행 시 어려웠던 점과 이를 해결해나가는 과정 등) Github, GitLab, Bitbucket 등의 개인 프로젝트나 포트폴리오가 있다면 함께 첨부해 주세요. 실무 경험과 역량을 이해하는 데 도움이 됩니다. 유의사항 이력서는 자유 양식입니다. 재직 이력은 빠짐없이 정확하게 작성해 주시고, 휴직 이력이 있다면 기간과 사유를 구체적으로 기재해 주세요. 채용 과정에서 전/현직 직장의 영업 비밀이 침해되지 않도록 유의해 주세요. 주민번호, 현재 연봉, 희망 연봉 등 민감한 정보는 삭제하거나 마스킹 후 제출해 주세요. 공통 지원자격 해외 여행에 결격 사유가 없으신 분 채용절차 서류전형 → 사전과제 → 전화 인터뷰 → 1차면접 → 2차면접 → 처우협의 → 최종합격 전형은 상황 및 일정에 따라 변경될 수 있습니다. 지원서 내용 중 허위사실이 있는 경우에는 지원이 취소될 수 있습니다. 국가 유공자 및 장애인 등 취업 보호 대상자는 관계 법령에 따라 우대합니다. 최종 전형 전, 인성검사를 진행합니다. 본 포지션에 합격하시는 경우, 3개월의 수습 기간을 적용합니다. 채용정보 채용인원 : 0명 고용형태 : 정규직 채용유형 : 경력직 근무지역 : 서울시 서초구 강남대로 369, DF Tower 공고기간 : 상시채용 (채용 완료 시 조기에 마감될 수 있습니다.) 지원방법 포지션 지원 바로가기 (주민번호, 현재 및 희망 연봉 등의 민감 개인정보는 삭제 후 제출 요망) 문의사항은 jobs@dunamu.com 으로 연락주시기 바랍니다. 두나무 소개 두나무가 이직하기 좋은 기업인 이유","TypeScript, Flow 등 정적 타입 분석 도구 사용 경험이 있으신 분 객체지향방법(OOP)을 활용해서 작업한 경험이 있으신 분 블록체인 관련 서비스 개발 경험이 있으신 분 다양한 api 통신 형태(REST, GraphQL, JSON-RPC 등)에 맞춰 클라이언트를 개발해보신 분 협업을 통해 제품을 온전히 개발하고 출시, 운영해 본 경험이 있으신 분 스스로 문제를 찾아내고 정의하여 이를 해결하려는 능동적인 태도를 갖추신 분 개발 문화(리팩토링, 코드 리뷰, 테스트 코드 등)를 만들어가는데 관심이 있는 분 Unix-like OS 상에서의 개발 경험이 있으신 분 지원서 작성 방법 이력서에는 실제 수행한 프로젝트를 중심으로, 본인의 역할과 기여 내용을 구체적으로 작성해주시기 바랍니다. 프로젝트명이나 결과만 나열하기보다는, 아래 항목을 참고하여 경험의 전반적인 맥락을 전달해 주세요. (예시: 팀프로젝트 진행 시 어려웠던 점과 이를 해결해나가는 과정 등) Github, GitLab, Bitbucket 등의 개인 프로젝트나 포트폴리오가 있다면 함께 첨부해 주세요. 실무 경험과 역량을 이해하는 데 도움이 됩니다. 유의사항 이력서는 자유 양식입니다. 재직 이력은 빠짐없이 정확하게 작성해 주시고, 휴직 이력이 있다면 기간과 사유를 구체적으로 기재해 주세요. 채용 과정에서 전/현직 직장의 영업 비밀이 침해되지 않도록 유의해 주세요. 주민번호, 현재 연봉, 희망 연봉 등 민감한 정보는 삭제하거나 마스킹 후 제출해 주세요. 공통 지원자격 해외 여행에 결격 사유가 없으신 분 채용절차 서류전형 → 사전과제 → 전화 인터뷰 → 1차면접 → 2차면접 → 처우협의 → 최종합격 전형은 상황 및 일정에 따라 변경될 수 있습니다. 지원서 내용 중 허위사실이 있는 경우에는 지원이 취소될 수 있습니다. 국가 유공자 및 장애인 등 취업 보호 대상자는 관계 법령에 따라 우대합니다. 최종 전형 전, 인성검사를 진행합니다. 본 포지션에 합격하시는 경우, 3개월의 수습 기간을 적용합니다. 채용정보 채용인원 : 0명 고용형태 : 정규직 채용유형 : 경력직 근무지역 : 서울시 서초구 강남대로 369, DF Tower 공고기간 : 상시채용 (채용 완료 시 조기에 마감될 수 있습니다.) 지원방법 포지션 지원 바로가기 (주민번호, 현재 및 희망 연봉 등의 민감 개인정보는 삭제 후 제출 요망) 문의사항은 jobs@dunamu.com 으로 연락주시기 바랍니다. 두나무 소개 두나무가 이직하기 좋은 기업인 이유",,,,서울,정규직,,,,,active,2026-03-05 18:52:07.084391,2026-03-05 18:52:07.084377,True
101,105,Frontend Engineer_차트 프레임워크 개발 | 두나무,https://www.dunamu.com/careers/jobs/1626,", 문제 해결 과정, 기여 성과/결과 등) Github, GitLab, Bitbucket 등의 개인 프로젝트나 포트폴리오가 있다면 함께 첨부해 주세요. 실무 경험과 역량을 이해하는 데 도움이 됩니다. 유의사항 이력서는 자유 양식입니다. 재직 이력은 빠짐없이 정확하게 작성해 주시고, 휴직 이력이 있다면 기간과 사유를 구체적으로 기재해 주세요. 채용 과정에서 전/현직 직장의 영업 비밀이 침해되지 않도록 유의해 주세요. 주민번호, 현재 연봉, 희망 연봉 등 민감한 정보는 삭제하거나 마스킹 후 제출해 주세요. 공통 지원자격 해외 여행에 결격 사유가 없으신 분 채용절차 서류전형 → 사전과제 → 1차면접 → 2차면접 → 처우협의 → 최종합격 전형은 상황 및 일정에 따라 변경될 수 있습니다. 지원서 내용 중 허위사실이 있는 경우에는 지원이 취소될 수 있습니다. 국가 유공자 및 장애인 등 취업 보호 대상자는 관계 법령에 따라 우대합니다. 최종 전형 전, 인성검사를 진행합니다. 본 포지션에 합격하시는 경우, 3개월의 수습 기간을 적용합니다. 채용정보 채용인원 : 0명 고용형태 : 정규직 채용유형 : 경력직 근무지역 : 서울시 서초구 강남대로 369, DF Tower 공고기간 : 상시채용 (채용 완료 시 조기에 마감될 수 있습니다.) 지원방법 포지션 지원 바로가기 (주민번호, 현재 및 희망 연봉 등의 민감 개인정보는 삭제 후 제출 요망) 문의사항은 jobs@dunamu.com 으로 연락주시기 바랍니다. 두나무 소개 두나무가 이직하기 좋은 기업인 이유 채용공고 보기","5년 이상의 프론트엔드 개발/운영 경험 혹은 이에 준하는 역량을 보유하신 분 JavaScript, TypeScript에 대한 깊은 이해가 있으신 분 OOP 기반의 모듈 설계 경험이 있으신 분 다양한 브라우저 환경에 대응한 경험이 있으신 분 GitHub 기반의 코드 리뷰 등을 통한 협업이 원활하신 분 우대사항 고성능 차트/그래픽 처리 경험(Canvas, WebGL)이 있으신 분 라이브러리나 솔루션 형태 제품의 아키텍처를 설계하고 구현해본 경험이 있으신 분 라이브러리 형태의 제품을 개발 또는 배포한 경험이 있으신 분 트레이딩 관련 도메인 이해도가 있으신 분 Unit 테스트, Visual 테스트, E2E 테스트 등의 경험이 풍부하신 분 기술적 의사결정에 대한 자유로운 의견 교류에 거부감이 없으신 분 다양한 직군과 유연하게 협업 및 커뮤니케이션이 가능하신 분 지원서 작성 방법 이력서에는 실제 경험한 프로젝트를 필수로 기재해 주셔야 하며, 본인의 역할과 기여 내용을 구체적으로 작성해주시기 바랍니다. 프로젝트명이나 결과만 나열하기보다는, 아래 항목을 참고하여 경험의 전반적인 맥락을 전달해 주세요. (예시: 프로젝트 개요, 목적, 팀 구성, 주요 업무, 문제 해결 과정, 기여 성과/결과 등) Github, GitLab, Bitbucket 등의 개인 프로젝트나 포트폴리오가 있다면 함께 첨부해 주세요. 실무 경험과 역량을 이해하는 데 도움이 됩니다. 유의사항 이력서는 자유 양식입니다. 재직 이력은 빠짐없이 정확하게 작성해 주시고, 휴직 이력이 있다면 기간과 사유를 구체적으로 기재해 주세요. 채용 과정에서 전/현직 직장의 영업 비밀이 침해되지 않도록 유의해 주세요. 주민번호, 현재 연봉, 희망 연봉 등 민감한 정보는 삭제하거나 마스킹 후 제출해 주세요. 공통 지원자격 해외 여행에 결격 사유가 없으신 분 채용절차 서류전형 → 사전과제 → 1차면접 → 2차면접 → 처우협의 → 최종합격 전형은 상황 및 일정에 따라 변경될 수 있습니다. 지원서 내용 중 허위사실이 있는 경우에는 지원이 취소될 수 있습니다. 국가 유공자 및 장애인 등 취업 보호 대상자는 관계 법령에 따라 우대합니다. 최종 전형 전, 인성검사를 진행합니다. 본 포지션에 합격하시는 경우, 3개월의 수습 기간을 적용합니다. 채용정보 채용인원 : 0명 고용형태 : 정규직 채용유형 : 경력직 근무지역 : 서울시 서초구 강남대로 369, DF Tower 공고기간 : 상시채용 (채용 완료 시 조기에 마감될 수 있습니다.) 지원방법 포지션 지원 바로가기 (주민번호, 현재 및 희망 연봉 등의 민감 개인정보는 삭제 후 제출 요망) 문의사항은 jobs@dunamu.com 으로 연락주시기 바랍니다. 두나무 소개 두나무가 이직하기 좋은 기업인 이유","고성능 차트/그래픽 처리 경험(Canvas, WebGL)이 있으신 분 라이브러리나 솔루션 형태 제품의 아키텍처를 설계하고 구현해본 경험이 있으신 분 라이브러리 형태의 제품을 개발 또는 배포한 경험이 있으신 분 트레이딩 관련 도메인 이해도가 있으신 분 Unit 테스트, Visual 테스트, E2E 테스트 등의 경험이 풍부하신 분 기술적 의사결정에 대한 자유로운 의견 교류에 거부감이 없으신 분 다양한 직군과 유연하게 협업 및 커뮤니케이션이 가능하신 분 지원서 작성 방법 이력서에는 실제 경험한 프로젝트를 필수로 기재해 주셔야 하며, 본인의 역할과 기여 내용을 구체적으로 작성해주시기 바랍니다. 프로젝트명이나 결과만 나열하기보다는, 아래 항목을 참고하여 경험의 전반적인 맥락을 전달해 주세요. (예시: 프로젝트 개요, 목적, 팀 구성, 주요 업무, 문제 해결 과정, 기여 성과/결과 등) Github, GitLab, Bitbucket 등의 개인 프로젝트나 포트폴리오가 있다면 함께 첨부해 주세요. 실무 경험과 역량을 이해하는 데 도움이 됩니다. 유의사항 이력서는 자유 양식입니다. 재직 이력은 빠짐없이 정확하게 작성해 주시고, 휴직 이력이 있다면 기간과 사유를 구체적으로 기재해 주세요. 채용 과정에서 전/현직 직장의 영업 비밀이 침해되지 않도록 유의해 주세요. 주민번호, 현재 연봉, 희망 연봉 등 민감한 정보는 삭제하거나 마스킹 후 제출해 주세요. 공통 지원자격 해외 여행에 결격 사유가 없으신 분 채용절차 서류전형 → 사전과제 → 1차면접 → 2차면접 → 처우협의 → 최종합격 전형은 상황 및 일정에 따라 변경될 수 있습니다. 지원서 내용 중 허위사실이 있는 경우에는 지원이 취소될 수 있습니다. 국가 유공자 및 장애인 등 취업 보호 대상자는 관계 법령에 따라 우대합니다. 최종 전형 전, 인성검사를 진행합니다. 본 포지션에 합격하시는 경우, 3개월의 수습 기간을 적용합니다. 채용정보 채용인원 : 0명 고용형태 : 정규직 채용유형 : 경력직 근무지역 : 서울시 서초구 강남대로 369, DF Tower 공고기간 : 상시채용 (채용 완료 시 조기에 마감될 수 있습니다.) 지원방법 포지션 지원 바로가기 (주민번호, 현재 및 희망 연봉 등의 민감 개인정보는 삭제 후 제출 요망) 문의사항은 jobs@dunamu.com 으로 연락주시기 바랍니다. 두나무 소개 두나무가 이직하기 좋은 기업인 이유",,,,서울,정규직,,,,,active,2026-03-05 18:52:07.341526,2026-03-05 18:52:07.341508,True
102,105,Web Frontend Engineer_증권플러스 서비스 개발 | 두나무,https://www.dunamu.com/careers/jobs/1627,", 문제 해결 과정, 기여 성과/결과 등) Github, GitLab, Bitbucket 등의 개인 프로젝트나 포트폴리오가 있다면 함께 첨부해 주세요. 실무 경험과 역량을 이해하는 데 도움이 됩니다. 유의사항 이력서는 자유 양식입니다. 재직 이력은 빠짐없이 정확하게 작성해 주시고, 휴직 이력이 있다면 기간과 사유를 구체적으로 기재해 주세요. 채용 과정에서 전/현직 직장의 영업 비밀이 침해되지 않도록 유의해 주세요. 주민번호, 현재 연봉, 희망 연봉 등 민감한 정보는 삭제하거나 마스킹 후 제출해 주세요. 공통 지원자격 해외 여행에 결격 사유가 없으신 분 채용절차 서류전형 → 사전과제 → 1차면접 → 2차면접 및 3차면접 → 처우협의 → 최종합격 2차면접과 3차면접은 동일한 일자에 진행합니다. 전형은 상황 및 일정에 따라 변경될 수 있습니다. 지원서 내용 중 허위사실이 있는 경우에는 지원이 취소될 수 있습니다. 국가 유공자 및 장애인 등 취업 보호 대상자는 관계 법령에 따라 우대합니다. 최종 전형 전, 인성검사를 진행합니다. 본 포지션에 합격하시는 경우, 3개월의 수습 기간을 적용합니다. 채용정보 채용인원 : 0명 고용형태 : 정규직 채용유형 : 경력직 근무지역 : 서울시 서초구 강남대로 369, DF Tower 공고기간 : 상시채용 (채용 완료 시 조기에 마감될 수 있습니다.) 지원방법 포지션 지원 바로가기 (주민번호, 현재 및 희망 연봉 등의 민감 개인정보는 삭제 후 제출 요망) 문의사항은 jobs@dunamu.com 으로 연락주시기 바랍니다. 두나무 소개 두나무가 이직하기 좋은 기업인 이유 채용공고 보기","프론트엔드 개발 경력 5년 이상 서비스를 구축하고 운영한 경험이 있으신 분 React, Next.js, Typescript 등을 활용하여 확장 가능한 시스템 설계 및 개발이 가능하신 분 WebView(In-App) 환경에서 동작하는 웹 어플리케이션을 개발한 경험이 있으신 분 제품/서비스 방향성과 요구사항에 대해 다양한 직군과 협업 경험이 있으신 분 사용자 경험을 고려한 UI 구현 및 성능 개선에 대한 관심과 경험이 있으신 분 기술적인 선택과 구현 내용에 대해 합리적인 근거를 바탕으로 설명하고 논의할 수 있는 커뮤니케이션 역량을 갖추신 분 우대사항 AWS, Kubernetes 등 클라우드 인프라에 대한 이해와 운영 경험이 있으신 분 프론트엔드 성능 최적화 혹은 라이브러리화를 통한 생산성 향상에 기여한 경험이 있으신 분 SSR/CSR/ISR 등 다양한 렌더링 전략에 대한 깊은 이해와 서비스 적용 경험이 있으신 분 코드 품질 및 개발 생산성 향상을 위한 도구, 규칙, 워크플로우 개선 경험이 있으신 분 지원서 작성 방법 이력서에는 실제 경험한 프로젝트를 필수로 기재해 주셔야 하며, 본인의 역할과 기여 내용을 구체적으로 작성해주시기 바랍니다. 프로젝트명이나 결과만 나열하기보다는, 아래 항목을 참고하여 경험의 전반적인 맥락을 전달해 주세요. (예시: 프로젝트 개요, 목적, 팀 구성, 주요 업무, 문제 해결 과정, 기여 성과/결과 등) Github, GitLab, Bitbucket 등의 개인 프로젝트나 포트폴리오가 있다면 함께 첨부해 주세요. 실무 경험과 역량을 이해하는 데 도움이 됩니다. 유의사항 이력서는 자유 양식입니다. 재직 이력은 빠짐없이 정확하게 작성해 주시고, 휴직 이력이 있다면 기간과 사유를 구체적으로 기재해 주세요. 채용 과정에서 전/현직 직장의 영업 비밀이 침해되지 않도록 유의해 주세요. 주민번호, 현재 연봉, 희망 연봉 등 민감한 정보는 삭제하거나 마스킹 후 제출해 주세요. 공통 지원자격 해외 여행에 결격 사유가 없으신 분 채용절차 서류전형 → 사전과제 → 1차면접 → 2차면접 및 3차면접 → 처우협의 → 최종합격 2차면접과 3차면접은 동일한 일자에 진행합니다. 전형은 상황 및 일정에 따라 변경될 수 있습니다. 지원서 내용 중 허위사실이 있는 경우에는 지원이 취소될 수 있습니다. 국가 유공자 및 장애인 등 취업 보호 대상자는 관계 법령에 따라 우대합니다. 최종 전형 전, 인성검사를 진행합니다. 본 포지션에 합격하시는 경우, 3개월의 수습 기간을 적용합니다. 채용정보 채용인원 : 0명 고용형태 : 정규직 채용유형 : 경력직 근무지역 : 서울시 서초구 강남대로 369, DF Tower 공고기간 : 상시채용 (채용 완료 시 조기에 마감될 수 있습니다.) 지원방법 포지션 지원 바로가기 (주민번호, 현재 및 희망 연봉 등의 민감 개인정보는 삭제 후 제출 요망) 문의사항은 jobs@dunamu.com 으로 연락주시기 바랍니다. 두나무 소개 두나무가 이직하기 좋은 기업인 이유","AWS, Kubernetes 등 클라우드 인프라에 대한 이해와 운영 경험이 있으신 분 프론트엔드 성능 최적화 혹은 라이브러리화를 통한 생산성 향상에 기여한 경험이 있으신 분 SSR/CSR/ISR 등 다양한 렌더링 전략에 대한 깊은 이해와 서비스 적용 경험이 있으신 분 코드 품질 및 개발 생산성 향상을 위한 도구, 규칙, 워크플로우 개선 경험이 있으신 분 지원서 작성 방법 이력서에는 실제 경험한 프로젝트를 필수로 기재해 주셔야 하며, 본인의 역할과 기여 내용을 구체적으로 작성해주시기 바랍니다. 프로젝트명이나 결과만 나열하기보다는, 아래 항목을 참고하여 경험의 전반적인 맥락을 전달해 주세요. (예시: 프로젝트 개요, 목적, 팀 구성, 주요 업무, 문제 해결 과정, 기여 성과/결과 등) Github, GitLab, Bitbucket 등의 개인 프로젝트나 포트폴리오가 있다면 함께 첨부해 주세요. 실무 경험과 역량을 이해하는 데 도움이 됩니다. 유의사항 이력서는 자유 양식입니다. 재직 이력은 빠짐없이 정확하게 작성해 주시고, 휴직 이력이 있다면 기간과 사유를 구체적으로 기재해 주세요. 채용 과정에서 전/현직 직장의 영업 비밀이 침해되지 않도록 유의해 주세요. 주민번호, 현재 연봉, 희망 연봉 등 민감한 정보는 삭제하거나 마스킹 후 제출해 주세요. 공통 지원자격 해외 여행에 결격 사유가 없으신 분 채용절차 서류전형 → 사전과제 → 1차면접 → 2차면접 및 3차면접 → 처우협의 → 최종합격 2차면접과 3차면접은 동일한 일자에 진행합니다. 전형은 상황 및 일정에 따라 변경될 수 있습니다. 지원서 내용 중 허위사실이 있는 경우에는 지원이 취소될 수 있습니다. 국가 유공자 및 장애인 등 취업 보호 대상자는 관계 법령에 따라 우대합니다. 최종 전형 전, 인성검사를 진행합니다. 본 포지션에 합격하시는 경우, 3개월의 수습 기간을 적용합니다. 채용정보 채용인원 : 0명 고용형태 : 정규직 채용유형 : 경력직 근무지역 : 서울시 서초구 강남대로 369, DF Tower 공고기간 : 상시채용 (채용 완료 시 조기에 마감될 수 있습니다.) 지원방법 포지션 지원 바로가기 (주민번호, 현재 및 희망 연봉 등의 민감 개인정보는 삭제 후 제출 요망) 문의사항은 jobs@dunamu.com 으로 연락주시기 바랍니다. 두나무 소개 두나무가 이직하기 좋은 기업인 이유",,,,서울,정규직,,,,,active,2026-03-05 18:52:07.570678,2026-03-05 18:52:07.570665,True
103,105,iOS Engineer(ReactNative)_Web3 월렛 서비스 개발 | 두나무,https://www.dunamu.com/careers/jobs/1628,", 문제 해결 과정, 기여 성과/결과 등) Github, GitLab, Bitbucket 등의 개인 프로젝트나 포트폴리오가 있다면 함께 첨부해 주세요. 실무 경험과 역량을 이해하는 데 도움이 됩니다. 유의사항 이력서는 자유 양식입니다. 재직 이력은 빠짐없이 정확하게 작성해 주시고, 휴직 이력이 있다면 기간과 사유를 구체적으로 기재해 주세요. 채용 과정에서 전/현직 직장의 영업 비밀이 침해되지 않도록 유의해 주세요. 주민번호, 현재 연봉, 희망 연봉 등 민감한 정보는 삭제하거나 마스킹 후 제출해 주세요. 공통 지원자격 해외 여행에 결격 사유가 없으신 분 채용절차 서류전형 → 사전과제 → 전화인터뷰 → 1차면접 → 2차면접 → 처우협의 → 최종합격 전형은 상황 및 일정에 따라 변경될 수 있습니다. 지원서 내용 중 허위사실이 있는 경우에는 지원이 취소될 수 있습니다. 국가 유공자 및 장애인 등 취업 보호 대상자는 관계 법령에 따라 우대합니다. 최종 전형 전, 인성검사를 진행합니다. 본 포지션에 합격하시는 경우, 3개월의 수습 기간을 적용합니다. 채용정보 채용인원 : 0명 고용형태 : 정규직 채용유형 : 경력직 근무지역 : 서울시 서초구 강남대로 369, DF Tower 공고기간 : 상시채용 (채용 완료 시 조기에 마감될 수 있습니다.) 지원방법 포지션 지원 바로가기( 주민번호, 현재 및 희망 연봉 등의 민감 개인정보는 삭제 후 제출 요망) 문의사항은 jobs@dunamu.com 으로 연락주시기 바랍니다. 두나무 소개 두나무가 이직하기 좋은 기업인 이유 채용공고 보기","3-10년의 iOS 개발 경력 및 플랫폼 전반에 대한 깊은 이해도를 보유하신 분 iOS 애플리케이션의 개발부터 테스트, 배포까지 전체 라이프사이클을 경험하신 분 Typescript, React 등으로 서비스 개발 경험이 있으신 분 다양한 직군과 유연하게 협업과 커뮤니케이션이 가능하신 분 사용자 자산을 다루는 서비스 특성상 작은 실수도 치명적임을 인지하고 안정성을 중시하시는 분 우대사항 API 오류·지연 등 예외 상황에서도 안정적인 사용자 경험을 구현한 경험이 있으신 분 블록체인 기술에 관심이 있으신 분 협업을 통해 제품을 온전히 개발하고 출시, 운영해 본 경험이 있으신 분 스스로 문제를 찾아내고 정의하여 이를 해결하려는 능동적인 태도를 갖추신 분 개발 문화(리팩토링, 코드 리뷰, 테스트 코드 등)를 만들어가는데 관심이 있으신 분 지원서 작성 방법 이력서에는 실제 수행한 프로젝트를 중심으로, 본인의 역할과 기여 내용을 구체적으로 작성해주시기 바랍니다. 프로젝트명이나 결과만 나열하기보다는, 아래 항목을 참고하여 경험의 전반적인 맥락을 전달해 주세요. (예시: 프로젝트 개요, 목적, 팀 구성, 주요 업무, 문제 해결 과정, 기여 성과/결과 등) Github, GitLab, Bitbucket 등의 개인 프로젝트나 포트폴리오가 있다면 함께 첨부해 주세요. 실무 경험과 역량을 이해하는 데 도움이 됩니다. 유의사항 이력서는 자유 양식입니다. 재직 이력은 빠짐없이 정확하게 작성해 주시고, 휴직 이력이 있다면 기간과 사유를 구체적으로 기재해 주세요. 채용 과정에서 전/현직 직장의 영업 비밀이 침해되지 않도록 유의해 주세요. 주민번호, 현재 연봉, 희망 연봉 등 민감한 정보는 삭제하거나 마스킹 후 제출해 주세요. 공통 지원자격 해외 여행에 결격 사유가 없으신 분 채용절차 서류전형 → 사전과제 → 전화인터뷰 → 1차면접 → 2차면접 → 처우협의 → 최종합격 전형은 상황 및 일정에 따라 변경될 수 있습니다. 지원서 내용 중 허위사실이 있는 경우에는 지원이 취소될 수 있습니다. 국가 유공자 및 장애인 등 취업 보호 대상자는 관계 법령에 따라 우대합니다. 최종 전형 전, 인성검사를 진행합니다. 본 포지션에 합격하시는 경우, 3개월의 수습 기간을 적용합니다. 채용정보 채용인원 : 0명 고용형태 : 정규직 채용유형 : 경력직 근무지역 : 서울시 서초구 강남대로 369, DF Tower 공고기간 : 상시채용 (채용 완료 시 조기에 마감될 수 있습니다.) 지원방법 포지션 지원 바로가기( 주민번호, 현재 및 희망 연봉 등의 민감 개인정보는 삭제 후 제출 요망) 문의사항은 jobs@dunamu.com 으로 연락주시기 바랍니다. 두나무 소개 두나무가 이직하기 좋은 기업인 이유","API 오류·지연 등 예외 상황에서도 안정적인 사용자 경험을 구현한 경험이 있으신 분 블록체인 기술에 관심이 있으신 분 협업을 통해 제품을 온전히 개발하고 출시, 운영해 본 경험이 있으신 분 스스로 문제를 찾아내고 정의하여 이를 해결하려는 능동적인 태도를 갖추신 분 개발 문화(리팩토링, 코드 리뷰, 테스트 코드 등)를 만들어가는데 관심이 있으신 분 지원서 작성 방법 이력서에는 실제 수행한 프로젝트를 중심으로, 본인의 역할과 기여 내용을 구체적으로 작성해주시기 바랍니다. 프로젝트명이나 결과만 나열하기보다는, 아래 항목을 참고하여 경험의 전반적인 맥락을 전달해 주세요. (예시: 프로젝트 개요, 목적, 팀 구성, 주요 업무, 문제 해결 과정, 기여 성과/결과 등) Github, GitLab, Bitbucket 등의 개인 프로젝트나 포트폴리오가 있다면 함께 첨부해 주세요. 실무 경험과 역량을 이해하는 데 도움이 됩니다. 유의사항 이력서는 자유 양식입니다. 재직 이력은 빠짐없이 정확하게 작성해 주시고, 휴직 이력이 있다면 기간과 사유를 구체적으로 기재해 주세요. 채용 과정에서 전/현직 직장의 영업 비밀이 침해되지 않도록 유의해 주세요. 주민번호, 현재 연봉, 희망 연봉 등 민감한 정보는 삭제하거나 마스킹 후 제출해 주세요. 공통 지원자격 해외 여행에 결격 사유가 없으신 분 채용절차 서류전형 → 사전과제 → 전화인터뷰 → 1차면접 → 2차면접 → 처우협의 → 최종합격 전형은 상황 및 일정에 따라 변경될 수 있습니다. 지원서 내용 중 허위사실이 있는 경우에는 지원이 취소될 수 있습니다. 국가 유공자 및 장애인 등 취업 보호 대상자는 관계 법령에 따라 우대합니다. 최종 전형 전, 인성검사를 진행합니다. 본 포지션에 합격하시는 경우, 3개월의 수습 기간을 적용합니다. 채용정보 채용인원 : 0명 고용형태 : 정규직 채용유형 : 경력직 근무지역 : 서울시 서초구 강남대로 369, DF Tower 공고기간 : 상시채용 (채용 완료 시 조기에 마감될 수 있습니다.) 지원방법 포지션 지원 바로가기( 주민번호, 현재 및 희망 연봉 등의 민감 개인정보는 삭제 후 제출 요망) 문의사항은 jobs@dunamu.com 으로 연락주시기 바랍니다. 두나무 소개 두나무가 이직하기 좋은 기업인 이유",,,,서울,정규직,,,,,active,2026-03-05 18:52:07.788152,2026-03-05 18:52:07.788137,True
104,105,React Native Engineer_Web3 월렛 서비스 개발 | 두나무,https://www.dunamu.com/careers/jobs/1629,", 문제 해결 과정, 기여 성과/결과 등) Github, GitLab, Bitbucket 등의 개인 프로젝트나 포트폴리오가 있다면 함께 첨부해 주세요. 실무 경험과 역량을 이해하는 데 도움이 됩니다. 유의사항 이력서는 자유 양식입니다. 재직 이력은 빠짐없이 정확하게 작성해 주시고, 휴직 이력이 있다면 기간과 사유를 구체적으로 기재해 주세요. 채용 과정에서 전/현직 직장의 영업 비밀이 침해되지 않도록 유의해 주세요. 주민번호, 현재 연봉, 희망 연봉 등 민감한 정보는 삭제하거나 마스킹 후 제출해 주세요. 공통 지원자격 해외 여행에 결격 사유가 없으신 분 채용절차 서류전형 → 사전과제 → 전화인터뷰 → 1차면접 → 2차면접 → 처우협의 → 최종합격 전형은 상황 및 일정에 따라 변경될 수 있습니다. 지원서 내용 중 허위사실이 있는 경우에는 지원이 취소될 수 있습니다. 국가 유공자 및 장애인 등 취업 보호 대상자는 관계 법령에 따라 우대합니다. 최종 전형 전, 인성검사를 진행합니다. 본 포지션에 합격하시는 경우, 3개월의 수습 기간을 적용합니다. 채용정보 채용인원 : 0명 고용형태 : 정규직 채용유형 : 경력직 근무지역 : 서울시 서초구 강남대로 369, DF Tower 공고기간 : 상시채용 (채용 완료 시 조기에 마감될 수 있습니다.) 지원방법 포지션 지원 바로가기 (주민번호, 현재 및 희망 연봉 등의 민감 개인정보는 삭제 후 제출 요망) 문의사항은 jobs@dunamu.com 으로 연락주시기 바랍니다. 두나무 소개 두나무가 이직하기 좋은 기업인 이유 채용공고 보기","2년 이상의 ReactNative 개발 경력 및 플랫폼 전반에 대한 깊은 이해도를 보유하신 분 애플리케이션의 개발부터 테스트, 배포까지 전체 라이프사이클을 경험하신 분 블록체인 기술에 관심이 있으신 분 Typescript, React 등으로 서비스 개발 경험이 있으신 분 다양한 직군과 유연하게 협업과 커뮤니케이션이 가능하신 분 사용자 자산을 다루는 서비스 특성상 작은 실수도 치명적임을 인지하고 안정성을 중시하시는 분 우대사항 Android 또는 iOS 네이티브 개발 경험이 있으신 분 API 오류·지연 등 예외 상황에서도 안정적인 사용자 경험을 구현한 경험이 있으신 분 블록체인 관련 서비스 개발 경험이 있으신 분 협업을 통해 제품을 온전히 개발하고 출시, 운영해 본 경험이 있으신 분 스스로 문제를 찾아내고 정의하여 이를 해결하려는 능동적인 태도를 갖추신 분 개발 문화(리팩토링, 코드 리뷰, 테스트 코드 등)를 만들어가는데 관심이 있으신 분 지원서 작성 방법 이력서에는 실제 수행한 프로젝트를 중심으로, 본인의 역할과 기여 내용을 구체적으로 작성해주시기 바랍니다. 프로젝트명이나 결과만 나열하기보다는, 아래 항목을 참고하여 경험의 전반적인 맥락을 전달해 주세요. (예시: 프로젝트 개요, 목적, 팀 구성, 주요 업무, 문제 해결 과정, 기여 성과/결과 등) Github, GitLab, Bitbucket 등의 개인 프로젝트나 포트폴리오가 있다면 함께 첨부해 주세요. 실무 경험과 역량을 이해하는 데 도움이 됩니다. 유의사항 이력서는 자유 양식입니다. 재직 이력은 빠짐없이 정확하게 작성해 주시고, 휴직 이력이 있다면 기간과 사유를 구체적으로 기재해 주세요. 채용 과정에서 전/현직 직장의 영업 비밀이 침해되지 않도록 유의해 주세요. 주민번호, 현재 연봉, 희망 연봉 등 민감한 정보는 삭제하거나 마스킹 후 제출해 주세요. 공통 지원자격 해외 여행에 결격 사유가 없으신 분 채용절차 서류전형 → 사전과제 → 전화인터뷰 → 1차면접 → 2차면접 → 처우협의 → 최종합격 전형은 상황 및 일정에 따라 변경될 수 있습니다. 지원서 내용 중 허위사실이 있는 경우에는 지원이 취소될 수 있습니다. 국가 유공자 및 장애인 등 취업 보호 대상자는 관계 법령에 따라 우대합니다. 최종 전형 전, 인성검사를 진행합니다. 본 포지션에 합격하시는 경우, 3개월의 수습 기간을 적용합니다. 채용정보 채용인원 : 0명 고용형태 : 정규직 채용유형 : 경력직 근무지역 : 서울시 서초구 강남대로 369, DF Tower 공고기간 : 상시채용 (채용 완료 시 조기에 마감될 수 있습니다.) 지원방법 포지션 지원 바로가기 (주민번호, 현재 및 희망 연봉 등의 민감 개인정보는 삭제 후 제출 요망) 문의사항은 jobs@dunamu.com 으로 연락주시기 바랍니다. 두나무 소개 두나무가 이직하기 좋은 기업인 이유","Android 또는 iOS 네이티브 개발 경험이 있으신 분 API 오류·지연 등 예외 상황에서도 안정적인 사용자 경험을 구현한 경험이 있으신 분 블록체인 관련 서비스 개발 경험이 있으신 분 협업을 통해 제품을 온전히 개발하고 출시, 운영해 본 경험이 있으신 분 스스로 문제를 찾아내고 정의하여 이를 해결하려는 능동적인 태도를 갖추신 분 개발 문화(리팩토링, 코드 리뷰, 테스트 코드 등)를 만들어가는데 관심이 있으신 분 지원서 작성 방법 이력서에는 실제 수행한 프로젝트를 중심으로, 본인의 역할과 기여 내용을 구체적으로 작성해주시기 바랍니다. 프로젝트명이나 결과만 나열하기보다는, 아래 항목을 참고하여 경험의 전반적인 맥락을 전달해 주세요. (예시: 프로젝트 개요, 목적, 팀 구성, 주요 업무, 문제 해결 과정, 기여 성과/결과 등) Github, GitLab, Bitbucket 등의 개인 프로젝트나 포트폴리오가 있다면 함께 첨부해 주세요. 실무 경험과 역량을 이해하는 데 도움이 됩니다. 유의사항 이력서는 자유 양식입니다. 재직 이력은 빠짐없이 정확하게 작성해 주시고, 휴직 이력이 있다면 기간과 사유를 구체적으로 기재해 주세요. 채용 과정에서 전/현직 직장의 영업 비밀이 침해되지 않도록 유의해 주세요. 주민번호, 현재 연봉, 희망 연봉 등 민감한 정보는 삭제하거나 마스킹 후 제출해 주세요. 공통 지원자격 해외 여행에 결격 사유가 없으신 분 채용절차 서류전형 → 사전과제 → 전화인터뷰 → 1차면접 → 2차면접 → 처우협의 → 최종합격 전형은 상황 및 일정에 따라 변경될 수 있습니다. 지원서 내용 중 허위사실이 있는 경우에는 지원이 취소될 수 있습니다. 국가 유공자 및 장애인 등 취업 보호 대상자는 관계 법령에 따라 우대합니다. 최종 전형 전, 인성검사를 진행합니다. 본 포지션에 합격하시는 경우, 3개월의 수습 기간을 적용합니다. 채용정보 채용인원 : 0명 고용형태 : 정규직 채용유형 : 경력직 근무지역 : 서울시 서초구 강남대로 369, DF Tower 공고기간 : 상시채용 (채용 완료 시 조기에 마감될 수 있습니다.) 지원방법 포지션 지원 바로가기 (주민번호, 현재 및 희망 연봉 등의 민감 개인정보는 삭제 후 제출 요망) 문의사항은 jobs@dunamu.com 으로 연락주시기 바랍니다. 두나무 소개 두나무가 이직하기 좋은 기업인 이유",,,,서울,정규직,,,,,active,2026-03-05 18:52:08.184971,2026-03-05 18:52:08.184950,True
105,105,Backend Engineer_증권플러스 백엔드 개발 | 두나무,https://www.dunamu.com/careers/jobs/1630,"채용 함께 만드는 더 가치있는 미래 채용공고 두나무 이야기 채용공고 새로운 미래를 만드는 여정에 함께할 최고의 동료를 찾습니다 Backend Engineer_증권플러스 백엔드 개발 2026.02.11 조직소개 우리 조직은 자산 전반을 아우르는 가치를 제공하는 증권플러스의 백엔드 개발을 담당합니다. 증권플러스는 사용자 중심의 제품 철학을 기반으로 고객에게 더 나은 투자 환경과 투자 판단에 도움이 되는 정보를 제공하기 위해 노력합니다. 금융 도메인의 높은 보안 수준과 원칙을 이해하고 이를 준수하면서도 서비스의 유연함과 생산성을 잃지 않기 위해 치열하게 고민합니다. 우리 조직은 다음과 같이 일합니다. 금융 기반 도메인을 중심으로 다양한 요구사항을 다루며 서비스 전체 관점에서 결과를 만듭니다. 대규모 트래픽 환경에서 성능/정합성/가용성의 균형을 설계로 풀어내며 시스템을 확장합니다. 금융 규제와 컴플라이언스 요건을 '제약' 만이 아닌 '기술적 과제’' 로 정의하고, 이해관계자들과 조율해 최적의 해답을 찾아냅니다. 주요업무 요구사항을 기술적으로 구조화해 목표와 범위를 정의하고, 기술적으로 합리적인 실행 계획을 수립해 동료들과 함께 프로젝트를 완수합니다. 확장성을 고려한 아키텍처를 설계하며, 성능과 정합성 사이의 균형점을 찾아 구현합니다. 규제 요건을 충족하는 기능을 개발하고, 운영 과정에서 필요한 개선을 수행합니다. 서비스 안정화와 가용성을 위한 모니터링 및 시스템을 고도화하고, 장애 발생 시 근본 원인(RCA)을 분석하여 재발 방지책을 수립합니다. 자격요건 Spring 기반 Backend 개발 경력이 5년 이상이며, 대고객 서비스를 지속적으로 개선해본 경험이 있으신 분 동시성/정합성/트랜잭션 등 데이터 일관성이 중요한 문제를 설계와 구현으로 해결하실 수 있으신 분 비동기/메시징 시스템의 장단점을 이해하고, 서비스 아키텍처에 적용하실 수 있는 분 자기 주도적으로 업무를 정의하고, 반복되는 작업을 찾아 구조적으로 개선하려는 의지가 강하신 분 업무 가시화를 통해 유관 부서의 신뢰를 확보할 수 있으신 분 우대사항 Kubernetes, AWS 등 클라우드·분산 인프라 환경에서의 서비스 개발, 운영 경험이 있으신 분 대규모 트래픽 환경에서 성능, 안정성을 고려한 시스템을 개발·운영해본 경험이 있으신 분 스크립트 언어(Ruby, Python 등)에 대한 이해도가 있거나, 다양한 언어 환경 적응에 유연하신 분 본인이 오너십을 가지고 협업과 합의를 통해 목표를 달성한 프로젝트를 진행해본 경험이 있으신 분 비개발 동료와 기술적 트레이드오프를 논의하고, 원만한 합의를 이끌어 낼 수 있는 커뮤니케이션 역량을 갖추신 분 개인, 팀 그리고 조직 차원에서 생산성과 서비스 안정성을 높이기 고민을 해보고 이를 적용해보신 분 직접 개발한 서비스를 운영해보며 고가용성과 장애 복구 및 대응 전략을 설계해 보신 분 지원서 작성 방법 자격요건 및 우대사항에 해당하는 경험을 맥락과 기여 내용 중심으로 상세히 기술해 주세요. 특히 아래의 내용을 포함하면 검토하는 데 도움이 됩니다. 특정 기술을 도입하거나 아키텍처를 결정했을 때의 배경, 대안 비교, 최종 결정의 근거 본인이 오너십을 가지고 끝낸 프로젝트 1개(오너십을 피력할 수 있는 사례 포함) 장애 상황이나 기술적 난제를 주도적으로 해결한 구체적인 사례 (문제-원인-해결-결과) 협업과 리딩을 통해 조직 생산성을 향상시킨 경험 Github, GitLab, Bitbucket 등의 개인 프로젝트나 포트폴리오가 있다면 함께 첨부해 주세요. 실무 경험과 역량을 이해하는 데 도움이 됩니다. 유의사항 이력서는 자유 양식입니다. 재직 이력은 빠짐없이 정확하게 작성해 주시고, 휴직 이력이 있다면 기간과 사유를 구체적으로 기재해 주세요. 채용 과정에서 전/현직 직장의 영업 비밀이 침해되지 않도록 유의해 주세요. 주민번호, 현재 연봉, 희망 연봉 등 민감한 정보는 삭제하거나 마스킹 후 제출해 주세요. 최근 6개월 이내 동일 직무에 지원하신 이력이 있는 경우, 해당 직무에는 6개월 이후에 재지원하실 수 있습니다. 단, 다른 직무는 기간 제한 없이 지원 가능합니다. 공통 지원자격 해외 여행에 결격 사유가 없으신 분 채용절차 서류전형 → 온라인테스트 → 1차면접 → 2차면접 및 3차면접 → 처우협의 → 최종합격 2차면접과 3차면접은 동일한 일자에 진행합니다. 전형은 상황 및 일정에 따라 변경될 수 있습니다. 지원서 내용 중 허위사실이 있는 경우에는 지원이 취소될 수 있습니다. 국가 유공자 및 장애인 등 취업 보호 대상자는 관계 법령에 따라 우대합니다. 최종 전형 전, 인성검사를 진행합니다. 본 포지션에 합격하시는 경우, 3개월의 수습 기간을 적용합니다. 채용정보 채용인원 : 0명 고용형태 : 정규직 채용유형 : 경력직 근무지역 : 서울시 서초구 강남대로 369, DF Tower 공고기간 : 상시채용 (채용 완료 시 조기에 마감될 수 있습니다.) 지원방법 포지션 지원 바로가기 (주민번호, 현재 및 희망 연봉 등의 민감 개인정보는 삭제 후 제출 요망) 문의사항은 jobs@dunamu.com 으로 연락 주시기 바랍니다. 두나무 소개 두나무가 이직하기 좋은 기업인 이유 채용공고 보기","Spring 기반 Backend 개발 경력이 5년 이상이며, 대고객 서비스를 지속적으로 개선해본 경험이 있으신 분 동시성/정합성/트랜잭션 등 데이터 일관성이 중요한 문제를 설계와 구현으로 해결하실 수 있으신 분 비동기/메시징 시스템의 장단점을 이해하고, 서비스 아키텍처에 적용하실 수 있는 분 자기 주도적으로 업무를 정의하고, 반복되는 작업을 찾아 구조적으로 개선하려는 의지가 강하신 분 업무 가시화를 통해 유관 부서의 신뢰를 확보할 수 있으신 분 우대사항 Kubernetes, AWS 등 클라우드·분산 인프라 환경에서의 서비스 개발, 운영 경험이 있으신 분 대규모 트래픽 환경에서 성능, 안정성을 고려한 시스템을 개발·운영해본 경험이 있으신 분 스크립트 언어(Ruby, Python 등)에 대한 이해도가 있거나, 다양한 언어 환경 적응에 유연하신 분 본인이 오너십을 가지고 협업과 합의를 통해 목표를 달성한 프로젝트를 진행해본 경험이 있으신 분 비개발 동료와 기술적 트레이드오프를 논의하고, 원만한 합의를 이끌어 낼 수 있는 커뮤니케이션 역량을 갖추신 분 개인, 팀 그리고 조직 차원에서 생산성과 서비스 안정성을 높이기 고민을 해보고 이를 적용해보신 분 직접 개발한 서비스를 운영해보며 고가용성과 장애 복구 및 대응 전략을 설계해 보신 분 지원서 작성 방법 자격요건 및 우대사항에 해당하는 경험을 맥락과 기여 내용 중심으로 상세히 기술해 주세요. 특히 아래의 내용을 포함하면 검토하는 데 도움이 됩니다. 특정 기술을 도입하거나 아키텍처를 결정했을 때의 배경, 대안 비교, 최종 결정의 근거 본인이 오너십을 가지고 끝낸 프로젝트 1개(오너십을 피력할 수 있는 사례 포함) 장애 상황이나 기술적 난제를 주도적으로 해결한 구체적인 사례 (문제-원인-해결-결과) 협업과 리딩을 통해 조직 생산성을 향상시킨 경험 Github, GitLab, Bitbucket 등의 개인 프로젝트나 포트폴리오가 있다면 함께 첨부해 주세요. 실무 경험과 역량을 이해하는 데 도움이 됩니다. 유의사항 이력서는 자유 양식입니다. 재직 이력은 빠짐없이 정확하게 작성해 주시고, 휴직 이력이 있다면 기간과 사유를 구체적으로 기재해 주세요. 채용 과정에서 전/현직 직장의 영업 비밀이 침해되지 않도록 유의해 주세요. 주민번호, 현재 연봉, 희망 연봉 등 민감한 정보는 삭제하거나 마스킹 후 제출해 주세요. 최근 6개월 이내 동일 직무에 지원하신 이력이 있는 경우, 해당 직무에는 6개월 이후에 재지원하실 수 있습니다. 단, 다른 직무는 기간 제한 없이 지원 가능합니다. 공통 지원자격 해외 여행에 결격 사유가 없으신 분 채용절차 서류전형 → 온라인테스트 → 1차면접 → 2차면접 및 3차면접 → 처우협의 → 최종합격 2차면접과 3차면접은 동일한 일자에 진행합니다. 전형은 상황 및 일정에 따라 변경될 수 있습니다. 지원서 내용 중 허위사실이 있는 경우에는 지원이 취소될 수 있습니다. 국가 유공자 및 장애인 등 취업 보호 대상자는 관계 법령에 따라 우대합니다. 최종 전형 전, 인성검사를 진행합니다. 본 포지션에 합격하시는 경우, 3개월의 수습 기간을 적용합니다. 채용정보 채용인원 : 0명 고용형태 : 정규직 채용유형 : 경력직 근무지역 : 서울시 서초구 강남대로 369, DF Tower 공고기간 : 상시채용 (채용 완료 시 조기에 마감될 수 있습니다.) 지원방법 포지션 지원 바로가기 (주민번호, 현재 및 희망 연봉 등의 민감 개인정보는 삭제 후 제출 요망) 문의사항은 jobs@dunamu.com 으로 연락 주시기 바랍니다. 두나무 소개 두나무가 이직하기 좋은 기업인 이유","Kubernetes, AWS 등 클라우드·분산 인프라 환경에서의 서비스 개발, 운영 경험이 있으신 분 대규모 트래픽 환경에서 성능, 안정성을 고려한 시스템을 개발·운영해본 경험이 있으신 분 스크립트 언어(Ruby, Python 등)에 대한 이해도가 있거나, 다양한 언어 환경 적응에 유연하신 분 본인이 오너십을 가지고 협업과 합의를 통해 목표를 달성한 프로젝트를 진행해본 경험이 있으신 분 비개발 동료와 기술적 트레이드오프를 논의하고, 원만한 합의를 이끌어 낼 수 있는 커뮤니케이션 역량을 갖추신 분 개인, 팀 그리고 조직 차원에서 생산성과 서비스 안정성을 높이기 고민을 해보고 이를 적용해보신 분 직접 개발한 서비스를 운영해보며 고가용성과 장애 복구 및 대응 전략을 설계해 보신 분 지원서 작성 방법 자격요건 및 우대사항에 해당하는 경험을 맥락과 기여 내용 중심으로 상세히 기술해 주세요. 특히 아래의 내용을 포함하면 검토하는 데 도움이 됩니다. 특정 기술을 도입하거나 아키텍처를 결정했을 때의 배경, 대안 비교, 최종 결정의 근거 본인이 오너십을 가지고 끝낸 프로젝트 1개(오너십을 피력할 수 있는 사례 포함) 장애 상황이나 기술적 난제를 주도적으로 해결한 구체적인 사례 (문제-원인-해결-결과) 협업과 리딩을 통해 조직 생산성을 향상시킨 경험 Github, GitLab, Bitbucket 등의 개인 프로젝트나 포트폴리오가 있다면 함께 첨부해 주세요. 실무 경험과 역량을 이해하는 데 도움이 됩니다. 유의사항 이력서는 자유 양식입니다. 재직 이력은 빠짐없이 정확하게 작성해 주시고, 휴직 이력이 있다면 기간과 사유를 구체적으로 기재해 주세요. 채용 과정에서 전/현직 직장의 영업 비밀이 침해되지 않도록 유의해 주세요. 주민번호, 현재 연봉, 희망 연봉 등 민감한 정보는 삭제하거나 마스킹 후 제출해 주세요. 최근 6개월 이내 동일 직무에 지원하신 이력이 있는 경우, 해당 직무에는 6개월 이후에 재지원하실 수 있습니다. 단, 다른 직무는 기간 제한 없이 지원 가능합니다. 공통 지원자격 해외 여행에 결격 사유가 없으신 분 채용절차 서류전형 → 온라인테스트 → 1차면접 → 2차면접 및 3차면접 → 처우협의 → 최종합격 2차면접과 3차면접은 동일한 일자에 진행합니다. 전형은 상황 및 일정에 따라 변경될 수 있습니다. 지원서 내용 중 허위사실이 있는 경우에는 지원이 취소될 수 있습니다. 국가 유공자 및 장애인 등 취업 보호 대상자는 관계 법령에 따라 우대합니다. 최종 전형 전, 인성검사를 진행합니다. 본 포지션에 합격하시는 경우, 3개월의 수습 기간을 적용합니다. 채용정보 채용인원 : 0명 고용형태 : 정규직 채용유형 : 경력직 근무지역 : 서울시 서초구 강남대로 369, DF Tower 공고기간 : 상시채용 (채용 완료 시 조기에 마감될 수 있습니다.) 지원방법 포지션 지원 바로가기 (주민번호, 현재 및 희망 연봉 등의 민감 개인정보는 삭제 후 제출 요망) 문의사항은 jobs@dunamu.com 으로 연락 주시기 바랍니다. 두나무 소개 두나무가 이직하기 좋은 기업인 이유",,,,서울,정규직,,,,,active,2026-03-05 18:52:08.635284,2026-03-05 18:52:08.635267,True
106,105,Site Reliability Engineer | 두나무,https://www.dunamu.com/careers/jobs/1631,", 문제 해결 과정, 기여 성과/결과 등) 개인 프로젝트(GitHub 등), 기술 블로그, 발표 자료 등이 있다면 함께 제출해 주세요. 실무 경험과 역량을 이해하는 데 도움이 됩니다. 유의사항 이력서는 자유 양식입니다. 재직 이력은 빠짐없이 정확하게 작성해 주시고, 휴직 이력이 있다면 기간과 사유를 구체적으로 기재해 주세요. 채용 과정에서 전/현직 직장의 영업 비밀이 침해되지 않도록 유의해 주세요. 주민번호, 현재 연봉, 희망 연봉 등 민감한 정보는 삭제하거나 마스킹 후 제출해 주세요. 공통 지원자격 해외 여행에 결격 사유가 없으신 분 채용절차 서류전형 → 전화인터뷰 → 1차면접 → 2차면접 → 처우협의 → 최종합격 전형은 상황 및 일정에 따라 변경될 수 있습니다. 지원서 내용 중 허위사실이 있는 경우에는 지원이 취소될 수 있습니다. 국가 유공자 및 장애인 등 취업 보호 대상자는 관계 법령에 따라 우대합니다. 최종 전형 전, 인성검사를 진행합니다. 본 포지션에 합격하시는 경우, 3개월의 수습 기간을 적용합니다. 채용정보 채용인원 : 0명 고용형태 : 정규직 채용유형 : 경력직 근무지역 : 서울시 서초구 강남대로 369, DF Tower 공고기간 : 상시채용 (채용 완료 시 조기에 마감될 수 있습니다.) 지원방법 포지션 지원 바로가기 (주민번호, 현재 및 희망 연봉 등의 민감 개인정보는 삭제 후 제출 요망) 문의사항은 jobs@dunamu.com 으로 연락주시기 바랍니다. 두나무 소개 두나무가 이직하기 좋은 기업인 이유 채용공고 보기","SRE 또는 DevOps 엔지니어로서 3년 이상(연차 상한 제한 없음)의 실무 경험이 있으신 분 Unix, TCP/IP 등 시스템 및 네트워크 기본 원리에 대해 이해하고 있으신 분 Git의 핵심 개념에 대해 이해하고 있으신 분 Kubernetes에 대한 이해 및 실무 경험이 있으신 분 Terraform, Ansible 등 IaC(Infrastructure as Code) 도구 활용 능력이 있으신 분 Prometheus, Grafana 등 모니터링 도구를 능숙하게 다룰 수 있는 역량이 있으신 분 Shell Script, Python 등 스크립트 언어 활용 능력이 있으신 분 영문 기술 문서를 빠르고 정확하게 이해할 수 있는 독해력을 갖추신 분 컴퓨터 과학 관련 전공 학사 이상의 학위를 보유하신 분 또는 이에 준하는 기술적 역량과 경험을 보유하신 분 우대사항 AWS 환경에서 인프라 운영 실무 경험이 있으신 분 대규모 트래픽 환경에서의 서비스 인프라 운영 경험이 있으신 분 자신의 판단 근거를 명확하고 이해하기 쉬운 글로 전달하는 커뮤니케이션 역량이 있으신 분 복잡함보다 단순함의 가치를 이해하고 이를 중시하는 태도를 갖추신 분 웹 애플리케이션 개발 경험이 있으신 분 FinOps 실무 경험이 있으신 분 지원서 작성 방법 이력서에는 실제 수행한 프로젝트를 중심으로, 본인의 역할과 기여 내용을 구체적으로 작성해주시기 바랍니다. 프로젝트명이나 결과만 나열하기보다는, 아래 항목을 참고하여 경험의 전반적인 맥락을 전달해 주세요. (예시: 프로젝트 개요, 목적, 팀 구성, 주요 업무, 문제 해결 과정, 기여 성과/결과 등) 개인 프로젝트(GitHub 등), 기술 블로그, 발표 자료 등이 있다면 함께 제출해 주세요. 실무 경험과 역량을 이해하는 데 도움이 됩니다. 유의사항 이력서는 자유 양식입니다. 재직 이력은 빠짐없이 정확하게 작성해 주시고, 휴직 이력이 있다면 기간과 사유를 구체적으로 기재해 주세요. 채용 과정에서 전/현직 직장의 영업 비밀이 침해되지 않도록 유의해 주세요. 주민번호, 현재 연봉, 희망 연봉 등 민감한 정보는 삭제하거나 마스킹 후 제출해 주세요. 공통 지원자격 해외 여행에 결격 사유가 없으신 분 채용절차 서류전형 → 전화인터뷰 → 1차면접 → 2차면접 → 처우협의 → 최종합격 전형은 상황 및 일정에 따라 변경될 수 있습니다. 지원서 내용 중 허위사실이 있는 경우에는 지원이 취소될 수 있습니다. 국가 유공자 및 장애인 등 취업 보호 대상자는 관계 법령에 따라 우대합니다. 최종 전형 전, 인성검사를 진행합니다. 본 포지션에 합격하시는 경우, 3개월의 수습 기간을 적용합니다. 채용정보 채용인원 : 0명 고용형태 : 정규직 채용유형 : 경력직 근무지역 : 서울시 서초구 강남대로 369, DF Tower 공고기간 : 상시채용 (채용 완료 시 조기에 마감될 수 있습니다.) 지원방법 포지션 지원 바로가기 (주민번호, 현재 및 희망 연봉 등의 민감 개인정보는 삭제 후 제출 요망) 문의사항은 jobs@dunamu.com 으로 연락주시기 바랍니다. 두나무 소개 두나무가 이직하기 좋은 기업인 이유","AWS 환경에서 인프라 운영 실무 경험이 있으신 분 대규모 트래픽 환경에서의 서비스 인프라 운영 경험이 있으신 분 자신의 판단 근거를 명확하고 이해하기 쉬운 글로 전달하는 커뮤니케이션 역량이 있으신 분 복잡함보다 단순함의 가치를 이해하고 이를 중시하는 태도를 갖추신 분 웹 애플리케이션 개발 경험이 있으신 분 FinOps 실무 경험이 있으신 분 지원서 작성 방법 이력서에는 실제 수행한 프로젝트를 중심으로, 본인의 역할과 기여 내용을 구체적으로 작성해주시기 바랍니다. 프로젝트명이나 결과만 나열하기보다는, 아래 항목을 참고하여 경험의 전반적인 맥락을 전달해 주세요. (예시: 프로젝트 개요, 목적, 팀 구성, 주요 업무, 문제 해결 과정, 기여 성과/결과 등) 개인 프로젝트(GitHub 등), 기술 블로그, 발표 자료 등이 있다면 함께 제출해 주세요. 실무 경험과 역량을 이해하는 데 도움이 됩니다. 유의사항 이력서는 자유 양식입니다. 재직 이력은 빠짐없이 정확하게 작성해 주시고, 휴직 이력이 있다면 기간과 사유를 구체적으로 기재해 주세요. 채용 과정에서 전/현직 직장의 영업 비밀이 침해되지 않도록 유의해 주세요. 주민번호, 현재 연봉, 희망 연봉 등 민감한 정보는 삭제하거나 마스킹 후 제출해 주세요. 공통 지원자격 해외 여행에 결격 사유가 없으신 분 채용절차 서류전형 → 전화인터뷰 → 1차면접 → 2차면접 → 처우협의 → 최종합격 전형은 상황 및 일정에 따라 변경될 수 있습니다. 지원서 내용 중 허위사실이 있는 경우에는 지원이 취소될 수 있습니다. 국가 유공자 및 장애인 등 취업 보호 대상자는 관계 법령에 따라 우대합니다. 최종 전형 전, 인성검사를 진행합니다. 본 포지션에 합격하시는 경우, 3개월의 수습 기간을 적용합니다. 채용정보 채용인원 : 0명 고용형태 : 정규직 채용유형 : 경력직 근무지역 : 서울시 서초구 강남대로 369, DF Tower 공고기간 : 상시채용 (채용 완료 시 조기에 마감될 수 있습니다.) 지원방법 포지션 지원 바로가기 (주민번호, 현재 및 희망 연봉 등의 민감 개인정보는 삭제 후 제출 요망) 문의사항은 jobs@dunamu.com 으로 연락주시기 바랍니다. 두나무 소개 두나무가 이직하기 좋은 기업인 이유",,,,서울,정규직,,,,,active,2026-03-05 18:52:08.981635,2026-03-05 18:52:08.981620,True
107,105,DevOps Engineer | 두나무,https://www.dunamu.com/careers/jobs/1632,"채용 함께 만드는 더 가치있는 미래 채용공고 두나무 이야기 채용공고 새로운 미래를 만드는 여정에 함께할 최고의 동료를 찾습니다 DevOps Engineer 2026.02.11 조직소개 우리 조직은 업비트, 증권플러스, 증권플러스 비상장 등 두나무에서 제공하는 다양한 서비스의 인프라를 운영하고 하고 있습니다. 우리 조직에서는 다음과 같은 경험을 쌓을 수 있습니다. 클라우드를 통한 수평 확장을 통해, 일 1,000조 이상의 거래도 이상 없는 국내 최대의 금융 트래픽을 경험할 수 있습니다. 사업의 확장에 맞춰 수십 개의 인프라를 일관되고 효율적으로 운영하는 체계 구성에 기여할 수 있습니다. 개발팀이 우리 조직에서 정한 표준을 따르고 있습니다. 앞으로도 개발팀의 표준을 설계하고 운영할 수 있습니다. 주요업무 인프라 운영 및 자동화 Cloud 환경(AWS, GCP, Azure 등) 환경에서 Kubernetes를 사용하여 네트워크 토폴로지와 핵심 인프라를 설계하고, Container runtime을 운영하고 관리합니다. 모든 과정은 코드형 인프라(IaC)를 통해 확장성 및 재사용이 가능한 아키텍쳐로 구성합니다. CI/CD 및 SDLC 개발팀이 서비스 개발에 집중 할 수 있도록 CI/CD를 구성하고, 개발 생산성을 높이는 작업을 진행합니다. 소프트웨어 생명 주기를 관리하여 개발팀이 안전하고 높은 품질의 결과물을 도출 할 수 있도록 지원합니다. 모니터링 24/7 On Call 대응을 통해 서비스 장애 시 개발팀을 도와 문제를 해결합니다. 안정적인 서비스 운영을 위해 부족한 모니터링을 구성하거나 현재 구성되어있는 모니터링을 통해 지표와 로그를 보고 본인만의 노하우로 서비스 장애를 사전에 방지하며, 진행 중인 장애를 빠르게 해결합니다. 보안 고객의 자산을 안전하게 보호하기 위해 Cloud 환경에서의 보안을 고민하고 Compliance를 구성합니다. Zero-Trusted를 통해 보안 강화를 달성할 수 있도록 리서치하고 구성합니다. Researching 개발팀이 효율적으로 일할 수 있는 새로운 도구들을 발굴하고 컬처핏에 맞는지 고려합니다. 반복적인 업무를 개선하여 효율화할 수 있는 방법을 찾습니다. FinOps 인프라 비용을 통제하고 최적화합니다. 클라우드 및 SaaS에서 발생하는 비용을 관리합니다. 자격요건 2-5년의 소프트웨어 개발 경험이 있으신 분 Cloud 환경(AWS, GCP, Azure 등)을 사용하여 인프라를 구성하거나 서비스를 배포한 경험이 있으신 분 자신이 직접 개발한 서비스를 배포하고, 운영 자동화 또는 CI/CD 구축에 관심을 가지고 경험해 보신 분 운영중인 서비스의 모니터링 시스템 구성 및 장애 대응 경험이 1회 이상 있으신 분 기존의 개발 경험을 바탕으로 DevOps 분야로 커리어를 확장하고자 하며, 그에 대한 명확한 동기와 비전을 갖추신 분 기술 선택 및 구조 설계 등에 대한 의사결정 경험이 있으며, 그 근거를 설명할 수 있으신 분 우대사항 Kubernetes를 활용한 서비스 배포 혹은 인프라 구성 경험이 있으신 분 새로운 기술을 학습하고 실무에 적용하며 팀원과 공유하는 것을 즐기시는 분 인프라, 배포, 운영 등 서비스의 뒷단에 매력을 느끼고 깊이 관여하고 싶으신 분 개발자 생산성을 개선하기 위한 도구 개발이나 워크플로우 자동화에 관심이 있으신 분 지원서 작성 방법 이력서는 필수로 제출해 주셔야 하며 아래 내용을 반드시 포함하여 작성해 주세요. (전·현직 회사의 영업 비밀이나 민감한 정보가 포함되지 않도록 주의해 주세요.) 기술 스택 및 사용 경험 직접 개발하거나 운영에 참여한 서비스에서 사용한 기술 스택을 구체적으로 작성해 주세요. 문제를 어떻게 정의하고 해결했는지, 그 과정에서 어떤 기술적/조직적 의사결정을 내렸는지에 대한 설명을 포함해 주세요. DevOps 직무 전향에 대한 동기 기존의 개발 경력을 바탕으로 왜 DevOps 역할에 관심을 가지게 되었는지, 그리고 향후 어떤 방향으로 성장하고 싶은지 구체적으로 기술해 주세요. 보안, 비용 관리, 자동화 등 관련 경험 보안, 모니터링, 인프라 비용 관리(FinOps), 운영 자동화 등의 경험이 있다면, 어떤 도구/기법을 사용했는지와 그 효과를 함께 한가지 이상 적어 주세요. Github, GitLab, Bitbucket 등의 개인 프로젝트나 포트폴리오가 있다면 함께 첨부해 주세요. 실무 경험과 역량을 이해하는 데 도움이 됩니다. 유의사항 이력서는 자유 양식입니다. 재직 이력은 빠짐없이 정확하게 작성해 주시고, 휴직 이력이 있다면 기간과 사유를 구체적으로 기재해 주세요. 채용 과정에서 전/현직 직장의 영업 비밀이 침해되지 않도록 유의해 주세요. 주민번호, 현재 연봉, 희망 연봉 등 민감한 정보는 삭제하거나 마스킹 후 제출해 주세요. 공통 지원자격 해외 여행에 결격 사유가 없으신 분 채용절차 서류전형 → 전화인터뷰 → 1차면접 → 2차면접 → 처우협의 → 최종합격 전형은 상황 및 일정에 따라 변경될 수 있습니다. 지원서 내용 중 허위사실이 있는 경우에는 지원이 취소될 수 있습니다. 국가 유공자 및 장애인 등 취업 보호 대상자는 관계 법령에 따라 우대합니다. 최종 전형 전, 인성검사를 진행합니다. 본 포지션에 합격하시는 경우, 3개월의 수습 기간을 적용합니다. 채용정보 채용인원 : 0명 고용형태 : 정규직 채용유형 : 경력직 근무지역 : 서울시 서초구 강남대로 369, DF Tower 공고기간 : 상시채용 (채용 완료 시 조기에 마감될 수 있습니다.) 지원방법 포지션 지원 바로가기 (주민번호, 현재 및 희망 연봉 등의 민감 개인정보는 삭제 후 제출 요망) 문의사항은 jobs@dunamu.com 으로 연락 주시기 바랍니다. 두나무 소개 두나무가 이직하기 좋은 기업인 이유 채용공고 보기","2-5년의 소프트웨어 개발 경험이 있으신 분 Cloud 환경(AWS, GCP, Azure 등)을 사용하여 인프라를 구성하거나 서비스를 배포한 경험이 있으신 분 자신이 직접 개발한 서비스를 배포하고, 운영 자동화 또는 CI/CD 구축에 관심을 가지고 경험해 보신 분 운영중인 서비스의 모니터링 시스템 구성 및 장애 대응 경험이 1회 이상 있으신 분 기존의 개발 경험을 바탕으로 DevOps 분야로 커리어를 확장하고자 하며, 그에 대한 명확한 동기와 비전을 갖추신 분 기술 선택 및 구조 설계 등에 대한 의사결정 경험이 있으며, 그 근거를 설명할 수 있으신 분 우대사항 Kubernetes를 활용한 서비스 배포 혹은 인프라 구성 경험이 있으신 분 새로운 기술을 학습하고 실무에 적용하며 팀원과 공유하는 것을 즐기시는 분 인프라, 배포, 운영 등 서비스의 뒷단에 매력을 느끼고 깊이 관여하고 싶으신 분 개발자 생산성을 개선하기 위한 도구 개발이나 워크플로우 자동화에 관심이 있으신 분 지원서 작성 방법 이력서는 필수로 제출해 주셔야 하며 아래 내용을 반드시 포함하여 작성해 주세요. (전·현직 회사의 영업 비밀이나 민감한 정보가 포함되지 않도록 주의해 주세요.) 기술 스택 및 사용 경험 직접 개발하거나 운영에 참여한 서비스에서 사용한 기술 스택을 구체적으로 작성해 주세요. 문제를 어떻게 정의하고 해결했는지, 그 과정에서 어떤 기술적/조직적 의사결정을 내렸는지에 대한 설명을 포함해 주세요. DevOps 직무 전향에 대한 동기 기존의 개발 경력을 바탕으로 왜 DevOps 역할에 관심을 가지게 되었는지, 그리고 향후 어떤 방향으로 성장하고 싶은지 구체적으로 기술해 주세요. 보안, 비용 관리, 자동화 등 관련 경험 보안, 모니터링, 인프라 비용 관리(FinOps), 운영 자동화 등의 경험이 있다면, 어떤 도구/기법을 사용했는지와 그 효과를 함께 한가지 이상 적어 주세요. Github, GitLab, Bitbucket 등의 개인 프로젝트나 포트폴리오가 있다면 함께 첨부해 주세요. 실무 경험과 역량을 이해하는 데 도움이 됩니다. 유의사항 이력서는 자유 양식입니다. 재직 이력은 빠짐없이 정확하게 작성해 주시고, 휴직 이력이 있다면 기간과 사유를 구체적으로 기재해 주세요. 채용 과정에서 전/현직 직장의 영업 비밀이 침해되지 않도록 유의해 주세요. 주민번호, 현재 연봉, 희망 연봉 등 민감한 정보는 삭제하거나 마스킹 후 제출해 주세요. 공통 지원자격 해외 여행에 결격 사유가 없으신 분 채용절차 서류전형 → 전화인터뷰 → 1차면접 → 2차면접 → 처우협의 → 최종합격 전형은 상황 및 일정에 따라 변경될 수 있습니다. 지원서 내용 중 허위사실이 있는 경우에는 지원이 취소될 수 있습니다. 국가 유공자 및 장애인 등 취업 보호 대상자는 관계 법령에 따라 우대합니다. 최종 전형 전, 인성검사를 진행합니다. 본 포지션에 합격하시는 경우, 3개월의 수습 기간을 적용합니다. 채용정보 채용인원 : 0명 고용형태 : 정규직 채용유형 : 경력직 근무지역 : 서울시 서초구 강남대로 369, DF Tower 공고기간 : 상시채용 (채용 완료 시 조기에 마감될 수 있습니다.) 지원방법 포지션 지원 바로가기 (주민번호, 현재 및 희망 연봉 등의 민감 개인정보는 삭제 후 제출 요망) 문의사항은 jobs@dunamu.com 으로 연락 주시기 바랍니다. 두나무 소개 두나무가 이직하기 좋은 기업인 이유","Kubernetes를 활용한 서비스 배포 혹은 인프라 구성 경험이 있으신 분 새로운 기술을 학습하고 실무에 적용하며 팀원과 공유하는 것을 즐기시는 분 인프라, 배포, 운영 등 서비스의 뒷단에 매력을 느끼고 깊이 관여하고 싶으신 분 개발자 생산성을 개선하기 위한 도구 개발이나 워크플로우 자동화에 관심이 있으신 분 지원서 작성 방법 이력서는 필수로 제출해 주셔야 하며 아래 내용을 반드시 포함하여 작성해 주세요. (전·현직 회사의 영업 비밀이나 민감한 정보가 포함되지 않도록 주의해 주세요.) 기술 스택 및 사용 경험 직접 개발하거나 운영에 참여한 서비스에서 사용한 기술 스택을 구체적으로 작성해 주세요. 문제를 어떻게 정의하고 해결했는지, 그 과정에서 어떤 기술적/조직적 의사결정을 내렸는지에 대한 설명을 포함해 주세요. DevOps 직무 전향에 대한 동기 기존의 개발 경력을 바탕으로 왜 DevOps 역할에 관심을 가지게 되었는지, 그리고 향후 어떤 방향으로 성장하고 싶은지 구체적으로 기술해 주세요. 보안, 비용 관리, 자동화 등 관련 경험 보안, 모니터링, 인프라 비용 관리(FinOps), 운영 자동화 등의 경험이 있다면, 어떤 도구/기법을 사용했는지와 그 효과를 함께 한가지 이상 적어 주세요. Github, GitLab, Bitbucket 등의 개인 프로젝트나 포트폴리오가 있다면 함께 첨부해 주세요. 실무 경험과 역량을 이해하는 데 도움이 됩니다. 유의사항 이력서는 자유 양식입니다. 재직 이력은 빠짐없이 정확하게 작성해 주시고, 휴직 이력이 있다면 기간과 사유를 구체적으로 기재해 주세요. 채용 과정에서 전/현직 직장의 영업 비밀이 침해되지 않도록 유의해 주세요. 주민번호, 현재 연봉, 희망 연봉 등 민감한 정보는 삭제하거나 마스킹 후 제출해 주세요. 공통 지원자격 해외 여행에 결격 사유가 없으신 분 채용절차 서류전형 → 전화인터뷰 → 1차면접 → 2차면접 → 처우협의 → 최종합격 전형은 상황 및 일정에 따라 변경될 수 있습니다. 지원서 내용 중 허위사실이 있는 경우에는 지원이 취소될 수 있습니다. 국가 유공자 및 장애인 등 취업 보호 대상자는 관계 법령에 따라 우대합니다. 최종 전형 전, 인성검사를 진행합니다. 본 포지션에 합격하시는 경우, 3개월의 수습 기간을 적용합니다. 채용정보 채용인원 : 0명 고용형태 : 정규직 채용유형 : 경력직 근무지역 : 서울시 서초구 강남대로 369, DF Tower 공고기간 : 상시채용 (채용 완료 시 조기에 마감될 수 있습니다.) 지원방법 포지션 지원 바로가기 (주민번호, 현재 및 희망 연봉 등의 민감 개인정보는 삭제 후 제출 요망) 문의사항은 jobs@dunamu.com 으로 연락 주시기 바랍니다. 두나무 소개 두나무가 이직하기 좋은 기업인 이유",,,,서울,정규직,,,,,active,2026-03-05 18:52:09.394541,2026-03-05 18:52:09.394523,True
108,105,"Database Reliability Engineer, DBRE | 두나무",https://www.dunamu.com/careers/jobs/1633,", 문제 해결 과정, 기여 성과/결과 등) Github, GitLab, Bitbucket 등의 개인 프로젝트나 포트폴리오가 있다면 함께 첨부해 주세요. 실무 경험과 역량을 이해하는 데 도움이 됩니다. 유의사항 이력서는 자유 양식입니다. 재직 이력은 빠짐없이 정확하게 작성해 주시고, 휴직 이력이 있다면 기간과 사유를 구체적으로 기재해 주세요. 채용 과정에서 전/현직 직장의 영업 비밀이 침해되지 않도록 유의해 주세요. 주민번호, 현재 연봉, 희망 연봉 등 민감한 정보는 삭제하거나 마스킹 후 제출해 주세요. 공통 지원자격 해외 여행에 결격 사유가 없으신 분 채용절차 서류전형 → 1차면접 → 2차면접 → 처우협의 → 최종합격 전형은 상황 및 일정에 따라 변경될 수 있습니다. 지원서 내용 중 허위사실이 있는 경우에는 지원이 취소될 수 있습니다. 국가 유공자 및 장애인 등 취업 보호 대상자는 관계 법령에 따라 우대합니다. 최종 전형 전, 인성검사를 진행합니다. 본 포지션에 합격하시는 경우, 3개월의 수습 기간을 적용합니다. 채용정보 채용인원 : 0명 고용형태 : 정규직 채용유형 : 경력직 근무지역 : 서울시 서초구 강남대로 369, DF Tower 공고기간 : 상시채용 (채용 완료 시 조기에 마감될 수 있습니다.) 지원방법 포지션 지원 바로가기 (주민번호, 현재 및 희망 연봉 등의 민감 개인정보는 삭제 후 제출 요망) 문의사항은 jobs@dunamu.com 으로 연락 주시기 바랍니다. 두나무 소개 두나무가 이직하기 좋은 기업인 이유 채용공고 보기","10년 이상 MySQL 데이터베이스 운영 경험이 있으신 분 5년 이상 Public Cloud 환경에서 데이터베이스 운영 경험이 있으신 분 데이터베이스 장애 처리 및 SQL 튜닝 능력을 보유하신 분 Python 또는 Shell Script를 이용한 운영 자동화 스크립트 개발 경험이 있으신 분 우대사항 개발자와 협업하여 대용량 트래픽 데이터베이스 성능을 최적화한 경험이 있으신 분 다양한 장애 대응 경험이 있으신 분 업무 공유에 적극적이고 팀워크를 중요시하는 분 프로그래밍 개발을 좋아하고, 새로운 기술에 대한 지속적인 관심을 가지고 있으신 분 문제의 근본 원인을 분석하고 해결하기 좋아하시는 분 금융권이나 핀테크 도메인 경험이 있으신 분 멀티클라우드 환경에서 DB 운영 및 인프라 설계 경험이 있으신 분 NoSQL과 같은 다양한 비즈니스 워크로드에 대응하는 데이터베이스를 운영해본 경험이 있으신 분 지원서 작성 방법 이력서에는 실제 수행한 프로젝트를 중심으로, 본인의 역할과 기여 내용을 구체적으로 작성해주시기 바랍니다. 프로젝트명이나 결과만 나열하기보다는, 아래 항목을 참고하여 경험의 전반적인 맥락을 전달해 주세요. (예시: 프로젝트 개요, 목적, 팀 구성, 주요 업무, 문제 해결 과정, 기여 성과/결과 등) Github, GitLab, Bitbucket 등의 개인 프로젝트나 포트폴리오가 있다면 함께 첨부해 주세요. 실무 경험과 역량을 이해하는 데 도움이 됩니다. 유의사항 이력서는 자유 양식입니다. 재직 이력은 빠짐없이 정확하게 작성해 주시고, 휴직 이력이 있다면 기간과 사유를 구체적으로 기재해 주세요. 채용 과정에서 전/현직 직장의 영업 비밀이 침해되지 않도록 유의해 주세요. 주민번호, 현재 연봉, 희망 연봉 등 민감한 정보는 삭제하거나 마스킹 후 제출해 주세요. 공통 지원자격 해외 여행에 결격 사유가 없으신 분 채용절차 서류전형 → 1차면접 → 2차면접 → 처우협의 → 최종합격 전형은 상황 및 일정에 따라 변경될 수 있습니다. 지원서 내용 중 허위사실이 있는 경우에는 지원이 취소될 수 있습니다. 국가 유공자 및 장애인 등 취업 보호 대상자는 관계 법령에 따라 우대합니다. 최종 전형 전, 인성검사를 진행합니다. 본 포지션에 합격하시는 경우, 3개월의 수습 기간을 적용합니다. 채용정보 채용인원 : 0명 고용형태 : 정규직 채용유형 : 경력직 근무지역 : 서울시 서초구 강남대로 369, DF Tower 공고기간 : 상시채용 (채용 완료 시 조기에 마감될 수 있습니다.) 지원방법 포지션 지원 바로가기 (주민번호, 현재 및 희망 연봉 등의 민감 개인정보는 삭제 후 제출 요망) 문의사항은 jobs@dunamu.com 으로 연락 주시기 바랍니다. 두나무 소개 두나무가 이직하기 좋은 기업인 이유","개발자와 협업하여 대용량 트래픽 데이터베이스 성능을 최적화한 경험이 있으신 분 다양한 장애 대응 경험이 있으신 분 업무 공유에 적극적이고 팀워크를 중요시하는 분 프로그래밍 개발을 좋아하고, 새로운 기술에 대한 지속적인 관심을 가지고 있으신 분 문제의 근본 원인을 분석하고 해결하기 좋아하시는 분 금융권이나 핀테크 도메인 경험이 있으신 분 멀티클라우드 환경에서 DB 운영 및 인프라 설계 경험이 있으신 분 NoSQL과 같은 다양한 비즈니스 워크로드에 대응하는 데이터베이스를 운영해본 경험이 있으신 분 지원서 작성 방법 이력서에는 실제 수행한 프로젝트를 중심으로, 본인의 역할과 기여 내용을 구체적으로 작성해주시기 바랍니다. 프로젝트명이나 결과만 나열하기보다는, 아래 항목을 참고하여 경험의 전반적인 맥락을 전달해 주세요. (예시: 프로젝트 개요, 목적, 팀 구성, 주요 업무, 문제 해결 과정, 기여 성과/결과 등) Github, GitLab, Bitbucket 등의 개인 프로젝트나 포트폴리오가 있다면 함께 첨부해 주세요. 실무 경험과 역량을 이해하는 데 도움이 됩니다. 유의사항 이력서는 자유 양식입니다. 재직 이력은 빠짐없이 정확하게 작성해 주시고, 휴직 이력이 있다면 기간과 사유를 구체적으로 기재해 주세요. 채용 과정에서 전/현직 직장의 영업 비밀이 침해되지 않도록 유의해 주세요. 주민번호, 현재 연봉, 희망 연봉 등 민감한 정보는 삭제하거나 마스킹 후 제출해 주세요. 공통 지원자격 해외 여행에 결격 사유가 없으신 분 채용절차 서류전형 → 1차면접 → 2차면접 → 처우협의 → 최종합격 전형은 상황 및 일정에 따라 변경될 수 있습니다. 지원서 내용 중 허위사실이 있는 경우에는 지원이 취소될 수 있습니다. 국가 유공자 및 장애인 등 취업 보호 대상자는 관계 법령에 따라 우대합니다. 최종 전형 전, 인성검사를 진행합니다. 본 포지션에 합격하시는 경우, 3개월의 수습 기간을 적용합니다. 채용정보 채용인원 : 0명 고용형태 : 정규직 채용유형 : 경력직 근무지역 : 서울시 서초구 강남대로 369, DF Tower 공고기간 : 상시채용 (채용 완료 시 조기에 마감될 수 있습니다.) 지원방법 포지션 지원 바로가기 (주민번호, 현재 및 희망 연봉 등의 민감 개인정보는 삭제 후 제출 요망) 문의사항은 jobs@dunamu.com 으로 연락 주시기 바랍니다. 두나무 소개 두나무가 이직하기 좋은 기업인 이유",,,,서울,정규직,,,,,active,2026-03-05 18:52:09.786555,2026-03-05 18:52:09.786538,True
109,105,Data Analytics Engineer_전사 데이터 부문 | 두나무,https://www.dunamu.com/careers/jobs/1634,", 문제 해결 과정, 기여 성과/결과 등) Github, GitLab, Bitbucket 등의 개인 프로젝트나 포트폴리오가 있다면 함께 첨부해 주세요. 실무 경험과 역량을 이해하는 데 도움이 됩니다. 유의사항 이력서는 자유 양식이며 모든 지원 서류는 수정 불가한 파일 형태(PDF 등)로 제출 부탁드립니다. (URL 첨부 불가) 재직 이력은 빠짐없이 정확하게 작성해 주시고, 휴직 이력이 있다면 기간과 사유를 구체적으로 기재해 주세요. 채용 과정에서 전/현직 직장의 영업 비밀이 침해되지 않도록 유의해 주세요. 주민번호, 현재 연봉, 희망 연봉 등 민감한 정보는 삭제하거나 마스킹 후 제출해 주세요. 공통 지원자격 해외 여행에 결격 사유가 없으신 분 채용절차 서류전형 → 1차면접 → 2차면접 → 처우협의 → 최종합격 전형은 상황 및 일정에 따라 변경될 수 있습니다. 지원서 내용 중 허위사실이 있는 경우에는 지원이 취소될 수 있습니다. 국가 유공자 및 장애인 등 취업 보호 대상자는 관계 법령에 따라 우대합니다. 최종 전형 전, 인성검사를 진행합니다. 본 포지션에 합격하시는 경우, 3개월의 수습 기간을 적용합니다. 채용정보 채용인원 : 0명 고용형태 : 정규직 채용유형 : 경력직 근무지역 : 서울시 서초구 강남대로 369, DF Tower 공고기간 : 상시채용 (채용 완료 시 조기에 마감될 수 있습니다.) 지원방법 포지션 지원 바로가기 (주민번호, 현재 및 희망 연봉 등의 민감 개인정보는 삭제 후 제출 요망) 문의사항은 jobs@dunamu.com 으로 연락주시기 바랍니다. 두나무 소개 두나무가 이직하기 좋은 기업인 이유 채용공고 보기","만 5년 이상의 데이터 분석과 마트설계 경력을 보유하신 분 주도적으로 DW/DM 데이터 모델링, 파이프라인 구축 및 운영 업무를 능숙하게 진행하신 경험을 보유하신 분 Hadoop Ecosystem 기반 혹은 클라우드 환경에서의 대용량 데이터 분석 경험이 있으신 분 문제 해결을 위한 기본적인 CS 지식과 프로그래밍 역량을 갖추신 분 상급 정도의 SQL, 중급 이상의 Python 기술 역량을 보유하신 분 Airflow 운영 및 트러블 슈팅 경험을 보유하신 분 BI(Business Intelligence) 플랫폼 등 데이터 시각화 툴(Redash, Superset 등) 사용 및 운영 경험을 보유하신 분 데이터 품질 관리를 위한 환경 설계 및 운영 경험을 보유하신 분 우대사항 새로운 환경에 유연하고 빠르게 적응하실 수 있는 분 협업 프로젝트 수행 경험 및 유연한 커뮤니케이션 능력을 보유하신 분 문제 해결을 위해 오픈 소스 코드를 직접 분석하거나 수정해 본 경험이 있으신 분 새로운 기술에 도전적이며, 그 지식을 동료와 공유하고 이를 통해 서비스 품질 향상에 기여할 수 있는 분 블록체인 거래소의 지표 데이터 분석 경험이 있으신 분 지원서 작성 방법 이력서에는 실제 수행한 프로젝트를 중심으로, 본인의 역할과 기여 내용을 구체적으로 작성해주시기 바랍니다. 프로젝트명이나 결과만 나열하기보다는, 아래 항목을 참고하여 경험의 전반적인 맥락을 전달해 주세요. (예시: 프로젝트 개요, 목적, 팀 구성, 주요 업무, 문제 해결 과정, 기여 성과/결과 등) Github, GitLab, Bitbucket 등의 개인 프로젝트나 포트폴리오가 있다면 함께 첨부해 주세요. 실무 경험과 역량을 이해하는 데 도움이 됩니다. 유의사항 이력서는 자유 양식이며 모든 지원 서류는 수정 불가한 파일 형태(PDF 등)로 제출 부탁드립니다. (URL 첨부 불가) 재직 이력은 빠짐없이 정확하게 작성해 주시고, 휴직 이력이 있다면 기간과 사유를 구체적으로 기재해 주세요. 채용 과정에서 전/현직 직장의 영업 비밀이 침해되지 않도록 유의해 주세요. 주민번호, 현재 연봉, 희망 연봉 등 민감한 정보는 삭제하거나 마스킹 후 제출해 주세요. 공통 지원자격 해외 여행에 결격 사유가 없으신 분 채용절차 서류전형 → 1차면접 → 2차면접 → 처우협의 → 최종합격 전형은 상황 및 일정에 따라 변경될 수 있습니다. 지원서 내용 중 허위사실이 있는 경우에는 지원이 취소될 수 있습니다. 국가 유공자 및 장애인 등 취업 보호 대상자는 관계 법령에 따라 우대합니다. 최종 전형 전, 인성검사를 진행합니다. 본 포지션에 합격하시는 경우, 3개월의 수습 기간을 적용합니다. 채용정보 채용인원 : 0명 고용형태 : 정규직 채용유형 : 경력직 근무지역 : 서울시 서초구 강남대로 369, DF Tower 공고기간 : 상시채용 (채용 완료 시 조기에 마감될 수 있습니다.) 지원방법 포지션 지원 바로가기 (주민번호, 현재 및 희망 연봉 등의 민감 개인정보는 삭제 후 제출 요망) 문의사항은 jobs@dunamu.com 으로 연락주시기 바랍니다. 두나무 소개 두나무가 이직하기 좋은 기업인 이유","새로운 환경에 유연하고 빠르게 적응하실 수 있는 분 협업 프로젝트 수행 경험 및 유연한 커뮤니케이션 능력을 보유하신 분 문제 해결을 위해 오픈 소스 코드를 직접 분석하거나 수정해 본 경험이 있으신 분 새로운 기술에 도전적이며, 그 지식을 동료와 공유하고 이를 통해 서비스 품질 향상에 기여할 수 있는 분 블록체인 거래소의 지표 데이터 분석 경험이 있으신 분 지원서 작성 방법 이력서에는 실제 수행한 프로젝트를 중심으로, 본인의 역할과 기여 내용을 구체적으로 작성해주시기 바랍니다. 프로젝트명이나 결과만 나열하기보다는, 아래 항목을 참고하여 경험의 전반적인 맥락을 전달해 주세요. (예시: 프로젝트 개요, 목적, 팀 구성, 주요 업무, 문제 해결 과정, 기여 성과/결과 등) Github, GitLab, Bitbucket 등의 개인 프로젝트나 포트폴리오가 있다면 함께 첨부해 주세요. 실무 경험과 역량을 이해하는 데 도움이 됩니다. 유의사항 이력서는 자유 양식이며 모든 지원 서류는 수정 불가한 파일 형태(PDF 등)로 제출 부탁드립니다. (URL 첨부 불가) 재직 이력은 빠짐없이 정확하게 작성해 주시고, 휴직 이력이 있다면 기간과 사유를 구체적으로 기재해 주세요. 채용 과정에서 전/현직 직장의 영업 비밀이 침해되지 않도록 유의해 주세요. 주민번호, 현재 연봉, 희망 연봉 등 민감한 정보는 삭제하거나 마스킹 후 제출해 주세요. 공통 지원자격 해외 여행에 결격 사유가 없으신 분 채용절차 서류전형 → 1차면접 → 2차면접 → 처우협의 → 최종합격 전형은 상황 및 일정에 따라 변경될 수 있습니다. 지원서 내용 중 허위사실이 있는 경우에는 지원이 취소될 수 있습니다. 국가 유공자 및 장애인 등 취업 보호 대상자는 관계 법령에 따라 우대합니다. 최종 전형 전, 인성검사를 진행합니다. 본 포지션에 합격하시는 경우, 3개월의 수습 기간을 적용합니다. 채용정보 채용인원 : 0명 고용형태 : 정규직 채용유형 : 경력직 근무지역 : 서울시 서초구 강남대로 369, DF Tower 공고기간 : 상시채용 (채용 완료 시 조기에 마감될 수 있습니다.) 지원방법 포지션 지원 바로가기 (주민번호, 현재 및 희망 연봉 등의 민감 개인정보는 삭제 후 제출 요망) 문의사항은 jobs@dunamu.com 으로 연락주시기 바랍니다. 두나무 소개 두나무가 이직하기 좋은 기업인 이유",,,,서울,정규직,,,,,active,2026-03-05 18:52:10.194513,2026-03-05 18:52:10.194451,True
110,105,Junior Data Analyst | 두나무,https://www.dunamu.com/careers/jobs/1635,", 문제 해결 과정, 기여 성과/결과 등) Github, GitLab, Bitbucket 등의 개인 프로젝트나 포트폴리오가 있다면 함께 첨부해 주세요. 실무 경험과 역량을 이해하는 데 도움이 됩니다. 유의사항 재직 이력은 빠짐없이 정확하게 작성해 주시고, 휴직 이력이 있다면 기간과 사유를 구체적으로 기재해 주세요. 채용 과정에서 전/현직 직장의 영업 비밀이 침해되지 않도록 유의해 주세요. 주민번호, 현재 연봉, 희망 연봉 등 민감한 정보는 삭제하거나 마스킹 후 제출해 주세요. 공통 지원자격 해외 여행에 결격 사유가 없으신 분 채용절차 서류전형 → 1차면접 → 2차면접 → 처우협의 → 최종합격 전형은 상황 및 일정에 따라 변경될 수 있습니다. 지원서 내용 중 허위사실이 있는 경우에는 지원이 취소될 수 있습니다. 국가 유공자 및 장애인 등 취업 보호 대상자는 관계 법령에 따라 우대합니다. 최종 전형 전, 인성검사를 진행합니다. 본 포지션에 합격하시는 경우, 3개월의 수습 기간을 적용합니다. 채용정보 채용인원 : 0명 고용형태 : 정규직 채용유형 : 경력직 근무지역 : 서울시 서초구 강남대로 369, DF Tower 공고기간 : 상시채용 (채용 완료 시 조기에 마감될 수 있습니다.) 지원방법 포지션 지원 바로가기 (주민번호, 현재 및 희망 연봉 등의 민감 개인정보는 삭제 후 제출 요망) 문의사항은 jobs@dunamu.com 으로 연락 주시기 바랍니다. 두나무 소개 두나무가 이직하기 좋은 기업인 이유 채용공고 보기","2~5년의 데이터 분석과 데이터 마트 구축 및 운영 경험을 보유하신 분 SQL 및 Python으로 데이터를 분석하고 가공하는 것에 불편함이 없고 능숙하신 분 루틴한 업무만 수행하지 않고, 다양하고 새로운 문제 상황들을 정의하고 해결하는 것이 거리낌 없으신 분 조직 내외 커뮤니케이션을 통해 본인의 의견을 명확히 전달하고 타인의 의견을 존중할 수 있으신 분 우대사항 본인이 생산한 데이터의 주권을 가진 상태로 다양한 데이터 정합성을 검증하고 데이터를 관리해보신 분 이상적인 해결책을 도출할 수 없는 상황에서 포기하지 않고 지속적인 탐구를 통해 모두가 합의할 수 있는 차선의 해결책을 찾아낸 경험이 있으신 분 수리적 사고가 뛰어나신 분 데이터 마트를 안정적으로 운영하기 위한 모니터링 및 장애 대응 경험이 있으신 분 Airflow와 같은 워크플로우 플랫폼 사용 경험이 있으신 분 빅데이터 쿼리 엔진 사용 경험이 있으신 분 Redash, Superset과 같은 BI 툴을 통해 대시보드를 제작하고 운영한 경험이 있으신 분 금융 도메인에 관심이 있거나 경험이 있으신 분 지원서 작성 방법 이력서와 경력기술서는 필수 제출이며, 이력서 양식은 자유입니다. 이력서에는 실제 수행한 프로젝트를 중심으로, 본인의 역할과 기여 내용을 구체적으로 작성해주시기 바랍니다. 프로젝트명이나 결과만 나열하기보다는, 아래 항목을 참고하여 경험의 전반적인 맥락을 전달해 주세요. (예시: 프로젝트 개요, 목적, 팀 구성, 주요 업무, 문제 해결 과정, 기여 성과/결과 등) Github, GitLab, Bitbucket 등의 개인 프로젝트나 포트폴리오가 있다면 함께 첨부해 주세요. 실무 경험과 역량을 이해하는 데 도움이 됩니다. 유의사항 재직 이력은 빠짐없이 정확하게 작성해 주시고, 휴직 이력이 있다면 기간과 사유를 구체적으로 기재해 주세요. 채용 과정에서 전/현직 직장의 영업 비밀이 침해되지 않도록 유의해 주세요. 주민번호, 현재 연봉, 희망 연봉 등 민감한 정보는 삭제하거나 마스킹 후 제출해 주세요. 공통 지원자격 해외 여행에 결격 사유가 없으신 분 채용절차 서류전형 → 1차면접 → 2차면접 → 처우협의 → 최종합격 전형은 상황 및 일정에 따라 변경될 수 있습니다. 지원서 내용 중 허위사실이 있는 경우에는 지원이 취소될 수 있습니다. 국가 유공자 및 장애인 등 취업 보호 대상자는 관계 법령에 따라 우대합니다. 최종 전형 전, 인성검사를 진행합니다. 본 포지션에 합격하시는 경우, 3개월의 수습 기간을 적용합니다. 채용정보 채용인원 : 0명 고용형태 : 정규직 채용유형 : 경력직 근무지역 : 서울시 서초구 강남대로 369, DF Tower 공고기간 : 상시채용 (채용 완료 시 조기에 마감될 수 있습니다.) 지원방법 포지션 지원 바로가기 (주민번호, 현재 및 희망 연봉 등의 민감 개인정보는 삭제 후 제출 요망) 문의사항은 jobs@dunamu.com 으로 연락 주시기 바랍니다. 두나무 소개 두나무가 이직하기 좋은 기업인 이유","본인이 생산한 데이터의 주권을 가진 상태로 다양한 데이터 정합성을 검증하고 데이터를 관리해보신 분 이상적인 해결책을 도출할 수 없는 상황에서 포기하지 않고 지속적인 탐구를 통해 모두가 합의할 수 있는 차선의 해결책을 찾아낸 경험이 있으신 분 수리적 사고가 뛰어나신 분 데이터 마트를 안정적으로 운영하기 위한 모니터링 및 장애 대응 경험이 있으신 분 Airflow와 같은 워크플로우 플랫폼 사용 경험이 있으신 분 빅데이터 쿼리 엔진 사용 경험이 있으신 분 Redash, Superset과 같은 BI 툴을 통해 대시보드를 제작하고 운영한 경험이 있으신 분 금융 도메인에 관심이 있거나 경험이 있으신 분 지원서 작성 방법 이력서와 경력기술서는 필수 제출이며, 이력서 양식은 자유입니다. 이력서에는 실제 수행한 프로젝트를 중심으로, 본인의 역할과 기여 내용을 구체적으로 작성해주시기 바랍니다. 프로젝트명이나 결과만 나열하기보다는, 아래 항목을 참고하여 경험의 전반적인 맥락을 전달해 주세요. (예시: 프로젝트 개요, 목적, 팀 구성, 주요 업무, 문제 해결 과정, 기여 성과/결과 등) Github, GitLab, Bitbucket 등의 개인 프로젝트나 포트폴리오가 있다면 함께 첨부해 주세요. 실무 경험과 역량을 이해하는 데 도움이 됩니다. 유의사항 재직 이력은 빠짐없이 정확하게 작성해 주시고, 휴직 이력이 있다면 기간과 사유를 구체적으로 기재해 주세요. 채용 과정에서 전/현직 직장의 영업 비밀이 침해되지 않도록 유의해 주세요. 주민번호, 현재 연봉, 희망 연봉 등 민감한 정보는 삭제하거나 마스킹 후 제출해 주세요. 공통 지원자격 해외 여행에 결격 사유가 없으신 분 채용절차 서류전형 → 1차면접 → 2차면접 → 처우협의 → 최종합격 전형은 상황 및 일정에 따라 변경될 수 있습니다. 지원서 내용 중 허위사실이 있는 경우에는 지원이 취소될 수 있습니다. 국가 유공자 및 장애인 등 취업 보호 대상자는 관계 법령에 따라 우대합니다. 최종 전형 전, 인성검사를 진행합니다. 본 포지션에 합격하시는 경우, 3개월의 수습 기간을 적용합니다. 채용정보 채용인원 : 0명 고용형태 : 정규직 채용유형 : 경력직 근무지역 : 서울시 서초구 강남대로 369, DF Tower 공고기간 : 상시채용 (채용 완료 시 조기에 마감될 수 있습니다.) 지원방법 포지션 지원 바로가기 (주민번호, 현재 및 희망 연봉 등의 민감 개인정보는 삭제 후 제출 요망) 문의사항은 jobs@dunamu.com 으로 연락 주시기 바랍니다. 두나무 소개 두나무가 이직하기 좋은 기업인 이유",,,,서울,정규직,,,,,active,2026-03-05 18:52:10.583310,2026-03-05 18:52:10.583290,True
111,105,Web Frontend Engineer_업비트 웹 개발 | 두나무,https://www.dunamu.com/careers/jobs/1644,", 문제 해결 과정, 기여 성과/결과 등) Github, GitLab, Bitbucket 등의 개인 프로젝트나 포트폴리오가 있다면 함께 첨부해 주세요. 실무 경험과 역량을 이해하는 데 도움이 됩니다. 유의사항 이력서는 자유 양식입니다. 재직 이력은 빠짐없이 정확하게 작성해 주시고, 휴직 이력이 있다면 기간과 사유를 구체적으로 기재해 주세요. 채용 과정에서 전/현직 직장의 영업 비밀이 침해되지 않도록 유의해 주세요. 주민번호, 현재 연봉, 희망 연봉 등 민감한 정보는 삭제하거나 마스킹 후 제출해 주세요. 공통 지원자격 해외 여행에 결격 사유가 없으신 분 채용절차 서류전형 → 사전과제 → 1차면접 → 2차면접 → 처우협의 → 최종합격 전형은 상황 및 일정에 따라 변경될 수 있습니다. 지원서 내용 중 허위사실이 있는 경우에는 지원이 취소될 수 있습니다. 국가 유공자 및 장애인 등 취업 보호 대상자는 관계 법령에 따라 우대합니다. 최종 전형 전, 인성검사를 진행합니다. 본 포지션에 합격하시는 경우, 3개월의 수습 기간을 적용합니다. 채용정보 채용인원 : 0명 고용형태 : 정규직 채용유형 : 경력직 근무지역 : 서울시 서초구 강남대로 369, DF Tower 공고기간 : 상시채용 (채용 완료 시 조기에 마감될 수 있습니다.) 지원방법 포지션 지원 바로가기 (주민번호, 현재 및 희망 연봉 등의 민감 개인정보는 삭제 후 제출 요망) 문의사항은 jobs@dunamu.com 으로 연락주시기 바랍니다. 두나무 소개 두나무가 이직하기 좋은 기업인 이유 채용공고 보기","5년 이상의 웹서비스 개발 경험 또는 그에 준하는 경험이 있다고 스스로 평가하시는 분 서비스를 개발하고 운영하며 지속적으로 서비스를 개선해 본 경험이 있으신 분 TypeScript, React, Redux Toolkit, RTK Query 혹은 React-query, CSS-in-JS (Emotion), Jest 스택으로 개발이 가능하신 분 다양한 부서와 주도적으로 업무를 진행하고 원활하게 커뮤니케이션 할 수 있으신 분 프로덕트 요구사항을 구현하고 요건에 대한 자동화 테스트 작성이 가능하신 분 빈도 높은 상태 변화에 대한 렌더링 최적화 노하우가 있으신 분 우대사항 안드로이드, iOS의 인앱 웹뷰 개발 및 서비스 운영 경험이 있으신 분 핀테크 혹은 금융 분야에 종사한 경험이 있으신 분 Amazon Web Service, Kubernetes 등 클라우드 및 인프라에 대한 이해와 사용 경험이 있으신 분 서비스의 성능 한계를 겪고 이를 해결하기 위해 벤치마크, 프로파일링을 통해 현상을 분석하고 개선한 경험이 있으신 분 빌드프로세스, CI/CD 최적화 경험이 있으신 분 코드베이스에 대한 구조적 분석과 개선 경험이 있으신 분 코드 생산성 향상을 위한 경험이나 노하우가 있으신 분 지원서 작성 방법 이력서에는 실제 수행한 프로젝트를 중심으로, 본인의 역할과 기여 내용을 구체적으로 작성해주시기 바랍니다. 프로젝트명이나 결과만 나열하기보다는, 아래 항목을 참고하여 경험의 전반적인 맥락을 전달해 주세요. (예시: 프로젝트 개요, 목적, 팀 구성, 주요 업무, 문제 해결 과정, 기여 성과/결과 등) Github, GitLab, Bitbucket 등의 개인 프로젝트나 포트폴리오가 있다면 함께 첨부해 주세요. 실무 경험과 역량을 이해하는 데 도움이 됩니다. 유의사항 이력서는 자유 양식입니다. 재직 이력은 빠짐없이 정확하게 작성해 주시고, 휴직 이력이 있다면 기간과 사유를 구체적으로 기재해 주세요. 채용 과정에서 전/현직 직장의 영업 비밀이 침해되지 않도록 유의해 주세요. 주민번호, 현재 연봉, 희망 연봉 등 민감한 정보는 삭제하거나 마스킹 후 제출해 주세요. 공통 지원자격 해외 여행에 결격 사유가 없으신 분 채용절차 서류전형 → 사전과제 → 1차면접 → 2차면접 → 처우협의 → 최종합격 전형은 상황 및 일정에 따라 변경될 수 있습니다. 지원서 내용 중 허위사실이 있는 경우에는 지원이 취소될 수 있습니다. 국가 유공자 및 장애인 등 취업 보호 대상자는 관계 법령에 따라 우대합니다. 최종 전형 전, 인성검사를 진행합니다. 본 포지션에 합격하시는 경우, 3개월의 수습 기간을 적용합니다. 채용정보 채용인원 : 0명 고용형태 : 정규직 채용유형 : 경력직 근무지역 : 서울시 서초구 강남대로 369, DF Tower 공고기간 : 상시채용 (채용 완료 시 조기에 마감될 수 있습니다.) 지원방법 포지션 지원 바로가기 (주민번호, 현재 및 희망 연봉 등의 민감 개인정보는 삭제 후 제출 요망) 문의사항은 jobs@dunamu.com 으로 연락주시기 바랍니다. 두나무 소개 두나무가 이직하기 좋은 기업인 이유","안드로이드, iOS의 인앱 웹뷰 개발 및 서비스 운영 경험이 있으신 분 핀테크 혹은 금융 분야에 종사한 경험이 있으신 분 Amazon Web Service, Kubernetes 등 클라우드 및 인프라에 대한 이해와 사용 경험이 있으신 분 서비스의 성능 한계를 겪고 이를 해결하기 위해 벤치마크, 프로파일링을 통해 현상을 분석하고 개선한 경험이 있으신 분 빌드프로세스, CI/CD 최적화 경험이 있으신 분 코드베이스에 대한 구조적 분석과 개선 경험이 있으신 분 코드 생산성 향상을 위한 경험이나 노하우가 있으신 분 지원서 작성 방법 이력서에는 실제 수행한 프로젝트를 중심으로, 본인의 역할과 기여 내용을 구체적으로 작성해주시기 바랍니다. 프로젝트명이나 결과만 나열하기보다는, 아래 항목을 참고하여 경험의 전반적인 맥락을 전달해 주세요. (예시: 프로젝트 개요, 목적, 팀 구성, 주요 업무, 문제 해결 과정, 기여 성과/결과 등) Github, GitLab, Bitbucket 등의 개인 프로젝트나 포트폴리오가 있다면 함께 첨부해 주세요. 실무 경험과 역량을 이해하는 데 도움이 됩니다. 유의사항 이력서는 자유 양식입니다. 재직 이력은 빠짐없이 정확하게 작성해 주시고, 휴직 이력이 있다면 기간과 사유를 구체적으로 기재해 주세요. 채용 과정에서 전/현직 직장의 영업 비밀이 침해되지 않도록 유의해 주세요. 주민번호, 현재 연봉, 희망 연봉 등 민감한 정보는 삭제하거나 마스킹 후 제출해 주세요. 공통 지원자격 해외 여행에 결격 사유가 없으신 분 채용절차 서류전형 → 사전과제 → 1차면접 → 2차면접 → 처우협의 → 최종합격 전형은 상황 및 일정에 따라 변경될 수 있습니다. 지원서 내용 중 허위사실이 있는 경우에는 지원이 취소될 수 있습니다. 국가 유공자 및 장애인 등 취업 보호 대상자는 관계 법령에 따라 우대합니다. 최종 전형 전, 인성검사를 진행합니다. 본 포지션에 합격하시는 경우, 3개월의 수습 기간을 적용합니다. 채용정보 채용인원 : 0명 고용형태 : 정규직 채용유형 : 경력직 근무지역 : 서울시 서초구 강남대로 369, DF Tower 공고기간 : 상시채용 (채용 완료 시 조기에 마감될 수 있습니다.) 지원방법 포지션 지원 바로가기 (주민번호, 현재 및 희망 연봉 등의 민감 개인정보는 삭제 후 제출 요망) 문의사항은 jobs@dunamu.com 으로 연락주시기 바랍니다. 두나무 소개 두나무가 이직하기 좋은 기업인 이유",,,,서울,정규직,,,,,active,2026-03-05 18:52:10.819613,2026-03-05 18:52:10.819594,True
112,105,Frontend Engineer_데이터 프로덕트 서비스 개발 | 두나무,https://www.dunamu.com/careers/jobs/1645,", 문제 해결 과정, 기여 성과/결과 등) Github, GitLab, Bitbucket 등의 개인 프로젝트나 포트폴리오가 있다면 함께 첨부해 주세요. 실무 경험과 역량을 이해하는 데 도움이 됩니다. 유의사항 이력서는 자유 양식입니다. 재직 이력은 빠짐없이 정확하게 작성해 주시고, 휴직 이력이 있다면 기간과 사유를 구체적으로 기재해 주세요. 채용 과정에서 전/현직 직장의 영업 비밀이 침해되지 않도록 유의해 주세요. 주민번호, 현재 연봉, 희망 연봉 등 민감한 정보는 삭제하거나 마스킹 후 제출해 주세요. 공통 지원자격 해외 여행에 결격 사유가 없으신 분 채용절차 서류전형 → 사전과제 → 1차면접 → 2차면접 → 처우협의 → 최종합격 전형은 상황 및 일정에 따라 변경될 수 있습니다. 지원서 내용 중 허위사실이 있는 경우에는 지원이 취소될 수 있습니다. 국가 유공자 및 장애인 등 취업 보호 대상자는 관계 법령에 따라 우대합니다. 최종 전형 전, 인성검사를 진행합니다. 본 포지션에 합격하시는 경우, 3개월의 수습 기간을 적용합니다. 채용정보 채용인원 : 0명 고용형태 : 정규직 채용유형 : 경력직 근무지역 : 서울시 서초구 강남대로 369, DF Tower 공고기간 : 상시채용 (채용 완료 시 조기에 마감될 수 있습니다.) 지원방법 포지션 지원 바로가기 (주민번호, 현재 및 희망 연봉 등의 민감 개인정보는 삭제 후 제출 요망) 문의사항은 jobs@dunamu.com 으로 연락주시기 바랍니다. 두나무 소개 두나무가 이직하기 좋은 기업인 이유 채용공고 보기","5년 이상의 웹 서비스 개발 경력 또는 그에 준하는 상용 서비스 실무 경험이 있으신 분 TypeScript·React·Vue·Nuxt·Next.js 기반의 고도화된 개발 역량이 뛰어나신 분 Canvas·WebGL을 활용한 고성능 렌더링 및 실시간 데이터 시각화 구현 경험이 있으신 분 React Query 기반 서버 상태 관리 및 대규모 데이터 캐싱 경험이 있으신 분 SSR 및 SEO 최적화를 통한 서비스 성과 개선 경험이 있으신 분 복수 도메인(B2C·B2B·사내툴·마케팅 페이지 등)에서의 상용 서비스 개발 경험이 있으신 분 웹 표준을 준수한 반응형 인터페이스 구현 경험이 있으신 분 기획자·디자이너·백엔드 개발자 등과의 주도적인 협업 경험이 있으신 분 요구사항 분석 기반 기능 구현과 단위·E2E 테스트를 통한 품질 관리 경험이 있으신 분 대규모 트래픽 환경에서의 성능 최적화 및 신속한 배포 경험이 있으신 분 우대사항 Highcharts·D3.js·ECharts 등 차트 시각화 라이브러리 활용 경험이 있으신 분 PixiJS·Cytoscape.js 등 WebGL 기반 그래픽 렌더링 및 대규모 관계 데이터 시각화 경험이 있으신 분 대규모 트래픽과 데이터 확장을 지원하는 서비스 아키텍처 설계 경험이 있으신 분 대규모 상태 관리 및 렌더링 환경 최적화 경험이 있으신 분 Unit·Visual·E2E 등 테스트 자동화 구축 및 운영 경험이 있으신 분 Webpack·Vite 등 빌드 시스템 최적화 및 CI/CD 파이프라인 운영 경험이 있으신 분 핀테크·트레이딩·금융 서비스 도메인 경험이 있으신 분 AWS·Kubernetes 등 클라우드 인프라 활용 및 운영 경험이 있으신 분 라이브러리·솔루션 형태 제품의 아키텍처 설계 및 배포 경험이 있으신 분 지원서 작성 방법 이력서에는 실제 수행한 프로젝트를 중심으로, 본인의 역할과 기여 내용을 구체적으로 작성해주시기 바랍니다. 프로젝트명이나 결과만 나열하기보다는, 아래 항목을 참고하여 경험의 전반적인 맥락을 전달해 주세요. (예시: 프로젝트 개요, 목적, 팀 구성, 주요 업무, 문제 해결 과정, 기여 성과/결과 등) Github, GitLab, Bitbucket 등의 개인 프로젝트나 포트폴리오가 있다면 함께 첨부해 주세요. 실무 경험과 역량을 이해하는 데 도움이 됩니다. 유의사항 이력서는 자유 양식입니다. 재직 이력은 빠짐없이 정확하게 작성해 주시고, 휴직 이력이 있다면 기간과 사유를 구체적으로 기재해 주세요. 채용 과정에서 전/현직 직장의 영업 비밀이 침해되지 않도록 유의해 주세요. 주민번호, 현재 연봉, 희망 연봉 등 민감한 정보는 삭제하거나 마스킹 후 제출해 주세요. 공통 지원자격 해외 여행에 결격 사유가 없으신 분 채용절차 서류전형 → 사전과제 → 1차면접 → 2차면접 → 처우협의 → 최종합격 전형은 상황 및 일정에 따라 변경될 수 있습니다. 지원서 내용 중 허위사실이 있는 경우에는 지원이 취소될 수 있습니다. 국가 유공자 및 장애인 등 취업 보호 대상자는 관계 법령에 따라 우대합니다. 최종 전형 전, 인성검사를 진행합니다. 본 포지션에 합격하시는 경우, 3개월의 수습 기간을 적용합니다. 채용정보 채용인원 : 0명 고용형태 : 정규직 채용유형 : 경력직 근무지역 : 서울시 서초구 강남대로 369, DF Tower 공고기간 : 상시채용 (채용 완료 시 조기에 마감될 수 있습니다.) 지원방법 포지션 지원 바로가기 (주민번호, 현재 및 희망 연봉 등의 민감 개인정보는 삭제 후 제출 요망) 문의사항은 jobs@dunamu.com 으로 연락주시기 바랍니다. 두나무 소개 두나무가 이직하기 좋은 기업인 이유","Highcharts·D3.js·ECharts 등 차트 시각화 라이브러리 활용 경험이 있으신 분 PixiJS·Cytoscape.js 등 WebGL 기반 그래픽 렌더링 및 대규모 관계 데이터 시각화 경험이 있으신 분 대규모 트래픽과 데이터 확장을 지원하는 서비스 아키텍처 설계 경험이 있으신 분 대규모 상태 관리 및 렌더링 환경 최적화 경험이 있으신 분 Unit·Visual·E2E 등 테스트 자동화 구축 및 운영 경험이 있으신 분 Webpack·Vite 등 빌드 시스템 최적화 및 CI/CD 파이프라인 운영 경험이 있으신 분 핀테크·트레이딩·금융 서비스 도메인 경험이 있으신 분 AWS·Kubernetes 등 클라우드 인프라 활용 및 운영 경험이 있으신 분 라이브러리·솔루션 형태 제품의 아키텍처 설계 및 배포 경험이 있으신 분 지원서 작성 방법 이력서에는 실제 수행한 프로젝트를 중심으로, 본인의 역할과 기여 내용을 구체적으로 작성해주시기 바랍니다. 프로젝트명이나 결과만 나열하기보다는, 아래 항목을 참고하여 경험의 전반적인 맥락을 전달해 주세요. (예시: 프로젝트 개요, 목적, 팀 구성, 주요 업무, 문제 해결 과정, 기여 성과/결과 등) Github, GitLab, Bitbucket 등의 개인 프로젝트나 포트폴리오가 있다면 함께 첨부해 주세요. 실무 경험과 역량을 이해하는 데 도움이 됩니다. 유의사항 이력서는 자유 양식입니다. 재직 이력은 빠짐없이 정확하게 작성해 주시고, 휴직 이력이 있다면 기간과 사유를 구체적으로 기재해 주세요. 채용 과정에서 전/현직 직장의 영업 비밀이 침해되지 않도록 유의해 주세요. 주민번호, 현재 연봉, 희망 연봉 등 민감한 정보는 삭제하거나 마스킹 후 제출해 주세요. 공통 지원자격 해외 여행에 결격 사유가 없으신 분 채용절차 서류전형 → 사전과제 → 1차면접 → 2차면접 → 처우협의 → 최종합격 전형은 상황 및 일정에 따라 변경될 수 있습니다. 지원서 내용 중 허위사실이 있는 경우에는 지원이 취소될 수 있습니다. 국가 유공자 및 장애인 등 취업 보호 대상자는 관계 법령에 따라 우대합니다. 최종 전형 전, 인성검사를 진행합니다. 본 포지션에 합격하시는 경우, 3개월의 수습 기간을 적용합니다. 채용정보 채용인원 : 0명 고용형태 : 정규직 채용유형 : 경력직 근무지역 : 서울시 서초구 강남대로 369, DF Tower 공고기간 : 상시채용 (채용 완료 시 조기에 마감될 수 있습니다.) 지원방법 포지션 지원 바로가기 (주민번호, 현재 및 희망 연봉 등의 민감 개인정보는 삭제 후 제출 요망) 문의사항은 jobs@dunamu.com 으로 연락주시기 바랍니다. 두나무 소개 두나무가 이직하기 좋은 기업인 이유",,,,서울,정규직,,,,,active,2026-03-05 18:52:11.278236,2026-03-05 18:52:11.278219,True
113,105,브랜드 경험 및 컬처 담당자 | 두나무,https://www.dunamu.com/careers/jobs/1648,"채용 함께 만드는 더 가치있는 미래 채용공고 두나무 이야기 채용공고 새로운 미래를 만드는 여정에 함께할 최고의 동료를 찾습니다 브랜드 경험 및 컬처 담당자 2026.02.26 조직소개 우리 조직은 다양한 활동을 통해 두나무의 브랜드 정체성과 핵심 가치를 내외부에 전달하고, 브랜드에 대한 긍정적인 인식과 로열티를 높이고자 합니다. 브랜드 경험(BX)은 기업이 다양한 접점에서 관계를 맺는 방식이며, 조직의 성장과 연결되는 중요한 요소입니다. 우리는 내부 구성원과 외부 이해관계자가 두나무의 비전과 가치를 자연스럽게 경험할 수 있도록 다양한 내외부 브랜딩 프로그램을 기획하고 운영합니다. 우리 조직에서는 다음과 같은 경험을 할 수 있습니다. 두나무의 비전과 핵심 가치를 조직 내 프로그램과 커뮤니케이션에 연결하며, 조직문화와 브랜드 경험을 함께 다루는 역할을 수행할 수 있습니다. 전사 단위 프로젝트를 기획하고 실행을 주도하며, 다양한 이해관계자와 협업하는 경험을 쌓을 수 있습니다. 빠르게 변화하는 환경 속에서 문화·브랜드 관련 주요 과제를 맡아 실질적인 임팩트를 만들어볼 수 있습니다. 경영진의 방향성과 메시지를 프로그램, 콘텐츠, 캠페인 등 구체적인 실행으로 구현하는 전략적 기획 역량을 발전시킬 수 있습니다. 대외 브랜드 경험과 내부 조직문화 설계를 아우르는 경험을 통해, 기업 브랜딩 전반을 통합적으로 설계하는 역할을 수행합니다. 주요업무 사내 문화 진단 및 개선 과제 운영 사내 문화 진단(서베이, 인터뷰 등)을 기획·운영하고 주요 인사이트를 도출 진단 결과를 바탕으로 개선 과제를 정의하고 실행을 주도 관련 지표를 관리하며 개선 방향을 지속적으로 점검 핵심 가치 내재화 및 학습 프로그램 기획 핵심 가치 및 일하는 방식 내재화를 위한 프로그램 기획 및 운영 리더십 프로그램, 스터디, 지식 공유 세션 등 학습·문화 프로그램을 기획하고 실행 프로그램 운영 결과를 바탕으로 개선안을 도출하고 고도화 전사 커뮤니케이션 기획 및 실행 타운홀, 뉴스레터 등 내부 커뮤니케이션 채널 기획 및 운영 주요 메시지를 효과적으로 전달하기 위한 콘텐츠 기획 및 제작 전사 문화 캠페인 및 참여형 이벤트를 기획하고 실행 조직 내 소통 및 참여 프로그램 운영 경영진–구성원 간 소통 프로그램 기획 및 운영 지원 사내 동호회 및 참여 프로그램 운영 체계 관리 구성원 참여를 높이기 위한 개선 아이디어 제안 및 실행 대외 브랜드 경험 기획 및 운영 브랜드 전략과 행사 목적에 부합하는 대외 브랜드 경험 기획 컨퍼런스, 전시, 세미나 등 행사 기획 및 운영 행사 결과를 분석하고 개선 포인트 도출 자격요건 조직/사내 문화, 내부 커뮤니케이션, 브랜드 경험 등 관련 분야에서 5~7년 내외의 경력을 보유하신 분 조직 또는 전사 단위 프로그램을 기획하고 주도적으로 운영한 경험이 있으신 분 내부 브랜딩 또는 사내 문화 프로그램을 직접 기획·실행해 본 경험이 있으신 분 대규모 행사(300명 이상) 또는 정기 프로그램 운영 경험이 있으신 분 타운홀, 뉴스레터 등 내부 커뮤니케이션 채널 운영 경험이 있으신 분 데이터 기반으로 프로그램 성과를 점검하고 개선해 본 경험이 있으신 분 다양한 이해관계자와 협업하며 원활하게 커뮤니케이션할 수 있으신 분 우대사항 IT/스타트업 등 빠르게 변화하는 환경에서 근무한 경험이 있으신 분 블록체인 및 핀테크 업계에 대한 기본적인 이해가 있으신 분 조직/사내 문화 관련 서베이 설계 및 분석 경험이 있으신 분 여러 이해관계자가 참여하는 프로젝트를 체계적으로 일정과 리소스를 관리해 본 경험이 있으신 분 문서 작성 및 콘텐츠 기획 역량을 갖추고 메시지를 명확하게 정리할 수 있으신 분 맡은 업무를 책임감 있게 완수하고 세부 사항을 꼼꼼하게 관리할 수 있으신 분 지원서 작성 방법 이력서 및 경력기술서 (포트폴리오)는 필수 입니다. 특히, 본인이 50% 이상 주도적으로 기여한 프로젝트 및 업무를 중심으로 상세히 기술해 주세요. 단순 참여가 아닌, 기획·의사결정·실행 등에서의 구체적인 역할과 책임 범위, 그리고 성과가 드러나도록 작성해 주세요. 유의사항 재직 이력은 빠짐없이 정확하게 작성해 주시고, 휴직 이력이 있다면 기간과 사유를 구체적으로 기재해 주세요. 채용 과정에서 전/현직 직장의 영업 비밀이 침해되지 않도록 유의해 주세요. 주민번호, 현재 연봉, 희망 연봉 등 민감한 정보는 삭제하거나 마스킹 후 제출해 주세요. 공통 지원자격 해외 여행에 결격 사유가 없으신 분 채용절차 서류전형 → 1차면접 → 2차면접 → 처우협의 → 최종합격 전형은 상황 및 일정에 따라 변경될 수 있습니다. 지원서 내용 중 허위사실이 있는 경우에는 지원이 취소될 수 있습니다. 국가 유공자 및 장애인 등 취업 보호 대상자는 관계 법령에 따라 우대합니다. 최종 전형 전, 인성검사를 진행합니다. 본 포지션에 합격하시는 경우, 3개월의 수습 기간을 적용합니다. 채용정보 채용인원 : 0명 고용형태 : 정규직 채용유형 : 경력직 근무지역 : 서울시 서초구 강남대로 369, DF Tower 공고기간 : 상시채용 (채용 완료 시 조기에 마감될 수 있습니다.) 지원방법 포지션 지원 바로가기 (주민번호, 현재 및 희망 연봉 등의 민감 개인정보는 삭제 후 제출 요망) 문의사항은 jobs@dunamu.com 으로 연락주시기 바랍니다. 두나무 소개 두나무가 이직하기 좋은 기업인 이유 채용공고 보기","조직/사내 문화, 내부 커뮤니케이션, 브랜드 경험 등 관련 분야에서 5~7년 내외의 경력을 보유하신 분 조직 또는 전사 단위 프로그램을 기획하고 주도적으로 운영한 경험이 있으신 분 내부 브랜딩 또는 사내 문화 프로그램을 직접 기획·실행해 본 경험이 있으신 분 대규모 행사(300명 이상) 또는 정기 프로그램 운영 경험이 있으신 분 타운홀, 뉴스레터 등 내부 커뮤니케이션 채널 운영 경험이 있으신 분 데이터 기반으로 프로그램 성과를 점검하고 개선해 본 경험이 있으신 분 다양한 이해관계자와 협업하며 원활하게 커뮤니케이션할 수 있으신 분 우대사항 IT/스타트업 등 빠르게 변화하는 환경에서 근무한 경험이 있으신 분 블록체인 및 핀테크 업계에 대한 기본적인 이해가 있으신 분 조직/사내 문화 관련 서베이 설계 및 분석 경험이 있으신 분 여러 이해관계자가 참여하는 프로젝트를 체계적으로 일정과 리소스를 관리해 본 경험이 있으신 분 문서 작성 및 콘텐츠 기획 역량을 갖추고 메시지를 명확하게 정리할 수 있으신 분 맡은 업무를 책임감 있게 완수하고 세부 사항을 꼼꼼하게 관리할 수 있으신 분 지원서 작성 방법 이력서 및 경력기술서 (포트폴리오)는 필수 입니다. 특히, 본인이 50% 이상 주도적으로 기여한 프로젝트 및 업무를 중심으로 상세히 기술해 주세요. 단순 참여가 아닌, 기획·의사결정·실행 등에서의 구체적인 역할과 책임 범위, 그리고 성과가 드러나도록 작성해 주세요. 유의사항 재직 이력은 빠짐없이 정확하게 작성해 주시고, 휴직 이력이 있다면 기간과 사유를 구체적으로 기재해 주세요. 채용 과정에서 전/현직 직장의 영업 비밀이 침해되지 않도록 유의해 주세요. 주민번호, 현재 연봉, 희망 연봉 등 민감한 정보는 삭제하거나 마스킹 후 제출해 주세요. 공통 지원자격 해외 여행에 결격 사유가 없으신 분 채용절차 서류전형 → 1차면접 → 2차면접 → 처우협의 → 최종합격 전형은 상황 및 일정에 따라 변경될 수 있습니다. 지원서 내용 중 허위사실이 있는 경우에는 지원이 취소될 수 있습니다. 국가 유공자 및 장애인 등 취업 보호 대상자는 관계 법령에 따라 우대합니다. 최종 전형 전, 인성검사를 진행합니다. 본 포지션에 합격하시는 경우, 3개월의 수습 기간을 적용합니다. 채용정보 채용인원 : 0명 고용형태 : 정규직 채용유형 : 경력직 근무지역 : 서울시 서초구 강남대로 369, DF Tower 공고기간 : 상시채용 (채용 완료 시 조기에 마감될 수 있습니다.) 지원방법 포지션 지원 바로가기 (주민번호, 현재 및 희망 연봉 등의 민감 개인정보는 삭제 후 제출 요망) 문의사항은 jobs@dunamu.com 으로 연락주시기 바랍니다. 두나무 소개 두나무가 이직하기 좋은 기업인 이유","IT/스타트업 등 빠르게 변화하는 환경에서 근무한 경험이 있으신 분 블록체인 및 핀테크 업계에 대한 기본적인 이해가 있으신 분 조직/사내 문화 관련 서베이 설계 및 분석 경험이 있으신 분 여러 이해관계자가 참여하는 프로젝트를 체계적으로 일정과 리소스를 관리해 본 경험이 있으신 분 문서 작성 및 콘텐츠 기획 역량을 갖추고 메시지를 명확하게 정리할 수 있으신 분 맡은 업무를 책임감 있게 완수하고 세부 사항을 꼼꼼하게 관리할 수 있으신 분 지원서 작성 방법 이력서 및 경력기술서 (포트폴리오)는 필수 입니다. 특히, 본인이 50% 이상 주도적으로 기여한 프로젝트 및 업무를 중심으로 상세히 기술해 주세요. 단순 참여가 아닌, 기획·의사결정·실행 등에서의 구체적인 역할과 책임 범위, 그리고 성과가 드러나도록 작성해 주세요. 유의사항 재직 이력은 빠짐없이 정확하게 작성해 주시고, 휴직 이력이 있다면 기간과 사유를 구체적으로 기재해 주세요. 채용 과정에서 전/현직 직장의 영업 비밀이 침해되지 않도록 유의해 주세요. 주민번호, 현재 연봉, 희망 연봉 등 민감한 정보는 삭제하거나 마스킹 후 제출해 주세요. 공통 지원자격 해외 여행에 결격 사유가 없으신 분 채용절차 서류전형 → 1차면접 → 2차면접 → 처우협의 → 최종합격 전형은 상황 및 일정에 따라 변경될 수 있습니다. 지원서 내용 중 허위사실이 있는 경우에는 지원이 취소될 수 있습니다. 국가 유공자 및 장애인 등 취업 보호 대상자는 관계 법령에 따라 우대합니다. 최종 전형 전, 인성검사를 진행합니다. 본 포지션에 합격하시는 경우, 3개월의 수습 기간을 적용합니다. 채용정보 채용인원 : 0명 고용형태 : 정규직 채용유형 : 경력직 근무지역 : 서울시 서초구 강남대로 369, DF Tower 공고기간 : 상시채용 (채용 완료 시 조기에 마감될 수 있습니다.) 지원방법 포지션 지원 바로가기 (주민번호, 현재 및 희망 연봉 등의 민감 개인정보는 삭제 후 제출 요망) 문의사항은 jobs@dunamu.com 으로 연락주시기 바랍니다. 두나무 소개 두나무가 이직하기 좋은 기업인 이유",,,,서울,정규직,,,,,active,2026-03-05 18:52:11.695724,2026-03-05 18:52:11.695708,True
114,105,브랜드 행사 기획 및 운영 담당자 | 두나무,https://www.dunamu.com/careers/jobs/1649,"채용 함께 만드는 더 가치있는 미래 채용공고 두나무 이야기 채용공고 새로운 미래를 만드는 여정에 함께할 최고의 동료를 찾습니다 브랜드 행사 기획 및 운영 담당자 2026.02.26 조직소개 우리 조직은 다양한 활동을 통해 두나무의 브랜드 정체성과 핵심 가치를 내외부에 전달하고, 브랜드에 대한 긍정적인 인식과 로열티를 높이고자 합니다. 브랜드 경험(BX)은 기업이 다양한 접점에서 관계를 맺는 방식이며, 조직의 성장과 연결되는 중요한 요소입니다. 우리는 내부 구성원과 외부 이해관계자가 두나무의 비전과 가치를 자연스럽게 경험할 수 있도록 다양한 내외부 브랜딩 프로그램을 기획하고 운영합니다. 우리 조직에서는 다음과 같은 경험을 할 수 있습니다. 기술과 금융이 결합된 산업에서 브랜드 경험을 기획하며, 전문성과 브랜딩을 동시에 확장할 수 있습니다. 대규모 컨퍼런스, 전시, 세미나 등 다양한 접점에서 브랜드 경험을 설계하며, 프로젝트의 스케일과 영향력을 확장할 수 있습니다. 경영진의 방향성과 사업 전략을 이해하고, 이를 외부 이해관계자에게 효과적으로 전달하는 경험을 쌓을 수 있습니다. 에이전시, 파트너사, 연사 등 다양한 외부 이해관계자와 협업하여 프로젝트 리딩 및 매니징 역량을 강화할 수 있습니다. 빠르게 변화하는 산업 환경 속에서 브랜드 경험을 기획하며, 산업 트렌드와 기업 브랜딩을 함께 이해하는 시야를 넓힐 수 있습니다. 주요업무 대외 브랜드 경험 기획 브랜드 전략과 행사 목적에 부합하는 대외 브랜드 경험 기획 컨퍼런스, 전시, 세미나 등 온·오프라인 행사 콘셉트 및 세션 구성 기획 브랜드 메시지를 공간, 콘텐츠, 프로그램으로 구체화 프로젝트 운영 총괄 및 매니징 행사 운영 계획 수립 및 실행 관리 예산, 일정, 리스크 관리 및 운영 프로세스 설계 에이전시 및 협력사 커뮤니케이션 리딩 프로젝트 수행에 필요한 A to Z 업무 관리 (홍보, 연사 및 세션 운영, 등록 시스템, 인쇄물, 전시, 식음료 등) 성과 분석 및 개선 성과 데이터 분석 및 리포트 작성 개선 방향 도출 및 향후 기획에 반영 대내 브랜드 경험 업무 지원 전사 문화 행사 및 캠페인 운영 기획 협업 구성원 참여형 이벤트 및 사내 문화 캠페인 기획 및 실행 자격요건 브랜드 경험(BX), 마케팅, 행사·프로모션 기획 등 관련 분야에서 3년 이상의 실무 경험이 있으신 분 온·오프라인 브랜드 경험 프로그램을 기획하고 운영해 본 경험이 있으신 분 다양한 내·외부 이해관계자와 협업하여 프로젝트를 주도적으로 실행한 경험이 있으신 분 제안서 및 기획서 작성 역량을 갖추고, 브랜드 메시지를 구조화하여 명확하게 전달할 수 있으신 분 예산·일정·리스크를 체계적으로 관리하며 프로젝트를 완수한 경험이 있으신 분 맡은 업무를 책임감 있게 추진하고 세부 사항을 꼼꼼하게 관리할 수 있으신 분 우대사항 IT/테크, 금융, 블록체인 등 산업군에서 브랜드 또는 행사 PM 경험이 있으신 분 대규모 행사(300명 이상) 또는 정기 브랜드 이벤트를 운영해 본 경험이 있으신 분 에이전시 또는 외부 파트너를 리딩한 경험이 있으신 분 콘텐츠(영상, 디자인, 스토리텔링 등) 기획 경험이 있으신 분 글로벌 행사 또는 해외 파트너와 협업 경험이 있으신 분 비즈니스 영어 커뮤니케이션이 가능하신 분 블록체인 및 핀테크 산업에 대한 이해가 있으신 분 지원서 작성 방법 이력서 및 경력기술서 (포트폴리오)는 필수 입니다. 특히, 본인이 50% 이상 주도적으로 기여한 프로젝트 및 업무를 중심으로 상세히 기술해 주세요. 단순 참여가 아닌, 기획·의사결정·실행 등에서의 구체적인 역할과 책임 범위, 그리고 성과가 드러나도록 작성해 주세요. 유의사항 재직 이력은 빠짐없이 정확하게 작성해 주시고, 휴직 이력이 있다면 기간과 사유를 구체적으로 기재해 주세요. 채용 과정에서 전/현직 직장의 영업 비밀이 침해되지 않도록 유의해 주세요. 주민번호, 현재 연봉, 희망 연봉 등 민감한 정보는 삭제하거나 마스킹 후 제출해 주세요. 공통 지원자격 해외 여행에 결격 사유가 없으신 분 채용절차 서류전형 → 1차면접 → 2차면접 → 처우협의 → 최종합격 전형은 상황 및 일정에 따라 변경될 수 있습니다. 지원서 내용 중 허위사실이 있는 경우에는 지원이 취소될 수 있습니다. 국가 유공자 및 장애인 등 취업 보호 대상자는 관계 법령에 따라 우대합니다. 최종 전형 전, 인성검사를 진행합니다. 본 포지션에 합격하시는 경우, 3개월의 수습 기간을 적용합니다. 채용정보 채용인원 : 0명 고용형태 : 계약직 (해당 포지션의 고용형태는 1년 후 계약이 종료되는 계약직이며, 업무역량에 따라 계약이 연장되거나 정규직으로 전환될 수 있습니다.) 채용유형 : 경력직 근무지역 : 서울시 서초구 강남대로 369, DF Tower 공고기간 : 상시채용 (채용 완료 시 조기에 마감될 수 있습니다.) 지원방법 포지션 지원 바로가기 (주민번호, 현재 및 희망 연봉 등의 민감 개인정보는 삭제 후 제출 요망) 문의사항은 jobs@dunamu.com 으로 연락주시기 바랍니다. 두나무 소개 두나무가 이직하기 좋은 기업인 이유 채용공고 보기","브랜드 경험(BX), 마케팅, 행사·프로모션 기획 등 관련 분야에서 3년 이상의 실무 경험이 있으신 분 온·오프라인 브랜드 경험 프로그램을 기획하고 운영해 본 경험이 있으신 분 다양한 내·외부 이해관계자와 협업하여 프로젝트를 주도적으로 실행한 경험이 있으신 분 제안서 및 기획서 작성 역량을 갖추고, 브랜드 메시지를 구조화하여 명확하게 전달할 수 있으신 분 예산·일정·리스크를 체계적으로 관리하며 프로젝트를 완수한 경험이 있으신 분 맡은 업무를 책임감 있게 추진하고 세부 사항을 꼼꼼하게 관리할 수 있으신 분 우대사항 IT/테크, 금융, 블록체인 등 산업군에서 브랜드 또는 행사 PM 경험이 있으신 분 대규모 행사(300명 이상) 또는 정기 브랜드 이벤트를 운영해 본 경험이 있으신 분 에이전시 또는 외부 파트너를 리딩한 경험이 있으신 분 콘텐츠(영상, 디자인, 스토리텔링 등) 기획 경험이 있으신 분 글로벌 행사 또는 해외 파트너와 협업 경험이 있으신 분 비즈니스 영어 커뮤니케이션이 가능하신 분 블록체인 및 핀테크 산업에 대한 이해가 있으신 분 지원서 작성 방법 이력서 및 경력기술서 (포트폴리오)는 필수 입니다. 특히, 본인이 50% 이상 주도적으로 기여한 프로젝트 및 업무를 중심으로 상세히 기술해 주세요. 단순 참여가 아닌, 기획·의사결정·실행 등에서의 구체적인 역할과 책임 범위, 그리고 성과가 드러나도록 작성해 주세요. 유의사항 재직 이력은 빠짐없이 정확하게 작성해 주시고, 휴직 이력이 있다면 기간과 사유를 구체적으로 기재해 주세요. 채용 과정에서 전/현직 직장의 영업 비밀이 침해되지 않도록 유의해 주세요. 주민번호, 현재 연봉, 희망 연봉 등 민감한 정보는 삭제하거나 마스킹 후 제출해 주세요. 공통 지원자격 해외 여행에 결격 사유가 없으신 분 채용절차 서류전형 → 1차면접 → 2차면접 → 처우협의 → 최종합격 전형은 상황 및 일정에 따라 변경될 수 있습니다. 지원서 내용 중 허위사실이 있는 경우에는 지원이 취소될 수 있습니다. 국가 유공자 및 장애인 등 취업 보호 대상자는 관계 법령에 따라 우대합니다. 최종 전형 전, 인성검사를 진행합니다. 본 포지션에 합격하시는 경우, 3개월의 수습 기간을 적용합니다. 채용정보 채용인원 : 0명 고용형태 : 계약직 (해당 포지션의 고용형태는 1년 후 계약이 종료되는 계약직이며, 업무역량에 따라 계약이 연장되거나 정규직으로 전환될 수 있습니다.) 채용유형 : 경력직 근무지역 : 서울시 서초구 강남대로 369, DF Tower 공고기간 : 상시채용 (채용 완료 시 조기에 마감될 수 있습니다.) 지원방법 포지션 지원 바로가기 (주민번호, 현재 및 희망 연봉 등의 민감 개인정보는 삭제 후 제출 요망) 문의사항은 jobs@dunamu.com 으로 연락주시기 바랍니다. 두나무 소개 두나무가 이직하기 좋은 기업인 이유","IT/테크, 금융, 블록체인 등 산업군에서 브랜드 또는 행사 PM 경험이 있으신 분 대규모 행사(300명 이상) 또는 정기 브랜드 이벤트를 운영해 본 경험이 있으신 분 에이전시 또는 외부 파트너를 리딩한 경험이 있으신 분 콘텐츠(영상, 디자인, 스토리텔링 등) 기획 경험이 있으신 분 글로벌 행사 또는 해외 파트너와 협업 경험이 있으신 분 비즈니스 영어 커뮤니케이션이 가능하신 분 블록체인 및 핀테크 산업에 대한 이해가 있으신 분 지원서 작성 방법 이력서 및 경력기술서 (포트폴리오)는 필수 입니다. 특히, 본인이 50% 이상 주도적으로 기여한 프로젝트 및 업무를 중심으로 상세히 기술해 주세요. 단순 참여가 아닌, 기획·의사결정·실행 등에서의 구체적인 역할과 책임 범위, 그리고 성과가 드러나도록 작성해 주세요. 유의사항 재직 이력은 빠짐없이 정확하게 작성해 주시고, 휴직 이력이 있다면 기간과 사유를 구체적으로 기재해 주세요. 채용 과정에서 전/현직 직장의 영업 비밀이 침해되지 않도록 유의해 주세요. 주민번호, 현재 연봉, 희망 연봉 등 민감한 정보는 삭제하거나 마스킹 후 제출해 주세요. 공통 지원자격 해외 여행에 결격 사유가 없으신 분 채용절차 서류전형 → 1차면접 → 2차면접 → 처우협의 → 최종합격 전형은 상황 및 일정에 따라 변경될 수 있습니다. 지원서 내용 중 허위사실이 있는 경우에는 지원이 취소될 수 있습니다. 국가 유공자 및 장애인 등 취업 보호 대상자는 관계 법령에 따라 우대합니다. 최종 전형 전, 인성검사를 진행합니다. 본 포지션에 합격하시는 경우, 3개월의 수습 기간을 적용합니다. 채용정보 채용인원 : 0명 고용형태 : 계약직 (해당 포지션의 고용형태는 1년 후 계약이 종료되는 계약직이며, 업무역량에 따라 계약이 연장되거나 정규직으로 전환될 수 있습니다.) 채용유형 : 경력직 근무지역 : 서울시 서초구 강남대로 369, DF Tower 공고기간 : 상시채용 (채용 완료 시 조기에 마감될 수 있습니다.) 지원방법 포지션 지원 바로가기 (주민번호, 현재 및 희망 연봉 등의 민감 개인정보는 삭제 후 제출 요망) 문의사항은 jobs@dunamu.com 으로 연락주시기 바랍니다. 두나무 소개 두나무가 이직하기 좋은 기업인 이유",,,,서울,정규직,,,,,active,2026-03-05 18:52:12.042613,2026-03-05 18:52:12.042596,True
115,105,Data Engineer_전사 데이터 부문 | 두나무,https://www.dunamu.com/careers/jobs/1650,", 문제 해결 과정, 기여 성과/결과 등) Github, GitLab, Bitbucket 등의 개인 프로젝트나 포트폴리오가 있다면 함께 첨부해 주세요. 실무 경험과 역량을 이해하는 데 도움이 됩니다. 유의사항 재직 이력은 빠짐없이 정확하게 작성해 주시고, 휴직 이력이 있다면 기간과 사유를 구체적으로 기재해 주세요. 채용 과정에서 전/현직 직장의 영업 비밀이 침해되지 않도록 유의해 주세요. 주민번호, 현재 연봉, 희망 연봉 등 민감한 정보는 삭제하거나 마스킹 후 제출해 주세요. 공통 지원자격 해외 여행에 결격 사유가 없으신 분 채용절차 서류전형 → 1차면접 → 2차면접 → 처우협의 → 최종합격 전형은 상황 및 일정에 따라 변경될 수 있습니다. 지원서 내용 중 허위사실이 있는 경우에는 지원이 취소될 수 있습니다. 국가 유공자 및 장애인 등 취업 보호 대상자는 관계 법령에 따라 우대합니다. 최종 전형 전, 인성검사를 진행합니다. 본 포지션에 합격하시는 경우, 3개월의 수습 기간을 적용합니다. 채용정보 채용인원 : 0명 고용형태 : 정규직 채용유형 : 경력직 근무지역 : 서울시 서초구 강남대로 369, DF Tower 공고기간 : 상시채용 (채용 완료 시 조기에 마감될 수 있습니다.) 지원방법 포지션 지원 바로가기 (주민번호, 현재 및 희망 연봉 등의 민감 개인정보는 삭제 후 제출 요망) 문의사항은 jobs@dunamu.com 으로 연락주시기 바랍니다. 두나무 소개 두나무가 이직하기 좋은 기업인 이유 채용공고 보기","4년 이상의 데이터 엔지니어링 경력을 보유하신 분 AWS 및 Kubernetes 환경에서 데이터 플랫폼 아키텍처를 직접 설계하고 운영해 본 경험이 있으신 분 데이터 처리 엔진 (Spark, Trino, Starrocks 등) 을 Kubernetes 기반으로 구축하고 성능을 최적화해 본 경험이 있으신 분 데이터 플랫폼 시스템 (Kafka, Airflow, Superset, Jupyter 등) 및 연관된 시스템을 운영하고 요구사항에 맞춰 기능을 확장해본 경험이 있으신 분 데이터 거버넌스 및 탐색 도구 (OpenMetadata 등) 를 구축하여 데이터 접근 및 관리 체계를 시스템화 해 본 경험이 있으신 분 우대사항 국내외 가상자산 또는 금융권 수준의 엄격한 컴플라이언스 요건을 준수하며 데이터 플랫폼을 운영해 본 경험이 있으신 분 Kotlin 또는 Python 기반의 내부 API / 인하우스 시스템을 직접 구축하여, 데이터 플랫폼을 확장하고 운영 효율을 개선해 본 경험이 있으신 분 Agent, MCP 등을 데이터 플랫폼에 연동하여 운영 효율을 높이거나 사내 시스템을 개선해 본 경험이 있으신 분 단순 운영을 넘어 주도적으로 시스템 개선점을 발굴하고, 데이터 생산성 향상을 통해 실질적인 비즈니스 가치를 창출해 본 경험이 있으신 분 오픈소스 내부 로직을 직접 분석 및 수정하여 사내 요구사항 및 문제를 해결해 본 경험이 있으신 분 서비스 가용성 확보를 위해 모니터링 체계 및 장애 대응 프로세스를 주도적으로 구축하고 최적화해 본 경험이 있으신 분 지원서 작성 방법 이력서 및 포트폴리오는 필수로 제출하셔야 하며 양식은 자유입니다. 이력서에는 실제 경험한 프로젝트를 필수로 기재해 주셔야 하며, 본인의 역할과 기여 내용을 구체적으로 작성해주시기 바랍니다. 프로젝트명이나 결과만 나열하기보다는, 아래 항목을 참고하여 경험의 전반적인 맥락을 전달해 주세요. (예시: 프로젝트 개요, 목적, 팀 구성, 주요 업무, 문제 해결 과정, 기여 성과/결과 등) Github, GitLab, Bitbucket 등의 개인 프로젝트나 포트폴리오가 있다면 함께 첨부해 주세요. 실무 경험과 역량을 이해하는 데 도움이 됩니다. 유의사항 재직 이력은 빠짐없이 정확하게 작성해 주시고, 휴직 이력이 있다면 기간과 사유를 구체적으로 기재해 주세요. 채용 과정에서 전/현직 직장의 영업 비밀이 침해되지 않도록 유의해 주세요. 주민번호, 현재 연봉, 희망 연봉 등 민감한 정보는 삭제하거나 마스킹 후 제출해 주세요. 공통 지원자격 해외 여행에 결격 사유가 없으신 분 채용절차 서류전형 → 1차면접 → 2차면접 → 처우협의 → 최종합격 전형은 상황 및 일정에 따라 변경될 수 있습니다. 지원서 내용 중 허위사실이 있는 경우에는 지원이 취소될 수 있습니다. 국가 유공자 및 장애인 등 취업 보호 대상자는 관계 법령에 따라 우대합니다. 최종 전형 전, 인성검사를 진행합니다. 본 포지션에 합격하시는 경우, 3개월의 수습 기간을 적용합니다. 채용정보 채용인원 : 0명 고용형태 : 정규직 채용유형 : 경력직 근무지역 : 서울시 서초구 강남대로 369, DF Tower 공고기간 : 상시채용 (채용 완료 시 조기에 마감될 수 있습니다.) 지원방법 포지션 지원 바로가기 (주민번호, 현재 및 희망 연봉 등의 민감 개인정보는 삭제 후 제출 요망) 문의사항은 jobs@dunamu.com 으로 연락주시기 바랍니다. 두나무 소개 두나무가 이직하기 좋은 기업인 이유","국내외 가상자산 또는 금융권 수준의 엄격한 컴플라이언스 요건을 준수하며 데이터 플랫폼을 운영해 본 경험이 있으신 분 Kotlin 또는 Python 기반의 내부 API / 인하우스 시스템을 직접 구축하여, 데이터 플랫폼을 확장하고 운영 효율을 개선해 본 경험이 있으신 분 Agent, MCP 등을 데이터 플랫폼에 연동하여 운영 효율을 높이거나 사내 시스템을 개선해 본 경험이 있으신 분 단순 운영을 넘어 주도적으로 시스템 개선점을 발굴하고, 데이터 생산성 향상을 통해 실질적인 비즈니스 가치를 창출해 본 경험이 있으신 분 오픈소스 내부 로직을 직접 분석 및 수정하여 사내 요구사항 및 문제를 해결해 본 경험이 있으신 분 서비스 가용성 확보를 위해 모니터링 체계 및 장애 대응 프로세스를 주도적으로 구축하고 최적화해 본 경험이 있으신 분 지원서 작성 방법 이력서 및 포트폴리오는 필수로 제출하셔야 하며 양식은 자유입니다. 이력서에는 실제 경험한 프로젝트를 필수로 기재해 주셔야 하며, 본인의 역할과 기여 내용을 구체적으로 작성해주시기 바랍니다. 프로젝트명이나 결과만 나열하기보다는, 아래 항목을 참고하여 경험의 전반적인 맥락을 전달해 주세요. (예시: 프로젝트 개요, 목적, 팀 구성, 주요 업무, 문제 해결 과정, 기여 성과/결과 등) Github, GitLab, Bitbucket 등의 개인 프로젝트나 포트폴리오가 있다면 함께 첨부해 주세요. 실무 경험과 역량을 이해하는 데 도움이 됩니다. 유의사항 재직 이력은 빠짐없이 정확하게 작성해 주시고, 휴직 이력이 있다면 기간과 사유를 구체적으로 기재해 주세요. 채용 과정에서 전/현직 직장의 영업 비밀이 침해되지 않도록 유의해 주세요. 주민번호, 현재 연봉, 희망 연봉 등 민감한 정보는 삭제하거나 마스킹 후 제출해 주세요. 공통 지원자격 해외 여행에 결격 사유가 없으신 분 채용절차 서류전형 → 1차면접 → 2차면접 → 처우협의 → 최종합격 전형은 상황 및 일정에 따라 변경될 수 있습니다. 지원서 내용 중 허위사실이 있는 경우에는 지원이 취소될 수 있습니다. 국가 유공자 및 장애인 등 취업 보호 대상자는 관계 법령에 따라 우대합니다. 최종 전형 전, 인성검사를 진행합니다. 본 포지션에 합격하시는 경우, 3개월의 수습 기간을 적용합니다. 채용정보 채용인원 : 0명 고용형태 : 정규직 채용유형 : 경력직 근무지역 : 서울시 서초구 강남대로 369, DF Tower 공고기간 : 상시채용 (채용 완료 시 조기에 마감될 수 있습니다.) 지원방법 포지션 지원 바로가기 (주민번호, 현재 및 희망 연봉 등의 민감 개인정보는 삭제 후 제출 요망) 문의사항은 jobs@dunamu.com 으로 연락주시기 바랍니다. 두나무 소개 두나무가 이직하기 좋은 기업인 이유",,,,서울,정규직,,,,,active,2026-03-05 18:52:12.393019,2026-03-05 18:52:12.393001,True
116,105,사회공헌 교육사업 기획/운영 담당자 | 두나무,https://www.dunamu.com/careers/jobs/1652,"채용 함께 만드는 더 가치있는 미래 채용공고 두나무 이야기 채용공고 새로운 미래를 만드는 여정에 함께할 최고의 동료를 찾습니다 사회공헌 교육사업 기획/운영 담당자 2026.02.27 조직소개 우리 조직은 전 세대를 위한 디지털 금융·자산 교육을 통해 누구나 미래 금융을 이해하고 준비할 수 있도록 돕는 사업을 기획 운영합니다. 우리 조직에서는 다음과 같은 경험을 할 수 있습니다. 전 세대를 아우르는 디지털 자산 교육 프로그램을 직접 기획·확산하며, 금융 교육의 새로운 표준을 만들어갈 수 있습니다. 참여형·확장형 교육을 주도하며 업계와 서비스에 대한 긍정적 인식을 직접 만들어갈 수 있습니다. 외부 교육 현장부터 내부 임직원 교육까지 폭넓은 스펙트럼의 프로젝트를 경험하며, 디지털 금융·자산 교육 분야의 전문성을 빠르게 성장시킬 수 있습니다. 주요업무 업클래스 전 세대 교육사업 기획 및 운영 (주니어 / 청년 / 시니어 / 법인 / 이벤트 / 앱 기반 교육 프로그램) 사회공헌 목적의 금융·자산 교육 프로그램 기획 및 실행 교육 커리큘럼 및 콘텐츠 교육 성과 분석 및 개선 전략 수립 외부 파트너(강사, 기관, 기업 등) 협업 및 프로젝트 관리 '찾아가는 업클래스' 진행 시, 디지털 금융·디지털 자산 관련 직접 강의 자격요건 6~12년의 유관 경력이 있으신 분 교육사업(기획/운영) 또는 유관 사업 분야 경험이 있으신 분 사회공헌 목적의 교육 프로그램 기획·운영 경험이 있으신 분 디지털 금융, 자산, 또는 디지털 자산에 대한 이해가 깊으신 분 프로젝트 리딩 및 다수 이해관계자 협업 경험이 있으신 분 문서 작성 및 커뮤니케이션 역량이 뛰어나신 분 우대사항 본인이 강사가 되어 직접 강의/세미나/워크숍을 진행해본 경험이 있으신 분 공공기관, 학교, 기업 대상 교육 프로젝트 경험이 있으신 분 앱 기반 교육 서비스 기획 또는 운영 경험이 있으신 분 금융·디지털 자산 투자 및 스터디 경험이 있으신 분 지원서 작성 방법 이력서, 경력기술서, 포트폴리오는 필수로 제출하셔야 하며 양식은 자유입니다. 포트폴리오에는 본인이 기획하거나 수행한 주요 프로젝트를 중심으로 구체적으로 작성해주시기 바랍니다. (필수 포함 항목: 프로젝트 목적, 규모, 본인의 역할, 기여도) 유의사항 재직 이력은 빠짐없이 정확하게 작성해 주시고, 휴직 이력이 있다면 기간과 사유를 구체적으로 기재해 주세요. 채용 과정에서 전/현직 직장의 영업 비밀이 침해되지 않도록 유의해 주세요. 주민번호, 현재 연봉, 희망 연봉 등 민감한 정보는 삭제하거나 마스킹 후 제출해 주세요. 공통 지원자격 해외 여행에 결격 사유가 없으신 분 채용절차 서류전형 → 1차면접 → 2차면접 → 처우협의 → 최종합격 전형은 상황 및 일정에 따라 변경될 수 있습니다. 지원서 내용 중 허위사실이 있는 경우에는 지원이 취소될 수 있습니다. 국가 유공자 및 장애인 등 취업 보호 대상자는 관계 법령에 따라 우대합니다. 최종 전형 전, 인성검사를 진행합니다. 본 포지션에 합격하시는 경우, 3개월의 수습 기간을 적용합니다. 채용정보 채용인원 : 0명 고용형태 : 정규직 채용유형 : 경력직 근무지역 : 서울시 서초구 강남대로 369, DF Tower 공고기간 : 상시채용 (채용 완료 시 조기에 마감될 수 있습니다.) 지원방법 포지션 지원 바로가기 (주민번호, 현재 및 희망 연봉 등의 민감 개인정보는 삭제 후 제출 요망) 문의사항은 jobs@dunamu.com 으로 연락주시기 바랍니다. 두나무 소개 두나무가 이직하기 좋은 기업인 이유 채용공고 보기","6~12년의 유관 경력이 있으신 분 교육사업(기획/운영) 또는 유관 사업 분야 경험이 있으신 분 사회공헌 목적의 교육 프로그램 기획·운영 경험이 있으신 분 디지털 금융, 자산, 또는 디지털 자산에 대한 이해가 깊으신 분 프로젝트 리딩 및 다수 이해관계자 협업 경험이 있으신 분 문서 작성 및 커뮤니케이션 역량이 뛰어나신 분 우대사항 본인이 강사가 되어 직접 강의/세미나/워크숍을 진행해본 경험이 있으신 분 공공기관, 학교, 기업 대상 교육 프로젝트 경험이 있으신 분 앱 기반 교육 서비스 기획 또는 운영 경험이 있으신 분 금융·디지털 자산 투자 및 스터디 경험이 있으신 분 지원서 작성 방법 이력서, 경력기술서, 포트폴리오는 필수로 제출하셔야 하며 양식은 자유입니다. 포트폴리오에는 본인이 기획하거나 수행한 주요 프로젝트를 중심으로 구체적으로 작성해주시기 바랍니다. (필수 포함 항목: 프로젝트 목적, 규모, 본인의 역할, 기여도) 유의사항 재직 이력은 빠짐없이 정확하게 작성해 주시고, 휴직 이력이 있다면 기간과 사유를 구체적으로 기재해 주세요. 채용 과정에서 전/현직 직장의 영업 비밀이 침해되지 않도록 유의해 주세요. 주민번호, 현재 연봉, 희망 연봉 등 민감한 정보는 삭제하거나 마스킹 후 제출해 주세요. 공통 지원자격 해외 여행에 결격 사유가 없으신 분 채용절차 서류전형 → 1차면접 → 2차면접 → 처우협의 → 최종합격 전형은 상황 및 일정에 따라 변경될 수 있습니다. 지원서 내용 중 허위사실이 있는 경우에는 지원이 취소될 수 있습니다. 국가 유공자 및 장애인 등 취업 보호 대상자는 관계 법령에 따라 우대합니다. 최종 전형 전, 인성검사를 진행합니다. 본 포지션에 합격하시는 경우, 3개월의 수습 기간을 적용합니다. 채용정보 채용인원 : 0명 고용형태 : 정규직 채용유형 : 경력직 근무지역 : 서울시 서초구 강남대로 369, DF Tower 공고기간 : 상시채용 (채용 완료 시 조기에 마감될 수 있습니다.) 지원방법 포지션 지원 바로가기 (주민번호, 현재 및 희망 연봉 등의 민감 개인정보는 삭제 후 제출 요망) 문의사항은 jobs@dunamu.com 으로 연락주시기 바랍니다. 두나무 소개 두나무가 이직하기 좋은 기업인 이유","본인이 강사가 되어 직접 강의/세미나/워크숍을 진행해본 경험이 있으신 분 공공기관, 학교, 기업 대상 교육 프로젝트 경험이 있으신 분 앱 기반 교육 서비스 기획 또는 운영 경험이 있으신 분 금융·디지털 자산 투자 및 스터디 경험이 있으신 분 지원서 작성 방법 이력서, 경력기술서, 포트폴리오는 필수로 제출하셔야 하며 양식은 자유입니다. 포트폴리오에는 본인이 기획하거나 수행한 주요 프로젝트를 중심으로 구체적으로 작성해주시기 바랍니다. (필수 포함 항목: 프로젝트 목적, 규모, 본인의 역할, 기여도) 유의사항 재직 이력은 빠짐없이 정확하게 작성해 주시고, 휴직 이력이 있다면 기간과 사유를 구체적으로 기재해 주세요. 채용 과정에서 전/현직 직장의 영업 비밀이 침해되지 않도록 유의해 주세요. 주민번호, 현재 연봉, 희망 연봉 등 민감한 정보는 삭제하거나 마스킹 후 제출해 주세요. 공통 지원자격 해외 여행에 결격 사유가 없으신 분 채용절차 서류전형 → 1차면접 → 2차면접 → 처우협의 → 최종합격 전형은 상황 및 일정에 따라 변경될 수 있습니다. 지원서 내용 중 허위사실이 있는 경우에는 지원이 취소될 수 있습니다. 국가 유공자 및 장애인 등 취업 보호 대상자는 관계 법령에 따라 우대합니다. 최종 전형 전, 인성검사를 진행합니다. 본 포지션에 합격하시는 경우, 3개월의 수습 기간을 적용합니다. 채용정보 채용인원 : 0명 고용형태 : 정규직 채용유형 : 경력직 근무지역 : 서울시 서초구 강남대로 369, DF Tower 공고기간 : 상시채용 (채용 완료 시 조기에 마감될 수 있습니다.) 지원방법 포지션 지원 바로가기 (주민번호, 현재 및 희망 연봉 등의 민감 개인정보는 삭제 후 제출 요망) 문의사항은 jobs@dunamu.com 으로 연락주시기 바랍니다. 두나무 소개 두나무가 이직하기 좋은 기업인 이유",,,,서울,정규직,,,,,active,2026-03-05 18:52:12.712930,2026-03-05 18:52:12.712913,True
117,105,두나무를 소개합니다! | 두나무,https://www.dunamu.com/careers/jobs/842,"채용 함께 만드는 더 가치있는 미래 채용공고 두나무 이야기 채용공고 새로운 미래를 만드는 여정에 함께할 최고의 동료를 찾습니다 두나무를 소개합니다! 2023.06.09 서비스 분야 소개 블록체인 서비스 ­ - 가장 신뢰받는 디지털 자산 거래소 <업비트> ­ - 신뢰할 수 있는 NFT 거래 플랫폼 <업비트 NFT> ­ - 국내 최초 디지털 자산 인덱스 <UBCI> 증권 서비스 - 국민 증권 애플리케이션 <증권플러스> 비전 & 경쟁력 Connect & Unlock Value 세상에 없던 새로운 가치를 발굴하며 앞선 기술력으로 경계없는 확장을 만들어 갑니다. 평균수명 상승과 동시에 자산관리에 대한 인식이 점점 높아지고 있는 현시대에 발맞추어 두나무는 블록체인, 증권 분야 등에서 최초의 서비스들을 세상에 내보였고 업계 선두를 달리고 있습니다. 두나무의 모든 서비스는 ‘이용자 편의’와 ‘안정성’을 최우선으로 고려하여 만들고 있기 때문에 이용자들의 높은 ‘신뢰성’을 쌓을 수 있었고 이것이 곧 두나무의 경쟁력이 되었습니다. 앞으로도 두나무는 변화의 기류를 포착하고 ‘앞선 기술력’과 ‘안정성’을 기반으로 세상에 없던 새로운 가치를 발굴하고 확장해 나갈 것입니다. 핵심가치 Trust & Drive Trust 두나무의 모두는 각 분야의 전문가입니다. 서비스에 대한 신뢰를 최우선으로 생각하고, 서로의 전문성을 인정하며 의견과 결정을 존중합니다. 편리하고 안전하게 이용할 수 있는 서비스를 만들고, 신뢰를 바탕으로 수평적인 소통을 합니다. Drive 선두에 있지만 더 빠르게 나아갑니다. 기회를 놓치지 않고, 실패를 두려워하지 않으며, 목표에 몰입하고, 혁신을 주도합니다. 모든 의사 결정의 중심은 고객입니다. 항상 고객을 위해 해야 할 일을 고민하고, 발견하며, 실행합니다. 의사결정권자는 수평적인 소통을 바탕으로 빠르고 정확한 결정을 내립니다. 인재상 2.0 Passion & Performance-Oriented (열정과 성과지향) 최고의 성과를 목표로 도전합니다. 변화의 흐름을 예측하고, 고객의 관심사를 끊임 없이 탐구하며, 실패의 경험도 기회로 삼는 열정 가득한 인재입니다. Diversity & Decisiveness (다양성과 결단력) 서로 다른 경험과 지식을 이해하고 다양한 의견을 주고 받으며 때로는 건설적인 대안을 제시하면서 최선의 결정을 내릴 수 있도록 합니다. 정해진 결정을 수용하고 적극적으로 실행합니다. Respectful & Considerate (존중과 배려) 존중과 배려의 중요성을 이해합니다. 회사 동료 및 파트너사와 협업 과정에서 겸손한 태도를 갖고 상대의 업무, 경험, 일 하는 방식을 존중합니다. Integrity & Completeness (진정성과 책임감) 서비스를 향한 진심으로, 주어진 일의 시작부터 끝까지 책임감을 갖고 임합니다. 회사와 서비스를 위해 무엇이 최선인지 동료들과 함께 고민하고 토론하여 신뢰와 성실이 고객에게 전해질 수 있도록 노력합니다. (인재상은 지속적으로 성장하는 두나무의 사업과 서비스에 맞추어 변화할 수 있습니다) 업무환경 유연하고 역동적인 문화 다양한 배경의 구성원들이 모여있고 각자의 전문분야는 다르지만, 두나무만의 문화는 직원들이 함께 자율적으로 만들어 가고 있습니다. 이런 자율적인 문화를 바탕으로 조직별 색깔도 조금씩 다를 수 있지만, 이를 서로 존중하고 수용하면서 두나무 전체의 문화를 만들고 있습니다. 서로를 존중하는 좋은 동료들 Respectful & Considerate(존중과 배려)를 기반으로 수평적 커뮤니케이션을 하고 있습니다. 각자 가지고 있는 전문성은 다르지만 서로에게 눈높이 커뮤니케이션을 하면서 한 번 더 배려합니다. 어려움이 발생했을 때 나서서 도움을 주는 좋은 동료들이 주변에 많아 해결해 나가는 과정에서 서로의 성장을 도모할 수 있습니다. 아낌없는 지원 두나무는 직원의 역량 향상과 개인의 성장을 위해서라면 아낌없이 지원하고 있습니다. 지원하고 있는 분야도 Work, Life, Refresh 등 카테고리별로 세심하게 나누어져 있는 것이 특징입니다. 업무에서나 업무 외적으로나 지원해주고 있는 것들이 다양하기 때문에 업무에 좀 더 집중할 수 있고 이를 통해 성장하고 있는 자신을 발견할 수 있습니다. (아래 복지혜택 참조) 복지혜택 Work 점심 식대 매월 30만원/저녁 식대/팀별 회식비 지원 통신비 매월 5만원 지원 비포괄 임금제 운영(초과근로수당 지급) 국내외 컨퍼런스/교육 참여 도서(e-book 포함) 대여 및 구매 지원 최고의 업무 장비 지원 우수 인재 추천금 지원 Life 직원 본인 포함 본인/배우자 가족(직계 존비속 포함) 실손 의료보험(치과 진료까지 보장) 가입 지원 직원 본인의 생명보험 가입 지원 매년 100만원 상당의 종합 건강검진 지원(본인 포함 가족 3인까지 총 300만원 지원) 주택자금 목적의 사내대출 지원 경조사 휴가 및 경조비/물품 지원 설/추석 연 2회 명절선물 지급 직장 어린이집 운영 Refresh 국내 최고급 휴양소(아난티, 파라스파라 등) 이용 지원 (멤버십 할인가 적용) 근속 3년 마다 안식 휴가 10일 부여 (휴무/휴일 제외) 연간 500만원 한도의 복지카드 제공 Tech-driven 사내 웰니스 센터 운영(크라이오테라피, 고압산소테라피, 그룹 회복 클래스 등) (두나무 이야기 및 복지 페이지 바로가기) 채용공고 보기",,,,"건강검진, 식대",,,,,,,,active,2026-03-05 18:52:13.475431,2026-03-05 18:52:13.475416,True
118,110,채용서류 반환 안내,https://career.zigbang.com/give-back,"직무소개 Business Communication Data Design Hardware Development Management Product Software Development 채용공고 지원안내 합류절차 자주 묻는 질문 채용서류 반환 안내 KR EN KR EN 지원안내 채용서류 반환 안내 직방은 지원서 및 채용 진행과 관련된 모든 서류를 온라인에서 제출받고 있습니다. 다만, 전형 과정에서 불가피하게 실물로 서류를 제출하신 경우 “채용절차의 공정화에 관한 법률(채용절차법)”에 근거하여 해당 서류의 반환을 요청하실 수 있습니다. • 안내 대상 최종 합격자를 제외한 지원자 • 대상 서류 전형 과정에서 직접 제출하신 각종 서류 및 자료 일체 • 신청 방법 채용서류 반환청구서를 채용 여부가 확정된 날을 기준으로 180일 이내에 작성하여 이메일 (recruit@zigbang.com)로 제출해 주시면, 반환 청구서가 수신된 날로부터 14일 이내에 우편(수신자 부담)으로 반환해 드립니다. ※ 채용사이트 또는 전자우편으로 제출한 경우와 당사의 요구 없이 구직자가 자발적으로 제출한 서류는 채용서류 반환 의무가 면제됩니다. ※ 이메일 제목은 [채용서류 반환 청구_성함] 으로 작성 부탁드립니다. ※ 반환 청구서는 고용노동부 지정 양식인 ‘채용절차의 공정화에 관한 법률 시행규칙[별지제3호 서식]’을 사용해주시면 됩니다. 직방은 채용 여부가 확정된 날을 기준으로 180일까지 제출하신 서류를 보관하며 그 이후에는 개인정보보호법에 따라 파기합니다. 직방 기업 소개 뉴스룸 채용 채용공고 합류절차 자주 묻는 질문 채용서류 반환 안내 채용 관련 문의 recruit@zigbang.com © Zigbang Co., Ltd.",,,,,,,,,,,,active,2026-03-05 18:52:16.612365,2026-03-05 18:52:16.612348,True
119,122,Trust & Safety Manager - 중고거래 운영,https://about.daangn.com/jobs/6685198003,"Trust & Safety Manager - 중고거래 운영 당근 정규직 경력 영입정보 지원하기 중고거래실을 소개해요 중고거래실은 한국 1등 중고거래 서비스를 만드는 팀으로, 이웃 간의 거래를 따뜻하면서도 편리하게 경험할 수 있게 해요. 우리는 단순히 기능을 개발하는 데 그치지 않고, 사용자의 문제를 깊이 이해하고 기술적 도전을 통해 새로운 해결책을 만들어내요. 또한 데이터 기반 실험과 빠른 검증을 통해 서비스를 발전시키며, 한국을 넘어 캐나다, 미국, 일본 등 수천만 명의 유저에게 신뢰할 수 있는 중고거래 경험을 제공해요. 이런 일을 해요 중고거래 플랫폼, 신규 기능을 위한 정책을 수립하고 운영 대응 체계를 마련해요 운영 데이터를 분석해 문제 패턴을 찾고, 서비스 개선과 정책 고도화를 제안하고 적용해요 사기, 전문 판매업자, 가품 등 리스크 이슈에 대해 관련 부서와 협업해 대응해요 팀의 전략과 상황에 맞춰 운영 우선순위를 관리하고 핵심 이슈를 선제적으로 대응해요 글로벌(미국, 캐나다, 일본 등) 시장에 맞는 운영 정책의 설계와 실행을 지원해요 이런 분을 찾고 있어요 서비스 리스크를 사전에 파악하고, 데이터를 기반으로 문제를 분석해 선제적으로 대응할 수 있는 분 운영 매니저로서 3–5년 이상의 경험을 바탕으로, 프로덕트팀과 함께 서비스를 운영·관리하며 성장시켜보신 분 다양한 조직(운영, CS, 프로덕트, PR, GR 등)과 원활히 협업하며 합의를 이끌어낼 수 있는 분 반복적이고 비효율적인 과정을 발견했을 때, 자동화나 프로세스 개선을 통해 효율을 만들어내는 분 이런 분이면 더 좋아요! 스스로 문제를 정의, 기획하고 진행하는 데 즐거움을 느끼는 분 플랫폼 서비스의 고객 운영 정책을 수립하거나 운영 리스크 대응 경험이 있으신 분 데이터 추출, 분석 및 해석 능력을 가지신 분 고객의 문제에 공감하며 해결하는 데 희열을 느끼고 문제의 크기와 중요성을 객관적으로 볼 수 있는 분 참고해 주세요 정규직 채용의 경우 3개월의 수습기간이 있어요 ‘장애인고용촉진 및 직업재활법’, ‘국가유공자 등 예우 및 지원에 관한 법률’에 따라 장애인 및 보훈대상자는 채용 전형 시 우대하고 있어요 직무 인터뷰에서 수행하신 사전 과제에 대해 질의응답하는 시간이 있어요 이렇게 합류해요 1. 서류 전형 → 2. 화상 인터뷰 → 3. 직무 인터뷰 (과제) → 4. 컬처핏 인터뷰 및 레퍼런스 체크 → 5. 처우협의 → 6. 최종 합격 및 입사 👉 당근 합류 여정 가이드 바로가기 (🔗) 지원하기 자주묻는질문 목록으로 돌아가기",,하고 있어요 직무 인터뷰에서 수행하신 사전 과제에 대해 질의응답하는 시간이 있어요 이렇게 합류해요 1. 서류 전형 → 2. 화상 인터뷰 → 3. 직무 인터뷰 (과제) → 4. 컬처핏 인터뷰 및 레퍼런스 체크 → 5. 처우협의 → 6. 최종 합격 및 입사 👉 당근 합류 여정 가이드 바로가기 (🔗) 지원하기 자주묻는질문 목록으로 돌아가기,,,,,정규직,,,,,active,2026-03-05 18:52:25.519459,2026-03-05 18:52:25.519443,True
120,122,"Software Engineer, iOS",https://about.daangn.com/jobs/5282170003,"Software Engineer, iOS 당근 정규직 경력 영입정보 지원하기 iOS 엔지니어를 소개해요 당근은 소속 팀과 공통된 직군끼리 묶인 챕터로 구성되어 있어요. iOS 엔지니어들은 모두 소속팀 뿐만 아니라 iOS 챕터에 소속되어 활동하게 돼요. iOS 챕터에서는 완성도 높은 앱을 만드는 것을 가장 중요하게 생각해요. 당근 서비스를 사용하는 분들이 제일 먼저 마주하게 되는 곳이기 때문에 안정성과 완성도 높은 서비스를 제공하도록 큰 책임감을 가지고 일을 하고 있어요. iOS 챕터는 회사의 성장 뿐만 아니라 개인의 성장도 중요하게 생각해요. 엔지니어링 데이, 코드 리뷰, 테크톡 등의 활동을 통해 서로의 기술과 도메인 지식을 공유하고 개선방안을 같이 고민해요. 이 외에도 챕터 내 스터디, 세미나 등 iOS 개발에 대한 이야기를 하는 자리를 만들어 더 나은 개발문화와 개인의 성장을 돕는 시간을 가지고 있어요. 이런 일을 해요 [중고거래실] 중고거래실은 한국과 글로벌의 유저를 타겟으로 지역 기반 중고거래 서비스를 만들고 있어요. 전 세계에서 천 만 명이 넘는 제품을 관리하며 유저의 문제를 해결하거나 회사의 목표를 달성할 수 있는 프로덕트를 만들어요. 최고의 중고거래 사용자 경험을 위해 데이터를 바탕으로 다양한 아이디어를 실험하며 서비스를 발전시키는 일을 해요. [모바일실] 당근마켓이 최고의 로컬 앱이 될 수 있도록, 신규 서비스나 사내 공통 서비스들을 운영하고 있어요. 다양한 서비스를 쉽게 개발할 수 있도록 지원하며, 개발 환경 개선을 통해 생산성을 높이기 위해 노력해요. 슈퍼앱을 만들기 위해 지속·확장 가능한 구조를 설계하고, 다양한 기술적 과제에 도전해 나가요. [공통] iOS 챕터에 소속되어 ‘엔지니어링 데이’, ‘테크톡’ 등 활동에 참여해요 그 외에 당근 서비스에 기여하는 다양한 기능들을 개발해요 이런 분을 찾고 있어요 iOS 개발 경력 3년 이상에 준하는 실력을 보유하신 분 새로운 기능을 설계하고 구현하는 것을 즐기시는 분 기술 중심 보다는 사용자 중심의 사고를 가지고 제품을 만들어 갈 수 있으신 분 자기 주도적으로 일하는 걸 즐기고, 커뮤니케이션이 원활하신 분 Testable 한 코드 작업에 익숙하신 분 이런 분이면 더 좋아요! 대규모 서비스를 개발해 보신 분 iOS 와 관련된 오픈 소스에 기여해 보셨거나, 개인 오픈소스 프로젝트를 보유하신 분 글로벌 서비스 경험 있으신 분 DI(Dependency Injection)을 활용한 코드 설계 경험이 있는 분 참고해 주세요 정규직 채용의 경우 3개월의 수습기간이 있어요 ‘장애인고용촉진 및 직업재활법’, ‘국가유공자 등 예우 및 지원에 관한 법률’에 따라 장애인 및 보훈대상자는 채용 전형 시 우대하고 있어요 현재 당근이 사용하는 도구들이에요 주요 라이브러리 : RxSwift , FlexLayout , PinLayout , Alamofire , KarrotListKit 개발 도구 : Tuist , GitHub Actions , Firebase , fastlane 협업 도구 : GitHub , Slack , Linear , Figma 새로운 기술을 찾거나 시도하는 것을 적극 격려하고 응원해요 이렇게 합류해요 1. 서류 전형 → 2. 과제 전형 → 3. 직무 인터뷰 → 4. 컬처핏 인터뷰 및 레퍼런스 체크 → 5. 처우협의 → 6. 최종 합격 및 입사 👉 당근 합류 여정 가이드 바로가기 (🔗) 지원하기 자주묻는질문 목록으로 돌아가기",,"하고 있어요 현재 당근이 사용하는 도구들이에요 주요 라이브러리 : RxSwift , FlexLayout , PinLayout , Alamofire , KarrotListKit 개발 도구 : Tuist , GitHub Actions , Firebase , fastlane 협업 도구 : GitHub , Slack , Linear , Figma 새로운 기술을 찾거나 시도하는 것을 적극 격려하고 응원해요 이렇게 합류해요 1. 서류 전형 → 2. 과제 전형 → 3. 직무 인터뷰 → 4. 컬처핏 인터뷰 및 레퍼런스 체크 → 5. 처우협의 → 6. 최종 합격 및 입사 👉 당근 합류 여정 가이드 바로가기 (🔗) 지원하기 자주묻는질문 목록으로 돌아가기",,,,,정규직,,,,,active,2026-03-05 18:52:25.912887,2026-03-05 18:52:25.912872,True
121,122,"Software Engineer, Machine Learning – Search",https://about.daangn.com/jobs/6610455003,"Software Engineer, Machine Learning – Search 당근 정규직 경력 영입정보 지원하기 검색품질팀을 소개해요 검색 품질팀은 당근의 검색 경험을 혁신하기 위해 머신러닝과 자연어 처리 기술을 기반으로 사용자 맞춤형 결과를 제공하는 데 집중하고 있어요. 동네 생활의 다양한 맥락을 이해하고, 개인화된 경험을 통해 유저가 빠르고 정확하게 원하는 정보를 찾을 수 있도록 돕는 것이 우리의 미션이에요. 검색 품질 고도화를 위해 팀은 Search Vertical, Search Fleamarket, Search Place 세 파트로 구성되어 있어요. 각 파트의 ML 엔지니어들은 중고거래, 동네생활, 지도 등 다양한 도메인에 특화된 모델을 연구·개발하고 있어요. 🥕 정답이 없는 세계에서 최적의 균형점을 향해 간다는 건 🥕 당근의 성공을 견인하는 첫 화면의 비밀 🥕 대규모 트래픽 위에서 스카이넷은 어떻게 두 달 만에 탄생했을까? 이런 일을 해요 사용자의 검색 의도를 파악하여 맞춤형 키워드, 컬렉션, 상품 등을 추천해요 자연어처리, 그래프 기반 모델, 개인화 알고리즘을 활용해 검색 품질을 향상시켜요 모델의 실시간 서빙을 위한 경량화 및 아키텍처를 설계해요 컬렉션 랭킹, 지식그래프, 키워드 제안 등의 모델 개선 실험과 운영을 담당해요 이런 분을 찾고 있어요 머신러닝 기반 추천/검색/랭킹 시스템을 실제로 설계·운영해본 경험이 있는 분 자연어처리(NLP) 또는 그래프 기반 추천 시스템 개발 경험이 있는 분 Python 기반의 머신러닝 훈련 파이프라인 구축 경험이 있는 분 대용량 데이터를 활용한 실험 설계 및 A/B 테스트 경험이 있는 분 모델 서빙과 성능 최적화를 고려한 시스템 구현 경험이 있는 분 이런 분이면 더 좋아요! 검색어 자동완성, 연관검색어, 오타교정 등 검색어 제안에 대한 모델링 경험이 있는 분 실시간으로 딥러닝 모델 추론을 활용한 서빙 경험이 있는 분 ML 엔지니어 팀에서 오너십을 갖고 특정 도메인(랭킹/추천 등)을 리딩해본 경험이 있는 분 참고해 주세요 역량에 따라 온보딩 내용과 담당 영역은 조정될 수 있어요 정규직 채용의 경우 3개월의 수습기간이 있어요 ‘장애인고용촉진 및 직업재활법’, ‘국가유공자 등 예우 및 지원에 관한 법률’에 따라 장애인 및 보훈대상자는 채용 전형 시 우대하고 있어요 이렇게 합류해요 1. 서류 전형 → 2. 화상 면접 → 3. 직무 면접 → 4. 컬처핏 면접 → 5. 최종 합격 → 6. 최종 합격 및 입사 👉 당근 합류 여정 가이드 바로가기 (🔗) 지원하기 자주묻는질문 목록으로 돌아가기",,하고 있어요 이렇게 합류해요 1. 서류 전형 → 2. 화상 면접 → 3. 직무 면접 → 4. 컬처핏 면접 → 5. 최종 합격 → 6. 최종 합격 및 입사 👉 당근 합류 여정 가이드 바로가기 (🔗) 지원하기 자주묻는질문 목록으로 돌아가기,,,,,정규직,,,,,active,2026-03-05 18:52:26.632973,2026-03-05 18:52:26.632955,True
122,122,"Software Engineer, Machine Learning - 공통",https://about.daangn.com/jobs/5248527003,"Software Engineer, Machine Learning - 공통 당근 정규직 경력/신입 영입정보 지원하기 Software Engineer, Machine Learning을 소개해요 당근의 Software Engineer, Machine Learning은 머신러닝을 활용해서 당근의 다양한 서비스들을 고도화하고 당근 사용자들의 만족을 끌어올려요. 더 나아가 동네 주민들의 연결을 강화하여 따뜻한 지역 사회를 만드는 것에 기여해요. 홈 피드, 상세 페이지 등에 개인화된 흥미로운 콘텐츠를 추천하기도 하고 누구나 쉽고 간편하게 광고를 통해서 효율적으로 동네 주민들에게 홍보할 수 있도록 돕기도 해요. 이런 일을 해요 [피드 품질팀] 피드에서의 사용자 Engagement, 다양하고 우연한 발견을 촉진하기 위한 ML 모델들을 개발하고 개선해요 데이터를 분석하고 분석된 데이터에 기반해 가설을 세워 이론적 근거에 기반한 개선점을 찾아요. 온라인 실험으로 검증하고 실질적인 서비스 임팩트를 만들어요 유저와 컨텐츠를 깊게 이해하기 위한 모델들을 개발하고 개선해요 LLM을 다양한 방식으로 활용하여 개인화 추천을 개선해요 [광고추천팀] 광고 추천과 랭킹을 위한 CTR, CVR 예측 모델과 자동 입찰, 타겟팅, 페이싱 모델을 개발하고 개선해요 사용자 행동 데이터와 광고 성과를 분석하고, 데이터 기반의 가설을 세워 A/B 테스트로 검증하며 광고 효율과 사용자 경험을 동시에 향상시켜요 개인화를 고려한 후보 광고 추출과 광고 랭킹 모델을 통해 사용자에게 의미 있는 광고를 추천해요 LLM과 최신 AI 기술을 활용하여 광고 타겟팅의 정확도를 높이고, 사용자와 광고 콘텐츠를 더 깊이 이해해요 🥕 정답이 없는 세계에서 최적의 균형점을 향해 간다는 건 🥕 당근의 성공을 견인하는 첫 화면의 비밀 🥕 대규모 트래픽 위에서 스카이넷은 어떻게 두 달 만에 탄생했을까? 이런 분을 찾고 있어요 머신러닝 이론과 기본기가 탄탄하신 분 딥러닝에 대한 깊은 이해가 있으신 분 (Recommendation, NLP, Graph Neural Net, Reinforcement Learning, Vision 중 하나 이상) 효율적인 코드 아키텍처를 구상하고 가독성 뛰어난 코드 작성에 경험이 있으신 분 이런 분이면 더 좋아요! 데이터 드리븐 환경에서 머신러닝을 통해 사용자 서비스에 실질적인 임팩트를 만들어 보신 분 최신 머신러닝, 딥러닝 트렌드에 관심이 있고 관련 논문 읽는 것을 즐기시는 분 ML 기반 추천 시스템, 광고 시스템에 경험이 있으신 분 머신러닝 모델 및 시스템을 large-scale 프로덕션 환경에 구축하고 사용해 보신 분 BigQuery, Cloud Dataflow, Kubeflow, TFX, TF Serving에 경험이 있으신 분 참고해 주세요 정규직 채용의 경우 3개월의 수습기간이 있어요 ‘장애인고용촉진 및 직업재활법’, ‘국가유공자 등 예우 및 지원에 관한 법률’에 따라 장애인 및 보훈대상자는 채용 전형 시 우대하고 있어요 화상 면접에서 라이브 코딩 테스트와 간단한 ML 기초 지식 테스트가 진행될 예정이에요. 면접 전 원활한 테스트를 위한 PC 환경 조성을 부탁드리며, 지원자분께 편하고 익숙한 장비를 사용하시길 권장드려요 직무 면접에서는 ML 모델 설계를 주제로 면접이 진행될 예정이에요 이렇게 합류해요 1. 서류 전형 → 2. 화상 인터뷰 → 3. 직무 인터뷰 → 4. 컬처핏 인터뷰 및 레퍼런스 체크 → 5. 처우협의 → 6. 최종 합격 및 입사 👉 당근 합류 여정 가이드 바로가기 🔗 지원하기 자주묻는질문 목록으로 돌아가기",,"하고 있어요 화상 면접에서 라이브 코딩 테스트와 간단한 ML 기초 지식 테스트가 진행될 예정이에요. 면접 전 원활한 테스트를 위한 PC 환경 조성을 부탁드리며, 지원자분께 편하고 익숙한 장비를 사용하시길 권장드려요 직무 면접에서는 ML 모델 설계를 주제로 면접이 진행될 예정이에요 이렇게 합류해요 1. 서류 전형 → 2. 화상 인터뷰 → 3. 직무 인터뷰 → 4. 컬처핏 인터뷰 및 레퍼런스 체크 → 5. 처우협의 → 6. 최종 합격 및 입사 👉 당근 합류 여정 가이드 바로가기 🔗 지원하기 자주묻는질문 목록으로 돌아가기",,,,,정규직,,,,,active,2026-03-05 18:52:28.191874,2026-03-05 18:52:28.191857,True
123,122,"Software Engineer, Frontend - 커머스",https://about.daangn.com/jobs/6692173003,"Software Engineer, Frontend - 커머스 당근 정규직 경력 영입정보 지원하기 커머스팀을 소개해요 커머스팀은 당근 안에서 새로운 쇼핑 경험을 만들어가는 조직이에요. 우리는 단순히 온라인 쇼핑몰을 만드는 것이 아니라, 당근만의 방식으로 로컬 커머스를 재정의하고 있어요. 2,000만 당근 사용자들이 이미 익숙한 환경에서 자연스럽게 쇼핑을 즐길 수 있도록, 중고거래, 커뮤니티, 동네지도 등 당근의 다양한 서비스들과 유기적으로 연결되는 커머스 플랫폼을 구축하고 있어요. 우리가 만들어갈 커머스는 지역 기반이라는 당근의 DNA를 그대로 이어받아요. 동네 이웃들과 함께하는 공동구매, 우리 동네만의 특별한 로컬 MD 등 기존 이커머스에서는 경험할 수 없었던 새로운 가치를 만들어낼 거예요. 이웃과의 연결이 쇼핑을 더 특별하게 만드는, 그런 커머스를 꿈꾸고 있어요. 커머스팀은 초기 스타트업처럼 일해요. 모두가 PM이 되고, 모두가 리서처가 되어 고객의 문제에 집착해요. 직군의 경계를 넘어 누구나 아이디어를 제안하고, 직접 실험하며, 그 결과로부터 배워나가요. 우리에게는 빠른 실행력과 실패로부터 배우는 자세가 무엇보다 중요해요. 이런 일을 해요 지금은 상품 관리, 결제, 배송, 주문, 기획전 등 커머스의 기본 기능을 탄탄하게 구축하는 데 집중하고 있어요. 하지만 머지않아 당근만의 색깔을 입힌 혁신적인 커머스 기능들을 하나씩 추가해나갈 거예요. 이 과정에서 여러분의 아이디어와 실행력이 서비스의 방향을 결정짓는 중요한 역할을 하게 될 거예요. 매력적인 커머스 사용자 경험을 만들어요 상품 탐색부터 구매 완료까지 직관적인 인터페이스를 설계하고 구현해요 웹뷰와 웹사이트에서 일관된 쇼핑 경험을 제공하며, 이벤트/기획전 페이지를 빠르게 배포해요 빠르게 실험하고 학습해요 전통적인 커머스 기능을 넘어 다양한 실험적 기능들을 빠르게 구현하고 테스트해요 A/B 테스트를 일상적으로 진행하며, 데이터 기반으로 사용자 경험을 지속적으로 개선해요 판매자를 위한 효율적인 관리 도구를 개발해요 상품 등록, 주문/재고 관리, 정산 등 판매자 페이지를 구축해요 데이터 시각화로 판매 성과를 한눈에 볼 수 있는 대시보드를 제공해요 AI를 활용해 개발 속도를 극대화해요 Claude Code, Cursor 등으로 UI 컴포넌트를 빠르게 구현하고 프로토타입을 제작해요 반복 작업은 AI로 자동화하고, 확보한 시간을 사용자 경험 혁신에 투자해요 이런 분과 함께 하고 싶어요 4년 이상의 프론트엔드 개발 경험을 보유하신 분 고객 문제 해결에 집착하며, 오너십을 가지고 끝까지 완수하시는 분 새로운 기술 스택에 빠르게 적응하며, 빠른 실행과 확장성을 균형있게 고려하시는 분 다양한 직군과 열린 마음으로 협업하며, 실패로부터 배우는 자세를 가지신 분 비즈니스 의사결정 전이라도 엔지니어링 관점에서 자율적으로 판단하고 실행할 수 있는 분 AI 도구(Claude Code, Cursor 등)를 적극 활용해 생산성을 높이고 비즈니스 임팩트에 집중하시는 분 이런 분이면 더 좋아요! TypeScript, React를 활용한 개발 경험이 있으신 분 이커머스 도메인에 대한 이해와 경험이 있으신 분 복잡한 상태 관리(Recoil, Zustand 등)를 다뤄보신 분 GraphQL 기반 아키텍처를 이해하고, Relay를 활용한 개발 경험이 있으신 분 실행 환경(웹브라우저, 인앱 웹뷰 등)과 환경의 정책을 이해하고 있으신 분 참고해 주세요 정규직 채용의 경우 3개월의 수습기간이 있어요 ‘장애인고용촉진 및 직업재활법’, ‘국가유공자 등 예우 및 지원에 관한 법률’에 따라 장애인 및 보훈대상자는 채용 전형 시 우대하고 있어요 이렇게 합류해요 1. 서류 전형 → 2. 화상 인터뷰 → 3. 직무 인터뷰 → 4. 컬처핏 인터뷰 및 레퍼런스 체크 → 5. 처우협의 → 6. 최종 합격 및 입사 👉 당근 합류 여정 가이드 바로가기 (🔗) 지원하기 자주묻는질문 목록으로 돌아가기",,하고 있어요 이렇게 합류해요 1. 서류 전형 → 2. 화상 인터뷰 → 3. 직무 인터뷰 → 4. 컬처핏 인터뷰 및 레퍼런스 체크 → 5. 처우협의 → 6. 최종 합격 및 입사 👉 당근 합류 여정 가이드 바로가기 (🔗) 지원하기 자주묻는질문 목록으로 돌아가기,,,,,정규직,,,,,active,2026-03-05 18:52:28.602164,2026-03-05 18:52:28.602147,True
124,122,"Software Engineer, Frontend - 채팅",https://about.daangn.com/jobs/7528506003,"Software Engineer, Frontend - 채팅 당근 정규직 경력 영입정보 지원하기 채팅팀을 소개해요 채팅팀은 당근의 다양한 서비스가 만나는 교차로를 더 편리하고 유연하게 만드는 조직이에요. 다른 서비스에서 시작된 연결이 채팅 안에서 끊기지 않고, 목적 지향적으로 완결될 수 있도록 대화 흐름과 핵심 UI를 일관된 경험으로 제공하고 있어요. 또한 여러 서비스가 동일한 품질의 채팅 기능을 쉽게 사용할 수 있도록 표준과 시스템을 구축하여, 사용자와 내부 운영 모두에게 안정적이고 일관된 경험을 제공하고 있어요. 🥕 '당근의 모든 서비스가 만나는 교차로, 채팅' 보러가기 이런 일을 해요 현재 채팅팀은 채팅 SDK · 웹채팅 · 운영 관리 콘솔을 중심으로 채팅의 기본 역량을 탄탄히 구축하고 있어요. 프론트엔드 엔지니어는 다음과 같은 역할을 담당해요. 누구나 쉽게 사용할 수 있는 채팅 SDK를 만들어요 웹뷰/웹사이트/내부 서비스에서 재사용 가능한 채팅 SDK를 구현해요 핵심 컴포넌트, 이벤트 모델, API 어댑터를 표준화하고, 문서/샘플 앱과 함께 배포해요 당근의 웹채팅 경험을 설계하고 고도화해요 웹뷰 및 브라우저 환경에서 일관된 채팅 UX를 구현해요 대화 경험의 몰입감, 속도, 상호작용성을 높이는 UI/UX 개선·실험을 지속해요 다양한 서비스의 요구를 자연스럽게 녹여낼 수 있는 확장 가능한 메시지 구조와 화면 흐름을 만들어요 채팅 서비스 운영을 위한 효율적인 관리 도구를 구축해요 서비스와 채팅의 연동, 채팅방 UI/정책 제어, 대화 데이터 가시화를 위한 운영 페이지를 만들어요 각 서비스 팀이 채팅 위에서 자유롭게 실험하고 효율적으로 운영할 수 있는 환경을 제공해요. 이런 분과 함께하고 싶어요 3년 이상의 프론트엔드 개발 경험을 보유하신 분 SDK, Design System 등 재사용 가능한 프론트엔드 자산을 설계·문서화·배포해 보신 분 TypeScript와 React로 제품을 만들고 운영해 본 경험이 있으신 분 하나 이상의 상태관리 라이브러리를 사용해 보신 경험이 있으신 분 적절한 테스트 전략을 수립하고, 그에 따른 테스트 코드를 작성/관리 할 수 있으신 분 내부 서비스 팀, 운영/CS, 백엔드 등 다양한 직군과 열린 마음으로 협업하며 오너십을 갖으시는 분 이런 분이면 더 좋아요! WebSocket, HTTP 등 네트워크 프로토콜 전반에 대한 이해가 있으신 분 성능 최적화, 접근성, 국제화를 실무에서 적용해 보신 분 새로운 기술 스택에 빠르게 적응하며 실행력과 확장성의 균형을 잡을 수 있는 분 웹뷰/인앱 실행 환경과 정책을 이해하고 대응해 보신 분 데이터와 유저 보이스 기반으로 문제를 정의하고 빠르게 실험·검증·개선하시는 분 AI 도구(예: Claude Code, Cursor 등)를 적극 활용해 생산성을 높이고 임팩트에 집중하시는 분 참고해 주세요 정규직 채용의 경우 3개월의 수습기간이 있어요 ‘장애인고용촉진 및 직업재활법’, ‘국가유공자 등 예우 및 지원에 관한 법률’에 따라 장애인 및 보훈대상자는 채용 전형 시 우대하고 있어요 이력서에는 기술 스택보다, 문제를 어떻게 정의하고 해결했는지를 중심으로 소개해 주세요 이렇게 합류해요 1. 서류 전형 → 2. 화상 인터뷰 → 3. 직무 인터뷰 → 4. 컬처핏 인터뷰 및 레퍼런스 체크 → 5. 처우협의 → 6. 최종 합격 및 입사 👉 당근 합류 여정 가이드 바로가기 (🔗) 지원하기 자주묻는질문 목록으로 돌아가기",,"하고 있어요 이력서에는 기술 스택보다, 문제를 어떻게 정의하고 해결했는지를 중심으로 소개해 주세요 이렇게 합류해요 1. 서류 전형 → 2. 화상 인터뷰 → 3. 직무 인터뷰 → 4. 컬처핏 인터뷰 및 레퍼런스 체크 → 5. 처우협의 → 6. 최종 합격 및 입사 👉 당근 합류 여정 가이드 바로가기 (🔗) 지원하기 자주묻는질문 목록으로 돌아가기",,,,,정규직,,,,,active,2026-03-05 18:52:29.031750,2026-03-05 18:52:29.031734,True
125,122,"Software Engineer, Frontend - 중고거래",https://about.daangn.com/jobs/6655146003,"Software Engineer, Frontend - 중고거래 당근 정규직 경력 영입정보 지원하기 중고거래실을 소개해요 중고거래실은 한국과 글로벌의 유저를 타겟으로 지역 기반 중고거래 서비스를 만들고 있어요. 전 세계에서 수천만 명이 사용하는 제품을 관리하며 유저의 문제를 해결하거나 회사의 목표를 달성할 수 있는 프로덕트를 만들어요. 최고의 중고거래 사용자 경험을 위해 데이터를 바탕으로 다양한 아이디어를 실험하며 서비스를 발전시키는 일을 해요. 🥕 14년 차 리드와 신입 엔지니어가 함께 무한한 가능성을 꿈꿀 때 이런 일을 해요 중고거래 서비스의 성장을 함께 고민하고, 웹뷰와 웹 프로덕트를 만들어요 중고거래 글로벌 서비스 과정에서 문제를 해결하고, 다양한 사용자 경험을 고려해요 실험에 빠르고 안정적으로 대응할 수 있는 웹뷰를 만들어 프로덕트의 성장을 가속화해요 동료들의 생산성을 높이고 효과적인 협업을 할 수 있는 도구와 패키지를 개발해요 사용자 경험에 임팩트를 가져오기 위해 웹, 미디어, AI 등 다양한 기술들을 고려해요 이런 분을 찾고 있어요 3년 이상의 프론트엔드 개발 경험이 있으시거나, 이에 준하는 실력을 가진 분 사용자 경험에 집착하는 분 문제 해결을 위해 다방면으로 고민하고 몰입하시는 분 PM, 디자이너, 엔지니어 등 동료들과 명확하고 원활한 커뮤니케이션을 하시는 분 HTML, CSS, Javascript, 그 외 웹 표준과 생태계를 잘 이해하고 계신 분 Typescript, Flow와 같은 정적 타입 언어를 이해하고 경험해보신 분 React 생태계와 컴포넌트 설계 및 상태관리에 익숙하신 분 이런 분이면 더 좋아요! 실제 사용자가 있는 서비스를 처음부터 끝까지 개발하고 운영 해보신 분 프로덕트의 단계에 맞는 적절한 수준의 엔지니어링을 지향 하면서도, 효율적이고 수준 높은 엔지니어링을 추구하시는 분 인앱 웹뷰를 개발하고 개선한 경험이 있으신 분 성능 또는 에러 모니터링 등 중요한 지표들을 측정하고 개선한 경험이 있으신 분 서버드리븐 UI에 대한 이해와 개발 경험이 있으신 분 서버사이드 렌더링에 대한 이해가 깊으신 분 LLM, Claude Code 같은 도구를 통해 생산성 혹은 일하는 방식을 개선하시는 분 당근 중고거래실은 이런 도구로 개발하고 있어요 Typescript React, Zustand Vanilla Extract Typespec Vite Jest Sentry Yarn Berry Github Actions 이력서는 이렇게 작성해주시면 좋아요 프로젝트별로 어떤 부분에 어느 정도 기여 했는지 명확히 보여주시면 좋아요 단순한 기술 나열 보다는 문제 해결과정과 성장을 보고 싶어요 본인의 Github 주소를 꼭 함께 넣어주세요 참고해 주세요 정규직 채용의 경우 3개월의 수습기간이 있어요 ‘장애인고용촉진 및 직업재활법’, ‘국가유공자 등 예우 및 지원에 관한 법률’에 따라 장애인 및 보훈대상자는 채용 전형 시 우대하고 있어요 이렇게 합류해요 1. 서류 전형 → 2. 화상 인터뷰 → 3. 직무 인터뷰 → 4. 컬처핏 인터뷰 및 레퍼런스 체크 → 5. 처우협의 → 6. 최종 합격 및 입사 👉 당근 합류 여정 가이드 바로가기 (🔗) 지원하기 자주묻는질문 목록으로 돌아가기",,하고 있어요 이렇게 합류해요 1. 서류 전형 → 2. 화상 인터뷰 → 3. 직무 인터뷰 → 4. 컬처핏 인터뷰 및 레퍼런스 체크 → 5. 처우협의 → 6. 최종 합격 및 입사 👉 당근 합류 여정 가이드 바로가기 (🔗) 지원하기 자주묻는질문 목록으로 돌아가기,,,,,정규직,,,,,active,2026-03-05 18:52:29.340459,2026-03-05 18:52:29.340443,True
126,122,"Software Engineer, Frontend - 당근페이",https://about.daangn.com/jobs/5919465003,"Software Engineer, Frontend - 당근페이 당근페이 정규직 경력 영입정보 지원하기 Software Engineer, Frontend를 소개해요 당근페이 Software Engineer, Frontend는 최고의 사용자 경험을 제공하는 핀테크 서비스를 목표로 프론트엔드 기술을 활용하여 다양한 도전을 이어가고 있어요. 유저와 직접 만나는 UI/UX를 개발하고 당근페이를 통해 사용자들이 더 편리하고 안전한 금융 경험을 누릴 수 있게 만들어요. 프론트엔드 챕터는 하나의 팀처럼 협업하며 주기적으로 기술 토픽을 공유하고 코드 리뷰를 진행하며, 함께 성장하는 문화를 만들어가요. 우리는 서비스 내 다양한 기능과 화면을 설계하고 개발하며, 사용자에게 안전하고 직관적인 경험을 제공하는 데 집중하고 있어요. 디자인 시스템과 긴밀히 협업하며 일관된 사용자 경험을 구현하고, 이를 통해 당근페이의 가치를 더욱 확장하고 있어요. 🥕 당근페이 Frontend 개발자들이 일하는 방식을 소개해요 🥕오늘도 엔지니어가 된다고 말했다 - 당근페이 이용 내역 개편기 이런 일을 해요 당근페이의 웹 및 모바일 앱내 웹뷰의 UI/UX를 설계하고 개발해요 React, TypeScript 등을 활용해 네이티브앱처럼 직관적이고 반응성이 뛰어난 인터페이스를 구현해요 사용자 행동 데이터를 분석하고 성능을 최적화해요 자기주도성, 빠른 실행력을 갖고 당근페이의 성장을 함께 만들어요 사용자 임팩트를 최우선으로 생각하며 일해요. 빠르게 출시하고 고도화하며 프로덕트를 개선해요 안정적인 금융 서비스를 제공하기 위해 안정성, 보안, 접근성을 고려하며 개발해요 이런 분과 함께하고 싶어요 5년 이상의 프론트엔드 개발 경험 또는 그에 준하는 역량을 보유하신 분 React 등 SPA 프레임워크 사용에 능숙하신 분 HTML, CSS 및 JavaScript 생태계에 익숙하신 분 코드 개선과 논의에 열린 자세를 갖고 이해가 쉬운 코드 작성을 선호하시는 분 PM, 디자이너, 엔지니어 등 동료들과 명확하고 원활한 커뮤니케이션을 하시는 분 복잡한 비즈니스 요구사항을 빠르게 이해하고 구현하기 위한 적절한 기술적 의사결정을 하시는 분 단순히 주어진 업무를 해내는데 그치지 않고, 주도적으로 문제를 발견하고 분석해 문제를 해결하는 분 이런 분이면 더 좋아요! 대규모 핀테크 서비스 개발 및 운영 경험이 있으신 분 결제, 송금, 포인트 시스템 등 금융 트랜잭션 UI/UX 구현 경험이 있으신 분 하나의 서비스에 대해서 오너십을 갖고 운영해 보신 분 모바일 앱 내 웹뷰 개발 경험이 있으신 분 리팩토링, 테스트 코드 작성에 익숙하신 분 프론트엔드 아키텍처 설계 및 기술 의사결정 경험이 있으신 분 AI 도구를 활용하여 업무 생산성을 향상시키고, 이러한 개선을 주도적으로 추진해보신 분 참고해 주세요 정규직 채용의 경우 3개월의 수습기간이 있어요 ‘장애인고용촉진 및 직업재활법’, ‘국가유공자 등 예우 및 지원에 관한 법률’에 따라 장애인 및 보훈대상자는 채용 전형 시 우대하고 있어요 이렇게 합류해요 1. 서류 전형 → 2. 화상 인터뷰 → 3. 직무 인터뷰 → 4. 컬처핏 인터뷰 및 레퍼런스 체크 → 5. 처우협의 → 6. 최종 합격 및 입사 👉 당근 합류 여정 가이드 바로가기 (🔗) 지원하기 자주묻는질문 목록으로 돌아가기",,하고 있어요 이렇게 합류해요 1. 서류 전형 → 2. 화상 인터뷰 → 3. 직무 인터뷰 → 4. 컬처핏 인터뷰 및 레퍼런스 체크 → 5. 처우협의 → 6. 최종 합격 및 입사 👉 당근 합류 여정 가이드 바로가기 (🔗) 지원하기 자주묻는질문 목록으로 돌아가기,,,,,정규직,,,,,active,2026-03-05 18:52:31.208392,2026-03-05 18:52:31.208374,True
127,122,"Software Engineer, Frontend - 광고",https://about.daangn.com/jobs/7484161003,"Software Engineer, Frontend - 광고 당근 정규직 경력 영입정보 지원하기 광고 프론트엔드팀을 소개해요 광고실 프론트엔드 팀은 소상공인이 쉽고 간편하게 광고를 집행할 수 있는 간편모드 웹, 웹뷰 서비스와 전문적인 광고 집행을 원하는 광고주들을 위한 전문가모드 웹 서비스를 개발하고 있어요. 광고 서비스를 통해서 건전한 수익 구조 구축이라는 목표에 기여하고 수익을 넘어서 광고가 앱의 방해요소가 아닌 기능 중 하나로써 공존할 수 있도록 팀원들과 함께 고민하고 개선하고 새로운 시도들을 끊임없이 해보고 있어요. 이런 일을 해요 광고 도메인을 잘 모르는 소상공인, 자영업자 분들도 당근 앱에서 쉽고 간편하게 광고할 수 있는 웹, 웹뷰 서비스를 만들어요 전문 마케터분들이 보다 효과적으로 광고를 집행하고 성과를 관리할 수 있는 PC 웹 서비스를 만들어요 당근 앱 내의 다양한 서비스와 광고를 연결하는 공통 모듈과 API를 설계하고 관리해요 광고 서비스가 당근의 다른 서비스와 원활하게 연결될 수 있도록 돕는 패키지를 개발하고 유지보수해요 다양한 가설을 세우고 이를 검증하기 위해 함께 고민하고 실험해요. 실험 데이터에 기반해 합리적인 의사결정을 내리고 다음 액션 아이템을 도출해요. 개발 문화에 관심을 갖고 지속 가능하고 안정적인 개발 환경을 만들기 위해 노력해요 이런 분과 함께하고 싶어요 개발 경험 3년 이상 또는 이에 준하는 실력을 가지고 있으신 분 HTML, CSS 및 JavaScript, TypeScript에 능숙하신 분 React 등 SPA 기반 프레임워크를 이용해 프로젝트를 진행한 경험이 있으신 분 Zustand, Redux 등 다양한 상태관리 패턴을 사용한 경험이 있으신 분 Vite, Webpack 등 모듈 번들러에 대한 이해가 깊으신 분 자기주도성, 적극적인 커뮤니케이션, 빠른 실행력이 있으신 분 이런 분이면 더 좋아요! 개발 환경부터 전체 플로우를 주도할 수 있는 분 제품의 안정성 및 성능을 모니터링하고 개선해본 경험이 있는 분 새로운 기술에 대한 끊임없는 도전과 삽질 속에서 얻은 경험을 공유하고 함께 성장하는것을 즐기시는 분 하나의 서비스에 대해서 오너십을 갖고 운영해 보신 분 본인만의 NPM 패키지를 출판해보신 분 Next.js, Remix 등 React Framework을 이용한 SSR 프로젝트 경험이 있으신 분 Relay, GraphQL 사용 경험이 있으신 분 이력서는 이렇게 작성해주시면 좋아요 단순한 기술 나열보다는 문제 해결과정과 성장을 보고싶어요 기술이나 도구의 선택에 있어서 왜 그런 판단을 했는지 궁금해요 병목현상을 해결한 경험이 있으면 적어주세요 데이터에 기반한 의사결정을 통해 유의미한 성과를 낸 경험이 있다면 들려주세요 참고해 주세요 정규직 채용의 경우 3개월의 수습기간이 있어요 ‘장애인고용촉진 및 직업재활법’, ‘국가유공자 등 예우 및 지원에 관한 법률’에 따라 장애인 및 보훈대상자는 채용 전형 시 우대하고 있어요 이렇게 합류해요 1. 서류 전형 → 2. 화상 인터뷰 → 3. 직무 인터뷰 → 4. 컬처핏 인터뷰 및 레퍼런스 체크 → 5. 처우협의 → 6. 최종 합격 및 입사 👉 당근 합류 여정 가이드 바로가기 (🔗) 지원하기 자주묻는질문 목록으로 돌아가기",,하고 있어요 이렇게 합류해요 1. 서류 전형 → 2. 화상 인터뷰 → 3. 직무 인터뷰 → 4. 컬처핏 인터뷰 및 레퍼런스 체크 → 5. 처우협의 → 6. 최종 합격 및 입사 👉 당근 합류 여정 가이드 바로가기 (🔗) 지원하기 자주묻는질문 목록으로 돌아가기,,,,,정규직,,,,,active,2026-03-05 18:52:31.548762,2026-03-05 18:52:31.548749,True
128,122,"Software Engineer, Frontend - Local Jobs(Trust&Safety)",https://about.daangn.com/jobs/7603871003,"Software Engineer, Frontend - Local Jobs(Trust&Safety) 당근 정규직 경력/신입 영입정보 지원하기 Local Jobs 팀을 소개해요 Local Jobs는 국내에는 존재하지 않던 마켓플레이스를 만드는 팀이에요. 우리는 일자리를 찾는 방식을 완전히 새롭게 정의하고 있어요. 이웃과 이웃이 만나 동네라는 공간이 새로운 가능성이 되도록, 프로덕트 전문가들이 모여 당근의 비전을 이루기 위한 도전을 하고 있어요. 🥕 Local Jobs 팀원을 소개해요 이렇게 일해요 🥕 당근 블로그, <Local Jobs 엔지니어는 어떻게 사고하고 결정할까> 🥕 당근 블로그, <Local Jobs 엔지니어는 어떻게 행동하고 협업할까> 🥕 당근 테크밋업, <GraphQL Schema 기반 협업으로 생산성을 높이는 Local Jobs 엔지니어링 문화> 🥕 당근 테크밋업, <Local Jobs 초기 엔지니어링 전략: 빠르게, 빠르게, 더 빠르게> 🥕 Local Jobs 디자이너 인터뷰, <하나의 가설로 극한의 성과를> 🥕 Local Jobs PM 인터뷰, <당근의 동력은 오너십> 🥕 Local Jobs 리더 인터뷰, <서비스 성장을 가속하는 팀워크를 만드는 법> 이런 일을 해요 Trust&Safety팀에서 적용해가는 복잡한 인증 및 사용자 보호 로직을 사용자 친화적인 UX로 풀어내요 LLM, Agent 등 기술을 접목한 고도화된 운영 시스템을 구축하고, 사용자의 목소리에 귀를 기울여 개선점들을 찾아 해소하며 안전한 서비스 환경을 주도적으로 만들어가요 당근알바 서비스의 웹과 모바일 웹뷰, SDK, 어드민을 개발하며, 사용자에게 가장 직관적이고 편리한 경험을 제공해요 데이터 기반의 실험을 주도하며, 로깅 시스템을 통해 프로덕트의 성장을 가속화해요 팀원들의 생산성을 극대화하기 위해 Code-Generator, BigQuery-Chatbot, Automation-Script 같은 임팩트 있는 유틸리티를 직접 설계하고 개발해요 이런 분과 함께하고 싶어요 서비스에 대한 애정과 책임감을 가지시는 분 UI/UX 개선과 관련된 고민을 좋아하시는 분 몰입해서 문제해결하는 것을 좋아하시는 분 자기 발전을 위해 지속적으로 노력하시는 분 WEB, HTML, CSS, JavaScript, TypeScript 에 대한 이해도가 높으신 분 Context API, Redux, Zustand, Tanstack-Query, Graphql Client 등을 활용한 어플리케이션 상태관리에 대해 고민해보신 분 개발 경력 5년 이하이신 분(신입 포함) 이런 분이면 더 좋아요! 창업 경험이 있거나 초기멤버 경험이 있으신 분 사용자 경험에 집착하시는 분 프로덕트와 피쳐의 개발 단계에 맞는 적절한 수준의 엔지니어링을 지향하고, 오버엔지니어링을 지양하며, 효율적이면서도 수준 높은 엔지니어링을 추구하시는 분 애자일 소프트웨어 개발을 선호하고 빠른 배포 사이클을 통해 고객과 상호작용하는 것을 즐기시는 분 (애자일 소프트웨어 개발 선언) 참고해 주세요 정규직 채용의 경우 3개월의 수습기간이 있어요 ‘장애인고용촉진 및 직업재활법’, ‘국가유공자 등 예우 및 지원에 관한 법률’에 따라 장애인 및 보훈대상자는 채용 전형 시 우대하고 있어요 이렇게 합류해요 1. 서류 전형 → 2. 화상 인터뷰 → 3. 직무 인터뷰 → 4. 컬처핏 인터뷰 및 레퍼런스 체크 → 5. 처우협의 → 6. 최종 합격 및 입사 👉 당근 합류 여정 가이드 바로가기 (🔗) 지원하기 자주묻는질문 목록으로 돌아가기",,하고 있어요 이렇게 합류해요 1. 서류 전형 → 2. 화상 인터뷰 → 3. 직무 인터뷰 → 4. 컬처핏 인터뷰 및 레퍼런스 체크 → 5. 처우협의 → 6. 최종 합격 및 입사 👉 당근 합류 여정 가이드 바로가기 (🔗) 지원하기 자주묻는질문 목록으로 돌아가기,,,,,정규직,,,,,active,2026-03-05 18:52:31.985990,2026-03-05 18:52:31.985973,True
129,122,"Software Engineer, Frontend - Local Jobs(Enterprise)",https://about.daangn.com/jobs/7611078003,"Software Engineer, Frontend - Local Jobs(Enterprise) 당근 정규직 경력/신입 영입정보 지원하기 Enterprise를 소개해요 Local Jobs을 소개해요 로컬잡스는 국내에는 존재하지 않던 마켓플레이스를 만드는 조직이에요. 이웃과 이웃이 만나 동네라는 공간이 새로운 가능성이 되도록, 프로덕트 전문가들이 모여 당근의 비전을 이루기 위한 도전을 하고 있어요. 🥕 Local Jobs 팀원을 소개해요 엔터프라이즈 팀을 소개해요 로컬잡스 엔터프라이즈 팀은 기업들이 사람을 찾는 방식을 새롭게 정의하고 있어요. 대규모·반복 채용이 필요한 기업도, 지원자를 모으기 어려웠던 지역에서 빠르게 많은 지원자를 만날 수 있게 만들어요. 채용 데이터를 기반으로 반복 채용과 운영 효율까지 함께 해결하고, 기업 채용의 새로운 가능성을 열어가고 있어요. 이렇게 일해요 🥕 당근 블로그, <Local Jobs 엔지니어는 어떻게 사고하고 결정할까> 🥕 당근 블로그, <Local Jobs 엔지니어는 어떻게 행동하고 협업할까> 🥕 당근 테크밋업, <GraphQL Schema 기반 협업으로 생산성을 높이는 Local Jobs 엔지니어링 문화> 🥕 당근 테크밋업, <Local Jobs 초기 엔지니어링 전략: 빠르게, 빠르게, 더 빠르게> 🥕 Local Jobs 디자이너 인터뷰, <하나의 가설로 극한의 성과를> 🥕 Local Jobs PM 인터뷰, <당근의 동력은 오너십> 🥕 Local Jobs 리더 인터뷰, <서비스 성장을 가속하는 팀워크를 만드는 법> 이런 일을 해요 엔터프라이즈 고객(B2B)의 요구사항을 바탕으로, 안정성과 확장성이 중요한 프론트엔드 피쳐를 개발해요 모바일을 넘어, 엔터프라이즈 지원·채용에 어울리는 PC 모드 경험을 처음부터 설계하고 구현해요 대규모·반복 채용 환경에서 발생하는 사용자 행동과 이벤트를 수집·분석해, 신뢰도 높은 채용 경험을 만들어요 이런 분과 함께하고 싶어요 React 기반 프론트엔드 환경에서 PC 웹 중심의 복잡한 화면과 인터랙션을 구현해본 경험이 있으신 분 모바일 앱과 PC 웹이 공존하는 환경에서 일관된 사용자 경험을 만드는 기술적 고민과 경험을 해보신 분 설정 기반(configuration-driven) 또는 옵션화된 구조로 설계해, 커스터마이징과 확장이 가능한 프론트엔드 아키텍처를 구현해본 경험이 있으신 분 이런 분이면 더 좋아요! 복잡한 비즈니스 요구를 프론트엔드 아키텍처 관점에서 구조화하는 과정을 즐기는 분 실험적인 피쳐는 빠르게 배포하고 데이터를 통해 검증·개선하는 사이클에 익숙하신 분 AI·LLM을 단순한 보조 도구가 아니라, 일의 방식을 바꾸는 수단으로 설계하고 활용해본 경험이 있으신 분 참고해 주세요 정규직 채용의 경우 3개월의 수습기간이 있어요 ‘장애인고용촉진 및 직업재활법’, ‘국가유공자 등 예우 및 지원에 관한 법률’에 따라 장애인 및 보훈대상자는 채용 전형 시 우대하고 있어요 서류 전형에서는 지원자분의 이야기를 듣기 위한 4가지 사전 질문 이 준비되어 있어요 개별적이고 서로 다른 요구사항을 구조로 풀어내기 위해 고민했던 프론트엔드 기술경험이 있다면 공유해주세요 모바일 앱과 PC 웹의 사용자 경험을 함께 다뤘던 적이 있다면, 이를 어떻게 설계하고 구현했는지 들려주세요. 없다면 어떤 점을 고려해서 설계할 것 같은지 들려주세요 학습 및 개발에 AI를 사용한 경험, 사용할 계획이 있다면 알려주세요 실험적인 피쳐를 빠르게 배포하고 검증했던 경험이 있다면, 얼마만에 어떤 기준으로 개발하고 개선했는지 알려주세요 이렇게 합류해요 1. 서류 전형 → 2. 화상 인터뷰 → 3. 직무 인터뷰 → 4. 컬처핏 인터뷰 및 레퍼런스 체크 → 5. 처우협의 → 6. 최종 합격 및 입사 👉 당근 합류 여정 가이드 바로가기 (🔗) 지원하기 자주묻는질문 목록으로 돌아가기",,"하고 있어요 서류 전형에서는 지원자분의 이야기를 듣기 위한 4가지 사전 질문 이 준비되어 있어요 개별적이고 서로 다른 요구사항을 구조로 풀어내기 위해 고민했던 프론트엔드 기술경험이 있다면 공유해주세요 모바일 앱과 PC 웹의 사용자 경험을 함께 다뤘던 적이 있다면, 이를 어떻게 설계하고 구현했는지 들려주세요. 없다면 어떤 점을 고려해서 설계할 것 같은지 들려주세요 학습 및 개발에 AI를 사용한 경험, 사용할 계획이 있다면 알려주세요 실험적인 피쳐를 빠르게 배포하고 검증했던 경험이 있다면, 얼마만에 어떤 기준으로 개발하고 개선했는지 알려주세요 이렇게 합류해요 1. 서류 전형 → 2. 화상 인터뷰 → 3. 직무 인터뷰 → 4. 컬처핏 인터뷰 및 레퍼런스 체크 → 5. 처우협의 → 6. 최종 합격 및 입사 👉 당근 합류 여정 가이드 바로가기 (🔗) 지원하기 자주묻는질문 목록으로 돌아가기",,,,,정규직,,,,,active,2026-03-05 18:52:32.296195,2026-03-05 18:52:32.296178,True
130,122,"Software Engineer, Backend - 중고거래 플랫폼",https://about.daangn.com/jobs/6671817003,"Software Engineer, Backend - 중고거래 플랫폼 당근 정규직 경력 영입정보 지원하기 중고거래 플랫폼팀을 소개해요 한국과 글로벌의 유저를 타겟으로 지역 기반 중고거래 서비스를 만들고 있어요. 전 세계에서 천 만 명이 넘는 유저가 쓰는 제품을 관리하며 유저의 문제를 해결하거나 회사의 목표를 달성할 수 있는 프로덕트를 만들어요. 최고의 중고거래 사용자 경험을 위해 데이터를 바탕으로 다양한 아이디어를 실험하며 서비스를 발전시키는 일을 해요. 이런 일을 해요 중고거래 서비스 및 운영 백오피스 서버를 개발해요 MAU 1,800만 규모의 대용량 트래픽을 고려하여 서비스의 성능을 최적화하고 안정성을 보장해요 개발 경험 개선, 생산성 증가, 유지보수 비용 감소를 위해 코드를 개선해요 🥕8년된 레포지토리와 함께 살아가는 2년차 개발자의 이야기 | 2023 INFCON 🥕정답 없는 AI 시대, 당근이 새로운 경험을 만드는 방식 — 당근 AI Show & Tell #6 🥕LLM을 활용한 스마트폰 시세 조회 서비스 구축 🥕당근마켓 서버 개발자가 하는 일 A to Z 대공개 이런 분과 함께하고 싶어요 3년차 이상의 서버 개발 경험, 혹은 이에 준하는 경력을 보유하신 분 하나 이상의 프로그래밍 언어에 능숙하신 분 RDBMS, 캐시, 데이터 구조에 대한 이해가 있으신 분 REST, gRPC 등의 통신 모델을 이해하고 사용성 높은 API 설계 및 개발이 가능하신 분 코드 리뷰에 긍정적이고 원활한 커뮤니케이션이 가능하신 분 이런 분이면 더 좋아요! Ruby 또는 Golang을 사용해본 경험이 있으신 분 AWS 인프라를 운영해본 경험이 있으신 분 RDBMS, NoSQL, Redis 등 대용량 데이터를 위한 스토리지에 대한 경험이 있으신 분 사용자 경험, 서비스 백오피스 운영 도구의 중요성에 대한 이해가 있으신 분 분산 처리 시스템 또는 마이크로서비스 아키텍처를 이해하고 경험하신 분 참고해주세요 정규직 채용의 경우 3개월의 수습기간이 있어요 ‘장애인고용촉진 및 직업재활법’, ‘국가유공자 등 예우 및 지원에 관한 법률’에 따라 장애인 및 보훈대상자는 채용 전형 시 우대하고 있어요 화상 인터뷰에서 라이브 코딩 테스트가 있을 예정이에요 사용 언어는 Ruby로 진행되어요 이렇게 합류해요 1. 서류 전형 → 2. 화상 인터뷰(라이브 코딩테스트) → 3. 직무 인터뷰 → 4. 컬처핏 인터뷰 및 레퍼런스 체크 → 5. 처우협의 → 6. 최종 합격 및 입사 👉 당근 합류 여정 가이드 바로가기 (🔗) 지원하기 자주묻는질문 목록으로 돌아가기",,하고 있어요 화상 인터뷰에서 라이브 코딩 테스트가 있을 예정이에요 사용 언어는 Ruby로 진행되어요 이렇게 합류해요 1. 서류 전형 → 2. 화상 인터뷰(라이브 코딩테스트) → 3. 직무 인터뷰 → 4. 컬처핏 인터뷰 및 레퍼런스 체크 → 5. 처우협의 → 6. 최종 합격 및 입사 👉 당근 합류 여정 가이드 바로가기 (🔗) 지원하기 자주묻는질문 목록으로 돌아가기,,,,,정규직,,,,,active,2026-03-05 18:52:34.246703,2026-03-05 18:52:34.246685,True
131,122,"Software Engineer, Backend - 당근페이 (Kotlin)",https://about.daangn.com/jobs/4511184003,"Software Engineer, Backend - 당근페이 (Kotlin) 당근페이 정규직 경력 영입정보 지원하기 당근페이팀을 소개해요 당근페이팀은 동네에서 이루어지는 다양한 거래를 연결하는 것을 목표를 가지고 있어요. 중고 거래 송금뿐만 아니라, 동네 결제를 통해 동네의 일상에 스며드는 핀테크 서비스가 되고자 해요. 당근페이팀은 이렇게 일해요 당근페이팀은 사용자의 문제를 해결하는 서비스팀과, 이를 위해 핵심이 되는 공통 서비스를 만드는 코어팀으로 구성되어 있어요 서비스팀은 PM, 디자이너, 엔지니어로 구성된 5~7명의 파트로 구성되어 있어요. 각 파트는 기능 단위가 아닌 사용자의 문제를 해결하며 실질적인 가치를 전달하는 하나의 작은 스타트업처럼 움직여요. 최고의 서비스를 만들기 위해 직군과 상관없이 누구나 아이디어를 내고 실행까지 해볼 수 있어요 코어팀은 서비스팀이 당근의 사용자에게 효율적으로 비즈니스적 가치를 제공할 수 있도록 공통으로 사용하는 코어 서비스를 만들어요. 당근페이의 핵심이 되는 공통 서비스와 도구에 대해 오너십을 가지고 개발 및 운영해요. 서비스를 위한 공통의 요구사항을 발견하고 이를 해결하기 위한 플랫폼을 제공해요 사용자에게 가치를 제공하는 기능이라면 고정된 릴리즈 주기 없이 빠르게 개발하고 배포해요 외부 요청, 개선 등 공통 작업에는 망설임 없이 백로그를 만들고 이슈를 주도적으로 해결해요 각자가 고민하고 있는 복잡한 상황이 있다면 공유하고 함께 이해해요 문제가 생기면 동료와 함께 힘을 모아 해결해요. 문제를 통해서 학습하고 해결하는 과정을 통해 성장해요 無知(모르는 것)를 두려워하지 않고 신뢰하며 배워 나가요. 간단하고 사소한 실수라도 기록하고 공유해요 합류하면 함께 할 업무에요 서비스 개발팀 엔지니어는 서비스를 성장시키기 위해 사용자 입장에서 고민하고 기술을 활용해 사용자의 문제를 해결해요 서비스 코어팀 엔지니어는 안정적이고 확장 가능한 서비스 제공을 위해 API Gateway, 계정, 인증, 메시지 플랫폼 그리고 데이터 기반 의사결정을 돕는 효율적인 백오피스를 만들어요 REST API, gRPC, GraphQL, TCP 등 다양한 네트워크 프로토콜과 인터페이스를 다뤄요 안정적이고 신뢰 높은 금융 서비스를 제공하기 위해 내결함성(Fault Tolerance)과 탄력성(Resilience)을 갖춘 시스템을 만들어요 MSA 환경에서 분산 트랜잭션을 처리하며 동시성 환경에서도 금융 데이터의 정합성을 유지해요 이런 경험을 할 수 있어요 Mission Critical 환경에서 문제 해결을 잘하는 엔지니어로 성장할 수 있어요 송금 및 결제와 같은 실시간 트랜잭션 처리를 포함한 Mission Critical 환경에서 내결함성(Fault Tolerance)과 탄력성(Resilience)을 기반으로 결함을 예측하고 대처할 수 있는 시스템을 만들고 있어요 금융 데이터의 정합성을 유지하면서 안전하고 신뢰성 있는 시스템을 구축하는 경험을 통해 복잡한 문제를 해결할 수 있는 엔지니어로 성장할 수 있어요. 어떠한 장애 상황에서도 신속하게 대처하는 방법을 배우면서 사용자에게 안정적인 서비스를 제공하는 역량과 실전 기술력을 키울 수 있어요 리더십, 팀워크, 몰입을 경험할 수 있어요 문제를 스스로 발굴하고 목표를 달성하기 위해 필요한 Task를 정의하고, 최종 결과물을 완성시키는 A부터 Z까지의 모든 경험을 할 수 있어요. 제품이나 특정 기능을 밑바닥부터 출시까지 스스로 주도적으로 관리하고 완성하는 경험을 통해 전반적인 프로젝트 관리 능력을 향상시킬 수 있어요 이때 혼자가 아닌 팀으로서 PM, 디자이너, 엔지니어 등 다양한 직군과 긴밀한 협업을 통해 동료들의 성장에 기여하고, 필요에 따라 각자 리더십을 발휘하여 팀 전체의 성과를 높이는 경험을 할 수 있어요 언제든지 원하는 작업이나 아이디어를 제안하고 기여할 수 있는 환경에서, 문제 해결과 새로운 기능 개발에 몰입할 수 있어요 이런 분과 함께하고 싶어요 3년 이상의 서버 개발 경험, 혹은 이에 준하는 역량을 보유하신 분 JVM 생태계(Kotlin, Spring, JPA), RDBMS에 대한 이해도가 높으신 분 자기주도적이고 커뮤니케이션이 원활하며 빠른 실행력이 있는 분 변화를 두려워하지 않고 새로운 기술에 빠르게 적응하며 지속적으로 성장하고자 하는 분 이런 분이면 더 좋아요! 사용자 중심의 사고를 가지고 프로덕트를 만들어 갈 수 있으신 분 분산 컴퓨팅 환경에서 동시성 문제와 대규모 트래픽 처리에 대한 이해가 있으신 분 금융 및 핀테크 서비스에 대한 경험이 있으신 분 이런 기술을 사용해요 Kotlin, Spring Boot, Spring Batch, JPA, HTTP, gRPC, GraphQL, Netty MySQL, Redis, Kafka, Central Dogma, Apache Flink Grafana, Sentry, Datadog AWS, Kubernetes, Argo CD, Argo Workflow, Github Actions 참고해 주세요 정규직 채용의 경우 3개월의 수습기간이 있어요 ‘장애인고용촉진 및 직업재활법’, ‘국가유공자 등 예우 및 지원에 관한 법률’에 따라 장애인 및 보훈대상자는 채용 전형 시 우대하고 있어요 당근페이는 당근마켓의 자회사로, 채용시 당근페이 소속으로 채용돼요. 근무 조건 및 복지는 당근마켓과 동일해요 직무 인터뷰 단계에 따라 라이브 코딩 테스트와 시스템 디자인 인터뷰를 진행해요 이렇게 합류해요 1. 서류 전형 → 2. 화상 인터뷰 → 3. 직무 인터뷰 → 4. 컬처핏 인터뷰 및 레퍼런스 체크 → 5. 처우협의 → 6. 최종 합격 및 입사 👉 당근 합류 여정 가이드 바로가기 (🔗) 🔴 Tech LIVE: 당근페이 테크 채용 세션 🔴 Tech Meetup: 테크 밋업 당근페이 세션 당근페이의 최신 소식이 궁금하시다면? 🥕 당근페이 공식홈페이지 바로가기 🥕 당근페이 입사 후 비로소 알게 된 것들 🥕 당근페이는 왜 더 좁은 지역의 카드 혜택을 고수했을까? 🥕 당근페이 엔지니어링 데이 1회 🥕 매일 배포하는 팀이 되는 여정(1) — 브랜치 전략 개선하기 🥕 매일 배포하는 팀이 되는 여정(2) — Feature Toggle 활용하기 🥕 효율적인 테스트를 위한 Stub 객체 사용법 🥕 확장성 있는 TCP 통신 시스템 구축하기 🥕 당근페이 금융 거래 내역 Aggregator 개발기 🥕 당근페이 재무 결산 사례로 보는 백엔드와 데이터의 만남 🥕 당근페이 백엔드 아키텍처가 걸어온 여정 지원하기 자주묻는질문 목록으로 돌아가기",,"하고 있어요 당근페이는 당근마켓의 자회사로, 채용시 당근페이 소속으로 채용돼요. 근무 조건 및 복지는 당근마켓과 동일해요 직무 인터뷰 단계에 따라 라이브 코딩 테스트와 시스템 디자인 인터뷰를 진행해요 이렇게 합류해요 1. 서류 전형 → 2. 화상 인터뷰 → 3. 직무 인터뷰 → 4. 컬처핏 인터뷰 및 레퍼런스 체크 → 5. 처우협의 → 6. 최종 합격 및 입사 👉 당근 합류 여정 가이드 바로가기 (🔗) 🔴 Tech LIVE: 당근페이 테크 채용 세션 🔴 Tech Meetup: 테크 밋업 당근페이 세션 당근페이의 최신 소식이 궁금하시다면? 🥕 당근페이 공식홈페이지 바로가기 🥕 당근페이 입사 후 비로소 알게 된 것들 🥕 당근페이는 왜 더 좁은 지역의 카드 혜택을 고수했을까? 🥕 당근페이 엔지니어링 데이 1회 🥕 매일 배포하는 팀이 되는 여정(1) — 브랜치 전략 개선하기 🥕 매일 배포하는 팀이 되는 여정(2) — Feature Toggle 활용하기 🥕 효율적인 테스트를 위한 Stub 객체 사용법 🥕 확장성 있는 TCP 통신 시스템 구축하기 🥕 당근페이 금융 거래 내역 Aggregator 개발기 🥕 당근페이 재무 결산 사례로 보는 백엔드와 데이터의 만남 🥕 당근페이 백엔드 아키텍처가 걸어온 여정 지원하기 자주묻는질문 목록으로 돌아가기",,,,,정규직,,,,,active,2026-03-05 18:52:34.626105,2026-03-05 18:52:34.626088,True
132,122,"Software Engineer, Backend - 광고",https://about.daangn.com/jobs/6640363003,"Software Engineer, Backend - 광고 당근 정규직 경력 영입정보 지원하기 광고실을 소개해요 광고실은 당근의 수익 모델의 핵심인 광고 서비스 전반을 책임지고 있는 조직이에요. 당근의 1,900만 MAU를 대상으로 하는 광고 플랫폼을 운영하고 있어요. 지역 기반의 광고 솔루션을 제공함으로써 소상공인과 대기업 모두에게 효과적인 광고 기회를 제공하고 있어요. 우리의 작은 개선이 광고주의 성과와 당근의 수익에 큰 영향을 미칠 수 있어, 항상 데이터 기반의 의사결정과 끊임없는 실험을 통해 서비스를 발전시키고 있어요. 광고실은 사용자 경험과 광고 효과 사이의 균형을 맞추는 중요한 역할을 해요. 사용자들에게 유용하고 관련성 높은 광고를 제공하면서도, 당근의 핵심 가치인 이웃 간 소통과 거래 경험을 해치지 않도록 주의 깊게 전략을 수립해요. 이를 위해 다양한 광고 포맷과 타겟팅 옵션을 개발하고, 머신러닝 기술을 활용해 광고 최적화에 힘쓰고 있어요. 또한, 광고실은 전사적 관점에서 중요한 의사결정에 참여해요. 광고가 앱의 여러 지면에 노출되기 때문에, 단순히 광고 성과뿐만 아니라 전체 서비스의 건강성과 사용자 만족도를 고려해야 해요. 따라서 우리는 광고주의 니즈, 사용자 경험, 그리고 회사의 비즈니스 목표를 모두 고려한 통합적인 접근 방식을 취하고 있어요. 광고실에서는 새로운 광고 상품 개발, 광고 플랫폼 개선, 광고 성과 분석 및 최적화, 광고주 관리 등 다양한 업무를 수행해요. 혁신적인 아이디어와 분석적 사고를 바탕으로 빠르게 성장하는 광고 시장에서 임팩트를 만들고 싶다면, 광고실이 최고의 선택이 될 거예요. 🥕 당근 광고실을 소개해요! 이런 일을 해요 대규모 광고 트래픽을 다루는 전문가로 성장할 수 있어요 당근마켓은 1,900만 MAU를 보유한 거대 플랫폼이에요. 이런 대규모 환경에서 광고 시스템을 안정적으로 운영하는 것은 큰 도전이자 기회예요. 광고실에 합류하면 하루 수억건의 광고 요청을 처리하는 시스템을 다루게 될 거예요. 여기서 발생하는 다양한 장애 상황에 대처하는 방법을 배우면서, 고가용성 시스템 구축 능력과 실전 문제 해결 능력을 키울 수 있어요. 특히 서빙팀에서는 실시간 입찰(RTB) 시스템을 다루게 될 텐데, 밀리초 단위의 응답 시간을 요구하는 이 시스템을 통해 초저지연 분산 시스템 설계와 구현 능력을 획득할 수 있어요. DSP팀에서는 대용량 광고 데이터 처리를 위한 성능 최적화와 확장성 있는 아키텍처 설계 능력을 키울 수 있죠. 데이터 기반의 의사결정과 최적화 경험을 쌓을 수 있어요 광고실 개발자로 방대한 양의 사용자 데이터와 광고 성과 데이터를 다루게 돼요. 이 데이터를 효율적으로 수집, 처리, 분석하는 파이프라인을 구축하고 최적화하는 경험을 할 수 있어요. 빅데이터 처리 기술, 데이터 웨어하우징, 실시간 데이터 스트리밍 등 다양한 데이터 엔지니어링 스킬을 향상시킬 수 있죠. 또한, 머신러닝 모델을 실제 광고 시스템에 적용하는 경험도 할 수 있어요. 사용자 타겟팅, 광고 효과 예측, 실시간 입찰가 결정 등 다양한 영역에서 AI/ML 기술을 활용하여 광고 시스템을 지속적으로 개선하는 과정에 참여할 수 있어요. 지속적으로 성장하는 서비스의 기술적 도전을 해결하는 경험을 할 수 있어요 당근은 끊임없이 성장하고 있어요. 이에 따라 광고 시스템도 지속적으로 확장되고 새로운 기능이 추가되고 있죠. 새로운 광고 상품 출시, 타겟팅 옵션 확대, 광고 효과 측정 방식 개선 등 다양한 변화에 맞춰 시스템을 발전시키는 경험을 할 수 있어요. 예를 들어, DSP팀에서는 새로운 광고 포맷에 맞는 로직을 개발하고, 새로운 데이터 소스를 통합하며, 서빙팀에서는 새로운 광고 노출 방식을 구현하는 등 다양한 도전 과제를 해결하게 될 거예요. 이 과정에서 최신 기술 트렌드를 학습하고 적용하면서 기술적 역량을 크게 향상시킬 수 있어요. 마이크로서비스 아키텍처를 직접 설계하고 운영하는 경험을 할 수 있어요 광고실은 마이크로서비스 아키텍처를 채택하고 있어요. DSP, DMP, 추천시스템등 각 영역별로 독립적인 마이크로서비스를 설계하고 구현하는 경험을 할 수 있어요. 이 과정에서 서비스 간 통신, API 설계, 분산 트랜잭션 처리 등 마이크로서비스 아키텍처의 핵심 개념들을 실제로 적용해볼 수 있죠. 또한, 각 마이크로서비스의 독립적인 배포와 운영, 모니터링 시스템 구축, 장애 격리(Fault Isolation) 전략 수립 등을 통해 대규모 시스템의 안정적인 운영 노하우를 쌓을 수 있어요. 광고실의 백엔드 개발자로서, 최고의 광고 기술을 다루면서 동시에 실제 비즈니스 임팩트를 만들어내는 특별한 경험을 하게 될 거예요. 대규모 트래픽 처리, 데이터 기반 의사결정, 지속적인 기술 혁신, 마이크로서비스 아키텍처 등 다양한 영역에서의 경험을 통해 폭넓고 깊이 있는 기술력을 갖춘 엔지니어로 성장할 수 있어요. 이런 분을 찾고 있어요 5년 이상의 서버 개발 경험, 혹은 이에 준하는 역량을 보유하신 분 하나 이상의 프로그래밍 언어에 능숙하신 분 스스로 데이터베이스를 설계하고 개발/운영해 본 경험이 있으신 분 마이크로서비스 아키텍쳐와 REST, gRPC 등 서비스 간 통신에 대한 높은 이해가 있으신 분 코드 리뷰에 긍정적이고, 테스트 및 이해하기 쉬운 좋은 코드 작성에 관심이 많으신 분 이런 분이면 더 좋아요! Code Level Architecture (layered architecture, clean architecture 등)에 대한 이해가 있으신 분 대용량 데이터 처리를 위한 효율적인 애플리케이션 아키텍처 및 데이터베이스 구성에 대한 이해도가 있으신 분 Kubernetes, AWS, GCP 등 클라우드 환경에서의 운영 경험이 있으신 분 간단한 백오피스 개발이 가능하신 분 자기주도성, 적극적인 커뮤니케이션, 빠른 실행력을 갖추신 분 데이터 파이프라인 구축/운영을 실제로 경험했거나 높은 이해도가 있으신 분 참고해 주세요 정규직 채용의 경우 3개월의 수습기간이 있어요 ‘장애인고용촉진 및 직업재활법’, ‘국가유공자 등 예우 및 지원에 관한 법률’에 따라 장애인 및 보훈대상자는 채용 전형 시 우대하고 있어요 이렇게 합류해요 1. 서류 전형 → 2. 화상 인터뷰 → 3. 직무 인터뷰 → 4. 컬처핏 인터뷰 및 레퍼런스 체크 → 5. 처우협의 → 6. 최종 합격 👉 당근 합류 여정 가이드 바로가기 (🔗) 지원하기 자주묻는질문 목록으로 돌아가기",,하고 있어요 이렇게 합류해요 1. 서류 전형 → 2. 화상 인터뷰 → 3. 직무 인터뷰 → 4. 컬처핏 인터뷰 및 레퍼런스 체크 → 5. 처우협의 → 6. 최종 합격 👉 당근 합류 여정 가이드 바로가기 (🔗) 지원하기 자주묻는질문 목록으로 돌아가기,,,,,정규직,,,,,active,2026-03-05 18:52:34.973113,2026-03-05 18:52:34.973098,True
133,122,"Software Engineer, Backend - 공통 서비스 개발 (콘텐츠 서빙)",https://about.daangn.com/jobs/7644271003,"Software Engineer, Backend - 공통 서비스 개발 (콘텐츠 서빙) 당근 정규직 경력 영입정보 지원하기 공통 서비스 개발팀을 소개해요 공통 서비스 개발팀은 당근을 구성하는 서비스들이 공통으로 활용하는 플랫폼 / 애플리케이션 / 라이브러리를 개발해요. 팀의 목표는 당근 서비스 개발에 필요한 기반 기술 및 환경을 구축하는 것이에요. 우리는 당근 개발자들의 생산성에 집중하며, 의사결정의 중심에 Developer Experience를 두고 있어요. 우리 팀은 백엔드 및 클라우드 인프라의 다양한 기술 분야를 다루며, 당근의 개발자들이 고객이에요. 고객이 비즈니스 성장을 위해 서비스 개발에 집중할 수 있도록, 개발 생산성을 돕는 도구를 만들어 제공하며 당근의 전체적인 엔지니어링 안정성 향상을 위한 가이드라인도 제공해요. 공통 서비스 개발팀은 3개의 파트로 구성되어 있어요. 당근 개발자들이 서비스 개발에 활용하는 전사 이미지, 전사 동영상 등의 공통 애플리케이션을 제공하는 콘텐츠 서빙 파트 당근 개발자들이 전사적으로 활용하는 이벤트, 로그 관련 플랫폼을 제공하는 이벤트 서빙 파트 당근 개발자들이 개발 전반에 활용하는 라이브러리 및 SDK, 스키마 관리 도구 등을 제공하는 파운데이션 서빙 파트 해당 공고는 콘텐츠 서빙 파트에 해당되는 내용이며, 팀 내 다른 두 파트와 긴밀하게 협업해요. 이러한 협업을 통해 당근 개발자들의 생산성을 높이겠다는 팀의 목표를 함께 달성하며, 서로의 성장에 기여하는 구조로 일해요. 🥕 공통서비스개발팀 리더 인터뷰, < 성장하는 엔지니어링 리더는 어떻게 일할까 > 🥕 2024 당근 테크 밋업, < 영상 플랫폼 운행 시작합니다 > 🥕 2024 당근 테크 밋업, < Kafka 뉴비의 마이그레이션, 산 넘고 물 건너 > 🥕 2025 당근 GCP 밋업, < 대규모 이미지 서비스 with GCP > 🥕 2025 당근 플랫폼 밋업, < Quickwit 기반 신규 로그 파이프라인 > 🥕 2025 당근 플랫폼 밋업, < 어느 날, 이미지 CDN이 터졌습니다: 킬 스위치 > 이런 일을 해요 당근 개발자들이 전사적으로 사용하는 이미지/동영상 플랫폼을 직접 개선하고 개발해요 대규모 트래픽 환경에서도 이미지와 동영상이 안정적으로 전달될 수 있도록 개선해요 콘텐츠를 비용 효율적으로 전달하기 위해 파이프라인을 최적화해요 당근의 핵심 사용자 시나리오를 기반으로 서비스 상태를 검증하는 플랫폼을 직접 설계하고 구축해요 이런 분과 함께하고 싶어요 소프트웨어 개발 경험이 5년 이상이신 분 사용자 니즈를 파악하고 이를 기반으로 서비스를 지속적으로 개선해본 경험이 있으신 분 동료 엔지니어와 협업 경험이 풍부하고, 협업 생산성을 높이는 일에 기여하신 분 레거시 소프트웨어와 이를 개발한 엔지니어의 선택을 존중하며 공감할 수 있고, 기존의 선택을 더 나은 방향으로 개선하는 방법을 고민할 수 있는 분 이런 분이면 더 좋아요 이미지 및 동영상 전달을 위한 CDN 파이프라인 구축/운영에 익숙하신 분 Kotlin 혹은 Go 언어 생태계 경험을 보유하신 분 참고해 주세요 정규직 채용의 경우 3개월의 수습기간이 있어요 ‘장애인고용촉진 및 직업재활법’, ‘국가유공자 등 예우 및 지원에 관한 법률’에 따라 장애인 및 보훈대상자는 채용 전형 시 우대하고 있어요 이렇게 합류해요 1. 서류 전형 → 2. 화상 인터뷰 → 3. 직무 인터뷰 → 4. 컬쳐핏 인터뷰 및 레퍼런스 체크 → 5. 처우협의 → 6. 최종 합격 및 입사 👉 당근 합류 여정 가이드 바로가기 (🔗) 지원하기 자주묻는질문 목록으로 돌아가기",,하고 있어요 이렇게 합류해요 1. 서류 전형 → 2. 화상 인터뷰 → 3. 직무 인터뷰 → 4. 컬쳐핏 인터뷰 및 레퍼런스 체크 → 5. 처우협의 → 6. 최종 합격 및 입사 👉 당근 합류 여정 가이드 바로가기 (🔗) 지원하기 자주묻는질문 목록으로 돌아가기,,,,,정규직,,,,,active,2026-03-05 18:52:35.302598,2026-03-05 18:52:35.302582,True
134,122,"Software Engineer, Backend - 공통 서비스 개발 (라이브러리)",https://about.daangn.com/jobs/7477370003,"Software Engineer, Backend - 공통 서비스 개발 (라이브러리) 당근 정규직 경력 영입정보 지원하기 공통 서비스 개발팀을 소개해요 공통 서비스 개발팀은 당근을 구성하는 서비스들이 공통으로 활용하는 플랫폼 / 애플리케이션 / 라이브러리를 개발해요. 팀의 목표는 당근 서비스 개발에 필요한 기반 기술 및 환경을 구축하는 것이에요. 우리는 당근 개발자들의 생산성에 집중하며, 의사결정의 중심에 Developer Experience를 두고 있어요. 우리 팀은 백엔드 및 클라우드 인프라의 다양한 기술 분야를 다루며, 당근의 개발자들이 고객이에요. 고객이 비즈니스 성장을 위해 서비스 개발에 집중할 수 있도록, 개발 생산성을 돕는 도구를 만들어 제공하며 당근의 전체적인 엔지니어링 안정성 향상을 위한 가이드라인도 제공해요. 공통 서비스 개발팀은 3개 의 파트로 구성되어 있어요. 1. 당근 개발자들이 전사적으로 활용하는 이벤트, 로그 관련 플랫폼을 제공하는 이벤트 서빙 파트 2. 당근 개발자들이 서비스 개발에 활용하는 전사 이미지, 전사 동영상 등의 공통 애플리케이션을 제공하는 콘텐츠 서빙 파트 3. 당근 개발자들이 개발 전반에 활용하는 라이브러리 및 SDK, 스키마 관리 도구 등을 제공하는 라이브러리 서빙 파트 해당 공고는 라이브러리 서빙 파트 에 해당되는 내용이며, 팀 내 다른 두 파트와 긴밀하게 협업해요. 이러한 협업을 통해 당근 개발자들의 생산성을 높이겠다는 팀의 목표를 함께 달성하며, 서로의 성장에 기여하는 구조로 일해요. 🥕 공통서비스개발팀 리더 인터뷰, < 성장하는 엔지니어링 리더는 어떻게 일할까 > 🥕 2024 당근 테크 밋업, < 영상 플랫폼 운행 시작합니다 > 🥕 2024 당근 테크 밋업, < Kafka 뉴비의 마이그레이션, 산 넘고 물 건너 > 🥕 2025 당근 GCP 밋업, < 대규모 이미지 서비스 with GCP > 이런 일을 해요 당근 개발자들이 공통으로 활용하는 플랫폼의 핵심 라이브러리/SDK를 직접 설계하고 개발해요 당근에서 전사적으로 사용되는 주요 언어들의 생태계 및 핵심 라이브러리의 성숙도를 높여요 당근 내부 Package Registry를 구축/운영하여 당근 서비스 개발 전반의 안정성에 기여해요 당근 서비스 개발에 사용되는 API/이벤트 스키마를 관리하는 도구를 개선해요 이런 분과 함께하고 싶어요 소프트웨어 개발 경험이 3년 이상이신 분 공통 기능을 추상화하여 개발 생산성 향상을 경험해 보신 분 Go, Kotlin, Ruby, Node.js 중 특정 언어 생태계 기여에 적극적이신 분 레거시 소프트웨어와 이를 개발한 엔지니어의 선택을 존중하며 공감할 수 있고, 기존의 선택을 더 나은 방향으로 개선하는 방법을 고민할 수 있는 분 참고해 주세요 정규직 채용의 경우 3개월의 수습기간이 있어요 ‘장애인고용촉진 및 직업재활법’, ‘국가유공자 등 예우 및 지원에 관한 법률’에 따라 장애인 및 보훈대상자는 채용 전형 시 우대하고 있어요 특정 언어 생태계에 기여한 경험(오픈소스 기여, 이슈 보고 등)을 포트폴리오에 첨부해 주시면 좋아요 이렇게 합류해요 1. 서류 전형 → 2. 과제 → 3. 직무 인터뷰 → 4. 컬쳐핏 인터뷰 및 레퍼런스 체크 → 5. 처우협의 → 6. 최종 합격 및 입사 👉 당근 합류 여정 가이드 바로가기 (🔗) 지원하기 자주묻는질문 목록으로 돌아가기",,"하고 있어요 특정 언어 생태계에 기여한 경험(오픈소스 기여, 이슈 보고 등)을 포트폴리오에 첨부해 주시면 좋아요 이렇게 합류해요 1. 서류 전형 → 2. 과제 → 3. 직무 인터뷰 → 4. 컬쳐핏 인터뷰 및 레퍼런스 체크 → 5. 처우협의 → 6. 최종 합격 및 입사 👉 당근 합류 여정 가이드 바로가기 (🔗) 지원하기 자주묻는질문 목록으로 돌아가기",,,,,정규직,,,,,active,2026-03-05 18:52:37.199155,2026-03-05 18:52:37.199136,True
135,122,"Software Engineer, Backend - 검색 플랫폼 (인프라)",https://about.daangn.com/jobs/7650627003,"Software Engineer, Backend - 검색 플랫폼 (인프라) 당근 정규직 경력 영입정보 지원하기 검색플랫폼팀을 소개해요 검색플랫폼팀은 당근의 모든 검색 경험을 지탱하는 플랫폼을 만드는 팀이에요. 중고거래, 동네업체, 부동산, 중고차, 알바 등 수십 개 서비스에서 만들어지는 수십억 건의 데이터와 수억 건의 검색 요청을 처리하고 있어요. 검색 인프라 엔지니어는 이 규모의 검색이 항상 빠르고, 안정적이고, 비용 효율적으로 동작할 수 있도록 검색 엔진을 중심으로 한 인프라를 지속적으로 개선하는 역할을 해요. 🥕 검색플랫폼팀을 소개해요 검색이 멈추지 않는 것, 그 자체가 우리의 제품이에요 검색 엔진은 당근 검색의 심장이에요. 수십억 건의 데이터와 다양한 서비스 환경에 대응하기 위한 멀티 클러스터 구조를 운영하고 있고, 검색 요청 하나하나가 사용자의 첫 경험이 될 수 있어요. 장애가 발생하기 전에 가능성을 파악하고, 발생하더라도 빠르게 복원되는 시스템을 만드는 것에 집중해요. 누구나 이해하고 기여할 수 있는 인프라를 만들어요 인프라는 소수만 아는 블랙박스가 되기 쉬워요. 저희는 플랫폼팀 누구나 이해하고 기여할 수 있는 인프라 환경을 지향해요. 복잡도를 낮추고, 관찰 가능성(Observability)을 높여서, 인프라 변경과 운영이 특정 사람에게 의존하지 않는 구조를 만들어가고 있어요. 팀에서는 이런 기술을 사용하고 있어요 AWS, Kubernetes, Elasticsearch, BigQuery Airflow, Apache Kafka, ArgoCD Go, Python, Java 이런 문제를 해결하고 싶어요 대규모 검색 인프라의 안정성과 비용 효율을 동시에 달성하고 싶어요 당근 검색엔진은 중고거래, 광고, 벡터 등 용도별 멀티 클러스터 구조로 되어 있고, 한국뿐 아니라 캐나다·일본·영국 등 글로벌 클러스터도 운영하고 있어요. 서비스가 성장할수록 클러스터 간 균형, 샤드 배치 전략, 장애 전파 방지 같은 문제의 난이도가 높아져요. 안정성과 비용 효율성을 동시에 달성하는 것, 그리고 레이턴시를 p50/p90/p99 수준에서 엄격하게 관리하는 것이 핵심 과제예요. AI 검색 시대에 맞는 인프라를 준비하고 싶어요 벡터 검색, RAG, 대규모 언어모델이 검색의 가능성을 바꾸고 있어요. AI 검색은 기존과 다른 인프라 요구사항을 만들어요 — 벡터 인덱스 관리, GPU 리소스 배치, 추론 레이턴시 최적화 같은 새로운 과제가 생기고 있어요. AI 기반 검색 품질 개선이 인프라 제약 없이 빠르게 이터레이션될 수 있는 환경을 만들고 있어요. 이런 분과 문제를 해결하고 싶어요 AWS, Kubernetes에 대해 깊은 이해도를 가지고 계신 분 Elasticsearch나 Solr 등 검색엔진을 직접 운영해본 경험이 있으신 분 장애 가능성을 미리 파악하고 해결책을 다방면으로 고민하며, 고가용성 시스템을 만드는 것을 즐기시는 분 자기주도적이고 커뮤니케이션이 원활하며, 빠른 실행력이 있는 분 이런 경험을 할 수 있어요 검색 인프라 전문가로 성장할 수 있어요 대규모 트래픽을 안정적으로 소화하기 위한 검색 엔진 운영 역량을 키울 수 있어요. AWS, Kubernetes, Elasticsearch의 세부적인 동작에 대해 깊이 파고들 수 있고, ECK를 활용한 확장성·안정성 확보의 실전 경험을 얻을 수 있어요. 인프라를 넘어 검색 백엔드 개발에도 기여할 수 있어요 검색 플랫폼팀은 업무의 경계가 없어요. 인프라 개발·운영을 메인으로 하면서, 검색 서버나 색인 서버 같은 백엔드 개발에도 기여할 수 있어요. 좁은 범위가 아닌 전체적인 검색 환경을 향상하는 경험을 할 수 있어요. AI 검색 인프라의 초기 단계를 함께 만들 수 있어요 벡터 검색, GPU 클러스터 운영 등 AI 검색에 필요한 새로운 인프라를 처음부터 설계하고 구축하는 경험을 할 수 있어요. FAQ JD에 나온 모든 기술과 영역을 다 경험해봐야 지원할 수 있나요? 전혀 아니에요. 모든 분야에 전문가일 필요는 없어요. 저희가 원하는 건 특정 영역에서 깊이 있는 경험을 쌓으셨거나, 복잡한 문제를 해결하며 성과를 내본 분 이에요. 데이터 파이프라인, 검색 인프라, AI 검색 품질 등 여러 과제가 있지만, 그중 한 축에서 탁월한 역량을 보여주실 수 있다면 충분합니다. 나머지 부분은 동료들과 협업하며 배우고 넓혀갈 수 있어요. Go언어에 대한 경험이나 숙련도가 없어도 괜찮을까요? 네! 팀에서 Go를 메인 개발 언어로 사용하고 있지만, 입사 전부터 Go에 익숙했던 분은 많지 않아요. Java, Python 기반의 컴포넌트도 함께 운영 중이에요. 중요한 건 언어 자체보다 복잡한 문제를 풀어낸 경험과 새로운 언어·도구를 빠르게 흡수하는 능력 이에요. 그런 경험이 있으시다면 걱정하지 않으셔도 돼요. 팀에서 작성한 블로그 글이 있나요? 네, 검색플랫폼팀을 포함한 검색 조직에서 작성한 글들을 아래 링크에서 확인하실 수 있어요. 실제로 저희팀 그리고 저희와 같이 일하는 동료들이 다루는 문제와 접근 방식을 엿보실 수 있어요. 🥕 검색플랫폼팀 블로그 참고해주세요 정규직 채용의 경우 3개월의 수습기간이 있어요 ‘장애인고용촉진 및 직업재활법’, ‘국가유공자 등 예우 및 지원에 관한 법률’에 따라 장애인 및 보훈대상자는 채용 전형 시 우대하고 있어요 화상 면접에서 라이브 코딩 테스트와 인프라 개발 관련 기초 질문, 직무 면접에서 시스템 디자인 인터뷰가 진행될 예정이에요 이렇게 합류해요 1. 서류 전형 → 2. 화상 인터뷰 → 3. 직무 인터뷰 → 4. 컬처핏 인터뷰 및 레퍼런스 체크 → 5. 처우협의 → 6. 최종 합격 및 입사 👉 당근 합류 여정 가이드 바로가기 (🔗) 지원하기 자주묻는질문 목록으로 돌아가기",,"하고 있어요 화상 면접에서 라이브 코딩 테스트와 인프라 개발 관련 기초 질문, 직무 면접에서 시스템 디자인 인터뷰가 진행될 예정이에요 이렇게 합류해요 1. 서류 전형 → 2. 화상 인터뷰 → 3. 직무 인터뷰 → 4. 컬처핏 인터뷰 및 레퍼런스 체크 → 5. 처우협의 → 6. 최종 합격 및 입사 👉 당근 합류 여정 가이드 바로가기 (🔗) 지원하기 자주묻는질문 목록으로 돌아가기",,,,,정규직,,,,,active,2026-03-05 18:52:37.498816,2026-03-05 18:52:37.498799,True
136,122,"Software Engineer, Backend - 검색 플랫폼",https://about.daangn.com/jobs/6653346003,"Software Engineer, Backend - 검색 플랫폼 당근 정규직 경력 영입정보 지원하기 검색플랫폼팀을 소개해요 검색플랫폼팀은 당근의 모든 검색 경험을 지탱하는 플랫폼을 만드는 팀이에요. 중고거래, 동네업체, 부동산, 중고차, 알바 등 수십 개 서비스에서 만들어지는 수십억 건의 데이터를 수집하고, 4천만 이상 사용자의 검색 요청을 빠르고 정확하게 처리하는 시스템을 만들고 있어요. 검색 품질 개선이 안정적으로 반복될 수 있는 플랫폼, 그리고 AI 검색 시대를 준비하는 기반을 함께 만들어가고 있어요. 🥕 검색플랫폼팀을 소개해요 복잡한 문제를 구조로 풀어요 당장의 요구사항을 하드코딩으로 대응하는 대신, 문제의 본질을 구조적으로 해결하려고 해요. ""이 기능을 어떻게 붙이지?""보다 ""어떤 구조라면 이런 종류의 요구사항이 자연스럽게 수용될까?""를 먼저 고민해요. 단기 성과보다 지속 가능한 아키텍처를 중시하고, 동료들과 충분히 논의하고 합의하는 과정을 중요하게 여겨요. 어떻게 하면 전사적으로 더 큰 임팩트를 만들 수 있을지 고민해요 검색은 당근의 거의 모든 서비스와 연결돼 있어요. 단순히 검색 기능을 만드는 것을 넘어, 플랫폼의 구조적 개선이 여러 서비스 팀의 생산성과 사용자 경험에 동시에 영향을 미칠 수 있는 방법을 찾고 있어요. 팀에서는 이런 기술을 사용하고 있어요 Go, Java, Python Kubernetes, Grafana, Prometheus, Loki , gRPC Elasticsearch, Redis, Apache Kafka 이런 문제를 해결하고 싶어요 검색 플랫폼의 복잡도를 낮추고 확장성을 높이고 싶어요 당근 검색은 수년간 빠르게 성장하면서 다양한 서비스의 요구사항을 수용해왔어요. 그 과정에서 컴포넌트 간 역할이 중복되거나 불명확해진 부분이 생겼고, 새로운 요구사항을 반영할 때마다 복잡도가 높아지고 있어요. 외부 요구사항을 구조적으로 수용할 수 있고, 빠른 품질 실험 이터레이션을 뒷받침할 수 있는 플랫폼으로 만들어가는 것이 핵심 과제예요. AI 검색 시대를 준비하고 싶어요 벡터 검색, RAG, 대규모 언어모델이 검색의 가능성을 빠르게 바꾸고 있어요. 사용자의 의도를 키워드가 아니라 맥락으로 이해하고, AI Briefing 같은 새로운 검색 경험을 제공하려면 이를 뒷받침할 플랫폼이 필요해요. 모델 실험과 적용을 빠르게 반복할 수 있는 파이프라인, 수십억 건의 데이터를 저지연으로 색인하는 데이터 파이프라인을 함께 고도화하고 있어요. 이런 분과 문제를 해결하고 싶어요 하나 이상의 프로그래밍 언어와 웹 애플리케이션 프레임워크에 능숙하신 분 (Go 경험은 필수가 아니에요) 분산 처리 시스템 또는 마이크로서비스 아키텍처에 대한 이해도가 높으신 분 문제를 정의하고 해결책을 찾아가는 과정을 즐기며, 구조적으로 사고하시는 분 다양한 직군·팀과 협업하며 기술적 의사결정을 이끌어본 경험이 있으신 분 이런 경험을 할 수 있어요 플랫폼 아키텍처를 주도적으로 설계하고 개선할 수 있어요 여러 서비스의 요구사항을 수용하는 검색 플랫폼의 아키텍처를 직접 제안하고 이끌어요. 매월 수억 건의 검색 요청과 수십억 건의 데이터를 다루며, 대규모 분산 시스템을 직접 운영·개선하는 경험을 할 수 있어요. 다양한 조직과 협업하며 실질적인 임팩트를 만들 수 있어요 검색 품질팀, ML팀, 프론트팀은 물론 중고거래·동네업체 등 다양한 서비스 팀과 협업하며, 사용자의 검색 이탈율을 낮추고 서비스 전환을 높이는 실질적인 성과를 만들어요. AI 검색의 초기 단계를 함께 만들어갈 수 있어요 벡터 검색, RAG 등 최신 기술을 실제 프로덕션에 적용하며, AI 검색의 기반을 처음부터 설계하고 구축하는 경험을 할 수 있어요. FAQ JD에 나온 모든 기술과 영역을 다 경험해봐야 지원할 수 있나요? 전혀 아니에요. 모든 분야에 전문가일 필요는 없어요. 저희가 원하는 건 특정 영역에서 깊이 있는 경험을 쌓으셨거나, 복잡한 문제를 해결하며 성과를 내본 분 이에요. 데이터 파이프라인, 검색 인프라, AI 검색 품질 등 여러 과제가 있지만, 그중 한 축에서 탁월한 역량을 보여주실 수 있다면 충분합니다. 나머지 부분은 동료들과 협업하며 배우고 넓혀갈 수 있어요. Go언어에 대한 경험이나 숙련도가 없어도 괜찮을까요? 네! 팀에서 Go를 메인 개발 언어로 사용하고 있지만, 입사 전부터 Go에 익숙했던 분은 많지 않아요. Java, Python 기반의 컴포넌트도 함께 운영 중이에요. 중요한 건 언어 자체보다 복잡한 문제를 풀어낸 경험과 새로운 언어·도구를 빠르게 흡수하는 능력 이에요. 그런 경험이 있으시다면 걱정하지 않으셔도 돼요. 팀에서 작성한 블로그 글이 있나요? 네, 검색플랫폼팀을 포함한 검색 조직에서 작성한 글들을 아래 링크에서 확인하실 수 있어요. 실제로 저희팀 그리고 저희와 같이 일하는 동료들이 다루는 문제와 접근 방식을 엿보실 수 있어요. 🥕 검색플랫폼팀 블로그 참고해주세요 정규직 채용의 경우 3개월의 수습기간이 있어요 ‘장애인고용촉진 및 직업재활법’, ‘국가유공자 등 예우 및 지원에 관한 법률’에 따라 장애인 및 보훈대상자는 채용 전형 시 우대하고 있어요 화상 면접에서 라이브 코딩 테스트와 백엔드 개발 관련 기초 질문, 직무 면접에서 시스템 디자인 인터뷰 가 진행될 예정이에요 이렇게 합류해요 1. 서류 전형 → 2. 화상 인터뷰 → 3. 직무 인터뷰 → 4. 컬처핏 인터뷰 및 레퍼런스 체크 → 5. 처우협의 → 6. 최종 합격 및 입사 👉 당근 합류 여정 가이드 바로가기 (🔗) 지원하기 자주묻는질문 목록으로 돌아가기",,"하고 있어요 화상 면접에서 라이브 코딩 테스트와 백엔드 개발 관련 기초 질문, 직무 면접에서 시스템 디자인 인터뷰 가 진행될 예정이에요 이렇게 합류해요 1. 서류 전형 → 2. 화상 인터뷰 → 3. 직무 인터뷰 → 4. 컬처핏 인터뷰 및 레퍼런스 체크 → 5. 처우협의 → 6. 최종 합격 및 입사 👉 당근 합류 여정 가이드 바로가기 (🔗) 지원하기 자주묻는질문 목록으로 돌아가기",,,,,정규직,,,,,active,2026-03-05 18:52:37.754011,2026-03-05 18:52:37.753996,True
137,122,"Software Engineer, Backend - Location Intelligence",https://about.daangn.com/jobs/5046753003,"Software Engineer, Backend - Location Intelligence 당근 정규직 경력 영입정보 지원하기 Location Intelligence 팀을 소개해요 Location Intelligence 팀은 당근이 로컬 슈퍼앱으로 나아가는데 기반이 되는 다양한 위치와 공간 데이터를 관리하고 분석해서 얻은 인사이트로 서비스를 풍부하게 만드는 역할을 하고 있어요. 복잡하고 대용량의 공간 데이터를 안전하고 효율적으로 다루기 위해, 지속 가능하고 확장성 있는 플랫폼을 추구해요. 꾸준히 성장하고 글로벌로 확장하는 서비스를 개발하면서 마주하는 다양한 기술적 도전들을 함께 해결해나갈 분을 찾고 있어요. 당근 테크밋업 발표 영상 바로가기 🥕 우리 동네 어디까지 좁아지는 거예요? 자연경계로 좁혀보는 우리 동네 🥕 복잡한 공간 데이터를 가볍고 빠르게 서빙하기 이런 일을 해요 당근의 동네인증 시스템, 영역 관리 시스템을 관리하고, 사내 마이크로서비스들이 의존하는 플랫폼 서비스를 안정적으로 설계하고 개발, 운영해요 당근 사용자들 간의 연결을 더 강화하며, 더 나아가 새로운 연결을 만들어낼 수 있는 방법을 찾아요 당근이 위치 기반 서비스로서 합리적으로 동작할 수 있게끔 정책을 세우고 공용 프레임워크를 구축해요 당근의 다양한 위치 정보를 안전하고 효율적으로 보관/활용 할 수 있는 대용량 데이터 시스템을 만들어요 이런 분과 함께하고 싶어요 정형화되지 않은 상황에서도 문제를 정의하고, 이를 주도적으로 해결하는 과정에서 배우는 것을 즐기시는 분 테스트 코드 작성, 코드 리뷰, 문서화를 개발의 핵심 과정으로 여기고 이를 적극적으로 실천하시는 분 관계형 데이터베이스 모델링, 인덱싱, 트랜잭션 처리를 이해하고 활용할 수 있으신 분 비동기 프로그래밍에 대해 이해하며, 동시성 및 일관성 이슈에 대한 해결책을 도출해낼 수 있는 분 REST API 혹은 RPC 통신 구조에 대한 기본적인 이해와 활용 경험이 있으신 분 상호 존중을 바탕으로, 논리적인 근거에 기반해 서비스를 개선하기 위해 적극적으로 커뮤니케이션하시는 분 이런 분이면 더 좋아요! Golang을 활용한 개발 경험이 있으신 분 마이크로서비스 아키텍쳐 기반의 서비스 경험이 있으신 분 대용량의 공간정보, 사용자 위치정보 데이터 파이프라인에 대한 경험, 혹은 이에 준하는 지식을 갖추신 분 Geographic Information System 관련 지식이 있거나 관련 프로젝트 경험이 있으신 분 참고해 주세요 정규직 채용의 경우 3개월의 수습기간이 있어요 ‘장애인고용촉진 및 직업재활법’, ‘국가유공자 등 예우 및 지원에 관한 법률’에 따라 장애인 및 보훈대상자는 채용 전형 시 우대하고 있어요 포트폴리오 혹은 경력기술서 등은 PDF 로 제출해주시고, 프로젝트 별 실질적인 기여도 를 표기해주세요 화상 인터뷰에서 라이브 코딩 테스트와 백엔드 개발 관련 질문을 드릴 예정이에요 직무 인터뷰에서 시스템 디자인 테스트가 있을 예정이에요 이렇게 합류해요 1. 서류 전형 → 2. 화상 인터뷰(라이브코딩테스트) → 3. 직무 인터뷰(시스템 디자인) → 4. 컬처핏 인터뷰 및 레퍼런스 체크 → 5. 처우협의 → 6. 최종 합격 👉 당근 합류 여정 가이드 바로가기 (🔗) 지원하기 자주묻는질문 목록으로 돌아가기",,"하고 있어요 포트폴리오 혹은 경력기술서 등은 PDF 로 제출해주시고, 프로젝트 별 실질적인 기여도 를 표기해주세요 화상 인터뷰에서 라이브 코딩 테스트와 백엔드 개발 관련 질문을 드릴 예정이에요 직무 인터뷰에서 시스템 디자인 테스트가 있을 예정이에요 이렇게 합류해요 1. 서류 전형 → 2. 화상 인터뷰(라이브코딩테스트) → 3. 직무 인터뷰(시스템 디자인) → 4. 컬처핏 인터뷰 및 레퍼런스 체크 → 5. 처우협의 → 6. 최종 합격 👉 당근 합류 여정 가이드 바로가기 (🔗) 지원하기 자주묻는질문 목록으로 돌아가기",,,,,정규직,,,,,active,2026-03-05 18:52:39.966325,2026-03-05 18:52:39.966307,True
138,122,"Software Engineer, Backend - Local Business (주문경험)",https://about.daangn.com/jobs/7540124003,"Software Engineer, Backend - Local Business (주문경험) 당근 정규직 경력 영입정보 지원하기 Local Business를 소개해요 Local Business에서는 동네의 사장님들과 이웃들을 연결해주는 서비스를 만들고 있어요. 당근 사용자들에게 동네 가게의 정보를 더 잘 발견할 수 있도록 접점을 제공해요. 사장님들에게는 동네 고객과 소통할 수 있도록 도구를 제공하는 역할을 해요. 주문경험팀은 이웃이 동네 가게를 더 쉽고, 합리적으로 이용할 수 있도록 돕는 팀이에요. 픽업(포장주문)과 QR오더(테이블오더) 제품을 통해 오프라인 매장을 온라인으로 연결하고, 이웃에게는 절약과 편리함을, 사장님에게는 단골 확보와 매출 성장을 제공하고 있어요. 우리는 단순한 주문 시스템을 만드는 것이 아니라 ‘우리 동네에서 가장 따뜻한 거래 경험’을 기술로 구현하는 일을 하고 있어요. 이 과정을 통해 가게, 이웃 그리고 지역사회가 함께 활력을 얻는 지속 가능한 로컬 상생 생태계를 만들어가요. 이런 일을 해요 당근 QR오더 및 픽업 제품의 백엔드 핵심 시스템을 설계·개발·운영해요. 당근 비즈프로필, 주문, 결제, 메뉴, 포인트 등 다양한 도메인을 다루며 제품 스테이지에 적합한 산출물을 만들어내고, 지속 가능한 시스템으로 발전시켜요. POS, PG, 외부 시스템을 안정적으로 연동해요. 제품 기획·디자인·프론트엔드·사업개발팀과 긴밀히 협업해 제품의 완성도를 함께 높여요. 이런 분과 함께하고 싶어요 Kotlin, Java, Spring Framework 기반의 서비스 설계 및 운영 경험이 있는 분 RESTful API 설계 및 DB 모델링, 캐시·트랜잭션 관리 등 서버 기본기를 탄탄히 갖춘 분 자기주도적이고 커뮤니케이션이 원활하며, 빠른 실행력이 있는 분 비즈니스 목표를 이해하고 기술적 판단을 제품 임팩트와 연결할 수 있는 분 동료와 피드백을 주고받으며 함께 성장하는 것에 즐거움을 느끼는 분 이런 분이면 더 좋아요 불확실한 환경 속에서도 문제를 스스로 정의하고 빠르게 실행하는 분 F&B나 O2O, 결제·주문 시스템 등 실서비스 운영 경험이 있는 분 초기 단계의 제품을 함께 성장시키며, 기술적 기반과 조직 문화를 함께 만들어가고 싶은 분 분산 처리 시스템 또는 마이크로서비스 아키텍처 이해도가 높으신 분 로컬 커머스 생태계에 관심이 많은 분 참고해 주세요 정규직 채용의 경우 3개월의 수습기간이 있어요 ‘장애인고용촉진 및 직업재활법’, ‘국가유공자 등 예우 및 지원에 관한 법률’에 따라 장애인 및 보훈대상자는 채용 전형 시 우대하고 있어요 이렇게 합류해요 1. 서류 전형 → 2. 화상 인터뷰 → 3. 직무 인터뷰 → 4. 컬처핏 인터뷰 및 레퍼런스 체크 → 5. 처우협의 → 6. 최종 합격 및 입사 👉 당근 합류 여정 가이드 바로가기(🔗) 지원하기 자주묻는질문 목록으로 돌아가기",,하고 있어요 이렇게 합류해요 1. 서류 전형 → 2. 화상 인터뷰 → 3. 직무 인터뷰 → 4. 컬처핏 인터뷰 및 레퍼런스 체크 → 5. 처우협의 → 6. 최종 합격 및 입사 👉 당근 합류 여정 가이드 바로가기(🔗) 지원하기 자주묻는질문 목록으로 돌아가기,,,,,정규직,,,,,active,2026-03-05 18:52:40.389261,2026-03-05 18:52:40.389243,True
139,122,"Software Engineer, Backend - Local Business (C2C)",https://about.daangn.com/jobs/7614279003,"Software Engineer, Backend - Local Business (C2C) 당근 정규직 경력 영입정보 지원하기 C2C를 소개해요 당근 로컬비즈니스 실은 동네지도를 중심으로 이웃과 동네 가게를 더 잘 연결하는 서비스를 만들고 있어요. C2C 팀은 가게 후기 플랫폼을 운영하고, '동네걷기'라는 혜택 미션 서비스를 통해 이웃들이 동네를 걸으며 가게 후기, 사진, 영업 정보 등 동네 지도에 꼭 필요한 정보들을 직접 채워나가는 경험을 설계해요. 우리는 유저의 참여를 이끌어내어 동네 지도를 더 재미있고 풍성하게 만들며, 사람들이 동네 정보를 찾을 때 가장 먼저 떠올리는 제품을 고민하고 있어요. 이런 일을 해요 '동네걷기' 미션과 보상 시스템을 설계하고 개발해요 유저의 동기부여를 이끄는 동네걷기 미션 로직 전반을 책임져요. 후기 플랫폼을 운영하고 핵심 엔진을 고도화해요 가게 후기 등 다양한 유형의 사용자 데이터를 안정적으로 수용하고 관리할 수 있는 핵심 플랫폼 엔진을 개발해요. 고가용성 및 고성능 시스템을 구축해요 빠르게 성장하는 서비스의 트래픽을 지탱할 수 있는 견고한 시스템을 설계해요. 대규모 트래픽 환경에서도 성능 저하 없이 안정적으로 작동하는 서버 구조를 지향하며 시스템 병목을 찾아 개선해요. 비즈니스 목표를 기술적 자산으로 만들어요 '동네 지도 활성화'라는 추상적인 비전을 구체적인 기술 과제로 전환해요. 유저가 동네를 걷고 기록하는 모든 과정에서 발생하는 기술적 한계를 엔지니어링으로 돌파하며 제품 임팩트를 만들어내요. 데이터 신뢰도와 생태계를 관리해요 서비스의 건강한 생태계를 위해 고도화된 어뷰징 탐지 시스템을 구축해요. 생성된 UGC의 신뢰도를 판단하는 로직을 설계해서 유저에게 오직 양질의 정보만 도달하도록 관리해요. 비정형 데이터 파이프라인과 플라이휠을 구축해요 후기 텍스트, 이미지 등 다양한 비정형 데이터에서 의미 있는 메타데이터를 추출하고 가공하는 파이프라인을 구축해요. 이를 통해 UGC의 생산과 소비가 서로를 견인하는 '플라이휠(Flywheel)' 구조를 기술적으로 완성해요. 이런 분과 함께하고 싶어요 1년 이상의 백엔드 개발 경험이 있으신 분 Kotlin, Java, Spring Framework 기반의 서비스 설계 및 운영 경험이 있으신 분 RESTful API 설계 및 DB 모델링, 캐시·트랜잭션 관리 등 서버 기본기를 탄탄히 갖추신 분 비즈니스 목표를 이해하고 기술적 판단을 제품 임팩트와 연결할 수 있으신 분 결정 과정과 설계를 문서로 기록하고, 동료와 피드백을 주고받으며 함께 성장하는 것에 즐거움을 느끼시는 분 이런 분이면 더 좋아요 문제를 스스로 정의하고 빠르게 실행할 수 있는분 사용자 중심의 사고를 가지고 프로덕트를 만들 수 있는 분 분산 처리 시스템 또는 마이크로서비스 아키텍처 이해도가 높은 분 AI 및 LLM 활용에 대한 이해도가 높고, 이를 실제 엔지니어링 환경에 도입하거나 최적화해 본 경험이 있는 분 참고해 주세요 정규직 채용의 경우 3개월의 수습기간이 있어요 ‘장애인고용촉진 및 직업재활법’, ‘국가유공자 등 예우 및 지원에 관한 법률’에 따라 장애인 및 보훈대상자는 채용 전형 시 우대하고 있어요 이렇게 합류해요 1. 서류 전형 → 2. 화상 인터뷰 → 3. 직무 인터뷰 → 4. 컬처핏 인터뷰 및 레퍼런스 체크 → 5. 처우협의 → 6. 최종 합격 및 입사 👉 당근 합류 여정 가이드 바로가기(🔗) 지원하기 자주묻는질문 목록으로 돌아가기",,하고 있어요 이렇게 합류해요 1. 서류 전형 → 2. 화상 인터뷰 → 3. 직무 인터뷰 → 4. 컬처핏 인터뷰 및 레퍼런스 체크 → 5. 처우협의 → 6. 최종 합격 및 입사 👉 당근 합류 여정 가이드 바로가기(🔗) 지원하기 자주묻는질문 목록으로 돌아가기,,,,,정규직,,,,,active,2026-03-05 18:52:40.819636,2026-03-05 18:52:40.819618,True
140,122,"Software Engineer, Backend - Identity Service",https://about.daangn.com/jobs/5046759003,"Software Engineer, Backend - Identity Service 당근 정규직 경력 영입정보 지원하기 Identity Service 팀을 소개해요 Identity Service 팀은 당근의 회원과 인증을 책임지고 있는 팀이에요. 모든 고객이 안전하고 원활하게 서비스를 이용할 수 있도록 인증과 회원 관리에 관련된 다양한 기능을 제공하는 서비스를 개발하고 있어요. 우리는 당근의 성장에 발맞춰 확장 가능하고 안전한 회원 서비스를 통해 모든 로컬 서비스가 당근 하나로 연결되는 세상을 꿈꾸고 있어요. 이를 달성하기 위해 더 나은 사용자 경험을 제공하면서 동시에 개인정보 보호와 고객의 안전을 지키는 방법을 고민해요. Identity Service 팀은 이렇게 일해요 더 나음을 위해 건강하게 충돌해요 더 좋은 결과를 위해 의견 충돌을 두려워하지 않아요. 서로를 존중하며 솔직하게 토론하고, 더 나은 결정을 만들어요. 목적을 먼저, 수단은 나중에 선택해요 무엇을 달성하려는지가 가장 중요해요. 목표에 맞는 수단을 선택하며, 수단이 목적이 되지 않도록 경계해요. 팀을 넘어 전사 임팩트를 고민해요 단순한 문제 해결을 넘어, 조직 전체에 더 큰 가치를 만드는 방향을 계속 고민해요. 지금뿐만 아니라 10배 성장 이후를 봐요 당장의 해법에 그치지 않고, 크게 성장해도 지속 가능한 선택을 해요. Identity Service 팀에서는 이런 기술을 사용해요. Go, gRPC, gRPC-Gateway MySQL, Redis, Kafka k8s, Istio 🥕 당근 테크밋업 발표 #1 당근의 회원 시스템을 마이크로서비스로 분리하기 #2 MSA로 분리 후 행복하게 살았답니다?: Go Server의 성장기 #3 달리는 자동차의 잠금장치 교체하기: 인증 시스템의 중앙화 🥕 당근 테크 블로그 #1 회원 시스템 MSA 전환 도전기: MAU 1,900만 당근 유저를 위한 선택 이런 일을 해요 2,100만 MAU 규모의 대규모 인증 트래픽을 안정적으로 수용하기 위해 고가용성 아키텍처를 설계하고 운영해요. 가입, 로그인, 인증 플로우를 설계하고 개선하여 안정적이고 매끄러운 사용자 경험을 제공해요. 가입 전환율 등 핵심 전환지표를 기반으로 문제를 정의하고, 기술적 개선을 통해 실제 지표를 향상시켜요. 당근의 모든 서비스가 공통으로 활용하는 유저 플랫폼을 설계하여 전사적인 확장성을 책임져요. OAuth 2.0, OpenID Connect(OIDC) 과 같은 표준 인증 프로토콜을 활용해 인증 서버를 구축해요. 개인정보 보호와 보안을 최우선으로 고려한 계정, 인증, 권한 관리 시스템을 설계하고 개선해요. 이런 분과 함께하고 싶어요 하나 이상의 프로그래밍 언어와 백엔드 프레임워크에 능숙하신 분 RESTful API, gRPC 등의 통신 모델을 이해하고 확장성 있는 인터페이스를 설계 및 개발할 수 있는 분 분산 처리 시스템 또는 마이크로서비스 아키텍처에 대한 이해도가 높으신 분 문제를 정의하고 해결책을 찾아가는 과정을 즐거워하며 기술적인 성장을 갈구하는 마음을 가진 분 자기주도적이고 커뮤니케이션이 원활하며, 빠른 실행력이 있는 분 이런 분이면 더 좋아요 3년 이상의 백엔드 개발 경험 또는 그에 준하는 엔지니어링 역량을 가지신 분 Golang을 활용한 프로덕션 서비스 개발 및 운영 경험이 있으신 분 대용량 데이터를 위한 스토리지에 대한 경험이 있으신 분 사용자 경험, 서비스 백오피스 운영 도구의 중요성에 대한 이해가 있으신 분 참고해 주세요 정규직 채용의 경우 3개월의 수습기간이 있어요 ‘장애인고용촉진 및 직업재활법’, ‘국가유공자 등 예우 및 지원에 관한 법률’에 따라 장애인 및 보훈대상자는 채용 전형 시 우대하고 있어요 화상인터뷰에서 라이브 코딩 테스트를 진행해요 이렇게 합류해요 1. 서류 전형 → 2. 화상 인터뷰(라이브 코딩 테스트) → 3. 직무 인터뷰 → 4. 컬처핏 인터뷰 및 레퍼런스 체크 → 5. 처우협의 → 6. 최종 합격 👉 당근 합류 여정 가이드 바로가기 (🔗) 지원하기 자주묻는질문 목록으로 돌아가기",,하고 있어요 화상인터뷰에서 라이브 코딩 테스트를 진행해요 이렇게 합류해요 1. 서류 전형 → 2. 화상 인터뷰(라이브 코딩 테스트) → 3. 직무 인터뷰 → 4. 컬처핏 인터뷰 및 레퍼런스 체크 → 5. 처우협의 → 6. 최종 합격 👉 당근 합류 여정 가이드 바로가기 (🔗) 지원하기 자주묻는질문 목록으로 돌아가기,,,,,정규직,,,,,active,2026-03-05 18:52:41.150449,2026-03-05 18:52:41.150433,True
141,122,"Software Engineer, Android",https://about.daangn.com/jobs/4496730003,"Software Engineer, Android 당근 정규직 경력 영입정보 지원하기 Android 엔지니어를 소개해요 당근은 소속된 팀 이외에도 공통된 직군끼리 묶여있는 챕터라는 그룹으로 구성되어 있어요. Android 엔지니어들은 모두 소속팀뿐만 아니라 Android 챕터에 소속되어 활동하게 돼요. Android 챕터에서는 완성도 높은 앱을 만드는 것을 가장 중요하게 생각해요. 당근의 서비스를 사용하는 분들이 제일 먼저 마주하게 되는 곳이기 때문에 안정성과 완성도 높은 서비스를 제공하도록 큰 책임감을 가지고 일하고 있어요. Android 챕터에서는 회사의 성장뿐만 아니라 개인의 성장도 중요하게 생각해요. 엔지니어링 데이, 코드 리뷰, 스터디그룹 등의 활동을 통해 서로의 기술과 도메인 지식을 공유하고 개선방안을 같이 고민하고 좋은 코드를 만들며 함께 성장할 수 있도록 노력하고 있어요. 이런 일을 해요 [중고거래실] 중고거래실은 한국과 글로벌의 유저를 타겟으로 지역 기반 중고거래 서비스를 만들고 있어요. 전 세계에서 천 만 명이 넘는 제품을 관리하며 유저의 문제를 해결하거나 회사의 목표를 달성할 수 있는 프로덕트를 만들어요. 최고의 중고거래 사용자 경험을 위해 데이터를 바탕으로 다양한 아이디어를 실험하며 서비스를 발전시키는 일을 해요. [숏폼팀] 숏폼팀은 기존의 당근에 없던 새로운 영상 콘텐츠 기반의 서비스를 만들어요. 팀의 목표는 사용자들이 영상 콘텐츠를 만들고 참여하는 총체적인 경험을 만드는 일이에요. 우리는 사용자 경험에 집중하며, 사용자의 만족도를 모든 것을 결정짓는 요소로 생각해요. 기존의 당근은 텍스트 중심의 게시판 형태로 서비스를 제공했어요. 동네에서 일어나는 모든 일을 표현하기에는 이러한 게시판 형태는 한계가 있어요. 동네 가게 사장님들이 좀더 생동감 있게 가게의 물건을 보여주고, 동네 주민이 우리 동네에서 실시간으로 일어나는 일을 표현할 수 있는 수단을 만들고 싶어요. 이러한 일을 해내기 위해 우리 팀은 새로운 영상 콘텐츠 형식을 탐색하고 이를 적절하게 당근 서비스에 녹여내고자 해요. [모바일실] 모바일실은 당근마켓이 최고의 로컬 앱이 될 수 있도록, 서비스의 기반이 되는 다양한 공통 모듈을 만들고 신규 서비스나 사내 공통 서비스들을 운영하는 조직이에요. 당근마켓에서 공통으로 사용하는 SDK를 개발하는 만큼, 신뢰할 수 있는 지속·확장 가능한 구조를 만드는 것이 목표예요. 다양한 모듈을 개발하면서 기술적인 도전을 마주하고 있는데, 이런 도전을 함께 즐길 수 있는 분을 찾고 있어요. [공통] 다양한 서비스 조직(중고거래, 숏폼, 채팅, 모바일등)에 속해서 서비스를 개발하고 운영을 하고 있어요 Android 챕터에 소속되어 ‘엔지니어링 데이’, ‘스터디 그룹’등 다양한 활동에 참여해요 이런 분을 찾고 있어요 Android 앱 개발 경험을 1년 이상 가지고 계신 분 Android 플랫폼과 개발 전반에 대해 높은 이해를 가지신 분 신규 서비스를 기획 단계부터 런칭까지 전체 과정을 경험하신 분 새로운 프로젝트나 기능을 설계하고 구현하는 것을 즐기시는 분 자기 주도적으로 일 하는 걸 즐기고, 커뮤니케이션이 원활하신 분 사용자의 니즈를 파악해 개선 방안을 제안하고 직접 설계, 구현하는 것을 좋아하는 분 이런 분이면 더 좋아요! 상용 서비스를 런칭했거나 개발 경험이 있으신 분 당근이 제공하는 서비스에 대한 이해도가 높으신 분 SDK 개발 또는 오픈소스 Contribution 경험이 있으신 분 대규모 서비스를 개발해 보신 분 글로벌 서비스를 개발해보신 분 참고해 주세요 정규직 채용의 경우 3개월의 수습기간이 있어요 ‘장애인고용촉진 및 직업재활법’, ‘국가유공자 등 예우 및 지원에 관한 법률’에 따라 장애인 및 보훈대상자는 채용 전형 시 우대하고 있어요 Coroutine, Hilt, Compose등을 이용해서 앱을 만들고 있어요 Github Actions를 이용하여 CI/CD 환경을 구축하고 사용하고 있어요 AI를 적극 활용하여 제품을 만들고 있어요 모든 Android 엔지니어는 새로운 기술을 찾거나 시도하는 것을 적극 격려하고 응원해요! 이렇게 합류해요! 1. 서류 전형 → 2. 과제 전형 → 3. 직무 인터뷰 → 4. 컬처핏 인터뷰 및 레퍼런스 체크 → 5. 처우협의 → 6. 최종 합격 및 입사 👉 당근 합류 여정 가이드 바로가기 (🔗) 지원하기 자주묻는질문 목록으로 돌아가기",,"하고 있어요 Coroutine, Hilt, Compose등을 이용해서 앱을 만들고 있어요 Github Actions를 이용하여 CI/CD 환경을 구축하고 사용하고 있어요 AI를 적극 활용하여 제품을 만들고 있어요 모든 Android 엔지니어는 새로운 기술을 찾거나 시도하는 것을 적극 격려하고 응원해요! 이렇게 합류해요! 1. 서류 전형 → 2. 과제 전형 → 3. 직무 인터뷰 → 4. 컬처핏 인터뷰 및 레퍼런스 체크 → 5. 처우협의 → 6. 최종 합격 및 입사 👉 당근 합류 여정 가이드 바로가기 (🔗) 지원하기 자주묻는질문 목록으로 돌아가기",,,,,정규직,,,,,active,2026-03-05 18:52:43.162266,2026-03-05 18:52:43.162248,True
142,122,"Software Engineer, AI Product - 운영개발",https://about.daangn.com/jobs/5663836003,"Software Engineer, AI Product - 운영개발 당근 정규직 경력 영입정보 지원하기 운영개발팀을 소개해요 운영개발팀의 최우선 목표는 안전하고 신뢰받는 당근을 만드는 일이에요. 운영개발팀은 이 목표를 AI 기술로 혁신적으로 달성하고자 해요. 팀의 ML 엔지니어들은 Multi AI Agents 아키텍처를 활용하고 있어요. 이를 통해 운영 자동화, 선제 어뷰징 탐지, 그리고 대화형 AI 기반의 CS 대응 시스템을 개발하여 발전된 고객 지원 경험을 제공해요. 폭발적으로 성장하는 AI 시대는 많은 변화를 가져오고 있어요. 운영개발팀은 이러한 모호함 속에서 편안함을 느끼고, 불확실성을 기회로 바꾸는 도전을 추구하는 팀이에요. 더 안전하고 따뜻한 당근을 만드는 여정에 함께할 열정적인 분들을 기다리고 있어요. 이런 일을 해요 최신 AI 기술(LLM, 생성형 AI, 머신러닝 등)을 기반으로 혁신적인 제품 기능 및 솔루션을 기획, 설계, 개발하고 실제 서비스에 적용해요 LLM의 동작을 분석하고 이해하여 효과적인 프롬프트를 설계하고 지속해서 실험하며 개선해요 AI 시스템 성능을 측정하고 개선하기 위한 평가 프레임워크를 구축해요 AI 기술의 빠른 변화에 발맞춰 새로운 기술, 논문, 도구 등을 지속해서 학습하고, 실제 문제 해결에 적용할 가능성을 탐색해요 백엔드 엔지니어, 프로덕트 매니저 등 다양한 분야의 동료들과 긴밀하게 협력하여 아이디어를 구체적인 제품으로 완성해요 다양한 아이디어를 신속하게 프로토타이핑하고, 사용자 피드백과 데이터를 기반으로 반복적으로 개선해나가요 이런 분을 찾고 있어요 컴퓨터 과학, 소프트웨어 공학, AI 관련 분야 학사 이상 학위 또는 그에 준하는 실무 경험을 보유하신 분 Python 언어를 능숙하게 사용하고, 실제 서비스 수준의 소프트웨어 개발 경험이 있으신 분 LLM을 활용한 애플리케이션 개발 또는 프롬프트 엔지니어링 경험이 풍부하신 분 프로덕션 환경에서 RAG 시스템 구현한 경험이 있으신 분 새롭고 정의되지 않은 문제에 직면했을 때, 모호함을 명확함으로 바꾸는 문제 정의 능력을 갖추신 분 주도적으로 해결책을 찾아 나갈 수 있는 분석적 사고 및 문제 해결 능력을 갖추신 분 개발 과정, 시스템 아키텍처, 실험 결과 등을 명확하게 문서화하고 팀 내외부에 효과적으로 공유할 수 있으신 분 이런 분이면 더 좋아요! AWS, GCP, Azure 등 클라우드 플랫폼 환경에서 AI 모델을 개발하고 배포해 본 경험이 있으신 분 AI 에이전트 아키텍처 및 오케스트레이션 시스템 개발 경험이 있으신 분 프론트엔드와 백엔드 시스템 모두를 풀스택으로 개발한 경험이 있으신 분 LLM을 활용한 애플리케이션의 평가를 설계하고, 평가 프로세스를 자동화한 경험이 있으신 분 참고해 주세요 정규직 채용의 경우 3개월의 수습기간이 있어요 ‘장애인고용촉진 및 직업재활법’, ‘국가유공자 등 예우 및 지원에 관한 법률’에 따라 장애인 및 보훈대상자는 채용 전형 시 우대하고 있어요 화상 인터뷰에서 라이브 코딩 테스트와 LLM 시스템 관련 기초 질문, 직무 면접에서 시스템 디자인 인터뷰가 진행될 예정이에요 이렇게 합류해요 1. 서류 전형 → 2. 화상 인터뷰 → 3. 직무 인터뷰 → 4. 컬처핏 인터뷰 → 5. 최종 합격 → 6. 최종 합격 및 입사 👉 당근 합류 여정 가이드 바로가기 (🔗) 지원하기 자주묻는질문 목록으로 돌아가기",,"하고 있어요 화상 인터뷰에서 라이브 코딩 테스트와 LLM 시스템 관련 기초 질문, 직무 면접에서 시스템 디자인 인터뷰가 진행될 예정이에요 이렇게 합류해요 1. 서류 전형 → 2. 화상 인터뷰 → 3. 직무 인터뷰 → 4. 컬처핏 인터뷰 → 5. 최종 합격 → 6. 최종 합격 및 입사 👉 당근 합류 여정 가이드 바로가기 (🔗) 지원하기 자주묻는질문 목록으로 돌아가기",,,,,정규직,,,,,active,2026-03-05 18:52:43.176763,2026-03-05 18:52:43.176740,True
143,122,"Software Engineer Intern, Frontend - Local Business (UGC1)",https://about.daangn.com/jobs/7650660003,"Software Engineer Intern, Frontend - Local Business (UGC1) 당근 인턴 신입 영입정보 지원하기 C2C를 소개해요 당근 로컬비즈니스 실은 동네지도를 중심으로 이웃과 동네 가게를 더 잘 연결하는 서비스를 만들고 있어요. C2C팀은 '동네걷기'라는 혜택 미션 서비스를 통해 이웃들이 동네를 걸으며 가게 후기, 사진, 영업 정보 등 동네 지도에 꼭 필요한 정보들을 직접 채워나가는 경험을 설계해요. 우리는 유저의 참여를 이끌어내어 동네 지도를 더 재미있고 풍성하게 만들며, 사람들이 동네 정보를 찾을 때 가장 먼저 떠올리는 제품을 고민하고 있어요. 이런 일을 해요 아직 초기 단계인 ‘동네걷기’를 더 많은 이웃들이 알고 실제로 사용하도록 만들기 위해, 당근 앱 안팎에서 다양한 그로스 액션을 기획하고 실행해요 요구사항이 빠르게 변하는 상황에서도 일정을 고려해 현실적인 선택지를 제안하고 실행해요 PM, 디자이너 등 다양한 직군과 긴밀히 협업하며 변경사항과 리스크를 빠르게 공유해요 배포 이후 사용자 반응과 데이터를 확인하며 개선하고, 이슈 발생 시 함께 대응해요 이런 분과 함께하고 싶어요 React, TypeScript, Tanstack Query를 활용한 개발 경험이 있고, 기존 코드베이스를 이해하며 기능을 확장할 수 있는 분 속도, 일정, 리스크를 고려해 선택지를 정리하고 공유할 수 있는 분 모호한 요구사항 속에서도 질문을 구조화하고, 방향을 제안할 수 있는 분 협업을 고려한 읽기 쉬운 코드 작성을 지향하고, 코드 리뷰와 개선 논의에 열린 자세를 가진 분 주어진 일을 처리하는 데 그치지 않고, 더 나은 방법을 고민하고 실행해본 경험이 있는 분 실행 환경(웹브라우저, 인앱 웹뷰 등)과 환경의 정책을 이해하고 있으신 분 이런 분이면 더 좋아요! A/B 테스트, 이벤트, 미션 등 그로스 실험에 참여해본 경험이 있는 분 개인 프로젝트나 사이드 프로젝트를 직접 기획하고 끝까지 완성해본 경험이 있는 분 다양한 직군과 협업하며 의견을 조율해본 경험이 있는 분 AI(LLM)를 활용해 빠르게 시도하고, 반복을 통해 결과를 개선해본 경험이 있는 분 참고해 주세요 이 포지션은 3개월 근무 후 평가를 통해 3개월 연장 여부를 결정하는 체험형 인턴 이에요 ‘장애인고용촉진 및 직업재활법’, ‘국가유공자 등 예우 및 지원에 관한 법률’에 따라 장애인 및 보훈대상자는 채용 전형 시 우대하고 있어요 서류는 3월 11일 수요일 오후 11시 59분 마감 예정이며, 상황에 따라 조기 마감 혹은 연장될 수 있어요 직무 인터뷰는 3월 17일 ~ 19일 에 진행될 예정이며, 라이브 코딩 테스트를 진행해요 최종 합격 시 4월 6일 입사 예정 이며, 입사일은 변경될 수 있어요 이렇게 합류해요 1. 서류 전형 → 2. 직무 인터뷰(라이브 코딩 테스트) → 3. 최종합격 👉 당근 합류 여정 가이드 바로 가기 (🔗) 지원하기 자주묻는질문 목록으로 돌아가기",,"하고 있어요 서류는 3월 11일 수요일 오후 11시 59분 마감 예정이며, 상황에 따라 조기 마감 혹은 연장될 수 있어요 직무 인터뷰는 3월 17일 ~ 19일 에 진행될 예정이며, 라이브 코딩 테스트를 진행해요 최종 합격 시 4월 6일 입사 예정 이며, 입사일은 변경될 수 있어요 이렇게 합류해요 1. 서류 전형 → 2. 직무 인터뷰(라이브 코딩 테스트) → 3. 최종합격 👉 당근 합류 여정 가이드 바로 가기 (🔗) 지원하기 자주묻는질문 목록으로 돌아가기",,,,,인턴,,,,,active,2026-03-05 18:52:43.592946,2026-03-05 18:52:43.592931,True
144,122,"Software Engineer Intern, Backend - Notifications",https://about.daangn.com/jobs/7651256003,"Software Engineer Intern, Backend - Notifications 당근 인턴 신입 영입정보 지원하기 Notifications을 소개해요 Notifications 조직은 사용자가 동네에서 필요한 것을 발견하고 해결하는 여정 속에서 가장 적절한 순간에 ‘다음 행동(Next Step)’으로 전환하도록 도와요. 우리는 단순히 알림을 많이 보내는 조직이 아니에요. 1. 보내도 되는지 판단하고 (신뢰) 2. 실제로 행동을 만들었는지 검증하고 (성과) 3. 정확한 사용자에게 도달하도록 설계해요 (타겟팅) 이 세 가지를 동시에 해결하는 플랫폼을 만들어요. 당근의 중고거래, 알바, 모임, 커머스, 페이 등 다양한 서비스 맥락에서 하루에도 수억 건의 알림을 발송해요. 이 거대한 흐름 속에서 사용자 피로도를 관리하고, 실제 전환을 만드는 기술과 정책을 설계해요. 이런 일을 해요 하루에도 수억 건을 발송하는 알림이 안정적으로 도달하도록 발송 플랫폼을 운영하고 개선해요 사용자 피로도, 정책, 타겟 조건 등 알림 품질에 영향을 주는 로직을 분석하고 개선해요 알림 CTR, 인앱 전환율, 증분 기여도 등의 데이터를 분석해 실제 성과를 검증하고 최적화해요 서비스 조직이 사용하는 알림/타겟 설정 도구를 개발하고 개선해요 세그먼트 정의, 조건 조합, 정책 자동화 기능을 고도화해 타겟팅 플랫폼을 발전시켜요 A/B 테스트를 설계하고 실행하며, 실험 결과를 기반으로 개선 방향을 제안하고 반영해요 이런 분과 함께하고 싶어요 구조적으로 사고하고, 복잡한 시스템을 이해하려는 태도를 가진 분 작은 개선이라도 빠르게 실행하고 실험해보는 분 협업 과정에서 명확하게 소통하려는 분 자료구조, 네트워크, 데이터베이스 등 기본적인 컴퓨터 공학 지식에 대한 이해가 있는 분 메시지 큐, 비동기 처리 구조에 대한 이해가 있는 분 REST, gRPC 등의 통신 모델을 이해하고 사용성 높은 API 설계 및 개발이 가능한 분 이런 분이면 더 좋아요! 하나의 서비스에 대해서 오너십을 갖고 운영해 보신 분 낮은 복잡도와 낮은 커뮤니케이션 코스트를 지향하며 끊임없이 이를 개선하시는 분 Go, React를 사용해본 경험이 있는 분 - A/B 테스트, 실험 설계, 데이터 분석 경험이 있는 분 사용자 세그먼트, 추천, 타겟팅 로직에 흥미가 있는 분 AI 도구를 적극적으로 활용해 개발 생산성을 높이고, 직군의 경계를 넘나들며 기획·디자인·데이터 직군과 함께 문제를 정의하고 해결할 수 있는 분 참고해 주세요 본 포지션은 3개월 근무 후 평가에 따라 3개월 연장 여부 를 결정하는 체험형 인턴 포지션이에요 ‘장애인고용촉진 및 직업재활법’, ‘국가유공자 등 예우 및 지원에 관한 법률’에 따라 장애인 및 보훈대상자는 채용 전형 시 우대하고 있어요 이렇게 합류해요 1. 서류 접수 → 2. 직무 인터뷰 → 3. 최종 합격 👉 당근 합류 여정 가이드 바로 가기 (🔗) 지원하기 자주묻는질문 목록으로 돌아가기",,하고 있어요 이렇게 합류해요 1. 서류 접수 → 2. 직무 인터뷰 → 3. 최종 합격 👉 당근 합류 여정 가이드 바로 가기 (🔗) 지원하기 자주묻는질문 목록으로 돌아가기,,,,,인턴,,,,,active,2026-03-05 18:52:43.947500,2026-03-05 18:52:43.947484,True
145,122,"Senior Software Engineer, Machine Learning - ML 인프라",https://about.daangn.com/jobs/7498021003,"Senior Software Engineer, Machine Learning - ML 인프라 당근 정규직 경력 영입정보 지원하기 ML인프라팀을 소개해요 인프라실 ML인프라팀은 당근의 머신러닝 기반 서비스들이 더욱 효과적으로 서비스되고 효율적으로 운영될 수 있도록 견고하고 확장 가능한 머신러닝 인프라를 담당하고 있어요. 당근에서 머신러닝은 피드 추천, 광고 추천, 서비스 운영 등 다양한 도메인에서 서비스 품질을 개선하고, 사용자 편의성을 높이기 위해서 널리 사용되고 있어요. ML인프라팀은 데이터 가공, 모델 훈련, 모델 서빙 그리고 모델 배포 과정까지 머신러닝 서비스 개발에 필요한 전반적인 인프라와 공통 모듈을 개발하고 운영하고 있어요. 🥕 당근의 GenAI 플랫폼 🥕 서버리스 ML 훈련 인프라 구축하기: Vertex AI Pipelines & TFX 🥕 ML Infrastructure with GCP | 2025 당근 GCP 밋업 이런 일을 해요 다양한 머신러닝 모델을 효율적으로 배포하고 관리 할 수 있는 모델 서버와 서빙 시스템을 개발 및 운영해요 전사 머신러닝 엔지니어가 공통으로 사용하는 ML인프라 SDK, 프레임워크, 훈련 시스템을 개발 및 운영해요 전사의 머신러닝 서비스 품질 변화를 조기에 감지할 수 있도록 머신러닝 서비스에 특화된 모니터링 시스템을 개발해요 전사 머신러닝 서비스 개발 이터레이션 속도 향상과 리소스 사용 효율을 개선하기 위해서 머신러닝 인프라 전반에 다양한 최적화 방법을 도입해요 이런 분과 함께하고 싶어요 Python, C++ 중 하나 이상의 언어를 자유롭게 사용하실 수 있으신 분 머신러닝 모델 훈련과 서빙에 필요한 인프라에 대한 높은 이해도가 있으신 분 7년 이상의 백엔드 서비스 혹은 머신러닝 서비스 개발/운영 경험이 있으신 분 소프트웨어 엔지니어링 역량으로 머신러닝 인프라를 개선해보고 싶으신 분 GPU 클러스터 관련 개발/운영 경험이 있으신 분 이런 분이면 더 좋아요 AWS, GCP 등 클라우드 서비스 사용에 이해가 있고, 실무 경험이 있으신 분 머신러닝 에코 시스템에 대한 깊은 이해가 있으시고, 오픈소스에 기여해보신 분 (TensorFlow, PyTorch, TensorFlow Extended) 새로운 기술 동향에 관심이 있고, 배움에 있어 거부감이 없으신 분 참고해 주세요 정규직 채용의 경우 3개월의 수습기간이 있어요 장애인고용촉진 및 직업재활법’, ‘국가유공자 등 예우 및 지원에 관한 법률’에 따라 장애인 및 보훈대상자는 채용 전형 시 우대하고 있어요 이렇게 합류해요 1. 서류 전형 → 2. 화상 인터뷰 → 3. 직무 인터뷰→ 4. 컬처핏 인터뷰 및 레퍼런스 체크 → 5. 처우협의 → 6. 최종 합격 및 입사 👉 당근 합류 여정 가이드 바로가기 (🔗) 지원하기 자주묻는질문 목록으로 돌아가기",,하고 있어요 이렇게 합류해요 1. 서류 전형 → 2. 화상 인터뷰 → 3. 직무 인터뷰→ 4. 컬처핏 인터뷰 및 레퍼런스 체크 → 5. 처우협의 → 6. 최종 합격 및 입사 👉 당근 합류 여정 가이드 바로가기 (🔗) 지원하기 자주묻는질문 목록으로 돌아가기,,,,,정규직,,,,,active,2026-03-05 18:52:45.940310,2026-03-05 18:52:45.940292,True
146,122,Security Engineer (Detection & Response),https://about.daangn.com/jobs/6043519003,"Security Engineer (Detection & Response) 당근 정규직 경력 영입정보 지원하기 보안팀을 소개해요 보안팀은 당근이 안전하게 서비스를 제공하는 걸 목표로 하고 있어요. 외부로부터의 공격을 방어하고 내부의 소중한 정보가 외부로 유출되는 걸 예방해요. 이 모든 활동은 다양한 정보보호 관련 법률과 규정을 준수하면서 이루어지고 있어요. 당근의 비즈니스 모델을 이해하고 적재적소에 명확한 기준을 제공하며, 그 기준에 맞게 기술적으로 적용해요. 이런 노력들을 통해서 이용자들이 신뢰할 수 있는 당근 서비스를 만들어 가고 있어요. 이런 일을 해요 대고객 서비스 환경과 내부 오피스 환경 전반에서 발생하는 보안 이벤트를 분석하고 대응해요 침해사고 및 보안 이슈를 효과적으로 탐지하기 위한 탐지 체계와 관련 활동을 설계·운영·고도화해요 보안 이벤트 탐지 또는 침해사고 발생 시 조사를 수행하여 침해 경로와 발생 원인을 분석하고 재발 방지 대책을 수립·이행해요 사고 대응 과정에서 도출된 개선 사항을 바탕으로 탐지 룰, 자동화, 운영 프로세스를 지속적으로 개선해요 이런 분과 함께하고 싶어요 침해사고 또는 보안 이벤트 대응 실무 경험 3년 이상이신 분 멀티 클라우드 및 SaaS 등 복합적인 서비스 환경에서 보안 이벤트 분석과 침해사고 대응을 수행한 경험이 있으신 분 주어진 범위 내의 대응에 그치지 않고, 침해사고 대응과 운영 개선을 주도적으로 추진할 수 있는 분 다양한 이해관계자와 협업하며 사고 대응 및 개선을 이끌어갈 수 있는 분 이런 분이면 더 좋아요! 외부 보안 사고 및 보안 이슈에 대해 지속적으로 관심을 가지고, CVE, 보안 동향 리포트 등을 참고하며 업무에 반영해 온 분 OSINT, CTI, Attack Surface 정보 활용 경험이 있으신 분 업무 효율화를 위한 자동화, AI를 활용해 분석·대응 업무를 개선해 본 경험이 있으신 분 IT기업 또는 대규모 서비스 환경에서의 침해사고 대응 경험이 있으신 분 SIEM 또는 오케스트레이션 플랫폼 구축 및 운영 경험이 있으신 분 서비스 어뷰징 대응 경험이 있으신 분 참고해 주세요 정규직 채용의 경우 3개월의 수습기간이 있어요 ‘장애인고용촉진 및 직업재활법’, ‘국가유공자 등 예우 및 지원에 관한 법률’에 따라 장애인 및 보훈대상자는 채용 전형 시 우대하고 있어요 이렇게 합류해요 1. 서류 전형 → 2. 화상 인터뷰 → 3. 직무 인터뷰 → 4. 컬처핏 인터뷰 및 레퍼런스 체크 → 5. 처우협의 → 6. 최종 합격 및 입사 👉 당근 합류 여정 가이드 바로가기 (🔗) 지원하기 자주묻는질문 목록으로 돌아가기",,하고 있어요 이렇게 합류해요 1. 서류 전형 → 2. 화상 인터뷰 → 3. 직무 인터뷰 → 4. 컬처핏 인터뷰 및 레퍼런스 체크 → 5. 처우협의 → 6. 최종 합격 및 입사 👉 당근 합류 여정 가이드 바로가기 (🔗) 지원하기 자주묻는질문 목록으로 돌아가기,,,,,정규직,,,,,active,2026-03-05 18:52:46.055419,2026-03-05 18:52:46.055403,True
147,122,Sales Operations Specialist (계약직) - Local Business,https://about.daangn.com/jobs/7636564003,"Sales Operations Specialist (계약직) - Local Business 당근 계약직 경력 영입정보 지원하기 사업개발팀을 소개해요 로컬 비즈니스실 소속 사업개발팀은 동네업체와 유저의 적극적인 연결을 목적으로 하는 조직이에요. 현재 비즈프로필 서비스를 기반으로 용달, 청소, 미용, 세탁, 클래스 등의 예약/견적 서비스와 농수산물, F&B 등의 상품/주문 서비스를 발전시키고 있어요. 동네 상권에서 고객이 필요로 하는 서비스를 당근에서 쉽게 찾고 이용할 수 있게 만드는 것으로 목표로, 업종별로 다양한 서비스를 제공할 수 있는 사장님을 모으고, 고객과 연결해주는 제품을 만들고 있어요. 로컬 비즈니스에 관심이 있는 분과 함께 고객의 문제를 해결해 나가고 싶어요. 이런 일을 해요 신규 가게 및 브랜드의 온보딩을 책임지고, 포장주문 입점을 지원해요 프랜차이즈 가맹점 입점 및 가입 절차를 개선 시켜나가요 각 퍼널에 맞는 매뉴얼을 제작하고, FAQ 문서를 표준화 시켜요 이런 분과 함께 하고 싶어요 구조적 사고를 통해 가입 및 운영 프로세스의 0 to 1을 만들어보신 분 플랫폼 서비스를 안정적으로 운영하면서, 고객사와 원활한 소통 경험이 있으신 분 데이터나 유저 VOC를 기반으로 운영상의 페인 포인트를 찾아 효율화를 시킨 경험이 있으신 분 운영 리스크 대응 및 이를 토대로 SOP 수립 경험이 있으신 분 이런 분이면 더 좋아요 F&B 도메인을 이해하고, 운영 및 영업지원 관련 업무 경험이 있으신 분 결제, 정산 과정에 참여하고, 실제 법인 계약체결 프로세스를 경험 해보신 분 ChatGPT 등 AI 솔루션에 관심이 많고, 업무에 적극 활용한 경험이 있으신 분 세일즈 인사이트를 바탕으로 운영 생산성 관리를 위한 대시보드 구축경험이 있으신 분 참고해 주세요 본 포지션은 최초 3개월 계약 후 평가를 통해 9개월 연장 여부를 결정하는 포지션이에요 ‘장애인고용촉진 및 직업재활법’, ‘국가유공자 등 예우 및 지원에 관한 법률’에 따라 장애인 및 보훈대상자는 채용 전형 시 우대하고 있어요 이렇게 합류해요 1. 서류 전형 → 2. 직무 인터뷰 → 3. 최종 합격 👉 당근 합류 여정 가이드 바로가기 🔗 지원하기 자주묻는질문 목록으로 돌아가기",,하고 있어요 이렇게 합류해요 1. 서류 전형 → 2. 직무 인터뷰 → 3. 최종 합격 👉 당근 합류 여정 가이드 바로가기 🔗 지원하기 자주묻는질문 목록으로 돌아가기,,,,,계약직,,,,,active,2026-03-05 18:52:46.504498,2026-03-05 18:52:46.504482,True
148,122,Risk Manager - 서비스운영,https://about.daangn.com/jobs/6558811003,"Risk Manager - 서비스운영 당근 정규직 경력 영입정보 지원하기 Risk Manager를 소개해요 당근은 동네 이웃 간의 연결을 도와 신뢰와 존중을 바탕으로 따뜻하고 신뢰 넘치는 동네 생활을 만들고 싶어요 서비스운영팀은 동네 이웃 간의 따뜻하고 안전한 연결을 만드는 과정에서 의도치 않게 발생할 수 있는 문제 (거래 분쟁, 사기 등)를 정의하고, 해결하여 더 많은 이웃이 안전하게 당근을 사용할 수 있도록 돕는 역할을 담당해요 Risk Manager는 이용자가 겪을 수 있는 피해를 사전에 예측하고 대비하여 이용자가 더 안전하게 당근을 이용할 수 있도록 하는 역할을 수행해요 이런 일을 해요 당근 안심결제(에스크로)및 안심보상 서비스의 전반적인 운영 업무를 수행해요 안심결제 서비스와 중고거래에서 발생하는 환불 분쟁, 거래 사기 정책을 관리해요 발생할 수 있는 이슈를 예측하고 정책에 반영하는 업무를 진행해요 운영 이슈 발생 시 관련 부서(대외, PR, 법무, 서비스팀, 경영진 등)와 소통하며 이슈를 해결해요 리스크 발생 시 신속한 이슈 파악과 처리를 통해 위기를 관리해요 이런 분을 찾고 있어요 3년 이상의 IT 서비스 운영 경험이 있는 분 서비스 정책 수립 및 리스크 관리에 대한 경험이 있으신 분 서비스 운영 관련 이슈에 대한 문제해결 능력과 경험이 있는 분 스스로 문제를 정의, 기획하고 진행하는데 즐거움을 느끼시는 분 유관부서와 원활한 커뮤니케이션 및 협업이 가능한 분 이런 분이면 더 좋아요 에스크로 서비스를 운영하거나 PG 관련 이슈 대응 경험이 있으신 분 리스크 대응을 위한 대외 업무 경험을 보유하신 분 데이터 분석 툴(SQL 등)을 잘 다루시는 분 참고해 주세요 정규직 채용의 경우 3개월의 수습기간이 있어요 ‘장애인고용촉진 및 직업재활법’, ‘국가유공자 등 예우 및 지원에 관한 법률’에 따라 장애인 및 보훈대상자는 채용 전형 시 우대하고 있어요 직무 인터뷰에서는 과제 내용을 중심으로 설명을 듣고 질의 응답하는 시간을 가지고 있어요 해당 직군은 당근마켓 서비스 운영실 소속에서 당근페이팀(겸직)과 함께 일해요 서류 및 인터뷰 과정 후 지원자분의 강점과 경험에 따라 특정 서비스의 운영 매니저 역할을 제안 드릴 수 있어요 이렇게 합류해요 1. 서류 전형 → 2. 과제 전형 → 3. 직무 인터뷰 → 4. 컬처핏 인터뷰 및 레퍼런스 체크 → 5. 처우협의 → 6. 최종 합격 및 입사 👉 당근 합류 여정 가이드 바로가기 (🔗) 지원하기 자주묻는질문 목록으로 돌아가기",,하고 있어요 직무 인터뷰에서는 과제 내용을 중심으로 설명을 듣고 질의 응답하는 시간을 가지고 있어요 해당 직군은 당근마켓 서비스 운영실 소속에서 당근페이팀(겸직)과 함께 일해요 서류 및 인터뷰 과정 후 지원자분의 강점과 경험에 따라 특정 서비스의 운영 매니저 역할을 제안 드릴 수 있어요 이렇게 합류해요 1. 서류 전형 → 2. 과제 전형 → 3. 직무 인터뷰 → 4. 컬처핏 인터뷰 및 레퍼런스 체크 → 5. 처우협의 → 6. 최종 합격 및 입사 👉 당근 합류 여정 가이드 바로가기 (🔗) 지원하기 자주묻는질문 목록으로 돌아가기,,,,,정규직,,,,,active,2026-03-05 18:52:46.901456,2026-03-05 18:52:46.901440,True
149,122,Product Manager - 당근페이,https://about.daangn.com/jobs/7578967003,"Product Manager - 당근페이 당근페이 정규직 경력 영입정보 지원하기 당근페이를 소개해요 당근페이는 지역에서 일어나는 다양한 거래를 연결해요. 중고거래, 부동산, 중고차 거래 뿐만 아니라 우리가 생활하는 동네에서도 누구나 쉽고 간편하게 이용할 수 있는 금융서비스를 만들어 나가는 것을 목표로 하고 있어요. 이런 일을 해요 당근의 온·오프라인 결제 경험을 확장하며, 사용자와 시장이 겪는 문제를 주도적으로 해결해요 고객 중심의 사고로 유저 경험을 개선하고, 만족도 높은 서비스 성장을 만들어가요 데이터를 기반으로 문제를 정의하고, 정성·정량적 인사이트로 가설을 검증하며 기능을 고도화해요 이런 분과 함께하고 싶어요 모바일 서비스(웹/앱) 기획/PM 경력 5년 이상이신 분 고객의 입장에서 문제를 정의하고, 실행 중심으로 해결한 경험이 있으신 분 주도적으로 업무를 진행하고 논리적인 커뮤니케이션 능력을 갖추신 분 도전적인 목표에도 에너지를 가지고, 수치 기반으로 실질적인 임팩트를 만든 분 이런 분이면 더 좋아요! 금융 및 핀테크 서비스에 대한 이해도가 높고 경험이 있는 분 먼저 의견을 제시하고 주도적으로 일하기를 즐기는 분 논리적인 근거를 제시하고, 뛰어난 커뮤니케이션 능력을 가지신 분 데이터와 리서치를 기반으로 문제를 파악하고 서비스를 개선한 경험이 있는 분 제품 초기 기획부터 참여하여 구축, 운영, 모니터링까지 참여한 경험이 있는 분 참고해 주세요 정규직 채용의 경우 3개월의 수습기간이 있어요 ‘장애인고용촉진 및 직업재활법’, ‘국가유공자 등 예우 및 지원에 관한 법률’에 따라 장애인 및 보훈대상자는 채용 전형 시 우대하고 있어요 이렇게 합류해요 1. 서류 전형 → 2. 과제 전형 → 3. 직무 인터뷰 → 4. 컬처핏 인터뷰 및 레퍼런스 체크 → 5. 처우협의 → 6. 최종 합격 및 입사 👉 당근 합류 여정 가이드 바로가기 (🔗) 지원하기 자주묻는질문 목록으로 돌아가기",,하고 있어요 이렇게 합류해요 1. 서류 전형 → 2. 과제 전형 → 3. 직무 인터뷰 → 4. 컬처핏 인터뷰 및 레퍼런스 체크 → 5. 처우협의 → 6. 최종 합격 및 입사 👉 당근 합류 여정 가이드 바로가기 (🔗) 지원하기 자주묻는질문 목록으로 돌아가기,,,,,정규직,,,,,active,2026-03-05 18:52:48.772646,2026-03-05 18:52:48.772629,True
150,122,Product Manager - 광고 상품,https://about.daangn.com/jobs/6640388003,"Product Manager - 광고 상품 당근 정규직 경력 영입정보 지원하기 광고 상품팀을 소개해요 당근마켓은 지역별 트래픽을 수익화하는 광고 서비스를 운영하고 있어요. 월간 활성 유저수 1,900만명의 트래픽을 기반으로 광고주(비즈니스)와 광고를 보는 사용자들의 가치를 극대화하기 위해 노력하고 있고, 누구나 쉽고 간편하게 잠재 고객을 만날 수 있게 만드는 것이 목표예요. 현재 홈 피드에 게재되는 네이티브 피드 광고 상품(DA)과 검색결과 지면에 게재되는 검색광고 상품(SA)을 제공하고 있으며, 앞으로 더욱 다양한 지면에 다양한 형식으로 노출되어질 광고 상품을 준비하고 있어요. 광고 상품팀은 소상공인과 중대형 광고주, 광고대행사 모두가 당근마켓에 광고 상품을 통해 광고 성과를 체감할 수 있도록 광고 상품을 개선하고 최적화하는 팀이에요. 이런 일을 해요 광고 상품에 필요한 스펙을 기획하고 고도화해요 데이터를 기반으로 가설을 실험하고, 핵심지표를 개선해요 광고 상품의 성과를 높이기 위한 최적화 도구를 도입하고 광고 모델링을 개선해요 서비스 및 플랫폼 부서와 협업을 주도하며 프로젝트를 매니징해요 이런 분을 찾고 있어요 PM 경력 5년 이상이신 분 광고 상품 및 플랫폼 기획 2년 이상이신 분 Programmatic 광고에 대한 관심과 기술적 이해도가 높으신 분 이런 분이면 더 좋아요! 광고 상품 전반을 기획하고 출시까지 진행해 본 경험이 있으신 분 다양한 이해관계자와 함께 커뮤니케이션하며 프로젝트를 진행한 경험이 있으신 분 온라인 광고 플랫폼 및 광고 비즈니스 생태계에 대한 이해도가 높으신 분 자기주도적으로 일하시고, 긍정적인 마인드를 보유하신 분 비즈니스 데이터를 분석하는 역량을 갖추신 분 참고해 주세요 정규직 채용의 경우 3개월의 수습기간이 있어요 ‘장애인고용촉진 및 직업재활법’, ‘국가유공자 등 예우 및 지원에 관한 법률’에 따라 장애인 및 보훈대상자는 채용 전형 시 우대하고 있어요 이렇게 합류해요 1. 서류 전형 → 2. 화상 인터뷰 → 3. 직무 인터뷰(과제) → 4. 컬처핏 인터뷰 및 레퍼런스 체크 → 5. 처우협의 → 6. 최종 합격 및 입사 👉 당근 합류 여정 가이드 바로가기 (🔗) 지원하기 자주묻는질문 목록으로 돌아가기",,하고 있어요 이렇게 합류해요 1. 서류 전형 → 2. 화상 인터뷰 → 3. 직무 인터뷰(과제) → 4. 컬처핏 인터뷰 및 레퍼런스 체크 → 5. 처우협의 → 6. 최종 합격 및 입사 👉 당근 합류 여정 가이드 바로가기 (🔗) 지원하기 자주묻는질문 목록으로 돌아가기,,,,,정규직,,,,,active,2026-03-05 18:52:49.160009,2026-03-05 18:52:49.159992,True
151,122,Product Designer Intern - 부동산,https://about.daangn.com/jobs/7642645003,"Product Designer Intern - 부동산 당근 인턴 경력/신입 영입정보 지원하기 부동산팀을 소개해요 당근 부동산은 당근 홈 상단에서 > '부동산'을 누르면 이용해 볼 수 있는 서비스예요. 우리가 살아야 할 집이나 방을 구할 때 나에게 맞는 최고의 부동산을 찾기 어려운 문제를 해결하기 위해 이 서비스를 만들었어요. 허위매물로 인해 헛걸음을 하거나 전혀 다른 매물을 보게 되는 경우도 있고, 살아본 뒤에야 중요한 정보를 알게 되는 경우도 있어요. 부동산팀은 이러한 정보 비대칭과 거래 과정의 불편함을 기술로 해결하는 것에 집중하고 있어요. 부동산 팀은 목적조직으로 구성되어 있으며, 작고 빠르게 일하는 것을 지향해요. 적은 인원으로 큰 임팩트를 내는 특공대 같은 팀이에요. 스스로 업무를 선택하고 누군가의 지시를 수동적으로 기다리지 않으며 상황에 맞추어 리더십과 팔로우십을 모두 발휘해요. 🥕부동산팀 인터뷰 보러가기! 이런 일을 해요 부동산 서비스의 UX/UI를 개선해요. 사용자의 문제를 발견하고 논리적인 사고 과정을 통해 더 좋은 해결책과 사용성을 제안해요. 개발자, PM과의 협업을 통해 제품을 함께 만들어요. 이런 분과 함께하고 싶어요 사용자 관점에서 문제를 정의하고 솔루션을 제안할 수 있는 분 팀원들과 협업하며 자신의 의견을 설득력 있게 전달하며, 열린 태도로 피드백을 수용하고 적극적으로 소통할 수 있는 분 새로운 과제를 주도적으로 학습하고, 스스로 성장의 기회를 찾아나갈 수 있는 분 디자인 툴(Figma)과 디자인 시스템에 대한 이해도를 가진 분 신입 또는 정규직 경력 2년 미만인 분 이런 분이면 더 좋아요! 디자인 시스템에 대한 이해가 있는 분 정량적 또는 정성적 데이터를 기반으로 구체적인 문제를 해결해본 경험이 있는 분 개발자, PM과 협업하여 프로젝트를 진행한 경험이 있는 분 포트폴리오는 이렇게 작성하시면 좋아요 사용자 관점에서 문제를 해결하기 위해 노력한 과정을 담아주세요 프로젝트별 역할과 기여도를 명시해 주세요 문제해결 과정을 확인할 수 있다면 어떤 형식이든 좋아요 장표를 꾸미는 데에 시간을 쓰지 않으셔도 괜찮아요. 참고해 주세요 서류는 3월 8일 일요일 23시 59분 마감 예정이며, 상황에 따라 조기 마감이나 연장될 수 있어요. 마감 직전에는 접속이 몰려 지원서가 제대로 제출되지 않을 수 있으니, 마감 전 최소 30분 이상의 여유를 두고 지원서를 제출하시는 것을 권장드려요. 해당 포지션은 3개월 근무 후 평가에 따라 3개월 연장 여부를 결정하는 체험형 인턴 이에요. ‘장애인고용촉진 및 직업재활법’, ‘국가유공자 등 예우 및 지원에 관한 법률’에 따라 장애인 및 보훈대상자는 채용 전형 시 우대하고 있어요 최종 합격 시 4월 6일 입사 예정이에요. 입사일은 변경될 수 있어요. 이렇게 합류해요 1. 서류접수(포트폴리오 필수 제출) → 2. 직무 인터뷰(과제 포함) → 3. 최종합격 👉 당근 합류 여정 가이드 바로가기 (🔗) 지원하기 자주묻는질문 목록으로 돌아가기",,하고 있어요 최종 합격 시 4월 6일 입사 예정이에요. 입사일은 변경될 수 있어요. 이렇게 합류해요 1. 서류접수(포트폴리오 필수 제출) → 2. 직무 인터뷰(과제 포함) → 3. 최종합격 👉 당근 합류 여정 가이드 바로가기 (🔗) 지원하기 자주묻는질문 목록으로 돌아가기,,,,,정규직,,,,,active,2026-03-05 18:52:49.586931,2026-03-05 18:52:49.586916,True
152,122,Product Designer - Local Jobs,https://about.daangn.com/jobs/5789498003,"Product Designer - Local Jobs 당근 정규직 경력 영입정보 지원하기 Local Jobs를 소개해요 당근알바는 누구나, 언제든지 필요한 일손과 일자리를 구할 수 있도록 동네이웃들을 효율적이고, 안전하게 연결하고자 해요. 동네에서 일어나는 연결점을 강화함으로써 따뜻하고 활발한 교류가 있는 지역사회를 만들려는 당근의 비전을 이루기 위한 도전을 하고 있어요. 우리는 단순히 구인공고와 구직자를 연결하는 것에서 나아가, 좋은 사장님과 좋은 알바생이 더 돋보일 수 있는 공간을 만들고 있어요. 빠르게 성장하는 서비스를 꼼꼼하게 챙기고, 같이 개선할 분을 찾고 있어요. 🥕Local Jobs, 당근알바 팀을 소개해요 Local Jobs는 이렇게 일해요 창업을 해봤거나 창업을 꿈꾸는 멤버들로 모두가 entrepreneurship을 가지고 일해요. Ai 를 적극 활용하여 개인과 팀의 생산성을 과거보다 x3배 이상 높여가고 있어요. 초기멤버 4명으로 시작해 4년 6개월동안 정규직 9명으로 소수정예 멤버로 구성되어 있어요. PM, 디자이너, 엔지니어 모두 2가지 이상의 직군 역량을 수행하며 끊임없이 고민하고 치열하게 토론해가며 유저의 문제를 해결해요. 당근알바는 이웃 간의 직접적인 만남으로 연결되기 때문에, 온라인뿐만이 아니라 오프라인까지의 전체 경험을 함께 고민해요. 뾰족하게 문제를 정의하고, 가장 단순하고 정확하게 해결할 수 있는 빠르고 효율적인 방법을 고민하고 실행해요. 사용자와 가까워지기 위해 정량/정성 데이터를 적극적으로 활용하며, 이를 통해 임팩트 있는 액션을 만들기 위해 노력해요. Local Jobs 팀원 발표 영상 🥕 당근 블로그, <Local Jobs 엔지니어는 어떻게 사고하고 결정할까> 🥕 당근 블로그, <Local Jobs 엔지니어는 어떻게 행동하고 협업할까> 🥕 당근 테크밋업, <GraphQL Schema 기반 협업으로 생산성을 높이는 Local Jobs 엔지니어링 문화> 🥕 당근 테크밋업, <Local Jobs 초기 엔지니어링 전략: 빠르게, 빠르게, 더 빠르게> 🥕 Local Jobs 디자이너 인터뷰, <하나의 가설로 극한의 성과를> 🥕 Local Jobs PM 인터뷰, <당근의 동력은 오너십> 🥕 Local Jobs 리더 인터뷰, <서비스 성장을 가속하는 팀워크를 만드는 법> 이런 일을 해요 사용자들이 쉽고 편리하게 알바 공고를 작성하고 지원할 수 있는 당근알바 프로덕트를 설계해요 알바 탐색과 연결 과정에서 일어나는 문제를 발견하고, 원인을 분석해 더 나은 프로덕트를 만들기 위한 방향을 제시해요 당근알바의 성장을 위해 다양한 방법을 고민하고, 가설을 수립한 뒤 검증을 통해 최적의 솔루션을 찾아가요 개발자, PM 등 다양한 직군과의 긴밀한 협업을 통해 함께 제품을 만들어요 이런 분과 함께하고 싶어요 3년 이상의 Mobile/Web 서비스 디자인 경험이나, 그에 준하는 역량을 갖추신 분 사용자 중심의 사고를 바탕으로 명확하고 논리적으로 커뮤니케이션할 수 있는 분 제품의 사용성과 비즈니스 목표를 함께 고려해 최적의 디자인을 제안할 수 있는 분 데이터와 리서치를 기반으로 문제를 정의하고, 실험을 통해 검증해본 경험이 있으신 분 이런 분이면 더 좋아요! 정해진 역할에 얽매이지 않고 주도적으로 성장하기를 즐기시는 분 필요할 때는 속도감 있게 실행할 수 있는 분 빠르게 성장하는 팀에서 즐겁게 몰입하며 일하고 싶은 분 포트폴리오는 이렇게 작성하시면 좋아요 사용자 관점에서 문제를 해결하기 위해 노력한 과정을 담아주세요 프로젝트별 역할과 기여도를 명시해 주세요 문제 해결 과정을 확인할 수 있다면 어떤 형식이든 좋아요. 장표를 꾸미는 데에 시간을 쓰지 않으셔도 괜찮아요 참고해 주세요 정규직 채용의 경우 3개월의 수습기간이 있어요 ‘장애인고용촉진 및 직업재활법’, ‘국가유공자 등 예우 및 지원에 관한 법률’에 따라 장애인 및 보훈대상자는 채용 전형 시 우대하고 있어요 직무 인터뷰 사전 과제 수행 시 디자인 에셋을 제공해 드려요 직무 인터뷰에서 과제와 포트폴리오에 대한 설명을 듣고 질의응답하는 시간을 가지고 있어요 서류 및 인터뷰 과정 후 지원자분의 강점과 경험에 따라 적합한 다른 팀을 제안 드릴 수 있어요 이렇게 합류해요 1. 서류 전형 → 2. 화상 인터뷰 → 3. 직무 인터뷰(과제) → 4. 컬처핏 인터뷰 및 레퍼런스 체크 → 5. 처우협의 → 6. 최종 합격 및 입사 👉 당근 합류 여정 가이드 바로가기 (🔗) 지원하기 자주묻는질문 목록으로 돌아가기",,하고 있어요 직무 인터뷰 사전 과제 수행 시 디자인 에셋을 제공해 드려요 직무 인터뷰에서 과제와 포트폴리오에 대한 설명을 듣고 질의응답하는 시간을 가지고 있어요 서류 및 인터뷰 과정 후 지원자분의 강점과 경험에 따라 적합한 다른 팀을 제안 드릴 수 있어요 이렇게 합류해요 1. 서류 전형 → 2. 화상 인터뷰 → 3. 직무 인터뷰(과제) → 4. 컬처핏 인터뷰 및 레퍼런스 체크 → 5. 처우협의 → 6. 최종 합격 및 입사 👉 당근 합류 여정 가이드 바로가기 (🔗) 지원하기 자주묻는질문 목록으로 돌아가기,,,,,정규직,,,,,active,2026-03-05 18:52:49.956925,2026-03-05 18:52:49.956906,True
153,122,Platform Product Manager Intern - 당근페이,https://about.daangn.com/jobs/5916550003,"Platform Product Manager Intern - 당근페이 당근페이 인턴 신입 영입정보 지원하기 당근페이를 소개해요 당근페이는 중고거래를 넘어, 이웃 간의 다양한 거래를 더 안전하고 편리하게 만드는 결제·금융 서비스예요. 당근 안에서 자연스럽게 사용되는 결제 경험을 만들고, 이를 바탕으로 금융 영역까지 확장하고 있어요. 이런 일을 해요 계정 및 인증 영역에서 대규모 사용자에게 매끄러운 서비스 경험을 제공해요 가입, 로그인, 인증, 고객확인 영역에서 핵심 지표와 사용자 VOC를 기반으로 문제를 정의하고 해결해요 서비스에 필요한 정책을 정리 및 개선하여 커뮤니케이션을 원활하게 해요 이런 분과 함께 하고 싶어요 다양한 이해관계자들과 원활한 소통 및 요구사항 관리 등 협업 능력이 뛰어나신 분 논리적인 사고와 직관을 통해 문제를 접근하고 해결방법을 도출 할 수 있는 분 모바일 프로덕트 및 사업에 대한 관심과 이해도가 높은 분 이런 분이면 더 좋아요! 당근의 비전과 가치를 이해하고 서비스의 방향을 고민할 수 있는 분 먼저 의견을 제시하고 주도적으로 일하기를 즐기는 분 논리적인 근거를 제시하고, 뛰어난 커뮤니케이션 능력을 가지신 분 참고해 주세요 서류는 3월 8일 일요일 23시 59분 마감 예정이며, 상황에 따라 조기 마감이나 연장될 수 있어요 마감 직전에는 접속이 몰려 지원서가 제대로 제출되지 않을 수 있으니, 마감 전 최소 30분 이상의 여유를 두고 지원서를 제출하시는 것을 권장드려요 서류 전형 합격 시 과제 전형 안내를 드리며, 직무 인터뷰에서 과제에 대한 설명을 듣고 질의응답 하는 시간을 가지고 있어요 본 포지션은 3개월 근무 후 평가에 따라 3개월 연장 여부를 결정하는 체험형 인턴 포지션이에요 ‘장애인고용촉진 및 직업재활법’, ‘국가유공자 등 예우 및 지원에 관한 법률’에 따라 장애인 및 보훈대상자는 채용 전형 시 우대하고 있어요 최종 합격 시 4월 13일 입사 예정이에요. 입사일은 변경될 수 있어요 이렇게 합류해요 1. 서류 전형 → 2. 과제 전형 → 3. 직무 인터뷰 → 4. 최종 합격 👉 당근 합류 여정 가이드 바로 가기 (🔗) 지원하기 자주묻는질문 목록으로 돌아가기",,하고 있어요 최종 합격 시 4월 13일 입사 예정이에요. 입사일은 변경될 수 있어요 이렇게 합류해요 1. 서류 전형 → 2. 과제 전형 → 3. 직무 인터뷰 → 4. 최종 합격 👉 당근 합류 여정 가이드 바로 가기 (🔗) 지원하기 자주묻는질문 목록으로 돌아가기,,,,,인턴,,,,,active,2026-03-05 18:52:51.956796,2026-03-05 18:52:51.956778,True
154,122,Product Designer - Local Business (비즈프로필),https://about.daangn.com/jobs/4298081003,"Product Designer - Local Business (비즈프로필) 당근 정규직 경력 영입정보 지원하기 Local Business를 소개해요 로컬비즈니스실은 동네업체와 유저의 적극적인 연결을 목적으로 하는 조직이에요. 현재 비즈프로필 서비스를 기반으로, 동네 상권에서 고객이 필요로 하는 서비스를 당근에서 더욱 쉽게 찾고 이용할 수 있는 경험을 만들고 있어요. 이를 위해 업종별로 다양한 서비스를 제공하는 사장님들을 모으고, 고객과 자연스럽게 연결될 수 있는 제품을 만들고 있어요. 로컬비즈니스에 관심이 있는 분과 함께 고객의 문제를 해결해 나가고 싶어요. 이런 일을 해요 비즈프로필 서비스의 UI/UX를 담당하고, 설계 과정 전반에 참여해 사장님의 서비스 운영과 CRM 활용을 고려한 사용자 경험을 만들어요 사용자와 비즈니스의 문제를 수집하고 논리적인 사고 과정을 통해 해결방안과 더 좋은 사용성을 제안해요 더 나은 사용자 경험을 위해 정량/정성적 데이터를 수집하고 가설 수립 및 검증을 반복해요 PM, 개발자 등 다양한 직군과 협업하며 제품을 함께 만들어요 이런 분과 함께하고 싶어요 3년 미만의 Mobile/Web 서비스 디자인 경험이나, 그에 준하는 역량을 갖추신 분 사용자 중심의 사고를 바탕으로 명확하고 논리적으로 커뮤니케이션 할 수 있으신 분 제품의 사용성과 비즈니스 목표를 함께 고려해 최적의 디자인을 제안할 수 있으신 분 데이터와 리서치를 기반으로 문제를 정의하고, 실험을 통해 검증해 본 경험이 있으신 분 이런 분이면 더 좋아요! 제품 초기 기획부터 구축, 운영, 모니터링까지 참여하며 서비스를 함께 성장시키고 싶으신 분 B2B, B2C, O2O 등의 서비스에 관심이 많으신 분 개발자, PM 등 다양한 직군의 동료들과 원활하게 소통하며 협업할 수 있는 분 포트폴리오는 이렇게 작성하시면 좋아요 사용자 관점에서 문제를 해결하기 위해 노력한 과정을 담아주세요 프로젝트별 역할과 기여도를 명시해 주세요 문제 해결 과정을 확인할 수 있다면 어떤 형식이든 좋아요. 장표를 꾸미는 데에 시간을 쓰지 않으셔도 괜찮아요 참고해 주세요 정규직 채용의 경우 3개월의 수습기간이 있어요 ‘장애인고용촉진 및 직업재활법’, ‘국가유공자 등 예우 및 지원에 관한 법률’에 따라 장애인 및 보훈대상자는 채용 전형 시 우대하고 있어요 이력서 및 포트폴리오는 필수 제출이며, 협업 프로젝트는 기여도와 역할을 반드시 표시해 주세요 직무 인터뷰 사전 과제 수행 시 디자인 에셋을 제공해 드려요 직무 인터뷰에서 과제와 포트폴리오에 대한 설명을 듣고 질의응답하는 시간을 가지고 있어요 이렇게 합류해요 1. 서류 전형 → 2. 화상 인터뷰 → 3. 직무 인터뷰(과제) → 4. 컬처핏 인터뷰 및 레퍼런스 체크 → 5. 처우협의 → 6. 최종 합격 및 입사 👉 당근 합류 여정 가이드 바로가기 (🔗) 지원하기 자주묻는질문 목록으로 돌아가기",,"하고 있어요 이력서 및 포트폴리오는 필수 제출이며, 협업 프로젝트는 기여도와 역할을 반드시 표시해 주세요 직무 인터뷰 사전 과제 수행 시 디자인 에셋을 제공해 드려요 직무 인터뷰에서 과제와 포트폴리오에 대한 설명을 듣고 질의응답하는 시간을 가지고 있어요 이렇게 합류해요 1. 서류 전형 → 2. 화상 인터뷰 → 3. 직무 인터뷰(과제) → 4. 컬처핏 인터뷰 및 레퍼런스 체크 → 5. 처우협의 → 6. 최종 합격 및 입사 👉 당근 합류 여정 가이드 바로가기 (🔗) 지원하기 자주묻는질문 목록으로 돌아가기",,,,,정규직,,,,,active,2026-03-05 18:52:52.054990,2026-03-05 18:52:52.054971,True
155,122,Performance Marketer,https://about.daangn.com/jobs/7525074003,"Performance Marketer 당근 정규직 경력 영입정보 지원하기 마케팅팀을 소개해요 당근은 활발한 교류가 있는 지역 생활 커뮤니티를 지향해요. 중고거래, 알바, 부동산, 비즈니스 등 여러 서비스들이 작은 스타트업처럼 움직이며 이 가치를 실현해나가고 있어요. 당근의 여러 서비스들과 함께 잘 성장하는 것이 가장 중요한 마케팅팀의 역할이에요. 마케팅팀은 현재 총 13명으로 퍼포먼스, 브랜드, CRM 등을 중심으로 여러 분야의 마케터들이 “어떻게 하면 사용자들이 당근을 더 좋아하게 만들 수 있을까?” 라는 고민을 하며 일하고 있어요. 지금도 마케팅팀은 사용자에게 공감을 얻기 위한 새로운 시도와 도전을 끊임없이 하며 당근의 가치를 전달하기 위해 노력하고 있어요. 마케팅팀은 당근의 서비스 규모 대비 작은 팀이에요. 그렇기 때문에 몰입의 에너지를 중요하게 여겨요. 팀원 한 명 한 명은 자율성과 책임감을 가지고 서비스 성장을 위한 다양한 마케팅을 수행하고 있어요. 이런 일을 해요 당근 서비스 성장을 위한 퍼포먼스 마케팅 전략을 수립하고 실행해요 다양한 퍼포먼스 매체 및 채널에서 직접 캠페인을 운영(Self-serving)하며 성과를 최적화해요 유저 분석과 세그먼트 발굴, 크리에이티브 기획, 캠페인 집행 및 성과 분석까지 전 과정을 주도적으로 실행해요 업무 수행에 필요한 유관부서와의 커뮤니케이션을 담당하고, MMP 등 외부 파트너사 및 대행사와 협업해요 이런 분과 함께하고 싶어요 앱 서비스의 퍼포먼스 마케팅 경력이 5년 이상인 분 다양한 퍼포먼스 매체에 대한 이해와 운영 경험을 바탕으로, 팀의 목표 달성을 위한 퍼포먼스 마케팅 전략을 제시할 수 있는 분 인지부터 유입, 액션 전환, 리텐션까지 풀퍼널에 걸친 퍼포먼스 마케팅 액션을 통해 핵심 비즈니스 지표를 개선한 경험이 있는 분 MMP 및 내부 데이터를 기반으로 데이터를 분석하고, 논리적인 문제 해결 방안을 도출하는 데에 익숙한 분 여러 유관부서 및 파트너사와 원활하게 협업하며 주도적으로 성과를 만들어 본 분 이런 분이면 더 좋아요! 마켓플레이스/모바일 플랫폼 기업에서 퍼포먼스 마케팅 경험이 있는 분 최신 마케팅 및 광고 기술(MarTech&AdTech) 트렌드에 관심이 있고, 이를 실제 업무에 빠르게 적용해 보려는 시도를 즐기는 분 마케팅 데이터 마트 및 대시보드 구축, 리포팅 자동화에 대한 경험이 있는 분 정해진 업무 외에도 주도적으로 문제를 발견하고 개선 방안을 제안하는 분 참고해 주세요 정규직 채용의 경우 3개월의 수습기간이 있어요 ‘장애인고용촉진 및 직업재활법’, ‘국가유공자 등 예우 및 지원에 관한 법률’에 따라 장애인 및 보훈대상자는 채용 전형 시 우대하고 있어요 포트폴리오(필수)는 PDF로 제출해 주시고 프로젝트별 기여도를 표시해 주세요 화상 인터뷰 합격 시 직무 인터뷰 전 사전과제를 배부해드리고 있어요. 이렇게 합류해요 1. 서류 접수 → 2. 화상 인터뷰 → 3. 직무 인터뷰(사전과제 포함) → 4. 컬처핏 인터뷰 및 레퍼런스 체크 → 5. 처우협의 → 6. 최종 합격 및 입사 👉 당근 합류 여정 가이드 바로가기 (🔗) 지원하기 자주묻는질문 목록으로 돌아가기",,하고 있어요 포트폴리오(필수)는 PDF로 제출해 주시고 프로젝트별 기여도를 표시해 주세요 화상 인터뷰 합격 시 직무 인터뷰 전 사전과제를 배부해드리고 있어요. 이렇게 합류해요 1. 서류 접수 → 2. 화상 인터뷰 → 3. 직무 인터뷰(사전과제 포함) → 4. 컬처핏 인터뷰 및 레퍼런스 체크 → 5. 처우협의 → 6. 최종 합격 및 입사 👉 당근 합류 여정 가이드 바로가기 (🔗) 지원하기 자주묻는질문 목록으로 돌아가기,,,,,정규직,,,,,active,2026-03-05 18:52:52.334058,2026-03-05 18:52:52.334041,True
156,122,Operations Manager - 커뮤니티,https://about.daangn.com/jobs/6025085003,"Operations Manager - 커뮤니티 당근 정규직 경력 영입정보 지원하기 커뮤니티실을 소개해요 우리는 지역 커뮤니티라는 당근의 미션을 실현해요. 새로운 동네로 이사 온 순간부터 이웃과의 관계, 지역 정보와 관심사, 그리고 살고 있는 공간을 연결하여 즉시 소속감을 느낄 수 있도록 도와요. 정착 후에는 일상의 모든 순간을 함께하며, 이렇게 쌓인 유대감과 애착을 통해 내 동네를 진심으로 사랑하고 떠나고 싶지 않은 경험을 제공해요. 당근 앱에서 이웃과 정보와 교류를 나누는 '동네생활' 프로덕트와 정기적으로 만날 수 있는 더 가까운 소모임을 만들 수 있는 '당근모임' 프로덕트를 만들어요. 그리고 '미니 당근' 이라고 부를 수 있는 하이퍼로컬 프로덕트 '당근아파트 커뮤니티' 를 만들고 있어요. 지금 우리 동네에서 일어나고 있는 일들을 더 쉽게 즐기고 공유할 방법들을 찾는 일이라면 무엇이든 도전하여 실행에 옮겨요. 만드는 사람이 불편할수록 쓰는 사람은 편하다는 믿음으로 도전적인 문제를 풀어나갈 분들과 함께하고자 해요. 🥕 당근 블로그, <단지 커뮤니티를 키우기 위해 모였을 뿐인데> 🥕 당근 블로그, <경도에서 감튀까지, 모르는 사람과 노는 일이 어떻게 가능하냐면요> 커뮤니티 Trust & Safety를 소개해요 당근은 동네 이웃 간의 연결을 도와 따뜻하고 활발하고 안전한 교류가 있는 지역 사회를 만들고 싶어요. 커뮤니티실은 이웃과 일상과 취미부터 진짜 동네 정보까지, 지금 우리 동네에서 일어나고 있는 일들을 공유하고 소통할 수 있는 서비스를 만드는 미션을 가지고 있어요. Trust & Safety 팀은 이웃들이 서로를 더 신뢰할 수 있도록 하면서도 커뮤니티를 활성화시키는데 기여하는 팀이에요. 이웃들이 서로를 존중하고 기본적인 윤리와 법규를 준수할 수 있도록 운영 정책과 서비스를 함께 만들어 나가는 역할을 해요. 단순 운영정책을 넘어 커뮤니티가 더 올바른 방향으로 발전하고 더욱 커질 수 있도록 함께 치열하게 고민해나가고 있어요. 이런 일을 해요 사용자들이 안심하고 당근 커뮤니티를 사용할 수 있도록 운영정책을 책임지고 수립해요 사용자들의 목소리를 능동적으로 수집하고 분석하여 제품이나 정책에 반영이 될 수 있도록 PM, 엔지니어들과 협업해요 내부 운영툴 (LLM/Agent)를 활용하여, AI 기반의 운영시스템 고도화에 대해 고민하고 체계를 만들어요 오픈형 및 폐쇄형 커뮤니티 발생할 수 있는 문제를 탐지하고 해결하며, 사전 방지할 수 있는 서비스 가이드라인을 고민해요 효율적인 SOP(Standard Operating Process)를 구축하고, 그를 바탕으로 전체적인 운영 과정을 책임져요 이런 분과 함께하고 싶어요 AI·LLM을 활용해 업무를 자동화하거나 효율화, 분석하는데 관심이 많으신 분 3년 이상의 IT 서비스 운영 정책 수립 및 관리 경험이 있는 분 온라인 서비스에서 발생하는 리스크 상황에 대한 문제해결 능력과 경험이 있는 분 유연한 문제해결 능력과 설득력 있는 커뮤니케이션 스킬을 보유한 분 이런 분이면 더 좋아요! 모호하고 제한된 상황에서 난이도가 높은 문제에 직면했을 때 이를 성공적으로 해결한 경험이 있으신 분 온라인 커뮤니티 서비스 / 모임 서비스의 고객 운영 정책을 수립하거나 운영 리스크 대응 경험이 있으신 분 데이터 추출, 분석 및 해석 능력을 가지신 분 참고해 주세요 정규직 채용의 경우 3개월의 수습기간이 있어요 ‘장애인고용촉진 및 직업재활법’, ‘국가유공자 등 예우 및 지원에 관한 법률’에 따라 장애인 및 보훈대상자는 채용 전형 시 우대하고 있어요 이렇게 합류해요 1. 서류 전형 → 2. 화상 인터뷰 → 3. 직무 인터뷰 → 4. 컬처핏 인터뷰 및 레퍼런스 체크 → 5. 처우협의 → 6. 최종 합격 및 입사 👉 당근 합류 여정 가이드 바로가기 (🔗) 지원하기 자주묻는질문 목록으로 돌아가기",,하고 있어요 이렇게 합류해요 1. 서류 전형 → 2. 화상 인터뷰 → 3. 직무 인터뷰 → 4. 컬처핏 인터뷰 및 레퍼런스 체크 → 5. 처우협의 → 6. 최종 합격 및 입사 👉 당근 합류 여정 가이드 바로가기 (🔗) 지원하기 자주묻는질문 목록으로 돌아가기,")를 구축하고, 그를 바탕으로 전체적인 운영 과정을 책임져요 이런 분과 함께하고 싶어요 AI·LLM을 활용해 업무를 자동화하거나 효율화, 분석하는데 관심이 많으신 분 3년 이상의 IT 서비스 운영 정책 수립 및 관리 경험이 있는 분 온라인 서비스에서 발생하는 리스크 상황에 대한 문제해결 능력과 경험이 있는 분 유연한 문제해결 능력과 설득력 있는 커뮤니케이션 스킬을 보유한 분 이런 분이면 더 좋아요! 모호하고 제한된 상황에서 난이도가 높은 문제에 직면했을 때 이를 성공적으로 해결한 경험이 있으신 분 온라인 커뮤니티 서비스 / 모임 서비스의 고객 운영 정책을 수립하거나 운영 리스크 대응 경험이 있으신 분 데이터 추출, 분석 및 해석 능력을 가지신 분 참고해 주세요 정규직 채용의 경우 3개월의 수습기간이 있어요 ‘장애인고용촉진 및 직업재활법’, ‘국가유공자 등 예우 및 지원에 관한 법률’에 따라 장애인 및 보훈대상자는 채용 전형 시 우대하고 있어요 이렇게 합류해요 1. 서류 전형 → 2. 화상 인터뷰 → 3. 직무 인터뷰 → 4. 컬처핏 인터뷰 및 레퍼런스 체크 → 5. 처우협의 → 6. 최종 합격 및 입사 👉 당근 합류 여정 가이드 바로가기 (🔗) 지원하기 자주묻는질문 목록으로 돌아가기",,,,정규직,,,,,active,2026-03-05 18:52:53.228769,2026-03-05 18:52:53.228751,True
157,122,Operation Manager - Local Jobs,https://about.daangn.com/jobs/7611095003,"Operation Manager - Local Jobs 당근 정규직 경력 영입정보 지원하기 당근알바팀을 소개해요 당근알바팀은 누구나, 언제든지 필요한 일손과 일자리를 구할 수 있도록 동네이웃들을 효율적이고, 안전하게 연결하고자 해요. 동네에서 일어나는 연결점을 강화해 따뜻하고 활발한 교류가 있는 지역사회를 만들려는 당근의 비전을 이루기 위한 도전을 하고 있어요. 우리는 단순히 구인공고와 구직자를 연결하는 것에서 나아가, 좋은 사장님과 좋은 알바생이 더 돋보일 수 있는 공간을 만들고 있어요. 빠르게 성장하는 서비스를 꼼꼼하게 챙기고, 같이 개선할 분을 찾고 있어요. 🥕당근알바 팀원을 소개해요 🥕당근알바 Trust&Safety Vision을 소개해요 이런 일을 해요 Operations Manager는 당근알바의 안전한 서비스 환경(Safety System)을 만드는 역할을 해요 당근알바의 안전을 위협하거나, 운영정책을 위반하는 사례들을 효율적으로 탐색하고 대응할 수 있는 시스템을 만들어요 발견된 새로운 패턴들에 대한 정책을 정의하고, 룰을 정비해 안전한 운영환경을 만들어요 내부 운영툴 (LLM/Agent)를 활용하여, AI 기반의 운영시스템 고도화에 대해 고민하고 체계를 만들어요 다양한 유저의 CS를 귀 기울여 듣고, 그에 맞는 가이드와 FAQ를 발행해요 이런 분과 함께하고 싶어요 AI·LLM을 활용해 업무를 자동화하거나 효율화, 분석하는데 관심이 많으신 분 서비스 정책을 세우고 운영 프로세스를 설계·고도화해본 경험이 있으며, 이를 통해 서비스 운영 전반을 기획할 수 있는 역량을 갖추신 분 다양한 운영 리스크 상황을 관리·대응해본 경험이 있고, 안정적인 서비스 경험을 보장할 수 있는 역량을 갖추신 분 이런 분이면 더 좋아요! 2년 이상의 서비스 운영/기획 경험이 있으신 분 SQL 등으로 데이터를 추출·분석하고, 이를 통해 인사이트를 도출해본 경험이 있으신 분 참고해 주세요 정규직 채용의 경우 3개월의 수습기간이 있어요 ‘장애인고용촉진 및 직업재활법’, ‘국가유공자 등 예우 및 지원에 관한 법률’에 따라 장애인 및 보훈대상자는 채용 전형 시 우대하고 있어요 이렇게 합류해요 1. 서류 전형 → 2. 화상 인터뷰 → 3. 직무 인터뷰 → 4. 컬처핏 인터뷰 및 레퍼런스 체크 → 5. 처우협의 → 6. 최종 합격 및 입사 👉 당근 합류 여정 가이드 바로가기 (🔗) 지원하기 자주묻는질문 목록으로 돌아가기",,하고 있어요 이렇게 합류해요 1. 서류 전형 → 2. 화상 인터뷰 → 3. 직무 인터뷰 → 4. 컬처핏 인터뷰 및 레퍼런스 체크 → 5. 처우협의 → 6. 최종 합격 및 입사 👉 당근 합류 여정 가이드 바로가기 (🔗) 지원하기 자주묻는질문 목록으로 돌아가기,,,,,정규직,,,,,active,2026-03-05 18:52:54.492448,2026-03-05 18:52:54.492430,True
158,122,Network Engineer,https://about.daangn.com/jobs/5004587003,"Network Engineer 당근 정규직 경력 영입정보 지원하기 네트워크팀을 소개해요 네트워크팀은 당근 고객에게 보다 안전하고 빠른 네트워크 서비스를 제공하는 것을 목표로 하고 있어요. 하이퍼로컬 비즈니스에 최적화된 네트워크 환경과 글로벌 서비스 네트워크를 설계하고 운영하며, 당근 사용자가 끊김 없이 연결될 수 있도록 인프라의 안정성과 확장성을 책임지고 있어요. 반복적인 운영 업무를 자동화하여 효율성을 높이고, 네트워크 전반의 트래픽 흐름과 상태를 실시간으로 가시화하여 장애를 빠르게 탐지하고 선제적으로 대응하고 있어요. 또한 트래픽 급증 상황에서도 서비스 품질을 유지하고, 네트워크 보안 위협으로부터 플랫폼을 보호하는 것이 저희의 핵심 역할이에요. 이런 일을 해요 당근의 Service/Office Network Architecture를 설계하고 운영해요.(Cloud, Wired, Wireless) Network Security Architecture를 설계하고 운영해요. Network Observability 플랫폼과 Automation 플랫폼을 개발하고 운영해요. 이런 분과 함께하고 싶어요 Network Engineering 실무 경험이 5년 이상이신 분 OSPF, BGP 등 라우팅 프로토콜에 대한 이해와 운영 경험이 있으신 분 AWS 또는 GCP 클라우드 네트워크 환경에 대한 이해와 운영 경험이 있으신 분(VPC, TGW, NAT Gateway, Cloud WAN, Direct Connect, Cloud Router, Interconnect) 유/무선 네트워크 장비 운영 경험이 있으신 분(Router, Switch, Wireless Controller, Access Point) NGFW과 IPSEC VPN, SSL VPN(ZTNA) 운영 경험이 있으신 분(AWS Network Firewall, Palo Alto, Fortinet) 네트워크 모니터링 시스템 구축 경험이 있으신 분 네트워크 패킷 분석을 통한 Troubleshooting이 가능하신 분 해외 출장의 결격 사유가 없으신 분 이런 분이면 더 좋아요! IT기업 또는 대규모 클라우드 서비스 환경에서의 네트워크 운영 경험이 있으신 분 Kubernetes 환경에 대한 이해가 깊으신 분 제로트러스트 프레임워크에 대한 이해가 깊으신 분 네트워크 패킷을 분석하여 패턴 및 시그니처 기반 보안 위협을 차단한 경험이 있으신 분 네트워크 모니터링 플랫폼 개발이나 자동화에 관심이 많으신 분(Go, Python 등) Terraform 또는 Ansible 같은 IaC에 능숙하신 분 참고해 주세요 정규직 채용의 경우 3개월의 수습기간이 있어요 장애인고용촉진 및 직업재활법’, ‘국가유공자 등 예우 및 지원에 관한 법률’에 따라 장애인 및 보훈대상자는 채용 전형 시 우대하고 있어요 화상 인터뷰 합격 시 과제를 안내드릴 예정이며, 직무 인터뷰에서 과제에 대한 설명을 듣고 질의응답하는 시간을 가지고 있어요 이렇게 합류해요 1. 서류 전형 → 2. 화상 인터뷰 → 3. 직무 인터뷰(과제) → 4. 컬처핏 인터뷰 및 레퍼런스 체크 → 5. 처우 협의 → 6. 최종 합격 👉 당근 합류 여정 가이드 바로가기 (🔗) 지원하기 자주묻는질문 목록으로 돌아가기",,"하고 있어요 화상 인터뷰 합격 시 과제를 안내드릴 예정이며, 직무 인터뷰에서 과제에 대한 설명을 듣고 질의응답하는 시간을 가지고 있어요 이렇게 합류해요 1. 서류 전형 → 2. 화상 인터뷰 → 3. 직무 인터뷰(과제) → 4. 컬처핏 인터뷰 및 레퍼런스 체크 → 5. 처우 협의 → 6. 최종 합격 👉 당근 합류 여정 가이드 바로가기 (🔗) 지원하기 자주묻는질문 목록으로 돌아가기",,,,,정규직,,,,,active,2026-03-05 18:52:54.854772,2026-03-05 18:52:54.854754,True
159,122,HRBP,https://about.daangn.com/jobs/6645636003,"HRBP 당근 정규직 경력 영입정보 지원하기 피플팀을 소개해요 피플팀은 당근의 성장과 구성원들의 몰입을 위해 지속 가능한 조직 운영 체계를 만들어가고 있어요. 탁월한 동료들과 함께, 일반적인 HR을 넘어 제품과 서비스의 성공에 기여하는 비즈니스 파트너를 지향해요. 빠르게 변화하는 환경 속에서도 깊이 고민하고 치열하게 몰입하며, 높은 기준으로 실질적인 성과를 만들어가는 것을 즐기는 분과 함께하고 싶어요. 조직과 사람 모두를 이해하고, 시스템 관점에서 성과를 만들어나가는 역할에 공감하신다면 정말 잘맞으실 거예요! 이런 일을 해요 담당 조직의 리더십과 한 팀이 되어 구성원들과 조직의 성장과 성공을 설계하는 역할을 해요 조직의 성장 단계에 맞춰 구조를 설계하고, 변화관리를 주도해요 채용부터 온보딩, 성과관리, 피드백 문화까지 구성원의 여정을 전반적으로 책임져요 채용 브랜딩 전략 수립 및 캠페인 기획, 후보자 경험 설계 및 개선, 인터뷰어 교육, 채용 프로세스 최적화 등 전사 관점에서 전략적 채용 과제를 정의하고 실행해요 이런 분을 찾고 있어요 3년 이상 HRBP, Recruiting Business Partner, Recruiting Manager, HR Manager 등 역할을 수행하며 조직의 성장에 적극적으로 기여한 경험이 있는 분 빠르게 변화하는 환경에서 전략적 관점을 갖고 문제를 정의하고, 강도 높게 몰입해 성과를 만들어본 경험이 있는 분 정형화되지 않은 문제나 불확실한 상황에서도 유연하게 대응하고, 적절한 판단을 내릴 수 있는 분 구성원과 리더 모두와 신뢰를 기반으로 커뮤니케이션을 조율하고, 실행한 경험이 있는 분 이런 분이면 더 좋아요! AI 도구를 활용해 반복적인 업무를 자동화하거나, 팀의 생산성을 향상시킨 경험이 있는 분 ATS 및 HR 시스템을 잘 활용해 운영 효율과 채용 경험을 개선한 경험이 있는 분 빠르게 변화하고 성장하는 조직의 속도와 리듬에 익숙하고, 그 환경을 즐기며 일해본 분 참고해 주세요 정규직 채용의 경우 3개월의 수습기간이 있어요 ‘장애인고용촉진 및 직업재활법’, ‘국가유공자 등 예우 및 지원에 관한 법률’에 따라 장애인 및 보훈대상자는 채용 전형 시 우대하고 있어요 이렇게 합류해요 서류 전형 → 2. 화상 인터뷰 → 3. 직무 인터뷰(사전과제 포함) → 4. 컬처핏 인터뷰 및 레퍼런스 체크 → 5. 처우협의 → 6. 최종 합격 및 입사 👉 당근 합류 여정 가이드 바로가기(🔗) 지원하기 자주묻는질문 목록으로 돌아가기",,하고 있어요 이렇게 합류해요 서류 전형 → 2. 화상 인터뷰 → 3. 직무 인터뷰(사전과제 포함) → 4. 컬처핏 인터뷰 및 레퍼런스 체크 → 5. 처우협의 → 6. 최종 합격 및 입사 👉 당근 합류 여정 가이드 바로가기(🔗) 지원하기 자주묻는질문 목록으로 돌아가기,,,,,정규직,,,,,active,2026-03-05 18:52:55.158092,2026-03-05 18:52:55.158075,True
160,122,Finance Officer (계약직),https://about.daangn.com/jobs/5877088003,"Finance Officer (계약직) 당근 계약직 신입 영입정보 지원하기 회계팀을 소개해요 회계팀은 당근마켓 및 국내외 자회사에 대한 회계/세무에 관련해 모든 사항을 관장해요. 그 어느 회사보다 빠르게 성장 중인 당근에서 주도적으로 업무를 수행해 주실 분을 찾고 있어요. 이런 일을 해요 당근마켓과 당근마켓의 자회사의 법인카드 신청 접수, 매입 전표 처리 등 전반적인 비용을 담당해요 비용담당자로서 회계 감사에 대응해요 부가가치세 신고 담당자로써 매 분기별 신고를 진행해요 효율적인 업무 프로세스를 구축하고 아이디어 제안을 해요 문서 관리 등 기타 경영지원 업무를 해요 이런 분과 함께하고 싶어요 회계, 경영 등 상경계열 관련학과로 회계/세무 기초 지식을 보유하고 있으신 분 MS오피스 등 업무사용 툴을 능숙하게 사용하시는 분 꼼꼼함, 성실함, 책임감을 요구하는 업무 성향을 가진분 커뮤니케이션 능력과 협업 능력이 뛰어나신 분 이런 분이면 더 좋아요! 회계 결산 흐름에 대한 이해도가 있으신 분 개인형 법인카드 정산시스템에 대한 이해도가 있으신 분 회계분야 업무를 경험해 보신 분 참고해 주세요 본 포지션은 최초 3개월 계약 후 평가를 통해 9개월 연장 여부를 결정하는 포지션이에요 ‘장애인고용촉진 및 직업재활법’, ‘국가유공자 등 예우 및 지원에 관한 법률’에 따라 장애인 및 보훈대상자는 채용 전형 시 우대하고 있어요 이렇게 합류해요 1. 서류 접수 → 2. 직무 인터뷰 → 3. 최종 합격 👉 당근 합류 여정 가이드 바로 가기 (🔗) 지원하기 자주묻는질문 목록으로 돌아가기",,하고 있어요 이렇게 합류해요 1. 서류 접수 → 2. 직무 인터뷰 → 3. 최종 합격 👉 당근 합류 여정 가이드 바로 가기 (🔗) 지원하기 자주묻는질문 목록으로 돌아가기,,,,,계약직,,,,,active,2026-03-05 18:52:55.570105,2026-03-05 18:52:55.570090,True
161,122,FP&A Manager(경영관리 담당자),https://about.daangn.com/jobs/6238656003,"FP&A Manager(경영관리 담당자) 당근 정규직 경력 영입정보 지원하기 경영관리팀을 소개해요 경영관리팀(FP&A)은 당근의 국내외 사업 성장을 숫자로 풀어내는 팀이에요. 전사 및 각 조직의 예산 수립부터 실적 분석, 중장기 추정, 경쟁사 리서치 등 숫자를 통해 비지니스의 방향성을 함께 만들어가는 역할을 해요. 빠르게 성장하는 당근에서, 사업과 데이터를 깊이 있게 이해하고 전사 의사 결정에 인사이트를 더할 동료를 기다리고 있어요. 이런 일을 해요 당근마켓 및 자회사의 경영계획을 수립하고 장·단기 손익을 추정해요 당근마켓 및 자회사의 월간 손익에 대한 Report를 작성하고, 월간 추세와 목표와의 차이를 정교하게 분석해요 전사의 예산 검토를 수행하며 예산, 결제 등과 관련한 사내 프로세스 및 시스템의 고도화를 추진해요 주요 지표의 흐름을 분석하여 매출과 연결된 의미 있는 시사점을 도출해요 국내외 동종업계 실적 현황 및 예상 실적 컨센서스를 모니터링 해요 이런 분을 찾고 있어요 5~7년의 경영관리 업무 수행 경력이 있으신 분 관리회계 및 경영계획 수립을 주도적으로 수행한 경험이 있으신 분 숫자와 데이터로 문제를 분석하고, 인사이트를 도출하는 데 충분한 스킬을 보유하신 분 능숙한 커뮤니케이션을 바탕으로 유관 부서의 업무 협업에 유연하신 분 IT 서비스 관련 업무 경험이 있거나 충분한 식견 또는 관심을 가지신 분 이런 분이면 더 좋아요! 회계 업무 수행의 경험이 있거나 관련하여 충분한 식견을 가지신 분 경영관리, 예산, 회계와 관련된 사내 시스템의 기획 및 고도화 경험이 있으신 분 참고해 주세요 정규직 채용의 경우 3개월의 수습기간이 있어요 ‘장애인고용촉진 및 직업재활법’, ‘국가유공자 등 예우 및 지원에 관한 법률’에 따라 장애인 및 보훈대상자는 채용 전형 시 우대하고 있어요 이렇게 합류해요 1. 서류 전형 → 2. 화상 인터뷰 → 3. 직무 인터뷰(과제) → 4. 컬처핏 인터뷰 및 레퍼런스 체크 → 5. 처우협의 → 6. 최종 합격 및 입사 👉 당근 합류 여정 가이드 바로가기(🔗) 지원하기 자주묻는질문 목록으로 돌아가기",,하고 있어요 이렇게 합류해요 1. 서류 전형 → 2. 화상 인터뷰 → 3. 직무 인터뷰(과제) → 4. 컬처핏 인터뷰 및 레퍼런스 체크 → 5. 처우협의 → 6. 최종 합격 및 입사 👉 당근 합류 여정 가이드 바로가기(🔗) 지원하기 자주묻는질문 목록으로 돌아가기,,,,,정규직,,,,,active,2026-03-05 18:52:57.892287,2026-03-05 18:52:57.892260,True
162,122,Data Analytics Engineer - Local Business,https://about.daangn.com/jobs/7525096003,"Data Analytics Engineer - Local Business 당근 정규직 경력 영입정보 지원하기 Local Business 데이터팀을 소개해요 Local Business 데이터팀은 동네 이웃과 업체의 연결이 더 활발해지도록 데이터로 길을 찾는 일을 해요. 사용자와 사장님 양쪽의 행동과 니즈를 깊이 이해하고, 이를 바탕으로 서비스가 나아갈 방향을 함께 고민해요. 숫자 뒤에 숨은 맥락을 읽고, 로컬 상권 생태계의 지속 가능한 성장을 만들어가는 전략을 지원하는 역할을 하고 있어요. 이런 일을 해요 로그 및 이벤트 데이터의 정의, 설계, QA, 모니터링 전 과정 을 관리해요 로그 단의 데이터를 구성원들이 신뢰하고 활용도 높게 사용할 수 있는 마트 데이터로 만들어요 데이터 모델링과 품질 관리를 통해 신뢰도 높은 데이터 환경을 구축하고, 운영 중 관측성(Observability)과 자동화된 품질 체크를 통해 문제를 조기에 발견하고 해결해요 데이터 거버넌스 체계 운영과 문서화를 통해 조직 전체의 데이터 신뢰성을 높여요 BI 툴과 데이터 카탈로그를 활용해 구성원들이 데이터를 쉽게 탐색하고 이해할 수 있는 환경을 만들어요. 이런 분과 함께하고 싶어요 데이터 신뢰성, 품질, 거버넌스를 고민하고 지속 관리한 경험이 있으신 분 조직의 비즈니스 현황과 목표에 대한 이해를 바탕으로 구성원 활용도가 높은 마트 테이블을 서빙하실 수 있는 분 데이터 모델링/ETL/데이터 웨어하우스 구축 경험이 있으신 분 단일 모델 수준이 아닌, 데이터 파이프라인 전반의 데이터 품질 관리, 정합성 검증 경험이 있으신 분 SQL, Python을 활용해 데이터를 분석하고 처리할 수 있으신 분 다양한 직군(분석가, PM, 엔지니어)과 협업 및 커뮤니케이션으로 효율적인 데이터 구조를 설계해본 분 이런 분이면 더 좋아요! 이벤트 트래킹 설계부터 QA까지 엔드투엔드 로그 관리 경험 이 있으신 분 AI를 활용해 구성원들의 데이터 활용도를 개선한 경험이 있으신 분 대규모 데이터를 Airflow나 DBT와 같은 도구를 효율적으로 분석에 활용할 수 있는 분 A/B 테스트에 대한 통계적 이해를 가지신 분 AWS, GCP 등 클라우드 환경에서 데이터 파이프라인 및 인프라를 운영해본 경험이 있는 분 데이터 거버넌스 및 메타데이터 관리 시스템(DataHub 등) 운영 경험이 있는 분 Superset, Tableau 등 BI 툴을 활용해 비즈니스 현황을 리포트하신 경험이 있는 분 참고해 주세요 정규직 채용의 경우 3개월의 수습기간이 있어요 ‘장애인고용촉진 및 직업재활법’, ‘국가유공자 등 예우 및 지원에 관한 법률’에 따라 장애인 및 보훈대상자는 채용 전형 시 우대하고 있어요 본 포지션은 화상 인터뷰에서 라이브 쿼리 테스트가 예정되어 있어요 이렇게 합류해요 1. 서류 전형 → 2. 화상 인터뷰(쿼리 테스트) → 3. 직무 인터뷰 → 4. 컬처핏 인터뷰 및 레퍼런스 체크 → 5. 처우협의 → 6. 최종 합격 및 입사 👉 당근 합류 여정 가이드 바로가기 (🔗) 지원하기 자주묻는질문 목록으로 돌아가기",,하고 있어요 본 포지션은 화상 인터뷰에서 라이브 쿼리 테스트가 예정되어 있어요 이렇게 합류해요 1. 서류 전형 → 2. 화상 인터뷰(쿼리 테스트) → 3. 직무 인터뷰 → 4. 컬처핏 인터뷰 및 레퍼런스 체크 → 5. 처우협의 → 6. 최종 합격 및 입사 👉 당근 합류 여정 가이드 바로가기 (🔗) 지원하기 자주묻는질문 목록으로 돌아가기,,,,,정규직,,,,,active,2026-03-05 18:52:58.009887,2026-03-05 18:52:58.009869,True
163,122,Data Analytics Engineer,https://about.daangn.com/jobs/7507320003,"Data Analytics Engineer 당근 정규직 경력 영입정보 지원하기 데이터 가치화 팀을 소개해요 당근 팀은 동네 안에서 연결되지 못한 가치있는 정보를 발견하고, 지역 생활 속의 불편함을 해결하기 위해 모였어요. 이러한 사용자 가치를 만들어내기 위해서는 사용자들에 대한 믿을 수 있는 정보를 손쉽게 접근해서 의사결정에 반영할 수 있어야 해요. 당근은 의사결정에 수많은 데이터를 이미 활용하고 있지만, 당근의 데이터의 가치를 극대화하기 위해서는 많은 변화가 필요해요. 데이터 가치화 팀의 비전은 ""매일 데이터를 통해 사용자를 위한 의사결정을 한다""예요. 이 비전을 실현하기 위해 데이터 가치화의 문제를 주도적으로 고민하고, 이를 해결하는 데 앞장서요. Data Analytics Engineer를 소개해요 Data Analytics Engineer는 데이터가 신뢰할 수 있고 일관되게 활용되며, 실제 비즈니스와 사용자에게 가치를 제공할 수 있도록 데이터 모델링, 엔지니어링, 분석을 넘나들며 일해요. 당근의 다양한 서비스와 규모 있는 데이터 환경 속에서 분석가, 엔지니어, 제품팀이 데이터를 안정적으로 활용할 수 있도록 데이터의 수집부터 활용까지 전반적인 흐름을 주도적으로 설계하고 개선해요. 또한 데이터가 단순히 쌓이는 것을 넘어, 데이터로부터 빠르고 정확하게 인사이트를 얻고 좋은 의사결정을 할 수 있도록 데이터 마트를 설계하고 품질을 관리하며, 데이터 거버넌스 체계를 운영하고 필요에 따라 기본적인 분석이나 실험을 수행해 데이터 기반 의사결정을 지원해요. 🥕 당근과 함께 성장해온 데이터 가치화 팀의 여정 알아보기 (구글 데이터 웨비나) 🥕 당근 지표 플랫폼 KarrotMetrics 알아보기 🥕 당근이 DBT와 Airflow를 도입하며 마주한 7가지 문제들 🥕 당근의 데이터 엔지니어가 알려주는 DBT로 쉽게 모델링하는 방법 (2024 데이터야 놀자 컨퍼런스) 🥕 당근 데이터 지도를 그리다: 컬럼 레벨 리니지 구축기 🥕 매번 다 퍼올 필요 없잖아? 당근의 MongoDB CDC 구축기 🥕 당근은 왜 User Activation을 전사 공통 데이터 레이어로 만들었을까? 이런 일을 해요 전사 주요 데이터 마트(Fact/Dimension/Feature/Segment 등) 설계 및 운영을 주도해요 전사 주요 지표를 정의하고 정리하며, 체계화된 구조를 만들어요 전사 주요 지표 및 실험 지표의 정의와 산출 로직을 데이터 파이프라인 전반에서 검증하고 디버깅해요 데이터 모델링과 품질 관리를 통해 신뢰도 높은 데이터 환경을 구축하고, 운영 중 관측성(Observability)과 자동화된 품질 체크를 통해 문제를 조기에 발견하고 해결해요 데이터 거버넌스 체계 운영과 문서화를 통해 조직 전체의 데이터 신뢰성을 높여요 BI 툴과 데이터 카탈로그를 활용해 구성원들이 데이터를 쉽게 탐색하고 이해할 수 있는 환경을 만들어요. 이런 분과 함께하고 싶어요 데이터 모델링/ETL/데이터 마트 구축 경험이 있으신 분 단일 모델 수준이 아닌, 데이터 파이프라인 전반의 데이터 품질 관리, 정합성 검증 경험이 있으신 분 SQL, Python을 활용해 데이터를 분석하고 처리할 수 있으신 분 다양한 직군(분석가, PM, 엔지니어)과 협업 및 커뮤니케이션으로 효율적인 데이터 구조를 설계해보신 분 이런 분이면 더 좋아요! 전사 주요 지표를 정의 및 관리 해보신 분 대규모 데이터를 Airflow나 DBT와 같은 도구를 효율적으로 분석에 활용하실 수 있는 분 A/B 테스트에 대한 통계적 이해를 가지신 분 AWS, GCP 등 클라우드 환경에서 데이터 파이프라인 및 인프라를 운영해본 경험이 있으신 분 데이터 거버넌스 및 메타데이터 관리 시스템(DataHub 등) 운영 경험이 있으신 분 참고해 주세요 정규직 채용의 경우 3개월의 수습기간이 있어요 ‘장애인고용촉진 및 직업재활법’, ‘국가유공자 등 예우 및 지원에 관한 법률’에 따라 장애인 및 보훈대상자는 채용 전형 시 우대하고 있어요 본 포지션은 화상 인터뷰에서 라이브 코딩 테스트가 예정되어 있어요 이렇게 합류해요 1. 서류 전형 → 2. 화상 인터뷰(라이브 코딩 테스트) → 3. 직무 인터뷰 → 4. 컬처핏 인터뷰 및 레퍼런스 체크 → 5. 처우협의 → 6. 최종 합격 및 입사 👉 당근 합류 여정 가이드 바로가기 (🔗) 지원하기 자주묻는질문 목록으로 돌아가기",,하고 있어요 본 포지션은 화상 인터뷰에서 라이브 코딩 테스트가 예정되어 있어요 이렇게 합류해요 1. 서류 전형 → 2. 화상 인터뷰(라이브 코딩 테스트) → 3. 직무 인터뷰 → 4. 컬처핏 인터뷰 및 레퍼런스 체크 → 5. 처우협의 → 6. 최종 합격 및 입사 👉 당근 합류 여정 가이드 바로가기 (🔗) 지원하기 자주묻는질문 목록으로 돌아가기,,,,,정규직,,,,,active,2026-03-05 18:52:58.385513,2026-03-05 18:52:58.385496,True
164,122,Data Analyst,https://about.daangn.com/jobs/6775986003,"Data Analyst 당근 정규직 경력 영입정보 지원하기 Data Analyst를 소개해요 당근의 비전은 ""동네 이웃 간의 연결을 도와 따뜻하고 활발한 교류가 있는 지역 사회""를 만드는 것이에요. 이 비전을 이루기 위해 크고 작은 의사결정으로 제품을 만들고 발전시키고 있어요. Data Analyst는 데이터를 통해 이 의사결정의 질을 지속해서 높여나가야 해요. 당근의 Data Analyst는 제품에서 발생하는 수많은 데이터를 통해 사용자가 원하는 것이 무엇인지, 제품이 어떤 방향으로 발전해야 하는지에 대한 인사이트를 발굴해요. 목적 조직과 긴밀하게 소통하면서 팀이 풀어야 할 문제를 데이터 분석 과제로 정의하고, 여기서 얻은 인사이트를 구성원 모두가 이해할 수 있도록 전달해요. 이를 통해 의사결정을 올바른 방향으로 이끌어감으로써 당근의 성장에 기여하고 있어요. 이런 일을 해요 Data Analyst는 Data Analyst Chapter에 소속됨과 동시에 특정 사업 조직이나 전사 조직에 소속되어 있어요 제품 성장과 사용자 경험 개선에 필요한 데이터 분석 과제를 정의해요. 제품, 유저 행동, 마케팅, 매출 등 다양한 차원의 데이터를 분석하고 이를 바탕으로 인사이트와 전략을 제시해요. 전사 목표와 팀의 목표가 지표로 체계화, 구조화될 수 있도록 해요. 이에 대해 구성원 누구나 접근 가능한 환경을 만들어요. 목표 달성을 위한 지표와 가설을 설정하고, A/B 테스트 설계와 해석을 통해 action item을 제안해요. 분석을 통해 얻은 인사이트를 구성원들이 쉽게 이해할 수 있도록 구조화해서 전달해요. 팀의 data-driven 의사결정 문화를 리드해요. 이런 분과 함께하고 싶어요 웹/앱 데이터 분석 경험이 있으며, 이를 통해 제품을 개선해본 경험이 있는 분 복잡한 문제를 해결 가능한 형태로 정의하고, 문제 해결을 위한 다양한 가설을 입체적으로 생각할 수 있는 분 모바일 서비스 데이터 분석 방법 (AARRR 등)에 대한 이해도가 있는 분 A/B 테스트를 설계하고 실행해 제품 개선을 이끈 경험이나 관련 지식이 있는 분 SQL (Bigquery), Python 등을 이용해 데이터 조회 및 가공을 능숙하게 하실 수 있는 분 분석에 기반한 의사결정 내용을 구성원들에게 효과적으로 전달하고 소통할 수 있는 분 이런 분이면 더 좋아요! 데이터를 활용해 전략을 제시하고 비즈니스 임팩트를 내본 경험이 있는 분 분석을 위한 데이터 모델링 전 과정을 직접 수행한 경험이 있는 분 마케팅 데이터 분석과 마케팅 자동화에 대한 관심이 있고 Appsflyer, Adjust 등 MMP (Mobile Measurement Partner)데이터를 다뤄본 경험이 있는 분 당근의 비전과 가치를 이해하고 사용자 경험과 비즈니스 모두를 고려한 의사결정을 경험해본 분 참고해 주세요 정규직 채용의 경우 3개월의 수습기간이 있어요 ‘장애인고용촉진 및 직업재활법’, ‘국가유공자 등 예우 및 지원에 관한 법률’에 따라 장애인 및 보훈대상자는 채용 전형 시 우대하고 있어요 본 포지션은 화상 인터뷰에서 쿼리 테스트를 진행할 예정이에요 사용 언어는 MySQL로 진행되어요 모든 채용 프로세스가 종료된 이후, 지원자의 강점과 회사 상황에 따라 소속 조직이 정해질 예정이에요. 소속 조직은 최종 합격 후에 안내드려요. 이렇게 합류해요 1. 서류 전형 → 2. 화상 인터뷰(라이브 쿼리 테스트) → 3. 직무 인터뷰 → 4. 컬쳐핏 인터뷰 및 레퍼런스 체크 → 5. 처우협의 → 6. 최종 합격 및 입사 👉 당근 합류 여정 가이드 바로가기 (🔗) 지원하기 자주묻는질문 목록으로 돌아가기",,"하고 있어요 본 포지션은 화상 인터뷰에서 쿼리 테스트를 진행할 예정이에요 사용 언어는 MySQL로 진행되어요 모든 채용 프로세스가 종료된 이후, 지원자의 강점과 회사 상황에 따라 소속 조직이 정해질 예정이에요. 소속 조직은 최종 합격 후에 안내드려요. 이렇게 합류해요 1. 서류 전형 → 2. 화상 인터뷰(라이브 쿼리 테스트) → 3. 직무 인터뷰 → 4. 컬쳐핏 인터뷰 및 레퍼런스 체크 → 5. 처우협의 → 6. 최종 합격 및 입사 👉 당근 합류 여정 가이드 바로가기 (🔗) 지원하기 자주묻는질문 목록으로 돌아가기",,,,,정규직,,,,,active,2026-03-05 18:52:59.027777,2026-03-05 18:52:59.027760,True
165,122,DBA (Database Administrator),https://about.daangn.com/jobs/4351200003,"DBA (Database Administrator) 당근 정규직 경력 영입정보 지원하기 DB팀을 소개해요 당근 DB팀은 4개 DBMS (MySQL, PostgreSQL, MongoDB, DynamoDB)를 지원하고 있어요. 많은 회사들에서 DBMS 종류나 서비스에 따라서 업무가 구분되고 있지만, 당근 DB팀에서는 DBMS 종류별로 팀이 구분되어 있지 않고, 누구든지 원하는 DB팀의 업무를 자유롭게 선택해요. 그리고 언제든지 자유롭게 다른 팀원이 본인 업무에 참여할 수 있고, 반대로 다른 팀원의 업무에 참여해서 공동 업무를 수행하기도 해요. 이런 일을 해요 DBMS의 용량 산정 및 DBMS 서버 준비, 모델링 및 쿼리 튜닝을 해요 DBMS의 데이터 손실을 방지하기 위한 백업 및 복구 활동을 해요 DBMS의 최적 운용을 위한 서버 이슈 모니터링 및 트러블 슈팅을 해요 비지니스 요건 충족을 위한 새로운 DBMS 및 관련 신기술 도입을 위한 학습 및 연구해요 DBMS 서버 운영 자동화 및 모니터링을 위한 소프트웨어를 개발해요 이런 분과 함께하고 싶어요 RDBMS 운영 경력 3년 이상 (MySQL, MongoDB, PostgreSQL DB 3년 이상) 경력이 있으신 분 Transactional RDBMS의 작동 원리 (Redo & Undo 로그 및 트랜잭션 처리)를 이해하고 있으신 분 DBMS의 B-Tree & R-Tree & Vector 인덱스와 실행 계획을 이해하고 있으신 분 맡은 업무에 대한 책임감이 있고 신기술 도전에 긍정적이신 분 DBMS 기술 분석 및 토론을 좋아하시는 분 이런 분이면 더 좋아요! AWS 환경의 Aurora RDS 운영 경험이 있으신 분 DBMS 관리 도구 개발 경험이 있으신 분 (Python, Java, Go 등) Docker & Kubernetes 경험이 있으신 분 참고해 주세요 정규직 채용의 경우 3개월의 수습 기간이 있어요 ‘장애인고용촉진 및 직업재활법’, ‘국가유공자 등 예우 및 지원에 관한 법률’에 따라 장애인 및 보훈대상자는 채용 전형 시 우대하고 있어요 이렇게 합류해요 1. 서류 전형 → 2. 직무 인터뷰(퀴즈) → 3. 컬처핏 인터뷰 및 레퍼런스 체크 → 4. 처우협의 → 5. 최종 합격 👉 당근 합류 여정 가이드 바로가기 (🔗) 지원하기 자주묻는질문 목록으로 돌아가기",,하고 있어요 이렇게 합류해요 1. 서류 전형 → 2. 직무 인터뷰(퀴즈) → 3. 컬처핏 인터뷰 및 레퍼런스 체크 → 4. 처우협의 → 5. 최종 합격 👉 당근 합류 여정 가이드 바로가기 (🔗) 지원하기 자주묻는질문 목록으로 돌아가기,,,,,정규직,,,,,active,2026-03-05 18:53:00.843893,2026-03-05 18:53:00.843875,True
166,122,Character Designer (Illustrator) - 브랜딩,https://about.daangn.com/jobs/5090389003,"Character Designer (Illustrator) - 브랜딩 당근 정규직 경력 영입정보 지원하기 브랜딩팀을 소개해요 “Branding Humanizes Technology” 기술을 인간화하는 브랜딩, 이는 우리 팀이 당근에 존재하는 이유이자 미션이에요. 당근의 브랜딩팀은 기술의 복잡함을 사람의 언어로 바꾸고, 고객이 공감할 수 있는 브랜드 경험으로 설계해요. 우리는 브랜딩을 단지 ‘좋은 이미지와 퀄리티’로 바라보지 않아요. 당근에서 브랜딩은 내부 조직의 공감을 얻은 브랜드의 철학이 제품을 거쳐 외부 고객의 마음에 닿게 되는 하나의 여정이며, 브랜드 정체성에 기반한 크리에이티브 디렉션을 통해 비즈니스 전략과 고객 경험 사이에 다리를 놓는 일이에요. 그중 브랜딩팀 캐릭터 콘텐츠 파트는 캐릭터 특유의 귀여움으로 기술을 가장 인간답게 만드는 데 앞장서고 있어요. 이웃의 얼굴을 닮은 친근한 캐릭터들을 통해 사람들 사이의 작은 온기, 동네에 숨어 있던 일상의 가치를 전달하며, 사용자의 일상에 소소한 즐거움과 위안을 주고 싶어요. 캐릭터 디자이너는 브랜드의 페르소나와 스토리가 투영된 IP를 개발하고, 일러스트로 캐릭터에 생명력을 불어넣는 일을 하고 있어요. 캐릭터의 애착 포인트를 감도 높은 그림으로 표현해 대중의 마음을 사로잡죠. 우리는 아직 출발선에 서 있지만, 캐릭터를 통해 할 수 있는 일은 무궁무진해요. 당근이를 비롯해 단추, 앙리 등 당근의 캐릭터를 향한 관심과 사랑이 당근 브랜드에 대한 관심과 사랑으로 이어질 수 있도록 하는 다양한 도전에 열려 있어요. 이런 일을 해요 캐릭터 애착을 높일 수 있는 공감도 높은 콘텐츠를 기획하고 제작해요 캐릭터 디자인 및 일러스트 스타일을 고도화하고 가이드를 통해 지속적으로 관리해요 IP 활용 브랜드 마케팅 목적의 캐릭터 에셋, 툰, 일러스트를 제작해요 앱 서비스 내에 필요한 캐릭터 디자인에 참여하고 가이드를 제공해요 캐릭터의 성격과 이야기를 생생히 전달하기 위한 애니메이션 콘티를 그릴 수 있어요 캐릭터의 특성을 강조한 상품 기획에 참여하고 이에 필요한 캐릭터 원화와 디자인 가이드를 제작해요 이런 분과 함께하고 싶어요 기업 내 IP디자인 부서에서 5년 이상의 관련 직무 경험을 쌓으신 분 전사 브랜딩과 비즈니스 목적 안에서 문제를 스스로 정의하고 창의적인 해결책을 제시하는 분 캐릭터 일러스트, 콘텐츠, 디자인 프로젝트를 주도하고 성과를 낸 경험이 있는 분 컨셉에 맞는 다양한 일러스트 스타일을 높은 퀄리티로 구사 또는 모사할 수 있는 분 캐릭터마다의 사랑스러운 행동 포인트를 감각적으로 캐치하고 표현해낼 수 있는 분 드로잉 기반의 자유로운 일러스트와 벡터 기반의 정형화된 일러스트 작업에 모두 능숙한 분 세계관과 주제에 맞는 신규 캐릭터를 창의적으로 제안하고 구체화할 수 있는 분 이런 분이면 더 좋아요! 개인 창작 IP를 개발하고 성공적으로 운영해본 경험이 있는 분 2D 드로잉 기반의 셀 애니메이션 스킬이 탁월하신 분 캐릭터에 대한 입체 조형감이 뛰어나고 디테일에 민감한 분 밀도 높은 일러스트레이션을 높은 완성도로 제작할 수 있는 분 그림에서 자신만의 스타일 보다는 브랜드 스타일 드러내지 않을 수 있는 분 참고해 주세요 정규직 채용의 경우 3개월의 수습기간이 있어요 장애인고용촉진 및 직업재활법’, ‘국가유공자 등 예우 및 지원에 관한 법률’에 따라 장애인 및 보훈대상자는 채용 전형 시 우대하고 있어요 포트폴리오(필수)는 PDF로 제출해주시고, 협업 프로젝트는 기여도와 역할을 반드시 표시해주세요 화상 인터뷰 합격 시 과제를 안내드릴 예정이며, 직무 인터뷰에서 과제와 포트폴리오에 대한 설명을 듣고 질의응답하는 시간을 가지고 있어요 이렇게 합류해요 1. 서류 전형 → 2. 화상 인터뷰 → 3. 직무 인터뷰(과제) → 4. 컬처핏 인터뷰 및 레퍼런스 체크 → 5. 처우협의 → 6. 최종 합격 및 입사 👉 당근 합류 여정 가이드 바로가기 (🔗) 지원하기 자주묻는질문 목록으로 돌아가기",,"하고 있어요 포트폴리오(필수)는 PDF로 제출해주시고, 협업 프로젝트는 기여도와 역할을 반드시 표시해주세요 화상 인터뷰 합격 시 과제를 안내드릴 예정이며, 직무 인터뷰에서 과제와 포트폴리오에 대한 설명을 듣고 질의응답하는 시간을 가지고 있어요 이렇게 합류해요 1. 서류 전형 → 2. 화상 인터뷰 → 3. 직무 인터뷰(과제) → 4. 컬처핏 인터뷰 및 레퍼런스 체크 → 5. 처우협의 → 6. 최종 합격 및 입사 👉 당근 합류 여정 가이드 바로가기 (🔗) 지원하기 자주묻는질문 목록으로 돌아가기",,,,,정규직,,,,,active,2026-03-05 18:53:01.107367,2026-03-05 18:53:01.107349,True
167,122,CRM Marketer,https://about.daangn.com/jobs/5899154003,"CRM Marketer 당근 정규직 경력 영입정보 지원하기 마케팅팀을 소개해요 당근은 활발한 교류가 있는 지역 생활 커뮤니티를 지향해요. 중고거래, 알바, 부동산, 비즈니스 등 여러 서비스들이 작은 스타트업처럼 움직이며 이 가치를 실현해나가고 있어요. 당근의 여러 서비스들과 함께 잘 성장하는 것이 가장 중요한 마케팅팀의 역할이에요. 마케팅팀은 현재 총 13명으로 퍼포먼스, 브랜드, CRM 등을 중심으로 여러 분야의 마케터들이 “어떻게 하면 사용자들이 당근을 더 좋아하게 만들 수 있을까?” 라는 고민을 하며 일하고 있어요. 지금도 마케팅팀은 사용자에게 공감을 얻기 위한 새로운 시도와 도전을 끊임없이 하며 당근의 가치를 전달하기 위해 노력하고 있어요. 마케팅팀은 당근의 서비스 규모 대비 작은 팀이에요. 그렇기 때문에 몰입의 에너지를 중요하게 여겨요. 팀원 한 명 한 명은 자율성과 책임감을 가지고 서비스 성장을 위한 다양한 마케팅을 수행하고 있어요. 이런 일을 해요 당근의 다양한 서비스와 유저의 생애주기에 따른 주요 지표를 관리하고, 단계별 핵심 전략을 수립해 실행해요 퍼널 분석 및 데이터 기반 가설 수립, A/B 테스트 설계를 통해 유저 여정을 지속적으로 최적화하고 성과를 개선해요 푸시, 카카오톡, LMS 및 내부 광고 인벤토리와 인앱메시지 등 CRM 커뮤니케이션 채널 전략을 세우고 운영해요 인앱 캠페인 및 퍼포먼스 캠페인과의 연계를 통해 통합적인 마케팅의 비용 효율화와 성과 고도화 등 시너지를 만들어요 이런 분과 함께하고 싶어요 앱 서비스의 CRM 마케팅 경력이 5년 이상인 분 풀퍼널에 걸친 CRM 전략 실행을 통해 핵심 비즈니스 지표를 직접 개선한 경험이 있는 분 가설 수립-실행-검증의 실험 사이클을 주도적으로 운영하고 성과를 만드는 데에 익숙한 분 필요한 데이터를 자유롭게 추출하고 가공할 수 있는 SQL 활용 능력을 가진 분 이벤트 택소노미를 직접 설계하거나 개선에 참여하고, 이를 기반으로 CRM 및 분석 툴에 필요한 데이터 요건을 정의해 본 분 이런 분이면 더 좋아요! 이커머스/모바일 플랫폼 기업에서 CRM 마케팅 경험이 있는 분 Braze, OneSignal, Salesforce 등의 CRM 마케팅 솔루션을 직접 사용해 본 분 유저 행동 데이터 분석 및 지표 시각화에 능숙한 분 개발자, 데이터 분석가, 디자이너 등 다양한 직군과 원활하게 협업하며 성과를 만들어 본 분 정해진 업무 외에도 주도적으로 문제를 발견하고 개선 방안을 제안하는 분 참고해 주세요 정규직 채용의 경우 3개월의 수습기간이 있어요 ‘장애인고용촉진 및 직업재활법’, ‘국가유공자 등 예우 및 지원에 관한 법률’에 따라 장애인 및 보훈대상자는 채용 전형 시 우대하고 있어요 포트폴리오(필수)는 PDF로 제출해 주시고 프로젝트별 기여도를 표시해 주세요 본 포지션은 화상 인터뷰에서 SQL 퀴즈를 드리고 있어요 이렇게 합류해요 1. 서류 접수 → 2. 화상 인터뷰(SQL 퀴즈) → 3. 직무 인터뷰(사전과제 포함) → 4. 컬처핏 인터뷰 및 레퍼런스 체크 → 5. 처우협의 → 6. 최종 합격 및 입사 👉 당근 합류 여정 가이드 바로가기 (🔗) 지원하기 자주묻는질문 목록으로 돌아가기",,하고 있어요 포트폴리오(필수)는 PDF로 제출해 주시고 프로젝트별 기여도를 표시해 주세요 본 포지션은 화상 인터뷰에서 SQL 퀴즈를 드리고 있어요 이렇게 합류해요 1. 서류 접수 → 2. 화상 인터뷰(SQL 퀴즈) → 3. 직무 인터뷰(사전과제 포함) → 4. 컬처핏 인터뷰 및 레퍼런스 체크 → 5. 처우협의 → 6. 최종 합격 및 입사 👉 당근 합류 여정 가이드 바로가기 (🔗) 지원하기 자주묻는질문 목록으로 돌아가기,,,,,정규직,,,,,active,2026-03-05 18:53:01.350809,2026-03-05 18:53:01.350791,True
168,122,Business Development Manager - 당근페이,https://about.daangn.com/jobs/6552391003,"Business Development Manager - 당근페이 당근페이 정규직 경력 영입정보 지원하기 당근페이를 소개해요 당근페이는 중고거래를 넘어, 이웃 간의 다양한 거래를 더 안전하고 편리하게 만드는 결제·금융 서비스예요. 당근 안에서 자연스럽게 사용되는 결제 경험을 만들고, 이를 바탕으로 금융 영역까지 확장하고 있어요. 이런 일을 해요 당근페이 BD는 외부 파트너와의 사업 제휴를 통해 서비스의 규모를 키우고, 새로운 금융 기반 사업 기회를 만들어가는 역할을 담당해요. 금융·카드사 등 외부 파트너십을 발굴하고 새로운 비즈니스 모델을 설계해요 기존 제휴 구조 개선 및 프로모션 기획을 통해 서비스를 스케일업해요 제품·개발·법무 등 유관 부서와 협업하며 데이터 기반의 개선 방향을 도출해요 이런 매력을 가지고 있는 역할이에요. 단순 제휴를 넘어, 제휴를 사업으로 성장시키는 경험을 할 수 있어요 빠르게 성장하는 당근페이에서 금융 영역 확장의 중심 역할을 맡을 수 있어요 서비스, 기술, 사업을 잇는 연결점에서 일할 수 있어요 이런 분을 찾고 있어요 사업개발 또는 제휴 분야에서 7년 이상 의 경력을 보유하신 분 금융, 결제, 핀테크, 플랫폼 중 하나 이상의 환경을 깊이 경험하신 분 사업 구조를 명확히 이해하고, 제휴를 통해 실제 매출이나 서비스 성장을 이끌어본 분 이런 경험이 있으면 더 좋아요 카드사, 핀테크, PG사 등과 직접적인 제휴 및 런칭 경험이 있으신 분 객관적인 지표를 바탕으로 사업 성과를 관리하고 확장해 본 경험이 있으신 분 새로운 기술과 도메인에 대한 습득이 빠르며 도전을 즐기시는 분 참고해 주세요 정규직 채용의 경우 3개월의 수습기간이 있어요 ‘장애인고용촉진 및 직업재활법’, ‘국가유공자 등 예우 및 지원에 관한 법률’에 따라 장애인 및 보훈대상자는 채용 전형 시 우대하고 있어요 이렇게 합류해요 1. 서류 전형 → 2. 화상 인터뷰 → 3. 직무 인터뷰 → 4. 컬처핏 인터뷰 및 레퍼런스 체크 → 5. 처우협의 → 6. 최종 합격 👉 당근 합류 여정 가이드 바로가기(🔗) 지원하기 자주묻는질문 목록으로 돌아가기",,하고 있어요 이렇게 합류해요 1. 서류 전형 → 2. 화상 인터뷰 → 3. 직무 인터뷰 → 4. 컬처핏 인터뷰 및 레퍼런스 체크 → 5. 처우협의 → 6. 최종 합격 👉 당근 합류 여정 가이드 바로가기(🔗) 지원하기 자주묻는질문 목록으로 돌아가기,,,,,정규직,,,,,active,2026-03-05 18:53:01.408957,2026-03-05 18:53:01.408947,True
169,122,Business Developer Intern - Local Business(사업개발),https://about.daangn.com/jobs/7508884003,"Business Developer Intern - Local Business(사업개발) 당근 인턴 신입 영입정보 지원하기 로컬 비즈니스실을 소개해요 로컬비즈니스실은 동네업체와 유저의 적극적인 연결을 목적으로 하는 조직이에요. 현재 비즈프로필 서비스를 기반으로 수거 세탁, 용달, 뷰티/미용 등의 주문/예약/견적 서비스와 F&B 포장주문 서비스를 발전시키고 있어요. 동네 상권에서 고객이 필요로 하는 서비스를 당근에서 쉽게 찾고 이용할 수 있게 만드는 것으로 목표로, 업종별로 다양한 서비스를 제공할 수 있는 사장님을 모으고, 고객과 연결해주는 제품을 만들고 있어요. 로컬 비즈니스에 관심이 있는 분과 함께 고객의 문제를 해결해 나가고 싶어요. 사업개발팀이 하는 일을 소개해요 동네 사장님과 유저를 새로운 방식으로 연결하는 B2C 로컬 생태계의 제로투원을 직접 만들어가요. 로컬 비즈니스 사업개발팀은 MAU 2,000만+의 압도적인 트래픽을 가진 ‘당근’이라는 플랫폼을 기반으로, 고객 개발부터 실제 판매 운영까지 가장 선두에서 초기 성장의 모멘텀을 만들어가요. 궁극적으로는 사장님이 당근에서 효과적으로 홍보하고 방문 전환을 만들어낼 수 있도록 사장님 도구의 성장을 돕는 미션을 수행해요. 동네상권 양면 시장(공급자/수요자)의 초기 고객발굴 전략 수립 및 실행 현장 중심의 고객 개발(Customer Development) 활동 공급자·수요자 양측의 그로스 실험 및 세일즈 주도 제휴 및 파트너십을 통한 공급 기반 확장 제품 팀과 협업하여 고객 여정 및 페인포인트 기반 기능 개선 제안 이런 일을 해요 1. 상담예약 중심 그로스 실행 및 오퍼레이션 전반 지원 공급자 (사장님) 어카운트 관리 및 지원 상담예약 그로스 전반 : 광고 세팅 및 소재 제작, 성과 분석 비용 정산 및 운영 관리 2. 시즌성 견적/예약 그로스 실행 시즌별 그로스 카테고리 시장 리서치 및 공급자 소싱 지원 광고 세팅 및 소재 제작 전환 퍼널별 상세 데이터 분석 주문수 등 목표 추적 관리 이런 분과 함께하고 싶어요 꼼꼼하고 책임감 있게 주도적으로 완수할 수 있으신 분 업무의 크기와 상관없이 높은 기준으로 고민하고, 지속적으로 개선하는 실행력을 갖추신 분 데이터 및 자료를 체계적으로 정리·분석하여 리포트 형태로 전달할 수 있는 분 빠른 습득 능력을 갖추신 분 Excel, Figma 프로그램 활용 가능자 이런 경험을 할 수 있어요 단순 보조가 아닌, 실제 서비스 성장에 직접 연결되는 그로스 실험 운영 경험 시즌성 캠페인과 공동구매를 처음부터 끝까지 운영해보는 경험 “기획 → 실행 → 성과 확인 → 개선”의 전 과정을 가까이에서 학습 운영을 넘어 그로스 사고방식을 실무에서 체득 이런 분이면 더 좋아요! 그로스, 마케팅, 플랫폼 운영에 관심이 있는 분 스타트업 또는 서비스 운영 경험 (인턴/프로젝트/동아리 등) 숫자나 지표 보는 것에 거부감이 없는 분 기본적인 SQL 역량을 갖추신 분 참고해 주세요 이 포지션은 3개월 근무 후 평가를 통해 3개월 연장 여부를 결정하는 체험형 인턴 이에요 ‘장애인고용촉진 및 직업재활법’, ‘국가유공자 등 예우 및 지원에 관한 법률’에 따라 장애인 및 보훈대상자는 채용 전형 시 우대하고 있어요 서류는 3월 15일 일요일 오후 23시 59분 마감 예정이며, 상황에 따라 조기 마감 혹은 연장될 수 있어요 최종 합격 시 4월 6일 입사 예정 이며, 입사일은 변경될 수 있어요 이렇게 합류해요 1. 서류 전형 → 2. 직무 인터뷰 → 3. 최종 합격 👉 당근 합류 여정 가이드 바로 가기 (🔗) 지원하기 자주묻는질문 목록으로 돌아가기",,"하고 있어요 서류는 3월 15일 일요일 오후 23시 59분 마감 예정이며, 상황에 따라 조기 마감 혹은 연장될 수 있어요 최종 합격 시 4월 6일 입사 예정 이며, 입사일은 변경될 수 있어요 이렇게 합류해요 1. 서류 전형 → 2. 직무 인터뷰 → 3. 최종 합격 👉 당근 합류 여정 가이드 바로 가기 (🔗) 지원하기 자주묻는질문 목록으로 돌아가기",,,,,인턴,,,,,active,2026-03-05 18:53:03.612755,2026-03-05 18:53:03.612739,True
170,122,Brand Marketer(유저 서비스 마케팅),https://about.daangn.com/jobs/7575919003,"Brand Marketer(유저 서비스 마케팅) 당근 정규직 경력 영입정보 지원하기 마케팅팀을 소개해요 당근은 활발한 교류가 있는 지역 생활 커뮤니티를 지향해요. 중고거래, 알바, 부동산, 모임, 비즈니스 등 여러 서비스들이 작은 스타트업처럼 움직이며 이 가치를 실현해나가고 있어요. 당근의 여러 서비스들과 함께 잘 성장하는 것이 가장 중요한 마케팅팀의 역할이에요. 마케팅팀은 현재 총 13명으로 퍼포먼스, 브랜드, CRM 등을 중심으로 여러 분야의 마케터들이 “어떻게 하면 사용자들이 당근을 더 좋아하게 만들 수 있을까?” 라는 고민을 하며 일하고 있어요. 지금도 마케팅팀은 사용자에게 공감을 얻기 위한 새로운 시도와 도전을 끊임없이 하며 당근의 가치를 전달하기 위해 노력하고 있어요. 마케팅팀은 당근의 서비스 규모 대비 작은 팀이에요. 그렇기 때문에 몰입의 에너지를 중요하게 여겨요. 팀원 한 명 한 명은 자율성과 책임감을 가지고 서비스 성장을 위한 다양한 마케팅을 수행하고 있어요. 이런 일을 해요 당근의 사용자 향 개별 서비스 목표 달성을 위해, 마케팅 전략을 수립하고 이를 실행으로 옮길 마케팅 액션을 설계해요 당근의 브랜드 아이덴티티를 바탕으로, 사용자의 행동과 반응을 이끌어내는 캠페인을 기획하고 실행해요 전략에 머무르지 않고, 아이디어를 실행 가능한 구조로 구체화해 실제 성과로 연결해요 마케팅 액션의 결과를 분석하고, 그 학습을 바탕으로 다음 액션을 설계하며 브랜드와 서비스의 성장을 만들어가요 목표에 따라 마케팅 성과를 정의하고 측정하며, 데이터 기반 인사이트를 다음 전략과 실행에 반영해요 퍼포먼스 마케터, CRM 마케터, 디자이너는 물론 프로덕트팀과도 긴밀하게 협업하며, 서비스 구조나 기능을 이해하고 마케팅 전략을 연결해요 이런 분과 함께하고 싶어요 문제를 정의하고, 솔루션 차원의 아이디어를 실제 캠페인과 마케팅 액션으로 구현해본 경험이 있는 분 전략 수립에 머무르지 않고, 기획–제작–실행–효과 분석까지 캠페인 전 과정을 주도적으로 리딩해본 분 복잡하고 어려운 문제를 풀어내는 과정을 즐기며, 실행을 통해 해결해본 경험이 있는 분 명확한 목표를 바탕으로 새로운 마케팅 액션을 설계하고, 실질적인 성과를 만들어본 경험이 있는 분 변화하는 상황 속에서도 빠르게 가설을 세우고, 규모와 상관없이 다양한 마케팅 액션을 실행할 수 있는 분 이런 분이면 더 좋아요! 5년 이상 앱·플랫폼 서비스 마케팅 경험을 보유하신 분 Consumer, Media, Contents 트렌드를 빠르게 이해하고 캠페인에 적용해본 경험이 있는 분 실행 결과를 수치와 인사이트로 정리하고, 다음 전략으로 연결하는 데 익숙한 분 당근의 브랜드와 서비스가 어떻게 더 성장할 수 있을지 함께 고민하고 싶은 분 참고해 주세요 정규직 채용의 경우 3개월의 수습기간이 있어요 ‘장애인고용촉진 및 직업재활법’, ‘국가유공자 등 예우 및 지원에 관한 법률’에 따라 장애인 및 보훈대상자는 채용 전형 시 우대하고 있어요 포트폴리오(필수)는 PDF로 제출해 주시고 프로젝트별 기여도를 표시해주세요 화상 인터뷰 합격 시 직무 인터뷰 전 사전과제를 배부해드리고 있어요 이렇게 합류해요 1. 서류 접수 → 2. 화상 인터뷰 → 3. 직무 인터뷰(사전과제 포함) → 4. 컬처핏 인터뷰 및 레퍼런스 체크 → 5. 처우협의 → 6. 최종 합격 및 입사 👉 당근 합류 여정 가이드 바로가기 (🔗) 지원하기 자주묻는질문 목록으로 돌아가기",,하고 있어요 포트폴리오(필수)는 PDF로 제출해 주시고 프로젝트별 기여도를 표시해주세요 화상 인터뷰 합격 시 직무 인터뷰 전 사전과제를 배부해드리고 있어요 이렇게 합류해요 1. 서류 접수 → 2. 화상 인터뷰 → 3. 직무 인터뷰(사전과제 포함) → 4. 컬처핏 인터뷰 및 레퍼런스 체크 → 5. 처우협의 → 6. 최종 합격 및 입사 👉 당근 합류 여정 가이드 바로가기 (🔗) 지원하기 자주묻는질문 목록으로 돌아가기,,,,,정규직,,,,,active,2026-03-05 18:53:04.050019,2026-03-05 18:53:04.050001,True
171,122,Brand Designer (계약직) - 브랜딩(캐릭터),https://about.daangn.com/jobs/6804582003,"Brand Designer (계약직) - 브랜딩(캐릭터) 당근 계약직 경력 영입정보 지원하기 브랜딩 팀을 소개해요 “Branding Humanizes Technology” 기술을 인간화하는 브랜딩, 이는 우리 팀이 당근에 존재하는 이유이자 미션이에요. 당근의 브랜딩팀은 기술의 복잡함을 사람의 언어로 바꾸고, 고객이 공감할 수 있는 브랜드 경험으로 설계해요. 우리는 브랜딩을 단지 ‘좋은 이미지와 퀄리티’로 바라보지 않아요. 당근에서 브랜딩은 내부 조직의 공감을 얻은 브랜드의 철학이 제품을 거쳐 외부 고객의 마음에 닿게 되는 하나의 여정이며, 브랜드 정체성에 기반한 크리에이티브 디렉션을 통해 비즈니스 전략과 고객 경험 사이에 다리를 놓는 일이에요. 그중 브랜딩팀 캐릭터 콘텐츠 파트는 캐릭터 특유의 귀여움으로 기술을 가장 인간답게 만드는 데 앞장서고 있어요. 이웃의 얼굴을 닮은 친근한 캐릭터들을 통해 사람들 사이의 작은 온기, 동네에 숨어 있던 일상의 가치를 전달하며, 사용자의 일상에 소소한 즐거움과 위안을 주고 싶어요. 캐릭터 디자이너는 브랜드의 페르소나와 스토리가 투영된 IP를 개발하고, 일러스트로 캐릭터에 생명력을 불어넣는 일을 하고 있어요. 캐릭터의 애착 포인트를 감도 높은 그림으로 표현해 대중의 마음을 사로잡죠. 우리는 아직 출발선에 서 있지만, 캐릭터를 통해 할 수 있는 일은 무궁무진해요. 당근이를 비롯해 단추, 앙리 등 당근의 캐릭터를 향한 관심과 사랑이 당근 브랜드에 대한 관심과 사랑으로 이어질 수 있도록 하는 다양한 도전에 열려 있어요. 이런 일을 해요 캐릭터의 특징을 살린 매력적인 브랜드 굿즈를 기획하고 디자인해요 캐릭터의 세계관과 이야기가 녹아든 다채로운 오프라인 지면과 공간을 디자인해요 IP를 중심으로한 제휴 마케팅 및 브랜드 캠페인의 비주얼 아이덴티티를 구축하고, 다양한 채널로 이미지를 확장해요 캐릭터 디자인 에셋을 활용한 새로운 아트워크를 개발해요 당근 앱 서비스 및 마케팅에 활용할 수 있는 캐릭터 에셋을 편집하고 가이드화해요 이런 분과 함께하고 싶어요 2년 이상의 관련 직무 경험이 있는 분 캐릭터를 활용한 다양한 디자인 컨셉을 구상하고 구현할 수 있는 분 비주얼 아트디렉션과 브랜딩 이해도가 높은 분 캐릭터마다의 디자인 포인트와 미감을 잘 살려낼 수 있는 분 디지털과 프린트, 제조 디자인의 전 과정을 경험한 분 관찰력과 공감능력이 뛰어나고 조형적 디테일에 강한 분 타이포그래피와 레이아웃 스킬이 안정적이신 분 이런 분이면 더 좋아요! 직접 디자인한 상품을 출시하여 성과를 낸 경험이 있는 분 오프라인 공간을 디자인한 경험이 있는 분 제품 및 공간 드로잉에 능숙한 분 평소 미술, 패션, 애니메이션 및 대중 문화에 관심이 많은 분 참고해 주세요 본 포지션은 12개월 계약직 포지션이에요 최초 3개월 계약 후 평가를 통해 9개월 연장 여부를 결정해요 포트폴리오(필수)는 PDF로 제출해 주시고, 협업 프로젝트는 기여도와 역할을 반드시 표시해주세요 서류 전형 합격 시 과제 전형 안내를 드리며, 직무 인터뷰에서 과제와 포트폴리오에 대한 설명을 듣고 질의응답 하는 시간을 가지고 있어요 ‘장애인고용촉진 및 직업재활법’, ‘국가유공자 등 예우 및 지원에 관한 법률’에 따라 장애인 및 보훈대상자는 채용 전형 시 우대하고 있어요 이렇게 합류해요 1. 서류 전형 → 2. 과제전형 → 3. 직무 인터뷰 → 4. 최종 합격 👉 당근 합류 여정 가이드 바로가기 (🔗) 지원하기 자주묻는질문 목록으로 돌아가기",,하고 있어요 이렇게 합류해요 1. 서류 전형 → 2. 과제전형 → 3. 직무 인터뷰 → 4. 최종 합격 👉 당근 합류 여정 가이드 바로가기 (🔗) 지원하기 자주묻는질문 목록으로 돌아가기,,,,,계약직,,,,,active,2026-03-05 18:53:04.466057,2026-03-05 18:53:04.466038,True
172,122,Account Manager - Local Jobs,https://about.daangn.com/jobs/7568233003,"Account Manager - Local Jobs 당근 정규직 경력 영입정보 지원하기 Local Jobs를 소개해요 Local Jobs는 국내에는 존재하지 않던 마켓플레이스를 만드는 팀이에요. 우리는 일자리를 찾는 방식을 완전히 새롭게 정의하고 있어요. 이웃과 이웃이 만나 동네라는 공간이 새로운 가능성이 되도록, 프로덕트 전문가들이 모여 당근의 비전을 이루기 위한 도전을 하고 있어요. 🥕 Local Jobs 팀원을 소개해요 이렇게 일해요 🥕 당근 블로그, <Local Jobs 엔지니어는 어떻게 사고하고 결정할까> 🥕 당근 블로그, <Local Jobs 엔지니어는 어떻게 행동하고 협업할까> 🥕 당근 테크밋업, <GraphQL Schema 기반 협업으로 생산성을 높이는 Local Jobs 엔지니어링 문화> 🥕 당근 테크밋업, <Local Jobs 초기 엔지니어링 전략: 빠르게, 빠르게, 더 빠르게> 🥕 Local Jobs 디자이너 인터뷰, <하나의 가설로 극한의 성과를> 🥕 Local Jobs PM 인터뷰, <당근의 동력은 오너십> 🥕 Local Jobs 리더 인터뷰, <서비스 성장을 가속하는 팀워크를 만드는 법> 이런 일을 해요 고객사의 성장과 성과를 책임져요 고객사에 신속·정확한 지원을 제공해 신뢰를 쌓고, 장기적 파트너십을 구축해요 정량 데이터와 현장 맥락을 바탕으로 본사/지점의 니즈와 운영 제약을 구조화하고, 맞춤형 전략을 제안해요 고객사의 채용 성과를 관리하며 만족도 향상과 채용 량 성장을 만들어내요 고객사의 문제를 발굴하고 해결해요 고객사의 End-to-End 경험을 점검·개선해 일관된 엔터프라이즈 경험을 설계해요 운영 지원 과정의 비효율과 병목을 발견하고, 프로세스 개선을 주도해요 단순 운영을 넘어, 데이터와 현장 인사이트로 숨은 문제를 발견해요 고객의 문제를 정의하고, 가설을 세워 제품팀과 함께 해결안을 도출하고, 성과를 개선해요 이런 분과 함께하고 싶어요 파트너사 또는 고객사와의 직접 커뮤니케이션을 통한 영업, 고객관리 또는 파트너십 개발 경험이 있으신 분 설득에 필요한 정성, 정량 데이터를 주도적으로 수집하고 분석할 수 있는 분 기획, 개발, 법무, 재무 등 유관 부서와의 긴밀한 소통과 협업을 통해 프로젝트를 경험해 보신 분 IT 서비스의 사업개발/영업기획/파트너십 업무를 5년 이상 혹은 그에 준하는 경험을 지닌 분 이런 분이면 더 좋아요 O2O 플랫폼 또는 마켓플레이스 비즈니스에 대한 경험이 있으신 분 초기 서비스를 넘어 성장과 확장 단계의 서비스에 기여한 경험이 있으신 분 하이퍼로컬 서비스의 가치를 공감하고 유저에게 다양한 가치를 전달하는데 보람을 느끼는 분 참고해 주세요 정규직 채용의 경우 3개월의 수습기간이 있어요 장애인고용촉진 및 직업재활법’, ‘국가유공자 등 예우 및 지원에 관한 법률’에 따라 장애인 및 보훈대상자는 채용 전형 시 우대하고 있어요 화상 인터뷰 합격 시 직무 인터뷰 전 사전과제를 부여해요 이렇게 합류해요 서류 전형 → 2. 화상 인터뷰 → 3. 직무 인터뷰(과제 포함) → 4. 컬처핏 인터뷰 및 레퍼런스 체크 → 5. 처우협의 → 6. 최종 합격 및 입사 👉 당근 합류 여정 가이드 바로가기(🔗) 지원하기 자주묻는질문 목록으로 돌아가기",,하고 있어요 화상 인터뷰 합격 시 직무 인터뷰 전 사전과제를 부여해요 이렇게 합류해요 서류 전형 → 2. 화상 인터뷰 → 3. 직무 인터뷰(과제 포함) → 4. 컬처핏 인터뷰 및 레퍼런스 체크 → 5. 처우협의 → 6. 최종 합격 및 입사 👉 당근 합류 여정 가이드 바로가기(🔗) 지원하기 자주묻는질문 목록으로 돌아가기,,,,,정규직,,,,,active,2026-03-05 18:53:04.862916,2026-03-05 18:53:04.862899,True
173,122,"AD Sales Manager, Client - 클라이언트 세일즈 매니저",https://about.daangn.com/jobs/4814736003,"AD Sales Manager, Client - 클라이언트 세일즈 매니저 당근 정규직 경력 영입정보 지원하기 광고 세일즈팀을 소개해요 당근 광고 세일즈팀은 비즈니스 성장의 엔진 역할을 수행하고 있어요. 전국 수천만 사용자의 생활 속에서 광고주와 소비자가 더 깊이 연결될 수 있도록 돕고 있으며, 브랜드와 광고 대행사까지 다양한 파트너를 대상으로 성과 중심의 광고 솔루션 을 제공하고 있어요. 데이터 기반의 인사이트, 시장 이해, 그리고 빠른 실행력을 바탕으로 광고 효율을 극대화하며, 변화하는 환경에 맞춰 끊임없이 실험하고 성장하는 팀이에요. 우리는 단순한 영업을 넘어, 광고주 & 에이전시와 함께 성장하는 파트너 가 되는 것을 목표로 해요. 🥕 동영상 유형 광고는 어떻게 10배나 성장했을까? 이런 일을 해요 광고 세일즈 매니저는 단순히 광고를 판매하는 것이 아니라, 당근 전문가모드 광고 솔루션을 활용하여 광고주의 비즈니스 성장을 돕는 파트너 역할을 해요 우리가 해결하는 문제 는 다음과 같아요 광고주가 정확한 고객 에게 도달하지 못해 성과가 제한되는 문제 광고 집행 후에도 효과적인 성과 측정과 최적화 가 어려운 문제 빠르게 변화하는 디지털 광고 환경에서 전략 부재로 인한 효율 저하 문제 광고 이후 명확한 성과 분석과 실행 가능한 개선 방향 이 제공되지 않는 문제 이러한 과제를 해결하기 위해 우리는 다음과 같이 일해요 광고주 세일즈 전략 기획 및 실행 : 업종, 예산, 목표에 맞춘 맞춤형 전략을 설계하고 제안해요 핵심 광고주의 성과 개선 컨설팅 : 캠페인 데이터를 분석하고, 효율을 높이는 구체적 액션 플랜을 제시해요 우수 사례 발굴·확산 : 성공적인 캠페인 스토리를 발굴하고 마켓 내 확산을 통해 당근 광고 집행의 선순환구조를 형성해요 제품 개선 제안 및 협업 : 광고주의 피드백을 토대로 제품·기능 개선 아이디어를 제안하고, 내부 유관 부서와 긴밀한 협업을 진행해요 즉, 우리는 광고 캠페인의 전 과정 을 책임지고, 전략 수립–실행–성과 개선까지의 사이클을 직접 리드해요 이런 분을 찾고 있어요 다양한 업종의 광고주와 함께 목표를 설계하고, 실행을 통해 결과를 만들어내는 과정에서 즐거움을 느끼는 분이라면 잘 맞을 거에요 영향력 있는 세일즈 경험 : 광고주 대상 직접 세일즈 또는 캠페인 컨설팅 경력 플랫폼 이해와 전략 감각 : 디지털 광고 상품, 퍼포먼스 광고 플랫폼, 또는 온라인 비즈니스 생태계에 대한 이해 실행력과 추진력 : 세일즈 전략을 빠르게 기획하고, 성과를 내기 위해 밀어붙이는 실행력 협업과 문제 해결 : 복잡한 요구사항을 정리하고, 제품·마케팅·기획 등 다양한 팀과 원활히 협업할 수 있는 역량 설득과 커뮤니케이션 : 데이터와 스토리를 결합해 설득력 있는 제안과 프레젠테이션을 할 수 있는 능력 이런 성장을 이룰 수 있어요 광고 세일즈 매니저로서의 경험은 단순히 ‘성과’를 만들어 내는 것이 아니라, 커리어를 한 단계 도약시키는 성장 여정이에요 전략형 세일즈 전문가로 성장 : 단순 영업이 아닌, 광고 전략 설계–성과 개선까지 전 과정을 리드하는 경험을 통해 데이터 기반의 전략형 광고 세일즈 전문가로 자리매김해요 산업 전반을 아우르는 시야 확장 : 다양한 업종과 규모의 고객을 만나며, 산업·트렌드·소비자 이해도를 동시에 높일 수 있어요 분석과 설득의 힘 강화 : 데이터 해석, 인사이트 도출, 스토리텔링을 결합한 설득력 있는 제안 능력을 쌓아, 어떤 업계에서도 통하는 핵심 역량을 확보해요 제품·시장 기획 감각 확보 : 광고 상품 기획과 개선 과정에 직접 참여하며, 프로덕트 마인드와 시장 개척 경험을 함께 키울 수 있어요 리더십과 주도성 확대 : 빠르게 성장하는 팀에서 프로젝트를 리드하며, 조직과 시장을 이끄는 리더로 성장할 기회를 가져요 참고해 주세요 정규직 채용의 경우 3개월의 수습기간이 있어요 ‘장애인고용촉진 및 직업재활법’, ‘국가유공자 등 예우 및 지원에 관한 법률’에 따라 장애인 및 보훈대상자는 채용 전형 시 우대하고 있어요 이렇게 합류해요 1. 서류 전형 → 2. 화상 인터뷰 → 3. 직무 인터뷰(과제 포함) → 4. 컬처핏 인터뷰 및 레퍼런스 체크 → 5. 처우협의 → 6. 최종 합격 및 입사 👉 당근 합류 여정 가이드 바로가기 (🔗) 지원하기 자주묻는질문 목록으로 돌아가기",,하고 있어요 이렇게 합류해요 1. 서류 전형 → 2. 화상 인터뷰 → 3. 직무 인터뷰(과제 포함) → 4. 컬처핏 인터뷰 및 레퍼런스 체크 → 5. 처우협의 → 6. 최종 합격 및 입사 👉 당근 합류 여정 가이드 바로가기 (🔗) 지원하기 자주묻는질문 목록으로 돌아가기,,,,,정규직,,,,,active,2026-03-05 18:53:07.055379,2026-03-05 18:53:07.055361,True
174,122,"AD Sales Manager, Agency (광고 대행사 세일즈 매니저)",https://about.daangn.com/jobs/5458903003,"AD Sales Manager, Agency (광고 대행사 세일즈 매니저) 당근 정규직 경력 영입정보 지원하기 광고 세일즈팀을 소개해요 당근 광고 세일즈팀은 비즈니스 성장의 엔진 역할을 수행하고 있어요. 전국 수천만 사용자의 생활 속에서 광고주와 소비자가 더 깊이 연결될 수 있도록 돕고 있으며, 브랜드와 광고 대행사까지 다양한 파트너를 대상으로 성과 중심의 광고 솔루션 을 제공하고 있어요. 데이터 기반의 인사이트, 시장 이해, 그리고 빠른 실행력을 바탕으로 광고 효율을 극대화하며, 변화하는 환경에 맞춰 끊임없이 실험하고 성장하는 팀이에요. 우리는 단순한 영업을 넘어, 광고주 & 에이전시와 함께 성장하는 파트너 가 되는 것을 목표로 해요. 🥕 당근 광고는 어떻게 제안서 속 기본값으로 자리 잡았을까? 🥕 동영상 유형 광고는 어떻게 10배나 성장했을까? 이런 일을 해요 에이전시 세일즈 매니저의 목표는 단순한 파트너 관리가 아니라, 마켓 내 당근 광고 점유율을 높이기 위해 존재하는 장벽을 허물고 당근 전문가모드 광고 솔루션을 활용하여 에이전시와 함께 성장 속도를 높이는 것이에요 우리가 해결하는 문제 는 다음과 같아요 당근 광고의 차별성과 강점 을 명확히 이해하지 못해 제안 우선순위에서 밀리는 상황 상품 활용에 대한 이해도 부족으로 성과 극대화가 어려운 상황 대행사에 당근 광고 확산을 위한 명확한 전략과 실행 체계 가 없어 성과 확산 속도가 느린 상황 이 허들을 제거하고 점유율을 넓히기 위해 우리는 이렇게 일해요 맞춤형 세일즈 전략 기획·실행 : 대행사별 환경 분석을 기반으로 당근 광고의 활용 가치를 설득력 있게 제시해요 현장 밀착 컨설팅데스크 운영 : 주요 클라이언트 담당자와 미팅을 통해 신규 캠페인 제안 및 집행 중인 캠페인의 성과를 개선하는 컨설팅 업무를 수행해요 마케터 역량 강화 교육 : 오프라인 세미나, 온라인 웨비나를 통해 당근 광고에 대한 이해도를 높이고 캠페인 성과를 끌어올릴 수 있도록 지원해요 공식 대행사 추가 발굴 : 전문가모드의 파트너 네트워크를 확장해 새로운 시장 기회를 창출해요 즉, 우리는 당근 전문가모드 광고의 확산 을 책임지고 대행사가 당근 광고를 더 자주, 더 많이, 더 성과 있게 제안하고 운영할 수 있는 환경을 구축해요 이런 분을 찾고 있어요 대행사 세일즈 및 디지털 마케팅 경험 : 대행사와의 파트너십을 효과적으로 구축·관리할 수 있는 실무 경험 광고 상품과 플랫폼 이해도 : 디지털 광고 상품, 퍼포먼스 광고 플랫폼, 온라인 비즈니스 생태계 전반에 대한 이해를 바탕으로 대행사에 맞는 솔루션 제안 데이터 기반 설득력과 실행력 : 캠페인 데이터 분석을 통해 인사이트를 도출하고, 이를 실행 가능한 전략으로 전환하는 능력 협업과 문제 해결 : 복잡한 요구사항을 정리하고, 제품·마케팅·기획 등 다양한 팀과 원활히 협업할 수 있는 역량 관계 구축 역량 : 다양한 상황에 유연하게 대응하며, 파트너와 장기적인 신뢰 관계를 형성하는 커뮤니케이션 스킬 이런 성장을 이룰 수 있어요 에이전시 세일즈 매니저로 일한다는 것은 시장 점유율 확대, 파트너 성장, 플랫폼 확산 전략을 직접 설계·실행하는 리더로 도약하는 것 을 의미해요 시장 확장 경험 : 신규 대행사 발굴부터 성과 확산 전략 실행까지 주도하며 시장 점유율 확대를 직접 경험해요 전략·실행력의 동반 성장 : 세일즈, 컨설팅, 교육, 프로모션 등 다방면의 프로젝트를 주도하며 전략가이자 실행가로 성장해요 네트워크와 인사이트 확보 : 다양한 업종과 규모의 대행사와 협업하며 업계 네트워크와 시장 통찰력을 동시에 확보해요 제품·시장 기획 감각 확보 : 광고 상품 기획과 개선 과정에 직접 참여하며, 프로덕트 마인드와 시장 개척 경험 을 함께 키울 수 있어요 리더십과 주도성 확대 : 빠르게 성장하는 팀에서 프로젝트를 리드하며, 조직과 시장을 이끄는 리더 로 성장할 기회를 가져요 참고해 주세요 정규직 채용의 경우 3개월의 수습기간이 있어요 ‘장애인고용촉진 및 직업재활법’, ‘국가유공자 등 예우 및 지원에 관한 법률’에 따라 장애인 및 보훈대상자는 채용 전형 시 우대하고 있어요 직무 인터뷰 이전 사전과제가 있어요 이렇게 합류해요 1. 서류 전형 → 2. 화상 인터뷰 → 3. 직무 인터뷰(과제 포함) → 4. 컬처핏 인터뷰 및 레퍼런스 체크 → 5. 처우협의 → 6. 최종 합격 및 입사 👉 당근 합류 여정 가이드 바로가기(🔗) 지원하기 자주묻는질문 목록으로 돌아가기",,하고 있어요 직무 인터뷰 이전 사전과제가 있어요 이렇게 합류해요 1. 서류 전형 → 2. 화상 인터뷰 → 3. 직무 인터뷰(과제 포함) → 4. 컬처핏 인터뷰 및 레퍼런스 체크 → 5. 처우협의 → 6. 최종 합격 및 입사 👉 당근 합류 여정 가이드 바로가기(🔗) 지원하기 자주묻는질문 목록으로 돌아가기,,,,,정규직,,,,,active,2026-03-05 18:53:07.195549,2026-03-05 18:53:07.195535,True
175,122,"Software Engineer Intern, Machine Learning (전환형 인턴)",https://about.daangn.com/jobs/7647083003,"Software Engineer Intern, Machine Learning (전환형 인턴) 당근 인턴 경력/신입 영입정보 지원하기 Software Engineer, Machine Learning을 소개해요 당근의 Software Engineer, Machine Learning은 머신러닝을 활용해서 당근의 다양한 서비스들을 고도화하고 당근 사용자들의 만족을 끌어올려요. 더 나아가 동네 주민들의 연결을 강화하여 따뜻한 지역 사회를 만드는 것에 기여해요. 홈 피드, 상세 페이지 등에 개인화된 흥미로운 콘텐츠를 추천하기도 하고 누구나 쉽고 간편하게 광고를 통해서 효율적으로 동네 주민들에게 홍보할 수 있도록 돕기도 해요. 👉 2026 당근 ML 직군 채용 캠페인 상세 페이지 바로가기 🔗 이런 일을 해요 [피드 품질팀] 피드에서의 사용자 Engagement, 다양하고 우연한 발견을 촉진하기 위한 ML 모델들을 개발하고 개선해요 데이터를 분석하고 분석된 데이터에 기반해 가설을 세워 이론적 근거에 기반한 개선점을 찾아요. 온라인 실험으로 검증하고 실질적인 서비스 임팩트를 만들어요 유저와 컨텐츠를 깊게 이해하기 위한 모델들을 개발하고 개선해요 LLM을 다양한 방식으로 활용하여 개인화 추천을 개선해요 [광고추천팀] 광고 추천과 랭킹을 위한 CTR, CVR 예측 모델과 자동 입찰, 타겟팅, 페이싱 모델을 개발하고 개선해요 사용자 행동 데이터와 광고 성과를 분석하고, 데이터 기반의 가설을 세워 A/B 테스트로 검증하며 광고 효율과 사용자 경험을 동시에 향상시켜요 개인화를 고려한 후보 광고 추출과 광고 랭킹 모델을 통해 사용자에게 의미 있는 광고를 추천해요 LLM과 최신 AI 기술을 활용하여 광고 타겟팅의 정확도를 높이고, 사용자와 광고 콘텐츠를 더 깊이 이해해요 🥕 정답이 없는 세계에서 최적의 균형점을 향해 간다는 건 🥕 당근의 성공을 견인하는 첫 화면의 비밀 🥕 대규모 트래픽 위에서 스카이넷은 어떻게 두 달 만에 탄생했을까? 이런 분을 찾고 있어요 기본 머신러닝 지식을 바탕으로, 추천 시스템을 고도화할 수 있는 방법을 고민하고 구현할 수 있는 분 이런 분이면 더 좋아요! 특정 분야에서 주도적으로 문제를 해결하여 의미있는 성과를 만들어본 경험이 있는 분 문제를 체계적으로 정의하고, 합리적인 근거를 바탕으로 해결 방안을 도출할 수 있는 분 합리적으로 의사결정하고, 협력적인 커뮤니케이션이 가능한 분 스스로 동기를 만들고, 어려운 문제 해결에 도전하는 것을 즐기는 분 참고해 주세요 본 포지션은 10주간의 전환형 인턴십이며, 뛰어난 평가를 받은 분에 한 해 정규직 전환 인터뷰 기회를 드려요 전환 기회를 제안 받아 전환 인터뷰에 합격하신 경우, 별도의 공백 없이 정규직으로 근무하는 것을 원칙으로 해요 단, 재학 중이거나 졸업 요건 등으로 인해 즉시 정규직 근무가 어려운 경우, 근무 종료일로부터 1년 이내에 동일 직무 정규직 포지션에 지원할 시, 서류 전형 / 화상 인터뷰 / 직무 인터뷰를 면제하고, 컬쳐핏 인터뷰부터 전형을 진행할 수 있어요 ‘장애인고용촉진 및 직업재활법’, ‘국가유공자 등 예우 및 지원에 관한 법률’에 따라 장애인 및 보훈대상자는 채용 전형 시 우대하고 있어요 화상 인터뷰에서 이력서 기반 질문과 알고리즘과 자료구조를 활용한 코딩테스트, 머신러닝 기본 지식 테스트가 진행될 예정이에요. 면접 전 원활한 테스트를 위한 PC 환경 조성을 부탁드리며, 지원자분께 편하고 익숙한 장비를 사용하시길 권장드려요 직무 인터뷰에서는 제출해주신 이력서에 대해 보다 깊이 있게 대화하며, 동시에 머신러닝 모델 설계를 주제로 대화해요 1차 지원 기간은 2026년 3월 22일 (일) 23시 59분 까지이며, 마감 직전에는 홈페이지 접속 인원이 많을 것으로 예상되니 30분 이상의 여유를 가지고 제출해 주세요. 1차 지원자 중 채용이 완료될 경우, 2차 지원 없이 본 캠페인을 마감해요 지원 자격 학년 및 졸업 여부 무관 (학사•석사 재학생, 휴학생, 기졸업자 포함) 10주간 풀타임 근무 가능자 병역 사항 지원 가능 입사 시점 기준 병역필 또는 병역 면제자, 해외여행에 결격 사유가 없는 분 지원 불가 산업기능요원 대상자가 아닌 미필자 산업기능요원: 현역 신규 편입 / 현역 전직 / 보충역 신규 편입 / 보충역 전직 전문연구요원 이렇게 합류해요 1. 서류 전형 → 2. 화상 인터뷰 (라이브 코딩 테스트) → 3. 직무 인터뷰 → 4. 최종 합격 및 입사 직무 인터뷰는 당근 오피스에서 대면으로 진행돼요 서류 및 인터뷰 과정 후 지원자분의 강점과 경험에 따라 적합한 팀을 제안드려요 최종 합격 시, 2026년 6월 22일 (월) 입사 예정이에요. 단, 협의를 통해 일자를 일부 조율할 수 있어요 (7월 말 이전, 매주 월요일 입사) 입사 일자를 조율하는 경우, 해당 입사일부터 10주간 재직해야해요 👉 당근 합류 여정 가이드 바로가기 🔗 지원하기 자주묻는질문 목록으로 돌아가기",,"하고 있어요 화상 인터뷰에서 이력서 기반 질문과 알고리즘과 자료구조를 활용한 코딩테스트, 머신러닝 기본 지식 테스트가 진행될 예정이에요. 면접 전 원활한 테스트를 위한 PC 환경 조성을 부탁드리며, 지원자분께 편하고 익숙한 장비를 사용하시길 권장드려요 직무 인터뷰에서는 제출해주신 이력서에 대해 보다 깊이 있게 대화하며, 동시에 머신러닝 모델 설계를 주제로 대화해요 1차 지원 기간은 2026년 3월 22일 (일) 23시 59분 까지이며, 마감 직전에는 홈페이지 접속 인원이 많을 것으로 예상되니 30분 이상의 여유를 가지고 제출해 주세요. 1차 지원자 중 채용이 완료될 경우, 2차 지원 없이 본 캠페인을 마감해요 지원 자격 학년 및 졸업 여부 무관 (학사•석사 재학생, 휴학생, 기졸업자 포함) 10주간 풀타임 근무 가능자 병역 사항 지원 가능 입사 시점 기준 병역필 또는 병역 면제자, 해외여행에 결격 사유가 없는 분 지원 불가 산업기능요원 대상자가 아닌 미필자 산업기능요원: 현역 신규 편입 / 현역 전직 / 보충역 신규 편입 / 보충역 전직 전문연구요원 이렇게 합류해요 1. 서류 전형 → 2. 화상 인터뷰 (라이브 코딩 테스트) → 3. 직무 인터뷰 → 4. 최종 합격 및 입사 직무 인터뷰는 당근 오피스에서 대면으로 진행돼요 서류 및 인터뷰 과정 후 지원자분의 강점과 경험에 따라 적합한 팀을 제안드려요 최종 합격 시, 2026년 6월 22일 (월) 입사 예정이에요. 단, 협의를 통해 일자를 일부 조율할 수 있어요 (7월 말 이전, 매주 월요일 입사) 입사 일자를 조율하는 경우, 해당 입사일부터 10주간 재직해야해요 👉 당근 합류 여정 가이드 바로가기 🔗 지원하기 자주묻는질문 목록으로 돌아가기",,,,,정규직,,,,,active,2026-03-05 18:53:07.512893,2026-03-05 18:53:07.512875,True
176,122,"Software Engineer, Machine Learning (학사 신입)",https://about.daangn.com/jobs/7647097003,"Software Engineer, Machine Learning (학사 신입) 당근 정규직 경력/신입 영입정보 지원하기 Software Engineer, Machine Learning을 소개해요 당근의 Software Engineer, Machine Learning은 머신러닝을 활용해서 당근의 다양한 서비스들을 고도화하고 당근 사용자들의 만족을 끌어올려요. 더 나아가 동네 주민들의 연결을 강화하여 따뜻한 지역 사회를 만드는 것에 기여해요. 홈 피드, 상세 페이지 등에 개인화된 흥미로운 콘텐츠를 추천하기도 하고 누구나 쉽고 간편하게 광고를 통해서 효율적으로 동네 주민들에게 홍보할 수 있도록 돕기도 해요. 👉 2026 당근 ML 직군 채용 캠페인 상세 페이지 바로가기 🔗 이런 일을 해요 [피드 품질팀] 피드에서의 사용자 Engagement, 다양하고 우연한 발견을 촉진하기 위한 ML 모델들을 개발하고 개선해요 데이터를 분석하고 분석된 데이터에 기반해 가설을 세워 이론적 근거에 기반한 개선점을 찾아요. 온라인 실험으로 검증하고 실질적인 서비스 임팩트를 만들어요 유저와 컨텐츠를 깊게 이해하기 위한 모델들을 개발하고 개선해요 LLM을 다양한 방식으로 활용하여 개인화 추천을 개선해요 [광고추천팀] 광고 추천과 랭킹을 위한 CTR, CVR 예측 모델과 자동 입찰, 타겟팅, 페이싱 모델을 개발하고 개선해요 사용자 행동 데이터와 광고 성과를 분석하고, 데이터 기반의 가설을 세워 A/B 테스트로 검증하며 광고 효율과 사용자 경험을 동시에 향상시켜요 개인화를 고려한 후보 광고 추출과 광고 랭킹 모델을 통해 사용자에게 의미 있는 광고를 추천해요 LLM과 최신 AI 기술을 활용하여 광고 타겟팅의 정확도를 높이고, 사용자와 광고 콘텐츠를 더 깊이 이해해요 🥕 정답이 없는 세계에서 최적의 균형점을 향해 간다는 건 🥕 당근의 성공을 견인하는 첫 화면의 비밀 🥕 대규모 트래픽 위에서 스카이넷은 어떻게 두 달 만에 탄생했을까? 이런 분을 찾고 있어요 기본 머신러닝 지식을 바탕으로, 추천 시스템을 고도화할 수 있는 방법을 고민하고 구현할 수 있는 분 데이터를 통해 복잡한 문제를 머신러닝 문제로 정교하게 재정의할 수 있는 경험 또는 역량을 보유한 분 이런 분이면 더 좋아요! 효율적인 코드 아키텍처를 구상하고 가독성 뛰어난 코드 작성에 경험이 있으신 분 특정 분야에서 주도적으로 문제를 해결하여 의미있는 성과를 만들어본 경험이 있는 분 문제를 체계적으로 정의하고, 합리적인 근거를 바탕으로 해결 방안을 도출할 수 있는 분 합리적으로 의사결정하고, 협력적인 커뮤니케이션이 가능한 분 스스로 동기를 만들고, 어려운 문제 해결에 도전하는 것을 즐기는 분 참고해 주세요 정규직 채용의 경우 3개월의 수습기간이 있어요 ‘장애인고용촉진 및 직업재활법’, ‘국가유공자 등 예우 및 지원에 관한 법률’에 따라 장애인 및 보훈대상자는 채용 전형 시 우대하고 있어요 화상 인터뷰에서 이력서 기반 질문과 알고리즘과 자료구조를 활용한 코딩테스트, 머신러닝 기본 지식 테스트가 진행될 예정이에요. 면접 전 원활한 테스트를 위한 PC 환경 조성을 부탁드리며, 지원자분께 편하고 익숙한 장비를 사용하시길 권장드려요 직무 인터뷰에서는 제출해주신 이력서에 대해 보다 깊이 있게 대화하며, 동시에 머신러닝 모델 설계를 주제로 대화해요 1차 지원 기간은 2026년 3월 22일 (일) 23시 59분 까지이며, 마감 직전에는 홈페이지 접속 인원이 많을 것으로 예상되니 30분 이상의 여유를 가지고 제출해 주세요. 1차 지원자 중 채용이 완료될 경우, 2차 지원 없이 본 캠페인을 마감해요 지원 자격 26년 8월 이내 학사 졸업 예정자 또는 학사 학위 기졸업자 산업기능요원: 졸업 요건 미충족해도 정규직 포지션 지원 가능 (현역 신규 편입 제외) 병역 사항 지원 가능 입사 시점 기준 병역필 또는 병역 면제자, 해외여행에 결격 사유가 없는 분 산업기능요원 : 현역 전직, 보충역 신규 편입, 보충역 전직 지원 불가 산업기능요원 대상자가 아닌 미필자 산업기능요원: 현역 신규 편입 전문연구요원 이렇게 합류해요 1. 서류 전형 → 2. 화상 인터뷰 (라이브 코딩 테스트) → 3. 직무 인터뷰 → 4. 컬처핏 인터뷰 및 레퍼런스 체크 → 5. 처우협의 → 6. 최종 합격 및 입사 직무, 컬쳐핏 인터뷰는 당근 오피스에서 대면으로 진행돼요 서류 및 인터뷰 과정 후 지원자분의 강점과 경험에 따라 적합한 팀을 제안드려요 최종 합격 시 2026년 6월 22일 (월) 입사 예정이에요. 단, 협의를 통해 일자를 일부 조율할 수 있어요 (7월 말 이전, 매주 월요일 입사) 필요 시, 4. 컬쳐핏 인터뷰 단계에서 레퍼런스 체크를 진행할 수 있어요 👉 당근 합류 여정 가이드 바로가기 🔗 지원하기 자주묻는질문 목록으로 돌아가기",,"하고 있어요 화상 인터뷰에서 이력서 기반 질문과 알고리즘과 자료구조를 활용한 코딩테스트, 머신러닝 기본 지식 테스트가 진행될 예정이에요. 면접 전 원활한 테스트를 위한 PC 환경 조성을 부탁드리며, 지원자분께 편하고 익숙한 장비를 사용하시길 권장드려요 직무 인터뷰에서는 제출해주신 이력서에 대해 보다 깊이 있게 대화하며, 동시에 머신러닝 모델 설계를 주제로 대화해요 1차 지원 기간은 2026년 3월 22일 (일) 23시 59분 까지이며, 마감 직전에는 홈페이지 접속 인원이 많을 것으로 예상되니 30분 이상의 여유를 가지고 제출해 주세요. 1차 지원자 중 채용이 완료될 경우, 2차 지원 없이 본 캠페인을 마감해요 지원 자격 26년 8월 이내 학사 졸업 예정자 또는 학사 학위 기졸업자 산업기능요원: 졸업 요건 미충족해도 정규직 포지션 지원 가능 (현역 신규 편입 제외) 병역 사항 지원 가능 입사 시점 기준 병역필 또는 병역 면제자, 해외여행에 결격 사유가 없는 분 산업기능요원 : 현역 전직, 보충역 신규 편입, 보충역 전직 지원 불가 산업기능요원 대상자가 아닌 미필자 산업기능요원: 현역 신규 편입 전문연구요원 이렇게 합류해요 1. 서류 전형 → 2. 화상 인터뷰 (라이브 코딩 테스트) → 3. 직무 인터뷰 → 4. 컬처핏 인터뷰 및 레퍼런스 체크 → 5. 처우협의 → 6. 최종 합격 및 입사 직무, 컬쳐핏 인터뷰는 당근 오피스에서 대면으로 진행돼요 서류 및 인터뷰 과정 후 지원자분의 강점과 경험에 따라 적합한 팀을 제안드려요 최종 합격 시 2026년 6월 22일 (월) 입사 예정이에요. 단, 협의를 통해 일자를 일부 조율할 수 있어요 (7월 말 이전, 매주 월요일 입사) 필요 시, 4. 컬쳐핏 인터뷰 단계에서 레퍼런스 체크를 진행할 수 있어요 👉 당근 합류 여정 가이드 바로가기 🔗 지원하기 자주묻는질문 목록으로 돌아가기",,,,,정규직,,,,,active,2026-03-05 18:53:07.700979,2026-03-05 18:53:07.700964,True
177,122,"Software Engineer, Machine Learning (석사 신입)",https://about.daangn.com/jobs/7647084003,"Software Engineer, Machine Learning (석사 신입) 당근 정규직 경력/신입 영입정보 지원하기 Software Engineer, Machine Learning을 소개해요 당근의 Software Engineer, Machine Learning은 머신러닝을 활용해서 당근의 다양한 서비스들을 고도화하고 당근 사용자들의 만족을 끌어올려요. 더 나아가 동네 주민들의 연결을 강화하여 따뜻한 지역 사회를 만드는 것에 기여해요. 홈 피드, 상세 페이지 등에 개인화된 흥미로운 콘텐츠를 추천하기도 하고 누구나 쉽고 간편하게 광고를 통해서 효율적으로 동네 주민들에게 홍보할 수 있도록 돕기도 해요. 👉 2026 당근 ML 직군 채용 캠페인 상세 페이지 바로가기 🔗 이런 일을 해요 [피드 품질팀] 피드에서의 사용자 Engagement, 다양하고 우연한 발견을 촉진하기 위한 ML 모델들을 개발하고 개선해요 데이터를 분석하고 분석된 데이터에 기반해 가설을 세워 이론적 근거에 기반한 개선점을 찾아요. 온라인 실험으로 검증하고 실질적인 서비스 임팩트를 만들어요 유저와 컨텐츠를 깊게 이해하기 위한 모델들을 개발하고 개선해요 LLM을 다양한 방식으로 활용하여 개인화 추천을 개선해요 [광고추천팀] 광고 추천과 랭킹을 위한 CTR, CVR 예측 모델과 자동 입찰, 타겟팅, 페이싱 모델을 개발하고 개선해요 사용자 행동 데이터와 광고 성과를 분석하고, 데이터 기반의 가설을 세워 A/B 테스트로 검증하며 광고 효율과 사용자 경험을 동시에 향상시켜요 개인화를 고려한 후보 광고 추출과 광고 랭킹 모델을 통해 사용자에게 의미 있는 광고를 추천해요 LLM과 최신 AI 기술을 활용하여 광고 타겟팅의 정확도를 높이고, 사용자와 광고 콘텐츠를 더 깊이 이해해요 🥕 정답이 없는 세계에서 최적의 균형점을 향해 간다는 건 🥕 당근의 성공을 견인하는 첫 화면의 비밀 🥕 대규모 트래픽 위에서 스카이넷은 어떻게 두 달 만에 탄생했을까? 이런 분을 찾고 있어요 기본 머신러닝 지식을 바탕으로, 추천 시스템을 고도화할 수 있는 방법을 고민하고 구현할 수 있는 분 데이터를 통해 복잡한 문제를 머신러닝 문제로 정교하게 재정의할 수 있는 경험 또는 역량을 보유한 분 새로운 머신러닝 기술 트렌드를 파악하고, 실제 문제에 적용하여 임팩트를 낼 수 있는 분 (e.g. LLM-enhanced recommender, large transformer-based recommender, etc) 이런 분이면 더 좋아요! 효율적인 코드 아키텍처를 구상하고 가독성 뛰어난 코드 작성에 경험이 있으신 분 특정 분야에서 주도적으로 문제를 해결하여 의미있는 성과를 만들어본 경험이 있는 분 문제를 체계적으로 정의하고, 합리적인 근거를 바탕으로 해결 방안을 도출할 수 있는 분 합리적으로 의사결정하고, 협력적인 커뮤니케이션이 가능한 분 스스로 동기를 만들고, 어려운 문제 해결에 도전하는 것을 즐기는 분 참고해 주세요 정규직 채용의 경우 3개월의 수습기간이 있어요 ‘장애인고용촉진 및 직업재활법’, ‘국가유공자 등 예우 및 지원에 관한 법률’에 따라 장애인 및 보훈대상자는 채용 전형 시 우대하고 있어요 화상 인터뷰에서 이력서 기반 질문과 알고리즘과 자료구조를 활용한 코딩테스트, 머신러닝 기본 지식 테스트가 진행될 예정이에요. 면접 전 원활한 테스트를 위한 PC 환경 조성을 부탁드리며, 지원자분께 편하고 익숙한 장비를 사용하시길 권장드려요 직무 인터뷰에서는 제출해주신 이력서에 대해 보다 깊이 있게 대화하며, 동시에 머신러닝 모델 설계를 주제로 대화해요 1차 지원 기간은 2026년 3월 22일 (일) 23시 59분 까지이며, 마감 직전에는 홈페이지 접속 인원이 많을 것으로 예상되니 30분 이상의 여유를 가지고 제출해 주세요. 1차 지원자 중 채용이 완료될 경우, 2차 지원 없이 본 캠페인을 마감해요 지원 자격 26년 8월 이내 석사 졸업 예정자 또는 석사 학위 기졸업자 산업기능요원: 졸업 요건 미충족해도 정규직 포지션 지원 가능 (현역 신규 편입 제외) 병역 사항 지원 가능 입사 시점 기준 병역필 또는 병역 면제자, 해외여행에 결격 사유가 없는 분 산업기능요원 : 현역 전직, 보충역 신규 편입, 보충역 전직 지원 불가 산업기능요원 대상자가 아닌 미필자 산업기능요원: 현역 신규 편입 전문연구요원 이렇게 합류해요 1. 서류 전형 → 2. 화상 인터뷰 (라이브 코딩 테스트) → 3. 직무 인터뷰 → 4. 컬처핏 인터뷰 및 레퍼런스 체크 → 5. 처우협의 → 6. 최종 합격 및 입사 직무, 컬쳐핏 인터뷰는 당근 오피스에서 대면으로 진행돼요 서류 및 인터뷰 과정 후 지원자분의 강점과 경험에 따라 적합한 팀을 제안드려요 최종 합격 시 2026년 6월 22일 (월) 입사 예정이에요. 단, 협의를 통해 일자를 일부 조율할 수 있어요 (9월 초 이전, 매주 월요일 입사) 필요 시, 4. 컬쳐핏 인터뷰 단계에서 레퍼런스 체크를 진행할 수 있어요 👉 당근 합류 여정 가이드 바로가기 🔗 지원하기 자주묻는질문 목록으로 돌아가기",,"하고 있어요 화상 인터뷰에서 이력서 기반 질문과 알고리즘과 자료구조를 활용한 코딩테스트, 머신러닝 기본 지식 테스트가 진행될 예정이에요. 면접 전 원활한 테스트를 위한 PC 환경 조성을 부탁드리며, 지원자분께 편하고 익숙한 장비를 사용하시길 권장드려요 직무 인터뷰에서는 제출해주신 이력서에 대해 보다 깊이 있게 대화하며, 동시에 머신러닝 모델 설계를 주제로 대화해요 1차 지원 기간은 2026년 3월 22일 (일) 23시 59분 까지이며, 마감 직전에는 홈페이지 접속 인원이 많을 것으로 예상되니 30분 이상의 여유를 가지고 제출해 주세요. 1차 지원자 중 채용이 완료될 경우, 2차 지원 없이 본 캠페인을 마감해요 지원 자격 26년 8월 이내 석사 졸업 예정자 또는 석사 학위 기졸업자 산업기능요원: 졸업 요건 미충족해도 정규직 포지션 지원 가능 (현역 신규 편입 제외) 병역 사항 지원 가능 입사 시점 기준 병역필 또는 병역 면제자, 해외여행에 결격 사유가 없는 분 산업기능요원 : 현역 전직, 보충역 신규 편입, 보충역 전직 지원 불가 산업기능요원 대상자가 아닌 미필자 산업기능요원: 현역 신규 편입 전문연구요원 이렇게 합류해요 1. 서류 전형 → 2. 화상 인터뷰 (라이브 코딩 테스트) → 3. 직무 인터뷰 → 4. 컬처핏 인터뷰 및 레퍼런스 체크 → 5. 처우협의 → 6. 최종 합격 및 입사 직무, 컬쳐핏 인터뷰는 당근 오피스에서 대면으로 진행돼요 서류 및 인터뷰 과정 후 지원자분의 강점과 경험에 따라 적합한 팀을 제안드려요 최종 합격 시 2026년 6월 22일 (월) 입사 예정이에요. 단, 협의를 통해 일자를 일부 조율할 수 있어요 (9월 초 이전, 매주 월요일 입사) 필요 시, 4. 컬쳐핏 인터뷰 단계에서 레퍼런스 체크를 진행할 수 있어요 👉 당근 합류 여정 가이드 바로가기 🔗 지원하기 자주묻는질문 목록으로 돌아가기",,,,,정규직,,,,,active,2026-03-05 18:53:09.311259,2026-03-05 18:53:09.311200,True
178,122,Partnership Account Manager,https://about.daangn.com/jobs/7524793003,"Partnership Account Manager 당근 정규직 경력 영입정보 지원하기 사업개발팀을 소개해요 로컬 비즈니스실 소속 사업개발팀은 동네업체와 유저의 적극적인 연결을 목적으로 하는 조직이에요. 현재 비즈프로필 서비스를 기반으로 용달, 청소, 미용, 세탁, 클래스 등의 예약/견적 서비스와 농수산물, F&B 등의 상품/주문 서비스를 발전시키고 있어요. 동네 상권에서 고객이 필요로 하는 서비스를 당근에서 쉽게 찾고 이용할 수 있게 만드는 것으로 목표로, 업종별로 다양한 서비스를 제공할 수 있는 사장님을 모으고, 고객과 연결해주는 제품을 만들고 있어요. 로컬 비즈니스에 관심이 있는 분과 함께 고객의 문제를 해결해 나가고 싶어요. 이런 일을 해요 프랜차이즈 리드 발굴 및 세일즈 퍼널 운영 주요 프랜차이즈 및 로컬 브랜드를 대상으로 신규 제휴 기회를 발굴해요 CRM 기반의 세일즈 퍼널(리드–미팅–제안–계약)을 체계적으로 관리하고, 영업 기회를 확장해요 영업 활동 로그와 전환 데이터를 분석하여 브랜드별/업종별 성과를 관리하고 B2B 제휴 영업 전략 도출에 기여해요 세일즈 퍼널 자동화 및 내부 프로세스 고도화 CRM 관리, 리드 태깅, 자동화 도구 연동 등을 통해 재휴 영업 프로세스의 효율성과 생산성을 높여요 각 프랜차이즈 특성에 적합한 제안서, 성공 케이스, 분석 자료 등을 제작/배포해요 이런 분과 함께하고 싶어요 3~7년의 서비스 영업, 제휴 경험이 있으신 분 프랜차이즈 브랜드를 대상으로 제휴, 영업(계약, 조건 협상)을 주도해 본 경험이 있으신 분 데이터 기반으로 성과를 분석하고, 목표를 설정하며 꾸준히 관리해 온 경험이 있으신 분 기획부터 실행, 성과 분석까지 End-to-End 오너십을 가지고 업무를 주도해 본 경험이 있으신 분 제품, 마케팅 등 다양한 팀과 긴밀하게 협업하며 문제를 해결해 나갈 수 있는 분 이런 분이면 더 좋아요! 자기주도적으로 일하고, 긍정적인 마인드를 보유하신 분 로컬 비즈니스에 대한 이해가 높으신 분 O2O 플랫폼 비즈니스에 대한 경험이나 높은 이해도를 갖춘 분 플랫폼, O2O, IT 등 유관 도메인에서의 업무 경험을 보유하신 분 불확실한 환경에서 빠른 실행과 학습을 통해 성장하는 것을 즐기시는 분 참고해 주세요 정규직 채용의 경우 3개월의 수습기간이 있어요 ‘장애인고용촉진 및 직업재활법’, ‘국가유공자 등 예우 및 지원에 관한 법률’에 따라 장애인 및 보훈대상자는 채용 전형 시 우대하고 있어요 화상 인터뷰 합격 시 과제를 안내드리며, 직무 인터뷰에서 과제에 대한 설명을 듣고 질의응답 하는 시간을 가지고 있어요 이렇게 합류해요 1. 서류 전형 → 2. 화상 인터뷰 → 3. 직무 인터뷰(과제 포함) → 4. 컬처핏 인터뷰 및 레퍼런스 체크 → 5. 처우협의 → 6. 최종 합격 및 입사 👉 당근 합류 여정 가이드 바로가기 (🔗) 지원하기 자주묻는질문 목록으로 돌아가기",,"하고 있어요 화상 인터뷰 합격 시 과제를 안내드리며, 직무 인터뷰에서 과제에 대한 설명을 듣고 질의응답 하는 시간을 가지고 있어요 이렇게 합류해요 1. 서류 전형 → 2. 화상 인터뷰 → 3. 직무 인터뷰(과제 포함) → 4. 컬처핏 인터뷰 및 레퍼런스 체크 → 5. 처우협의 → 6. 최종 합격 및 입사 👉 당근 합류 여정 가이드 바로가기 (🔗) 지원하기 자주묻는질문 목록으로 돌아가기",,,,,정규직,,,,,active,2026-03-05 18:53:09.655502,2026-03-05 18:53:09.655486,True
179,122,Sales Account Manager,https://about.daangn.com/jobs/7516996003,"Sales Account Manager 당근 정규직 경력 영입정보 지원하기 사업개발팀을 소개해요 로컬 비즈니스실 소속 사업개발팀은 동네업체와 유저의 적극적인 연결을 목적으로 하는 조직이에요. 현재 비즈프로필 서비스를 기반으로 용달, 청소, 미용, 세탁, 클래스 등의 예약/견적 서비스와 농수산물, F&B 등의 상품/주문 서비스를 발전시키고 있어요. 동네 상권에서 고객이 필요로 하는 서비스를 당근에서 쉽게 찾고 이용할 수 있게 만드는 것으로 목표로, 업종별로 다양한 서비스를 제공할 수 있는 사장님을 모으고, 고객과 연결해주는 제품을 만들고 있어요. 로컬 비즈니스에 관심이 있는 분과 함께 고객의 문제를 해결해 나가고 싶어요. 이런 일을 해요 F&B 버티컬 서비스 영업대행사 성과 관리 및 성장 지원 당근 F&B 버티컬 서비스(포장주문·QR오더 등)를 세일즈하는 대행사의 목표를 수립하고 성과를 관리해요 주간/월간 성과 리뷰 및 정량 데이터 분석을 통해 영업 효율을 개선하고 대행사별 맞춤형 성장 전략을 수립해요 F&B 프랜차이즈 파트너십 관리 주요 프랜차이즈 브랜드의 포장주문.QR오더 입점 및 제휴 과정을 리드해요 신규 제휴 브랜드의 세일즈 기회를 발굴하고 상호 성장 가능한 제휴 모델을 설계해요 브랜드의 성공적인 입점을 위해 마케팅 캠페인, 프로모션 제휴를 기획하고 성과를 분석하여 개선점을 찾아내요 세일즈 /제휴 전략 고도화 및 퍼널 운영 대행사 및 브랜드 세일즈/제휴 데이터를 기반으로 리드 → 협상 → 계약 → 실행 → 성과관리 전 과정을 관리해요 지역/카테고리/브랜드별 세일즈 퍼널 병목을 진단하고, 지속 가능한 파이프라인을 만들어요 이런 분과 함께하고 싶어요 8년 이상의 플랫폼 서비스 제휴, 사업개발 또는 영업 관리 경험이 있으신 분 영업 대행사 또는 외부 파트너사를 관리하고 성과를 개선해 본 경험이 있으신 분 F&B 프랜차이즈 브랜드를 대상으로 제휴, 영업(계약, 조건 협상)을 주도해 본 경험이 있으신 분 데이터 기반으로 성과를 분석하고, 목표를 설정하며 꾸준히 관리해 온 경험이 있으신 분 기획부터 실행, 성과 분석까지 End-to-End 오너십을 가지고 업무를 주도해 본 경험이 있으신 분 제품, 마케팅 등 다양한 팀과 긴밀하게 협업하며 문제를 해결해 나갈 수 있는 분 이런 분이면 더 좋아요! 자기주도적으로 일하고, 긍정적인 마인드를 보유하신 분 로컬비즈니스 및 F&B 시장에 대한 이해가 높으신 분 O2O 플랫폼 비즈니스에 대한 경험이나 높은 이해도를 갖춘 분 플랫폼, O2O, IT 등 유관 도메인에서의 업무 경험을 보유하신 분 불확실한 환경에서 빠른 실행과 학습을 통해 성장하는 것을 즐기시는 분 참고해 주세요 정규직 채용의 경우 3개월의 수습기간이 있어요 ‘장애인고용촉진 및 직업재활법’, ‘국가유공자 등 예우 및 지원에 관한 법률’에 따라 장애인 및 보훈대상자는 채용 전형 시 우대하고 있어요 화상 인터뷰 합격 시 과제를 안내드리며, 직무 인터뷰에서 과제에 대한 설명을 듣고 질의응답 하는 시간을 가지고 있어요 이렇게 합류해요 1. 서류 전형 → 2. 화상 인터뷰 → 3. 직무 인터뷰 (과제 포함) → 4. 컬처핏 인터뷰 및 레퍼런스 체크 → 5. 처우협의 → 6. 최종 합격 및 입사 👉 당근 합류 여정 가이드 바로가기 (🔗) 지원하기 자주묻는질문 목록으로 돌아가기",,"하고 있어요 화상 인터뷰 합격 시 과제를 안내드리며, 직무 인터뷰에서 과제에 대한 설명을 듣고 질의응답 하는 시간을 가지고 있어요 이렇게 합류해요 1. 서류 전형 → 2. 화상 인터뷰 → 3. 직무 인터뷰 (과제 포함) → 4. 컬처핏 인터뷰 및 레퍼런스 체크 → 5. 처우협의 → 6. 최종 합격 및 입사 👉 당근 합류 여정 가이드 바로가기 (🔗) 지원하기 자주묻는질문 목록으로 돌아가기",,,,,정규직,,,,,active,2026-03-05 18:53:10.106460,2026-03-05 18:53:10.106443,True
180,129,01.  내게 맞는 포지션 찾기!,https://www.tmapmobility.com/people/culture/detail/103#job-6,"티맵모빌리티에는 개발, 프로덕트, 디자인, 경영지원 등 여러 직군의 다양한 포지션이 상시로 열려 있습니다. 페이지 하단에 있는 링크를 통해서 현재 채용 진행 중인 직무, 해당 직무를 담당하는 팀에 대한 소개와 맡게 되실 주요 업무 등 보다 자세한 내용을 보실 수 있어요. 어떤 포지션에서 내가 지금껏 쌓아온 역량과 경험을 펼치며 즐겁게 일할 수 있을지 지금 바로 확인해 보세요! FAQ. Q. 채용 공고 내 원하는 포지션이 없다면 어떻게 하나요? A. 채용 홈페이지 하단에 있는 '인재 DB 등록'을 진행해 주세요. 적합한 포지션이 오픈 될 경우 연락 드리도록 하겠습니다. Q. 중복 지원도 가능한가요? A. 하나의 포지션에 지원하셨다면 채용 전형이 시작된 것으로, 해당 포지션의 채용 전형이 종료되기 전까지는 다른 포지션에 중복 지원이 불가합니다. 현재 오픈 되어 있는 포지션 중에서 본인 커리어와 제일 적합하다고 판단되시는 포지션에 지원 부탁드립니다. 만약 지원 후 다른 포지션 지원을 희망하실 경우, [email protected] 으로 문의해 주시면 기존에 지원한 지원서는 전형 종료 또는 삭제 처리 도와드리겠습니다.",,,,,,,,,,,,active,2026-03-05 18:54:15.215359,2026-03-05 18:54:15.215341,True
181,147,현대오토에버(주) 기업정보,https://www.incruit.com/company/2636263/job,"현대오토에버(주) 는 2000년에 설립된 소프트웨어·솔루션·ASP 업종의 현대오토에버는 현대자동차그룹의 모빌리티 테크 전문 기업으로, 모빌리티 전장/응용 소프트웨어 및 엔터프라이즈 IT 부문을 맡고 있습니다. 사업을 하는 현대자동차그룹 계열사 입니다. 자본금 137억1199만원 최근 매출액 2조9434억4420만원의 사원수 5654명 규모로 서울특별시 강남구 테헤란로 510에 위치하고 있습니다. 9964 회 최근 2년간 정규직9888회/비정규직76회의 채용정보, 백엔드, 시스템엔지니어, IT기술지원 직종 등의 채용 History 가 있습니다. 신입/경력 채용현황 고용형태 주요 모집 직종 백엔드 401 시스템엔지니어 398 IT기술지원 386 서비스기획·운영 304 시스템·네트워크보안 297 최근재직자 현황 총 인원 5,804명 정보제공 : 공공데이터포털 아이디 로그인 을 하면 담당자의 정확한 회신이 가능합니다. 제목 연봉정보 수정 요청드립니다. 초임연봉정보 수정요청시 시간 소요되며 , 경우에 따라 업데이트 불가한 경우도 있으니 참고 부탁드립니다. 본 자료는 인크루트 자체 수집 데이터와 공공기관에서 공개한 자료, 언론 보도자료, 기업 자체 제공 자료 등을 토대로 추정, 작성되었습니다. 자료 출처 및 성과급, 계약직 근로자 급여 등의 포함 여부는 기업마다 다를 수 있습니다. 실제 초임 연봉과 차이가 있을 수 있으므로 해당 정보는 단순 참고 용으로 활용하시기를 권장해 드립니다. 보내기 취소",,,,,,서울,정규직,,,,,active,2026-03-05 18:54:26.295599,2026-03-05 18:54:26.295571,True
182,147,채용박람회,https://jobfair.incruit.com/jobfairmng/jobfairlist.asp?ty=y,"종료 BATTERY JOB FAIR 2026 배터리 산업의 우수 기업과 미래 인재들의 만남, BATTERY JOB FAIR 2026! 온라인 기간 : 2026. 03. 11 ~ 2026. 03. 04 오프라인 기간 : 2026. 03. 11 ~ 2026. 03. 13 종료 2025 청년취업사관학교 AI 인재 페스티벌 AI 분야 취업을 꿈꾸는 당신을 위한, 2025 청년취업사관학교 AI 인재 페스티벌 개최! 온라인 기간 : 2025. 11. 20 ~ 2025. 12. 02 오프라인 기간 : 2025. 11. 20 ~ 2025. 12. 02 종료 2025 KB굿잡 대전 일자리 페스티벌 일시 : 2025년 11월 19일(수) 10:00 - 17:00 장소 : 대전컨벤션센터 제2전시장 온라인 기간 : 2025. 10. 20 ~ 2025. 11. 28 오프라인 기간 : 2025. 11. 19 ~ 2025. 11. 19 종료 서울시 시니어 일자리박람회 2025 2025년 11월 18일(화) SETEC에서 서울시 시니어 일자리박람회가 처음으로 개최됩니다! 온라인 기간 : 2025. 10. 20 ~ 2025. 11. 18 오프라인 기간 : 2025. 11. 18 ~ 2025. 11. 18 종료 2025 제1회 항공레저산업 일자리 박람회 with 제2회 활주로축제 2025년 11월 07(금)~08(토) 한국항공대학교 활주로에서 행사가 개최 됩니다! 온라인 기간 : 2025. 10. 20 ~ 2025. 11. 10 오프라인 기간 : 2025. 11. 07 ~ 2025. 11. 08 종료 2025 구로구 일자리박람회 2025 구로구 일자리박람회가 10월 23일 개최됩니다! 온라인 기간 : 2025. 10. 23 ~ 2025. 10. 23 오프라인 기간 : 2025. 10. 23 ~ 2025. 10. 23 종료 2025 중구 온-오프 일자리박람회 멈추지 않는 커리어 중구와 함께 잡(Job) 잉! (잡:잉페어) 온라인 기간 : 2025. 09. 22 ~ 2025. 09. 30 오프라인 기간 : 2025. 09. 30 ~ 2025. 09. 30 종료 2025 금천구 일자리박람회 2025 금천구 일자리박람회가 금천구청 12층 대강당에서 진행됩니다! 온라인 기간 : 2025. 09. 15 ~ 2025. 12. 12 오프라인 기간 : 2025. 09. 30 ~ 2025. 09. 30 종료 2025 스마트건설 청년인재 채용설명회 국내 대표 건설사 및 국토교통부 산하 공기업, 건설협단체가 참여하는 2025 스마트건설 청년인재 채용설명회! 온라인 기간 : 2025. 09. 02 ~ 2025. 09. 18 오프라인 기간 : 2025. 09. 18 ~ 2025. 09. 18 종료 2025 외국인 취업·채용 박람회 온라인박람회: 2025년 9월~10월 홈페이지 오프라인박람회: 2025년 11월 20일(목) SETEC 제1전시실 온라인 기간 : 2025. 09. 01 ~ 2025. 11. 20 오프라인 기간 : 2025. 11. 20 ~ 2025. 11. 20 종료 2025 리스타트 잡페어 도전하는 오늘, 다시 잡은 내 일 광화문 광장에서 2025 리스타트 잡페어 개최! 온라인 기간 : 2025. 08. 20 ~ 2025. 09. 28 오프라인 기간 : 2025. 09. 25 ~ 2025. 09. 26 종료 동반성장 협력사 PR챌린지 전용 채용관 동반성장 협력사 PR챌린지 전용 채용관 온라인 기간 : 2025. 01. 01 ~ 2025. 12. 01 종료 2025년 동대문구 온·오프라인 취업박람회 2025년 동대문구 온·오프라인 취업박람회 온라인 기간 : 2025. 09. 01 ~ 2025. 09. 25 오프라인 기간 : 2025. 09. 25 ~ 2025. 09. 25 종료 2025 관광 일자리페스타 무궁무진한 관광의 세계! 나의 관광 커리어 지금 이륙합니다! 온라인 기간 : 2025. 08. 12 ~ 2025. 11. 14 오프라인 기간 : 2025. 09. 30 ~ 2025. 10. 01 종료 이달의 우수 강소기업 일자리 채용관 강소기업으로 선정된 국내 우수한 기업들의 채용공고를 한 곳에서 확인해보세요! 온라인 기간 : 2025. 01. 01 ~ 2025. 12. 31 종료 창업˙벤처 녹색융합클러스터 2025 JOB FESTIVAL 창업˙벤처 녹색융합클러스터 2025 JOB FESTIVAL 온라인 채용 전용관 온라인 기간 : 2025. 08. 11 ~ 2025. 11. 30 종료 환경분야 퇴직전문가 전용관 환경분야 퇴직전문가들의 기술 지원을 위한 일자리 전용관 온라인 기간 : 2025. 07. 01 ~ 2025. 12. 31 종료 2025 제대군인 취·창업 박람회 국민과 함께 하는 2025 제대군인 취·창업 박람회 온라인 기간 : 2025. 08. 11 ~ 2025. 09. 30 오프라인 기간 : 2025. 09. 30 ~ 2025. 09. 30 종료 2025 신용보증기금 온라인 채용박람회 신용보증기금을 이용하는 우수 중소기업의 채용공고를 한 번에 볼 수 있는 2025 신용보증기금 온라인 채용박람회 온라인 기간 : 2025. 08. 01 ~ 2025. 11. 30 오프라인 기간 : 2025. 08. 01 ~ 2025. 11. 30 종료 2025 항공산업 JOB FAIR 미래의 항공인들을 위한 2025 항공산업 JOB FAIR가 9월 16일 코엑스 마곡 4층에서 개최됩니다! 온라인 기간 : . . ~ 2025. 09. 16 오프라인 기간 : 2025. 09. 16 ~ 2025. 09. 16 1 2 3 4 5 6 7 8 9 10 다음페이지 다음페이지",,,,,,서울,,,,,,active,2026-03-05 18:54:29.251024,2026-03-05 18:54:29.251006,True
183,147,채용박람회,https://jobfair.incruit.com/jobfairmng/jobfairlist.asp,"진행중 2026년 국군장병 취업박람회 국군장병 취업 미션, 여기서 클리어하세요! (킨텍스 7홀, 2026. 4. 28~29) 온라인 기간 : 2026. 03. 04 ~ 2026. 12. 31 오프라인 기간 : 2026. 04. 28 ~ 2026. 04. 29 종료 BATTERY JOB FAIR 2026 배터리 산업의 우수 기업과 미래 인재들의 만남, BATTERY JOB FAIR 2026! 온라인 기간 : 2026. 03. 11 ~ 2026. 03. 04 오프라인 기간 : 2026. 03. 11 ~ 2026. 03. 13 진행중 2026 제1차 KB굿잡 우수기업 취업박람회 2026. 4. 27.(월) / 서울 삼성동 코엑스 A홀 온라인 기간 : 2026. 02. 23 ~ 2026. 05. 01 오프라인 기간 : 2026. 04. 27 ~ 2026. 04. 27 진행중 청년일자리 강소기업 채용관 청년 고용뿐만 아니라 기업 경쟁력까지 우수한 ’청년일자리 강소기업 채용관‘ 온라인 기간 : 2025. 12. 08 ~ 2026. 11. 30 종료 2025 청년취업사관학교 AI 인재 페스티벌 AI 분야 취업을 꿈꾸는 당신을 위한, 2025 청년취업사관학교 AI 인재 페스티벌 개최! 온라인 기간 : 2025. 11. 20 ~ 2025. 12. 02 오프라인 기간 : 2025. 11. 20 ~ 2025. 12. 02 종료 2025 KB굿잡 대전 일자리 페스티벌 일시 : 2025년 11월 19일(수) 10:00 - 17:00 장소 : 대전컨벤션센터 제2전시장 온라인 기간 : 2025. 10. 20 ~ 2025. 11. 28 오프라인 기간 : 2025. 11. 19 ~ 2025. 11. 19 종료 서울시 시니어 일자리박람회 2025 2025년 11월 18일(화) SETEC에서 서울시 시니어 일자리박람회가 처음으로 개최됩니다! 온라인 기간 : 2025. 10. 20 ~ 2025. 11. 18 오프라인 기간 : 2025. 11. 18 ~ 2025. 11. 18 종료 2025 제1회 항공레저산업 일자리 박람회 with 제2회 활주로축제 2025년 11월 07(금)~08(토) 한국항공대학교 활주로에서 행사가 개최 됩니다! 온라인 기간 : 2025. 10. 20 ~ 2025. 11. 10 오프라인 기간 : 2025. 11. 07 ~ 2025. 11. 08 종료 2025 구로구 일자리박람회 2025 구로구 일자리박람회가 10월 23일 개최됩니다! 온라인 기간 : 2025. 10. 23 ~ 2025. 10. 23 오프라인 기간 : 2025. 10. 23 ~ 2025. 10. 23 종료 2025 중구 온-오프 일자리박람회 멈추지 않는 커리어 중구와 함께 잡(Job) 잉! (잡:잉페어) 온라인 기간 : 2025. 09. 22 ~ 2025. 09. 30 오프라인 기간 : 2025. 09. 30 ~ 2025. 09. 30 종료 2025 금천구 일자리박람회 2025 금천구 일자리박람회가 금천구청 12층 대강당에서 진행됩니다! 온라인 기간 : 2025. 09. 15 ~ 2025. 12. 12 오프라인 기간 : 2025. 09. 30 ~ 2025. 09. 30 종료 2025 스마트건설 청년인재 채용설명회 국내 대표 건설사 및 국토교통부 산하 공기업, 건설협단체가 참여하는 2025 스마트건설 청년인재 채용설명회! 온라인 기간 : 2025. 09. 02 ~ 2025. 09. 18 오프라인 기간 : 2025. 09. 18 ~ 2025. 09. 18 종료 2025 외국인 취업·채용 박람회 온라인박람회: 2025년 9월~10월 홈페이지 오프라인박람회: 2025년 11월 20일(목) SETEC 제1전시실 온라인 기간 : 2025. 09. 01 ~ 2025. 11. 20 오프라인 기간 : 2025. 11. 20 ~ 2025. 11. 20 종료 2025 리스타트 잡페어 도전하는 오늘, 다시 잡은 내 일 광화문 광장에서 2025 리스타트 잡페어 개최! 온라인 기간 : 2025. 08. 20 ~ 2025. 09. 28 오프라인 기간 : 2025. 09. 25 ~ 2025. 09. 26 종료 동반성장 협력사 PR챌린지 전용 채용관 동반성장 협력사 PR챌린지 전용 채용관 온라인 기간 : 2025. 01. 01 ~ 2025. 12. 01 종료 2025년 동대문구 온·오프라인 취업박람회 2025년 동대문구 온·오프라인 취업박람회 온라인 기간 : 2025. 09. 01 ~ 2025. 09. 25 오프라인 기간 : 2025. 09. 25 ~ 2025. 09. 25 종료 2025 관광 일자리페스타 무궁무진한 관광의 세계! 나의 관광 커리어 지금 이륙합니다! 온라인 기간 : 2025. 08. 12 ~ 2025. 11. 14 오프라인 기간 : 2025. 09. 30 ~ 2025. 10. 01 종료 이달의 우수 강소기업 일자리 채용관 강소기업으로 선정된 국내 우수한 기업들의 채용공고를 한 곳에서 확인해보세요! 온라인 기간 : 2025. 01. 01 ~ 2025. 12. 31 종료 창업˙벤처 녹색융합클러스터 2025 JOB FESTIVAL 창업˙벤처 녹색융합클러스터 2025 JOB FESTIVAL 온라인 채용 전용관 온라인 기간 : 2025. 08. 11 ~ 2025. 11. 30 종료 환경분야 퇴직전문가 전용관 환경분야 퇴직전문가들의 기술 지원을 위한 일자리 전용관 온라인 기간 : 2025. 07. 01 ~ 2025. 12. 31 1 2 3 4 5 6 7 8 9 10 다음페이지 다음페이지",,,,,,서울,,,,,,active,2026-03-05 18:54:31.018027,2026-03-05 18:54:31.018009,True
184,147,(주)와이티엔 기업정보,https://www.incruit.com/company/9611711/job,"(주)YTN는 1993년에 설립된 방송·광고·영상·오디오 업종의 케이블방송 사업을 하는 유진그룹 계열사 입니다. 자본금 420억원 최근 매출액 1311억7800만원의 사원수 750명 규모로 서울특별시 마포구 상암산로 76에 위치하고 있습니다. 신입/경력 채용현황 고용형태 주요 모집 직종 취재·편집기자 8 방송기획·제작·편성 8 방송기술 6 전기설비 4 부동산영업 4 최근재직자 현황 총 인원 714명 정보제공 : 공공데이터포털 아이디 로그인 을 하면 담당자의 정확한 회신이 가능합니다. 제목 연봉정보 수정 요청드립니다. 초임연봉정보 수정요청시 시간 소요되며 , 경우에 따라 업데이트 불가한 경우도 있으니 참고 부탁드립니다. 본 자료는 인크루트 자체 수집 데이터와 공공기관에서 공개한 자료, 언론 보도자료, 기업 자체 제공 자료 등을 토대로 추정, 작성되었습니다. 자료 출처 및 성과급, 계약직 근로자 급여 등의 포함 여부는 기업마다 다를 수 있습니다. 실제 초임 연봉과 차이가 있을 수 있으므로 해당 정보는 단순 참고 용으로 활용하시기를 권장해 드립니다. 보내기 취소",,,,,,서울,계약직,,,,,active,2026-03-05 18:54:36.463572,2026-03-05 18:54:36.463555,True
185,147,광주과학기술원 기업정보,https://www.incruit.com/company/14360720/job,"광주과학기술원 은 2005년에 설립된 교육·연구및개발 업종의 학술연구서비스업 사업을 하는 공기업, 공공기관 입니다. 자본금 75000원 최근 매출액 148억6106만원의 사원수 472명 규모로 광주광역시 북구 첨단과기로 123에 위치하고 있습니다. 신입/경력 채용현황 고용형태 주요 모집 직종 일반사무 8 학술 6 (전산)자료입력·DM발송 6 사무보조 6 사무관리 6 최근재직자 현황 총 인원 475명 정보제공 : 공공데이터포털 아이디 로그인 을 하면 담당자의 정확한 회신이 가능합니다. 제목 연봉정보 수정 요청드립니다. 초임연봉정보 수정요청시 시간 소요되며 , 경우에 따라 업데이트 불가한 경우도 있으니 참고 부탁드립니다. 본 자료는 인크루트 자체 수집 데이터와 공공기관에서 공개한 자료, 언론 보도자료, 기업 자체 제공 자료 등을 토대로 추정, 작성되었습니다. 자료 출처 및 성과급, 계약직 근로자 급여 등의 포함 여부는 기업마다 다를 수 있습니다. 실제 초임 연봉과 차이가 있을 수 있으므로 해당 정보는 단순 참고 용으로 활용하시기를 권장해 드립니다. 보내기 취소",,,,,,광주,계약직,,,,,active,2026-03-05 18:54:36.773373,2026-03-05 18:54:36.773309,True
186,147,한국은행 기업정보,https://www.incruit.com/company/2531782/job,"한국은행 은 1950년에 설립된 은행·카드·투자기관 업종의 금융업 사업을 하는 공기업, 공공기관 입니다. 최근 매출액 13조7888억5000만원의 사원수 2446명 규모로 서울특별시 중구 남대문로에 위치하고 있습니다. 신입/경력 채용현황 고용형태 주요 모집 직종 기업금융 8 자산관리 7 감사 6 일반사무 6 재정·신용분석 6 최근재직자 현황 총 인원 2,419명 정보제공 : 공공데이터포털 아이디 로그인 을 하면 담당자의 정확한 회신이 가능합니다. 제목 연봉정보 수정 요청드립니다. 초임연봉정보 수정요청시 시간 소요되며 , 경우에 따라 업데이트 불가한 경우도 있으니 참고 부탁드립니다. 본 자료는 인크루트 자체 수집 데이터와 공공기관에서 공개한 자료, 언론 보도자료, 기업 자체 제공 자료 등을 토대로 추정, 작성되었습니다. 자료 출처 및 성과급, 계약직 근로자 급여 등의 포함 여부는 기업마다 다를 수 있습니다. 실제 초임 연봉과 차이가 있을 수 있으므로 해당 정보는 단순 참고 용으로 활용하시기를 권장해 드립니다. 보내기 취소",,,,,,서울,계약직,,,,,active,2026-03-05 18:54:37.147499,2026-03-05 18:54:37.147483,True
187,147,한국철도공사 기업정보,https://www.incruit.com/company/1786543/job,"한국철도공사 는 2005년에 설립된 육상운송 업종의 철도운송업 사업을 하는 공기업, 공공기관 입니다. 자본금 10조1088억8499만원 최근 매출액 5조3651억3183만원의 사원수 27867명 규모로 대전광역시 동구 중앙로에 위치하고 있습니다. 14 회 최근 2년간 정규직5회/비정규직9회의 채용정보, 철도신호·수송, 관제사, 보건관리자 직종 등의 채용 History 가 있습니다. 신입/경력 채용현황 고용형태 주요 모집 직종 철도신호·수송 5 관제사 4 보건관리자 4 세무 3 일반사무 3 최근재직자 현황 총 인원 25,712명 정보제공 : 공공데이터포털 아이디 로그인 을 하면 담당자의 정확한 회신이 가능합니다. 제목 연봉정보 수정 요청드립니다. 초임연봉정보 수정요청시 시간 소요되며 , 경우에 따라 업데이트 불가한 경우도 있으니 참고 부탁드립니다. 본 자료는 인크루트 자체 수집 데이터와 공공기관에서 공개한 자료, 언론 보도자료, 기업 자체 제공 자료 등을 토대로 추정, 작성되었습니다. 자료 출처 및 성과급, 계약직 근로자 급여 등의 포함 여부는 기업마다 다를 수 있습니다. 실제 초임 연봉과 차이가 있을 수 있으므로 해당 정보는 단순 참고 용으로 활용하시기를 권장해 드립니다. 보내기 취소",,,,,,대전,정규직,,,,,active,2026-03-05 18:54:37.438741,2026-03-05 18:54:37.438725,True
188,147,신입·인턴 홈,https://job.incruit.com/entry,"일시정지 요즘 뜨는 채용정보 현대오토에버(주) 2026년 상반기 현대오토에버 신입사원 채용 스크랩 D-18 한국수력원자력(주) 2026년도 제1차 체험형 청년인턴 선발 스크랩 D-7 현대모비스 26년 상반기 신입채용 스크랩 D-8 한국은행 2026년도 한국은행 일반기능직원(청원경찰, 서무, 화폐관리) 채용 안내 스크랩 D-11 현대커머셜(주) [현대카드/커머셜] 2026 Internship 스크랩 D-11 한국고용정보원 2026년도 한국고용정보원 1차 직원 채용 공고 스크랩 D-13 NH투자증권(주) NH투자증권 2026년 상반기 업무직 신입사원 채용 스크랩 D-11 에이치디한국조선해양 [HD현대] 26년 상반기 신입사원 채용 스크랩 D-19 엘아이지넥스원(주) 2026년 상반기 신입/전문연구요원 공개채용 스크랩 D-13 한국항공우주산업(주) 2026 상반기 KAI 신입사원 채용 스크랩 D-18 신입을 위한 취업 TIP 더보기 자소서 어려움 극복 예시 합격자소서에 담긴 꿀팁 #자소서어려움극복 #자소서어려움극복예시 자소서 타회사 언급 방법과 방향성 알아보기 #자회사타회사언급 면접 팀워크 질문 A to Z 모범 답변 총정리 #면접팀워크 #면접팀워크질문 NCS 시험 준비 합격 비법은 OOOO? #NCS #NC시험 신입을 위한 테마 고연봉 금융권 채용정보 #신입 #금융권 #신입행원 #고연봉_희망자 디지털이 주도하는 사회 #인공지능 #빅데이터 #블록체인 #클라우드 교육받고 취업하자 #취업연계 #내일배움카드 #국비지원 #직무교육 집에서 일하자 #워라밸 #신입 #출퇴근시간절약 #교통비절약 회사의 주주가 되어보세요 #스톡옵션 #성과보상 #회사의 성장 #나의 성장 열심히 일한 만큼 받자 #성과급 #상여금 #인센티브 식사·간식 걱정 NO #카페테리아 #간식제공 #구내식당 출퇴근을 내 맘대로 #출퇴근선택 #유연근무제 #자율출퇴근제 지역별 서울 부산 인천 대전 광주 대구 울산 세종 경기 강원특별자치도 충북 충남 전북특별자치도 전남 경북 경남 제주 직종별 경영·인사·총무·사무 재무·회계·경리 마케팅·광고·홍보·조사 인터넷·IT·통신·모바일·게임 디자인 무역·영업·판매·매장관리 유통·물류·운송·운전 고객상담·TM 서비스·여행·숙박·음식·미용·보안 전자·기계·기술·화학·연구개발 생산·정비·기능·노무 교육·교사·강사·교직원 건설·건축·토목·환경 의료·간호·보건·복지 미디어·문화·스포츠 금융·보험·증권 전문직·법률·인문사회·임원 학력별 고등학교졸업 대학(2,3년)졸업 대학교(4년)졸업 석사졸업 박사졸업 학력무관 포함 전공계열별 어문학계열 인문과학계열 사회과학계열 자연과학계열 공학계열 의/약학계열 사범계열 농/수산/해양계열 가정학계열 예/체능계열 법학계열 상경계열 기업분류별 50대 그룹사 매출 1,000대 기업 주권상장(KOSPI) 코스닥상장(KOSDAQ) 코넥스상장(KONEX) 해외상장 대기업 중견기업 중기업 중소기업 소기업 공기업, 공공기관 외국계기업 외국기관·단체 비영리단체·협회·재단 스타트업 벤처기업 해외진출기업 우수기업 고용형태별 정규직 계약직 인턴 프리랜서 위촉직 알바 파견직 병역특례 교육생(연수생) 대체인력 긱(Gig) 시간(선택)제 초기화 전체 (7,049) 대기업 공기업 · 공공기관 바로지원 가능 공고 ? 작성하신 인크루트 이력서를 이용하여, 채용정보 리스트에서 ""바로지원"" 을 통해 바로 입사지원 할 수 있는 채용정보만 노출됩니다. 기본 조회순 입사지원자순 최근 등록순 최근 수정순 마감임박 10줄 20줄 30줄 40줄 50줄 60줄 (재)CBS 관심기업 비영리단체 2026년도 CBS 신입/경력사원 공개채용(신입) 스크랩 서울 외 경력무관 학력무관 정규직 인사·채용·인재개발(HRM·HRD), 홍보·PR·전시·컨벤션, 마케팅, 방송제작·연출·촬영·기자 ~03.15 (일) (8시간전 수정) 홈페이지 지원 (재)CBS 관심기업 비영리단체 2026년도 CBS 신입/경력사원 공개채용(경력) 스크랩 서울 외 경력무관 학력무관 정규직 방송제작·연출·촬영·기자, 진행·연예·모델·매니저, 경영·기획·전략 ~03.15 (일) (8시간전 수정) 홈페이지 지원 한국지역정보개발원 관심기업 우수기업 한국지역정보개발원 2026년 상반기 계약직 채용 공고문 스크랩 서울 마포구 신입 학력무관 계약직 네트워크·서버·보안, ERP·시스템분석·설계 ~03.13 (금) (6일전 등록) 홈페이지 지원 그랜드코리아레저 관심기업 KOSPI 우수기업 2026년 GKL 텍사스홀덤 파트타임 딜러 채용공고 스크랩 서울 강남구 경력무관 학력무관 계약직 여행·레저, 게임(Game) ~03.16 (월) (8일전 수정) 홈페이지 지원 (주)YTN 관심기업 유진그룹 YTN 사원 모집(마케팅, 영업관리, 시설관리, 그래픽 디자이너) 스크랩 서울 마포구 경력무관 초대졸↑ 정규직 외 부동산·주택관리, 시설·환경·안전·플랜트, 방송제작·연출·촬영·기자 ~03.08 (일) (8일전 수정) 홈페이지 지원 (주)농협물류 관심기업 1000대 농협그룹 농협물류 상반기 신입사원 채용 스크랩 서울 서대문구 외 신입 대졸↑ 정규직 운송·물류, 택배·배송·운반, 운전·운항, 유통·상품기획·MD, 경영·기획·전략, 영업기획, 무역사무, 해외영업, 기술영업, 일반·법인영업, 네트워크·서버·보안, 전산·IT기술지원, ERP·시스템분석·설계, 소프트웨어·하드웨어, 통신·모바일 ~03.09 (월) (2시간전 수정) 홈페이지 지원 한국은행 관심기업 공기업공공기관 2026년도 한국은행 일반기능직원(청원경찰, 서무, 화폐관리) 채용 안내 스크랩 서울 중구 외 경력무관 학력무관 정규직 경비·보안·경호, 운전·운항, 일반사무·사무지원, 금융사무·심사·추심, 투자·분석·증권·외환 ~03.16 (월) (2일전 수정) 홈페이지 지원 한국철도공사 관심기업 1000대 한국철도공사그룹 2025 일하고 싶은 기업 2026년도 상반기 한국철도공사 전문/경력직 채용 스크랩 대전 동구 외 경력무관 학력무관 정규직 외 경영·기획·전략, 법률·법무·회계, 운전·운항, 광고·CG·시각디자인, ERP·시스템분석·설계, 응용프로그래머, 빅데이터·AI(인공지능), 웹프로그래머, 보건·원무 ~03.18 (수) (1일전 수정) 홈페이지 지원 한국부동산원 관심기업 우수기업 2026년 상반기 한국부동산원 채용 공고 스크랩 전국 경력무관 학력무관 정규직 외 경영·기획·전략, 인사·채용·인재개발(HRM·HRD), 재무·자금·IR, 세무·회계, 투자·분석·증권·외환, 부동산·주택관리, 건축·인테리어·설계, 데이터베이스·DBA, 전산·IT기술지원, 마케팅, 토목·조경·도시·측량 ~03.11 (수) (9일전 수정) 자소서문항 홈페이지 지원 엔에이치선물(주) 관심기업 농협그룹 2026년 NH선물 직원 채용 공고 [해외영업,리테일영업, IT] 스크랩 서울 영등포구 외 경력무관 초대졸↑ 정규직 일반·법인영업, 비서·안내, 고객상담·관리·수퍼바이저, 해외영업, 투자·분석·증권·외환, 전산·IT기술지원, 웹기획·웹마케팅·PM, 네트워크·서버·보안, 소프트웨어·하드웨어, 응용프로그래머, 컨텐츠·사이트운영, ERP·시스템분석·설계, 영업관리·영업지원, 웹디자인, 웹프로그래머 ~03.09 (월) (6일전 수정) 자소서문항 홈페이지 지원 (주)코스콤 관심기업 2026년 상반기 직원(신입/경력) 채용 공고 스크랩 서울 영등포구 외 신입/경력(3년↑) 학력무관 정규직 소프트웨어·하드웨어, 네트워크·서버·보안, 기술영업, 유통·상품기획·MD, 금융·보험영업, 일반·법인영업, ERP·시스템분석·설계 ~03.11 (수) (8일전 수정) 자소서문항 홈페이지 지원 케이디비생명보험(주) 관심기업 [KDB생명] 보험사무 계약직 사원 채용(서울) 스크랩 서울 서대문구 경력무관 고졸↑ 계약직 일반사무·사무지원 ~03.11 (수) (2일전 수정) 홈페이지 지원 KDB생명보험(주) 관심기업 [KDB생명] 보험사무 및 CS텔러 채용 스크랩 서울 용산구 외 경력무관 고졸↑ 정규직 외 일반사무·사무지원, 금융사무·심사·추심 23시 마감 (9일전 등록) 홈페이지 지원 (재)한국항공우주연구원 관심기업 1000대 한국항공우주원 2026년도 상반기 정규직 채용공고 스크랩 대전 유성구 외 경력무관 학력무관 정규직 원자력·우주·조선·철강, 기계·금속·재료, 기계·금속기능, 통신·모바일, 연구원·연구개발, 소프트웨어·하드웨어, 건축·인테리어·설계, 전산·IT기술지원, 컨텐츠·사이트운영 ~03.19 (목) (1일전 수정) 홈페이지 지원 한국소비자원 관심기업 우수기업 2026년 한국소비자원 청년인턴(일반,사회형평,장애인) 채용공고 스크랩 충북 음성군 외 신입 학력무관 인턴 일반사무·사무지원 ~03.16 (월) (6일전 수정) 자소서문항 홈페이지 지원 현대스틸산업(주) 관심기업 현대자동차그룹 현대스틸산업 경력직 채용 스크랩 서울 외 경력무관 학력무관 정규직 외 건축·인테리어·설계, 품질관리, 시설·환경·안전·플랜트, 환경·화학기능, 보건·원무, 총무·법무·특허, 일반사무·사무지원 ~03.06 (금) (6일전 수정) 홈페이지 지원 코레일테크(주) 관심기업 한국철도공사그룹 코레일테크(주) 2026년 제2차 공무직사원 채용공고 스크랩 서울 외 경력무관 학력무관 계약직 설치·수리·정비·A/S , 부동산·주택관리, 세탁·청소·방역, 비서·안내, 건설현장, 기술영업, 토목·조경·도시·측량 ~03.12 (목) (7일전 수정) 홈페이지 지원 (주)하나은행 관심기업 우수기업 2025 일하고 싶은 기업 2026년 상반기 하나은행 신입행원 채용 스크랩 전국 신입 학력무관 정규직 금융사무·심사·추심, 금융·보험영업 ~03.16 (월) (6일전 등록) 자소서문항 홈페이지 지원 (주)일화 관심기업 우수기업 (주)일화 신입 / 경력 사원 모집 스크랩 서울 강동구 외 경력무관 대졸↑ 정규직 조사·분석·통계, 영업관리·영업지원, 약무·제약, 섬유·화학, 품질관리 ~03.15 (일) (2일전 수정) 자소서문항 홈페이지 지원 롯데지알에스(주) 관심기업 1000대 롯데그룹 2026년 02월 롯데GRS AM(점포관리직) 신입 채용 스크랩 서울 외 신입 고졸↑ 정규직 부동산·주택관리, 유통·상품기획·MD, 매장관리 ~03.10 (화) (8일전 수정) 홈페이지 지원 (주)하이브 관심기업 1000대 KOSPI [HYBE] 위버스매거진 디자인",,") 스크랩 서울 강남구 경력무관 학력무관 계약직 외 일반사무·사무지원, 무역사무, 전문번역·통역 ~03.08 (일) (2일전 등록) 바로지원 기아(주) 관심기업 1000대 현대자동차그룹 [계약직] HR Coordinator(압구정) 스크랩 서울 강남구 경력무관 대졸↑ 계약직 인사·채용·인재개발(HRM·HRD) ~03.15 (일) (2일전 등록) 홈페이지 지원 롯데칠성음료 (주) 관심기업 1000대 롯데그룹 2026년 3월 롯데칠성 신입사원 채용 일반전형 스크랩 서울 송파구 외 신입 대졸↑ 정규직 세무·회계, 총무·법무·특허, 경영·기획·전략 ~03.11 (수) (1일전 등록) 자소서문항 홈페이지 지원 서울대학교병원 관심기업 1000대 [사무직, 간호직, 보건직, 기술직, 의공직] 2026년도 서울대학교병원 상반기 신규 직원 채용 공고 (장애인 특별우대) 스크랩 서울 종로구 외 경력무관 학력무관 정규직 일반사무·사무지원, 간호·간병, 보건·원무 ~03.18 (수) (1일전 수정) 홈페이지 지원 롯데이네오스화학(주) 관심기업 1000대 2026년 3월 롯데이네오스화학 신입사원 채용 일반전형 스크랩 울산 울주군 신입 대졸↑ 정규직 시설·환경·안전·플랜트, 세무·회계 ~03.17 (화) (1일전 등록) 자소서문항 홈페이지 지원 (주)에코프로 관심기업 KOSDAQ 우수기업 [에코프로EM] 2026년 R&D 신입사원 채용 스크랩 경북 포항시 신입 대졸↑ 정규직 연구원·연구개발, 전자·반도체, 생산관리 ~03.17 (화) (1일전 등록) 홈페이지 지원 (주)테크윙 관심기업 KOSDAQ 우수기업 [테크윙] 해외영업 신입 채용 스크랩 경기 화성시 신입 대졸↑ 정규직 영업기획, 영업관리·영업지원, 해외영업 ~04.03 (금) (1일전 등록) 홈페이지 지원 서울주택도시개발공사 관심기업 에스에이치공사그룹 2026년 서울주택도시개발공사 사무·기술직 신입사원",,"스톡옵션, 자율출퇴근제",,서울,정규직,,,,,active,2026-03-05 18:54:37.543020,2026-03-05 18:54:37.543008,True
189,147,에이치디한국조선해양 기업정보,https://www.incruit.com/company/614809/job,"한국조선해양(주)는 1973년에 설립된 기계·조선·자동차·운송장비 업종의 선박,해양철구조물,산업플랜트,엔진기계,전기전자시스템,건설장비,태양광발전,풍력발전 사업을 하는 HD현대그룹 계열사 입니다. 자본금 3538억6558만원 최근 매출액 5167억9633만원의 사원수 1570명 규모로 울산광역시 동구 방어진순환도로에 위치하고 있습니다. 신입/경력 채용현황 고용형태 주요 모집 직종 시설관리 10 사업기획 8 일반사무 8 안전관리·감시 7 경영지원 7 최근재직자 현황 총 인원 930명 정보제공 : 공공데이터포털 아이디 로그인 을 하면 담당자의 정확한 회신이 가능합니다. 제목 연봉정보 수정 요청드립니다. 초임연봉정보 수정요청시 시간 소요되며 , 경우에 따라 업데이트 불가한 경우도 있으니 참고 부탁드립니다. 본 자료는 인크루트 자체 수집 데이터와 공공기관에서 공개한 자료, 언론 보도자료, 기업 자체 제공 자료 등을 토대로 추정, 작성되었습니다. 자료 출처 및 성과급, 계약직 근로자 급여 등의 포함 여부는 기업마다 다를 수 있습니다. 실제 초임 연봉과 차이가 있을 수 있으므로 해당 정보는 단순 참고 용으로 활용하시기를 권장해 드립니다. 보내기 취소",,,,,,울산,계약직,,,,,active,2026-03-05 18:54:37.755066,2026-03-05 18:54:37.755050,True
190,147,코레일테크(주) 기업정보,https://www.incruit.com/company/25210208/job,"코레일테크(주) 는 2005년에 설립된 개인서비스 업종의 철도궤도공사 및 기존선 고속선의 선로 유지관리 및 부대사업 사업을 하는 공기업, 공공기관 입니다. 자본금 19억0400만원 최근 매출액 2658억9888만원의 사원수 5624명 규모로 대전광역시 중구 대종로 476에 위치하고 있습니다. 신입/경력 채용현황 고용형태 주요 모집 직종 시설관리 7 안전관리·감시 7 산업안전 6 일반사무 5 자동차정비 5 최근재직자 현황 총 인원 133명 정보제공 : 공공데이터포털 아이디 로그인 을 하면 담당자의 정확한 회신이 가능합니다. 제목 연봉정보 수정 요청드립니다. 초임연봉정보 수정요청시 시간 소요되며 , 경우에 따라 업데이트 불가한 경우도 있으니 참고 부탁드립니다. 본 자료는 인크루트 자체 수집 데이터와 공공기관에서 공개한 자료, 언론 보도자료, 기업 자체 제공 자료 등을 토대로 추정, 작성되었습니다. 자료 출처 및 성과급, 계약직 근로자 급여 등의 포함 여부는 기업마다 다를 수 있습니다. 실제 초임 연봉과 차이가 있을 수 있으므로 해당 정보는 단순 참고 용으로 활용하시기를 권장해 드립니다. 보내기 취소",,,,,,대전,계약직,,,,,active,2026-03-05 18:54:38.120971,2026-03-05 18:54:38.120952,True
191,147,(재)한국항공우주연구원 기업정보,https://www.incruit.com/company/3982892/job,"(재)한국항공우주연구원 은 1996년에 설립된 항공 및 우주 사업을 하는 공기업, 공공기관 입니다. 자본금 1000000원 최근 매출액 6795억7853만원의 사원수 1004명 규모로 대전광역시 유성구 과학로에 위치하고 있습니다. 신입/경력 채용현황 고용형태 주요 모집 직종 사업기획 8 사업조사·분석 7 행정직 7 우주·항공 6 사업제휴 6 최근재직자 현황 총 인원 1,075명 정보제공 : 공공데이터포털 아이디 로그인 을 하면 담당자의 정확한 회신이 가능합니다. 제목 연봉정보 수정 요청드립니다. 초임연봉정보 수정요청시 시간 소요되며 , 경우에 따라 업데이트 불가한 경우도 있으니 참고 부탁드립니다. 본 자료는 인크루트 자체 수집 데이터와 공공기관에서 공개한 자료, 언론 보도자료, 기업 자체 제공 자료 등을 토대로 추정, 작성되었습니다. 자료 출처 및 성과급, 계약직 근로자 급여 등의 포함 여부는 기업마다 다를 수 있습니다. 실제 초임 연봉과 차이가 있을 수 있으므로 해당 정보는 단순 참고 용으로 활용하시기를 권장해 드립니다. 보내기 취소",,,,,,대전,계약직,,,,,active,2026-03-05 18:54:38.502120,2026-03-05 18:54:38.502103,True
192,147,(주)농협물류 기업정보,https://www.incruit.com/company/1668119051/job,"(주)농협물류 는 2004년에 설립된 육상운송 업종의 화물자동차 운송사업 화물자동차 운송주선사업 화물자동차 운송가맹사업 냉동. 냉장차 운송사업 복합운송주선업 해상화물 운송사업 해운대리점업 해운중개 사업을 하는 농협그룹 계열사 입니다. 자본금 322억7560만원 최근 매출액 5538억9973만원의 사원수 274명 규모로 서울특별시 서대문구 통일로 87에 위치하고 있습니다. 신입/경력 채용현황 고용형태 주요 모집 직종 물류관리 106 일반사무 56 사무보조 49 영업관리 18 영업기획 18 최근재직자 현황 총 인원 263명 정보제공 : 공공데이터포털 아이디 로그인 을 하면 담당자의 정확한 회신이 가능합니다. 제목 연봉정보 수정 요청드립니다. 초임연봉정보 수정요청시 시간 소요되며 , 경우에 따라 업데이트 불가한 경우도 있으니 참고 부탁드립니다. 본 자료는 인크루트 자체 수집 데이터와 공공기관에서 공개한 자료, 언론 보도자료, 기업 자체 제공 자료 등을 토대로 추정, 작성되었습니다. 자료 출처 및 성과급, 계약직 근로자 급여 등의 포함 여부는 기업마다 다를 수 있습니다. 실제 초임 연봉과 차이가 있을 수 있으므로 해당 정보는 단순 참고 용으로 활용하시기를 권장해 드립니다. 보내기 취소",,,,,,서울,계약직,,,,,active,2026-03-05 18:54:38.702647,2026-03-05 18:54:38.702634,True
193,147,한국부동산원 기업정보,https://www.incruit.com/company/33133531/job,"한국부동산원 은 1969년에 설립된 부동산 관련 서비스업 사업을 하는 공기업, 공공기관 입니다. 자본금 90억원 최근 매출액 1990억0000만원의 사원수 1189명 규모로 대구광역시 동구 이노밸리로 291에 위치하고 있습니다. 19 회 최근 2년간 정규직5회/비정규직14회의 채용정보, 부동산사무, 감정평가사, 부동산 직종 등의 채용 History 가 있습니다. 신입/경력 채용현황 고용형태 주요 모집 직종 부동산사무 10 감정평가사 8 부동산 8 통계·SAS 7 건축(구조)설계 5 최근재직자 현황 총 인원 1,197명 정보제공 : 공공데이터포털 아이디 로그인 을 하면 담당자의 정확한 회신이 가능합니다. 제목 연봉정보 수정 요청드립니다. 초임연봉정보 수정요청시 시간 소요되며 , 경우에 따라 업데이트 불가한 경우도 있으니 참고 부탁드립니다. 본 자료는 인크루트 자체 수집 데이터와 공공기관에서 공개한 자료, 언론 보도자료, 기업 자체 제공 자료 등을 토대로 추정, 작성되었습니다. 자료 출처 및 성과급, 계약직 근로자 급여 등의 포함 여부는 기업마다 다를 수 있습니다. 실제 초임 연봉과 차이가 있을 수 있으므로 해당 정보는 단순 참고 용으로 활용하시기를 권장해 드립니다. 보내기 취소",,,,,,대구,정규직,,,,,active,2026-03-05 18:54:39.118357,2026-03-05 18:54:39.118340,True
194,148,FAQ,https://www.neowiz.com:443/kr/career#job-21,"지원문의 전형문의 기타문의 Q. 재지원이 가능한가요? A. 네! 재지원이 가능합니다. 다만 같은 공고의 재지원은 6개월 이후부터 가능합니다. 다른 공고라면 언제든지 지원이 가능합니다. Q. 장애인 및 보훈 대상자는 채용 전형에 가산점이 있나요? A. 장애인 또는 보훈대상자는 관계법에 의거 우대합니다. Q. 정상적으로 지원이 완료되었는지 궁금합니다. 어떻게 확인할 수 있을까요? A. 자체 사이트로 지원해 주셨다면 ‘접수 완료 안내 메일’을 받아보실 수 있습니다. 외부 사이트로 지원해 주셨거나 자체 사이트로 지원하였는데 ‘접수 완료 안내 메일’을 받지 못한 경우 [email protected] 로 문의해 주세요. Q. 채용 마감일이 정해져 있나요? A. 네! 네오위즈의 모든 채용은 수시 채용의 형태로 진행되고 있습니다. 채용 완료 시 공고가 조기 마감될 수 있습니다. 이에 관심이 있는 포지션이 있다면 빠르게 지원해 보시는 건 어떨까요? Q. 지원서 제출 후 수정이 가능한가요? A. 아니요. 제출 완료된 지원서는 수정이 불가능합니다. 지원서 수정 및 추가 서류 제출이 필요할 경우 [email protected] 로 문의해 주세요 Q. 지원 취소를 희망합니다. 지원을 취소하고 제출한 지원서와 이력서, 포트폴리오를 삭제할 수 있을까요? A. 제출해 주신 지원서와 자료들은 ‘개인정보보호 절차’에 따라 지원 후 3년간 보관되며 이후 자동으로 삭제됩니다. 즉시 지원 취소와 지원서와 이력서, 포트폴리오 삭제를 원하시는 분은 [email protected] 로 문의해 주세요. 담당자가 빠르게 확인 후 안내드리겠습니다. Q. 현재 채용하고 있지 않지만 추후에 어울리는 직무 채용이 시작되면 연락을 받아볼 수 있는 방법이 있을까요? A. 네! ‘인재 Pool’에 여러분이 관심 있는 직무와 함께 이력서를 등록해 주세요. 지원자 분과 어울리는 포지션 채용이 진행될 경우 적합한 분들에게는 네오위즈가 먼저 연락을 드리겠습니다. Q. ‘인재Pool’에 등록했는데 결과는 언제 알 수 있나요? A. ‘인재Pool’은 합격 또는 불합격이 있는 전형이 아닙니다. 추후 지원자 분과 어울리는 포지션 채용이 진행될 경우 적합한 분들에게는 네오위즈가 먼저 연락을 드릴 예정입니다. Q. 외국인 지원도 가능한가요? A. 네! 지원 가능합니다. 단, 입사 시 한국에서 취업이 가능한 비자를 보유하셔야 합니다. Q. 게임 산업 또는 게임 회사에서 근무한 경험이 없어도 지원이 가능한가요? A. 네! 가능합니다. 게임 관련 경험이 없더라도 지원자 님께서 가지고 계신 역량과 인사이트 그리고 열정이 저희가 찾고 있는 동료일 수 있습니다. ‘진행 중인 공고’를 확인하시고 지원자 님과 가장 잘 어울리는 공고를 찾아 적극적으로 지원해 주세요. Q. 이력서와 포트폴리오는 정해진 양식이나 파일 형식이 있나요? A. 아니요! 정해진 양식은 없습니다. 지원자 님의 경험과 역량을 알 수 있도록 자유롭게 구성해 주세요. 다만 PDF 또는 Word 파일로 첨부 부탁드리며 hwp 파일은 지원이 불가합니다. Q. 제출하고 싶은 자료가 많이 있습니다. 이런 경우 여러 개의 파일을 업로드할 수 있나요? A. 포트폴리오나 경력기술서 등 제출하고 싶은 자료가 여러 개인 경우 압축해서 하나의 파일로 업로드해 주세요. Q. 지원을 완료 후 이후 절차에 대하여 어디로 연락을 받아볼 수 있나요? A. 지원서에 작성해 주신 이름, 전화번호, 메일을 토대로 연락을 드립니다. 별도의 로그인 기능이 없다 보니 지원서 작성 시 정확한 연락처를 작성해 주세요. Q. 지원서 작성 시 모든 내용을 입력해서 제출해야 하나요? A. 아니요. 필수 항목을 제외한 선택 항목은 작성하지 않아도 제출 가능합니다. 단, 지원자 님의 경험과 역량을 더욱 잘 보여줄 수 있는 선택 항목이 있다면 자유롭게 작성해 주세요. Q. 포트폴리오는 필수 제출인가요? A. 지원해 주신 포지션에 따라 다를 수 있습니다. 디자인과 아트 등의 경우 포트폴리오를 꼭 제출해 주셔야 합니다. ‘진행 중인 공고’ 내 필수 제출 서류를 확인해 주시고 필수로 제출이 필요하지 않은 포지션이라면 제출 여부를 자유롭게 선택해 주세요. Q. 결과 안내는 언제 받을 수 있나요? A. 전형 별 지원 일로부터 1~2주 내 유선 또는 이메일로 결과를 안내를 드리고 있습니다. 제출해 주신 연락처로 연락을 드리고 있어 지원서를 작성하실 때 연락처를 꼼꼼히 확인해 주세요. (단, 일부 포지션의 경우 채용 마감 시 일괄 결과 안내를 할 수 있습니다.) 채용에 대해 궁금하신 사항은 FAQ를 먼저 참고해주시기 바랍니다. FAQ에서 원하는 답변을 찾지 못할 경우에는 [email protected] 로 문의 주시기 바랍니다 진행 중 공고 34 개 인재풀 등록 전체 공고보기 console.log(""kr"")",,,,,,경기,,,,,,active,2026-03-05 18:54:40.788130,2026-03-05 18:54:40.788111,True
195,151,채용 공지사항,https://www.pearlabyss.com/ko-KR/Company/Careers/Notice,"채용 공지사항 검색 채용 공지사항 제목 날짜 [공지] 2026 펄어비스 채용연계형 봄 인턴십 안내 2026-01-23 [공지] 개인정보처리방침 개정 안내 2025-05-19 [공지] 영상정보처리기기 운영·관리 방침 2025-05-19 [공지] 개인정보처리방침 개정 안내 2024-09-02 [공지] 개인정보처리방침 개정 안내 2024-04-11 [공지] 개인정보처리방침 개정 안내 2024-02-01 [공지] 개인정보처리방침 개정 안내 2023-12-22 [공지] 임시 저장한 지원서의 자동 삭제 규정 2022-05-12 1 펄어비스로의 광고/제휴 문의는 하단의 메일주소로 접수된 건에 한하여 검토 됩니다. 문의내용과 맞는 분류의 E-mail로 연락 주시기 바랍니다. 광고/제휴 문의 : business@pearlabyss.com 기타 문의 : contact@pearlabyss.com 펄어비스는 보다 더 투명하고 윤리적인 기업문화의 정착을 위해 기업윤리 신고센터 를 운영합니다. 임직원의 불공정한 업무수행, 금품·접대 등 부당한 요구, 회계관련 부당한 업무처리 및 기타 부정·비리 행위 등을 상담·신고 할 수 있는 채널로, 임직원, 협력사,기타 제보와 관련있는 거래 당사자 또는 제3자 등 누구나 실명 또는 익명 으로 신고가능하며, 신고된 내용은 펄어비스 감사 주관 하에 공정하고 엄중하게 조사·처리됩니다. 제보자의 신분과 상담·신고 내용 등은 철저히 비밀로 보장되며, 제보자는 어떠한 경우에도 정당한 제보를 이유로 불이익이나 차별을 받지 않음을 약속 드립니다. 접수된 사항은 빠른 시일내에 처리할 수 있도록 최선을 다하겠습니다. 처리결과 확인하기 상담·신고하기 URL 복사하기 (주)펄어비스(이하 '회사')는 귀하의 개인정보보호를 매우 중요시하며 『개인정보보호법』 등 관련 법령의 개인정보보호 규정을 준수하고 있습니다. 개인정보처리방침을 통해 귀하께서 제공하는 개인정보가 어떠한 용도와 방식으로 이용되고 있으며, 개인정보보호를 위해 어떠한 조치가 취해지고 있는지 알려드립니다. 본 개인정보처리방침은 펄어비스 공식 홈페이지 및 회사가 운영 및 관리하고 있는 건물에 적용됩니다. 1. 수집하는 개인정보 항목 및 수집방법 회사는 홈페이지 이용 시 필요한 최소한의 개인정보만을 수집하여 처리하고 있습니다. 1) 기업 윤리 제보 - 이름, 전화번호, 이메일 주소, 비밀번호 ※ 기업 윤리 관련 상담 및 신고는 익명으로도 가능합니다. 2) 채용 - (입사지원 및 인재풀 운영) 이름(국문, 영문), 사진, 성별, 국적, 생년월일, 연락처, 이메일, 주소, 지원경로, 학력사항, 자기소개, (이하 해당 시) 경력사항, 병력사항, 자격증, 어학, 해외 경험, 수상 경력, 대외 활동, 보유기술, 경력기술서, 기타 첨부파일(포트폴리오), 추천인, 희망 연봉, 보훈정보, 장애정보 - (면접 시) 이름, 생년월일, 연락처, 주소지, 주민등록번호 3) 펄어비스 본사 방문 - 이름, 소속, (선택)차량번호, 연락처, (선택)이메일 2. 개인정보의 처리 목적 회사는 다음의 목적을 위하여 개인정보를 처리합니다. 처리하고 있는 개인정보는 다음의 목적 이외의 용도로는 이용되지 않으며, 이용 목적이 변경되는 경우에는 관계법령에 따라 별도의 동의를 받는 등 필요한 조치를 이행할 예정입니다. 1) 기업 윤리 관련 상담 및 신고 접수 2) 기업 윤리 관련 상담 및 신고 내역 처리 결과 회신 등 원활한 의사소통 경로 확보 3) 채용절차의 진행 4) 진행단계별 결과 등 채용정보 안내 5) 인재풀 구성 6) 건물 출입관리, 방문객 주차관리, 무선 네트워크 서비스 제공 7) 기타 소득 신고 등 관련법령 준수 3. 개인정보 제3자 제공 회사는 귀하의 개인정보를 '개인정보의 처리목적'에서 명시한 범위 내에서만 처리하며, 정보주체의 동의, 법률의 특별한 규정 등 관계법령 상 허용된 경우 이외에는 개인정보를 제3자에게 제공하지 않습니다. 4. 개인정보 처리위탁 회사는 향상된 서비스의 제공을 위하여 다음과 같이 귀하의 개인정보를 외부에 위탁하여 처리하고 있습니다. 개인정보 위탁처리업체 및 그 내용은 아래와 같습니다. 업체명 위탁업무 ㈜사람인 온라인 인적성 검사 대행 - [재수탁사]㈜다우기술: 온라인 인적성 검사 안내 SMS 발송 ㈜그렙 온라인 코딩 및 필기 테스트 대행 슈어엠㈜ 메시지 발송 시스템 제공 및 관리 ㈜에스앤아이코퍼레이션 건물 출입관리, 방문객 주차관리 - [재수탁사]㈜아이비에스인더스트리/㈜프로에스콤: 건물 출입 관리 Azure Blob 클라우드 서비스 이용 회사는 위탁계약 체결 시 관계법령에 따라 위탁업무 수행목적 외 개인정보 처리금지, 기술적·관리적 보호조치, 재위탁 제한, 수탁자에 관한 관리·감독, 손해배상 등 책임에 관한 사항을 계약서 등 문서에 명시하고, 수탁자가 개인정보를 안전하게 처리하는지를 감독하고 있습니다. 위탁업무의 내용이나 수탁자가 변경될 경우에는 지체없이 본 개인정보 처리방침을 통하여 공개하도록 하겠습니다. 수탁 업체에 전달된 개인정보는 원칙적으로 개인정보의 수집 및 이용 목적이 달성되면 파기합니다. 다만, 대한민국의 법령에 따라 정보를 보존하여야 하는 경우에는 수탁 업체에서 해당 정보를 보관할 수 있으며 다른 목적으로 사용되지 않습니다. 5. 개인정보의 처리 및 이용기간 회사는 개인정보를 수집시에 동의 받은 보유·이용 기간 내에서 개인정보를 처리 및 보유하며, 원칙적으로 개인정보의 처리목적이 달성되면 지체없이 파기합니다. 1) 기업 윤리 제보 접수된 상담 및 신고 처리일로부터 1년 2) 채용 (입사지원 및 인재풀 운영) 입사지원자의 개인정보는 회사의 인재풀에 3년간 보관되며, 채용이 필요한 경우 해당 인재풀에서 상시채용을 위하여 이용됩니다. 입사지원자가 개인정보의 삭제를 원하는 경우 지체 없이 해당 정보를 삭제합니다. 단, 관계 법령에 따라 특별히 보관해야 하는 개인정보가 수집될 경우, 해당 법령에서 규정한 기간 동안 개인정보를 보관합니다. 3) 펄어비스 본사 방문 출입증 만료일로부터 1년 6. 개인정보의 파기 회사는 원칙적으로 개인정보 보유기간의 경과, 처리목적의 달성 등 개인정보가 불필요하게 되었을 때에는 지체없이 해당정보를 파기합니다. 귀하로부터 동의 받은 개인정보의 보유기간이 경과하거나 처리목적이 달성되었음에도 불구하고 다른 법령에 따라 개인정보를 계속 보존하여야 하는 경우에는, 해당 개인정보를 별도의 DB로 옮기거나 보관장소를 달리하여 보존합니다. 개인정보 파기 방법은 다음과 같습니다. 파기 방법 : 종이에 출력된 개인정보는 분쇄기로 분쇄하거나 소각을 통하여 파기하며, 전자적 파일형태로 저장된 개인정보는 기록을 재생할 수 없는 기술적 방법을 사용하여 삭제합니다. 7. 정보주체의 권리와 그 행사방법 귀하는 언제든지 등록되어 있는 귀하의 개인정보의 열람, 정정, 삭제, 처리정지를 요청하실 수 있습니다. 이 경우, 개인정보보호 책임자 또는 개인정보 고충처리부서에 서면, 전화 또는 이메일로 연락하시면 확인 후 지체없이 조치하겠습니다. 8. 개인정보 자동수집장치의 설치, 운영 및 그 거부에 관한 사항 1) 쿠키의 사용 목적 쿠키는 웹 사이트에 접속하면 생성되는 정보를 담은 임시 파일로 이용자의 컴퓨터에 저장됩니다. 당사는 쿠키를 활용하여 이용자의 언어, 인증 정보 등을 기록하고, 개인화된 서비스 제공을 위한 환경 정보를 저장하고, 이용자가 보다 손쉽게 사이트를 이용할 수 있는 환경 구성에 사용합니다. 또한, 사이트 이용 경향 분석, 웹 사이트 관리, 이용자의 웹 사이트 이용실태 등 전반적인 당사 웹사이트 이용자의 통계적 정보 수집 목적으로도 사용합니다. ① PC 웹 브라우저 쿠키 수집 차단 방법 - 크롬(Chrome): 웹브라우저 오른쪽 상단의 [⋮] 표시 선택 > 새 시크릿 창 (단축키 : Ctrl+Shift+N) - 엣지(Edge): 웹브라우저 오른쪽 상단의 […] 표시 선택 > 새 InPrivate 창 (단축키 : Ctrl+Shift+N) ※ 그 외의 웹 브라우저는 각 브라우저별 설정 방법을 따릅니다. ② 모바일 브라우저에서 쿠키 수집 차단 방법 - 크롬(Chrome) : 모바일 브라우저 오른쪽 상단의 [⋮] 표시 선택 > 새 시크릿 탭 - 사파리(Safari) : 모바일 기기 설정 > 사파리(Safari) > 고급 > 모든 쿠키 차단 - 삼성 인터넷 : 모바일 브라우저 아래쪽 '탭' 아이콘 선택 > 비밀 모드 켜기 > 시작 2) 웹로그 분석툴의 사용 목적 당사는 Google Analytics 웹로그 분석툴을 사용하여 웹사이트에서 이용자의 취향과 관심 분야를 분석합니다. Google Analytics의 데이터 사용 설정 방법은 아래와 같습니다. - Google Analytics 차단: https://tools.google.com/dlpage/gaoptout/ 9. 개인정보 안전성 확보조치 회사는 이용자의 개인정보가 분실, 도난, 누출, 변조 또는 훼손되지 않도록 아래와 같은 개인정보 안전성 확보 대책을 마련하여 이행하고 있습니다. 1) 기술적 대책 - 개인정보가 포함되어 있는 중요한 데이터는 그 파일 및 송신 데이터를 암호화하거나 파일 잠금 기능을 사용하는 등의 보안 기능을 사용하여 보호하고 있습니다. - 회사는 해킹이나 컴퓨터 바이러스 등에 의하여 이용자의 개인정보가 유출되거나 훼손되는 것을 방지하기 위하여 항상 감시하고 있습니다. 또한 만약의 사태를 대비하여 개인정보를 주기적으로 백업하고 있으며 Anti-Virus 프로그램, Firewall 등 다양한 보안 장비들로 보호하고 있습니다. - 회사는 개인정보를 처리할 수 있도록 체계적으로 구성된 데이터베이스 시스템에 필요한 안전성 확보 조치를 다하고 있습니다. 2) 관리적 대책 - 회사는 이용자의 개인정보에 대한 접근 권한을 최소한의 인원으로 제한하고 있습니다. - 회사는 개인정보취급자와 수탁사를 대상으로 개인정보보호 의무 등에 관해 정기적인 교육을 실시하고 있습니다. - 회사는 개인정보보호 업무를 전담하는 부서에서 개인정보 보호 관련 정책을 수립하여 관리하고 있습니다. 또한 내부 규정 준수 여부를 정기적으로 확인하여 문제가 발견될 경우, 지체없이 바로잡을 수 있도록 노력하고 있습니다. 3) 물리적 대책 - 회사는 개인정보를 보관하고 있는 개인정보시스템의 물리적 보관 장소를 별",,,,,,,인턴,,,,,active,2026-03-05 18:54:46.045876,2026-03-05 18:54:46.045849,True
196,161,Smilegate Careers,https://careers.smilegate.com/,Smilegate Careers APPLY LIFE AT SMILEGATE STUDENT LOGIN Loading... 뒤로 가기 레이어 닫기 안녕하세요. 스마일게이트 채용사이트에 오신걸 환영합니다. 궁금한 점이 있으신가요? 자주 묻는 질문을 확인해보세요. 1:1 문의하기 입사지원 더 많은 FAQ 보기 1:1 문의하기 레이어 닫기 헤드헌터 안내 확인 공지사항 오늘하루 열지않기 공지사항 닫기 You We meet the Chance Future 통합검색 검색 Scroll Down stop/play 합병에 따른 개인정보 이전 안내 공고 공고 전문 확인 ▶ Click 오늘 하루 보지 않기 하루동안 열지 않기 닫기 go to faq go to top Family Site 스마일게이트 스마일게이트 뉴스룸 스마일게이트 희망스튜디오 스마일게이트 오렌지플래닛,,,,,,,,,,,,active,2026-03-05 18:54:56.661183,2026-03-05 18:54:56.661153,True
197,166,Technical Solutions Engineer,https://www.skelterlabs.com/creer/technical-solutions-engineer,"스켈터랩스 TSE는 이런 일을 합니다. 고객과의 원활한 소통을 통해 요구사항을 이해하고 기술적인 솔루션을 제안합니다. 제품 설치, 설정 및 통합을 지원하여 고객의 운영 환경에 맞는 최적의 결과를 제공합니다. 기술적 문제를 진단하고 해결하기 위해 빠르게 대응하며, 필요한 경우 개선 사항을 제안합니다. 스켈터랩스 AIQ+ 제품 및 기술 관련 교육 자료를 개발하고 고객 및 파트너에게 전달합니다. 팀 내외에서 지식을 공유하고 협력하여 지속적인 개선과 혁신을 이끌어냅니다. ‍ Job Requirements 이런 분을 찾습니다. 컴퓨터 공학, 전자공학, 정보기술 또는 관련 분야에서 학사 학위 또는 해당 분야에서의 경험 기술적 문제 해결 능력과 창의력 고객과의 원활한 커뮤니케이션 능력 소프트웨어 및 하드웨어 구성 및 통합에 대한 기술적 이해 문제 분석 및 해결 능력 팀 내외에서의 협력과 지식 공유 능력 ‍ 이런 분이면 더더욱 좋습니다. Linux 관련 지식 및 사용 경험 보유 Kubernetes 관련 지식 및 사용 경험 보유 서비스 시스템 구조에 대한 높은 이해 on-premise 사이트 설치 및 운영 경험 보유 ‍ 면접 프로세스 1차 온라인 기술 인터뷰 2차 컬쳐핏 인터뷰 시니어의 경우 레퍼런스 체크가 진행될 수 있습니다. 신입/경력 무관하게 수습기간 3개월이 적용됩니다 직군 Technical Solutions Engineer 지원구분 정규직 경력 경력 마감일 채용 시 마감 모집인원 0명 지원하기 지원하기","이런 분을 찾습니다. 컴퓨터 공학, 전자공학, 정보기술 또는 관련 분야에서 학사 학위 또는 해당 분야에서의 경험 기술적 문제 해결 능력과 창의력 고객과의 원활한 커뮤니케이션 능력 소프트웨어 및 하드웨어 구성 및 통합에 대한 기술적 이해 문제 분석 및 해결 능력 팀 내외에서의 협력과 지식 공유 능력 ‍ 이런 분이면 더더욱 좋습니다. Linux 관련 지식 및 사용 경험 보유 Kubernetes 관련 지식 및 사용 경험 보유 서비스 시스템 구조에 대한 높은 이해 on-premise 사이트 설치 및 운영 경험 보유 ‍ 면접 프로세스 1차 온라인 기술 인터뷰 2차 컬쳐핏 인터뷰 시니어의 경우 레퍼런스 체크가 진행될 수 있습니다. 신입/경력 무관하게 수습기간 3개월이 적용됩니다 직군 Technical Solutions Engineer 지원구분 정규직 경력 경력 마감일 채용 시 마감 모집인원 0명 지원하기 지원하기",,,,,,정규직,,,,,active,2026-03-05 18:54:59.092071,2026-03-05 18:54:59.092049,True
198,166,Product Owner,https://www.skelterlabs.com/creer/product-manager,"(Responsibilities)] 스켈터랩스의 Product Owner는 이런 역할을 합니다. 사용자 관점에서 새로운 가치를 발굴하여, 자사 및 고객사 비즈니스 성장으로 이어질 수 있는 제품을 정의합니다. 최우선 가치와 사용자 경험, 기술적 Feasibility를 종합적으로 고려한 산출물, 구현 방안과 로드맵을 설정합니다. 상세기획, 디자인, 개발, 검증, 운영까지 제품 라이프사이클 전반을 이끌고, 의사결정의 중심을 잡습니다. 제품 운영 중 데이터와 VoC를 수집하고, 이에 근거한 개선와 업그레이드를 지속합니다. 사업 제안, 마케팅 등에 활용될 문서나 콘텐츠 제작 과정을 지원합니다. 스켈터랩스의 제품들이 기반하고 있는 기술 및 분야입니다. LLM 기반 RAG, Agent NLP, STT, TTS, MRC(기계독해) 등 주요 User Interface: Chatbot, Voicebot, Bot Builder Back-office 등 ‍ [자격 요건 (Requirements)] 이런 분을 찾습니다. 10년 전/후의 시니어급 경험 기획-개발 역할에 국한 된 것이 아닌, 프로젝트 전체의 리딩 경험 완결성 있는 기획 역량 및 NLP/LLM 분야의 실무 경험 User Interface(웹/앱)에 대한 상위 구조 및 대표 화면 UX 설계 경험 → 디자이너와의 성공적인 협업 포함 ‍ [","(Requirements)] 이런 분을 찾습니다. 10년 전/후의 시니어급 경험 기획-개발 역할에 국한 된 것이 아닌, 프로젝트 전체의 리딩 경험 완결성 있는 기획 역량 및 NLP/LLM 분야의 실무 경험 User Interface(웹/앱)에 대한 상위 구조 및 대표 화면 UX 설계 경험 → 디자이너와의 성공적인 협업 포함 ‍ [우대 사항 (Preferred Qualifications)] 이런 분이면 더 좋겠어요. 새로운 기술에 대한 습득과 활용 능력이 좋은 분 SW 개발, UX, 콘텐츠 기획 등 유관 분야 실무 경험 생성형 AI 관련 Prompt engineering 경험 영문 자료 리서치, 의사소통이 가능하신 분 효율적이며 우호적인 커뮤니케이션 수행 역량 - 문서, 이메일, 슬랙 등의 협업 툴, 전화, 온/오프라인 회의 포함 ‍ 면접 프로세스 1차 실무 인터뷰 2차 경영진 컬쳐핏 인터뷰 상황에 따라 추가 interview가 진행될 수 있습니다. 기타 안내 시니어의 경우 레퍼런스 체크가 진행될 수 있습니다. 신입/경력 무관하게 수습기간 3개월이 적용됩니다 ‍ ‍ 직군 Product Manager 지원구분 정규직 경력 경력 마감일 채용 시 마감 모집인원 0명 지원하기 지원하기","(Preferred Qualifications)] 이런 분이면 더 좋겠어요. 새로운 기술에 대한 습득과 활용 능력이 좋은 분 SW 개발, UX, 콘텐츠 기획 등 유관 분야 실무 경험 생성형 AI 관련 Prompt engineering 경험 영문 자료 리서치, 의사소통이 가능하신 분 효율적이며 우호적인 커뮤니케이션 수행 역량 - 문서, 이메일, 슬랙 등의 협업 툴, 전화, 온/오프라인 회의 포함 ‍ 면접 프로세스 1차 실무 인터뷰 2차 경영진 컬쳐핏 인터뷰 상황에 따라 추가 interview가 진행될 수 있습니다. 기타 안내 시니어의 경우 레퍼런스 체크가 진행될 수 있습니다. 신입/경력 무관하게 수습기간 3개월이 적용됩니다 ‍ ‍ 직군 Product Manager 지원구분 정규직 경력 경력 마감일 채용 시 마감 모집인원 0명 지원하기 지원하기",,,,,정규직,,,,,active,2026-03-05 18:54:59.500798,2026-03-05 18:54:59.500779,True
199,166,Applied AI Technical Engineer (ML),https://www.skelterlabs.com/creer/applied-ai-technical-engineer-ml,"Build: AI Agent System 구현 및 최적화 From Abstract to Concrete: 고객의 추상적인 비즈니스 요구사항을 명확한 기술 스펙으로 전환하고, 이를 수행할 수 있는 AI Agent 아키텍처를 설계 및 개발합니다. Core Tech Implementation: Conversational AI(NLP/Speech) 및 RAG 기반 검색 기술을 활용하여 고성능 AI 모델과 백엔드 시스템을 구축합니다. Problem Solving with Tech: 프로젝트 현장에서 발생하는 다양한 기술적 난제를 비즈니스 임팩트 관점에서 해석하고, 최적의 기술 스택을 활용해 해결합니다. Ops: 지속 가능한 진화 및 운영 파이프라인 Continuous Evolution: 구축된 AI Agent가 시간이 지남에 따라 더 똑똑해질 수 있도록, 데이터 수집-학습-배포가 자동화된 파이프라인(MLOps)을 구축합니다. Reliability & Performance: AI 서비스의 안정적인 운영을 위한 모니터링 시스템을 설계하고, 모델의 응답 속도 및 품질을 지속적으로 개선합니다. Scale-up MVP: 프로젝트를 통해 검증된 핵심 기능을 재사용 가능한 모듈로 만들고, 향후 제품화(MVP)로 이어질 수 있는 확장성 있는 코드를 작성합니다. ‍ Field Work: 필요 시, 프로젝트 성공을 위한 고객사 파견 업무를 수행하여 현장의 문제를 직접 해결합니다 ‍ Job Requirements 이런 분을 찾습니다 Engineering Foundation: 컴퓨터공학 관련 학위 또는 이에 준하는 실무 개발 경력을 보유하신 분 Implementation Skills: Python, TypeScript 등 백엔드 개발 능력과 Langgraph, Prompting 등 LLM 오케스트레이션 구현 역량을 보유하신 분 RAG & Search: Elasticsearch, Vector DB 등을 활용한 검색 시스템 및 RAG 아키텍처 구축 경험이 있는 분 Translation Capability: 비즈니스 요구사항을 이해하고, 이를 실제 구현 가능한 기술적 단위(Task)로 쪼개어 개발할 수 있는 분 Active Communication: PM 및 비즈니스 담당자와 긴밀히 소통하며, 기술적인 제약 사항이나 대안을 명확하게 설명할 수 있는 분 ‍ 이런 분이면 더 좋겠어요 AI를 활용해 코드를 작성하고 대규모 Code Base를 분석해본 경험이 있는 분 IR(정보 검색) 또는 NLP(자연어 처리) 분야의 실무 혹은 연구 경험 3년 이상이신 분 (석·박사 우대) Kubernetes, MLFlow, Spark 등 대용량 데이터 처리 및 MLOps 환경 구축 경험이 있는 분 Top Tier 학회(NeurIPS, EMNLP 등) 논문 출판 경험이 있거나, 최신 AI 논문을 빠르게 코드로 구현(Reproduction) 할 수 있는 분 고객사 파견 업무나 B2B 솔루션 딜리버리 프로젝트에 참여해 본 경험이 있는 분 ‍ 면접 프로세스 서류 전형 1차 Online Interview Google Docs와 Google Meet을 활용한 알고리즘 및 시스템 설계 라이브 코딩 테스트 2차 경영진 문화 면접 (Culture Fit) 회사의 비전(Applied AI)과 문화에 대한 적합성 확인 최종 합격 ※ 상황에 따라 추가 인터뷰가 진행될 수 있습니다. ‍ 기타 안내 시니어의 경우 레퍼런스 체크가 진행될 수 있습니다. 신입/경력 무관하게 수습기간 3개월이 적용됩니다 직군 Applied AI Engineer 지원구분 정규직 경력 경력 마감일 채용 시 마감 모집인원 0명 지원하기 지원하기","이런 분을 찾습니다 Engineering Foundation: 컴퓨터공학 관련 학위 또는 이에 준하는 실무 개발 경력을 보유하신 분 Implementation Skills: Python, TypeScript 등 백엔드 개발 능력과 Langgraph, Prompting 등 LLM 오케스트레이션 구현 역량을 보유하신 분 RAG & Search: Elasticsearch, Vector DB 등을 활용한 검색 시스템 및 RAG 아키텍처 구축 경험이 있는 분 Translation Capability: 비즈니스 요구사항을 이해하고, 이를 실제 구현 가능한 기술적 단위(Task)로 쪼개어 개발할 수 있는 분 Active Communication: PM 및 비즈니스 담당자와 긴밀히 소통하며, 기술적인 제약 사항이나 대안을 명확하게 설명할 수 있는 분 ‍ 이런 분이면 더 좋겠어요 AI를 활용해 코드를 작성하고 대규모 Code Base를 분석해본 경험이 있는 분 IR(정보 검색) 또는 NLP(자연어 처리) 분야의 실무 혹은 연구 경험 3년 이상이신 분 (석·박사 우대) Kubernetes, MLFlow, Spark 등 대용량 데이터 처리 및 MLOps 환경 구축 경험이 있는 분 Top Tier 학회(NeurIPS, EMNLP 등) 논문 출판 경험이 있거나, 최신 AI 논문을 빠르게 코드로 구현(Reproduction) 할 수 있는 분 고객사 파견 업무나 B2B 솔루션 딜리버리 프로젝트에 참여해 본 경험이 있는 분 ‍ 면접 프로세스 서류 전형 1차 Online Interview Google Docs와 Google Meet을 활용한 알고리즘 및 시스템 설계 라이브 코딩 테스트 2차 경영진 문화 면접 (Culture Fit) 회사의 비전(Applied AI)과 문화에 대한 적합성 확인 최종 합격 ※ 상황에 따라 추가 인터뷰가 진행될 수 있습니다. ‍ 기타 안내 시니어의 경우 레퍼런스 체크가 진행될 수 있습니다. 신입/경력 무관하게 수습기간 3개월이 적용됩니다 직군 Applied AI Engineer 지원구분 정규직 경력 경력 마감일 채용 시 마감 모집인원 0명 지원하기 지원하기",") Kubernetes, MLFlow, Spark 등 대용량 데이터 처리 및 MLOps 환경 구축 경험이 있는 분 Top Tier 학회(NeurIPS, EMNLP 등) 논문 출판 경험이 있거나, 최신 AI 논문을 빠르게 코드로 구현(Reproduction) 할 수 있는 분 고객사 파견 업무나 B2B 솔루션 딜리버리 프로젝트에 참여해 본 경험이 있는 분 ‍ 면접 프로세스 서류 전형 1차 Online Interview Google Docs와 Google Meet을 활용한 알고리즘 및 시스템 설계 라이브 코딩 테스트 2차 경영진 문화 면접 (Culture Fit) 회사의 비전(Applied AI)과 문화에 대한 적합성 확인 최종 합격 ※ 상황에 따라 추가 인터뷰가 진행될 수 있습니다. ‍ 기타 안내 시니어의 경우 레퍼런스 체크가 진행될 수 있습니다. 신입/경력 무관하게 수습기간 3개월이 적용됩니다 직군 Applied AI Engineer 지원구분 정규직 경력 경력 마감일 채용 시 마감 모집인원 0명 지원하기 지원하기",,,,,정규직,,,,,active,2026-03-05 18:54:59.768860,2026-03-05 18:54:59.768845,True
200,166,Applied AI Technical Engineer (Full Stack),https://www.skelterlabs.com/creer/product-engineer,"(Responsibilities)] ‍ End-to-End Product Development 기획부터 배포까지주도: 제품의 기능 단위(Feature)를 기획 단계부터 개발, 배포까지 주도적으로 수행하며, ""왜 만드는가""에 대한 본질적인 고민을 함께합니다. Full Stack Implementation: 백엔드(Server), 프론트엔드(Web/App), 클라우드 인프라를 아우르는 전방위적인 개발을 통해 유연하고 안정적인 서비스를 구현합니다. User Experience Optimization: 사용자 경험(UX) 최적화를 위해 Feature 운영 및 모니터링 도구를 설계하고, 데이터를 기반으로 제품을 개선합니다. Collaboration & Operation AI & Infra Collaboration: 머신러닝 엔지니어 및 인프라 엔지니어와 긴밀히 협업하여, AI 모델이 실제 서비스에서 원활하게 동작하도록 연결합니다. Cross-functional Teamwork: PM, 디자이너, 마케터 등 비개발 직군과 적극적으로 소통하며 비즈니스 목표를 달성하는 제품을 만듭니다. Ops Tools: 서비스 및 시스템의 관리/운영 효율화를 위한 내부 도구를 개발하고 도입합니다. Field Work: 필요 시, 프로젝트 성공을 위한 고객사 파견 업무를 수행하여 현장의 문제를 직접 해결합니다 ‍ [자격 요건 (Requirements)] ‍ 이런 분을 찾습니다 학력/전공: 컴퓨터공학 학사 이상의 학력 또는 이에 준하는 실무 경력을 보유하신 분 Language/Framework : 특정 언어나 프레임워크에 종속되지 않고, 서버 및 웹 클라이언트 개발의 핵심 개념(요청/응답 모델, 상태 관리, 비동기 처리, 에러 핸들링 등)을 이해하고 이를 코드로 구현할 수 있는 분 React, Vue 등 최신 모바일/웹앱 UI 프레임워크에 대한 이해 및 사용 경험 또는 최신 서버 프레임워크 기반의 아키텍처 설계 및 개발 경험 Database: RDBMS 및 NoSQL 등 데이터베이스 전반에 대한 이해와 실무 사용 경험이 있는 분 Collaboration Tools: Git 등 분산 버전 관리 시스템을 활용한 협업에 익숙하신 분 Mindset: 단순 구현을 넘어 ""이 제품이 왜 만들어지는가?""에 대해 끊임없이 고민하고 답을 찾는 개발자 ‍ [","(Requirements)] ‍ 이런 분을 찾습니다 학력/전공: 컴퓨터공학 학사 이상의 학력 또는 이에 준하는 실무 경력을 보유하신 분 Language/Framework : 특정 언어나 프레임워크에 종속되지 않고, 서버 및 웹 클라이언트 개발의 핵심 개념(요청/응답 모델, 상태 관리, 비동기 처리, 에러 핸들링 등)을 이해하고 이를 코드로 구현할 수 있는 분 React, Vue 등 최신 모바일/웹앱 UI 프레임워크에 대한 이해 및 사용 경험 또는 최신 서버 프레임워크 기반의 아키텍처 설계 및 개발 경험 Database: RDBMS 및 NoSQL 등 데이터베이스 전반에 대한 이해와 실무 사용 경험이 있는 분 Collaboration Tools: Git 등 분산 버전 관리 시스템을 활용한 협업에 익숙하신 분 Mindset: 단순 구현을 넘어 ""이 제품이 왜 만들어지는가?""에 대해 끊임없이 고민하고 답을 찾는 개발자 ‍ [우대 사항 (Preferred Qualifications)] ‍ 이런 분이면 더 좋겠어요 컴퓨터공학 관련 석사 이상의 학위를 보유하신 분 상용 서비스를 기획부터 론칭, 운영까지 전체 사이클을 경험해보신 분 반응형 디자인, 웹 접근성, 웹 표준을 고려한 고품질의 UI 개발 경험이 있는 분 MySQL, PostgreSQL, MongoDB, Redis 등 다양한 DB 시스템을 목적에 맞게 능숙하게 활용할 수 있는 분 AWS, GCP 등 클라우드 인프라 설계 및 운영 경험이 있거나, Docker/Kubernetes 기반의 컨테이너 환경에 대한 높은 이해도를 가지신 분 고객사 파견 업무나 B2B 솔루션 딜리버리 프로젝트에 참여해 본 경험이 있는 분 ‍ [면접 프로세스] 서류 전형 1차 Online Interview Google Docs와 Google Meet을 활용한 알고리즘 및 시스템 설계 라이브 코딩 테스트 2차 경영진 문화 면접 (Culture Fit) 회사의 비전(Applied AI)과 문화에 대한 적합성 확인 최종 합격 [기타 안내] 시니어의 경우 레퍼런스 체크가 진행될 수 있습니다. 신입/경력 무관하게 수습기간 3개월이 적용됩니다 직군 Applied AI Engineer 지원구분 정규직 경력 경력 마감일 채용 시 마감 모집인원 0명 지원하기 지원하기","(Preferred Qualifications)] ‍ 이런 분이면 더 좋겠어요 컴퓨터공학 관련 석사 이상의 학위를 보유하신 분 상용 서비스를 기획부터 론칭, 운영까지 전체 사이클을 경험해보신 분 반응형 디자인, 웹 접근성, 웹 표준을 고려한 고품질의 UI 개발 경험이 있는 분 MySQL, PostgreSQL, MongoDB, Redis 등 다양한 DB 시스템을 목적에 맞게 능숙하게 활용할 수 있는 분 AWS, GCP 등 클라우드 인프라 설계 및 운영 경험이 있거나, Docker/Kubernetes 기반의 컨테이너 환경에 대한 높은 이해도를 가지신 분 고객사 파견 업무나 B2B 솔루션 딜리버리 프로젝트에 참여해 본 경험이 있는 분 ‍ [면접 프로세스] 서류 전형 1차 Online Interview Google Docs와 Google Meet을 활용한 알고리즘 및 시스템 설계 라이브 코딩 테스트 2차 경영진 문화 면접 (Culture Fit) 회사의 비전(Applied AI)과 문화에 대한 적합성 확인 최종 합격 [기타 안내] 시니어의 경우 레퍼런스 체크가 진행될 수 있습니다. 신입/경력 무관하게 수습기간 3개월이 적용됩니다 직군 Applied AI Engineer 지원구분 정규직 경력 경력 마감일 채용 시 마감 모집인원 0명 지원하기 지원하기",,,,,정규직,,,,,active,2026-03-05 18:55:00.185403,2026-03-05 18:55:00.185384,True
201,166,Applied AI Project Manager (PM),https://www.skelterlabs.com/creer/applied-ai-project-manager-pm,"(Responsibilities)] End-to-End 프로젝트 리딩 고객 니즈 분석부터 PoC(개념 증명), 본 구축, Go-live(오픈)까지 프로젝트 전 라이프사이클 총괄 프로젝트 범위(Scope), 일정, 리소스, 품질을 통합 관리하여 목표 달성 고객과 value 기반 소통 & 기대치 관리 기술-비즈니스 허브(Hub) 역할 복잡한 AI 기술 개념을 비즈니스 언어로 번역하여 고객과 소통(설득/협상) 고객의 요구사항을 명확한 기술 요건으로 정리하여 개발팀에 전달 및 조율고객의 요건들 중에서 우선순위를 정해서 QCD를 지킬 수 있도록 고객 기대치 관리 기술 타당성 및 리스크 관리 프로젝트 초기 기술적 실현 가능성 검토 잠재된 기술적 리스크를 사전에 식별하고, 대안을 제시하여 이슈 방어 전략적 실행 관리 전략적 Account 관리 및 후속사업 영업 참여한 프로젝트 고객 관계 관리 및 후속 구축 & Ops 사업 영업 주도Applied AI 기술 제안 전략 수립 및 제안서 작성 리딩 경쟁 프레젠테이션 참여 및 기술적 질의응답 대응 [자격 요건 (Requirements)] IT/ DT/ AI 전략 수립 관련 컨설팅 3년 이상 프로젝트 관리 경력 5년 이상 (IT, SI, SW 개발 프로젝트 PM 수행 경험) AI/ML 기술 및 개발 프로세스에 대한 높은 이해도 엔지니어/개발자와 기술적 용어로 막힘없는 소통이 가능한 분 제안 및 문서화(Documentation) 역량 보유자 고객 제출용 제안서(PPT) 및 산출물 작성, 경쟁 PT 수행 경험 Agile/Scrum 방법론에 대한 이해 및 Jira, Confluence 등 협업 툴 능숙자 ‍ ‍이런 분을 찾습니다. 개발자에게 무리한 일정을 강요하는 것이 아니라, 기술적 난이도를 이해하고 합리적인 대안을 제시할 수 있는 분 고객사의 까다로운 요구사항 앞에서도 당황하지 않고, 논리적으로 설득하고 협상할 수 있는 비즈니스 매너를 갖춘 분 ‍ [","(Requirements)] IT/ DT/ AI 전략 수립 관련 컨설팅 3년 이상 프로젝트 관리 경력 5년 이상 (IT, SI, SW 개발 프로젝트 PM 수행 경험) AI/ML 기술 및 개발 프로세스에 대한 높은 이해도 엔지니어/개발자와 기술적 용어로 막힘없는 소통이 가능한 분 제안 및 문서화(Documentation) 역량 보유자 고객 제출용 제안서(PPT) 및 산출물 작성, 경쟁 PT 수행 경험 Agile/Scrum 방법론에 대한 이해 및 Jira, Confluence 등 협업 툴 능숙자 ‍ ‍이런 분을 찾습니다. 개발자에게 무리한 일정을 강요하는 것이 아니라, 기술적 난이도를 이해하고 합리적인 대안을 제시할 수 있는 분 고객사의 까다로운 요구사항 앞에서도 당황하지 않고, 논리적으로 설득하고 협상할 수 있는 비즈니스 매너를 갖춘 분 ‍ [우대 사항 (Preferred Qualifications)] 컨설팅 펌 또는 SI 기업 재직 경험: IT 컨설팅 펌이나 SI 전문 기업에서 체계적인 프로젝트 방법론을 경험해보신 분 고객사 상주(On-site) 프로젝트 수행 경험: 대기업/금융/공공 등 고객사 현장에서 상주하며 프로젝트를 성공적으로 완수한 경험이 있는 분 개발자 출신 또는 공학 계열 전공자: 컴퓨터공학 전공 또는 개발(Back-end, AI 모델링 등) 경력이 있어 기술적 이해도가 높은 분 ‍ [면접 프로세스] 1차 실무 인터뷰 상황에 따라 온라인 or 오프라인으로 진행 됩니다. 2차 경영진 컬쳐핏 인터뷰 상황에 따라 추가 interview가 진행될 수 있습니다. ‍ [기타 안내] 시니어의 경우 레퍼런스 체크가 진행될 수 있습니다. 신입/경력 무관하게 수습기간 3개월이 적용됩니다 ‍ 직군 Applied AI PM 지원구분 정규직 경력 경력 마감일 채용 시 마감 모집인원 0 지원하기 지원하기","(Preferred Qualifications)] 컨설팅 펌 또는 SI 기업 재직 경험: IT 컨설팅 펌이나 SI 전문 기업에서 체계적인 프로젝트 방법론을 경험해보신 분 고객사 상주(On-site) 프로젝트 수행 경험: 대기업/금융/공공 등 고객사 현장에서 상주하며 프로젝트를 성공적으로 완수한 경험이 있는 분 개발자 출신 또는 공학 계열 전공자: 컴퓨터공학 전공 또는 개발(Back-end, AI 모델링 등) 경력이 있어 기술적 이해도가 높은 분 ‍ [면접 프로세스] 1차 실무 인터뷰 상황에 따라 온라인 or 오프라인으로 진행 됩니다. 2차 경영진 컬쳐핏 인터뷰 상황에 따라 추가 interview가 진행될 수 있습니다. ‍ [기타 안내] 시니어의 경우 레퍼런스 체크가 진행될 수 있습니다. 신입/경력 무관하게 수습기간 3개월이 적용됩니다 ‍ 직군 Applied AI PM 지원구분 정규직 경력 경력 마감일 채용 시 마감 모집인원 0 지원하기 지원하기",,,,,정규직,,,,,active,2026-03-05 18:55:00.450919,2026-03-05 18:55:00.450902,True
202,166,Applied AI Assurance & Operations (QA),https://www.skelterlabs.com/creer/applied-ai-assurance-operations,"(Responsibilities)] 1. AI 모델 조율 및 기술적 최적화 (Alignment) PO가 정의한 목표에 맞춰 시스템 프롬프트를 설계하고, 퓨샷(Few-shot) 러닝 등을 통해 페르소나와 답변 스타일을 정교하게 조정합니다. RAG 기반 검색 정확도를 높이고, 답변의 근거를 강화하여 환각 현상을 최소화하는 기술적 튜닝을 수행합니다. LLM 기반 자동 평가 파이프라인(LLM-as-a-Judge)을 구축하여 모델 성능을 정량적으로 측정하고 관리합니다. TRiSM 정책을 NeMo Guardrails 등의 기술적 코드로 구현하여 구체적인 차단 및 마스킹 규칙을 적용합니다. 2. AI 신뢰성 및 리스크 관리 (Trust & Safety) 회사 규정, 개인정보보호법, AI 윤리 가이드라인에 기반한 에이전트 운영 정책(Do's & Don'ts)을 수립합니다. 에이전트를 의도적으로 공격하여 취약점을 찾아내는 레드팀(Red Teaming) 훈련을 주도하고 방어책을 마련합니다. 편향성, 독성, 저작권 침해 등 모델이 내재한 리스크를 주기적으로 감사하고, GDPR 및 AI Act 등 규제 준수 여부를 점검합니다. 3. 데이터 운영 및 품질 고도화 (HITL) AI가 확신을 갖지 못하거나 잘못 답변한 예외 케이스(Edge Case)를 분석하여 해결책을 마련합니다. 답변 중 수정이 필요한 데이터를 선별하여 재학습을 위한 골드 데이터셋을 구축합니다. RLHF(인간 피드백 기반 강화학습)를 위한 데이터 라벨링 가이드를 작성하고, 사용자 불만 및 오답 노트를 분석하여 개선 피드백을 전달합니다. ‍ [자격 요건 (Requirements)] 경력 5년 이상 (QA, AI 모델링, 테크니컬 기획 또는 데이터 오퍼레이션 등 관련 직무) LLM 및 챗봇 서비스 구축 프로젝트에 참여하여 실무를 경험하신 분 복잡한 요구사항을 논리적인 정책 문서로 정리하고, 이를 개발 언어 또는 기술적 요구사항으로 변환할 수 있는 분 꼼꼼한 텍스트 분석 능력과 데이터를 기반으로 문제를 해결하는 역량을 갖추신 분 ‍ [","(Requirements)] 경력 5년 이상 (QA, AI 모델링, 테크니컬 기획 또는 데이터 오퍼레이션 등 관련 직무) LLM 및 챗봇 서비스 구축 프로젝트에 참여하여 실무를 경험하신 분 복잡한 요구사항을 논리적인 정책 문서로 정리하고, 이를 개발 언어 또는 기술적 요구사항으로 변환할 수 있는 분 꼼꼼한 텍스트 분석 능력과 데이터를 기반으로 문제를 해결하는 역량을 갖추신 분 ‍ [우대 사항 (Preferred Qualifications)] QA 엔지니어 출신으로, 단순 테스트를 넘어 제품의 기획 단계부터 품질 기준을 수립(Shift Left) 하고 싶은 분 Python 활용 능력 및 LangChain, LlamaIndex 등 LLM 프레임워크 사용 경험 CoT, ReAct 등 심화된 프롬프트 엔지니어링 및 Vector DB 활용 경험 생성형 AI의 보안 취약점(OWASP Top 10 for LLM) 및 AI 윤리, 컴플라이언스에 대한 이해 ‍ [면접 프로세스] 1차 실무 인터뷰 상황에 따라 온라인 or 오프라인으로 진행 됩니다. 2차 경영진 컬쳐핏 인터뷰 상황에 따라 추가 interview가 진행될 수 있습니다. ‍ [기타 안내] 시니어의 경우 레퍼런스 체크가 진행될 수 있습니다. 신입/경력 무관하게 수습기간 3개월이 적용됩니다 ‍ ‍ 직군 Technical Solutions Engineer 지원구분 정규직 경력 경력 마감일 채용 시 마감 모집인원 0 지원하기 지원하기","(Preferred Qualifications)] QA 엔지니어 출신으로, 단순 테스트를 넘어 제품의 기획 단계부터 품질 기준을 수립(Shift Left) 하고 싶은 분 Python 활용 능력 및 LangChain, LlamaIndex 등 LLM 프레임워크 사용 경험 CoT, ReAct 등 심화된 프롬프트 엔지니어링 및 Vector DB 활용 경험 생성형 AI의 보안 취약점(OWASP Top 10 for LLM) 및 AI 윤리, 컴플라이언스에 대한 이해 ‍ [면접 프로세스] 1차 실무 인터뷰 상황에 따라 온라인 or 오프라인으로 진행 됩니다. 2차 경영진 컬쳐핏 인터뷰 상황에 따라 추가 interview가 진행될 수 있습니다. ‍ [기타 안내] 시니어의 경우 레퍼런스 체크가 진행될 수 있습니다. 신입/경력 무관하게 수습기간 3개월이 적용됩니다 ‍ ‍ 직군 Technical Solutions Engineer 지원구분 정규직 경력 경력 마감일 채용 시 마감 모집인원 0 지원하기 지원하기",,,,,정규직,,,,,active,2026-03-05 18:55:00.816093,2026-03-05 18:55:00.816072,True
203,171,AI로 암 정복에 도전하는 팀,https://www.lunit.io/ko/careers,"투자 정보 채용 정보 English ( 영어 ) 한국어 영상진단 AI 영상진단 유방암 › 폐 질환 › 루닛 인사이트 MMG 루닛 인사이트 DBT 루닛 인사이트 CXR 정밀의료 AI 종양 조직 정밀분석 라이브러리 다운로드 센터 학술자료 회사 소개 회사 소개 테크놀로지 팀 문화 미디어 센터 지속가능성 거버넌스 영상진단 정밀의료 라이브러리 회사 소개 채용 정보 BACK AI 영상진단 유방암 폐 질환 BACK 루닛 인사이트 MMG 루닛 인사이트 DBT BACK 루닛 인사이트 CXR BACK AI 종양 조직 정밀분석 BACK 다운로드 센터 학술자료 BACK 회사 소개 테크놀로지 팀 문화 미디어 센터 지속가능성 거버넌스 문의하기 English ( 영어 ) 한국어 AI로 암 정복에 도전하는 팀 루닛에 합류하세요 루닛은 AI로 암 진단과 치료의 기준을 바꾸고 있습니다. 당신의 열정과 전문성이 혁신을 앞당기는 힘이 됩니다. 채용 공고 보기 루닛에서 일하는 것이 즐거운 이유 루닛의 핵심가치 알아보기 몰입할 수 있는 환경에서 일합니다. 최신형 장비 지원 입사 시 최신 사양의 컴퓨터 장비(Mac, 4K 모니터 등)를 선택할 수 있고, 3년마다 교체를 지원해요. 장기 근속 포상 - 포상금 400만원, 리프레시 휴가 2주 열심히 일했으면 제대로 쉬어야죠. 함께, 즐겁게 일합니다. 점심/저녁/간식지원 든든히 먹고, 제대로 일해요. 송년회 한 해 동안 수고한 루니션들을 위한 특별한 연말 파티를 열어요. 복지포인트 연간 120만원 지원 원하는 곳, 필요한 곳에 쓰는 기쁨을 누려요. 성장하며 일합니다. 훌륭한 동료 동료로부터 배우고, 서로에게 동기부여가 돼요. 루니버셜 영어가 생활인 루닛, 업무 중에 틈틈이 영어 수업을 들어요. 사내 세미나 배운 것을 나누며 함께 성장해요. 학회 참석, 교육비, 도서 구입비 나의 성장이 곧 루닛의 성장, 배움에 한계를 두지 않아요. * 서울 오피스 기준이며, 오피스 위치에 따라 상이할 수 있습니다. 루닛은 적극 채용 중 직무 직군 근무지 DevOps Engineer Engineering Seoul (On-site) 채용 바로가기 Korea Sales Manager - Lunit INSIGHT Business Seoul (On-site) 채용 바로가기 Senior Project Manager - Lunit SCOPE Product Planning Seoul (On-site) 채용 바로가기 모든 공고 보기 적합한 포지션이 없어도 걱정 마세요. 인재풀에 등록하시면 신규 포지션이 열릴 때 우선 검토하여 연락 드리겠습니다. ( 인재풀 ) 루니션 인터뷰 루닛 팀 블로그 “루닛은 저로서 존재할 수 있는 회사에요. 저만의 개성을 마음껏 표현해도, 동료들이 진심으로 인정하고 존중해 줘요. 따뜻한 분위기 속에서 서로 다른 의견을 자유롭게 주고받고, 솔직하고 치열하게 논의할 수 있다는 점이 좋아요.” 황석환 님 Platform Team “여러 조직에서 일해봤지만, 루닛만큼 도전정신, AI, 그리고 다양한 배경을 가진 멋진 동료들이 공존하는 곳은 없었어요.” Livi 님 Head of Software Quality Assurance, NZ “루닛에 입사 후 처음으로 ‘아! 이것이 동기부여구나’를 느꼈습니다. 여러 가지 시도를 해볼 기회가 많지 않아 성장에 한계를 느꼈던 제가 배우고, 도전하고, 제 성장을 지켜보는 재미를 알게 됐거든요.” 조경식 님 Lunit Japan “과학을 전공한 입장에서, 루닛의 암을 정복하겠다는 목표와 과학적 접근법에 자연스럽게 이끌렸어요.” Penny 님 Software Engineer, NZ 자주 묻는 질문 공고별 중복 지원과 재지원이 가능한가요? 모두 가능합니다. 다만 재지원의 경우 이전과 동일한 결과가 나올 수 있기 때문에, 6개월 이후에 재지원해 주시는 것을 권장해 드립니다. 해외체류자가 지원 시에 주의해야 할 사항이 있나요? 서울 오피스 근무 포지션의 경우 취업에 가능한 비자를 소지하고 있거나 발급에 문제가 없어야 합니다. 일반적으로 해외 체류자의 상황을 고려하여 인터뷰는 온라인으로 진행합니다. 다만 포지션의 상황에 따라 방식은 변경될 수 있습니다. 이력서 지원은 어떻게 하나요? 채용 사이트에서 자유 양식의 이력서와 경력 기술서를 업로드해 주세요. 본인을 가장 잘 표현할 수 있는 형태로 자유롭게 제출해 주시면 됩니다. 다만 포지션마다 제출 서류가 다를 수 있으니, 자세한 내용은 지원하시는 포지션 JD를 참고해 주시고, 호환 문제로 인해 제출 파일은 PDF 형식으로 제출해 주시는 것을 추천 드립니다. 업로드 용량 초과 시, 파일을 다운사이징하여 재 업로드해주세요. 인재풀 등록은 어떻게 하나요? 현재 관심 포지션이 열리지 않았거나, 지원이 어려우신 분들을 위해 인재풀을 운영하고 있습니다. 이력서를 등록해 주시면, 적합한 포지션이 오픈될 시 연락드리고 있습니다 ( 인재풀 등록하기 ). 전형별 결과는 언제쯤 안내받을 수 있나요? 루닛은 합격과 불합격 모두 결과 안내를 드리고 있습니다. 현업에서 더 꼼꼼하게 검토하기 위해 결과 안내가 늦어지는 경우가 있지만, 10일 이상 지연되는 경우 안내 메일을 드립니다. 간혹 메일이 프로모션함이나 스팸 메일함에 들어가는 경우도 있으니 참고해 주세요. 메일을 받지 못하신 경우 apply@lunit.io으로 문의해 주시면 신속하게 확인 도와드리겠습니다. 전문연구요원으로 지원 가능한가요? 병무청에서 안내하는 전문연구요원 편입 기준을 따라, 포지션과 관련된 자연계 석·박사 학위를 보유하신 경우 전문연구요원으로 편입 혹은 전직 지원이 가능합니다. 이력서에 관련 전공 및 상세 연구 분야에 대해 작성해 주시기 바라며, 지원 시 전문연구요원 편입 혹은 전직 여부를 작성해 주시기를 바랍니다. 사실과 다른 내용을 지원서에 기재하였거나 누락한 경우 입사 지원 또는 합격이 취소될 수 있습니다. Cancer Screening Cancer Screening AI 영상진단 루닛 인사이트 MMG 루닛 인사이트 DBT 루닛 인사이트 CXR Precision Oncology Precision Oncology AI 종양 조직 정밀분석 Our Company Our Company 회사 소개 테크놀로지 팀 문화 미디어 센터 지속가능성 거버넌스 Knowledge Hub Knowledge Hub 다운로드 센터 학술자료 Investors Investors 개요 IR 및 재무 정보 Other Links Other Links 채용 정보 기업정보 Blog 영상진단 정밀의료",,,,교육비,,서울,,,,,,active,2026-03-05 18:55:06.980148,2026-03-05 18:55:06.980127,True
204,195,채용지원,https://www.openhands.co.kr/recruit/support.html,"회사소개 회사개요 CEO 인사말 연혁 찾아오시는길 사업소개 IT 서비스 물류지원 총무지원 헬스케어 오픈핸즈 NEWS 오픈핸즈 NEWS 채용정보 오픈핸즈 人은 채용절차 채용공고 채용지원 오픈핸즈 FAQ (필수) 개인정보 수집 및 이용에 관한 동의 □ 개인정보 수집 및 이용 안내 오픈핸즈는 지원자의 개인정보를 중요시하며 개인정보보호에 관한 법률을 준수하고 있습니다. 1. 개인정보 수집 및 이용주체 본 지원서는 한국장애인고용공단이 접수를 대행하여 오픈핸즈가 관리하거나, 오픈핸즈가 직접 접수하고 관리하고 있습니다. 2. 동의를 거부할 권리 및 동의 거부에 따른 불이익 ◎ 지원자는 아래 필수정보 이외에는 수집에 동의하지 않을 수 있습니다. ◎ 지원자는 아래 개인정보 제공 등에 관해 동의하지 않을 권리가 있습니다. 다만, 지원서를 통해 제공받는 정보는 회사의 입사 모집전형에 필수적인 항목으로 해당 정보를 제공받지 못할 경우 회사는 공정한 선발 전형을 진행할 수 없습니다. 따라서 아래 개인정보 제공에 대해 동의하지 않을 경우 지원이 제한될 수 있습니다. ◎ 지원자의 동의 거부 권리 및 동의 거부에 따른 불이익은 아래에 제시되는 모든 동의사항에 해당됩니다. 3. 수집하는 개인정보 항목(필수정보항목) ◎ 수집정보 항목 : 성명(국문, 영문, 한자), 국적, 주소, 보훈여부, 전화번호, 핸드폰, 이메일주소, 혼인여부, 학력사항, 최종학력, 가족관계, 경력, 자격면허, 직무 관련 역량, 장애유형, 장애등급, 보장구, 구체적인 장애내용, 장애원인, 정기적 치료사항, 수상경력, 취미, 특기, 존경인물, 나의 장점, 나의 단점, 지원동기 및 포부, 성장과정/자기소개 ◎ 개인정보보호법에 따른 고유식별정보 : 생년월일 ◎ 개인정보보호법에 따른 민감정보 : 등록장애인 여부 및 관련정보 (등록장애인을 우대하기 위해 수집하는 정보로 원치 않은 경우 제공하지 않으셔도 무방하나, 이 경우 우대조건은 적용되지 않습니다.) 4. 수집 및 이용목적 ◎ 채용전형의 진행 진행단계별 결과 등 채용관련 정보 안내 및 인재풀 구성 5. 개인정보의 보유 및 이용기간 ◎ 지원서상에 작성하신 개인정보는 회사의 인재채용을 위한 인재풀로 활용될 예정으로 지원자의 삭제 요청시까지 보관됩니다. ◎ 지원자께서 삭제를 요청하실 경우 해당정보를 삭제합니다. 6. 개인정보 취급업무의 위탁 공정하고 원활한 채용전형을 위하여 아래와 같이 귀하의 지원서 취급 업무를 위탁합니다. 위탁대상과 제공하는 항목과 개인정보 제공 목적을 설명합니다. 위탁대상 제공하는 항목 개인정보 제공 목적 한국장애인고용촉진공단 위 3의 내용 장애인 채용 및 지원내역 관리 (주)한국인재개발진흥원 성명, 생년월일 인 · 적성검사 위탁대상과 제공하는 항목과 개인정보 제공 목적을 설명합니다. 위탁대상 한국장애인고용촉진공단 (주)한국인재개발진흥원 제공하는 항목 위 3의 내용 성명, 생년월일 개인정보 제공 목적 장애인 채용 및 지원내역 관리 인 · 적성검사 동의 이력서/자기소개서 당사양식 다운로드 파일 다운로드 후 작성하신 문서를 아래 첨부파일에 첨부 해주세요. 파일 다운로드 개인정보 입력 * 항목은 필수입력 항목입니다. 이름 * 생년월일 * 이메일 * @ 직접입력 직접입력 naver.com hanmail.net nate.com gmail.com hotmail.com 첨부파일 * ※ 파일은 2개 이상일 경우 압축하여 하나의 파일로 업로드 해주세요. ※ 첨부파일 용량은 최대 9MB 입니다. 파일 첨부하기 ※ 파일은 2개 이상일 경우 압축하여 하나의 파일로 업로드 해주세요. ※ 첨부파일 용량은 최대 9MB 입니다. * 입력하신 개인정보는 담당자가 지원서 열람시 필요한 내용이며 별도로 저장되지 않습니다. * 지원결과는 개인정보에 적어주신 E-Mail로만 발송됩니다. * 채용지원은 상시 가능합니다. 지원하기 장애인을 비롯한 모든 이용자의 웹접근성을 높이기 위해 방송통신위원회의 한국형 웹콘텐츠 웹접근성 지침 2.1을 준수 하였습니다. 01. 이미지를 인식하기 어렵거나 웹 접속 환경이 불안정한 이용자를 위해, 모든 이미지에 대체 텍스트를 삽입 하였습니다. 02. 마우스 사용이 불편한 장애이들을 위해, 키보드만으로 홈페이지 이용이 가능합니다. 03.시각장애인용 ‘스크린리더기’가 원활하게 작동할 수 있도록, 홈페이지에 플래시를 사용하지 않았습니다. 04. 홈페이지 이용을 보조하는 소프트웨어를 사용하는 이용자를 위해, 콘텐츠의 자동실행을 제한하였습니다.",,"하기 위해 수집하는 정보로 원치 않은 경우 제공하지 않으셔도 무방하나, 이 경우 우대조건은 적용되지 않습니다.) 4. 수집 및 이용목적 ◎ 채용전형의 진행 진행단계별 결과 등 채용관련 정보 안내 및 인재풀 구성 5. 개인정보의 보유 및 이용기간 ◎ 지원서상에 작성하신 개인정보는 회사의 인재채용을 위한 인재풀로 활용될 예정으로 지원자의 삭제 요청시까지 보관됩니다. ◎ 지원자께서 삭제를 요청하실 경우 해당정보를 삭제합니다. 6. 개인정보 취급업무의 위탁 공정하고 원활한 채용전형을 위하여 아래와 같이 귀하의 지원서 취급 업무를 위탁합니다. 위탁대상과 제공하는 항목과 개인정보 제공 목적을 설명합니다. 위탁대상 제공하는 항목 개인정보 제공 목적 한국장애인고용촉진공단 위 3의 내용 장애인 채용 및 지원내역 관리 (주)한국인재개발진흥원 성명, 생년월일 인 · 적성검사 위탁대상과 제공하는 항목과 개인정보 제공 목적을 설명합니다. 위탁대상 한국장애인고용촉진공단 (주)한국인재개발진흥원 제공하는 항목 위 3의 내용 성명, 생년월일 개인정보 제공 목적 장애인 채용 및 지원내역 관리 인 · 적성검사 동의 이력서/자기소개서 당사양식 다운로드 파일 다운로드 후 작성하신 문서를 아래 첨부파일에 첨부 해주세요. 파일 다운로드 개인정보 입력 * 항목은 필수입력 항목입니다. 이름 * 생년월일 * 이메일 * @ 직접입력 직접입력 naver.com hanmail.net nate.com gmail.com hotmail.com 첨부파일 * ※ 파일은 2개 이상일 경우 압축하여 하나의 파일로 업로드 해주세요. ※ 첨부파일 용량은 최대 9MB 입니다. 파일 첨부하기 ※ 파일은 2개 이상일 경우 압축하여 하나의 파일로 업로드 해주세요. ※ 첨부파일 용량은 최대 9MB 입니다. * 입력하신 개인정보는 담당자가 지원서 열람시 필요한 내용이며 별도로 저장되지 않습니다. * 지원결과는 개인정보에 적어주신 E-Mail로만 발송됩니다. * 채용지원은 상시 가능합니다. 지원하기 장애인을 비롯한 모든 이용자의 웹접근성을 높이기 위해 방송통신위원회의 한국형 웹콘텐츠 웹접근성 지침 2.1을 준수 하였습니다. 01. 이미지를 인식하기 어렵거나 웹 접속 환경이 불안정한 이용자를 위해, 모든 이미지에 대체 텍스트를 삽입 하였습니다. 02. 마우스 사용이 불편한 장애이들을 위해, 키보드만으로 홈페이지 이용이 가능합니다. 03.시각장애인용 ‘스크린리더기’가 원활하게 작동할 수 있도록, 홈페이지에 플래시를 사용하지 않았습니다. 04. 홈페이지 이용을 보조하는 소프트웨어를 사용하는 이용자를 위해, 콘텐츠의 자동실행을 제한하였습니다.",,,,,,,,,,active,2026-03-05 18:55:39.274651,2026-03-05 18:55:39.274629,True
205,195,채용절차,https://www.openhands.co.kr/recruit/procedure.html,"회사소개 회사개요 CEO 인사말 연혁 찾아오시는길 사업소개 IT 서비스 물류지원 총무지원 헬스케어 오픈핸즈 NEWS 오픈핸즈 NEWS 채용정보 오픈핸즈 人은 채용절차 채용공고 채용지원 오픈핸즈 FAQ 채용 프로세스 고용공단 구직 등록방법 STEP1 오픈핸즈 채용 (구인) 공고 STEP2 장애인 고용공단 인재 추천 or 채용사이트 개별 지원 STEP3 서류심사 및 인적성 검사 STEP4 면접 STEP5 채용 건강검진 STEP6 입사 및 OT 채용 프로세스 STEP1 오픈핸즈 채용(구인) 공고 오픈핸즈는 장애인 고용공단 및 채용사이트를 통해 구인공고를 진행합니다. (장애인고용공단 : 워크투게더 / 채용사이트 : 잡코리아, 사람인, 인쿠르트) 오픈핸즈는 정식 채용공고 외 이력서를 수시 접수합니다. 채용지원 바로가기 STEP2 장애인 고용공단 인재 추천 or 채용사이트 개별 지원 장애인 고용공단은 워크투게더 지원자 및 구직등록 장애인 중 적합한 인재의 이력서를 오픈핸즈에 제공합니다. 채용사이트 개별 지원자는 오픈핸즈에서 직접 접수합니다. STEP3 서류심사 및 인적성 검사 서류심사는 지원자의 이력서를 바탕으로 직무적합성, 유관 자격 및 이력을 중심으로 평가합니다. 서류 합격자는 공인된 기관을 통해 인적성 검사를 실시하여 직무 및 조직적합성을 검증합니다. (직무에 따라 인적성 검사는 생략하기도 합니다.) STEP4 면접 인적성 응시자는 면접을 통해 오픈핸즈 인재상, 직무적합도 및 조직 적응력 등 종합평가를 실시합니다. STEP5 채용 건강검진 면접 합격자는 채용 건강검진을 통해 근무할수 있는 건강상태인지 검증합니다. STEP6 채용여부 결정 채용건강검진에서 적합으로 판정되면 입사 후 OT를 진행합니다. 구직 장애인 STEP1 구직 장애인 이력서 작성 STEP2 해당 지역 공단방문 (직업상담 및 구직등록) STEP3 등록된 구직 · 인력 정보 종합관리 STEP4 워크투게더 채용공고에 이력서 접수 STEP5 지원자 이력서 및 등록된 구직자 중 대상자 선발, 추천 STEP6 오픈핸즈 채용 절차에 따라 진행 * 장애인 구직정보 사이트 워크투게더 https://www.worktogether.or.kr/ 장애인잡 https://www.ablejob.co.kr/ 구직 비장애인 STEP1 구직정보 인터넷 사이트 등록 * 잡코리아, 사람인, 인크루트 STEP2 오픈핸즈 채용공고에 지원 및 이력서 제출 * 오픈핸즈 홈페이지에서 채용정보 확인 및 지원 가능 STEP3 오픈핸즈의 채용 절차에 따라 진행 오픈핸즈 연락처 02-6155-6444 ※ 수시 이력서 접수한 경우 오픈핸즈 채용담당자에게 지원정보가 접수되며, T/O 발생 시 지원자에게 오픈핸즈에서 직접 연락합니다. 장애인 고용공단 취업지원부 연락처 서울 동부지사 02-2146-3574 경기 동부지사 031-600-0287 장애인을 비롯한 모든 이용자의 웹접근성을 높이기 위해 방송통신위원회의 한국형 웹콘텐츠 웹접근성 지침 2.1을 준수 하였습니다. 01. 이미지를 인식하기 어렵거나 웹 접속 환경이 불안정한 이용자를 위해, 모든 이미지에 대체 텍스트를 삽입 하였습니다. 02. 마우스 사용이 불편한 장애이들을 위해, 키보드만으로 홈페이지 이용이 가능합니다. 03.시각장애인용 ‘스크린리더기’가 원활하게 작동할 수 있도록, 홈페이지에 플래시를 사용하지 않았습니다. 04. 홈페이지 이용을 보조하는 소프트웨어를 사용하는 이용자를 위해, 콘텐츠의 자동실행을 제한하였습니다.",,,"에 따라 진행 * 장애인 구직정보 사이트 워크투게더 https://www.worktogether.or.kr/ 장애인잡 https://www.ablejob.co.kr/ 구직 비장애인 STEP1 구직정보 인터넷 사이트 등록 * 잡코리아, 사람인, 인크루트 STEP2 오픈핸즈 채용공고에 지원 및 이력서 제출 * 오픈핸즈 홈페이지에서 채용정보 확인 및 지원 가능 STEP3 오픈핸즈의",건강검진,,서울,,,,,,active,2026-03-05 18:55:39.877776,2026-03-05 18:55:39.877758,True
206,202,채용문의,https://www.doubleugames.com/careers/recruitment_inquiry.html,"채용문의 개인정보수집에 동의합니다. (필수) 시행일 : 2022년 1월 11일 ㈜더블유게임즈 (이하 '회사')는 이용자의 개인정보를 중요시하며, 「정보통신망 이용촉진 및 정보보호 등에 관한 법률」,「개인정보보호법」을 준수하기 위하여 노력하고 있습니다. 회사는 개인정보처리방침을 통하여 회사가 이용자로부터 제공받은 개인정보를 어떠한 용도와 방식으로 이용하고 있으며, 개인정보보호를 위해 어떠한 조치를 취하고 있는지 알려드립니다. 회사는 본 개인정보처리방침을 회사 홈페이지(http://www.doubleugames.com)의 첫 화면에 공개 함으로써 이용자께서 언제나 용이하게 보실 수 있도록 조치하고 있습니다. 본 방침을 개정하는 경우 웹사이트 공지사항 (또는 서면·이메일·전화·SMS 등의 방법으로 개별공지)을 통하여 공지하겠습니다. 1. 수집하는 개인정보의 항목 및 수집방법 (1) 수집하는 개인정보의 항목 ο 회사는 채용 지원서 작성시 아래와 같은 개인정보를 수집하고 있습니다. 구분 자세한 내용 필수항목 성명 , 비밀번호 , 전화번호 , 휴대전화번호 , 이메일 선택항목 직무관련 경력 , 대내외활동 , 외국어 / 기타자격 , 수상경력 , 생년월일 , 성별 , 주소 , 직업 , 회사명 , 학력사항 , 주민등록번호 , 병역사항 , 영어자격 , 영어회화자격 , 취미 , 특기 , 보훈여부 , 기초생활수급자 / 차상위계층 여부 , 지원회사 , 지원직무 민감정보 ( 선택 ) 장애여부 , 장애종류 , 장애등급 , 장애인 등록번호 , 장애인증명서 ο 회사는 문의사항 응대 시 이용자로부터 아래와 같은 개인정보를 수집하고 있습니다. 수집항목 수집목적 보유기간 성명 , 이메일주소 , 전화번호 문의사항 응대 수집·이용 목적이 달성될 때 까지 ※ 회사는 원칙적으로 이용자가 만 14세 미만자일 경우 개인정보를 수집하지 않습니다. 부득이 서비스 이용을 위하여 만 14세 미만자의 개인정보를 수집할 때에는, 사전에 법정대리인의 동의를 구하고 관련 업무가 종료됨과 동시에 정보를 지체 없이 파기토록 하겠으며 업무가 진행되는 동안 개인정보를 철저히 관리토록 하겠습니다. (2) 개인정보 수집방법 회사는 홈페이지(http://www.doubleugames.com) 채용 지원서작성을 통해 개인정보를 수집합니다. ※ 회사는 이용자께서 회사의 개인정보 수집·이용에 대해 ""동의"" 또는 ""동의하지 않음""을 선택할 수 있는 절차를 마련하고 있습니다. 2. 개인정보의 수집 및 이용목적 회사는 수집한 개인정보를 다음의 목적을 위해 활용합니다. 목적 자세한 내용 채용전형의 진행 채용 및 인턴선발 전형을 위한 개인정보 채용 진행사항 관련 안내 합격여부 및 고지사항 전달 , 문의사항 응대 인재풀 등록 및 활용 상시 채용 대상자 검토 3. 수집한 개인정보의 공유 및 제공(개인정보의 제3자 제공 등) (1) 회원가입時 회사는 원칙적으로 회원의 개인정보를 제 3자에게 제공하지 않으며, 그러한 필요가 발생할 경우 회원에게 알리고 사전동의를 받도록 하겠습니다. 단, 법령의 규정에 의거하거나, 수사 목적으로 법령에 정해진 절차와 방법에 따라 수사기관의 요구가 있는 경우는 예외로 합니다 (2) 채용 지원서작성時 회사는 이용자로부터 동의를 받은 경우에 한해 아래와 같이 개인정보를 제공합니다. 제공받는 자 제공되는 개인정보 제공받는 자의 이용목적 보유 및 이용기간 한국토익위원회 , 한국어문회 , 한자교육진흥회 , 한국외국어평가원 , 대한검정회 , YBM 시사 , 대한상공회의소 , 한국 BCT 사업본부 , HSK 한국사무국 성명 , 생년월일 , 자격종류 , 자격번호 , 등급 , 점수 , 취득일자 , 응시일자 자격사항 검증 정보제공 목적달성 후 즉시파기 국가보훈처 성명 , 생년월일 , 보훈번호 , 성별 , 전화번호 , 주소 보훈 우대대상 검증 정보제공 목적달성 후 즉시파기 KMI 한국의학연구소 성명 , 생년월일 , 회사명 , 핸드폰번호 , 성별 채용건강검진 정보제공 목적달성 후 즉시파기 이상에 기재된 업체는 추후 변동될 수 있습니다. 업체가 변경되거나, 또는 기재된 내용 외에 이용자의 개인정보를 제공하거나 공유하는 경우에는 이에 대한 별도 이용자 동의를 구하는 절차를 거쳐 제공합니다 4. 개인정보의 보유 및 이용기간 회사는 원칙적으로 개인정보 수집 및 이용목적이 달성된 후에는 해당 정보를 지체 없이 파기합니다. 단, 관계법령의 규정에 의하여 보존할 필요가 있는 경우, 회사는 관계법령에서 정한 일정한 기간 동안 회원정보를 별도 보관합니다. 회사의 상시 채용 대상자 검토를 위한 인재풀 등록에 이용자가 동의한 경우에 한해 이용자의 삭제 요청시까지 보관합니다. 5. 개인정보의 파기절차 및 방법 개인정보 파기절차 및 방법은 다음과 같습니다. (1) 파기절차 회사는 원칙적으로 개인정보 수집 및 이용목적이 달성된 후에는 해당 정보를 지체없이 파기합니다. 단, 관계법령의 규정에 의하여 보존할 필요가 있는 경우, 일정 기간 별도로 보관한 후 파기합니다. 이 경우 별도로 보관된 개인정보는 법률에 의한 경우가 아니고서는 보유되는 이외의 다른 목적으로 이용되지 않습니다. (2) 파기방법 종이에 출력된 개인정보는 분쇄기로 분쇄하거나 소각을 통하여 파기하고, 전자적 파일형태로 저장된 개인정보는 기록을 재생할 수 없는 기술적 방법을 사용하여 삭제합니다. 6. 이용자 및 법정대리인의 권리와 그 행사방법 ο 이용자 및 법정대리인은 등록되어 있는 자신 혹은 당해 만14세 미만 아동의 개인정보에 대해 언제든지 개인정보 열람/정정·삭제/처리정지/동의 철회를 요청할 수 있습니다. ο 이용자 혹은 만 14세 미만 아동의 개인정보 조회ㆍ수정을 위해서는 '회원정보수정','지원서수정'을, 가입해지(동의철회)를 위해서는 '회원탈퇴'를 클릭하여 본인 확인 절차를 거치신 후 직접 열람, 정정 또는 탈퇴가 가능합니다. ο 혹은 개인정보보호책임자에게 서면, 전화 또는 이메일로 연락하시면 지체없이 조치하겠습니다. ο 회사는 다음에 해당하는 경우에는 개인정보의 전부 또는 일부에 대하여 열람/정정·삭제를 거절할 수 있습니다. – 지원서 접수기간이 마감된 경우 (열람 가능, 정정 불가, 삭제 가능) – 법률에 따라 열람이 금지되거나 제한되는 경우 – 다른 사람의 생명·신체를 해할 우려가 있거나 다른 사람의 재산과 그 밖의 이익을 부당하게 침해할 우려가 있는 경우 ο 이용자가 개인정보의 오류에 대한 정정을 요청하신 경우에는 정정을 완료하기 전까지 당해 개인정보를 이용 또는 제3자에게 제공하지 않습니다. ο 또한 잘못된 개인정보를 제3자에게 이미 제공한 경우에는 정정 처리결과를 제3자에게 지체없이 통지하여 정정이 이루어지도록 하겠습니다. ο 회사는 이용자 혹은 법정 대리인의 요청에 의해 해지 또는 삭제된 개인정보는 ""수집한 개인정보의 보유ㆍ이용기간""에 명시된 바에 따라 처리하고, 그 외의 용도로 열람 또는 이용할 수 없도록 처리하고 있습니다. ο 이용자의 개인정보를 최신의 상태로 정확하게 입력하여 주시기 바랍니다. 이용자가 입력한 부정확한 정보로 인해 발생하는 사고의 책임은 이용자 자신에게 있으며 타인 정보의 도용 등 허위정보를 입력할 경우 회원자격이 상실될 수 있습니다. ο 이용자는 개인정보를 보호 받을 권리와 함께 스스로를 보호하고 타인의 정보를 침해하지 않을 의무도 가지고 있습니다. 비밀번호를 포함한 이용자의 개인정보가 유출되지 않도록 조심하시고 게시물을 포함한 타인의 개인정보를 훼손하지 않도록 유의해 주십시오. 만약 이 같은 책임을 다하지 못하고 타인의 정보 및 존엄성을 훼손할 시에는 「정보통신망 이용촉진 및 정보보호 등에 관한 법률」 등에 의해 처벌 받을 수 있습니다. 7. 개인정보 자동수집 장치의 설치, 운영 및 그 거부에 관한 사항 ο 회사는 이용자의 정보를 수시로 저장하고 찾아내는 '쿠키(cookie)' 등 개인정보를 자동으로 수집하는 장치를 설치ㆍ운용합니다. 쿠키란 회사의 웹사이트를 운영하는데 이용되는 서버가 귀하의 브라우저에 보내는 아주 작은 텍스트 파일로서 이용자의 컴퓨터 하드디스크에 저장됩니다. 회사는 회원과 비회원의 접속 빈도나 방문 시간 등을 분석, 방문 회수 파악 등을 통한 개인 맞춤 서비스를 제공하기 위하여 쿠키 등을 사용합니다. ο 이용자는 쿠키 설치에 대한 선택권을 가지고 있습니다. 사용하시는 웹브라우저의 옵션을 설정함으로써 모든 쿠키를 허용하거나, 쿠키가 저장될 때마다 확인을 거치거나, 아니면 모든 쿠키의 저장을 거부할 수도 있습니다. 단, 쿠키의 저장을 거부할 경우에는 로그인이 필요한 일부 서비스는 이용할 수 없습니다. – 설정방법 예(인터넷 익스플로어의 경우): 웹 브라우저 상단의 도구>인터넷 옵션>개인정보 8. 개인정보보호책임자 또는 개인정보담당 부서 회사는 이용자의 개인정보를 보호하고 개인정보와 관련한 불만을 처리하기 위하여 회사의 담당부서에서 관련사항을 접수받고 있습니다. - 개인정보보호 책임자 : 경영지원본부 최재영 이사 - 관련업무 담당부서 : 경영지원본부 피플팀 - 전화 : 02-563-9171 - 문의처 : hr@doubleugames.com 이용자는 회사의 서비스를 이용하시며 발생하는 모든 개인정보보호 관련 민원을 개인정보보호책임자 혹은 담당부서로 신고하실 수 있습니다. 회사는 이용자들의 신고사항에 대해 신속하게 충분한 답변을 드릴 것입니다. 기타 개인정보침해에 대한 신고나 상담이 필요하신 경우에는 아래 기관에 문의하시기 바랍니다. - 개인정보보호위원회 : (국번없이) 118 (www.pipc.go.kr) - 개인정보 침해신고센터 : (국번없이) 118 (http://privacy.kisa.or.kr) - 개인정보 분쟁조정위원회 : 1833-6972 (http://kopico.go.kr) - 대검찰청 사이버수사과 : (국번없이) 1301 (http://spo.go.kr) - 경찰청 사이버안전국 : (국번없이) 182 (http://cyberbureau.police.go.kr) 9. 기타 개인정보 처리에 관한 방침 ο 회사는 비밀번호, 고유식별정보 등을 포함한 이용자의 개인정보를 암호화하거나 파일 잠금기능을 사용하여 중요한 데이터를 보관하고 있습니다. ο 회사는 백신프로그램을 이용하여 컴퓨터바이러스에 의한 피해를 방지하기 위한 조치를 취하고 있습니다. 또한, 회사는 가능한 기",,"대상 검증 정보제공 목적달성 후 즉시파기 KMI 한국의학연구소 성명 , 생년월일 , 회사명 , 핸드폰번호 , 성별 채용건강검진 정보제공 목적달성 후 즉시파기 이상에 기재된 업체는 추후 변동될 수 있습니다. 업체가 변경되거나, 또는 기재된 내용 외에 이용자의 개인정보를 제공하거나 공유하는 경우에는 이에 대한 별도 이용자 동의를 구하는 절차를 거쳐 제공합니다 4. 개인정보의 보유 및 이용기간 회사는 원칙적으로 개인정보 수집 및 이용목적이 달성된 후에는 해당 정보를 지체 없이 파기합니다. 단, 관계법령의 규정에 의하여 보존할 필요가 있는 경우, 회사는 관계법령에서 정한 일정한 기간 동안 회원정보를 별도 보관합니다. 회사의 상시 채용 대상자 검토를 위한 인재풀 등록에 이용자가 동의한 경우에 한해 이용자의 삭제 요청시까지 보관합니다. 5. 개인정보의 파기절차 및 방법 개인정보 파기절차 및 방법은 다음과 같습니다. (1) 파기절차 회사는 원칙적으로 개인정보 수집 및 이용목적이 달성된 후에는 해당 정보를 지체없이 파기합니다. 단, 관계법령의 규정에 의하여 보존할 필요가 있는 경우, 일정 기간 별도로 보관한 후 파기합니다. 이 경우 별도로 보관된 개인정보는 법률에 의한 경우가 아니고서는 보유되는 이외의 다른 목적으로 이용되지 않습니다. (2) 파기방법 종이에 출력된 개인정보는 분쇄기로 분쇄하거나 소각을 통하여 파기하고, 전자적 파일형태로 저장된 개인정보는 기록을 재생할 수 없는 기술적 방법을 사용하여 삭제합니다. 6. 이용자 및 법정대리인의 권리와 그 행사방법 ο 이용자 및 법정대리인은 등록되어 있는 자신 혹은 당해 만14세 미만 아동의 개인정보에 대해 언제든지 개인정보 열람/정정·삭제/처리정지/동의 철회를 요청할 수 있습니다. ο 이용자 혹은 만 14세 미만 아동의 개인정보 조회ㆍ수정을 위해서는 '회원정보수정','지원서수정'을, 가입해지(동의철회)를 위해서는 '회원탈퇴'를 클릭하여 본인 확인 절차를 거치신 후 직접 열람, 정정 또는 탈퇴가 가능합니다. ο 혹은 개인정보보호책임자에게 서면, 전화 또는 이메일로 연락하시면 지체없이 조치하겠습니다. ο 회사는 다음에 해당하는 경우에는 개인정보의 전부 또는 일부에 대하여 열람/정정·삭제를 거절할 수 있습니다. – 지원서 접수기간이 마감된 경우 (열람 가능, 정정 불가, 삭제 가능) – 법률에 따라 열람이 금지되거나 제한되는 경우 – 다른 사람의 생명·신체를 해할 우려가 있거나 다른 사람의 재산과 그 밖의 이익을 부당하게 침해할 우려가 있는 경우 ο 이용자가 개인정보의 오류에 대한 정정을 요청하신 경우에는 정정을 완료하기 전까지 당해 개인정보를 이용 또는 제3자에게 제공하지 않습니다. ο 또한 잘못된 개인정보를 제3자에게 이미 제공한 경우에는 정정 처리결과를 제3자에게 지체없이 통지하여 정정이 이루어지도록 하겠습니다. ο 회사는 이용자 혹은 법정 대리인의 요청에 의해 해지 또는 삭제된 개인정보는 ""수집한 개인정보의 보유ㆍ이용기간""에 명시된 바에 따라 처리하고, 그 외의 용도로 열람 또는 이용할 수 없도록 처리하고 있습니다. ο 이용자의 개인정보를 최신의 상태로 정확하게 입력하여 주시기 바랍니다. 이용자가 입력한 부정확한 정보로 인해 발생하는 사고의 책임은 이용자 자신에게 있으며 타인 정보의 도용 등 허위정보를 입력할 경우 회원자격이 상실될 수 있습니다. ο 이용자는 개인정보를 보호 받을 권리와 함께 스스로를 보호하고 타인의 정보를 침해하지 않을 의무도 가지고 있습니다. 비밀번호를 포함한 이용자의 개인정보가 유출되지 않도록 조심하시고 게시물을 포함한 타인의 개인정보를 훼손하지 않도록 유의해 주십시오. 만약 이 같은 책임을 다하지 못하고 타인의 정보 및 존엄성을 훼손할 시에는 「정보통신망 이용촉진 및 정보보호 등에 관한 법률」 등에 의해 처벌 받을 수 있습니다. 7. 개인정보 자동수집 장치의 설치, 운영 및 그 거부에 관한 사항 ο 회사는 이용자의 정보를 수시로 저장하고 찾아내는 '쿠키(cookie)' 등 개인정보를 자동으로 수집하는 장치를 설치ㆍ운용합니다. 쿠키란 회사의 웹사이트를 운영하는데 이용되는 서버가 귀하의 브라우저에 보내는 아주 작은 텍스트 파일로서 이용자의 컴퓨터 하드디스크에 저장됩니다. 회사는 회원과 비회원의 접속 빈도나 방문 시간 등을 분석, 방문 회수 파악 등을 통한 개인 맞춤 서비스를 제공하기 위하여 쿠키 등을 사용합니다. ο 이용자는 쿠키 설치에 대한 선택권을 가지고 있습니다. 사용하시는 웹브라우저의 옵션을 설정함으로써 모든 쿠키를 허용하거나, 쿠키가 저장될 때마다 확인을 거치거나, 아니면 모든 쿠키의 저장을 거부할 수도 있습니다. 단, 쿠키의 저장을 거부할 경우에는 로그인이 필요한 일부 서비스는 이용할 수 없습니다. – 설정방법 예(인터넷 익스플로어의 경우): 웹 브라우저 상단의 도구>인터넷 옵션>개인정보 8. 개인정보보호책임자 또는 개인정보담당 부서 회사는 이용자의 개인정보를 보호하고 개인정보와 관련한 불만을 처리하기 위하여 회사의 담당부서에서 관련사항을 접수받고 있습니다. - 개인정보보호 책임자 : 경영지원본부 최재영 이사 - 관련업무 담당부서 : 경영지원본부 피플팀 - 전화 : 02-563-9171 - 문의처 : hr@doubleugames.com 이용자는 회사의 서비스를 이용하시며 발생하는 모든 개인정보보호 관련 민원을 개인정보보호책임자 혹은 담당부서로 신고하실 수 있습니다. 회사는 이용자들의 신고사항에 대해 신속하게 충분한 답변을 드릴 것입니다. 기타 개인정보침해에 대한 신고나 상담이 필요하신 경우에는 아래 기관에 문의하시기 바랍니다. - 개인정보보호위원회 : (국번없이) 118 (www.pipc.go.kr) - 개인정보 침해신고센터 : (국번없이) 118 (http://privacy.kisa.or.kr) - 개인정보 분쟁조정위원회 : 1833-6972 (http://kopico.go.kr) - 대검찰청 사이버수사과 : (국번없이) 1301 (http://spo.go.kr) - 경찰청 사이버안전국 : (국번없이) 182 (http://cyberbureau.police.go.kr) 9. 기타 개인정보 처리에 관한 방침 ο 회사는 비밀번호, 고유식별정보 등을 포함한 이용자의 개인정보를 암호화하거나 파일 잠금기능을 사용하여 중요한 데이터를 보관하고 있습니다. ο 회사는 백신프로그램을 이용하여 컴퓨터바이러스에 의한 피해를 방지하기 위한 조치를 취하고 있습니다. 또한, 회사는 가능한 기술적 장치를 모두 갖추려고 노력하는 등 이용자의 개인정보를 안전하게 보관하기 위해 노력하고 있습니다. ο 개인정보를 처리하는 직원을 최소한으로 관리하고 있으며, 퇴직 및 직무변경 등 인사이동이 있는 경우 지체 없이 권한을 변경, 말소하여 개인정보 접근 권한을 통제하고 있습니다. ο 개인정보 취급자에 대한 정기적인 교육, 전사 임직원에 대한 수시 교육을 통하여 이용자의 개인정보 보호가 회사의 중요한 가치임을 강조하고 있습니다. ο 개인정보 접근을 제한하기 위하여 출입 통제를 진행하고 있고, 개인정보를 포함한 문서는 잠금 장치가 되어 있는 안전한 공간에 보관하고 있습니다. 이름 연락처 이메일 제목 내용 자동입력 방지코드 589497 문의하기",,건강검진,,대전,인턴,,,,,active,2026-03-05 18:55:49.453349,2026-03-05 18:55:49.453329,True
207,217,NAVER WEBTOON Careers,https://recruit.webtoonscorp.com/rcrt/list.do,Join us Search Jobs 검색 아이콘 Filter 직군/직무 Tech 전체 Software Development Frontend Android iOS Backend AI/ML Data Engineering Embedded SW Graphics Hardware Development Hardware Infra Engineering Infra Engineering Data Center Engineering Security Security Tech Operations Tech Staff QA 공통 공통 Design 전체 Product Design Product Design Visual Comm. & Brand Design Visual Comm. & Brand Design Interactive Design Interactive Design Experience Insight & Planning Experience Insight & Planning Content Writing Content Writing 공통 공통 Service & Business 전체 Product Development Product Development Content Development Content Development Business Development Business Development Trust&Safety Trust&Safety 어카운트/세일즈 어카운트/세일즈 공통 공통 Corporate 전체 Marketing Marketing Brand Planning Content Creative User Research & Data Insight Finance 재무기획 회계 세무 자금 Service Infra 소싱 운영관리 빌링 구매 부동산 Partner Growth Support Partner Growth Support Corporate Development 투자 Investor Relations Corporate Strategy ESG Compliance Risk Management 내부감사 Legal 법무 지식재산 Privacy 개인정보보호 통신비밀보호 Communication Strategic Communication 산업및정책연구 Corporate Experience HR Human Resources Employee Relations Talent Acquisition Culture Experience Assist 채용운영 통번역 비서 기사 Health Care 운영지원 고용형태 정규 계약 인턴 경력 신입 경력 무관 근무지 분당 서울 춘천 세종 글로벌 Clear filters filter 닫기 지난 공개 채용 다시보기 Join us 네이버웹툰과 함께할 동료를 기다립니다. Search Jobs 검색 아이콘 [네이버웹툰] 라인망가 Back-End 개발 (경력) 모집 부서 Tech 모집 분야 Backend 모집 경력 경력 근로 조건 정규 모집 기간 2026.03.03 ~ 2026.03.17 Share Save 주소가 복사되었습니다. 원하는 곳에 붙여넣기(Ctrl+V)해 주세요. 닫기 버튼 네이버 블로그 네이버 카페 라인 링크드인 카카오톡 페이스북 URL 복사 NAVER [네이버웹툰] 일본 Content Growth (경력) 모집 부서 Service & Business 모집 분야 Content Development 모집 경력 경력 근로 조건 정규 모집 기간 2026.02.27 ~ 2026.03.22 Share Save 주소가 복사되었습니다. 원하는 곳에 붙여넣기(Ctrl+V)해 주세요. 닫기 버튼 네이버 블로그 네이버 카페 라인 링크드인 카카오톡 페이스북 URL 복사 NAVER [네이버웹툰] 웹툰 Character 3D Designer (계약직) 모집 부서 Design 모집 분야 Visual Comm. & Brand Design 모집 경력 경력 근로 조건 계약 모집 기간 2026.03.03 ~ 2026.03.22 Share Save 주소가 복사되었습니다. 원하는 곳에 붙여넣기(Ctrl+V)해 주세요. 닫기 버튼 네이버 블로그 네이버 카페 라인 링크드인 카카오톡 페이스북 URL 복사 NAVER [네이버웹툰] 웹툰 Character Illustrator (계약직) 모집 부서 Design 모집 분야 Visual Comm. & Brand Design 모집 경력 경력 근로 조건 계약 모집 기간 2026.03.03 ~ 2026.03.22 Share Save 주소가 복사되었습니다. 원하는 곳에 붙여넣기(Ctrl+V)해 주세요. 닫기 버튼 네이버 블로그 네이버 카페 라인 링크드인 카카오톡 페이스북 URL 복사 NAVER [네이버웹툰] 교육 운영 지원 담당자 (계약직) 모집 부서 Corporate 모집 분야 Human Resources 모집 경력 무관 근로 조건 계약 모집 기간 2026.02.26 ~ 2026.03.15 Share Save 주소가 복사되었습니다. 원하는 곳에 붙여넣기(Ctrl+V)해 주세요. 닫기 버튼 네이버 블로그 네이버 카페 라인 링크드인 카카오톡 페이스북 URL 복사 NAVER [네이버웹툰] 임원 비서 (경력) 모집 부서 Corporate 모집 분야 비서 모집 경력 경력 근로 조건 계약 모집 기간 2026.02.24 ~ 2026.03.09 Share Save 주소가 복사되었습니다. 원하는 곳에 붙여넣기(Ctrl+V)해 주세요. 닫기 버튼 네이버 블로그 네이버 카페 라인 링크드인 카카오톡 페이스북 URL 복사 NAVER [네이버웹툰] 영어 통번역 담당 (경력) 모집 부서 Corporate 모집 분야 통번역 모집 경력 경력 근로 조건 계약 모집 기간 2026.02.24 ~ 2026.03.09 Share Save 주소가 복사되었습니다. 원하는 곳에 붙여넣기(Ctrl+V)해 주세요. 닫기 버튼 네이버 블로그 네이버 카페 라인 링크드인 카카오톡 페이스북 URL 복사 NAVER [네이버웹툰] 네이버 시리즈 CRM 마케터 (체험형 인턴) 모집 부서 Service & Business 모집 분야 Content Development 모집 경력 신입 근로 조건 인턴 모집 기간 2026.03.04 ~ 2026.03.18 Share Save 주소가 복사되었습니다. 원하는 곳에 붙여넣기(Ctrl+V)해 주세요. 닫기 버튼 네이버 블로그 네이버 카페 라인 링크드인 카카오톡 페이스북 URL 복사 NAVER [네이버웹툰] Analytics Engineer (체험형 인턴) 모집 부서 Tech 모집 분야 공통 모집 경력 신입 근로 조건 인턴 모집 기간 2026.02.26 ~ 2026.03.18 Share Save 주소가 복사되었습니다. 원하는 곳에 붙여넣기(Ctrl+V)해 주세요. 닫기 버튼 네이버 블로그 네이버 카페 라인 링크드인 카카오톡 페이스북 URL 복사 NAVER 네이버웹툰(유) 경력 경영지원 직군 인재Pool 모집 부서 Corporate 모집 분야 재무기획 외 모집 경력 경력 근로 조건 정규 모집 기간 상시모집 Share Save 주소가 복사되었습니다. 원하는 곳에 붙여넣기(Ctrl+V)해 주세요. 닫기 버튼 네이버 블로그 네이버 카페 라인 링크드인 카카오톡 페이스북 URL 복사 NAVER 불러오는 중 입니다.,,,,,,서울,계약직,,,,,active,2026-03-05 18:56:14.404002,2026-03-05 18:56:14.403985,True
208,226,채용 정보,https://www.moloco.com/ko/careers,"솔루션 Moloco Ads 앱 마케터를 위한 퍼포먼스 광고 솔루션 Moloco Commerce Media 커머스 플랫폼을 위한 광고 수익화 솔루션 Moloco Streaming Monetization 스트리밍 플랫폼을 위한 광고 수익화 솔루션 Moloco SDK 앱 퍼블리셔를 위한 수익화 솔루션 리소스 블로그 리포트 및 웨비나 고객 성공사례 이벤트 Moloco 도움말 센터 Moloco Ads 개발자 허브 Commerce Media 개발자 허브 회사 몰로코 소개 채용 뉴스룸 채용 정보 비즈니스의 무한한 가능성을 현실로 만드는 AI 기술의 여정에 함께하세요. Join the Moloco team and help shape the future of Artificial Intelligence powder performance advertising. Explore open Moloco jobs and roles and grow your career with a global, innovative team. 채용 공고 보기 혼자가 아닌 함께 하는 성장 몰로코는 업계 최고 수준의 기술력과 견고한 비즈니스 기반 위에 따뜻한 조직 문화를 더한 글로벌 테크 기업입니다. 빠르게 변화하는 시장에서 커리어의 성장을 실현할 수 있는 최고의 환경을 제공하며, 몰로코는 더 큰 가치와 임팩트를 만들어갈 인재와 함께 나아갑니다. 채용 공고 보기 Internship Program Why Moloco? 1 기술력 몰로코의 사명은 전 세계 모든 규모의 비즈니스가 머신러닝 기술을 통해 성장할 수 있도록 지원하고, 나아가 디지털 경제의 혁신을 이끄는 것입니다. 몰로코는 기술 그 자체보다는, 고객의 성공으로 이어지는 실질적인 성과를 만들어내는 솔루션에 집중합니다. 수익으로 연결되는 지속 가능한 비즈니스 가치를 창출하는 것, 그것이 바로 몰로코 기술의 본질이자 경쟁력입니다. 2 몰로코의 프로덕트들 Moloco Ads 퍼포먼스 마케터를 위한 광고 자동화 플랫폼으로, 전 세계 300만 개 이상의 앱에서 가장 참여도 높은 유저들을 고객으로 전환하는 AI 기반 광고 솔루션입니다. Moloco Commerce Media 몰로코의 AI 기반 커머스 미디어 플랫폼은 커머스를 이용하는 고객의 니즈를 예측하여 더 나은 쇼핑 경험을 제공하고, 광고 성과 및 광고 지면의 가치를 극대화합니다. 몰로코 수익화 솔루션 스트리밍, OTT, CTV 플랫폼을 위한 AI 기반의 풀퍼널 광고 스택으로, 시청 경험은 해치지 않으면서도 광고 수익과 성과를 높일 수 있습니다. 3 최고의 인재들과 함께하는 성장 몰로코의 가장 큰 경쟁력은 ‘사람’입니다. Google, Amazon, YouTube, Meta 등 글로벌 빅테크에서 머신러닝 시스템을 구축해온 최고 수준의 기술 인재들과 함께 일하며, 기술의 한계를 뛰어넘는 협업과 혁신을 경험할 수 있습니다. 몰로코는 함께 성장하고, 함께 산업의 변화를 이끌어가는 팀을 만들어가고 있습니다. 4 빠르게 성장 중인 탄탄한 테크 기업 몰로코는 기술 스타트업으로서는 드물게, 성장성과 수익성, 재무 안정성을 모두 갖춘 기업입니다. 외부 투자에 의존하지 않고도 견고한 성장을 이어가고 있으며, Fidelity Management & Research 등 글로벌 유수의 투자사들로부터 신뢰를 받고 있습니다. 5년 만에 매출 100만 달러에서 1억 달러를 넘어, 현재는 2억 달러 이상으로 빠르게 성장 중이며, 이러한 성장 속도와 규모는 최근 IPO를 진행한 다수의 기업을 앞서고 있습니다. 모두 보기 몰로코의 기업 가치 Lead With Humility 모든 의견을 존중하는 열린 자세는 협업의 출발점입니다. 우리는 성공과 실패, 그리고 그 안의 배움을 함께 나눕니다. 건설적인 피드백과 각자의 역할에 최선을 다하는 자세는, 몰로코가 더 나은 방향으로 나아가는 데 있어 중요한 밑거름이 됩니다. Uncapped Growth Mindset 함께하는 모든 과정을 배움과 성장의 기회로 생각합니다. 다양한 시각을 존중하고, 호기심과 실험을 통해 가능성의 경계를 끊임없이 넓혀갑니다. Create Real Value 집중과 선택을 통해 더 큰 임팩트를 만들어냅니다. 의미 있는 도전에 앞장서고, 지속 가능한 가치를 실현함으로써 고객과 함께 성장하고 성공을 만들어갑니다. Go Further Together 우리는 하나의 팀으로, 하나의 비전과 목표를 향해 나아갑니다. 협업은 선택이 아니라 문화이며, 서로가 서로의 성공을 함께 이뤄냅니다. 위치 전 세계의 몰로코 오피스 실리콘 밸리 (본사) 135 Commonwealth Drive, Menlo Park, CA 94025 샌프란시스코 88 Kearny St 21st Floor, San Francisco, CA 94108 시애틀 701 5th Ave. Suite 6300 Seattle, WA 98104 뉴욕 56 West 22nd Street, 4th, New York, NY 10010 베이징 2828, Level 28, China World office No. 1 Jianguomenwai Avenue, Chaoyang, Beijing China 100004 런던 22 Berners Street, London, W1T 3LP 서울 8,9th Floor, 231, Teheran-ro, Gangnam-gu, Seoul, Republic of Korea 싱가포르 138 Market Street #06-21/22 CapitaGreen Singapore 048946 도쿄 Shibuya Scramble Square 39F, 2-24-12 Shibuya, Shibuya-ku, Tokyo 150-6139 구르가온, 인도 Wework Two Horizon Centre 5th Floor, DLF Two Horizon Centre, DLF Phase 5, Gurugram, Haryana 122002 로스앤젤레스 10000 Washington Blvd, Culver City, CA 90232 베를린 Mindspace, c/o Moloco Uhlandstraße 32, 10719, Berlin, Germany 방갈로르 Whitefield, Survey No. 192, Whitefield Main Road, B Narayanapura, Mahadevapura, Bangalore, KA 560016 텔 아비브 Yigal Alon St 114, Tel Aviv-Jaffa, Israel 원격 근무 원격 근무 채용 공고 보기 몰로코 임직원과 가족들의 건강하고 행복한 일상을 위한 복지 혜택 임직원과 가족의 건강을 위한 치과비용, 의료실비 지원 등 다양한 건강보험 혜택 및 건강검진 프로그램을 제공합니다. Calm과 Spring Health를 통해 정서적 안정과 일상 회복을 돕는 웰니스 프로그램도 함께 지원합니다. 지속적인 임직원들의 성장을 지원하기 위한 프로그램 몰로코는 임직원의 지속적인 성장을 중요하게 생각합니다. 각 커리어의 단계에 따른 성장을 위한 다양한 코칭, 교육 프로그램을 운영하고, 지속적인 배움과 발전을 위한 연간 교육비를 지원합니다. Global 인재로 성장하기 위하여 필요한 다양한 형태의 영어수업도 운영합니다. 몰입도 높은 업무 환경을 위한 지원 매일 다양한 메뉴로 오피스에서 제공하는 점심 식사와 언제든 가볍게 즐길 수 있는 건강한 간식 및 음료가 사무실 곳곳의 마이크로키친에 마련되어 있습니다. 집에서도 회사에서와 같은 업무 환경을 지원하기 위한 홈 오피스 구축 비용과 인터넷 사용 비용, 출퇴근을 위한 교통비, 통신비를 지원합니다. 출산 및 육아휴직 제도 소중한 가족을 맞이하는 기쁨의 순간을 충분히 누릴 수 있도록, 임직원의 출산 및 육아를 위한 법정 제도 이상의 휴가 제도를 운영합니다. 유연한 근무 환경과 휴가 제도 몰로코의 유연한 휴가 정책은 직원들을 신뢰하고 그들의 삶과 가족을 지원하며 최고의 인재를 유치하고 유지하기 위한 제도입니다. 자유로운 출퇴근 시간, 매 분기별 Global 하게 운영되는 회사 전체 휴무일인 Moloco Thrive Days, 법정연차를 넘어서는 무제한 휴가 제도를 운영합니다. 몰로코의 보상 철학 몰로코는 회사의 성장과 연계해 뛰어난 성과를 낸 직원에게 업계 최고 수준의 경쟁력 있는 보상을 제공합니다. 재정 건전성과 비용 효율성도 함께 고려하며, 구성원 모두에게 지속 가능하고 의미 있는 보상을 실현합니다. ""It is rewarding to partner with the business to build processes, policies and teams that are sustainable that meet the needs of the business today and beyond."" Dharti Patel Chief Accounting Officer ""I’ve always been motivated by solving complex problems and the beauty of data-informed decision making."" ‍ Andrew Ahn ‍ Senior Director, Product Management ""Here at Moloco, everyone contributes proactively because they 'want to', not because they are 'told’ what to do.""""I’ve always been motivated by solving complex problems and the beauty of data-informed decision making."" ‍ Jinkook Kang, Staff Software Engineer ""As an engineering manager, I care deeply about understanding the motivations and goals of the people I work with.""""Here at Moloco, everyone contributes proactively because they 'want to', not because they are 'told’ what to do.""""I’ve always been motivated by solving complex problems and the b",,,"es, policies and teams that are sustainable that meet the needs of the business today and beyond."" Dharti Patel Chief Accounting Officer ""I’ve always been motivated by solving complex problems and the beauty of data-informed decision making."" ‍ Andrew Ahn ‍ Senior Director, Product Management ""Here at Moloco, everyone contributes proactively because they 'want to', not because they are 'told’ what to do.""""I’ve always been motivated by solving complex problems and the beauty of data-informed decision making."" ‍ Jinkook Kang, Staff Software Engineer ""As an engineering manager, I care deeply about understanding the motivations and goals of the people I work with.""""Here at Moloco, everyone contributes proactively because they 'want to', not because they are 'told’ what to do.""""I’ve always been motivated by solving complex problems and the beauty of data-informed decision making."" ‍ Ted Romer Engineering Manager “At Moloco, each individual's efforts are acknowledged and directly affect the company's success."" ‍ Jiyoung Heo ‍ HR Business Partner, APAC Moloco Thrive 임직원들이 일상 속에서 몰로코의 핵심 가치를 실천하고 업무에서도 업무 밖의 영역에서도 의미 있는 성취감과 삶의 균형을 실현 할 수 있도록 돕는 프로그램입니다. 세계 곳곳 다양한 커뮤니티에 긍정적인 영향을 지속적으로 확산시키기 위해, 진정성, 겸손, 포용의 가치를 바탕으로 임직원의 사회공헌을 장려하는 몰로코의 사회공헌 프로그램입니다. 임직원과 가족 모두가 건강하고 안정된 삶을 누릴 수 있도록 다양한","건강검진, 교육비",,서울,,,,,,active,2026-03-05 18:56:17.873332,2026-03-05 18:56:17.873312,True
209,239,A.I.matics - Careers,https://www.aimatics.ai/careers/jobs,"Careers Careers Careers A.I.Matics와 함께 행복한 내일을 만들어갈 인재를 찾습니다. 여러분의 열정을 유감없이 발휘할 수 있는 곳, A.I.Matics에 많은 지원 바랍니다. A.I.Matics와 함께 행복한 내일을 만들어갈 인재를 찾습니다. 여러분의 열정을 유감없이 발휘할 수 있는 곳, A.I.Matics에 많은 지원 바랍니다. A.I.Matics와 함께 행복한 내일을 만들어갈 인재를 찾습니다. 여러분의 열정을 유감없이 발휘할 수 있는 곳, A.I.Matics에 많은 지원 바랍니다. 전체 개발 전략/마케팅 사업 회계 인사 사업개발 및 솔루션 영업 담당자 사업 / 신입∙경력 / 정규 D- 26 ~ 2026. 3. 31. 지원하기 전체 개발 전략/마케팅 사업 회계 인사 사업개발 및 솔루션 영업 담당자 사업 / 신입∙경력 / 정규 D- 26 ~ 2026. 3. 31. 지원하기 전체 개발 전략/마케팅 사업 회계 인사 사업개발 및 솔루션 영업 담당자 사업 / 신입∙경력 / 정규 D- 26 ~ 2026. 3. 31. 지원하기 A.I.MATICS와 지금 시작하세요 Contact Us A.I.MATICS와 지금 시작하세요 Contact Us Company About Careers Use Case Tech Blog Company News Technology aimNet Video Context Understanding AI Agent Aim Automatic Training System Solution by Use Case 운전자 행동 인식 (DMS) 주행상황 판단 솔루션 Driver Behavior Scoring 이상징후 판단 솔루션 신원식별 (FACE ID) 프라이버시 보호 이상 행동 인지 솔루션 군중 밀집도 모니터링 Solution by Industry AI Driver 안전 운전 솔루션 AI Vision Inspection In-to-Out Process Monitoring AI 비전 시큐리티 시스템 부정맥 이상 판단 솔루션 AI Virtual Agent CEO Hoon Lee Phone 031-608-9780 Email sales@aimatics.ai 4F, Uniquest Building, 314, Hwangsaeul-ro, Bundang-gu, Seongnam-si, Gyeonggi-do",,,"Monitoring AI 비전 시큐리티 시스템 부정맥 이상 판단 솔루션 AI Virtual Agent CEO Hoon Lee Phone 031-608-9780 Email sales@aimatics.ai 4F, Uniquest Building, 314, Hwangsaeul-ro, Bundang-gu, Seongnam-si, Gyeonggi-do Copyright © A.I.MATICS. All Rights Reserved. Priavacy Policy Terms of Service Company About Careers Use Case Tech Blog Company News Technology aimNet Video Context Understanding AI Agent Aim Automatic Training System Solution by Use Case 운전자 행동 인식 (DMS) 주행상황 판단 솔루션 Driver Behavior Scoring 이상징후 판단 솔루션 신원식별 (FACE ID) 프라이버시 보호 이상 행동 인지 솔루션 군중 밀집도 모니터링 Solution by Industry AI Driver 안전 운전 솔루션 AI Vision Inspection In-to-Out",,,,,,,,,active,2026-03-05 18:56:29.370280,2026-03-05 18:56:29.370263,True
210,244,Join our Revolution,https://kr.rebellions.ai/careers,"Products REBEL REBEL-Quad ATOM™ ATOM™-Max Server ATOM™-Max POD Software Enterprise Al Solution Applications Use Cases Case Studies Developers Model Zoo SDK Docs Resources White Papers Publications Blogs Tutorials Videos Company About Careers Newsroom Events 도입 문의하기 Korean English Japanese KR English Japanese Products REBEL REBEL-Quad ATOM™ ATOM™-Max Server ATOM™-Max POD Software Enterprise Al Solution Applications Use Cases Case Studies Developers Model Zoo SDK Docs Resources White Papers Publications Blogs Tutorials Videos Company About Careers Newsroom Events 도입 문의하기 Korean English Japanese Join our Revolution AI반도체 스타트업 리벨리온에서 함께 할 동료를 찾습니다. Job openings Job Group Job Title Job Group Business Job Title Partner Operations Manager Job Group Framework Software Job Title Framework Software Engineer Job Group Hardware Job Title System Power Validation Engineer Job Group Hardware Job Title Network Software Engineer Job Group Hardware Job Title SoC Design Verification Engineer Job Group Hardware Job Title IP Design Verification Engineer Job Group Hardware Job Title Design Validation Engineer Job Group Hardware Job Title SoC/Top Design Engineer Job Group Hardware Job Title Semiconductor Project Manager Job Group Hardware Job Title Physical Design Engineer - Frontend Job Group Hardware Job Title Physical Implementation Engineer - DFT Job Group Hardware Job Title Physical Design Engineer - Backend Job Group Hardware Job Title SoC/Subsystem Design Engineer Job Group Hardware Job Title Package PI/SI Engineer Job Group Hardware Job Title IP Design Engineer Job Group Hardware Job Title SoC Architect for Scale-Up and Scale-Out Job Group Hardware Job Title SoC Power Architecture Engineer Job Group Hardware Job Title SoC Clock, Reset and Peripheral Architecture Engineer Job Group Operation Job Title IR Manager Job Group Operation Job Title Finance Manager Job Group Operation Job Title Legal Counsel Job Group Software Job Title NPU Library Software Engineer Job Group System Hardware Job Title Manufacturing Application Engineer Job Group System Software Job Title PCIe Firmware Engineer Job Group System Software Job Title DevOps & Platform Engineer Job Group System Software Job Title Ethernet Firmware Engineer Job Group System Software Job Title System Software Test Architect Job Group System Software Job Title System Software Architect Job Group System Software Job Title SoC System Software Engineer (ARM/RISC-V Architectures) Job Group System Software Job Title Collective Communication Library Engineer (Software) Job Group Talent Pool Job Title Talent Pool (Non-Tech) Job Group Talent Pool Job Title Talent Pool (Tech/전문연구요원) Job Group Talent Pool Job Title Talent Pool (Internship) 모든 포지션에서 전문연구요원(신규 편입, 전직) 지원이 가능합니다. 채용공고 확인하기 Where You Can Find Us Korea 3F, 6 Jeongjail-ro 156beon-gil, Bundang-gu, Seongnam-si, Gyeonggi-do, Korea Get directions Untied States - Rebellions America Inc. 2245 Augustine Drive Suite 150, Santa Clara, CA 95054 Get directions Japan Toranomon Hills Business Tower 15F, 1-17-1 Toranomon, Minato-ku, Tokyo, Japan Get directions Saudi Arabia – MENA Region HQ SA Riyadh #4303, Ask Shaikh Ali Al Hamad As Salihi Street, Al Nakheel District Get directions 도입 문의하기 대규모 AI 프로젝트부터 맞춤형 솔루션까지, 리벨리온과 함께라면 가능합니다. 리벨리온에 문의하고 싶으신 내용을 남겨주세요. Products ATOM™-Max Server ATOM™-Max POD REBEL-Quad Enterprise Al Solution Applications Use Cases Case Studies Developers Model Zoo SDK Docs Resources White Papers Publications Tutorials Blogs Videos Company About Careers Newsroom Events Legal Cookie Policy Privacy Policy 도입 문의하기 3F, 6 Jeongjail-ro 156beon-gil, Bundang-gu, Seongnam-si, Gyeonggi-do, Korea © 2026 Rebellions Inc.",,,,,,,,,,,,active,2026-03-05 18:56:34.745949,2026-03-05 18:56:34.745929,True
211,279,정보서비스,https://sanhak.pusan.ac.kr/sanhak/boardview/10/9,"부산대학교 산학협력단(BK사업) 사업직원 채용 공고 create 인사실 access_time 2025.11.19 14:08 visibility 138 첨부파일 산학협력단(BK사업) 사업직원 공개채용 공고.hwp 부산대학교 산학협력단 신규채용 온라인 지원서 등록 방법.pdf 부산대학교 산학협력단에서 BK21사업 지원 업무를 담당할 사업직원을 채용하고자 다음과 같이 공개 모집 하오니 많은 지원 바랍니다 . 1. 채용 예정 직급 및 모집인원 : 사무원 1명 2. 근무 부서: 부산대학교 산학협력단 3. 원서 접수 기 간: 2025. 11. 19.(수 ) ~ 11. 28.(금 ) 18 시까지 4. 서류 전형 합격자 발표(예정): 2025. 12. 4.(목 ) 5. 면접 전형(예정): 2025. 12. 10.(수 ) 6. 최종 합격자 발표(예정): 2025. 12. 12.(금 ) 7. 기타 사항: 사정에 따라 면접 전형 및 최종 합격자 발표 일정이 변경될 수 있으며, 기타 자세한 내용은 공고문을 참고하시기 바랍니다. navigate_before 이전글 부산대학교 산학협력단(RISE사업) 계약교수 채용 공고 다음글 navigate_next 부산대학교 산학협력단(RISE사업) 사업직원 채용 공고 목록 close × 비밀번호 * 필수항목 입니다. 비밀번호가 틀렸습니다. 확인 취소",,,,,,부산,,,,,,active,2026-03-05 18:56:46.089171,2026-03-05 18:56:46.089149,True
212,279,정보서비스,https://sanhak.pusan.ac.kr/sanhak/boardview/10/10,"부산대학교 산학협력단(RISE사업) 계약교수 채용 공고 create 인사실 access_time 2025.11.20 16:56 visibility 151 첨부파일 산학협력단 계약교수 채용 공고문.hwp 부산대학교 산학협력단 신규채용 온라인 지원서 등록 방법.pdf 부산대학교 산학협력단에서 RISE사업 추진 업무를 담당할 계약교수를 채용하고자 다음과 같이 공개 모집하오니 많은 지원 바랍니다. 1. 채용 예정 직급 및 모인원 : 계약교수 1명 2. 근무 부서: 부산대학교 산학협력단 3. 원서 접수 기간: 2025. 11. 20.(목 ) ~2025. 11. 28.(금 ) 18 시까지 4. 서류 전형 합격자 발표(예정): 2025. 12. 4.(목 ) 5. 면접 전형(예정): 2025. 12. 10.(수 ) 6. 최종 합격자 발표(예정): 2025. 12. 11.(목 ) 7. 기타 사항: 사정에 따라 면접 전형 및 최종 합격자 발표 일정이 변경될 수 있으며, 기타 자세한 내용은 공고문을 참고하시기 바랍니다. navigate_before 이전글 부산대학교 산학협력단(RISE사업) 사업직원 채용 공고 다음글 navigate_next 부산대학교 산학협력단(BK사업) 사업직원 채용 공고 목록 close × 비밀번호 * 필수항목 입니다. 비밀번호가 틀렸습니다. 확인 취소",,,,,,부산,,,,,,active,2026-03-05 18:56:47.014260,2026-03-05 18:56:47.014244,True
213,279,정보서비스,https://sanhak.pusan.ac.kr/sanhak/boardview/10/11,"부산대학교 산학협력단(RISE사업) 사업직원 채용 공고 create 인사실 access_time 2025.12.15 14:01 visibility 111 첨부파일 산학협력단(RISE사업) 사업직원 공개채용 공고.hwp 부산대학교 산학협력단 신규채용 온라인 지원서 등록 방법.pdf 부산대학교 산학협력단에서 지역혁신중심 대학지원체계(RISE)사업을 추진할 사업직원을 채용하고자 다음과 같이 공개 모집 하오니 많은 지원 바랍니다 . 1. 채용 예정 직급 및 모집인원 : 전임연구원 1명, 사무원 2명 2. 근무 부서: 부산대학교 산학협력단 3. 원서 접수 기 간: 2025. 12. 15.(월 ) ~ 12. 24.(수 ) 18 시까지 4. 서류 전형 합격자 발표(예정): 2025. 12. 31.(수 ) 5. 면접 전형(예정): 2026. 1. 5.(월 ) 6. 최종 합격자 발표(예정): 2026. 1. 7.(수 ) 7. 기타 사항: 사정에 따라 면접 전형 및 최종 합격자 발표 일정이 변경될 수 있으며, 기타 자세한 내용은 공고문을 참고하시기 바랍니다. navigate_before 이전글 부산대학교 산학협력단(창업중심대학사업) 사업직원 채용 공고 다음글 navigate_next 부산대학교 산학협력단(RISE사업) 계약교수 채용 공고 목록 close × 비밀번호 * 필수항목 입니다. 비밀번호가 틀렸습니다. 확인 취소",,,,,,부산,,,,,,active,2026-03-05 18:56:47.766186,2026-03-05 18:56:47.766172,True
214,279,정보서비스,https://sanhak.pusan.ac.kr/sanhak/boardview/10/15,"부산대학교 산학협력단(창업중심대학사업) 사업직원 채용 공고 create 인사실 access_time 2026.01.14 16:50 visibility 109 첨부파일 부산대학교 산학협력단(창업중심대학) 사업직원 공개채용 공고.hwp 부산대학교 산학협력단 신규채용 온라인 지원서 등록 방법.pdf 부산대학교 산학협력단에서 창업중심대학사업을 추진할 사업직원을 채용하고자 다음과 같이 공개 모집 하오니 많은 지원 바랍니다 . 1. 채용 예정 직급 및 모집인원 : 사무원 1명 2. 근무 부서: 부산대학교 산학협력단 3. 원서 접수 기 간: 2026. 1. 14.(수 ) ~ 1. 23.(금 ) 18 시까지 4. 서류 전형 합격자 발표(예정): 2026. 1. 29.(목 ) 5. 면접 전형(예정): 2026. 2. 5.(목 ) 6. 최종 합격자 발표(예정): 2026. 2. 6.(금 ) 7. 기타 사항: 사정에 따라 면접 전형 및 최종 합격자 발표 일정이 변경될 수 있으며, 기타 자세한 내용은 공고문을 참고하시기 바랍니다. 8. 공고문 및 지원서 양식: 첨부 파일 참고 navigate_before 이전글 부산대학교 산학협력단 계약직원 채용 공고 다음글 navigate_next 부산대학교 산학협력단 모성보호대체근로자 채용 공고 목록 close × 비밀번호 * 필수항목 입니다. 비밀번호가 틀렸습니다. 확인 취소",,,,,,부산,계약직,,,,,active,2026-03-05 18:56:48.536924,2026-03-05 18:56:48.536907,True
215,279,정보서비스,https://sanhak.pusan.ac.kr/sanhak/boardview/10/16,"부산대학교 산학협력단 계약직원 채용 공고 create 인사실 access_time 2026.01.16 16:19 visibility 175 첨부파일 부산대학교 산학협력단 계약직원 공개채용 공고.hwp 부산대학교 산학협력단 신규채용 온라인 지원서 등록 방법.pdf 부산대학교 산학협력단에서 근무할 계약직원 을 채용하고자 다음과 같이 공개 모집 하오니 많은 지원 바랍니다 . 1. 채용 예정 직급 및 모집인원 : 사무원 1명 2. 근무 부서: 부산대학교 산학협력단 3. 원서 접수 기 간: 2026. 1. 16.(금 ) ~ 1. 23.(금 ) 18 시까지 4. 서류 전형 합격자 발표(예정): 2026. 1. 29.(목 ) 5. 면접 전형(예정): 2026. 2. 5.(목 ) 6. 최종 합격자 발표(예정): 2026. 2. 6.(금 ) 7. 기타 사항: 사정에 따라 면접 전형 및 최종 합격자 발표 일정이 변경될 수 있으며, 기타 자세한 내용은 공고문을 참고하시기 바랍니다. 8. 공고문 및 지원서 양식: 첨부 파일 참고 navigate_before 이전글 부산대학교 산학협력단(글로컬대학30) 사업직원 채용 공고 다음글 navigate_next 부산대학교 산학협력단(창업중심대학사업) 사업직원 채용 공고 목록 close × 비밀번호 * 필수항목 입니다. 비밀번호가 틀렸습니다. 확인 취소",,,,,,부산,계약직,,,,,active,2026-03-05 18:56:49.299061,2026-03-05 18:56:49.299044,True
216,279,정보서비스,https://sanhak.pusan.ac.kr/sanhak/boardview/10/17,"부산대학교 산학협력단(글로컬대학30) 사업직원 채용 공고 create 인사실 access_time 2026.01.26 16:13 visibility 76 첨부파일 산학협력단(글로컬대학30) 사업직원 공개채용 공고.hwp 부산대학교 산학협력단 신규채용 온라인 지원서 등록 방법.pdf 부산대학교 산학협력단에서 글로컬대학30사업을 추진할 사업직원을 채용하고자 다음과 같이 공개 모집 하오니 많은 지원 바랍니다 . 1. 채용 예정 직급 및 모집인원 : 전임연구원 1명 2. 근무 부서: 부산대학교 산학협력단 3. 원서 접수 기 간: 2026. 1. 26.(월 ) ~ 2. 1.(일 ) 24 시까지 4. 서류 전형 합격자 발표(예정): 2026. 2. 5.(목 ) 5. 면접 전형(예정): 2026. 2. 10.(화 ) 6. 최종 합격자 발표(예정): 2026. 2. 12.(목 ) 7. 기타 사항: 사정에 따라 면접 전형 및 최종 합격자 발표 일정이 변경될 수 있으며, 기타 자세한 내용은 공고문을 참고하시기 바랍니다. 8. 공고문 및 지원서 양식: 첨부 파일 참고 navigate_before 이전글 부산대학교 산학협력단(RISE사업) 사업직원 채용 공고 다음글 navigate_next 부산대학교 산학협력단 계약직원 채용 공고 목록 close × 비밀번호 * 필수항목 입니다. 비밀번호가 틀렸습니다. 확인 취소",,,,,,부산,계약직,,,,,active,2026-03-05 18:56:50.094349,2026-03-05 18:56:50.094333,True
217,279,정보서비스,https://sanhak.pusan.ac.kr/sanhak/boardview/10/14,"부산대학교 산학협력단 모성보호대체근로자 채용 공고 create 인사실 access_time 2026.01.14 16:27 visibility 73 첨부파일 부산대학교 산학협력단 모성보호대체근로자 공개채용 공고.hwp 부산대학교 산학협력단 신규채용 온라인 지원서 등록 방법.pdf 부산대학교 산학협력단에서 근무할 모성보호대체근로자를 채용하고자 다음과 같이 공개 모집 하오니 많은 지원 바랍니다 . 1. 채용 예정 직종 및 모집인원 : 모성보호대체근로자 2명 2. 근무 부서: 부산대학교 산학협력단(부산캠퍼스 및 양산캠퍼스) 3. 원서 접수 기 간: 2026. 1. 14.(수 ) ~ 1. 23.(금 ) 18 시까지 4. 서류 전형 합격자 발표(예정): 2026. 1. 29.(목 ) 5. 면접 전형(예정): 2026. 2. 5.(목 ) 6. 최종 합격자 발표(예정): 2026. 2. 6.(금 ) 7. 기타 사항: 사정에 따라 면접 전형 및 최종 합격자 발표 일정이 변경될 수 있으며, 기타 자세한 내용은 공고문을 참고하시기 바랍니다. 8. 공고문 및 지원서 양식: 첨부 파일 참고 navigate_before 이전글 부산대학교 산학협력단(창업중심대학사업) 사업직원 채용 공고 다음글 navigate_next 부산대학교 산학협력단(이공계연구생활장려금 지원사업) 사업직원 채용 공고 목록 close × 비밀번호 * 필수항목 입니다. 비밀번호가 틀렸습니다. 확인 취소",,,,,,부산,,,,,,active,2026-03-05 18:56:50.838140,2026-03-05 18:56:50.838124,True
218,279,정보서비스,https://sanhak.pusan.ac.kr/sanhak/boardview/10/18,"부산대학교 산학협력단(RISE사업) 사업직원 채용 공고 create 인사실 access_time 2026.01.26 16:13 visibility 120 첨부파일 산학협력단(RISE사업) 사업직원 공개채용 공고.hwp 부산대학교 산학협력단 신규채용 온라인 지원서 등록 방법.pdf 부산대학교 산학협력단에서 RISE사업을 추진할 사업직원을 채용하고자 다음과 같이 공개 모집 하오니 많은 지원 바랍니다 . 1. 채용 예정 직급 및 모집인원 : 전임연구원 1명 2. 근무 부서: 부산대학교 산학협력단 3. 원서 접수 기 간: 2026. 1. 26.(월 ) ~ 2. 1.(일 ) 24 시까지 4. 서류 전형 합격자 발표(예정): 2026. 2. 5.(목 ) 5. 면접 전형(예정): 2026. 2. 10.(화 ) 6. 최종 합격자 발표(예정): 2026. 2. 12.(목 ) 7. 기타 사항: 사정에 따라 면접 전형 및 최종 합격자 발표 일정이 변경될 수 있으며, 기타 자세한 내용은 공고문을 참고하시기 바랍니다. 8. 공고문 및 지원서 양식: 첨부 파일 참고 navigate_before 이전글 이전 게시물이 없습니다. 다음글 navigate_next 부산대학교 산학협력단(글로컬대학30) 사업직원 채용 공고 목록 close × 비밀번호 * 필수항목 입니다. 비밀번호가 틀렸습니다. 확인 취소",,,,,,부산,,,,,,active,2026-03-05 18:56:52.333302,2026-03-05 18:56:52.333285,True
219,279,정보서비스,https://sanhak.pusan.ac.kr/sanhak/boardview/10/12,"부산대학교 산학협력단(창업중심대학사업) 사업직원 채용 공고 create 인사실 access_time 2025.12.15 14:35 visibility 96 첨부파일 산학협력단(창업중심대학) 사업직원 공개채용 공고.hwp 부산대학교 산학협력단 신규채용 온라인 지원서 등록 방법.pdf 부산대학교 산학협력단에서 창업중심대학사업을 추진할 사업직원을 채용하고자 다음과 같이 공개 모집 하오니 많은 지원 바랍니다 . 1. 채용 예정 직급 및 모집인원 : 사무원 1명 2. 근무 부서: 부산대학교 산학협력단 3. 원서 접수 기 간: 2025. 12. 15.(월 ) ~ 12. 24.(수 ) 18 시까지 4. 서류 전형 합격자 발표(예정): 2025. 12. 31.(수 ) 5. 면접 전형(예정): 2026. 1. 5.(월 ) 6. 최종 합격자 발표(예정): 2026. 1. 7.(수 ) 7. 기타 사항: 사정에 따라 면접 전형 및 최종 합격자 발표 일정이 변경될 수 있으며, 기타 자세한 내용은 공고문을 참고하시기 바랍니다. navigate_before 이전글 부산대학교 산학협력단(이공계연구생활장려금 지원사업) 사업직원 채용 공고 다음글 navigate_next 부산대학교 산학협력단(RISE사업) 사업직원 채용 공고 목록 close × 비밀번호 * 필수항목 입니다. 비밀번호가 틀렸습니다. 확인 취소",,,,,,부산,,,,,,active,2026-03-05 18:56:53.149915,2026-03-05 18:56:53.149864,True
220,279,정보서비스,https://sanhak.pusan.ac.kr/sanhak/boardview/10/13,"부산대학교 산학협력단(이공계연구생활장려금 지원사업) 사업직원 채용 공고 create 인사실 access_time 2025.12.15 15:20 visibility 139 첨부파일 산학협력단(이공계 연구생활장려금 지원사업) 사업직원 공개채용 공고.hwp 부산대학교 산학협력단 신규채용 온라인 지원서 등록 방법.pdf 부산대학교 산학협력단에서 이공계연구생활장려금 지원사업을 추진할 사업직원을 채용하고자 다음과 같이 공개 모집 하오니 많은 지원 바랍니다 . 1. 채용 예정 직급 및 모집인원 : 사무원 1명 2. 근무 부서: 부산대학교 산학협력단 3. 원서 접수 기 간: 2025. 12. 15.(월 ) ~ 12. 24.(수 ) 18 시까지 4. 서류 전형 합격자 발표(예정): 2025. 12. 31.(수 ) 5. 면접 전형(예정): 2026. 1. 5.(월 ) 6. 최종 합격자 발표(예정): 2026. 1. 7.(수 ) 7. 기타 사항: 사정에 따라 면접 전형 및 최종 합격자 발표 일정이 변경될 수 있으며, 기타 자세한 내용은 공고문을 참고하시기 바랍니다. navigate_before 이전글 부산대학교 산학협력단 모성보호대체근로자 채용 공고 다음글 navigate_next 부산대학교 산학협력단(창업중심대학사업) 사업직원 채용 공고 목록 close × 비밀번호 * 필수항목 입니다. 비밀번호가 틀렸습니다. 확인 취소",,,,,,부산,,,,,,active,2026-03-05 18:56:53.884188,2026-03-05 18:56:53.884169,True
221,297,고객센터,https://comento.kr/career/dreamverse/humax-1,"주요 업무 내용은 변경될 수 있습니다. 인원 전략리서치 휴맥스모빌리티 분당 합격 확률 높음 -국내/외 모빌리티 시장 리서치, 트렌드 조사 및 보고서 작성 -휴맥스 모빌리티의 포트폴리오 (주차, 충전 등) 관련 업계, 정책 동향 파악 -Industry / New Tech trend 리서치 및 보고서 작성 10 마케팅 휴맥스모빌리티 분당 [SNS 채널 운영/ 콘텐츠 기획 및 제작] -동종 업계 동향 및 소셜미디어 트렌드 및 레퍼런스 조사 -자사 STP분석 및 전략 도출 -콘텐츠 소재 발굴 및 아이디어 도출 -자사 유튜브 및 블로그 채널 콘텐츠 기획 및 제작 -월별 콘텐츠 발행 스케쥴링 10 디자인 휴맥스모빌리티 분당 [리서치(공통)] -레퍼런스 리서치 및 시장 분석을 통한 디자인 분석 및 도출 [선행 디자인 (공간/제품/그래픽)] -시장 조사 및 사용성 분석 -디자인 방향, 컨셉도출 및 시각화 [디자인 개발] 10 기획 휴맥스모빌리티 분당 -ChatGPT를 활용한 모빌리티 서비스 기획 -시장조사 및 해외사례조사 -세부 서비스 기획 및 화면설계 10 SW개발 휴맥스모빌리티 분당 -통합 이커머스 솔루션 개발을 위한 기능 개발 (쿠팡, 11번가, 지마켓, 옥션, 네이버스마트스토어 등) -상품에 대한 최적의 카테고리 매칭 (json 형태 개발) 10 PR(홍보/마케팅) 휴맥스모빌리티 분당 합격 확률 높음 [PR/바이럴] -주요 모빌리티 기업 홍보 메시지 조사 및 분석 -회사를 알릴 수 있는 홍보기사 컨셉 기획 -바이럴 콘텐츠를 잘 확산 할 수 있는 2030과 4050 타깃 콜라보 채널 분석 -투루차저, 투루파킹, 투루카 등 소비자들에게 어필할 수 있는 포인트 분석 10 HR(채용) 휴맥스모빌리티 분당 합격 확률 높음 [채용브랜딩 및 온보딩 강화] -채용플랫폼 조사 -채용 관련 업계 트렌드, 사례 조사 및 분석 -그룹사 채용사이트 외 채용 콘텐츠 기획 및 제작 -프리보딩&온보딩 교육프로그램 기획 10 HR(교육/제도기획) 휴맥스모빌리티 분당 [인사제도 리서치] -모빌리티업계 및 주요 기업 인사제도 리서치 (호칭, 직급, 조직구조, 성과관리,",,취약계층 청년 우대 -신청하기 후 안내된 사이트에서 서류 제출 -제출 서류 : 휴맥스 드림버스컴퍼니 참여 신청서 (지정 양식) 모집 마감! 혹시 인턴 찾고 있나요? 인턴 찾는 어려움 없이 5주 직무경험 해보세요. 바로가기,,,,,인턴,,,,,active,2026-03-05 18:57:01.428523,2026-03-05 18:57:01.428500,True
222,297,고객센터,https://comento.kr/career/dreamverse/isu-1,"주요 업무 내용은 변경될 수 있습니다. 인원 인사(채용) (주)이수 서울 -그룹 채용브랜딩 개선 아이디어 도출 (유튜브 컨텐츠 기획, 채용홈페이지 개선, 채용홍보 강화 등) -그룹 채용프로세스 개선 및 효율화 -신규입사자 온보딩 프로그램 기획 5 인사(교육) (주)이수 서울 -신입사원 입문교육 과정 개선 및 프로그램 기획 -직원 리텐션 방안 기획 및 아이디어 도출 -조직내 세대차이 극복을 위한 조직문화 개선안 도출 5 인사 이수시스템 서울 합격 확률 높음 -이수시스템 채용 홍보 기획 -이수그룹이 아닌 이수시스템 자체 소개 기획 -IT기업 특성을 고려한 신규입사자 온보딩 프로그램 개선 -IT 기업 특성을 고려한 재직자 리텐션 프로그램 기획 5 연구개발(SW개발) 이수시스템 서울 합격 확률 높음 -HR 분야의 AI 및 챗봇 활용 트렌드 및 기능, 기업리스트 등 분석 -AI 학습데이터 작성 및 정리 업무 (챗봇 등 서비스에 사용하는 AI 학습용 컨텐츠 제작 및 정리) *Notion 등 필요한 도구 활용 -이수시스템 WORKUP 서비스 내 챗봇 기능 활용한 새로운 콘텐츠 기획 및 학습자료 작성, 테스트 5 -모집 기간 : 8월 21일(월) ~ 3월 5일(목) -서류 합격 발표 : 9월 25일(월) -면접 일정 : 개별 안내 -최종 합격 발표 : 10월 18일(수) -신청일 기준 소정근로시간 주 30시간 이상 또는 사업자 등록 후 소득이 있는 자 -운영기관, 참여기업의 형제 자매 및 친인척 -23년도 고용노동부 주관 일경험 프로그램 참여자 -정부 일경험 지원사업에 참여하여 2회 이상 중도 이탈한 자 -15세 이상 34세 이하 미취업 청년 (군필자 만 39세 한정) -비수도권 청년 우대 -취약계층 청년 우대 -신청하기 후 안내된 사이트에서 서류 제출 -제출 서류 : 이수그룹 드림버스컴퍼니 참여 신청서 (지정 양식) 모집 마감! 혹시 인턴 찾고 있나요? 인턴 찾는 어려움 없이 5주 직무경험 해보세요. 바로가기",,취약계층 청년 우대 -신청하기 후 안내된 사이트에서 서류 제출 -제출 서류 : 이수그룹 드림버스컴퍼니 참여 신청서 (지정 양식) 모집 마감! 혹시 인턴 찾고 있나요? 인턴 찾는 어려움 없이 5주 직무경험 해보세요. 바로가기,,,,서울,인턴,,,,,active,2026-03-05 18:57:01.962355,2026-03-05 18:57:01.962334,True
223,297,고객센터,https://comento.kr/career/dreamverse/seohan-1,"주요 업무 내용은 변경될 수 있습니다. 인원 품질 한국무브넥스 울산 -품질/공정 관리, 고객 품질 대응 방안 수립 -품질 시스템, 절차 관리 및 개선 10 인사 한국무브넥스 울산 -국내 인사트렌드 (채용, 평가, 보상, 인사 제도) 조사 및 보고서 작성 -대내외 노동관계 (정부 노동 정책, 노동조합 등) 조사 및 보고서 작성 10 품질시스템 서한이노빌리티 충북 진천 합격 확률 높음 -품질 경영 시스템 관리 -고객사 Audit 및 국제 표준 인증 대응 -현장/업무 시스템 점검 및 개선 -품질 시스템 내부 Audit 10 연구개발 서한이노빌리티 충북 진천 -자동차 설계 품질 향상 -자동차 설계 관련 절차서 지침서 개정 -기초 도면 검토 및 작성지원 10 공정기술 서한이노빌리티 충북 진천 합격 확률 높음 -공정 개선 활동 -낭비 제거를 통한 원가 경쟁력 확보 10 IT 기획 기획본부 동탄 합격 확률 높음 -ERP, 그룹웨어 등 시스템 개발 및 운영 지원 -IT Infra 관리 (서버, PC, 네트워크 등) -IT 보안 관리 및 보안 인증 취득 및 유지 -IT 관련 업무 기획 지원 10 영업 캄텍 충북 진천 합격 확률 높음 -영업 진행을 위한 견적산출 -판매가 타당성 평가 및 수익성 개선 -시장조사 보고 (경쟁사 동향 및 신제품 발굴) 10 생산관리 캄텍 충북 진천 합격 확률 높음 -생산계획 수립 및 실적 관리 (가동률 및 Capa 관리) -사내 협력사 관리 -생산 부문 4M 변경 및 ESG 관리 -고객사 출하 계획 수립 및 실적관리 10 -모집 기간 : 10월 24일(화) ~ 3월 5일(목) -서류 합격 발표 : 12월 7일(목) -면접 일정 : 개별 안내 -최종 합격 발표 : 12월 22일(금) -신청일 기준 소정근로시간 주 30시간 이상 또는 사업자 등록 후 소득이 있는 자 -운영기관, 참여기업의 형제 자매 및 친인척 -23년도 고용노동부 주관 일경험 프로그램 참여자 -정부 일경험 지원사업에 참여하여 2회 이상 중도 이탈한 자 -15세 이상 34세 이하 미취업 청년 (군필자 만 39세 한정) -비수도권 청년 우대 -취약계층 청년 우대 -신청하기 후 안내된 사이트에서 서류 제출 -제출 서류 : 서한그룹 드림버스컴퍼니 참여 신청서 (지정 양식) 모집 마감! 혹시 인턴 찾고 있나요? 인턴 찾는 어려움 없이 5주 직무경험 해보세요. 바로가기",,취약계층 청년 우대 -신청하기 후 안내된 사이트에서 서류 제출 -제출 서류 : 서한그룹 드림버스컴퍼니 참여 신청서 (지정 양식) 모집 마감! 혹시 인턴 찾고 있나요? 인턴 찾는 어려움 없이 5주 직무경험 해보세요. 바로가기,,,,울산,인턴,,,,,active,2026-03-05 18:57:03.121006,2026-03-05 18:57:03.120985,True
224,297,고객센터,https://comento.kr/career/dreamverse/humax-2,"주요 업무 내용은 변경될 수 있습니다. 인원 전략리서치 휴맥스모빌리티 분당 -국내/외 모빌리티 시장 리서치, 트렌드 조사 및 보고서 작성 -휴맥스 모빌리티의 포트폴리오 (주차, 충전 등) 관련 업계, 정책 동향 파악 -Industry / New Tech trend 리서치 및 보고서 작성 10 기획 휴맥스모빌리티 분당 합격 확률 높음 -모빌리티 서비스 기획 -시장조사 및 해외사례조사 -세부 서비스 기획 및 화면설계 20 -모집 기간 : 10월 30일(월) ~ 3월 5일(목) -서류 합격 발표 : 12월 6일(수) -면접 일정 : 개별 안내 -최종 합격 발표 : 12월 21일(목) -신청일 기준 소정근로시간 주 30시간 이상 또는 사업자 등록 후 소득이 있는 자 -운영기관, 참여기업의 형제 자매 및 친인척 -23년도 고용노동부 주관 일경험 프로그램 참여자 -정부 일경험 지원사업에 참여하여 2회 이상 중도 이탈한 자 -15세 이상 34세 이하 미취업 청년 (군필자 만 39세 한정) -비수도권 청년 우대 -취약계층 청년 우대 -신청하기 후 안내된 사이트에서 서류 제출 -제출 서류 : 휴맥스 드림버스컴퍼니 참여 신청서 (지정 양식) 모집 마감! 혹시 인턴 찾고 있나요? 인턴 찾는 어려움 없이 5주 직무경험 해보세요. 바로가기",,취약계층 청년 우대 -신청하기 후 안내된 사이트에서 서류 제출 -제출 서류 : 휴맥스 드림버스컴퍼니 참여 신청서 (지정 양식) 모집 마감! 혹시 인턴 찾고 있나요? 인턴 찾는 어려움 없이 5주 직무경험 해보세요. 바로가기,,,,,인턴,,,,,active,2026-03-05 18:57:03.319274,2026-03-05 18:57:03.319256,True
225,297,고객센터,https://comento.kr/career/dreamverse/ybm-2,"주요 업무 내용은 변경될 수 있습니다. 인원 마케팅 YBM넷 서울 -온라인 어학 학습 관련 20대 고객 대상 FGI 진행 및 결과 분석 -AI 기술을 접목한 신규 학습 서비스 아이디어 도출 -트렌디하고 친근한 이미지로 고객에게 다가가기 위한 브랜드 컨셉 및 메시지 도출 10 IT서비스기획 YBM넷 서울 -경쟁사 및 시장 전반 트렌드 파악 -서비스 및 경쟁력 파악 -자료 및 경쟁사 분석 -서비스 아이데이션 -새로운 온라인 비즈니스 발굴 5 영상 YBM에듀 서울 -e4u센터 강의 별 홍보영상 제작(프리미어프로, 에프터이펙트 등 활용) -지정 강의 불라방으로 체험 후 영상 제작 기획 -사진 및 이미지, 화면효과를 통한 홍보영상 제작 5 마케팅 YBM에듀 서울 합격 확률 높음 -각 강사별 특징을 살려 홈페이지 강사페이지 구성 아이디어 및 제작 -각 과목 별 상세내용 및 대표 과정 소개 구성 아이디어 및 제작 -월별 특정된 마케팅 방향에 따른 홍보 페이지 구성(페이스북/ 웹/ 프로그램지 등) -홈페이지 모니터링 : 롤링배너, 플로팅 배너 등 시기별 디자인 가안 구성 -네이버 블로그/플레이스 관리 : 수강후기, 게시물 및 이웃 관리, 블로그 활용 이벤트 제안 외 -경쟁사 모니터링 및 이슈체크 : 네이버 키워드 광고, 강사 및 이벤트 변동사항 관리 외 20 -모집 기간 : 10월 30일(월) ~ 3월 5일(목) -서류 합격 발표 : 12월 6일(수) -면접 일정 : 개별 안내 -최종 합격 발표 : 12월 21일(목) -신청일 기준 소정근로시간 주 30시간 이상 또는 사업자 등록 후 소득이 있는 자 -운영기관, 참여기업의 형제 자매 및 친인척 -23년도 고용노동부 주관 일경험 프로그램 참여자 -정부 일경험 지원사업에 참여하여 2회 이상 중도 이탈한 자 -15세 이상 34세 이하 미취업 청년 (군필자 만 39세 한정) -비수도권 청년 우대 -취약계층 청년 우대 -신청하기 후 안내된 사이트에서 서류 제출 -제출 서류 : YBM 드림버스컴퍼니 참여 신청서 (지정 양식) 모집 마감! 혹시 인턴 찾고 있나요? 인턴 찾는 어려움 없이 5주 직무경험 해보세요. 바로가기",,취약계층 청년 우대 -신청하기 후 안내된 사이트에서 서류 제출 -제출 서류 : YBM 드림버스컴퍼니 참여 신청서 (지정 양식) 모집 마감! 혹시 인턴 찾고 있나요? 인턴 찾는 어려움 없이 5주 직무경험 해보세요. 바로가기,,,,서울,인턴,,,,,active,2026-03-05 18:57:03.714185,2026-03-05 18:57:03.714168,True
226,297,고객센터,https://comento.kr/career/dreamverse/kbds-1,"주요 업무 내용은 변경될 수 있습니다. 인원 인프라운영 KB데이타시스템 서울 합격 확률 높음 [네트워크/보안] -NW 구성 설계 및 운영 관리 -Public / Private Cloud 운영 관리 -보안 체계 관리 (정보보안 정책,지침,프로세스 등) -보안 솔루션 및 시스템 구축 및 운영 관리 [서버/DB/미들웨어 운영] -Unix 및 x86 서버 운영/관리 -Public/Private Cloud 운영 관리 -DB 분석/설계/구축/운영 및 관리 -WAS 구축/운영 관리 -WAS (Weblogic/Websphere/Jeus/Apache) 모니터링, 튜닝, 트러블 슈팅 10 어플리케이션 운영 KB데이타시스템 서울 -KB금융그룹(Web/App) 서비스 개발 및 운영 *Java(Spring), Javascript(node.js) 프로그래밍 *DB(Mysql/Oracle), SQL 10 -모집 기간 : 10월 30일(월) ~ 3월 5일(목) -서류 합격 발표 : 12월 7일(목) -면접 일정 : 개별 안내 -최종 합격 발표 : 12월 22일(금) -신청일 기준 소정근로시간 주 30시간 이상 또는 사업자 등록 후 소득이 있는 자 -운영기관, 참여기업의 형제 자매 및 친인척 -23년도 고용노동부 주관 일경험 프로그램 참여자 -정부 일경험 지원사업에 참여하여 2회 이상 중도 이탈한 자 -15세 이상 34세 이하 미취업 청년 (군필자 만 39세 한정) -비수도권 청년 우대 -취약계층 청년 우대 -신청하기 후 안내된 사이트에서 서류 제출 -제출 서류 : KB데이타시스템 드림버스컴퍼니 참여 신청서 (지정 양식) 모집 마감! 혹시 인턴 찾고 있나요? 인턴 찾는 어려움 없이 5주 직무경험 해보세요. 바로가기",,취약계층 청년 우대 -신청하기 후 안내된 사이트에서 서류 제출 -제출 서류 : KB데이타시스템 드림버스컴퍼니 참여 신청서 (지정 양식) 모집 마감! 혹시 인턴 찾고 있나요? 인턴 찾는 어려움 없이 5주 직무경험 해보세요. 바로가기,,,,서울,인턴,,,,,active,2026-03-05 18:57:04.109389,2026-03-05 18:57:04.109370,True
227,297,고객센터,https://comento.kr/career/dreamverse/internz-startup_grow-5,"직접 출근하는 인턴형 스타트업에 직접 출근하며 실제 기업의 문화를 경험하고 현직자들과 함께 일해볼 수 있습니다. 40시간의 사전 직무 교육 근무 전 역량을 쌓을 수 있도록, 기본 소양 교육과 직무 심화 교육이 제공됩니다. 직무역량을 쌓는 경험 기성 조직과는 다른 조직문화와 직무 역량을 강화할 수 있는 전문성있는 업무를 경험할 수 있습니다. 경영전략 모집인원 1명 -국내외 시장 데이터 및 마켓 리포트 분석을 통해 주요 시사점 도출 -국내외 경쟁사 및 유관 기업 분석에 필요한 데이터 분석 기반 Projection 및 Modeling 제작 지원 -전략 프로젝트 및 아젠다 관련 Framework(가설) 검증에 필요한 분석 데이터 도출 -Desk Research 수행하여 보고서 컨텐츠 구성 지원 인사/고객관리 모집인원 1명 -채용 온보딩/오프보딩 메뉴얼 작성 -고객관리 프로그램 (CRM) 선정 및 관리 -자사 사업 전략 수립 및 리서치 B2B 영업/마케팅 모집인원 1명 -세일즈 파이프라인 개선 및 전략 수립 -솔루션 신규 고객 발굴 및 세일즈 -제안서, 소개서, 매뉴얼 등 세일즈 필요한 문서 작성 제안서 개발 합격 확률 높음 모집인원 4명 -해외용 IR Deck 고도화 및 해외 VC 미팅 지원 -국내용 IR Deck 고도화 및 국내 VC 미팅 지원 -공공기관 제안서 개발 (수출, 사업화 등) 및 제안서 제출 -파트너사 및 고객사 제안서 개발 해외사업(Front) 모집인원 2명 -글로벌 이메일 보안 솔루션 신규 거래처 발굴 (전시회, 온라인 매칭 등) -글로벌 이메일 보안 솔루션 파트너사 영업 및 사업 개발, 마케팅 지원 -글로벌 이메일 보안 솔루션 사용자 경험 강화를 위한 매뉴얼 고도화 및 기능 구현 확인 -글로벌 이메일 보안 표준 인증 제도 개발 지원 해외사업(기획) 합격 확률 높음 모집인원 4명 -글로벌 이메일 보안 표준 적용 우선 진출 국가 도출 (코트라 활용) 및 해당 국가 파트너사, 고객사 발굴 -글로벌 이메일 보안 표준 ODA 사업 개발 및 관련 부처 미팅 -글로벌 이메일 보안 표준 자격, 검정 비즈니스 기획 해외 영업 합격 확률 높음 모집인원 4명 -파트너사의 세일즈를 위한 교육 자료 구축 -해외 고객사 및 파트너사 제안서 개발 및 프레젠테이션 (프레젠테이션은 녹화하여 해외 상용화도 고려하고 있음) -해외 고객사 및 파트너사 발굴 글로벌 영업지원 모집인원 1명 -해외 거래처 영업 지원 및 박람회 진행 -수출 관련 무역사무 업무 지원 -국가별 인허가 서류 작성 업무 담당 -월별 매출 데이터 취합 및 보고서 작성 인사 총무 모집인원 1명 -사내 총무 업무 지원 -사내 이벤트 운영 및 기획 업무 서포트 경영/행정지원 모집인원 2명 -계약 체결 유지 관리 업무 -회사 전반 경영지원 및 총무업무 -문서관리 및 작성 등 사무업무 -주주총회 이사회 지원 업무 사업 전략/기획 모집인원 1명 -시장리서치 -데이터 분석 -투자 유치 및 집행을 위한 업무 지원 경영지원(인사/총무) 모집인원 1명 -[HR] 전사 타운홀 미팅 운영, 신규입사자 온보딩 지원 등 -[총무] 사내 환경 관리. 사내 매뉴얼 작성, 자료 관리 등 -전사 운영 관련 기타 업무 지원 브랜드/제품 기획 모집인원 1명 -시장리서치 -신규 브랜드/신제품 기획 및 개발 -제조사, 물류사 등 유통라인 관리 -브랜드 운영 관련 기타 업무 지원 경영지원 모집인원 1명 -총무(사내 문서 관리, 소모품 관리, 경영 지원 업무) -운영 지원(고객 CS, 서비스 운영) 재무, 회계 모집인원 1명 -매출,매입 마감 및 기장 -정산(아티스트,투자사,관계사등) -그 외 경영지원 운영 업무 인사총무 모집인원 1명 -인사 총무 업무 일체 (채용, 사옥관리 등) 전략기획 모집인원 1명 -회사의 성장 전략성 방향성 제시 (Strategy) -계열사 주요 과제 도출 및 프로젝트 진행 (In-house Consulting) -M&A 및 전략적 (SI) 투자 (Investment) -국내 및 해외 FI/SI 투자 유치 운영관리 및 운영지원 모집인원 1명 -일일매출자료공유 보조 - 직가맹점, 충전돼지, 셀픽 등 -오픈 매장 물품준비 -직영점 소모품 및 채팅방 일정관리 -기타 운영관리 및 테크니컬 문서작업 보조 온라인MD 모집인원 1명 -상품 기획 및 상품개발 -판매 기획 및 매출 관리 -공급사 운영 및 관리 -프로모션 진행 재무 모집인원 1명 -출납 및 총무,기획 고객사 관리 모집인원 1명 -고객사 매출관리 및 업세일즈관리 -매출 / 매입 정산 -상담 및 cs -모집 기간 : 3월 25일(월) ~ 3월 5일(목) -서류 합격 발표 : 4월 17일(수) 이후 개별 연락 -면접 심사 : 4월 18일(목) ~ 5월 3일(금) -최종 합격 발표 : 5월 8일(수) -사전교육 : 5월 13일(월) ~ 5월 20일(월) -일경험 시작일 : 5월 22일(수) *기업별로 종료일은 상이합니다. -신청일 기준 취업 상태로 주 소정 근로 시간 30시간 이상인 자 -사업자등록 후 소득이 1,200만 원 이상인 자 -배우자, 직계존비속 또는 형제자매가 참여기업 사업주(대표자)인 자 -단순 변심으로 청년 일경험 지원사업에 참여하여 2회 이상 중도이탈한 자 *단, 기업탐방형 참여자는 가능 -신청일 현재 정부 지원사업에 참여하고 있는 자 (국민취업지원제도 일경험 프로그램, 청년 일경험 지원사업) -15세 이상 34세 이하 미취업 청년 (군필자는 의무복무기간에 비례하여 적용, 최고 만 39세로 한정) -사전교육 일정에 참여 가능한 자 *09:00~18:00 오프라인 교육(서울), 교육 미수료 시 일경험 진행 불가 -일경험 시작일로부터 최대 20주의 오프라인 근무가 가능한 자 -기업별 상이 -지원하기 후 이메일로 안내된 링크로 서류 제출 -제출 서류 : 참여 신청서 (지정 양식) 모집 마감! 혹시 인턴 찾고 있나요? 인턴 찾는 어려움 없이 5주 직무경험 해보세요. 바로가기",,,,,,서울,인턴,,,,,active,2026-03-05 18:57:04.772997,2026-03-05 18:57:04.772980,True
228,297,고객센터,https://comento.kr/career/dreamverse/hansol-4,"주요 업무 내용은 변경될 수 있습니다. 인원 브랜드커뮤니케이션 한솔홀딩스 서울 합격 확률 높음 -한솔그룹 브랜드 커뮤니케이션 슬로건 기획 제안 -한솔그룹 브랜드 이미지 홍보용 디자인물 제작 -대학생 계층 대상 효과적인 브랜드 커뮤니케이션 전략 수립 -한솔그룹 60주년 기념 행사/이벤트 기획 제안 10 IR 한솔홀딩스 서울 합격 확률 높음 -Market Data 분석을 통한 그룹 영위 사업 Peer 동향 리서치 -계열 Valuation(PER, PBR 등) 평가 지원 -IR Book 업데이트 지원 -국민연금 의결권 행사 현황 및 시사점 분석 -주주행동주의 현황 및 채용점 분석 10 ESG 한솔홀딩스 서울 -국내외 ESG 동향 변화에 따른 ESG 경영 강화방안 조사 -사내 임직원 대상 ESG 내재화 활동 기획 -계열별 친환경 사회공헌활동 기획 -그룹 ESG 경영 유튜브 홍보영상 기획 -타사 사례조사를 통한 그룹 지배구조 개선과제 도출 10 채용 한솔홈데코 서울 합격 확률 높음 -채용 브랜딩 영상 기획 (레퍼런스 리서치, 카피라이팅 등) -채용 홍보 컨텐츠 개발 (레퍼런스 리서치, SNS 컨텐츠 제작 등) 10 브랜드전략 한솔홈데코 서울 -브랜딩, 마케팅 기획안 제작 -시각 디자인물 제작 -카피라이팅, 세부 마케팅 전략도출 -영상/마케팅 사례 등 레퍼런스 리서치 10 전략기획 한솔테크닉스 진천 합격 확률 높음 -산업(시장)/고객/경쟁사 분석 -중장기 전략 수립 -전략 실행점검 10 인사 한솔테크닉스 진천 -사내 조직문화 활성화 프로그램 기획 -평가 및 승격에 대한 운영/관리 -채용 브랜딩 강화 활동 10 PS개발 한솔테크닉스 수원 합격 확률 높음 -회로이론 및 전자회로에 대한 이해를 바탕으로 개발 모델 Partlist 작성 등 -SMPS와 인버터에 대한 이해를 바탕으로 적합성 판단 및 회로 동작 분석 등 30 코팅기술개발 한솔아이원스 안성 -소재 분석 및 물성 지식 이해를 바탕으로 기술개발 Items 검토 및 선정 등 -화학 및 물리적 지식 이해를 바탕으로 코팅기술개발 방향 검토 및 계획 등 10 설비부품영업 한솔아이원스 안성 합격 확률 높음 -연간/분기 영업 목표 및 전략 수립 -영업 이익 분석 및 성과 관리 -고객 컴플레인 대응 10 환경 한솔제지 장항/대전/천안 [장항] -매체법 (대기/수질/폐기물 등) 관련 업무 -배출 및 방지설비 이해를 통한 데이터 분석 및 트러블슈팅 등 [대전] -통합환경인허가 -대기/수질/폐기물 인허가 -법정일지 관리 -폐기물 올바로시스템 관리 -비점오염 관리 시설 유지관리 [천안] -수질 및 대기 관리 -시설 인.허가 업무 -배출허용기준 준수 및 수질/대기 TMS 운영 (법규준수) -PSM 대상설비 -폐기물 관리 -올바로시스템 관리 및 폐기물실적보고, 폐기물 운반/처리업체 신규계약/재계약 업무 -폐기물 발생처 / 보관장 관리 (법규준수) -화학물질 관리 -화학물질 인.허가 업무 -허가시설 점검 및 관리, 실적보고, 통계조사, 정기점검, 설치검사 법규준수) -통합환경인허가 -기록 및 보존 관리 -사후관리 -기타 -지도점검대응 (환경부, 유역청, 지자체 등) -법규 개정 모니터링 및 대응 30 생산관리 한솔제지 장항 -생산성 지표 집계 및 해당 지표를 활용한 분석 -SAP, MES, BW 데이터 관리 지원 -생산 및 입고량 점검 10 생산 한솔제지 대전 합격 확률 높음 -생산관련 Data 정리 및 분석 (에코필러 PCC 데이터 관리) 10 기술개발 한솔제지 장항/대전/신탄진 [장항] -생산 및 제품 관련 Data 정리/분석 -원가 절감 신규 아이디어 고안 -신제품 설계 고안 -공정 트러블 발생 시 해결방안 도출 -클레임 대응 [대전] -Data 분석 (회귀 분석, 실험 계획법) -제품 설계 (원/부재료 Test 프로세스, 필요 품질 설계) -품질 평가 (재현성 확인) [신탄진] -생산 및 제품 관련 Data 정리/분석 및 보고서 작성 -원가절감을 위한 Data 분석 및 효과 산출 -원가절감 신규 아이디어 고안 -신제품 설계 고안 보고서 작성 -공정 트러블 발생 시 해결방안 도출 30 구매-원재료 한솔제지 서울 합격 확률 높음 -항해일수 실적 분석을 통한 브랜드별 안전재고 일수 수립 -전문기관 리포트 분석 및 24년 원료 가격 트렌드 정비 -특성 별 구매전략(가격협상) 스터디 -원료수요, 공급사별 현황 및 가격 트렌드 시장조사 -가격변동 요소 및 선적이슈 점검을 통한 리스크 대응 -공장별 소요량 파악 및 안전재고 운영 관리 10 구매-부재료/기자재 한솔제지 서울 합격 확률 높음 -공급업체 소싱 및 단가 협상을 통한 회사 손익 개선 -구매 프로세스 및 전략 수립 (상황별 대처-shortage, 공급사 이원화 등) -자재 및 원재료 시황 분석을 통한 선제적 대응 및 재고 관리 (환율, 소비자물가지수 등 확인) -손익 마인드, 투명 및 공정구매 안내 -공급사 및 공장 간 협상 시뮬레이션 10 -모집 기간 : 3월 18일(월) ~ 3월 5일(목) -서류 합격 발표 : 4월 23일(화) -면접 일정 : 개별 안내 -최종 합격 발표 : 5월 10일(금) -신청일 기준 소정근로시간 주 30시간 이상 또는 사업자 등록 후 소득이 있는 자 -운영기관, 참여기업의 형제 자매 및 친인척 -24년도 고용노동부 주관 일경험 프로그램 참여자 -같은 연도 일경험 프로그램 참여자(중복 참여 불가) -정부 일경험 지원사업에 참여하여 2회 이상 중도 이탈한 자 -15세 이상 34세 이하 미취업 청년 (군필자 만 39세 한정) -비수도권 청년 우대 -취약계층 청년 우대 -신청하기 후 안내된 사이트에서 서류 제출 -제출 서류 : 한솔그룹 드림버스컴퍼니 참여 신청서 (지정 양식) 모집 마감! 혹시 인턴 찾고 있나요? 인턴 찾는 어려움 없이 5주 직무경험 해보세요. 바로가기",,취약계층 청년 우대 -신청하기 후 안내된 사이트에서 서류 제출 -제출 서류 : 한솔그룹 드림버스컴퍼니 참여 신청서 (지정 양식) 모집 마감! 혹시 인턴 찾고 있나요? 인턴 찾는 어려움 없이 5주 직무경험 해보세요. 바로가기,,,,서울,인턴,,,,,active,2026-03-05 18:57:06.272654,2026-03-05 18:57:06.272635,True
229,297,고객센터,https://comento.kr/career/dreamverse/humax-3,"주요 업무 내용은 변경될 수 있습니다. 인원 채용 휴맥스모빌리티 분당 합격 확률 높음 [조직문화 및 채용 리서치] -채용 트렌드 및 채용 프로세스 개선 기획 -주요 업계 조직문화 리서치 및 분석 -휴맥스 그룹 조직문화 아이디어 도출 10 전략 리서치 휴맥스모빌리티 분당 합격 확률 높음 [모빌리티 전략 리서치] -국내/외 모빌리티 시장 리서치, 트렌드 조사 및 보고서 작성 -휴맥스 모빌리티의 포트폴리오(주차, 충전 등) 관련 업계, 정책 동향 파악 -Industry/New Tech Trend 리서치 및 보고서 작성 10 언론홍보&바이럴 휴맥스모빌리티 분당 합격 확률 높음 [PR/바이럴] -주요 모빌리티 기업 홍보 메시지 조사 및 분석 -회사를 알릴 수 있는 홍보기사 컨셉 기획 -바이럴 콘텐츠를 잘 확산 할 수 있는 2030과 4050 타깃 콜라보 채널 분석 -투루차저, 투루파킹, 투루카 등 소비자들에게 어필할 수 있는 포인트 분석 10 서비스기획(PO팀) 휴맥스모빌리티 분당 [모빌리티 서비스 리서치 및 서비스 기획] -서비스 컨셉 아이데이션(신규 또는 개선) -시장 조사 -모바일 앱 및 백오피스 서비스 기획 -화면설계, 정보구조도 등 기획서 작성 10 서비스기획(Service Growth팀) 휴맥스모빌리티 분당 합격 확률 높음 [모빌리티 서비스 기획, 사업 전략 기획 및 리서치] -다양한 분야의 모빌리티 서비스 전략 검토와 기획 -모빌리티 사업의 이해와 전략 수립 -혁신 모빌리티 서비스, 시장 주도 트렌드 및 사업 사례 조사(국내, 국외) -세부 서비스 기획 및 화면 설계 10 브랜딩&퍼포먼스마케팅 휴맥스모빌리티 분당 [브랜딩/퍼포먼스 마케팅(web)] -고객 관점의 시장 조사 및 유효 키워드 발굴 -브랜드 USP 설정 및 대고객 접점을 통한 노출(Owned media - Web HP) -Paid media 매체 탐색 및 캠페인 KPI에 따른 운영 -Search Ads, Display Ads, Video Ads 매체별 소재 기획 -브랜드 활동 따른 지표 추이 분석 및 성과 보고 10 브랜디드 콘텐츠 휴맥스모빌리티 분당 [SNS 채널 운영/콘텐츠 기획 및 제작] -동종 업계 동향 및 소셜미디어 트렌드 및 레퍼런스 조사 -자사 STP분석 및 전략 도출 -콘텐츠 소재 발굴 및 아이디어 도출 -자사 유튜브 및 블로그 채널 콘텐츠 기획 및 제작 -월별 콘텐츠 발행 스케쥴링 10 App마케팅&광고 휴맥스모빌리티 분당 [App마케팅&광고] -경쟁사 APP 마케팅 리서치 & 분석 -경쟁사 APP UX·UI 리서치 & 분석 -프로모션/광고 전략 기획 및 제작 -데이터 기반 성과 분석 마케팅 -콘텐츠 기획 및 제작 등 10 -모집 기간 : 3월 25일(월) ~ 3월 5일(목) -서류 합격 발표 : 4월 30일(화) -면접 일정 : 개별 안내 -최종 합격 발표 : 5월 20일(월) -신청일 기준 소정근로시간 주 30시간 이상 또는 사업자 등록 후 소득이 있는 자 -운영기관, 참여기업의 형제 자매 및 친인척 -24년도 고용노동부 주관 일경험 프로그램 참여자 -정부 일경험 지원사업에 참여하여 2회 이상 중도 이탈한 자 -15세 이상 34세 이하 미취업 청년 (군필자 만 39세 한정) -비수도권 청년 우대 -취약계층 청년 우대 -신청하기 후 안내된 사이트에서 서류 제출 -제출 서류 : 휴맥스 드림버스컴퍼니 참여 신청서 (지정 양식) 모집 마감! 혹시 인턴 찾고 있나요? 인턴 찾는 어려움 없이 5주 직무경험 해보세요. 바로가기",,취약계층 청년 우대 -신청하기 후 안내된 사이트에서 서류 제출 -제출 서류 : 휴맥스 드림버스컴퍼니 참여 신청서 (지정 양식) 모집 마감! 혹시 인턴 찾고 있나요? 인턴 찾는 어려움 없이 5주 직무경험 해보세요. 바로가기,,,,,인턴,,,,,active,2026-03-05 18:57:06.489575,2026-03-05 18:57:06.489561,True
230,297,고객센터,https://comento.kr/career/dreamverse/internz-startup-9,"직접 출근하는 인턴형 스타트업에 직접 출근하며 실제 기업의 문화를 경험하고 현직자들과 함께 일해볼 수 있습니다. 40시간의 사전 직무 교육 근무 전 역량을 쌓을 수 있도록, 기본 소양 교육과 직무 심화 교육이 제공됩니다. 성장을 만드는 실무 경험 스타트업의 업무 프로세스 속에서 폭 넓은 경영사무 실무 경험을 쌓고 성장할 수 있습니다. 경영사무 모집인원 2명 -국내/해외 기업들을 대상으로 NNT 컨설팅 서비스 세일즈 미팅 성사를 위한 모든 활동 -Linkedin, Email, 전화 등 다양한 채널들을 통해 아웃바운드 콜드 메일 및 메시지를 보내 세일즈 미팅을 세팅 -고객사 니즈 파악, 솔루션 제안, 계약 체결 등 세일즈 프로세스 전반 관리 법무 담당자 모집인원 1명 -그룹사 계약서 검토 -사내 사업 및 내부 법률 이슈 검토 및 대응 경영지원(사업개발/전략기획) 모집인원 1명 -신사업 개발 및 진행 -고객관리 및 획득 전략 수립, 실행 -자사 사업 전략 수립 및 리서치 경영사무 모집인원 1명 -서비스 활동에 필요한 자료 제작 -회사 주요 서류 관리 및 제작 -프로세스 문제 분석 및 해결 과정 업무 지원 -고객 정산서류 관리 및 총무 -데이터 관리 및 분석 -회계 관리 지원 경영지원(사무) 모집인원 1명 -사내 경영지원 관련 업무 *재무, 회계 기초 데이터 및 보고서 작성 *대내외 법인서류 관리 및 기타 사무지원 B2B 영업/마케팅 모집인원 1명 -세일즈 파이프라인 개선 및 전략 수립 -솔루션 신규 고객 발굴 및 세일즈 -제안서, 소개서, 매뉴얼 등 세일즈 필요한 문서 작성 해외사업 모집인원 4명 -해외 시장조사 -파트너사, 고객사, 영업 관련 업무 전략기획 모집인원 3명 -투자제안서, 민간자격증, 정부사업, HR PM 모집인원 2명 -자체 상품 기획부터 양산까지의 전 과정에 대한 업무 지원 -온라인 채널 및 카테고리 전반에 대한 시장조사 진행 -신규 상품 기회를 발굴하여 제안 CX 모집인원 1명 -넥스트챕터가 인수한 브랜드의 고객 대응 업무를 수행 -네이버 쇼핑, 쿠팡 등 주요 마켓플레이스 및 자사몰 내 고객 리뷰 및 문의 사항에 답변하고 고객의 문제를 해결 -반복적으로 발생하는 문제, 긴급한 문제 등 고객의 문제를 구분하여 우선순위 설정 -유관 부서에 고객의 목소리를 전달하고, 협업하여 해결책 도출 -품절 및 재고관리 등 판매 채널 상의 이슈에 대응하고, 제품의 매출과 랭킹 현황 분석 경영/행정지원 모집인원 1명 -계약 체결 유지 관리 업무 -회사 전반 경영지원 및 총무 업무 -문서관리 및 작성 등 사무 업무 -주주총회 이사회 지원 업무 재무회계 모집인원 1명 -기장 (일반전표 및 매입매출전표 입력) -법인카드 및 세금계산서, 대체전표 등 월 단위 결산을 위한 회계처리 수행 경영지원 모집인원 2명 [총무] -사내 문서 관리 -소모품 관리 -경영 지원 업무 [운영 지원] -고객 CS -서비스 운영 업무 전략기획 모집인원 2명 -회사의 성장 전략성 방향성 제시 (Strategy) -계열사 주요 과제 도출 및 프로젝트 진행 (In-house Consulting) -M&A 및 전략적 (SI) 투자 (Investment) -국내 및 해외 FI/SI 투자 유치 재무회계 모집인원 1명 -매출,매입 마감 및 기장 -정산(아티스트,투자사,관계사 등) -그 외 경영지원 운영 업무 인사총무 모집인원 1명 -인사 총무 업무 일체 상품기획 모집인원 1명 -IP MD 상품 기획 및 개발 -상품 판매 계획 수립 및 발주 -업체 관리 및 물류 관리 운영관리 및 운영지원 모집인원 1명 -일일매출자료공유 보조 *직가맹점, 충전돼지, 셀픽 등 -오픈 매장 물품준비 -직영점 소모품 및 채팅방 일정관리 -기타 운영관리 및 테크니컬 문서작업 보조 BM 리서치 모집인원 1명 -시니어케어 시장조사 -디바이스 업체 발굴 -플랫폼 비즈니스 벤치마킹 경영지원 모집인원 1명 -경영지원 및 행정업무 *회사 내 서무 및 행정업무, 특허 관리 업무, 보고서 작성 보조 등 -홍보 및 마케팅 전략 업무 *광고매체 홍보전략, 전시회 등 행사 준비, IR자료 업데이트, 홈페이지 관리 등 플랫폼 기획자 모집인원 1명 -플랫폼 서비스 기획 서포트 데이터분석 모집인원 1명 -비상장 기업 재무 데이터 분석 지원 -데이터 수집 및 가공 단계에서 데이터의 신뢰성 및 적합성 검증 -가공된 데이터를 활용한 인사이트 도출 지원 -평가모형 개발 지원 등 PIT Training Center(지게차 교육센터) 모집인원 2명 -지게차 특별안전보건교육 운영 지원 -지게차 교육생과의 커뮤니케이션(교육생 인솔, 쿠펀치 안내, 교육 프로세스 안내 등) -PIT Trainer 실습 보조(지게차 교육 보조, 지게차 교육 간 신호수 등) -PIT Data 업무 보조 operations 모집인원 16명 [물류센터 현장 업무] -입고: 주문한 물건을 물류센터로 들여오는 공정(워터/진열/보충) -출고: 상품 집품, 집품물건 포장하는 공정(집품/분류/포장) ICQA 모집인원 1명 - 현장사원 업무지원 및 인력관리 - 물류센터 현장 운영관리 및 문제해결 - 품질개선을 위한 프로세스 제안 및 시스템 구축 - 재고 정확도 확보를 위한 각종 재고 지표 관리 HR Munjeong Onsite Acceleration(채용팀) 모집인원 1명 - 채용 마케팅 기획 - 온보딩 프로세스 개선 - 대내외 커뮤니케이션용 이미지/PPT 제작 서포트 - 기타 채용 관련 업무 지원 EHS 모집인원 15명 -안전보건교육 이행현황 파악 및 취합 -안전보건 점검활동 보조 -안전보건 개선활동 보조 DIP EHS(드라이아이스 안전) 모집인원 1명 - 안전관리 활동 - 안전보건 점검활동 보조 - 안전보건 개선활동 보조 CFS Policy(정책팀) 모집인원 2명 - 팀 관련 문서 정리, ESG활동 지원 Central Procurement(구매) 모집인원 2명 전략구매 지원 Automation 모집인원 2명 - 물류센터 자동화 설비 점검 및 보수 - 물류자동화설비 문제 발생 시 현장 대응 - 설비보전 장비 관리 -모집 기간 : 5월 29일(수) ~ 3월 5일(목) -서류 합격 발표 : 6월 27일(목) 이후 개별 연락 -면접 심사 : 6월 28일(금) ~ 7월 12일(금) -최종 합격 발표 : 7월 17일(수) -사전교육 : 7월 29일(월) ~ 8월 2일(금) -일경험 시작일 : 8월 5일(월) *기업별로 종료일은 상이합니다. -신청일 기준 취업 상태로 주 소정 근로 시간 30시간 이상인 자 -사업자등록 후 소득이 1,200만 원 이상인 자 -배우자, 직계존비속 또는 형제자매가 참여기업 사업주(대표자)인 자 -단순 변심으로 청년 일경험 지원사업에 참여하여 2회 이상 중도이탈한 자 *단, 기업탐방형 참여자는 가능 -신청일 현재 정부 지원사업에 참여하고 있는 자 (국민취업지원제도 일경험 프로그램, 청년 일경험 지원사업) -15세 이상 34세 이하 미취업 청년 (군필자는 의무복무기간에 비례하여 적용, 최고 만 39세로 한정) -사전교육 일정에 참여 가능한 자 *09:00~18:00 오프라인 교육(서울), 교육 미수료 시 일경험 진행 불가 -일경험 시작일로부터 최대 20주의 오프라인 근무가 가능한 자 -기업별 상이 -지원하기 후 이메일로 안내된 링크로 서류 제출 -제출 서류 : 참여 신청서 (지정 양식) 모집 마감! 혹시 인턴 찾고 있나요? 인턴 찾는 어려움 없이 5주 직무경험 해보세요. 바로가기",,,,,,서울,인턴,,,,,active,2026-03-05 18:57:08.033629,2026-03-05 18:57:08.033611,True
231,297,고객센터,https://comento.kr/career/dreamverse/internz-startup-13,"직접 출근하는 인턴형 스타트업에 직접 출근하며 실제 기업의 문화를 경험하고 현직자들과 함께 일해볼 수 있습니다. 40시간의 사전 직무 교육 근무 전 역량을 쌓을 수 있도록, 기본 소양 교육과 직무 심화 교육이 제공됩니다. 성장을 만드는 실무 경험 스타트업의 업무 프로세스 속에서 폭 넓은 경영사무 실무 경험을 쌓고 성장할 수 있습니다. 경영지원 모집인원 1명 -일반 세무회계 및 현금흐름 관리, 자산관리 -상품 정산 관리, 일/주/월간 매출 집계 및 관리 -인사행정 지원: 급여 및 퇴직연금 관리, 금전/비금전 복리후생 관리 재무 담당자 모집인원 1명 -사내 재무 업무(영업 정산, 비용 처리, 부가세 신고, 세금 신고, 결산 등) 영업 지원 모집인원 1명 -디지털 상품 세일즈팀의 영업 지원 -고객사 담당자 문의 응대 및 해당 이슈 효율적 처리 사업 개발 및 기획 모집인원 2명 -상위 담당자와 함께 아이지에이웍스의 솔루션과 서비스 등에 대한 사업 기획 보조, 운영, 관계사 커뮤니케이션, 문서 업무 등 지원 비즈니스 전략 및 세일즈 활동 모집인원 1명 -세일즈 전략 구축 (시장 조사 및 고객 분석) -전략에 따른 영업 활동 (비즈니스 미팅 준비 및 참여) -콜드 콜 및 이메일 세일즈 -리드 생성 및 관리 -세일즈 성과 지표 분석 연구기획 모집인원 2명 -글로벌 전장부품 시장 동향, 경쟁사 동향, 기술 트렌드 분석 등 사업 환경 분석 -당사 제품 현황 정리 및 특성(기술 관점, 제조 관점, 사업 관점) 분석 -당사 경쟁력 강화 활동을 위한 제안 (제안서 및 포트폴리오 작성 등) 재경업무(자금) 모집인원 2명 -자금계획, 조달, 집행 -일일, 월별, 년간 자금계획 작성 및 실적 관리 업무 -외부자금(차입금) 조달에 관한 업무 -거래 금융기관 및 관공서 신용평가에 관한 업무 -제증명 발급, 법인인감, 인감증명서 등 관리 업무 디지털 콘텐츠 및 메타데이터 관리 모집인원 5명 -사진/영상 콘텐츠 관리업무 및 국/영문 메타데이터 작업 -사진/영상 콘텐츠 품질관리업무 및 키워드 개선작업 해외사업(기획, Front) 모집인원 2명 -글로벌 이메일 보안 표준 적용 우선 진출 국가 도출 (코트라 활용) 및 해당 국가 파트너사, 고객사 발굴 -글로벌 이메일 보안 표준 ODA 사업 개발 및 관련 부처 미팅 -글로벌 이메일 보안 표준 자격, 검정 비즈니스 기획 -글로벌 이메일 보안 솔루션 신규 거래처 발굴 (전시회, 온라인 매칭 등) -글로벌 이메일 보안 솔루션 파트너사 영업 및 사업 개발, 마케팅 지원 -글로벌 이메일 보안 솔루션 사용자 경험 강화를 위한 매뉴얼 고도화 및 기능 구현 확인 -글로벌 이메일 보안 표준 인증 제도 개발 지원 제안서, 국제표준 사업화 업무 모집인원 2명 -해외용 IR Deck 고도화 및 해외 VC 미팅 지원 -국내용 IR Deck 고도화 및 국내 VC 미팅 지원 -공공기관 제안서 개발 (수출, 사업화 등) 및 제안서 제출 -파트너사 및 고객사 제안서 개발 *본 업무들은 실제 결과물 도출 및 결과물을 활용하여 최종 결과물을 산출하는 것에 목적이 있음 IT 기술지원 모집인원 2명 1. 고객사 기술지원 및 문제 해결 -고객사 문의 접수, 보안 솔루션 관련 문제 진단 및 해결 -정기적인 시스템 점검 및 유지보수를 통해 고객사 인프라 안정성 확보 2. 보안 솔루션 구축 및 유지관리 -자사 보안 솔루션을 고객사 환경에 맞춰 설치 및 커스터마이징 -보안 솔루션의 기능 고도화 및 업데이트 작업 지원 3. 고객사 인프라 모니터링 -IT 인프라 및 보안 솔루션 상태 실시간 모니터링 -로그 분석을 통해 이상 징후 탐지 및 사전 대응 4. 기술교육 및 문서화 -고객사에 보안 솔루션 사용법 교육 및 기술문서 작성 -기술지원 사례집 및 매뉴얼 작성 및 공유 IT 기술영업 모집인원 2명 1. 고객사 영업 및 영업 지원 -잠재 고객사 발굴, 자사 S/W 솔루션 제안 및 판매 -고객사의 요구사항 분석하고 맞춤형 솔루션 제공 2. 영업 전략 수립 및 실행 -시장 분석을 바탕으로 영업 전략 수립, 신규 거래처 개척 -영업 목표 달성을 위한 계획 수립 및 실행 3. 고객사 교육 및 관리 -고객사에 자사 솔루션에 대한 교육 제공 및 사용자 지원 -지속적인 고객사 관리 및 관계 유지 4. 프로젝트 관리(PM 역할) -영업 프로젝트 관리, 일정 조율 및 팀 간 협업 조정 -고객 요구사항 반영 및 프로젝트 성과 관리 경영지원 모집인원 1명 -소송 관계 서류, 우편물 발송 등 외근 업무 지원 -클라이언트 안내 업무 지원 -행사/포럼, 송무/등기 관련 업무 지원 -연구보고서 등 각종 서식 정리, 국영문 리서치, 기타 문서 작업 보조 -인턴십 프로그램, 셰르파 활동, 공유폴더 및 업무사례 정리 지원 법무/총무 모집인원 5명 -계약서 관리(인감날인, 계약서 전달 등) -사업부서 서류작성 보조(법인 기본 정보) -각종 갱신 필요서류 신청(기업인증, 평가, 무형자산 등) -매체 지원 (충전요청 등) -비품 구매/관리 (사무용품, 비품 등) -IT 외주업체 관리 (PC, 기타 장비, 온라인 업무 계정 등) -복리후생 관리(경조사, 명절선물, 건강검진 등) -월 법인 공통 정기 지출 내용 관리 (세금계산서, 명세서 등) -렙사 여신계획 취합 및 자금 품의 -기타 법무/총무 관련 업무지원 전반 경영지원 모집인원 1명 -신규 채용 프로세스 및 온보딩, 오프보딩 관리 및 운영 -사내 행사 및 복지 기획, 실행 -국내, 해외법인 관련 업무 보조(인사, 채용, 계약 등) -회사 내부/외부 문서 및 계약서 관리 -사무실 및 사내 비품 관리 경영지원 모집인원 1명 -사업 관련 문서 작성 및 수정 -영문 번역 -사업 관련 메일 응대 -SNS 페이지 관리 시장조사 모집인원 1명 -글로벌 시장 진출을 위한 지역별 시장조사 -google shcolar, google, scileads 플랫폼을 통한 글로벌 KOL 발굴 -미국, 독일, 영국, 한국, (가능하다면) 일본 지역 시장 조사 후 분류작업 사무 모집인원 1명 -비트버니의 매체 사업을 확장을 위한 전반적인 운영 업무 -대행사, 렙사 커뮤니케이션을 통해 운영 및 세팅 담당 -계약된 광고 상품의 세팅, 운영, 보고, 정산 업무 전반 -광고주의 목적달성을 위한 운영 효율화 과정 참여 재무회계 모집인원 1명 -매출/매입 입력 및 관리 -부가세 및 원천세 신고 -월 결산 및 재무제표 보고서 작성 -사내에서 활용하는 ERP 시스템 관리 -기타 경영지원 업무 지원 영업 SDR 모집인원 1명 -리드 발굴: 시장 조사를 통해 잠재 고객 리스트 구축, 정보 수집 -초기 연락 및 관계 구축: 잠재 고객에게 회사의 제품/서비스 소개 및 관심 유도 -리드 평가: 잠재 고객이 자사 서비스에 적합한지 판단 후, 영업 팀의 Account Executive(AE) 담당자에게 전달 -CRM 관리: 고객 관계 관리(CRM) 시스템에 고객 정보와 상호작용 내용 기록, 최신 상태 유지 CX 모집인원 1명 -1:1 채팅을 중심으로 운영되는 고객센터 운영 및 SLA 관리 지원 -채널별 고객 VOC 수집/처리/분석지원 및 서비스 개선 아이디어를 도출 -수강 경험 개선(신규/환불방어/재구매)을 위한 운영 프로세스 개선 및 서비스 품질 개선 지원 전략기획 모집인원 1명 -회사의 성장 전략성 방향성 제시 (Strategy) -계열사 주요 과제 도출 및 프로젝트 진행 (In-house Consulting) -M&A 및 전략적 (SI) 투자 (Investment) -국내 및 해외 FI/SI 투자 유치 인사총무 모집인원 1명 -인사 총무 업무 일체 -사내 조직문화 업무 일체 영업 및 상품관리 모집인원 1명 -Markey Analysis 및 Sales Strategy 서포트 -플랫폼 입점 거래처 계약서 발송 및 관리 -플랫폼 입점 거래처 상품 등록 및 관리 -주요 브랜드/상품별 가격 및 재고 모니터링 CEO staff 모집인원 1명 -시장 리서치 및 고객 인터뷰 보조 -회사의 경영목표 및 주요 지표 관리를 통한 인사이트 발굴과 개선안 수립 -그 외 CEO 업무 지원 경영사무(경영전략) 모집인원 1명 -경영 전략 수립(경쟁사 분석 등) -사업계획서 작성 -투자자 관리 및 데이터 정리 리서치 모집인원 1명 -데이터 수집: 다양한 소스에서 글로벌 주식 및 금융 정보를 수집하고 이를 체계적으로 정리 -데이터 관리: 수집된 데이터를 정리, 보관, 관리하며 데이터베이스를 유지 -데이터 분석 지원: 연구팀과 협력하여 수집된 데이터를 분석 목적에 맞게 제공 -시장 동향 모니터링: 최신 글로벌 금융 시장 동향을 실시간으로 파악하고, 필요한 데이터를 신속하게 수집 상품기획,경영지원 모집인원 1명 -가구 상품기획 및 세일즈 분석 -발주, 정산 등 경영지원 데이터분석 모집인원 1명 -비상장 기업 재무 데이터 분석 지원 -데이터 수집 및 가공 단계에서 데이터의 신뢰성 및 적합성 검증 -가공된 데이터를 활용한 인사이트 도출 지원 -평가모형 개발 지원 등 재무기획/투자관리/운영지원 모집인원 1명 -국내 기업 투자 현황 조사 -데이터 가공 및 수집 / 입력 브랜드 콘텐츠 기획/리서치 모집인원 1명 -에피큐어 등 브랜드 오리지널 컨텐츠 리서치 -컨텐츠 기획 지원 -그룹 내부 업무 운영 지원 고객서비스 운영 모집인원 1명 -고객상담 서비스 매뉴얼 분류 작업 및 정리 -채팅상담 시나리오봇 운영 지원 교육 개발 모집인원 10명 -AI를 활용한 영유아 교육자료 및 동요개발 -기타 환경교육 개발 -정크아트 제작 -정크아트 전시 기획 및 개발 -미디어아트 전시 기획 및 개발 전략기획 모집인원 2명 -2025년 코멘토 사업계획 수립을 위한 시장, 경쟁사 프로그램 조사 -신제품 전략 수립 교육운영 매니저(직무부트캠프) 모집인원 1명 -직무부트캠프 운영 지원 -직무부트캠프 품질 현황 분석 및 개선 작업 -월별 캠프 생산 관리 -Ai native 시장, 경쟁사 프로그램 조사 교육운영 매니저(기업 교육) 모집인원 1명 -기업 실무자 대상 교육용 VOD 제작 및 관련 업무 수행 -기업 실무자 대상 생성형 AI 교육 기획을 위한 리서치 수행 자금팀 모집인원 1명 -팀 관련 문서 표준화 및 경영지원 업무보조 -통번역 지원 등 -모집 기간 : 9월 4일(수) ~ 3월 5일(목) -서류 합격 발표 : 10월 10일(",,,,건강검진,,서울,인턴,,,,,active,2026-03-05 18:57:09.714964,2026-03-05 18:57:09.714945,True
232,297,고객센터,https://comento.kr/career/dreamverse/humax-4,"주요 업무 내용은 변경될 수 있습니다. 인원 언론홍보&바이럴 휴맥스모빌리티 수내 휴맥스빌리지 합격 확률 높음 [PR/바이럴] -주요 모빌리티 기업 홍보 메시지 조사 및 분석 -회사를 알릴 수 있는 홍보기사 컨셉 기획 -바이럴 콘텐츠를 잘 확산 할 수 있는 2030과 4050 타깃 콜라보 채널 분석 -투루차저, 투루파킹, 투루카 등 소비자들에게 어필할 수 있는 포인트 분석 10 시각디자인 휴맥스모빌리티 수내 휴맥스빌리지 [브랜드 디자인] -모빌리티 산업군 브랜딩디자인 트렌드 리서치 -디자인 콘셉트 기획 및 디자인 시안 작업 10 브랜딩&퍼포먼스마케팅 휴맥스모빌리티 수내 휴맥스빌리지 [브랜딩 / 퍼포먼스 마케팅(web)] -고객 관점의 시장 조사 및 유효 키워드 발굴 -브랜드 USP 설정 및 대고객 접점을 통한 노출 (Owned media - Web HP) -Paid media 매체 탐색 및 캠페인 KPI에 따른 운영 -Search Ads, Display Ads, Video Ads 매체별 소재 기획 -브랜드 활동 따른 지표 추이 분석 및 성과 보고 10 브랜디드 콘텐츠 휴맥스모빌리티 수내 휴맥스빌리지 [SNS 채널 운영/ 콘텐츠 기획 및 제작] -동종 업계 동향 및 소셜미디어 트렌드 및 레퍼런스 조사 -자사 STP분석 및 전략 도출 -콘텐츠 소재 발굴 및 아이디어 도출 -자사 유튜브 및 블로그 채널 콘텐츠 기획 및 제작 -월별 콘텐츠 발행 스케쥴링 10 UX/UI 휴맥스모빌리티 수내 휴맥스빌리지 [UX/UI 디자인] -혼합 현실(XR)에서의 몰입형 사용자 경험 디자인 사례 조사 및 분석 -인공지능을 활용한 개인화 UI 디자인 사례 조사 -인공지능 툴을 활용한 UX 디자인 설계 도출 -노코드/로우 코드 툴을 활용한 디자인 프로토타이핑 및 사용성 테스트 10 PM 휴맥스모빌리티 수내 휴맥스빌리지 [IT 서비스개발 PM업무 분석 및 관련리서치] -Project/Product Management 역할 분석 -IT서비스 및 산출물 별 조사 10 HR 휴맥스모빌리티 수내 휴맥스빌리지 [신규입사자 온보딩 프로그램 기획] -최신 트렌드 및 타사 사례 조사 -온보딩 프로그램 기획 및 제작 10 -모집 기간 : 10월 30일(수) ~ 3월 5일(목) -서류 합격 발표 : 12월 5일(목) -면접 일정 : 개별 안내 -최종 합격 발표 : 12월 18일(수) -고용부 권고 참여제한 조건에 해당하는 자 *아래 ‘참여제한 조건’에서 자세한 내용을 확인하실 수 있습니다. -15세 이상 34세 이하 미취업 청년 (군필자 만 39세 한정) -비수도권 청년 우대 -취약계층 청년 우대 -신청하기 후 안내된 사이트에서 서류 제출 -제출 서류 : 휴맥스 드림버스컴퍼니 참여 신청서 (지정 양식) 모집 마감! 혹시 인턴 찾고 있나요? 인턴 찾는 어려움 없이 5주 직무경험 해보세요. 바로가기",,취약계층 청년 우대 -신청하기 후 안내된 사이트에서 서류 제출 -제출 서류 : 휴맥스 드림버스컴퍼니 참여 신청서 (지정 양식) 모집 마감! 혹시 인턴 찾고 있나요? 인턴 찾는 어려움 없이 5주 직무경험 해보세요. 바로가기,,,,,인턴,,,,,active,2026-03-05 18:57:10.767274,2026-03-05 18:57:10.767255,True
233,297,고객센터,https://comento.kr/career/dreamverse/seohan-2,"주요 업무 내용은 변경될 수 있습니다. 인원 품질 한국무브넥스 울산 -품질/공정 관리, 고객 품질 대응 방안 수립 -품질 시스템, 절차 관리 및 개선 10 영업 한국무브넥스 서울 -자동차 부품 제조업 관련 국내외 시장 조사 및 분석 -영업 전략 수립 10 안전 한국무브넥스 울산 -근로자 안전문화의식 개선 제고를 위한 아이디어 수립 -안전 문화 확산을 위한 홍보 콘텐츠 제작 (포스터, 뉴스레터 등) -안전 문화 관련 프로그램 및 캠페인 기획 (근골격계 질환 예방 방안 등) -근로자 참여 확대 유도 프로그램 기획 (종사자 의견 청취 방법 및 포상 방안 등) 10 품질 서한이노빌리티 충북 진천 -필드 품질 지수/비용 실적 집계 및 개선 -고객사 합동 조사 대응 -클레임 DATA 분석 및 귀책 협의 -필드 고품 조사 및 개선 관리 10 공정기술 서한이노빌리티 충북 진천 -공정 개선 활동 -낭비 제거를 통한 원가 경쟁력 확보 10 ESG 서한이노빌리티 동탄 -ESG (탄소중립) 동향 조사 및 보고서 작성 -제품 전과정 평가 (LCA) 계산 10 SQE 캄텍 충북 진천 합격 확률 높음 [신차 개발 단계별 품질업무 및 품질시스템 리서치] -4단계 신차 개발 단계 및 PPAP/ISIR 상세 리서치 [외주 협력사 승인 업무 및 해외협력사 품질 업무 대응 -협력사 제출 문서 검증 및 표준류 이해 [협력사 품질 교육 및 level up 활동] -협력사 불량률 관리를 위한 프로젝트 아이디어 기획 [부품 클레임 관리] -불량 클레임 통보서 작성 10 품질 캄텍 충북 진천 합격 확률 높음 -공정 품질 관리 -사내 협력사 품질 교육 및 지도 활동 -모듈 공장 품질 관리 지원 10 영업 캄텍 동탄 합격 확률 높음 -영업 진행을 위한 견적 산출 -판매가 타당성 평가 및 수익성 개선 -시장 조사 보고 (경쟁사 동향 및 신제품 발굴) 10 생산관리 캄텍 충북 진천 -생산 계획 수립 및 실적 관리 (가동률 및 Capa 관리) -사내 협력사 관리 -생산 부문 4M 변경 및 ESG 관리 -고객사 출하 계획 수립 및 실적 관리 10 인사 서한ENP 경주 합격 확률 높음 -국내 인사 트렌드 조사 및 보고서 작성 -조직 관리 (채용, 인사 변동) -인사 평가 (평가, 승진) -보상 관리 (급여, 퇴직) -노무 관리 (조직 활성화 운영, 도급 관리) 10 인사 기획본부 동탄 합격 확률 높음 -그룹 채용 전략 기획 (채용 홍보 포함) -인사 평가 제도 기획 및 관리 10 IT기획 기획본부 동탄 합격 확률 높음 -ERP, 그룹웨어 등 시스템 개발 및 운영 지원 -IT Infra 관리 (서버, PC, 네트워크 등) -IT 보안 관리 및 보안 인증 취득 및 유지 -IT 관련 업무 기획 지원 10 -모집 기간 : 11월 11일(월) ~ 3월 5일(목) -서류 합격 발표 : 12월 13일(금) -면접 일정 : 개별 안내 -최종 합격 발표 : 12월 27일(금) -고용부 권고 참여제한 조건에 해당하는 자 *아래 ‘참여제한 조건’에서 자세한 내용을 확인하실 수 있습니다. -15세 이상 34세 이하 미취업 청년 (군필자 만 39세 한정) -비수도권 청년 우대 -취약계층 청년 우대 -신청하기 후 안내된 사이트에서 서류 제출 -제출 서류 : 서한그룹 드림버스컴퍼니 참여 신청서 (지정 양식) 모집 마감! 혹시 인턴 찾고 있나요? 인턴 찾는 어려움 없이 5주 직무경험 해보세요. 바로가기",,취약계층 청년 우대 -신청하기 후 안내된 사이트에서 서류 제출 -제출 서류 : 서한그룹 드림버스컴퍼니 참여 신청서 (지정 양식) 모집 마감! 혹시 인턴 찾고 있나요? 인턴 찾는 어려움 없이 5주 직무경험 해보세요. 바로가기,,,,서울,인턴,,,,,active,2026-03-05 18:57:11.271055,2026-03-05 18:57:11.271036,True
234,297,기업에 직접 출근하는,https://comento.kr/career/internz/list,직무부트캠프 직무부트캠프 5주 직무 경험하기 모집마감 커머스운영/컨텐츠디자인/온사이트마케팅/CSM지원/프로덕트디자인/콘텐츠기획관리/교육운영/그로스마케터/EAP운영지원/브랜드커머스운영/인플루언서마케팅AE/콘텐츠디자인/마케팅/총무/경영전략사업기획지원/웹디자인/커뮤니티마케팅/콘텐츠마케팅/세무회계/리서치/운영지원/사무행정/ [4차] 미래내일 인턴즈 10월 22일 마감 모집마감 마케팅/브랜드마케팅/콘텐츠마케팅/디지털마케팅/마케팅리서치/라이브커머스마케팅/MD/제품기획/서비스기획/그래픽디자인/콘텐츠디자인/웹디자인/UIUX디자인/프로덕트디자인/영상편집/영상기획/행정사무/인사총무/채용지원/B2B사업개발지원/데이터분석 [3차] 미래내일 인턴즈 8월 4일 마감 모집마감 채용대행/영상콘텐츠제작및편집/세일즈마케팅/식음료부서지원/프론트지원/그래픽편집디자인/마케팅/콘텐츠기획및관리/영업판매/리서치/디지털마케팅/인사운영경영보조/LCA기반환경발자국평가및친환경제품인증컨설팅/사무행정/인플루언서시딩/경영사무 [2차] 미래내일 인턴즈 6월 16일 마감 모집마감 B2C영업마케팅/중등참고서(단어장)개발/중고등영어교과서편집 [1차] YBM 인턴즈 6월 16일 마감 모집마감 경영사무/광고마케팅 [2차] 스타트업 인턴즈 6월 8일 마감 모집마감 경영사무/광고마케팅/IT [1차] 미래내일 인턴즈 5월 29일 마감 모집마감 웹디자인/기획홍보/마케팅물시각디자인/경영사무 [1차] 부산 스타트업 인턴즈 5월 12일 마감 모집마감 프론트엔드개발/데이터사이언티스트/분석모델링/HW개발/ERP운영개발/MES개발및지원 [1차] 스타트업 IT 인턴즈 5월 12일 마감 모집마감 일러스트콘텐츠제작/3D이미지콘텐츠제작/패키지디자인/비즈및편집디자인/MD디자인/사진업로드촬영현장지원/마케팅디자이너/디지털콘텐츠디자인/웹디자인/2D일러스트레이터/콘텐츠디자인/디자인/영상편집디자인&기획/UIUX디자인&기획/UX디자인/프로덕트디자인/커머스프로모션디자인/그래픽디자인/웹GUI&콘텐츠디자인/BX콘텐츠디자인/제품디자인 [1차] 스타트업 디자인 인턴즈 5월 12일 마감 모집마감 운영관리/데이터분석/경영지원(사업개발)/accountcoordinator/경영지원영업지원/ HR/분석모델링/PM/전략기획분석/인사행정/경영사무/총무/기획/행정기획운영/CEOstaff/세일즈운영/영업지원/언론홍보/라이브커머스운영/MD영업지원/상품기획MD지원/투자관리지원/재무데이터분석지원/HRD지원/HRM지원/브랜드전략/콘텐츠에디터/데이터사이언티스트/인사총무/UX리서처/커뮤니티매니저/그로스매니저/영업관리/국문영문키워드번역/사진업로드촬영/인사/재무/리서치/인사총무/경영저원/HR채용/투자업무지원/HW개발/사업지원/교육운영매니저/영업/재무/총무 [1차] 스타트업 경영사무 인턴즈 5월 12일 마감 모집마감 SNS마케팅/제안서작성및홍보마케팅/인플루언서마케팅/마케팅/그로스마케팅/마케팅운영대행/브랜드마케터/퍼포먼스마케터(AE)/콘텐츠마케터/광고마케팅/콘텐츠마케팅/그로스마케터(앱커머스)/콘텐츠매니저/퍼포먼스마케팅AE/프로덕트마케팅/광고운영/영상콘텐츠기획및제작/광고제작및온드미디어운영/운영기획/온사이트마케터/B2B마케팅/B2C마케팅/B2B영업마케팅/인플루어서마케팅AE/홍보마케팅/유튜브콘텐츠기획제작/마케팅커뮤니케이션 [1차] 스타트업 마케팅 인턴즈 5월 12일 마감 모집마감 마케팅 한국피앤지 크리에이터 실무 레벨업 프로그램 4월 28일 마감 모집마감 프론트엔드개발/B2B마케팅/B2C마케팅/그래픽디자인 코멘토 인턴즈 4월 6일 마감 모집마감 마케팅/디자인/경영사무 YBM 인턴즈 10월 23일 마감 모집마감 경영사무 [3차] 스타트업 경영사무 인턴즈 9월 29일 마감 모집마감 디자인 [3차] 스타트업 디자인 인턴즈 9월 29일 마감 모집마감 마케팅 [3차] 스타트업 마케팅 인턴즈 9월 29일 마감 모집마감 경영사무 [2차] 스타트업 경영사무 인턴즈 6월 20일 마감 모집마감 디자인 [2차] 스타트업 디자인 인턴즈 6월 20일 마감 모집마감 마케팅 [2차] 스타트업 마케팅 인턴즈 6월 20일 마감 모집마감 기획홍보/전시기획/교육개발 코끼리공장 인턴즈 6월 9일 마감 모집마감 마케팅/디자인/경영사무 로켓 스타트업 마케팅•디자인•경영사무 인턴즈 4월 9일 마감 모집마감 마케팅/디자인/경영사무 드림 스타트업 마케팅•디자인•경영사무 인턴즈 4월 9일 마감 모집마감 마케팅/디자인 그로우 스타트업 마케팅•디자인 인턴즈 4월 9일 마감 모집마감 경영사무 그로우 스타트업 경영사무 인턴즈 4월 9일 마감 모집마감 ESG/경영사무 [2차] ESG/경영사무 인턴즈 11월 22일 마감 모집마감 마케팅/디자인 [2차] 스타트업 마케팅 • 디자인 인턴즈 11월 1일 마감 모집마감 ESG 대기업 ESG 인턴즈 9월 8일 마감 모집마감 마케팅 스타트업 마케팅 인턴즈 9월 8일 마감,,,,,,부산,인턴,,,,,active,2026-03-05 18:57:21.151600,2026-03-05 18:57:21.151582,True
235,297,기업의 현직자를 만나는,https://comento.kr/career/dreamverse,"직무부트캠프 직무부트캠프 5주 직무 경험하기 모집마감 영업/안전/품질/공정기술/ESG/생산관리/협력 업체 관리/인사/IT기획 [3차] 서한그룹 드림버스컴퍼니 12월 1일 마감 모집마감 프로젝트형/서비스기획&디자인/생성형AI기초 [3차] AI 초보를 위한 실무 프로젝트, 로컬 AI 메이커스랩 11월 11일 마감 모집마감 커머스운영/컨텐츠디자인/온사이트마케팅/CSM지원/프로덕트디자인/콘텐츠기획관리/교육운영/그로스마케터/EAP운영지원/브랜드커머스운영/인플루언서마케팅AE/콘텐츠디자인/마케팅/총무/경영전략사업기획지원/웹디자인/커뮤니티마케팅/콘텐츠마케팅/세무회계/리서치/운영지원/사무행정/ [4차] 미래내일 인턴즈 10월 22일 마감 모집마감 국내영업/엔지니어/IT/연구개발/기술개발/환경/구매/내부회계/해외영업 [6차] 한솔그룹 드림버스컴퍼니 8월 4일 마감 모집마감 마케팅/브랜드마케팅/콘텐츠마케팅/디지털마케팅/마케팅리서치/라이브커머스마케팅/MD/제품기획/서비스기획/그래픽디자인/콘텐츠디자인/웹디자인/UIUX디자인/프로덕트디자인/영상편집/영상기획/행정사무/인사총무/채용지원/B2B사업개발지원/데이터분석 [3차] 미래내일 인턴즈 8월 4일 마감 모집마감 프로젝트형/서비스기획&디자인/생성형AI기초 AI 초보를 위한 실무 프로젝트, 로컬 AI 메이커스랩 8월 3일 마감 모집마감 마케팅 니트청년 특화트랙 드림버스컴퍼니 7월 14일 마감 모집마감 마케팅 더나은인재들 드림버스컴퍼니 6월 27일 마감 모집마감 채용대행/영상콘텐츠제작및편집/세일즈마케팅/식음료부서지원/프론트지원/그래픽편집디자인/마케팅/콘텐츠기획및관리/영업판매/리서치/디지털마케팅/인사운영경영보조/LCA기반환경발자국평가및친환경제품인증컨설팅/사무행정/인플루언서시딩/경영사무 [2차] 미래내일 인턴즈 6월 16일 마감 모집마감 B2C영업마케팅/중등참고서(단어장)개발/중고등영어교과서편집 [1차] YBM 인턴즈 6월 16일 마감 모집마감 경영사무/광고마케팅 [2차] 스타트업 인턴즈 6월 8일 마감 모집마감 경영사무/광고마케팅/IT [1차] 미래내일 인턴즈 5월 29일 마감 모집마감 마케팅&전략기획/마케팅&콘텐츠 개발 비수도권 청년 재택참여형 기원테크 드림버스컴퍼니 5월 16일 마감 모집마감 웹디자인/기획홍보/마케팅물시각디자인/경영사무 [1차] 부산 스타트업 인턴즈 5월 12일 마감 모집마감 프론트엔드개발/데이터사이언티스트/분석모델링/HW개발/ERP운영개발/MES개발및지원 [1차] 스타트업 IT 인턴즈 5월 12일 마감 모집마감 일러스트콘텐츠제작/3D이미지콘텐츠제작/패키지디자인/비즈및편집디자인/MD디자인/사진업로드촬영현장지원/마케팅디자이너/디지털콘텐츠디자인/웹디자인/2D일러스트레이터/콘텐츠디자인/디자인/영상편집디자인&기획/UIUX디자인&기획/UX디자인/프로덕트디자인/커머스프로모션디자인/그래픽디자인/웹GUI&콘텐츠디자인/BX콘텐츠디자인/제품디자인 [1차] 스타트업 디자인 인턴즈 5월 12일 마감 모집마감 운영관리/데이터분석/경영지원(사업개발)/accountcoordinator/경영지원영업지원/ HR/분석모델링/PM/전략기획분석/인사행정/경영사무/총무/기획/행정기획운영/CEOstaff/세일즈운영/영업지원/언론홍보/라이브커머스운영/MD영업지원/상품기획MD지원/투자관리지원/재무데이터분석지원/HRD지원/HRM지원/브랜드전략/콘텐츠에디터/데이터사이언티스트/인사총무/UX리서처/커뮤니티매니저/그로스매니저/영업관리/국문영문키워드번역/사진업로드촬영/인사/재무/리서치/인사총무/경영저원/HR채용/투자업무지원/HW개발/사업지원/교육운영매니저/영업/재무/총무 [1차] 스타트업 경영사무 인턴즈 5월 12일 마감 모집마감 SNS마케팅/제안서작성및홍보마케팅/인플루언서마케팅/마케팅/그로스마케팅/마케팅운영대행/브랜드마케터/퍼포먼스마케터(AE)/콘텐츠마케터/광고마케팅/콘텐츠마케팅/그로스마케터(앱커머스)/콘텐츠매니저/퍼포먼스마케팅AE/프로덕트마케팅/광고운영/영상콘텐츠기획및제작/광고제작및온드미디어운영/운영기획/온사이트마케터/B2B마케팅/B2C마케팅/B2B영업마케팅/인플루어서마케팅AE/홍보마케팅/유튜브콘텐츠기획제작/마케팅커뮤니케이션 [1차] 스타트업 마케팅 인턴즈 5월 12일 마감 모집마감 마케팅 한국피앤지 크리에이터 실무 레벨업 프로그램 4월 28일 마감 모집마감 프로젝트형/서비스기획&디자인/생성형AI기초 현대해상과 함께하는 로컬 AI 메이커스랩 4월 14일 마감 모집마감 시각디자인/언론홍보&바이럴/브랜디드 콘텐츠/브랜딩&퍼포먼스마케팅/PM/HR/UX/UI [5차] 휴맥스 드림버스컴퍼니 4월 11일 마감 모집마감 프론트엔드개발/B2B마케팅/B2C마케팅/그래픽디자인 코멘토 인턴즈 4월 6일 마감 모집마감 회계/구매/영업/인사/기술개발/환경/생산관리/브랜드커뮤니케이션 [5차] 한솔그룹 드림버스컴퍼니 4월 4일 마감 모집마감 사업 전략 기획 비수도권 지역인재 특화트랙 기원테크 드림버스컴퍼니 12월 9일 마감 모집마감 영업/안전/품질/공정기술/ESG/생산관리/협력 업체 관리/인사/IT기획 [2차] 서한그룹 드림버스컴퍼니 12월 8일 마감 모집마감 시각디자인/언론홍보&바이럴/브랜디드 콘텐츠/브랜딩&퍼포먼스마케팅/PM/HR/UX/UI [4차] 휴맥스 드림버스컴퍼니 12월 1일 마감 모집마감 마케팅/디자인/경영사무 YBM 인턴즈 10월 23일 마감 모집마감 기획/마케팅 니트청년 특화트랙 기원테크 드림버스컴퍼니 10월 17일 마감 모집마감 경영사무 [3차] 스타트업 경영사무 인턴즈 9월 29일 마감 모집마감 디자인 [3차] 스타트업 디자인 인턴즈 9월 29일 마감 모집마감 마케팅 [3차] 스타트업 마케팅 인턴즈 9월 29일 마감 모집마감 사업 전략 기획 비수도권 지역인재 특화트랙 기원테크 드림버스컴퍼니 7월 31일 마감 모집마감 경영사무 [2차] 스타트업 경영사무 인턴즈 6월 20일 마감 모집마감 디자인 [2차] 스타트업 디자인 인턴즈 6월 20일 마감 모집마감 마케팅 [2차] 스타트업 마케팅 인턴즈 6월 20일 마감 모집마감 기획홍보/전시기획/교육개발 코끼리공장 인턴즈 6월 9일 마감 모집마감 채용/브랜딩&퍼포먼스마케팅/서비스기획/App마케팅&광고 [3차] 휴맥스 드림버스컴퍼니 4월 19일 마감 모집마감 기술개발/구매/브랜드전략/환경 [4차] 한솔그룹 드림버스컴퍼니 4월 12일 마감 모집마감 마케팅/디자인/경영사무 로켓 스타트업 마케팅•디자인•경영사무 인턴즈 4월 9일 마감 모집마감 마케팅/디자인/경영사무 드림 스타트업 마케팅•디자인•경영사무 인턴즈 4월 9일 마감 모집마감 마케팅/디자인 그로우 스타트업 마케팅•디자인 인턴즈 4월 9일 마감 모집마감 경영사무 그로우 스타트업 경영사무 인턴즈 4월 9일 마감 모집마감 어플리케이션 운영/인프라운영 KB데이타시스템 드림버스컴퍼니 11월 28일 마감 모집마감 IT서비스기획/마케팅/영상 [2차] YBM 드림버스컴퍼니 11월 27일 마감 모집마감 전략리서치/기획 [2차] 휴맥스 드림버스컴퍼니 11월 27일 마감 모집마감 인사/품질/연구개발/해외영업/IT기획 서한그룹 드림버스컴퍼니 11월 24일 마감 모집마감 ESG/경영사무 [2차] ESG/경영사무 인턴즈 11월 22일 마감 모집마감 마케팅/디자인 [2차] 스타트업 마케팅 • 디자인 인턴즈 11월 1일 마감 모집마감 인사/연구개발 이수그룹 드림버스컴퍼니 9월 17일 마감 모집마감 전략리서치/디자인/PR/SW개발/HR 휴맥스 드림버스컴퍼니 9월 17일 마감 모집마감 HR/기술개발/IT 서비스/인프라운영/브랜드전략 [3차] 한솔그룹 드림버스컴퍼니 9월 10일 마감 모집마감 ESG 대기업 ESG 인턴즈 9월 8일 마감 모집마감 마케팅 스타트업 마케팅 인턴즈 9월 8일 마감 모집마감 인사총무/광고/미디어 YBM 드림버스컴퍼니 7월 13일 마감 모집마감 반도체DP영업/인사/선행개발그룹/PS개발 [2차] 한솔그룹 드림버스컴퍼니 7월 7일 마감 모집마감 브랜드전략/기술환경/해외영업/인사 한솔그룹 드림버스컴퍼니 5월 14일 마감",,,,,,부산,인턴,,,,,active,2026-03-05 18:57:22.689751,2026-03-05 18:57:22.689732,True
236,297,직무별 공고,https://comento.kr/career/recruit,인기 채용 공고 AD 현대하이라이프손해사정 위험관리연구소 신입사원(Risk Engineer) 모집 오늘 마감 한국석유공업 [그룹] Petroleum사업본부 부산지점 영업직 채용(신입 및 경력) 오늘 마감 코오롱생명과학 김천공장 품질관리(QC) 전문대졸 신입사원 채용 오늘 마감 대상홀딩스 회계부문 신입사원 채용 1일 남음 티씨케이 정규직 채용 : Product Marketing 그룹 1일 남음 호텔롯데 [롯데월드] 2026년 2월 공연지원 JA Grade 신입사원 채용 3일 남음 악사손해보험 장기일반업무팀 상품 개발 담당자 채용 3일 남음 일동제약 [그룹] 2026년 2월 수시채용 3일 남음 제뉴원사이언스 품질보증(QA) 직무 신입사원 모집 3일 남음 현대종합금속 본사 자재부 신입사원 모집 3일 남음 케이티엠앤에스 [공개채용] 2026 대졸 신입사원 채용 모집 3일 남음 광동제약 F&B사업본부 F&B영업기획팀 신입 및 경력직원(5년 이하) 모집 3일 남음 휴세스 사업개발팀 신입사원 모집 3일 남음 에스케이하이이엔지 [신입] 기업문화팀 채용공고 4일 남음 에스케이바이오텍 [신입] 화학공정 개발 연구원(R&D) 신입사원 모집 4일 남음 무림에스피 2026년 3월 생산/공무 기능직 채용(신입) 5일 남음 행복나래 '26년도 정보보안 채용(신입/경력) 5일 남음 디엔솔루션즈 [신입] R&D - 제어설계 신입사원 채용 6일 남음 지에스넷비전 미디어 영업 총괄(팀장급) 및 디지털 마케팅AE(경력/인턴) 채용 6일 남음 안진회계법인 경영자문부문 Valuation 정규직(~Senior Consultant) 7일 남음,,,,,,부산,정규직,,,,,active,2026-03-05 18:57:24.348443,2026-03-05 18:57:24.348427,True
237,314,(주)파이브텍,http://www.fivetek.com/fivetek/page/sub03-2.php,"Company 인사말 회사현황 회사연혁 조직도 회사 인증 찾아오시는 길 Business 자동제어시스템 상수관망최적화관리시스템 스포츠조명기구 스마트팩토리 바이오가스 플랜트 안전진단 및 운영시스템 원격감시제어시스템 원격감시제어시스템S/W 연구분야 Recruitment 인재상 채용정보 복리후생 Support 문의(Contact US) 공지사항 및 IR FAQ 기술동향 배너 KOR ENG ESP KOR ENG ESP Company 인사말 회사현황 회사연혁 조직도 회사 인증 찾아오시는 길 Business 자동제어시스템 상수관망최적화관리시스템 스포츠조명기구 스마트팩토리 바이오가스 플랜트 안전진단 및 운영시스템 원격감시제어시스템 원격감시제어시스템S/W 연구분야 Recruitment 인재상 채용정보 복리후생 Support 문의(Contact US) 공지사항 및 IR FAQ 기술동향 배너 Recruitment Environment, Energy System, IoT and Beyond 채용정보 채용정보 Recruitment 채용정보 인재상 채용정보 복리후생 채용정보 모집분야 및 자격요건 모집분야 자격요건 모집인원 모집인원 하드웨어 하드웨어 장비 유지보수 및 개발 학력: 초대졸 이상 경력: 무관 군필 또는 면제 [우대사항] 인근 지역 거주자 우대 0명 전형방법 서류전형 실무자면접 임원면접 최종합격 근무환경 근무형태: 주5일 근무 근무지: 경기도 성남시 중원구 제출서류 이력서, 자기소개서 제출 최종합격 후 졸업증명서, 최종학교 전 학년 성적증명서, 공인시험 및 기타 자격증 사본(소지자에 한함), 취업보호대상증명서(대상자에 한함) 제출 기타 유의사항 허위사실이 발견될 경우 채용이 취소될 수 있습니다. 개인정보 및 이메일 무단수집거부 (주)파이브텍 / 대표 : 김진태 / 사업자등록번호 : 129-81-49147 본사 / (13202) 경기도 성남시 중원구 사기막골로 177, 901호 ~ 903호(상대원동, 금강하이테크밸리) / 031-777-5656 / F. 031-777-5659 지사 / (58621) 전라남도 장성군 동화면 농공단지길 49, 2층 / 061-395-4940 / F. 061-395-4941","모집분야 자격요건 모집인원 모집인원 하드웨어 하드웨어 장비 유지보수 및 개발 학력: 초대졸 이상 경력: 무관 군필 또는 면제 [우대사항] 인근 지역 거주자 우대 0명 전형방법 서류전형 실무자면접 임원면접 최종합격 근무환경 근무형태: 주5일 근무 근무지: 경기도 성남시 중원구 제출서류 이력서, 자기소개서 제출 최종합격 후 졸업증명서, 최종학교 전 학년 성적증명서, 공인시험 및 기타 자격증 사본(소지자에 한함), 취업보호대상증명서(대상자에 한함) 제출 기타 유의사항 허위사실이 발견될 경우 채용이 취소될 수 있습니다. 개인정보 및 이메일 무단수집거부 (주)파이브텍 / 대표 : 김진태 / 사업자등록번호 : 129-81-49147 본사 / (13202) 경기도 성남시 중원구 사기막골로 177, 901호 ~ 903호(상대원동, 금강하이테크밸리) / 031-777-5656 / F. 031-777-5659 지사 / (58621) 전라남도 장성군 동화면 농공단지길 49, 2층 / 061-395-4940 / F. 061-395-4941 copyrightⓒ 2018 by FIVETEK. all rights reserved.","] 인근 지역 거주자 우대 0명 전형방법 서류전형 실무자면접 임원면접 최종합격 근무환경 근무형태: 주5일 근무 근무지: 경기도 성남시 중원구 제출서류 이력서, 자기소개서 제출 최종합격 후 졸업증명서, 최종학교 전 학년 성적증명서, 공인시험 및 기타 자격증 사본(소지자에 한함), 취업보호대상증명서(대상자에 한함) 제출 기타 유의사항 허위사실이 발견될 경우 채용이 취소될 수 있습니다. 개인정보 및 이메일 무단수집거부 (주)파이브텍 / 대표 : 김진태 / 사업자등록번호 : 129-81-49147 본사 / (13202) 경기도 성남시 중원구 사기막골로 177, 901호 ~ 903호(상대원동, 금강하이테크밸리) / 031-777-5656 / F. 031-777-5659 지사 / (58621) 전라남도 장성군 동화면 농공단지길 49, 2층 / 061-395-4940 / F. 061-395-4941 copyrightⓒ 2018 by FIVETEK. all rights reserved.",,,,경기,,,,,,active,2026-03-05 18:57:30.073635,2026-03-05 18:57:30.073614,True
238,316,Recruit,https://www.planit.ai/recruit,"Join us 플랜잇과 함께 성장하세요 “플랜잇은 데이터에 답이 있다고 믿습니다.” 변해가는 요구를 따라가며 살아남는 BI시스템을 만드는 것은 어려운 일입니다. 보여주기 식이 아닌 명확한 니즈, 수평적 문화, 핵심 인력의 참여와 스폰서쉽과 함께 유연하고 쓰기쉬운 솔루션이 모두 준비된 경우에 성공적인 BI시스템을 구축할 수 있습니다. 플랜잇은 태블로 공식 파트너이자, 대한민국 1등 프리미어 리셀러입니다. 2016~24 국내 최상위 파트너이며, 관련 매출 및 고객 1위 플랜잇은 Business intelligence를 위한 End-to-End 서비스, 헬스케어, 교육등 다양한 분야에서 오랜기간동안 기업 데이터를 이용하여 가치있는 서비스를 제공하고 있습니다. 데이터의 모든것 플랜잇과 함께 하세요. 태블로 전문인력 보유 2016~24년 9년 연속 Tableau Partner of the Year South Korea 서울형 강소기업, 고용노동부 강소기업, 병역지정업체 서울 강남구 테헤란로 63길 20 제이제이빌딩 2층 (06160) recruit@planit.ai (02) 569-8601 (02) 569-8602 지원분야 Tableau 개발자/BI(Business Intelligence) 컨설턴트 Global No.1 시각화 솔루션 태블로 (Tableau) 기반 대시보드 개발 정형 및 비정형 데이터를 활용한 업무 혁신을 위한 데이터 플랫폼 전략 수립, 설계, 구축 빅데이터 플랫폼 / DW&DM 구축, 시각화 설계 및 구현 관련 경력 3년 이상 또는 그에 준하는 역량 보유자 BI 프로젝트 경험자 OLAP 개발 또는 운영 경력 1년 이상 보유자 (SAP BW, COGNOS, TABLEAU, QLIK, MSTR, SPOTFIRE 및 그외 국내외 분석 솔루션) SQL 활용 능력 및 DW / Data Mart 모델링 및 개발 경력자 자바 백엔드 개발자 경력 : 경력 2년 ~ 7년 ㆍ자바 백엔드 개발경험 HTML., CSS, javascript, jQuery등 Front End개발에 대한 기본적 이해도 보유 외부 API연동 경험자 Spring framework 사용가능자 컴퓨터/시스템공학, 공학계열 (우대사항) 솔루션 개발경력, Vue.js 개발경력, Linux 시스템 운영경력 (우대사항) Tableau 기술영업 경력 : 신입/경력 1년 이상 (사원, 매니저, 팀원급) 글로벌 No.1 시각화 솔루션 Tableau 대상 Inside Sales 및 Sales Operation BI솔루션 신규 영업 및 제안 – 신규업체 / 기관 / 파트너 발굴 및 영업 전략 기획 및 실행 기존 고객사 및 리셀러 관리 및 지원 – Inside Sales (기 고객에 대한 추가적인 활용 Needs 발굴 및 세일즈 연계) IT관련 전공, 경력 필요 *Foreigner applier (*Requirement : The appliers should be good at communications like the native Korean) 직급 사원 ~ 부장급 복리후생 4대보험, 퇴직연금, 통신비, 각종 경조금, 정기보너스, 성과급, 기념일/명절/생일자 선물, 매년 건강검진 지원 주 5일 근무, 주 52시간제 준수, Work & Life Balance, 탄력근무제, 수평적 문화 추구 연차, 경조휴가, 여성육아휴직, 남성출산휴가, 리프레시 휴가비 지원, 연1회 리조트 무료이용지원 정기적 사내교육 및 자기계발 지원, 교육비 지원, 도서구입지원 업무용 개인 노트북 구입지원 동호회 및 문화의 날 지원, 간식제공, 야근교통비 지원, 저녁식대 지원, 매월 팀회식비 지원 입사지원 지원분야 (필수) 이름 (필수) 이메일 (필수) 전화번호 (필수) 이력서를 첨부해주세요(5MB미만) 스팸방지퀴즈 : 대 한민 국 의수도 는? 개인정보 수집 및 이용 동의 보기",,") 솔루션 개발경력, Vue.js 개발경력, Linux 시스템 운영경력 (우대사항) Tableau 기술영업 경력 : 신입/경력 1년 이상 (사원, 매니저, 팀원급) 글로벌 No.1 시각화 솔루션 Tableau 대상 Inside Sales 및 Sales Operation BI솔루션 신규 영업 및 제안 – 신규업체 / 기관 / 파트너 발굴 및 영업 전략 기획 및 실행 기존 고객사 및 리셀러 관리 및 지원 – Inside Sales (기 고객에 대한 추가적인 활용 Needs 발굴 및 세일즈 연계) IT관련 전공, 경력 필요 *Foreigner applier (*Requirement : The appliers should be good at communications like the native Korean) 직급 사원 ~ 부장급",,"건강검진, 경조휴가, 교육비, 식대",,서울,,,,,,active,2026-03-05 18:57:35.454980,2026-03-05 18:57:35.454961,True
239,324,인재채용,http://www.neontech.co.kr/bbs/board.php?bo_table=recruit&wr_id=3,"2018년 신입/경력사원 모집 작성자 Neontech | 작성일 18-07-27 14:25 관련링크 목록 본문 (주)네온테크에서 글로벌 미래로 함께 뻗어나갈 인재를 모집하고 있습니다. 많은 여러분의 지원 바랍니다. 1. 채용부문 및 응시자격 • 영업, 마케팅, 기획 부문 • 주인의식을 가지고 주도적인 일 처리가 가능한 사람 • 논리적인 사고를 바탕으로 한 아이디에이션이 가능한 사람 • 꿈을 꾸고 도전하고자 하는 사람 • 관련 유 경험자 또는 관련 종사자 2. 접수기간 : 상시 모집 3. 전형절차 • 1차 서류전형 → 2차 실무자 면접 → 3차 임원면접 4. 제출서류 • 자기소개서, 이력서(자유 양식), 5. 복지 • 4대 보험 (국민연금, 건강보험, 고용보험, 산재보험) • 연차, 여름 휴가 • 그룹 및 개인 교육비 지원 6. 문의 및 접수 • 이메일 접수 : insa@neontech.co.kr • 전화 문의 : 070-5090-2000 목록 개인정보 처리방침 (주)네온테크는 안심하고 신뢰할 수 있는 서비스를 제공하기 위해 최선을 다하고 있으며, 고객님의 개인정보를 중요시하며 개인정보보호법을 준수합니다. (주)네온테크는 고객의 개인정보보호를 소중하게 생각하고, 고객의 개인정보를 보호하기 위하여 항상 최선을 다해 노력하고 있습니다. (주)네온테크의 「개인정보취급방침」은 관련 법률 및 지침의 변경 또는 내부 운영 방침의 변경에 따라 변경될 수 있습니다. (주)네온테크의 「개인정보취급방침」이 변경될 경우 변경된「개인정보취급방침」 사항을 회사 홈페이지(www.neontech.co.kr)를 통하여 공지합니다. (주)네온테크 개인정보취급방침은 아래와 같은 내용을 담고 있습니다. ""개인정보""라 함은 생존하고 있는 개인에 관한 정보로서 성명ㆍ주민등록번호 등에 의하여 당해 개인을 알아볼 수 있는 부호ㆍ문자ㆍ음성ㆍ음향ㆍ영상 및 생체특성 등에 관한 정보(당해 정보만으로는 특정 개인을 알아볼 수 없는 경우에도 다른 정보와 용이하게 결합하여 알아볼 수 있는 것을 포함합니다)를 말합니다. (주)네온테크는 고객의 개인정보보호를 매우 중요시하며, 『정보통신망 이용촉진 및 정보보호 등에 관한 법률』의 개인정보 보호 규정 및 정보통신부가 제정한 『개인정보 보호지침』을 준수하고 있습니다. (주)네온테크는 개인정보취급방침을 통하여 고객께서 제공하시는 개인정보의 수집목적 및 이용목적, 개인정보보호를 위해 (주)네온테크이 취하고 있는 조치 등을 알려드립니다. (주)네온테크는 개인정보취급방침을 홈페이지(www.neontech.co.kr) 첫 화면에 공개 함으로써 고객께서 언제나 용이하게 보실 수 있도록 조치하고 있습니다. (주)네온테크는 개인정보취급방침의 지속적인 개선을 위하여 개인정보취급방침을 개정하는데 필요한 절차를 정하고 있습니다. 그리고 개인정보취급방침을 개정하는 경우 버전번호 등을 부여하여 개정된 사항을 고객께서 쉽게 알아볼 수 있도록 하고 있습니다. (주)네온테크는 개인정보취급방침 중에 중요한 사항이 변경되는 경우에는 변경되는 개인정보취급방침을 시행하기 전에 홈페이지(www.neontech.co.kr) 등을 통하여 변경이유 및 내용을 고객에게 공지합니다 ※ 본 방침은 2019 년 3 월 7 일 부터 시행됩니다. 수집하는 개인정보 항목 및 이용목적 회사는 고객지원 및 제품정보의 제품 및 소모품 구매문의, 서비스 문의를 통해 아래와 같은 개인정보를 수집하고 있습니다. 수집항목 : 이름, 이메일, 전화번호, 주소 수집방법 : 홈페이지(제품 구매문의, 서비스 문의) 수집하는 개인정보의 항목 및 이용목적 (주)네온테크는 개인정보의 수집 시 관련법규에 따라",,,"• 1차 서류전형 → 2차 실무자 면접 → 3차 임원면접 4. 제출서류 • 자기소개서, 이력서(자유 양식), 5. 복지 • 4대 보험 (국민연금, 건강보험, 고용보험, 산재보험) • 연차, 여름 휴가 • 그룹 및 개인 교육비 지원 6. 문의 및 접수 • 이메일 접수 : insa@neontech.co.kr • 전화 문의 : 070-5090-2000 목록 개인정보 처리방침 (주)네온테크는 안심하고 신뢰할 수 있는 서비스를 제공하기 위해 최선을 다하고 있으며, 고객님의 개인정보를 중요시하며 개인정보보호법을 준수합니다. (주)네온테크는 고객의 개인정보보호를 소중하게 생각하고, 고객의 개인정보를 보호하기 위하여 항상 최선을 다해 노력하고 있습니다. (주)네온테크의 「개인정보취급방침」은 관련 법률 및 지침의 변경 또는 내부 운영 방침의 변경에 따라 변경될 수 있습니다. (주)네온테크의 「개인정보취급방침」이 변경될 경우 변경된「개인정보취급방침」 사항을 회사 홈페이지(www.neontech.co.kr)를 통하여 공지합니다. (주)네온테크 개인정보취급방침은 아래와 같은 내용을 담고 있습니다. ""개인정보""라 함은 생존하고 있는 개인에 관한 정보로서 성명ㆍ주민등록번호 등에 의하여 당해 개인을 알아볼 수 있는 부호ㆍ문자ㆍ음성ㆍ음향ㆍ영상 및 생체특성 등에 관한 정보(당해 정보만으로는 특정 개인을 알아볼 수 없는 경우에도 다른 정보와 용이하게 결합하여 알아볼 수 있는 것을 포함합니다)를 말합니다. (주)네온테크는 고객의 개인정보보호를 매우 중요시하며, 『정보통신망 이용촉진 및 정보보호 등에 관한 법률』의 개인정보 보호 규정 및 정보통신부가 제정한 『개인정보 보호지침』을 준수하고 있습니다. (주)네온테크는 개인정보취급방침을 통하여 고객께서 제공하시는 개인정보의 수집목적 및 이용목적, 개인정보보호를 위해 (주)네온테크이 취하고 있는 조치 등을 알려드립니다. (주)네온테크는 개인정보취급방침을 홈페이지(www.neontech.co.kr) 첫 화면에 공개 함으로써 고객께서 언제나 용이하게 보실 수 있도록 조치하고 있습니다. (주)네온테크는 개인정보취급방침의 지속적인 개선을 위하여 개인정보취급방침을 개정하는데 필요한 절차를 정하고 있습니다. 그리고 개인정보취급방침을 개정하는 경우 버전번호 등을 부여하여 개정된 사항을 고객께서 쉽게 알아볼 수 있도록 하고 있습니다. (주)네온테크는 개인정보취급방침 중에 중요한 사항이 변경되는 경우에는 변경되는 개인정보취급방침을 시행하기 전에 홈페이지(www.neontech.co.kr) 등을 통하여 변경이유 및 내용을 고객에게 공지합니다 ※ 본 방침은 2019 년 3 월 7 일 부터 시행됩니다. 수집하는 개인정보 항목 및 이용목적 회사는 고객지원 및 제품정보의 제품 및 소모품 구매문의, 서비스 문의를 통해 아래와 같은 개인정보를 수집하고 있습니다. 수집항목 : 이름, 이메일, 전화번호, 주소 수집방법 : 홈페이지(제품 구매문의, 서비스 문의) 수집하는 개인정보의 항목 및 이용목적 (주)네온테크는 개인정보의 수집 시 관련법규에 따라 이용약관에 그 수집범위 및 목적을 사전 고지합니다. (주)네온테크는 고객의 기본적 인권을 현저하게 침해할 우려가 있는 개인정보를 수집하지 않습니다. (주)네온테크는 다음 각호의 개인정보를 아래와 같은 목적을 위하여 수집하고 있습니다. 이름, 이메일, 전화번호, 주소 : 서비스 제공에 관한 계약 이행 및 서비스 제공에 따른 정보제공 기타 : 제품설치 또는 배송 개인정보의 수집방법 (주)네온테크는 홈페이지를 통한 고객지원 및 제품정보의 제품 및 소모품 구매문의, 서비스 문의를 통해 아래와 같은 개인정보를 수집하고 있습니다. 개인정보의 보유 및 이용기간 고객의 개인정보는 (주)네온테크의 고객에게 서비스를 제공하는 기간 동안에 한하여 보유 및 이용됩니다. 다만, 관계법령의 규정에 의하여 보존할 필요성이 있는 경우에는 관계법령에 따라 보존합니다. 관계법령의 규정에 의하여 보존할 필요성이 있는 정보 및 보유기간은 아래와 같습니다. (주)네온테크는 당사 홈페이지(www.neontech.co.kr) 고객지원",교육비,,,,,,,,active,2026-03-05 18:57:40.402840,2026-03-05 18:57:40.402776,True
240,338,d'strict - CAREER,https://kr.dstrict.com/CAREER,"알림 뒤로 알림 설정 뒤로 더보기 게시물 알림 내 글 반응 내가 작성한 게시물이나 댓글에 다른 사람이 댓글이나 답글을 작성하면 알려줍니다. 공지사항 사이트에서 보내는 중요한 공지를 실시간으로 알려줍니다. HOME ABOUT COMMERCIAL ART EXHIBITION CAREER PRESS IR CONTACT HOME ABOUT COMMERCIAL ART EXHIBITION CAREER PRESS IR CONTACT HOME ABOUT COMMERCIAL ART EXHIBITION CAREER PRESS IR CONTACT HOME ABOUT COMMERCIAL ART EXHIBITION CAREER PRESS IR CONTACT LET'S HAVE A GREAT JOURNEY AT LET'S HAVE A GREAT JOURNEY AT 2021 디스트릭트 공개채용 마감 디스트릭트 공개채용 접수가 마감되었습니다. 많은 분들의 관심과 성원 감사드립니다. JOB POSITION TALENT POOL / 인재풀 조회 7217 디스트릭트는 늘 새로운 프로젝트를 준비하며, 그 안에서 만날 수 있는 가능성을 열어두고 있습니다. 지금 당장 채용 중인 포지션이 없더라도, 디스트릭트와 결이 닿는 분이라면 인재풀에 등록해 주세요. 등록해주신 이력서는 소중히 보관되며, 적합한 기회가 열렸을 때 가장 먼저 연락드릴 예정입니다. 당신만의 언어로 세상을 새롭게 해석하는 분이라면, 디스트릭트는 언제든 열려 있습니다. 지금 이 순간에도, 우리의 다음 챕터에 함께할 누군가를 기다리고 있습니다. 지원하기 3 GRAPHIC ARTIST / 영상(모션그래픽) 제작자 조회 20 모집인원 0명(경력) 담당업무 - 영상(모션그래픽) 제작 - Key Visual 제작 - Concept 기획 자격요건 - 경력 3년 이상(실력에 따라 상이함) - CINAMA 4D를 활용한 영상(모션그래픽)제작 능력이 뛰어나신 분 - Design 및 Compositing 능력이 뛰어나신 분 - 창의력과 예술적 감각이 뛰어나신 분 - 팀 협업의 중요성을 이해하고, 커뮤니케이션 역량이 뛰어나신 분 - 일정/리소스 관리가 능숙하신 분 우대사항 - 다양한 3D Tool을 활용한 제작 능력 - AI Tool을 이용한 제작에 관심과 R&D 경험이 있으신 분 - 다양한 디스플레이 매체에 관심과 경험이 많으신 분 - 대형 LED 를 활용한 Anamorphic Contents 제작을 경험해 보신분 - 다양한 하드웨어(예시-로봇)에 관심과 경험이 많으신 분 지원하기 0 LEGAL COUNSEL / 사내 변호사 조회 32 모집인원 0명(신입/경력) 담당업무 법무팀은 디스트릭트의 글로벌 사업 확장과 미디어 아트 IP 보호, 그리고 기업 가치(Valuation) 극대화를 위한 전략적 법무 의사결정을 지원하는 조직입니다. 내부 부서와 긴밀히 협력하여 복잡한 계약 구조를 설계하고 리스크를 관리함으로써 회사의 지속 가능한 성장을 견인합니다. - 글로벌 비즈니스 계약 검토 및 작성: 국·영문 라이선싱, 공동 제작, 서비스 공급 계약(MSA) 및 NDA 등 비즈니스 전반 지원 - M&A 및 전략적 투자 자문: SPA, SHA 등 투자 관련 법률 검토 및 구조 개편 지원 - 사업 부서 협상 지원: 주요 거래 조건(Term Sheet)에 대한 법리적 검토 및 협상 대행 - IP(지식재산권) 전략 수립 및 보호: 미디어 아트 저작권 확보, 상표권·디자인권 관리 및 침해 대응 - 거버넌스 및 컴플라이언스 관리: 이사회·주주총회 운영 지원, 내부 규정(인사·윤리 등) 수립 및 업데이트 - 신규 비즈니스 법률 타당성 검토: 신규 프로젝트 법률 검토 및 규제 샌드박스 대응 - 분쟁 및 리스크 관리: 소송·중재 발생 시 외부 로펌 커뮤니케이션 및 선제적 리스크 모니터링 자격요건 - 대한민국 변호사 자격 보유자 또는 이에 준하는 외국 변호사 자격 - 비즈니스 영어 커뮤니케이션 및 영문 계약 검토 역량 필수 - 복잡한 사안을 구조화하여 명확한 법률 의견을 제시할 수 있는 논리적 사고력 - 법적 리스크를 식별하고 경영진에 실질적인 해결 방안을 제시할 수 있는 역량 우대사항 - 로펌 또는 기업 법무팀에서의 실무 경력 보유자 (사내 변호사 경험 우대) - 미디어 아트, 콘텐츠, IT 서비스, 엔터테인먼트 등 관련 산업에 대한 높은 이해도 - 단순 법적 검토를 넘어 비즈니스 관점에서 솔루션을 제안할 수 있는 전략적 마인드 - 인사, 재무, 사업전략 등 유관 부서와 원활하게 소통하고 신뢰를 구축할 수 있는 협업 역량 지원하기 0 ACCOUNTING / 회계 (일본-나고야) 조회 228 모집인원 0명(경력) 담당업무 ※ 디스트릭트 나고야 현지법인 소속으로 업무하게 됩니다. [아르떼뮤지엄 나고야 오픈 전 (2026년 1~3분기, 변동가능)] - 매입, 비용 관련 회계처리 및 월결산 진행 - 법인 자금집행 관리, 은행 계좌 관리 - 법인세/소비세/원천세 등 세무신고 지원 (외부 회계법인 협업) - 그룹 회계감사 관련 자료 제출 및 대응 - 법인 유지 관련 행정지원 및 계약서 관리 - 외부 회계법인, 은행, 관공서 등과의 커뮤니케이션 - 나고야 헙지법인 셋업 및 운영에 필요한 아웃소싱 및 어드민 업무 [아르떼뮤지엄 나고야 오픈 후 (2026년 4분기~, 변동가능)] - 일일 매출 데이터 확인 및 검증 - 매출 관련 회계처리 및 월결산 진행 - 재고 수불부 관리 - 나고야 헙지법인 셋업 및 운영에 필요한 아웃소싱 및 어드민 업무 자격요건 - 한국 내 일본계 법인 회계/세무 실무 경력 3년 이상 - 일본어 비즈니스 커뮤니케이션 가능자 (원어민 수준) - Excel 활용 능력 필수 - 원활한 커뮤니케이션 및 협업 능력 우대사항 - 일본 현지 법인 셋업 경험 보유자 지원사항 - 현지 부임 초기 정착비용 지원 (이주비) - 부임 후 1년간 현지 생활비 지원 (월 급여 수준 내) - 현지 주거비 1년간 지원 - 연 1회 귀국용 왕복 항공권 제공 지원하기 2 GLOBAL BUSINESS DEVELOPMENT / 글로벌 사업개발 조회 438 모집인원 0명(경력) 담당업무 ES 사업개발 본부는 국내외 파트너십 확장, 신규 비즈니스 창출, B2B 사업 추진을 통해 디스트릭트의 글로벌 확장을 이끄는 조직입니다. - 글로벌 B2B 매출 및 당사 IP 기반 콘텐츠 라이선스 사업 개발 - 파트너십 기반 공동 사업 기획 및 계약 추진 - 글로벌 브랜드 협업·콜라보레이션 기획 및 실행 - 기존 및 신규 고객/파트너사 어카운팅 관리 - 프로젝트 추진 시 콘텐츠·기술·운영·법무 등 유관 부서 협업 리딩 - 사업 Pipeline 구축·운영 및 영업 리드 관리 - BD 프로세스 개선 및 사업 운영 체계 고도화 - 시장 조사, 사업성 분석 및 신규 비즈니스 모델 제안 자격요건 - 해외 파트너와의 대면 협의를 포함한 비즈니스 영어 커뮤니케이션 역량 필수 - 글로벌 BD 및 파트너십 관련 실무 경력 (5~7년) - 신규 사업 기획 및 해외 시장 진출 전략 수행 경험 - B2B Deal Closing 경험 (제안 – 협상 – 계약) - 글로벌 프로젝트 리딩 및 cross-functional 협업 경험 - 직접 협상 및 계약 구조 설계 경험 - IP·콘텐츠·전시 등 관련 산업 이해 - 조직 운영 및 의사결정 능력 보유 우대사항 - 제 2외국어 가능자 (일본어, 프랑스어 등) - 전시, 아트테크, 엔터테인먼트, 콘텐츠 분야 BD 관련 유경험자 - 대기업 및 글로벌 브랜드 대상 B2B 사업개발 및 리딩 경험 - 파트너십 구조 설계 또는 JV·조인트 프로젝트 경험 - 일본·미국·중동 등 다국가 파트너십 추진 경험 - 라이선스/IP 비즈니스 실무 경험 - KPI 관리 및 매출 계획 수립 경험 지원하기 0 MEDIA TECH ENGINEER / 미디어 테크엔지니어 조회 176 모집인원 0명(경력) 담당업무 - HW 설계: 멀티미디어 전시·체험 공간의 디지털 미디어 통합 솔루션 하드웨어 설계 - 기술 PM: 전시·체험 공간 구축 시 HW 파트 PM(기술 총괄) 역할 수행 - 시스템 운영: 미디어 서버를 활용한 콘텐츠 및 작품 세팅, 테스트, 운영 - 기술 R&D: 영상·음향·조명·네트워크 등 다양한 SW/HW 기반 기술 연구 및 적용 - 기술 커뮤니케이션: 내부 구성원 및 외부 협력사와의 기술 협의 및 조율 자격요건 - 새로운 기술과 환경에 대해 적극적으로 학습하고 도전할 수 있는 분 - 맡은 역할과 일정에 책임감을 가지고 성실하게 업무를 수행할 수 있는 분 - 다양한 직군/협력사와 협업하며 유연하고 원만하게 커뮤니케이션할 수 있는 분 - IT 기술, 미디어 장비, 테크 분야 전반에 대한 관심과 학습 의지가 있는 분 - Technology와 Art의 경계를 연결하는 역할에 흥미가 있는 분 - AutoCAD, SketchUp 등 2D·3D 툴에 대한 기초 이해 또는 학습 의지가 있는 분 ※ 본 포지션은 그래픽 디자인·영상 디자인·순수 창작 중심의 역할이 아님을 참고 부탁드립니다. 우대사항 - 포트폴리오 제출 가능하신 분 1. 형식 자유 (제출 가능자 우대) 2. 경력자는 수행 프로젝트 중심의 경력기술서 제출 권장 3. 공간 구성, 시스템 구조, 기술적 접근 방식이 드러나는 자료 우대 - 2D·3D 툴을 활용한 기본적인 공간 또는 장비 설계 경험 - 협력사 및 내부 구성원과 함께 일하는 분업화된 협업 환경에 익숙한 분 - 영상·조명·음향 분야에서 하나 이상의 미디어 서버 운영 경험 - 영어 업무 커뮤니케이션 가능자 (해외 프로젝트 대응 가능 수준) - 관련 학과 전공 또는 유관 분야 실무 경험자 지원하기 0 PROGRAMMER / 백엔드 개발자 직군 채용 조회 278 모집인원 0명(경력) 책임 개발자 (Lead Full-stack Engineer, Backend-focused) AI 기반 신사업(웹앱 & 어드민 등 플랫폼)을 함께 구축할 핵심 개발 리더를 찾습니다. 백엔드를 중심으로 전체 기술 구조를 설계하고, AI를 활용한 새로운 일의 방식을 제안·실험하며, 빠르게 변화하는 기획·디자인·UI 개발 흐름을 안정적인 기술 제품으로 완성하는 역할입니다. [주요업무] 1. 신사업 전체 기술 아키텍처 설계 - 고객용 웹앱·관리자 플랫폼의 전체 시스템 및 대규모 API 게","] - 성별, 학력 무관 - 해외여행 결격사유가 없는 분 [공통","] - 영어/중국어 등 외국어 능통하신 분 [유의사항] - 이력서에 기재된 학력 및 경력사항 등 기재사항이 허위임이 판명될 경우, 합격이 취소될 수 있습니다. SNS 바로가기 SNS 바로가기 SNS 바로가기 SNS 바로가기 HOME ABOUT COMMERCIAL ART EXHIBITION CAREER PRESS IR CONTACT COPYRIGHT 2004-2024 D'STRICT. ALL RIGHTS RESERVED. 개인정보처리방침",,,,,,,,,,active,2026-03-05 18:57:46.303826,2026-03-05 18:57:46.303807,True
241,338,d'strict - CAREER,https://kr.dstrict.com/CAREER/?q=YToxOntzOjEyOiJrZXl3b3JkX3R5cGUiO3M6MzoiYWxsIjt9&page=2,"알림 뒤로 알림 설정 뒤로 더보기 게시물 알림 내 글 반응 내가 작성한 게시물이나 댓글에 다른 사람이 댓글이나 답글을 작성하면 알려줍니다. 공지사항 사이트에서 보내는 중요한 공지를 실시간으로 알려줍니다. HOME ABOUT COMMERCIAL ART EXHIBITION CAREER PRESS IR CONTACT HOME ABOUT COMMERCIAL ART EXHIBITION CAREER PRESS IR CONTACT HOME ABOUT COMMERCIAL ART EXHIBITION CAREER PRESS IR CONTACT HOME ABOUT COMMERCIAL ART EXHIBITION CAREER PRESS IR CONTACT LET'S HAVE A GREAT JOURNEY AT LET'S HAVE A GREAT JOURNEY AT 2021 디스트릭트 공개채용 마감 디스트릭트 공개채용 접수가 마감되었습니다. 많은 분들의 관심과 성원 감사드립니다. JOB POSITION MEDIA SYSTEM ENGINEER / 미디어 시스템 엔지니어 조회 9729 모집인원 0명(경력) 담당업무 전시체험 공간의 디지털미디어 HW 설계 (아르떼뮤지엄 업무 외 신규 IP 개발) 공간 구축을 위한 협력사 업무 관리 및 시공 감리 디지털미디어 솔루션에 대한 R&D 자격요건 유관 경력 3년 ~ 10년 디지털 전시/체험관 HW 설계 및 구축 경험이 있는 분 인터랙티브 컨텐츠에 대한 경험이 있는 분 2D/3D Tool(예: AutoCAD, SketchUp)을 정밀하고 능숙하게 사용할 수 있는 분 협업 및 커뮤니케이션이 원활한 분 해외 여행에 결격사유가 없는 분 우대사항 지원 직무와 관련된 경력을 보유한 분 지원하기 7 Previous 1 2 Next CREW INTERVIEW CREW INTERVIEW WHAT'S NEW ON d'strict [전형단계] 입사지원 → 서류전형 → 실무면접 → 인사면접 → 최종면접 → 최종합격 ※ 상황에 따라 전형단계 및 면접방법이 변경될 수 있습니다. ※ 서류전형결과는 합격자에 한하여 개별 연락을 드립니다. [공통 자격 요건] - 성별, 학력 무관 - 해외여행 결격사유가 없는 분 [공통 우대 사항] - 영어/중국어 등 외국어 능통하신 분 [유의사항] - 이력서에 기재된 학력 및 경력사항 등 기재사항이 허위임이 판명될 경우, 합격이 취소될 수 있습니다. SNS 바로가기 SNS 바로가기 SNS 바로가기 SNS 바로가기 HOME ABOUT COMMERCIAL ART EXHIBITION CAREER PRESS IR CONTACT","] - 성별, 학력 무관 - 해외여행 결격사유가 없는 분 [공통","] - 영어/중국어 등 외국어 능통하신 분 [유의사항] - 이력서에 기재된 학력 및 경력사항 등 기재사항이 허위임이 판명될 경우, 합격이 취소될 수 있습니다. SNS 바로가기 SNS 바로가기 SNS 바로가기 SNS 바로가기 HOME ABOUT COMMERCIAL ART EXHIBITION CAREER PRESS IR CONTACT COPYRIGHT 2004-2024 D'STRICT. ALL RIGHTS RESERVED. 개인정보처리방침",,,,,,,,,,active,2026-03-05 18:57:46.476034,2026-03-05 18:57:46.476018,True
242,338,d'strict - CAREER,https://kr.dstrict.com/CAREER/?q=YToxOntzOjEyOiJrZXl3b3JkX3R5cGUiO3M6MzoiYWxsIjt9&page=1,"알림 뒤로 알림 설정 뒤로 더보기 게시물 알림 내 글 반응 내가 작성한 게시물이나 댓글에 다른 사람이 댓글이나 답글을 작성하면 알려줍니다. 공지사항 사이트에서 보내는 중요한 공지를 실시간으로 알려줍니다. HOME ABOUT COMMERCIAL ART EXHIBITION CAREER PRESS IR CONTACT HOME ABOUT COMMERCIAL ART EXHIBITION CAREER PRESS IR CONTACT HOME ABOUT COMMERCIAL ART EXHIBITION CAREER PRESS IR CONTACT HOME ABOUT COMMERCIAL ART EXHIBITION CAREER PRESS IR CONTACT LET'S HAVE A GREAT JOURNEY AT LET'S HAVE A GREAT JOURNEY AT 2021 디스트릭트 공개채용 마감 디스트릭트 공개채용 접수가 마감되었습니다. 많은 분들의 관심과 성원 감사드립니다. JOB POSITION TALENT POOL / 인재풀 조회 7217 디스트릭트는 늘 새로운 프로젝트를 준비하며, 그 안에서 만날 수 있는 가능성을 열어두고 있습니다. 지금 당장 채용 중인 포지션이 없더라도, 디스트릭트와 결이 닿는 분이라면 인재풀에 등록해 주세요. 등록해주신 이력서는 소중히 보관되며, 적합한 기회가 열렸을 때 가장 먼저 연락드릴 예정입니다. 당신만의 언어로 세상을 새롭게 해석하는 분이라면, 디스트릭트는 언제든 열려 있습니다. 지금 이 순간에도, 우리의 다음 챕터에 함께할 누군가를 기다리고 있습니다. 지원하기 3 GRAPHIC ARTIST / 영상(모션그래픽) 제작자 조회 20 모집인원 0명(경력) 담당업무 - 영상(모션그래픽) 제작 - Key Visual 제작 - Concept 기획 자격요건 - 경력 3년 이상(실력에 따라 상이함) - CINAMA 4D를 활용한 영상(모션그래픽)제작 능력이 뛰어나신 분 - Design 및 Compositing 능력이 뛰어나신 분 - 창의력과 예술적 감각이 뛰어나신 분 - 팀 협업의 중요성을 이해하고, 커뮤니케이션 역량이 뛰어나신 분 - 일정/리소스 관리가 능숙하신 분 우대사항 - 다양한 3D Tool을 활용한 제작 능력 - AI Tool을 이용한 제작에 관심과 R&D 경험이 있으신 분 - 다양한 디스플레이 매체에 관심과 경험이 많으신 분 - 대형 LED 를 활용한 Anamorphic Contents 제작을 경험해 보신분 - 다양한 하드웨어(예시-로봇)에 관심과 경험이 많으신 분 지원하기 0 LEGAL COUNSEL / 사내 변호사 조회 32 모집인원 0명(신입/경력) 담당업무 법무팀은 디스트릭트의 글로벌 사업 확장과 미디어 아트 IP 보호, 그리고 기업 가치(Valuation) 극대화를 위한 전략적 법무 의사결정을 지원하는 조직입니다. 내부 부서와 긴밀히 협력하여 복잡한 계약 구조를 설계하고 리스크를 관리함으로써 회사의 지속 가능한 성장을 견인합니다. - 글로벌 비즈니스 계약 검토 및 작성: 국·영문 라이선싱, 공동 제작, 서비스 공급 계약(MSA) 및 NDA 등 비즈니스 전반 지원 - M&A 및 전략적 투자 자문: SPA, SHA 등 투자 관련 법률 검토 및 구조 개편 지원 - 사업 부서 협상 지원: 주요 거래 조건(Term Sheet)에 대한 법리적 검토 및 협상 대행 - IP(지식재산권) 전략 수립 및 보호: 미디어 아트 저작권 확보, 상표권·디자인권 관리 및 침해 대응 - 거버넌스 및 컴플라이언스 관리: 이사회·주주총회 운영 지원, 내부 규정(인사·윤리 등) 수립 및 업데이트 - 신규 비즈니스 법률 타당성 검토: 신규 프로젝트 법률 검토 및 규제 샌드박스 대응 - 분쟁 및 리스크 관리: 소송·중재 발생 시 외부 로펌 커뮤니케이션 및 선제적 리스크 모니터링 자격요건 - 대한민국 변호사 자격 보유자 또는 이에 준하는 외국 변호사 자격 - 비즈니스 영어 커뮤니케이션 및 영문 계약 검토 역량 필수 - 복잡한 사안을 구조화하여 명확한 법률 의견을 제시할 수 있는 논리적 사고력 - 법적 리스크를 식별하고 경영진에 실질적인 해결 방안을 제시할 수 있는 역량 우대사항 - 로펌 또는 기업 법무팀에서의 실무 경력 보유자 (사내 변호사 경험 우대) - 미디어 아트, 콘텐츠, IT 서비스, 엔터테인먼트 등 관련 산업에 대한 높은 이해도 - 단순 법적 검토를 넘어 비즈니스 관점에서 솔루션을 제안할 수 있는 전략적 마인드 - 인사, 재무, 사업전략 등 유관 부서와 원활하게 소통하고 신뢰를 구축할 수 있는 협업 역량 지원하기 0 ACCOUNTING / 회계 (일본-나고야) 조회 228 모집인원 0명(경력) 담당업무 ※ 디스트릭트 나고야 현지법인 소속으로 업무하게 됩니다. [아르떼뮤지엄 나고야 오픈 전 (2026년 1~3분기, 변동가능)] - 매입, 비용 관련 회계처리 및 월결산 진행 - 법인 자금집행 관리, 은행 계좌 관리 - 법인세/소비세/원천세 등 세무신고 지원 (외부 회계법인 협업) - 그룹 회계감사 관련 자료 제출 및 대응 - 법인 유지 관련 행정지원 및 계약서 관리 - 외부 회계법인, 은행, 관공서 등과의 커뮤니케이션 - 나고야 헙지법인 셋업 및 운영에 필요한 아웃소싱 및 어드민 업무 [아르떼뮤지엄 나고야 오픈 후 (2026년 4분기~, 변동가능)] - 일일 매출 데이터 확인 및 검증 - 매출 관련 회계처리 및 월결산 진행 - 재고 수불부 관리 - 나고야 헙지법인 셋업 및 운영에 필요한 아웃소싱 및 어드민 업무 자격요건 - 한국 내 일본계 법인 회계/세무 실무 경력 3년 이상 - 일본어 비즈니스 커뮤니케이션 가능자 (원어민 수준) - Excel 활용 능력 필수 - 원활한 커뮤니케이션 및 협업 능력 우대사항 - 일본 현지 법인 셋업 경험 보유자 지원사항 - 현지 부임 초기 정착비용 지원 (이주비) - 부임 후 1년간 현지 생활비 지원 (월 급여 수준 내) - 현지 주거비 1년간 지원 - 연 1회 귀국용 왕복 항공권 제공 지원하기 2 GLOBAL BUSINESS DEVELOPMENT / 글로벌 사업개발 조회 438 모집인원 0명(경력) 담당업무 ES 사업개발 본부는 국내외 파트너십 확장, 신규 비즈니스 창출, B2B 사업 추진을 통해 디스트릭트의 글로벌 확장을 이끄는 조직입니다. - 글로벌 B2B 매출 및 당사 IP 기반 콘텐츠 라이선스 사업 개발 - 파트너십 기반 공동 사업 기획 및 계약 추진 - 글로벌 브랜드 협업·콜라보레이션 기획 및 실행 - 기존 및 신규 고객/파트너사 어카운팅 관리 - 프로젝트 추진 시 콘텐츠·기술·운영·법무 등 유관 부서 협업 리딩 - 사업 Pipeline 구축·운영 및 영업 리드 관리 - BD 프로세스 개선 및 사업 운영 체계 고도화 - 시장 조사, 사업성 분석 및 신규 비즈니스 모델 제안 자격요건 - 해외 파트너와의 대면 협의를 포함한 비즈니스 영어 커뮤니케이션 역량 필수 - 글로벌 BD 및 파트너십 관련 실무 경력 (5~7년) - 신규 사업 기획 및 해외 시장 진출 전략 수행 경험 - B2B Deal Closing 경험 (제안 – 협상 – 계약) - 글로벌 프로젝트 리딩 및 cross-functional 협업 경험 - 직접 협상 및 계약 구조 설계 경험 - IP·콘텐츠·전시 등 관련 산업 이해 - 조직 운영 및 의사결정 능력 보유 우대사항 - 제 2외국어 가능자 (일본어, 프랑스어 등) - 전시, 아트테크, 엔터테인먼트, 콘텐츠 분야 BD 관련 유경험자 - 대기업 및 글로벌 브랜드 대상 B2B 사업개발 및 리딩 경험 - 파트너십 구조 설계 또는 JV·조인트 프로젝트 경험 - 일본·미국·중동 등 다국가 파트너십 추진 경험 - 라이선스/IP 비즈니스 실무 경험 - KPI 관리 및 매출 계획 수립 경험 지원하기 0 MEDIA TECH ENGINEER / 미디어 테크엔지니어 조회 176 모집인원 0명(경력) 담당업무 - HW 설계: 멀티미디어 전시·체험 공간의 디지털 미디어 통합 솔루션 하드웨어 설계 - 기술 PM: 전시·체험 공간 구축 시 HW 파트 PM(기술 총괄) 역할 수행 - 시스템 운영: 미디어 서버를 활용한 콘텐츠 및 작품 세팅, 테스트, 운영 - 기술 R&D: 영상·음향·조명·네트워크 등 다양한 SW/HW 기반 기술 연구 및 적용 - 기술 커뮤니케이션: 내부 구성원 및 외부 협력사와의 기술 협의 및 조율 자격요건 - 새로운 기술과 환경에 대해 적극적으로 학습하고 도전할 수 있는 분 - 맡은 역할과 일정에 책임감을 가지고 성실하게 업무를 수행할 수 있는 분 - 다양한 직군/협력사와 협업하며 유연하고 원만하게 커뮤니케이션할 수 있는 분 - IT 기술, 미디어 장비, 테크 분야 전반에 대한 관심과 학습 의지가 있는 분 - Technology와 Art의 경계를 연결하는 역할에 흥미가 있는 분 - AutoCAD, SketchUp 등 2D·3D 툴에 대한 기초 이해 또는 학습 의지가 있는 분 ※ 본 포지션은 그래픽 디자인·영상 디자인·순수 창작 중심의 역할이 아님을 참고 부탁드립니다. 우대사항 - 포트폴리오 제출 가능하신 분 1. 형식 자유 (제출 가능자 우대) 2. 경력자는 수행 프로젝트 중심의 경력기술서 제출 권장 3. 공간 구성, 시스템 구조, 기술적 접근 방식이 드러나는 자료 우대 - 2D·3D 툴을 활용한 기본적인 공간 또는 장비 설계 경험 - 협력사 및 내부 구성원과 함께 일하는 분업화된 협업 환경에 익숙한 분 - 영상·조명·음향 분야에서 하나 이상의 미디어 서버 운영 경험 - 영어 업무 커뮤니케이션 가능자 (해외 프로젝트 대응 가능 수준) - 관련 학과 전공 또는 유관 분야 실무 경험자 지원하기 0 PROGRAMMER / 백엔드 개발자 직군 채용 조회 278 모집인원 0명(경력) 책임 개발자 (Lead Full-stack Engineer, Backend-focused) AI 기반 신사업(웹앱 & 어드민 등 플랫폼)을 함께 구축할 핵심 개발 리더를 찾습니다. 백엔드를 중심으로 전체 기술 구조를 설계하고, AI를 활용한 새로운 일의 방식을 제안·실험하며, 빠르게 변화하는 기획·디자인·UI 개발 흐름을 안정적인 기술 제품으로 완성하는 역할입니다. [주요업무] 1. 신사업 전체 기술 아키텍처 설계 - 고객용 웹앱·관리자 플랫폼의 전체 시스템 및 대규모 API 게","] - 성별, 학력 무관 - 해외여행 결격사유가 없는 분 [공통","] - 영어/중국어 등 외국어 능통하신 분 [유의사항] - 이력서에 기재된 학력 및 경력사항 등 기재사항이 허위임이 판명될 경우, 합격이 취소될 수 있습니다. SNS 바로가기 SNS 바로가기 SNS 바로가기 SNS 바로가기 HOME ABOUT COMMERCIAL ART EXHIBITION CAREER PRESS IR CONTACT COPYRIGHT 2004-2024 D'STRICT. ALL RIGHTS RESERVED. 개인정보처리방침",,,,,,,,,,active,2026-03-05 18:57:46.662178,2026-03-05 18:57:46.662161,True
243,338,d'strict - CAREER,https://kr.dstrict.com/career?category=Z4t40fU257,"알림 뒤로 알림 설정 뒤로 더보기 게시물 알림 내 글 반응 내가 작성한 게시물이나 댓글에 다른 사람이 댓글이나 답글을 작성하면 알려줍니다. 공지사항 사이트에서 보내는 중요한 공지를 실시간으로 알려줍니다. HOME ABOUT COMMERCIAL ART EXHIBITION CAREER PRESS IR CONTACT HOME ABOUT COMMERCIAL ART EXHIBITION CAREER PRESS IR CONTACT HOME ABOUT COMMERCIAL ART EXHIBITION CAREER PRESS IR CONTACT HOME ABOUT COMMERCIAL ART EXHIBITION CAREER PRESS IR CONTACT LET'S HAVE A GREAT JOURNEY AT LET'S HAVE A GREAT JOURNEY AT 2021 디스트릭트 공개채용 마감 디스트릭트 공개채용 접수가 마감되었습니다. 많은 분들의 관심과 성원 감사드립니다. JOB POSITION TALENT POOL / 인재풀 조회 7217 디스트릭트는 늘 새로운 프로젝트를 준비하며, 그 안에서 만날 수 있는 가능성을 열어두고 있습니다. 지금 당장 채용 중인 포지션이 없더라도, 디스트릭트와 결이 닿는 분이라면 인재풀에 등록해 주세요. 등록해주신 이력서는 소중히 보관되며, 적합한 기회가 열렸을 때 가장 먼저 연락드릴 예정입니다. 당신만의 언어로 세상을 새롭게 해석하는 분이라면, 디스트릭트는 언제든 열려 있습니다. 지금 이 순간에도, 우리의 다음 챕터에 함께할 누군가를 기다리고 있습니다. 지원하기 3 CREW INTERVIEW CREW INTERVIEW WHAT'S NEW ON d'strict [전형단계] 입사지원 → 서류전형 → 실무면접 → 인사면접 → 최종면접 → 최종합격 ※ 상황에 따라 전형단계 및 면접방법이 변경될 수 있습니다. ※ 서류전형결과는 합격자에 한하여 개별 연락을 드립니다. [공통 자격 요건] - 성별, 학력 무관 - 해외여행 결격사유가 없는 분 [공통 우대 사항] - 영어/중국어 등 외국어 능통하신 분 [유의사항] - 이력서에 기재된 학력 및 경력사항 등 기재사항이 허위임이 판명될 경우, 합격이 취소될 수 있습니다. SNS 바로가기 SNS 바로가기 SNS 바로가기 SNS 바로가기 HOME ABOUT COMMERCIAL ART EXHIBITION CAREER PRESS IR CONTACT","] - 성별, 학력 무관 - 해외여행 결격사유가 없는 분 [공통","] - 영어/중국어 등 외국어 능통하신 분 [유의사항] - 이력서에 기재된 학력 및 경력사항 등 기재사항이 허위임이 판명될 경우, 합격이 취소될 수 있습니다. SNS 바로가기 SNS 바로가기 SNS 바로가기 SNS 바로가기 HOME ABOUT COMMERCIAL ART EXHIBITION CAREER PRESS IR CONTACT COPYRIGHT 2004-2024 D'STRICT. ALL RIGHTS RESERVED. 개인정보처리방침",,,,,,,,,,active,2026-03-05 18:57:47.211291,2026-03-05 18:57:47.211269,True
244,338,d'strict - CAREER,https://kr.dstrict.com/career?category=sS3012l574,"알림 뒤로 알림 설정 뒤로 더보기 게시물 알림 내 글 반응 내가 작성한 게시물이나 댓글에 다른 사람이 댓글이나 답글을 작성하면 알려줍니다. 공지사항 사이트에서 보내는 중요한 공지를 실시간으로 알려줍니다. HOME ABOUT COMMERCIAL ART EXHIBITION CAREER PRESS IR CONTACT HOME ABOUT COMMERCIAL ART EXHIBITION CAREER PRESS IR CONTACT HOME ABOUT COMMERCIAL ART EXHIBITION CAREER PRESS IR CONTACT HOME ABOUT COMMERCIAL ART EXHIBITION CAREER PRESS IR CONTACT LET'S HAVE A GREAT JOURNEY AT LET'S HAVE A GREAT JOURNEY AT 2021 디스트릭트 공개채용 마감 디스트릭트 공개채용 접수가 마감되었습니다. 많은 분들의 관심과 성원 감사드립니다. JOB POSITION TALENT POOL / 인재풀 조회 7217 디스트릭트는 늘 새로운 프로젝트를 준비하며, 그 안에서 만날 수 있는 가능성을 열어두고 있습니다. 지금 당장 채용 중인 포지션이 없더라도, 디스트릭트와 결이 닿는 분이라면 인재풀에 등록해 주세요. 등록해주신 이력서는 소중히 보관되며, 적합한 기회가 열렸을 때 가장 먼저 연락드릴 예정입니다. 당신만의 언어로 세상을 새롭게 해석하는 분이라면, 디스트릭트는 언제든 열려 있습니다. 지금 이 순간에도, 우리의 다음 챕터에 함께할 누군가를 기다리고 있습니다. 지원하기 3 CREW INTERVIEW CREW INTERVIEW WHAT'S NEW ON d'strict [전형단계] 입사지원 → 서류전형 → 실무면접 → 인사면접 → 최종면접 → 최종합격 ※ 상황에 따라 전형단계 및 면접방법이 변경될 수 있습니다. ※ 서류전형결과는 합격자에 한하여 개별 연락을 드립니다. [공통 자격 요건] - 성별, 학력 무관 - 해외여행 결격사유가 없는 분 [공통 우대 사항] - 영어/중국어 등 외국어 능통하신 분 [유의사항] - 이력서에 기재된 학력 및 경력사항 등 기재사항이 허위임이 판명될 경우, 합격이 취소될 수 있습니다. SNS 바로가기 SNS 바로가기 SNS 바로가기 SNS 바로가기 HOME ABOUT COMMERCIAL ART EXHIBITION CAREER PRESS IR CONTACT","] - 성별, 학력 무관 - 해외여행 결격사유가 없는 분 [공통","] - 영어/중국어 등 외국어 능통하신 분 [유의사항] - 이력서에 기재된 학력 및 경력사항 등 기재사항이 허위임이 판명될 경우, 합격이 취소될 수 있습니다. SNS 바로가기 SNS 바로가기 SNS 바로가기 SNS 바로가기 HOME ABOUT COMMERCIAL ART EXHIBITION CAREER PRESS IR CONTACT COPYRIGHT 2004-2024 D'STRICT. ALL RIGHTS RESERVED. 개인정보처리방침",,,,,,,,,,active,2026-03-05 18:57:47.546649,2026-03-05 18:57:47.546632,True
245,338,d'strict - CAREER,https://kr.dstrict.com/career?category=70711Z3LHQ,"알림 뒤로 알림 설정 뒤로 더보기 게시물 알림 내 글 반응 내가 작성한 게시물이나 댓글에 다른 사람이 댓글이나 답글을 작성하면 알려줍니다. 공지사항 사이트에서 보내는 중요한 공지를 실시간으로 알려줍니다. HOME ABOUT COMMERCIAL ART EXHIBITION CAREER PRESS IR CONTACT HOME ABOUT COMMERCIAL ART EXHIBITION CAREER PRESS IR CONTACT HOME ABOUT COMMERCIAL ART EXHIBITION CAREER PRESS IR CONTACT HOME ABOUT COMMERCIAL ART EXHIBITION CAREER PRESS IR CONTACT LET'S HAVE A GREAT JOURNEY AT LET'S HAVE A GREAT JOURNEY AT 2021 디스트릭트 공개채용 마감 디스트릭트 공개채용 접수가 마감되었습니다. 많은 분들의 관심과 성원 감사드립니다. JOB POSITION TALENT POOL / 인재풀 조회 7217 디스트릭트는 늘 새로운 프로젝트를 준비하며, 그 안에서 만날 수 있는 가능성을 열어두고 있습니다. 지금 당장 채용 중인 포지션이 없더라도, 디스트릭트와 결이 닿는 분이라면 인재풀에 등록해 주세요. 등록해주신 이력서는 소중히 보관되며, 적합한 기회가 열렸을 때 가장 먼저 연락드릴 예정입니다. 당신만의 언어로 세상을 새롭게 해석하는 분이라면, 디스트릭트는 언제든 열려 있습니다. 지금 이 순간에도, 우리의 다음 챕터에 함께할 누군가를 기다리고 있습니다. 지원하기 3 LEGAL COUNSEL / 사내 변호사 조회 32 모집인원 0명(신입/경력) 담당업무 법무팀은 디스트릭트의 글로벌 사업 확장과 미디어 아트 IP 보호, 그리고 기업 가치(Valuation) 극대화를 위한 전략적 법무 의사결정을 지원하는 조직입니다. 내부 부서와 긴밀히 협력하여 복잡한 계약 구조를 설계하고 리스크를 관리함으로써 회사의 지속 가능한 성장을 견인합니다. - 글로벌 비즈니스 계약 검토 및 작성: 국·영문 라이선싱, 공동 제작, 서비스 공급 계약(MSA) 및 NDA 등 비즈니스 전반 지원 - M&A 및 전략적 투자 자문: SPA, SHA 등 투자 관련 법률 검토 및 구조 개편 지원 - 사업 부서 협상 지원: 주요 거래 조건(Term Sheet)에 대한 법리적 검토 및 협상 대행 - IP(지식재산권) 전략 수립 및 보호: 미디어 아트 저작권 확보, 상표권·디자인권 관리 및 침해 대응 - 거버넌스 및 컴플라이언스 관리: 이사회·주주총회 운영 지원, 내부 규정(인사·윤리 등) 수립 및 업데이트 - 신규 비즈니스 법률 타당성 검토: 신규 프로젝트 법률 검토 및 규제 샌드박스 대응 - 분쟁 및 리스크 관리: 소송·중재 발생 시 외부 로펌 커뮤니케이션 및 선제적 리스크 모니터링 자격요건 - 대한민국 변호사 자격 보유자 또는 이에 준하는 외국 변호사 자격 - 비즈니스 영어 커뮤니케이션 및 영문 계약 검토 역량 필수 - 복잡한 사안을 구조화하여 명확한 법률 의견을 제시할 수 있는 논리적 사고력 - 법적 리스크를 식별하고 경영진에 실질적인 해결 방안을 제시할 수 있는 역량 우대사항 - 로펌 또는 기업 법무팀에서의 실무 경력 보유자 (사내 변호사 경험 우대) - 미디어 아트, 콘텐츠, IT 서비스, 엔터테인먼트 등 관련 산업에 대한 높은 이해도 - 단순 법적 검토를 넘어 비즈니스 관점에서 솔루션을 제안할 수 있는 전략적 마인드 - 인사, 재무, 사업전략 등 유관 부서와 원활하게 소통하고 신뢰를 구축할 수 있는 협업 역량 지원하기 0 ACCOUNTING / 회계 (일본-나고야) 조회 228 모집인원 0명(경력) 담당업무 ※ 디스트릭트 나고야 현지법인 소속으로 업무하게 됩니다. [아르떼뮤지엄 나고야 오픈 전 (2026년 1~3분기, 변동가능)] - 매입, 비용 관련 회계처리 및 월결산 진행 - 법인 자금집행 관리, 은행 계좌 관리 - 법인세/소비세/원천세 등 세무신고 지원 (외부 회계법인 협업) - 그룹 회계감사 관련 자료 제출 및 대응 - 법인 유지 관련 행정지원 및 계약서 관리 - 외부 회계법인, 은행, 관공서 등과의 커뮤니케이션 - 나고야 헙지법인 셋업 및 운영에 필요한 아웃소싱 및 어드민 업무 [아르떼뮤지엄 나고야 오픈 후 (2026년 4분기~, 변동가능)] - 일일 매출 데이터 확인 및 검증 - 매출 관련 회계처리 및 월결산 진행 - 재고 수불부 관리 - 나고야 헙지법인 셋업 및 운영에 필요한 아웃소싱 및 어드민 업무 자격요건 - 한국 내 일본계 법인 회계/세무 실무 경력 3년 이상 - 일본어 비즈니스 커뮤니케이션 가능자 (원어민 수준) - Excel 활용 능력 필수 - 원활한 커뮤니케이션 및 협업 능력 우대사항 - 일본 현지 법인 셋업 경험 보유자 지원사항 - 현지 부임 초기 정착비용 지원 (이주비) - 부임 후 1년간 현지 생활비 지원 (월 급여 수준 내) - 현지 주거비 1년간 지원 - 연 1회 귀국용 왕복 항공권 제공 지원하기 2 CREW INTERVIEW CREW INTERVIEW WHAT'S NEW ON d'strict [전형단계] 입사지원 → 서류전형 → 실무면접 → 인사면접 → 최종면접 → 최종합격 ※ 상황에 따라 전형단계 및 면접방법이 변경될 수 있습니다. ※ 서류전형결과는 합격자에 한하여 개별 연락을 드립니다. [공통 자격 요건] - 성별, 학력 무관 - 해외여행 결격사유가 없는 분 [공통 우대 사항] - 영어/중국어 등 외국어 능통하신 분 [유의사항] - 이력서에 기재된 학력 및 경력사항 등 기재사항이 허위임이 판명될 경우, 합격이 취소될 수 있습니다. SNS 바로가기 SNS 바로가기 SNS 바로가기 SNS 바로가기 HOME ABOUT COMMERCIAL ART EXHIBITION CAREER PRESS IR CONTACT","] - 성별, 학력 무관 - 해외여행 결격사유가 없는 분 [공통","] - 영어/중국어 등 외국어 능통하신 분 [유의사항] - 이력서에 기재된 학력 및 경력사항 등 기재사항이 허위임이 판명될 경우, 합격이 취소될 수 있습니다. SNS 바로가기 SNS 바로가기 SNS 바로가기 SNS 바로가기 HOME ABOUT COMMERCIAL ART EXHIBITION CAREER PRESS IR CONTACT COPYRIGHT 2004-2024 D'STRICT. ALL RIGHTS RESERVED. 개인정보처리방침",,,,,,,,,,active,2026-03-05 18:57:47.694997,2026-03-05 18:57:47.694980,True
246,338,d'strict - CAREER,https://kr.dstrict.com/career?category=80H1mx7X49,"알림 뒤로 알림 설정 뒤로 더보기 게시물 알림 내 글 반응 내가 작성한 게시물이나 댓글에 다른 사람이 댓글이나 답글을 작성하면 알려줍니다. 공지사항 사이트에서 보내는 중요한 공지를 실시간으로 알려줍니다. HOME ABOUT COMMERCIAL ART EXHIBITION CAREER PRESS IR CONTACT HOME ABOUT COMMERCIAL ART EXHIBITION CAREER PRESS IR CONTACT HOME ABOUT COMMERCIAL ART EXHIBITION CAREER PRESS IR CONTACT HOME ABOUT COMMERCIAL ART EXHIBITION CAREER PRESS IR CONTACT LET'S HAVE A GREAT JOURNEY AT LET'S HAVE A GREAT JOURNEY AT 2021 디스트릭트 공개채용 마감 디스트릭트 공개채용 접수가 마감되었습니다. 많은 분들의 관심과 성원 감사드립니다. JOB POSITION TALENT POOL / 인재풀 조회 7217 디스트릭트는 늘 새로운 프로젝트를 준비하며, 그 안에서 만날 수 있는 가능성을 열어두고 있습니다. 지금 당장 채용 중인 포지션이 없더라도, 디스트릭트와 결이 닿는 분이라면 인재풀에 등록해 주세요. 등록해주신 이력서는 소중히 보관되며, 적합한 기회가 열렸을 때 가장 먼저 연락드릴 예정입니다. 당신만의 언어로 세상을 새롭게 해석하는 분이라면, 디스트릭트는 언제든 열려 있습니다. 지금 이 순간에도, 우리의 다음 챕터에 함께할 누군가를 기다리고 있습니다. 지원하기 3 CREW INTERVIEW CREW INTERVIEW WHAT'S NEW ON d'strict [전형단계] 입사지원 → 서류전형 → 실무면접 → 인사면접 → 최종면접 → 최종합격 ※ 상황에 따라 전형단계 및 면접방법이 변경될 수 있습니다. ※ 서류전형결과는 합격자에 한하여 개별 연락을 드립니다. [공통 자격 요건] - 성별, 학력 무관 - 해외여행 결격사유가 없는 분 [공통 우대 사항] - 영어/중국어 등 외국어 능통하신 분 [유의사항] - 이력서에 기재된 학력 및 경력사항 등 기재사항이 허위임이 판명될 경우, 합격이 취소될 수 있습니다. SNS 바로가기 SNS 바로가기 SNS 바로가기 SNS 바로가기 HOME ABOUT COMMERCIAL ART EXHIBITION CAREER PRESS IR CONTACT","] - 성별, 학력 무관 - 해외여행 결격사유가 없는 분 [공통","] - 영어/중국어 등 외국어 능통하신 분 [유의사항] - 이력서에 기재된 학력 및 경력사항 등 기재사항이 허위임이 판명될 경우, 합격이 취소될 수 있습니다. SNS 바로가기 SNS 바로가기 SNS 바로가기 SNS 바로가기 HOME ABOUT COMMERCIAL ART EXHIBITION CAREER PRESS IR CONTACT COPYRIGHT 2004-2024 D'STRICT. ALL RIGHTS RESERVED. 개인정보처리방침",,,,,,,,,,active,2026-03-05 18:57:47.969823,2026-03-05 18:57:47.969804,True
247,338,d'strict - CAREER,https://kr.dstrict.com/career?category=BC62X84dw5,"알림 뒤로 알림 설정 뒤로 더보기 게시물 알림 내 글 반응 내가 작성한 게시물이나 댓글에 다른 사람이 댓글이나 답글을 작성하면 알려줍니다. 공지사항 사이트에서 보내는 중요한 공지를 실시간으로 알려줍니다. HOME ABOUT COMMERCIAL ART EXHIBITION CAREER PRESS IR CONTACT HOME ABOUT COMMERCIAL ART EXHIBITION CAREER PRESS IR CONTACT HOME ABOUT COMMERCIAL ART EXHIBITION CAREER PRESS IR CONTACT HOME ABOUT COMMERCIAL ART EXHIBITION CAREER PRESS IR CONTACT LET'S HAVE A GREAT JOURNEY AT LET'S HAVE A GREAT JOURNEY AT 2021 디스트릭트 공개채용 마감 디스트릭트 공개채용 접수가 마감되었습니다. 많은 분들의 관심과 성원 감사드립니다. JOB POSITION TALENT POOL / 인재풀 조회 7217 디스트릭트는 늘 새로운 프로젝트를 준비하며, 그 안에서 만날 수 있는 가능성을 열어두고 있습니다. 지금 당장 채용 중인 포지션이 없더라도, 디스트릭트와 결이 닿는 분이라면 인재풀에 등록해 주세요. 등록해주신 이력서는 소중히 보관되며, 적합한 기회가 열렸을 때 가장 먼저 연락드릴 예정입니다. 당신만의 언어로 세상을 새롭게 해석하는 분이라면, 디스트릭트는 언제든 열려 있습니다. 지금 이 순간에도, 우리의 다음 챕터에 함께할 누군가를 기다리고 있습니다. 지원하기 3 CREW INTERVIEW CREW INTERVIEW WHAT'S NEW ON d'strict [전형단계] 입사지원 → 서류전형 → 실무면접 → 인사면접 → 최종면접 → 최종합격 ※ 상황에 따라 전형단계 및 면접방법이 변경될 수 있습니다. ※ 서류전형결과는 합격자에 한하여 개별 연락을 드립니다. [공통 자격 요건] - 성별, 학력 무관 - 해외여행 결격사유가 없는 분 [공통 우대 사항] - 영어/중국어 등 외국어 능통하신 분 [유의사항] - 이력서에 기재된 학력 및 경력사항 등 기재사항이 허위임이 판명될 경우, 합격이 취소될 수 있습니다. SNS 바로가기 SNS 바로가기 SNS 바로가기 SNS 바로가기 HOME ABOUT COMMERCIAL ART EXHIBITION CAREER PRESS IR CONTACT","] - 성별, 학력 무관 - 해외여행 결격사유가 없는 분 [공통","] - 영어/중국어 등 외국어 능통하신 분 [유의사항] - 이력서에 기재된 학력 및 경력사항 등 기재사항이 허위임이 판명될 경우, 합격이 취소될 수 있습니다. SNS 바로가기 SNS 바로가기 SNS 바로가기 SNS 바로가기 HOME ABOUT COMMERCIAL ART EXHIBITION CAREER PRESS IR CONTACT COPYRIGHT 2004-2024 D'STRICT. ALL RIGHTS RESERVED. 개인정보처리방침",,,,,,,,,,active,2026-03-05 18:57:48.509758,2026-03-05 18:57:48.509740,True
248,338,d'strict - CAREER,https://kr.dstrict.com/career?category=1VN121222G,"알림 뒤로 알림 설정 뒤로 더보기 게시물 알림 내 글 반응 내가 작성한 게시물이나 댓글에 다른 사람이 댓글이나 답글을 작성하면 알려줍니다. 공지사항 사이트에서 보내는 중요한 공지를 실시간으로 알려줍니다. HOME ABOUT COMMERCIAL ART EXHIBITION CAREER PRESS IR CONTACT HOME ABOUT COMMERCIAL ART EXHIBITION CAREER PRESS IR CONTACT HOME ABOUT COMMERCIAL ART EXHIBITION CAREER PRESS IR CONTACT HOME ABOUT COMMERCIAL ART EXHIBITION CAREER PRESS IR CONTACT LET'S HAVE A GREAT JOURNEY AT LET'S HAVE A GREAT JOURNEY AT 2021 디스트릭트 공개채용 마감 디스트릭트 공개채용 접수가 마감되었습니다. 많은 분들의 관심과 성원 감사드립니다. JOB POSITION TALENT POOL / 인재풀 조회 7217 디스트릭트는 늘 새로운 프로젝트를 준비하며, 그 안에서 만날 수 있는 가능성을 열어두고 있습니다. 지금 당장 채용 중인 포지션이 없더라도, 디스트릭트와 결이 닿는 분이라면 인재풀에 등록해 주세요. 등록해주신 이력서는 소중히 보관되며, 적합한 기회가 열렸을 때 가장 먼저 연락드릴 예정입니다. 당신만의 언어로 세상을 새롭게 해석하는 분이라면, 디스트릭트는 언제든 열려 있습니다. 지금 이 순간에도, 우리의 다음 챕터에 함께할 누군가를 기다리고 있습니다. 지원하기 3 GLOBAL BUSINESS DEVELOPMENT / 글로벌 사업개발 조회 438 모집인원 0명(경력) 담당업무 ES 사업개발 본부는 국내외 파트너십 확장, 신규 비즈니스 창출, B2B 사업 추진을 통해 디스트릭트의 글로벌 확장을 이끄는 조직입니다. - 글로벌 B2B 매출 및 당사 IP 기반 콘텐츠 라이선스 사업 개발 - 파트너십 기반 공동 사업 기획 및 계약 추진 - 글로벌 브랜드 협업·콜라보레이션 기획 및 실행 - 기존 및 신규 고객/파트너사 어카운팅 관리 - 프로젝트 추진 시 콘텐츠·기술·운영·법무 등 유관 부서 협업 리딩 - 사업 Pipeline 구축·운영 및 영업 리드 관리 - BD 프로세스 개선 및 사업 운영 체계 고도화 - 시장 조사, 사업성 분석 및 신규 비즈니스 모델 제안 자격요건 - 해외 파트너와의 대면 협의를 포함한 비즈니스 영어 커뮤니케이션 역량 필수 - 글로벌 BD 및 파트너십 관련 실무 경력 (5~7년) - 신규 사업 기획 및 해외 시장 진출 전략 수행 경험 - B2B Deal Closing 경험 (제안 – 협상 – 계약) - 글로벌 프로젝트 리딩 및 cross-functional 협업 경험 - 직접 협상 및 계약 구조 설계 경험 - IP·콘텐츠·전시 등 관련 산업 이해 - 조직 운영 및 의사결정 능력 보유 우대사항 - 제 2외국어 가능자 (일본어, 프랑스어 등) - 전시, 아트테크, 엔터테인먼트, 콘텐츠 분야 BD 관련 유경험자 - 대기업 및 글로벌 브랜드 대상 B2B 사업개발 및 리딩 경험 - 파트너십 구조 설계 또는 JV·조인트 프로젝트 경험 - 일본·미국·중동 등 다국가 파트너십 추진 경험 - 라이선스/IP 비즈니스 실무 경험 - KPI 관리 및 매출 계획 수립 경험 지원하기 0 IP BUSINESS DEVELOPMENT / IP 사업개발 조회 141 모집인원 0명(경력) 담당업무 디스트릭트 IP 사업개발본부는 '아르떼뮤지엄(ARTE MUSEUM)', '아르떼키즈파크(ARTE KIDS PARK)', '호텔 플로리아(Hotel Floria)' 등 자사가 보유한 독보적인 IP를 전 세계로 확산하고, 글로벌 대형 IP와의 결합을 통해 새로운 공간 경험을 창출하는 B2C 사업을 전담합니다. 우리는 단순히 콘텐츠를 판매하는 것을 넘어, 전 세계 관람객이 즐길 수 있는 오프라인 거점을 만들고 확장하는 일을 수행합니다. 자사 IP(아르떼키즈파크/뮤지엄) 글로벌 확산을 위한 사업지 발굴 및 개발 - 북미(미국) 시장을 중심으로 한 신규 사업 부지(Site) 리스트업 및 타당성 검토 - 현지 파트너사 및 부동산 개발사와의 협상, LOI/MOU 체결 글로벌 IP 기반의 트래블링(Traveling) 전시 사업 개발 - 외부 IP 글로벌 사업권을 위한 라이선싱 및 장기 파트너십 체결 - IP 기반 트래블링 전시의 글로벌 세일즈 및 사업 관리 - 해외 박물관, 미술관 등 기반 시설이 마련된 공간 대상의 IP 라이선싱 세일즈 신규 콘텐츠 제작을 위한 글로벌 대형 IP 소싱 및 파트너십 체결 - 글로벌 메가 IP(엔터테인먼트, OTT, 게임 등) 발굴 및 콜라보레이션 기획 - 신규 콘텐츠 제작을 위한 IP 라이선스 계약 구조 설계 및 협상 기존 및 신규 파트너십 관리 (Account Management) - 국내외 파트너사와의 커뮤니케이션 및 로열티/매출 정산 관리 자격요건 - 글로벌 사업개발 및 파트너십 관련 실무 경력 2~3년 이상 보유자 - 비즈니스 영어 커뮤니케이션 능통자 (원어민 수준) : 해외 파트너와 독자적인 협상 및 계약 조율이 가능한 수준 - B2C 계약 체결(Deal Closing) 및 사업 구조 설계 경험자 : 제안부터 협상, 계약, 실행까지 주도적으로 수행해 본 경험 - IP 비즈니스, 전시, LBE(Location Based Entertainment) 산업에 대한 높은 이해도 - 해외 출장에 결격 사유가 없는 분 우대사항 - 제2외국어(일본어) 가능자 우대 (일본 시장 진출 및 파트너십 업무 관련) - 한국어로 원활한 업무 커뮤니케이션이 가능한 외국인 - 북미(미국) 지역 사업 개발 경험 또는 해당 지역 거주/근무 경험자 - 테마파크, FEC(Family Entertainment Center), 뮤지엄 등 공간 비즈니스 유경험자 - 신규 사업 타당성 분석(Feasibility Study) 및 손익 시뮬레이션 능력 보유자 - 적극적인 커뮤니케이션 스킬과 주도적인 업무 추진력을 갖춘 분 - 다양한 AI 툴을 활용하여 업무 생산성을 높인 경험이 있으신 분 지원하기 0 CREW INTERVIEW CREW INTERVIEW WHAT'S NEW ON d'strict [전형단계] 입사지원 → 서류전형 → 실무면접 → 인사면접 → 최종면접 → 최종합격 ※ 상황에 따라 전형단계 및 면접방법이 변경될 수 있습니다. ※ 서류전형결과는 합격자에 한하여 개별 연락을 드립니다. [공통 자격 요건] - 성별, 학력 무관 - 해외여행 결격사유가 없는 분 [공통 우대 사항] - 영어/중국어 등 외국어 능통하신 분 [유의사항] - 이력서에 기재된 학력 및 경력사항 등 기재사항이 허위임이 판명될 경우, 합격이 취소될 수 있습니다. SNS 바로가기 SNS 바로가기 SNS 바로가기 SNS 바로가기 HOME ABOUT COMMERCIAL ART EXHIBITION CAREER PRESS IR CONTACT","] - 성별, 학력 무관 - 해외여행 결격사유가 없는 분 [공통","] - 영어/중국어 등 외국어 능통하신 분 [유의사항] - 이력서에 기재된 학력 및 경력사항 등 기재사항이 허위임이 판명될 경우, 합격이 취소될 수 있습니다. SNS 바로가기 SNS 바로가기 SNS 바로가기 SNS 바로가기 HOME ABOUT COMMERCIAL ART EXHIBITION CAREER PRESS IR CONTACT COPYRIGHT 2004-2024 D'STRICT. ALL RIGHTS RESERVED. 개인정보처리방침",,,,,,,,,,active,2026-03-05 18:57:48.642405,2026-03-05 18:57:48.642387,True
249,338,d'strict - CAREER,https://kr.dstrict.com/career?category=l65B8n412L,"알림 뒤로 알림 설정 뒤로 더보기 게시물 알림 내 글 반응 내가 작성한 게시물이나 댓글에 다른 사람이 댓글이나 답글을 작성하면 알려줍니다. 공지사항 사이트에서 보내는 중요한 공지를 실시간으로 알려줍니다. HOME ABOUT COMMERCIAL ART EXHIBITION CAREER PRESS IR CONTACT HOME ABOUT COMMERCIAL ART EXHIBITION CAREER PRESS IR CONTACT HOME ABOUT COMMERCIAL ART EXHIBITION CAREER PRESS IR CONTACT HOME ABOUT COMMERCIAL ART EXHIBITION CAREER PRESS IR CONTACT LET'S HAVE A GREAT JOURNEY AT LET'S HAVE A GREAT JOURNEY AT 2021 디스트릭트 공개채용 마감 디스트릭트 공개채용 접수가 마감되었습니다. 많은 분들의 관심과 성원 감사드립니다. JOB POSITION TALENT POOL / 인재풀 조회 7217 디스트릭트는 늘 새로운 프로젝트를 준비하며, 그 안에서 만날 수 있는 가능성을 열어두고 있습니다. 지금 당장 채용 중인 포지션이 없더라도, 디스트릭트와 결이 닿는 분이라면 인재풀에 등록해 주세요. 등록해주신 이력서는 소중히 보관되며, 적합한 기회가 열렸을 때 가장 먼저 연락드릴 예정입니다. 당신만의 언어로 세상을 새롭게 해석하는 분이라면, 디스트릭트는 언제든 열려 있습니다. 지금 이 순간에도, 우리의 다음 챕터에 함께할 누군가를 기다리고 있습니다. 지원하기 3 CREW INTERVIEW CREW INTERVIEW WHAT'S NEW ON d'strict [전형단계] 입사지원 → 서류전형 → 실무면접 → 인사면접 → 최종면접 → 최종합격 ※ 상황에 따라 전형단계 및 면접방법이 변경될 수 있습니다. ※ 서류전형결과는 합격자에 한하여 개별 연락을 드립니다. [공통 자격 요건] - 성별, 학력 무관 - 해외여행 결격사유가 없는 분 [공통 우대 사항] - 영어/중국어 등 외국어 능통하신 분 [유의사항] - 이력서에 기재된 학력 및 경력사항 등 기재사항이 허위임이 판명될 경우, 합격이 취소될 수 있습니다. SNS 바로가기 SNS 바로가기 SNS 바로가기 SNS 바로가기 HOME ABOUT COMMERCIAL ART EXHIBITION CAREER PRESS IR CONTACT","] - 성별, 학력 무관 - 해외여행 결격사유가 없는 분 [공통","] - 영어/중국어 등 외국어 능통하신 분 [유의사항] - 이력서에 기재된 학력 및 경력사항 등 기재사항이 허위임이 판명될 경우, 합격이 취소될 수 있습니다. SNS 바로가기 SNS 바로가기 SNS 바로가기 SNS 바로가기 HOME ABOUT COMMERCIAL ART EXHIBITION CAREER PRESS IR CONTACT COPYRIGHT 2004-2024 D'STRICT. ALL RIGHTS RESERVED. 개인정보처리방침",,,,,,,,,,active,2026-03-05 18:57:49.036470,2026-03-05 18:57:49.036452,True
250,338,d'strict - CAREER,https://kr.dstrict.com/career?category=2A7EH8l1MD,"알림 뒤로 알림 설정 뒤로 더보기 게시물 알림 내 글 반응 내가 작성한 게시물이나 댓글에 다른 사람이 댓글이나 답글을 작성하면 알려줍니다. 공지사항 사이트에서 보내는 중요한 공지를 실시간으로 알려줍니다. HOME ABOUT COMMERCIAL ART EXHIBITION CAREER PRESS IR CONTACT HOME ABOUT COMMERCIAL ART EXHIBITION CAREER PRESS IR CONTACT HOME ABOUT COMMERCIAL ART EXHIBITION CAREER PRESS IR CONTACT HOME ABOUT COMMERCIAL ART EXHIBITION CAREER PRESS IR CONTACT LET'S HAVE A GREAT JOURNEY AT LET'S HAVE A GREAT JOURNEY AT 2021 디스트릭트 공개채용 마감 디스트릭트 공개채용 접수가 마감되었습니다. 많은 분들의 관심과 성원 감사드립니다. JOB POSITION TALENT POOL / 인재풀 조회 7217 디스트릭트는 늘 새로운 프로젝트를 준비하며, 그 안에서 만날 수 있는 가능성을 열어두고 있습니다. 지금 당장 채용 중인 포지션이 없더라도, 디스트릭트와 결이 닿는 분이라면 인재풀에 등록해 주세요. 등록해주신 이력서는 소중히 보관되며, 적합한 기회가 열렸을 때 가장 먼저 연락드릴 예정입니다. 당신만의 언어로 세상을 새롭게 해석하는 분이라면, 디스트릭트는 언제든 열려 있습니다. 지금 이 순간에도, 우리의 다음 챕터에 함께할 누군가를 기다리고 있습니다. 지원하기 3 CREW INTERVIEW CREW INTERVIEW WHAT'S NEW ON d'strict [전형단계] 입사지원 → 서류전형 → 실무면접 → 인사면접 → 최종면접 → 최종합격 ※ 상황에 따라 전형단계 및 면접방법이 변경될 수 있습니다. ※ 서류전형결과는 합격자에 한하여 개별 연락을 드립니다. [공통 자격 요건] - 성별, 학력 무관 - 해외여행 결격사유가 없는 분 [공통 우대 사항] - 영어/중국어 등 외국어 능통하신 분 [유의사항] - 이력서에 기재된 학력 및 경력사항 등 기재사항이 허위임이 판명될 경우, 합격이 취소될 수 있습니다. SNS 바로가기 SNS 바로가기 SNS 바로가기 SNS 바로가기 HOME ABOUT COMMERCIAL ART EXHIBITION CAREER PRESS IR CONTACT","] - 성별, 학력 무관 - 해외여행 결격사유가 없는 분 [공통","] - 영어/중국어 등 외국어 능통하신 분 [유의사항] - 이력서에 기재된 학력 및 경력사항 등 기재사항이 허위임이 판명될 경우, 합격이 취소될 수 있습니다. SNS 바로가기 SNS 바로가기 SNS 바로가기 SNS 바로가기 HOME ABOUT COMMERCIAL ART EXHIBITION CAREER PRESS IR CONTACT COPYRIGHT 2004-2024 D'STRICT. ALL RIGHTS RESERVED. 개인정보처리방침",,,,,,,,,,active,2026-03-05 18:57:49.396137,2026-03-05 18:57:49.396120,True
251,338,d'strict - CAREER,https://kr.dstrict.com/career?category=Xu0f636122,"알림 뒤로 알림 설정 뒤로 더보기 게시물 알림 내 글 반응 내가 작성한 게시물이나 댓글에 다른 사람이 댓글이나 답글을 작성하면 알려줍니다. 공지사항 사이트에서 보내는 중요한 공지를 실시간으로 알려줍니다. HOME ABOUT COMMERCIAL ART EXHIBITION CAREER PRESS IR CONTACT HOME ABOUT COMMERCIAL ART EXHIBITION CAREER PRESS IR CONTACT HOME ABOUT COMMERCIAL ART EXHIBITION CAREER PRESS IR CONTACT HOME ABOUT COMMERCIAL ART EXHIBITION CAREER PRESS IR CONTACT LET'S HAVE A GREAT JOURNEY AT LET'S HAVE A GREAT JOURNEY AT 2021 디스트릭트 공개채용 마감 디스트릭트 공개채용 접수가 마감되었습니다. 많은 분들의 관심과 성원 감사드립니다. JOB POSITION TALENT POOL / 인재풀 조회 7217 디스트릭트는 늘 새로운 프로젝트를 준비하며, 그 안에서 만날 수 있는 가능성을 열어두고 있습니다. 지금 당장 채용 중인 포지션이 없더라도, 디스트릭트와 결이 닿는 분이라면 인재풀에 등록해 주세요. 등록해주신 이력서는 소중히 보관되며, 적합한 기회가 열렸을 때 가장 먼저 연락드릴 예정입니다. 당신만의 언어로 세상을 새롭게 해석하는 분이라면, 디스트릭트는 언제든 열려 있습니다. 지금 이 순간에도, 우리의 다음 챕터에 함께할 누군가를 기다리고 있습니다. 지원하기 3 GRAPHIC ARTIST / 영상(모션그래픽) 제작자 조회 20 모집인원 0명(경력) 담당업무 - 영상(모션그래픽) 제작 - Key Visual 제작 - Concept 기획 자격요건 - 경력 3년 이상(실력에 따라 상이함) - CINAMA 4D를 활용한 영상(모션그래픽)제작 능력이 뛰어나신 분 - Design 및 Compositing 능력이 뛰어나신 분 - 창의력과 예술적 감각이 뛰어나신 분 - 팀 협업의 중요성을 이해하고, 커뮤니케이션 역량이 뛰어나신 분 - 일정/리소스 관리가 능숙하신 분 우대사항 - 다양한 3D Tool을 활용한 제작 능력 - AI Tool을 이용한 제작에 관심과 R&D 경험이 있으신 분 - 다양한 디스플레이 매체에 관심과 경험이 많으신 분 - 대형 LED 를 활용한 Anamorphic Contents 제작을 경험해 보신분 - 다양한 하드웨어(예시-로봇)에 관심과 경험이 많으신 분 지원하기 0 GRAPHIC ARTIST / 2D/3D 모션 그래픽 제작자 조회 564 모집인원 0명(경력) 담당업무 우리는 단순히 영상을 잘 만드는 분을 찾지 않습니다. 생성형 AI를 도구 삼아 미디어아트의 제작 공정 자체를 재설계할 혁신가, 툴의 경계에 갇히지 않고 새로운 기술을 먼저 탐구하며 팀원들에게 영감을 주는 AI 기반 제작 혁신에 진심인 제너럴리스트를 기다립니다. 1. AI-Driven Media Art Production Pipeline 구축 및 실행 - 생성형 AI와 2D/3D 툴을 결합한 미디어아트 제작 파이프라인 설계 및 운영 - 기존 C4D / Houdini 중심 제작 환경에 생성형 AI 기술을 접목하여 배경 제작, 텍스처링, 업스케일링 등 반복 공정의 자동화 및 효율화 - AI 기반 제작 프로세스를 실무에 안정적으로 안착시키고 팀 내 확산 리딩 2. Visual Prototyping & Creative Execution - 컨셉 기획 및 연출 의도를 이해하고, AI 및 다양한 2D/3D 툴을 활용해 고퀄리티 비주얼 프로토타입 및 영상 제작 - 초기 아이디어 단계에서 빠르게 시각적 결과물을 도출하여 기획 검증 및 의사결정 지원 3. Full-cycle Production 리딩 및 중간 관리 - 3D / 2D 모션그래픽, FX, 합성 등 전 제작 공정에 대한 실무 수행 및 중간 관리 - 프로젝트 성격에 따라 2D/3D, 실사 합성, 모션그래픽 등 제작 방식과 툴을 유연하게 선택·전환하며 공정 리딩 - 내부 제작 인력(C4D / Houdini)이 기술적 한계에 부딪힐 경우, 대안 기술(Blender, Unreal Engine, AI 기반 툴 및 테크니컬 적인 대안)을 제안하여 병목 구간 해결 - AI-Driven Pipeline을 기반으로 LED.ART 오리지널 IP 및 아나몰픽 콘텐츠 제작 - 최종 산출물 규격에 맞춘 업스케일, 인코딩 등의 업무 4. Creative R&D - 최신 AI 이미지·영상 생성 툴을 실무에 적용하고, 미디어아트의 표현 영역을 확장하기 위한 기술 및 제작 방식 R&D - 새로운 툴·워크플로우를 테스트하고 내부 제작 환경에 맞게 정리·고도화 자격요건 - 경력 5년 이상(실력에 따라 상이함) - AI 기반 콘텐츠 제작 역량이 있는 분(Midjouney, Nano Banana, Stable Diffusion, Veo3, Kling AI 등) - 2D 합성 및 이미지&영상 제작 능력이 뛰어나신 분 - 2D/3D FX & 모션그래픽 제작 역량이 뛰어나신 분 - 3D모델링부터 Comp까지 하나의 작품을 완성할 수 있는 슈퍼 제너럴리스트 - 3D툴 활용 역량이 높으신 분 기본 메인: C4D 사용 / redshift renderer - VFX 와 다양한 연출에 필요한 2D/3D 툴에 대한 이해와 활용 역량 - 영상 제작의 프로세스를 잘 이해하고 일정/리소스 관리가 능숙하신 분 - 컨셉기획/연출을 이해하고 이를 바탕으로 시각화 역량이 뛰어나신 분 - 팀 협업의 중요성을 이해하고, 커뮤니케이션 역량이 뛰어나신 분 - 창의력과 예술적 감각이 뛰어나신 분 우대사항 - 툴의 경계가 없는 제작 실무 경험과 충분한 노하우가 있는 분 (Blender, Unreal, AI, C4D, Houdini 등) - 연출 기획을 크리에이티브한 비주얼 결과물로 빠르게 뽑아내는 프로토타이핑 능력 - AI를 활용한 제작 프로세스 혁신에 대한 강한 관심과 실험 경험 - 대형 LED 디스플레이 / 미디어파사드 / 아나몰픽 콘텐츠 제작 경험 - 기술적 선택(툴, 렌더러, 파이프라인)이 결과물의 품질과 일정에 미치는 영향을 고려해 판단할 수 있는 역량 - 새로운 툴이나 AI 기술을 팀에 전파하고, 작업 방식 개선을 주도한 경험 지원하기 0 CREW INTERVIEW CREW INTERVIEW WHAT'S NEW ON d'strict [전형단계] 입사지원 → 서류전형 → 실무면접 → 인사면접 → 최종면접 → 최종합격 ※ 상황에 따라 전형단계 및 면접방법이 변경될 수 있습니다. ※ 서류전형결과는 합격자에 한하여 개별 연락을 드립니다. [공통 자격 요건] - 성별, 학력 무관 - 해외여행 결격사유가 없는 분 [공통 우대 사항] - 영어/중국어 등 외국어 능통하신 분 [유의사항] - 이력서에 기재된 학력 및 경력사항 등 기재사항이 허위임이 판명될 경우, 합격이 취소될 수 있습니다. SNS 바로가기 SNS 바로가기 SNS 바로가기 SNS 바로가기 HOME ABOUT COMMERCIAL ART EXHIBITION CAREER PRESS IR CONTACT","] - 성별, 학력 무관 - 해외여행 결격사유가 없는 분 [공통","] - 영어/중국어 등 외국어 능통하신 분 [유의사항] - 이력서에 기재된 학력 및 경력사항 등 기재사항이 허위임이 판명될 경우, 합격이 취소될 수 있습니다. SNS 바로가기 SNS 바로가기 SNS 바로가기 SNS 바로가기 HOME ABOUT COMMERCIAL ART EXHIBITION CAREER PRESS IR CONTACT COPYRIGHT 2004-2024 D'STRICT. ALL RIGHTS RESERVED. 개인정보처리방침",,,,,,,,,,active,2026-03-05 18:57:49.625234,2026-03-05 18:57:49.625215,True
252,338,d'strict - CAREER,https://kr.dstrict.com/career?category=0706wgm37Q,"알림 뒤로 알림 설정 뒤로 더보기 게시물 알림 내 글 반응 내가 작성한 게시물이나 댓글에 다른 사람이 댓글이나 답글을 작성하면 알려줍니다. 공지사항 사이트에서 보내는 중요한 공지를 실시간으로 알려줍니다. HOME ABOUT COMMERCIAL ART EXHIBITION CAREER PRESS IR CONTACT HOME ABOUT COMMERCIAL ART EXHIBITION CAREER PRESS IR CONTACT HOME ABOUT COMMERCIAL ART EXHIBITION CAREER PRESS IR CONTACT HOME ABOUT COMMERCIAL ART EXHIBITION CAREER PRESS IR CONTACT LET'S HAVE A GREAT JOURNEY AT LET'S HAVE A GREAT JOURNEY AT 2021 디스트릭트 공개채용 마감 디스트릭트 공개채용 접수가 마감되었습니다. 많은 분들의 관심과 성원 감사드립니다. JOB POSITION TALENT POOL / 인재풀 조회 7217 디스트릭트는 늘 새로운 프로젝트를 준비하며, 그 안에서 만날 수 있는 가능성을 열어두고 있습니다. 지금 당장 채용 중인 포지션이 없더라도, 디스트릭트와 결이 닿는 분이라면 인재풀에 등록해 주세요. 등록해주신 이력서는 소중히 보관되며, 적합한 기회가 열렸을 때 가장 먼저 연락드릴 예정입니다. 당신만의 언어로 세상을 새롭게 해석하는 분이라면, 디스트릭트는 언제든 열려 있습니다. 지금 이 순간에도, 우리의 다음 챕터에 함께할 누군가를 기다리고 있습니다. 지원하기 3 MEDIA TECH ENGINEER / 미디어 테크엔지니어 조회 176 모집인원 0명(경력) 담당업무 - HW 설계: 멀티미디어 전시·체험 공간의 디지털 미디어 통합 솔루션 하드웨어 설계 - 기술 PM: 전시·체험 공간 구축 시 HW 파트 PM(기술 총괄) 역할 수행 - 시스템 운영: 미디어 서버를 활용한 콘텐츠 및 작품 세팅, 테스트, 운영 - 기술 R&D: 영상·음향·조명·네트워크 등 다양한 SW/HW 기반 기술 연구 및 적용 - 기술 커뮤니케이션: 내부 구성원 및 외부 협력사와의 기술 협의 및 조율 자격요건 - 새로운 기술과 환경에 대해 적극적으로 학습하고 도전할 수 있는 분 - 맡은 역할과 일정에 책임감을 가지고 성실하게 업무를 수행할 수 있는 분 - 다양한 직군/협력사와 협업하며 유연하고 원만하게 커뮤니케이션할 수 있는 분 - IT 기술, 미디어 장비, 테크 분야 전반에 대한 관심과 학습 의지가 있는 분 - Technology와 Art의 경계를 연결하는 역할에 흥미가 있는 분 - AutoCAD, SketchUp 등 2D·3D 툴에 대한 기초 이해 또는 학습 의지가 있는 분 ※ 본 포지션은 그래픽 디자인·영상 디자인·순수 창작 중심의 역할이 아님을 참고 부탁드립니다. 우대사항 - 포트폴리오 제출 가능하신 분 1. 형식 자유 (제출 가능자 우대) 2. 경력자는 수행 프로젝트 중심의 경력기술서 제출 권장 3. 공간 구성, 시스템 구조, 기술적 접근 방식이 드러나는 자료 우대 - 2D·3D 툴을 활용한 기본적인 공간 또는 장비 설계 경험 - 협력사 및 내부 구성원과 함께 일하는 분업화된 협업 환경에 익숙한 분 - 영상·조명·음향 분야에서 하나 이상의 미디어 서버 운영 경험 - 영어 업무 커뮤니케이션 가능자 (해외 프로젝트 대응 가능 수준) - 관련 학과 전공 또는 유관 분야 실무 경험자 지원하기 0 PROGRAMMER / 백엔드 개발자 직군 채용 조회 278 모집인원 0명(경력) 책임 개발자 (Lead Full-stack Engineer, Backend-focused) AI 기반 신사업(웹앱 & 어드민 등 플랫폼)을 함께 구축할 핵심 개발 리더를 찾습니다. 백엔드를 중심으로 전체 기술 구조를 설계하고, AI를 활용한 새로운 일의 방식을 제안·실험하며, 빠르게 변화하는 기획·디자인·UI 개발 흐름을 안정적인 기술 제품으로 완성하는 역할입니다. [주요업무] 1. 신사업 전체 기술 아키텍처 설계 - 고객용 웹앱·관리자 플랫폼의 전체 시스템 및 대규모 API 게이트웨이 또는 서비스 메쉬 구조 설계 및 구현 - 핵심 데이터 모델링 및 DB 구조 정의 2. 백엔드 개발 + 핵심 비즈니스 로직 구현 - 인증·보안·권한(Role) 시스템 및 정산·구독·스케줄러 로직 개발 - 콘텐츠·디스플레이·파트너 관리 기능을 포함한 주요 API 개발 및 AWS 인프라 운영 3. 프론트 개발자와 협업 및 기술 PM - API/데이터 구조 제공 FE 코드 리뷰 및 품질 관리, 프론트 -백엔드 연동 구조 최적화 - 스프린트 계획·진행·리스크 관리 등 개발 일정 총괄 4. 플레이어/콘텐츠 시스템 연동 - 플레이어 인증·콘텐츠 전달·스케줄 기반 처리 로직 개발 - 외부 CMS 및 내부 플레이어 시스템 연동 API 설계 5. 기술 의사결정 & 코드 품질 리딩 - 코드 스타일·디렉토리·컴포넌트 아키텍처 등 개발 표준 수립 - DevOps·배포 자동화·테스트 환경 구축 등 전체 기술 품질 관리 [자격요건] - 웹 서비스 백엔드 개발 경력 7년 이상 - AI 기반 개발 워크플로우(Claude Code, Cursor 등)를 활용한 AI-driven 코딩 경험 - Node.js (필수), NestJS(필수) - TypeScript - PostgreSQL 또는 MySQL - AWS - 인증/보안/JWT/Role-based Access Control 경험 - Next.js 기반 구조 이해(실제 개발 경험 있을시 우대) - React/Next.js 기반 웹앱의 구조를 이해하고 FE·BE 간 연결을 리딩할 수 있는 역량 [우대사항] - 스타트업 또는 소규모 팀에서 풀사이클(기획~배포) 경험 - SaaS 백오피스(Admin) 시스템 개발 경험시스템 모니터링, 중앙화된 로깅, 추적 시스템 구축 및 운영 경험 (Observability 확보) - 기존 방식에 얽매이지 않고 AI 기반 개발 프로세스(AI-driven workflow)에 열린 마음으로 다양한 시도를 즐길 수 있는 분 - AI-first 환경에서의 AI 코드 생성 도구를 활용해 구조 설계를 보조하고, 생성된 코드를 품질 기준에 맞게 정제할 수 있는 역량 지원하기 0 MEDIA SYSTEM ENGINEER / 미디어 시스템 엔지니어 조회 9729 모집인원 0명(경력) 담당업무 전시체험 공간의 디지털미디어 HW 설계 (아르떼뮤지엄 업무 외 신규 IP 개발) 공간 구축을 위한 협력사 업무 관리 및 시공 감리 디지털미디어 솔루션에 대한 R&D 자격요건 유관 경력 3년 ~ 10년 디지털 전시/체험관 HW 설계 및 구축 경험이 있는 분 인터랙티브 컨텐츠에 대한 경험이 있는 분 2D/3D Tool(예: AutoCAD, SketchUp)을 정밀하고 능숙하게 사용할 수 있는 분 협업 및 커뮤니케이션이 원활한 분 해외 여행에 결격사유가 없는 분 우대사항 지원 직무와 관련된 경력을 보유한 분 지원하기 7 CREW INTERVIEW CREW INTERVIEW WHAT'S NEW ON d'strict [전형단계] 입사지원 → 서류전형 → 실무면접 → 인사면접 → 최종면접 → 최종합격 ※ 상황에 따라 전형단계 및 면접방법이 변경될 수 있습니다. ※ 서류전형결과는 합격자에 한하여 개별 연락을 드립니다. [공통 자격 요건] - 성별, 학력 무관 - 해외여행 결격사유가 없는 분 [공통 우대 사항] - 영어/중국어 등 외국어 능통하신 분 [유의사항] - 이력서에 기재된 학력 및 경력사항 등 기재사항이 허위임이 판명될 경우, 합격이 취소될 수 있습니다. SNS 바로가기 SNS 바로가기 SNS 바로가기 SNS 바로가기 HOME ABOUT COMMERCIAL ART EXHIBITION CAREER PRESS IR CONTACT","] - 성별, 학력 무관 - 해외여행 결격사유가 없는 분 [공통","] - 영어/중국어 등 외국어 능통하신 분 [유의사항] - 이력서에 기재된 학력 및 경력사항 등 기재사항이 허위임이 판명될 경우, 합격이 취소될 수 있습니다. SNS 바로가기 SNS 바로가기 SNS 바로가기 SNS 바로가기 HOME ABOUT COMMERCIAL ART EXHIBITION CAREER PRESS IR CONTACT COPYRIGHT 2004-2024 D'STRICT. ALL RIGHTS RESERVED. 개인정보처리방침",,,,,,,,,,active,2026-03-05 18:57:50.047301,2026-03-05 18:57:50.047283,True
253,338,d'strict - CAREER,https://kr.dstrict.com/career?category=,"알림 뒤로 알림 설정 뒤로 더보기 게시물 알림 내 글 반응 내가 작성한 게시물이나 댓글에 다른 사람이 댓글이나 답글을 작성하면 알려줍니다. 공지사항 사이트에서 보내는 중요한 공지를 실시간으로 알려줍니다. HOME ABOUT COMMERCIAL ART EXHIBITION CAREER PRESS IR CONTACT HOME ABOUT COMMERCIAL ART EXHIBITION CAREER PRESS IR CONTACT HOME ABOUT COMMERCIAL ART EXHIBITION CAREER PRESS IR CONTACT HOME ABOUT COMMERCIAL ART EXHIBITION CAREER PRESS IR CONTACT LET'S HAVE A GREAT JOURNEY AT LET'S HAVE A GREAT JOURNEY AT 2021 디스트릭트 공개채용 마감 디스트릭트 공개채용 접수가 마감되었습니다. 많은 분들의 관심과 성원 감사드립니다. JOB POSITION TALENT POOL / 인재풀 조회 7217 디스트릭트는 늘 새로운 프로젝트를 준비하며, 그 안에서 만날 수 있는 가능성을 열어두고 있습니다. 지금 당장 채용 중인 포지션이 없더라도, 디스트릭트와 결이 닿는 분이라면 인재풀에 등록해 주세요. 등록해주신 이력서는 소중히 보관되며, 적합한 기회가 열렸을 때 가장 먼저 연락드릴 예정입니다. 당신만의 언어로 세상을 새롭게 해석하는 분이라면, 디스트릭트는 언제든 열려 있습니다. 지금 이 순간에도, 우리의 다음 챕터에 함께할 누군가를 기다리고 있습니다. 지원하기 3 GRAPHIC ARTIST / 영상(모션그래픽) 제작자 조회 20 모집인원 0명(경력) 담당업무 - 영상(모션그래픽) 제작 - Key Visual 제작 - Concept 기획 자격요건 - 경력 3년 이상(실력에 따라 상이함) - CINAMA 4D를 활용한 영상(모션그래픽)제작 능력이 뛰어나신 분 - Design 및 Compositing 능력이 뛰어나신 분 - 창의력과 예술적 감각이 뛰어나신 분 - 팀 협업의 중요성을 이해하고, 커뮤니케이션 역량이 뛰어나신 분 - 일정/리소스 관리가 능숙하신 분 우대사항 - 다양한 3D Tool을 활용한 제작 능력 - AI Tool을 이용한 제작에 관심과 R&D 경험이 있으신 분 - 다양한 디스플레이 매체에 관심과 경험이 많으신 분 - 대형 LED 를 활용한 Anamorphic Contents 제작을 경험해 보신분 - 다양한 하드웨어(예시-로봇)에 관심과 경험이 많으신 분 지원하기 0 LEGAL COUNSEL / 사내 변호사 조회 32 모집인원 0명(신입/경력) 담당업무 법무팀은 디스트릭트의 글로벌 사업 확장과 미디어 아트 IP 보호, 그리고 기업 가치(Valuation) 극대화를 위한 전략적 법무 의사결정을 지원하는 조직입니다. 내부 부서와 긴밀히 협력하여 복잡한 계약 구조를 설계하고 리스크를 관리함으로써 회사의 지속 가능한 성장을 견인합니다. - 글로벌 비즈니스 계약 검토 및 작성: 국·영문 라이선싱, 공동 제작, 서비스 공급 계약(MSA) 및 NDA 등 비즈니스 전반 지원 - M&A 및 전략적 투자 자문: SPA, SHA 등 투자 관련 법률 검토 및 구조 개편 지원 - 사업 부서 협상 지원: 주요 거래 조건(Term Sheet)에 대한 법리적 검토 및 협상 대행 - IP(지식재산권) 전략 수립 및 보호: 미디어 아트 저작권 확보, 상표권·디자인권 관리 및 침해 대응 - 거버넌스 및 컴플라이언스 관리: 이사회·주주총회 운영 지원, 내부 규정(인사·윤리 등) 수립 및 업데이트 - 신규 비즈니스 법률 타당성 검토: 신규 프로젝트 법률 검토 및 규제 샌드박스 대응 - 분쟁 및 리스크 관리: 소송·중재 발생 시 외부 로펌 커뮤니케이션 및 선제적 리스크 모니터링 자격요건 - 대한민국 변호사 자격 보유자 또는 이에 준하는 외국 변호사 자격 - 비즈니스 영어 커뮤니케이션 및 영문 계약 검토 역량 필수 - 복잡한 사안을 구조화하여 명확한 법률 의견을 제시할 수 있는 논리적 사고력 - 법적 리스크를 식별하고 경영진에 실질적인 해결 방안을 제시할 수 있는 역량 우대사항 - 로펌 또는 기업 법무팀에서의 실무 경력 보유자 (사내 변호사 경험 우대) - 미디어 아트, 콘텐츠, IT 서비스, 엔터테인먼트 등 관련 산업에 대한 높은 이해도 - 단순 법적 검토를 넘어 비즈니스 관점에서 솔루션을 제안할 수 있는 전략적 마인드 - 인사, 재무, 사업전략 등 유관 부서와 원활하게 소통하고 신뢰를 구축할 수 있는 협업 역량 지원하기 0 ACCOUNTING / 회계 (일본-나고야) 조회 228 모집인원 0명(경력) 담당업무 ※ 디스트릭트 나고야 현지법인 소속으로 업무하게 됩니다. [아르떼뮤지엄 나고야 오픈 전 (2026년 1~3분기, 변동가능)] - 매입, 비용 관련 회계처리 및 월결산 진행 - 법인 자금집행 관리, 은행 계좌 관리 - 법인세/소비세/원천세 등 세무신고 지원 (외부 회계법인 협업) - 그룹 회계감사 관련 자료 제출 및 대응 - 법인 유지 관련 행정지원 및 계약서 관리 - 외부 회계법인, 은행, 관공서 등과의 커뮤니케이션 - 나고야 헙지법인 셋업 및 운영에 필요한 아웃소싱 및 어드민 업무 [아르떼뮤지엄 나고야 오픈 후 (2026년 4분기~, 변동가능)] - 일일 매출 데이터 확인 및 검증 - 매출 관련 회계처리 및 월결산 진행 - 재고 수불부 관리 - 나고야 헙지법인 셋업 및 운영에 필요한 아웃소싱 및 어드민 업무 자격요건 - 한국 내 일본계 법인 회계/세무 실무 경력 3년 이상 - 일본어 비즈니스 커뮤니케이션 가능자 (원어민 수준) - Excel 활용 능력 필수 - 원활한 커뮤니케이션 및 협업 능력 우대사항 - 일본 현지 법인 셋업 경험 보유자 지원사항 - 현지 부임 초기 정착비용 지원 (이주비) - 부임 후 1년간 현지 생활비 지원 (월 급여 수준 내) - 현지 주거비 1년간 지원 - 연 1회 귀국용 왕복 항공권 제공 지원하기 2 GLOBAL BUSINESS DEVELOPMENT / 글로벌 사업개발 조회 438 모집인원 0명(경력) 담당업무 ES 사업개발 본부는 국내외 파트너십 확장, 신규 비즈니스 창출, B2B 사업 추진을 통해 디스트릭트의 글로벌 확장을 이끄는 조직입니다. - 글로벌 B2B 매출 및 당사 IP 기반 콘텐츠 라이선스 사업 개발 - 파트너십 기반 공동 사업 기획 및 계약 추진 - 글로벌 브랜드 협업·콜라보레이션 기획 및 실행 - 기존 및 신규 고객/파트너사 어카운팅 관리 - 프로젝트 추진 시 콘텐츠·기술·운영·법무 등 유관 부서 협업 리딩 - 사업 Pipeline 구축·운영 및 영업 리드 관리 - BD 프로세스 개선 및 사업 운영 체계 고도화 - 시장 조사, 사업성 분석 및 신규 비즈니스 모델 제안 자격요건 - 해외 파트너와의 대면 협의를 포함한 비즈니스 영어 커뮤니케이션 역량 필수 - 글로벌 BD 및 파트너십 관련 실무 경력 (5~7년) - 신규 사업 기획 및 해외 시장 진출 전략 수행 경험 - B2B Deal Closing 경험 (제안 – 협상 – 계약) - 글로벌 프로젝트 리딩 및 cross-functional 협업 경험 - 직접 협상 및 계약 구조 설계 경험 - IP·콘텐츠·전시 등 관련 산업 이해 - 조직 운영 및 의사결정 능력 보유 우대사항 - 제 2외국어 가능자 (일본어, 프랑스어 등) - 전시, 아트테크, 엔터테인먼트, 콘텐츠 분야 BD 관련 유경험자 - 대기업 및 글로벌 브랜드 대상 B2B 사업개발 및 리딩 경험 - 파트너십 구조 설계 또는 JV·조인트 프로젝트 경험 - 일본·미국·중동 등 다국가 파트너십 추진 경험 - 라이선스/IP 비즈니스 실무 경험 - KPI 관리 및 매출 계획 수립 경험 지원하기 0 MEDIA TECH ENGINEER / 미디어 테크엔지니어 조회 176 모집인원 0명(경력) 담당업무 - HW 설계: 멀티미디어 전시·체험 공간의 디지털 미디어 통합 솔루션 하드웨어 설계 - 기술 PM: 전시·체험 공간 구축 시 HW 파트 PM(기술 총괄) 역할 수행 - 시스템 운영: 미디어 서버를 활용한 콘텐츠 및 작품 세팅, 테스트, 운영 - 기술 R&D: 영상·음향·조명·네트워크 등 다양한 SW/HW 기반 기술 연구 및 적용 - 기술 커뮤니케이션: 내부 구성원 및 외부 협력사와의 기술 협의 및 조율 자격요건 - 새로운 기술과 환경에 대해 적극적으로 학습하고 도전할 수 있는 분 - 맡은 역할과 일정에 책임감을 가지고 성실하게 업무를 수행할 수 있는 분 - 다양한 직군/협력사와 협업하며 유연하고 원만하게 커뮤니케이션할 수 있는 분 - IT 기술, 미디어 장비, 테크 분야 전반에 대한 관심과 학습 의지가 있는 분 - Technology와 Art의 경계를 연결하는 역할에 흥미가 있는 분 - AutoCAD, SketchUp 등 2D·3D 툴에 대한 기초 이해 또는 학습 의지가 있는 분 ※ 본 포지션은 그래픽 디자인·영상 디자인·순수 창작 중심의 역할이 아님을 참고 부탁드립니다. 우대사항 - 포트폴리오 제출 가능하신 분 1. 형식 자유 (제출 가능자 우대) 2. 경력자는 수행 프로젝트 중심의 경력기술서 제출 권장 3. 공간 구성, 시스템 구조, 기술적 접근 방식이 드러나는 자료 우대 - 2D·3D 툴을 활용한 기본적인 공간 또는 장비 설계 경험 - 협력사 및 내부 구성원과 함께 일하는 분업화된 협업 환경에 익숙한 분 - 영상·조명·음향 분야에서 하나 이상의 미디어 서버 운영 경험 - 영어 업무 커뮤니케이션 가능자 (해외 프로젝트 대응 가능 수준) - 관련 학과 전공 또는 유관 분야 실무 경험자 지원하기 0 PROGRAMMER / 백엔드 개발자 직군 채용 조회 278 모집인원 0명(경력) 책임 개발자 (Lead Full-stack Engineer, Backend-focused) AI 기반 신사업(웹앱 & 어드민 등 플랫폼)을 함께 구축할 핵심 개발 리더를 찾습니다. 백엔드를 중심으로 전체 기술 구조를 설계하고, AI를 활용한 새로운 일의 방식을 제안·실험하며, 빠르게 변화하는 기획·디자인·UI 개발 흐름을 안정적인 기술 제품으로 완성하는 역할입니다. [주요업무] 1. 신사업 전체 기술 아키텍처 설계 - 고객용 웹앱·관리자 플랫폼의 전체 시스템 및 대규모 API 게","] - 성별, 학력 무관 - 해외여행 결격사유가 없는 분 [공통","] - 영어/중국어 등 외국어 능통하신 분 [유의사항] - 이력서에 기재된 학력 및 경력사항 등 기재사항이 허위임이 판명될 경우, 합격이 취소될 수 있습니다. SNS 바로가기 SNS 바로가기 SNS 바로가기 SNS 바로가기 HOME ABOUT COMMERCIAL ART EXHIBITION CAREER PRESS IR CONTACT COPYRIGHT 2004-2024 D'STRICT. ALL RIGHTS RESERVED. 개인정보처리방침",,,,,,,,,,active,2026-03-05 18:57:51.150491,2026-03-05 18:57:51.150474,True
254,387,채용안내,http://www.onsecurity.co.kr/html/recruit.html,"온시큐리티㈜ 는 보안분야에서 함께 성장할 여러분들을 기다리고 있습니다. STEP 01 서류심사 STEP 02 실무진 면접 STEP 03 임원면접 STEP 04 처우협의 STEP 05 최종합격 01 서류심사 접수된 서류를 통해 모집 부분의 자격요건을 심사합니다. 다음 자료를 이메일을 통해 제출합니다. 입사지원서(자유양식) 졸업증명서(원본) 성적증명서(원본) 기타 자격증(사본) 02 실무진 면접 해당 본부장, 팀장 참석 면접으로 지원자의 성품과 역량, 가능성을 평가합니다. 03 임원진 면접 앞서 진행한 모든 전형 결과를 종합적으로 판단하여 최종 합격자를 결정합니다. 04 처우 협의 인사 담당부서와 연봉 및 처우 협의를 진행합니다. 05 최종 합격 결과를 바탕으로 최종 합격 여부가 결정됩니다.","을 심사합니다. 다음 자료를 이메일을 통해 제출합니다. 입사지원서(자유양식) 졸업증명서(원본) 성적증명서(원본) 기타 자격증(사본) 02 실무진 면접 해당 본부장, 팀장 참석 면접으로 지원자의 성품과 역량, 가능성을 평가합니다. 03 임원진 면접 앞서 진행한 모든 전형 결과를 종합적으로 판단하여 최종 합격자를 결정합니다. 04 처우 협의 인사 담당부서와 연봉 및 처우 협의를 진행합니다. 05 최종 합격 결과를 바탕으로 최종 합격 여부가 결정됩니다.",,,,,,,연봉 및 처우 협의,,,,active,2026-03-05 18:58:02.141925,2026-03-05 18:58:02.141905,True
255,405,채용인사,http://compia.co.kr/?page_id=73,"Tel. 031-342-8000 compia04@nate.com 회사소개 CEO 인사말 회사개요 회사연혁 조직도 보유 면허 및 인허가 오시는길 사업분야 정보통신공사 전기공사 소방공사 소방시설 점검 사업실적 주요사업실적 채용인사 채용인사 고객지원 문의처 Recruitment 채용인사 채용제도 1. 상시채용 분야 지원자격 공통사항 경영관리 – 재무/회계전공 – 전공자 우대 – 성별 : 무관 – 자격증 소지자 우대 – 채용인원 : 0명 정보통신 – 관련학과 전공 – 신입 및 경력 전기/소방 공사 순위 2. 채용절차 채용공고 및 접수 당사 홈페이지 및 온라인 접수 1차 전형 서류심사 및 실무자 면접 2차 전형 임원진 면접 최종발표 개별 연락 3. 지원방법 및 문의 채용 사이트를 통한 ON-Line접수 (JobKorea등) 경영 관리부 (031-342-8000)로 문의 복리후생 구분 내용 비고 단체상해보험 산재보험 외 재해 등을 대비한 보험 가입(위험업무 담당자) 퇴직연금 구성원의 퇴직금은 매월 외부기관(은행)에 적립 휴가제도 연,월차 제도 / 하계휴가 등 건강관리 건강검진 시행 여가활동 휴양소 제공(강원도 양양 소재) 기타 장기근속자 포상, 생일ㆍ결혼기념일 선물 제공, 경조사 지원, 명절 선물 등",,,,건강검진,,강원,,,,,,active,2026-03-05 18:58:04.298301,2026-03-05 18:58:04.298282,True
256,408,채용정보,http://www.cotstech.com/page/41_2,"회사소개 회사정보 회사소식 제품소개 SBC Rugged LCD Display FPGA Accelerator COTS IP Railway Application IoT Submarine Application 투자정보 IR일정 실적발표 IR뉴스 전자공고 공시 내부정보관리규정 인재채용 채용정보 채용공고 고객지원 고객센터 견적문의 Contact Us 윤리경영 윤리헌장 내부신고 Client Contact Facebook 회사소개 회사정보 연혁 경영철학 CEO인사말 사업영역 회사소식 코츠뉴스 업계뉴스 제품소개 SBC PowerPC Intel Standard I/O Power Board Etc Board Rugged LCD Display FPGA Accelerator COTS IP Railway Application IoT Wi-SUN DLMS/COSEM Submarine Application 투자정보 IR일정 실적발표 IR뉴스 전자공고 공시 내부정보관리규정 인재채용 채용정보 인재상 채용제도 안내 인사제도 및 복리후생 채용공고 경력/신입(인턴) 상시채용 채용 FAQ 고객지원 고객센터 견적문의 Contact Us 윤리경영 윤리헌장 내부신고 Support Contact Facebook 로그인 회원가입 채용정보 인재채용 회사소개 제품소개 투자정보 인재채용 고객지원 윤리경영 채용정보 채용정보 채용공고 채용제도 안내 인재상 채용제도 안내 인사제도 및 복리후생 인재상 채용제도 안내 인사제도 및 복리후생 채용제도 안내 신입(인턴) * 인턴기간은 3개월이며, 인턴 평가 후 정규직 채용여부 결정 1차 서류 전형 2차 전화면접 3차 대면면접 4차 최종합격 경력직 1차 서류 전형 2차 전화면접 3차 대면면접 4차 최종합격",,,,,,경기,정규직,,,,,active,2026-03-05 18:58:05.654565,2026-03-05 18:58:05.654547,True
257,408,채용공고,http://www.cotstech.com/42_1/6,"[경력] 방산제품 품질관리 경력사원 채용[채용마감] 작성일 2024.01.25 https://www.saramin.co.kr/zf_user/jobs/view?rec_idx=47348516&view_type… [222] 분당/코스닥] 방산제품 품질관리 경력사원 채용 모집부문 및 상세내용 공통 자격요건 ㆍ학력 : 대졸 이상 (2,3년) 업무내용 품질보증팀 0명 ㆍ방산제품 양산품질관리 - 제작준비 검토, 양산품질 보증 업무 전반 (일솜씨, 부품일치성, 수락검사 등) ㆍ품질경영 시스템 운영 - 고객사 aduit 수검 - 품질경영 시스템 사후 관리 ㆍ형상관리 - 제조 / 기술문서 변경점 관리 지원자격 ㆍ경력 : 신입 / 경력 3년 이상 우대사항 ㆍ 방산업체 근무 경력 ㆍ전기 / 전자공학, 산업공학, 이공계열 ㆍ인근거주자, 운전가능자, 해당직무 근무경험 근무조건 ㆍ 근무형태 : 정규직(수습기간)- 2개월 ㆍ 근무일시 : 주 5일(월~금) ㆍ 근무지역 : (13510) 경기 성남시 분당구 판교로 744 분당테크노파크 C동 702호(야탑동) 전형절차 서류전형 사전 전화인터뷰 대면 면접 (필요 시 화상면접) 최종합격 접수기간 및 방법 ㆍ 접수기간 : 2024년 1월 11일 (목) 08시 ~ 2024년 2월 10일 (토) 24시 ㆍ 접수방법 : 사람인 입사지원 ㆍ 이력서양식 : 사람인 온라인 이력서 유의사항 ㆍ입사지원 서류에 허위 사실이 발견될 경우, 채용 확정 이후라도 채용이 취소될 수 있습니다. 복리후생 지원금/보험 각종 경조사 지원, 선택적복리후생, 자녀학자금 급여제도 인센티브제, 장기근속자 포상, 우수사원포상 선물 창립일선물지급 교육/생활 창립일행사, 워크샵, 신규 입사자 교육(OJT), 도서구입비지원, 교육비 지원, 구내식당(사원식당), 사내동호회 운영 리프레시 연차, 경조휴가제, 반차, 창립일휴무, 근로자의 날 휴무 내용 닫기 근무지위치 (13510) 경기 성남시 분당구 판교로 744 분당테크노파크 C동 702호 목록보기","ㆍ학력 : 대졸 이상 (2,3년) 업무내용 품질보증팀 0명 ㆍ방산제품 양산품질관리 - 제작준비 검토, 양산품질 보증 업무 전반 (일솜씨, 부품일치성, 수락검사 등) ㆍ품질경영 시스템 운영 - 고객사 aduit 수검 - 품질경영 시스템 사후 관리 ㆍ형상관리 - 제조 / 기술문서 변경점 관리 지원자격 ㆍ경력 : 신입 / 경력 3년 이상 우대사항 ㆍ 방산업체 근무 경력 ㆍ전기 / 전자공학, 산업공학, 이공계열 ㆍ인근거주자, 운전가능자, 해당직무 근무경험 근무조건 ㆍ 근무형태 : 정규직(수습기간)- 2개월 ㆍ 근무일시 : 주 5일(월~금) ㆍ 근무지역 : (13510) 경기 성남시 분당구 판교로 744 분당테크노파크 C동 702호(야탑동) 전형절차 서류전형 사전 전화인터뷰 대면 면접 (필요 시 화상면접) 최종합격 접수기간 및 방법 ㆍ 접수기간 : 2024년 1월 11일 (목) 08시 ~ 2024년 2월 10일 (토) 24시 ㆍ 접수방법 : 사람인 입사지원 ㆍ 이력서양식 : 사람인 온라인 이력서 유의사항 ㆍ입사지원 서류에 허위 사실이 발견될 경우, 채용 확정 이후라도 채용이 취소될 수 있습니다.","ㆍ 방산업체 근무 경력 ㆍ전기 / 전자공학, 산업공학, 이공계열 ㆍ인근거주자, 운전가능자, 해당직무 근무경험 근무조건 ㆍ 근무형태 : 정규직(수습기간)- 2개월 ㆍ 근무일시 : 주 5일(월~금) ㆍ 근무지역 : (13510) 경기 성남시 분당구 판교로 744 분당테크노파크 C동 702호(야탑동) 전형절차 서류전형 사전 전화인터뷰 대면 면접 (필요 시 화상면접) 최종합격 접수기간 및 방법 ㆍ 접수기간 : 2024년 1월 11일 (목) 08시 ~ 2024년 2월 10일 (토) 24시 ㆍ 접수방법 : 사람인 입사지원 ㆍ 이력서양식 : 사람인 온라인 이력서 유의사항 ㆍ입사지원 서류에 허위 사실이 발견될 경우, 채용 확정 이후라도 채용이 취소될 수 있습니다.","서류전형 사전 전화인터뷰 대면 면접 (필요 시 화상면접) 최종합격 접수기간 및 방법 ㆍ 접수기간 : 2024년 1월 11일 (목) 08시 ~ 2024년 2월 10일 (토) 24시 ㆍ 접수방법 : 사람인 입사지원 ㆍ 이력서양식 : 사람인 온라인 이력서 유의사항 ㆍ입사지원 서류에 허위 사실이 발견될 경우, 채용 확정 이후라도 채용이 취소될 수 있습니다.","경조휴가, 교육비, 도서구입비",,경기,정규직,,,,,active,2026-03-05 18:58:06.789987,2026-03-05 18:58:06.789969,True
258,408,채용공고,http://www.cotstech.com/42_1/9,"[신입/경력] 생산기술 담당자 채용 작성일 2024.01.25 https://www.saramin.co.kr/zf_user/jobs/view?rec_idx=47354186&view_type… [260] 코츠테크놀로지 채용 (신입 및 경력직) [ 생산기술 ] 코츠테크놀로지㈜는 1999년 창립이래 임베디드 CPU보드, DSP보드, 각종 I/O보드, Power보드 및 특수목적용 LCD Monitor 등의 임베디드 컴퓨터와 그 주변기기를 전문적으로 연구/개발하여 이러한 제품의 수요산업분야인 첨단 방위산업(육해공)분야, 철도신호 제어분야, 전력망제어 산업분야, 첨단 자동화산업분야에 공급하고 있습니다. 첨단산업 및 방위산업용 VPX, VME, PCI 버스 외 다수의 산업 표준 버스 및 다양한 구조의 하드웨어와 소프트웨어를 개발하여 해외 기술에 의존하던 대량의 데이터와 신호처리, 고속/정밀제어, 고속통신 기능을 수행하는 첨단 컴퓨터와 특수환경에서 사용하는 Display기 등 고속·고신뢰성의 컴퓨팅 환경구축을 위한 컴퓨터 구성품들을 연구개발과 제조를 하고 있습니다. 코츠테크놀로지㈜는 1999년 창립 이후로 임베디드 컴퓨터 제품개발 전문기업으로 세계수준의 최첨단 기술 경쟁력을 갖춘 '세계 최고의 임베디드 솔루션 기업'으로 성장하는 것을 목표로 하고 있습니다. 1. 모집부문 및 자격요건 모집부문 담당업무 자격요건 및 우대사항 인원 생산기술 (신입/경력) [양산이관] ㆍ 양산 프로젝트 초도품 검증 및 문제점 보완 ㆍ 양산 프로젝트 생산자료 검토 및 보완 ㆍ 개발 완료 프로젝트 일부 생산 주관 ㆍ 생산팀 이관 [ 생산기술] ㆍ 생산 및 Field 발생 각종 문제점 분석 및 Reporting ㆍ RMA (Return Material Authorization) 분석 ㆍ 고객社 문제점 대응 : 통상적으로 장비 Level ㆍ 작업표준서 , 기술문서 작성 및 유지관리 [ 개발지원] ㆍ 협력개발품 일부 제작 지원 ㆍ 양산품 생산자료 준비 지원 [자격요건] ㆍ학력 : 전문대졸 이상 ㆍ전공 : 전자/컴퓨터 관련학과 ㆍ신입 또는 경력 3년 이상 ㆍ운전가능자 [우대사항] ㆍ방산 및 제조업체 해당 직무 경험자 ㆍ전자 회로설계 경험자 0명 2. 근무조건 및 환경 근무형태 : 정규직(수습기간) - 2개월, 선택적 근로시간제 근무요일/시간 : 주 5일(월~금) 근무지역 : 경기 - 성남시 분당구 급여 : 회사 내규에 따름 회사주소 : (13510) 경기 성남시 분당구 판교로 744 분당테크노파크 C동 702 호(야탑동) 3. 전형절 ​ 차 4. 접수기간 및 방법 접수기간 : 24. 2. 10(일) 까지 * 수시면접 진행 / 서류전형 합격자에게 개별 연락 목록보기","모집부문 담당업무 자격요건 및 우대사항 인원 생산기술 (신입/경력) [양산이관] ㆍ 양산 프로젝트 초도품 검증 및 문제점 보완 ㆍ 양산 프로젝트 생산자료 검토 및 보완 ㆍ 개발 완료 프로젝트 일부 생산 주관 ㆍ 생산팀 이관 [ 생산기술] ㆍ 생산 및 Field 발생 각종 문제점 분석 및 Reporting ㆍ RMA (Return Material Authorization) 분석 ㆍ 고객社 문제점 대응 : 통상적으로 장비 Level ㆍ 작업표준서 , 기술문서 작성 및 유지관리 [ 개발지원] ㆍ 협력개발품 일부 제작 지원 ㆍ 양산품 생산자료 준비 지원 [자격요건] ㆍ학력 : 전문대졸 이상 ㆍ전공 : 전자/컴퓨터 관련학과 ㆍ신입 또는 경력 3년 이상 ㆍ운전가능자 [우대사항] ㆍ방산 및 제조업체 해당 직무 경험자 ㆍ전자 회로설계 경험자 0명 2. 근무조건 및 환경 근무형태 : 정규직(수습기간) - 2개월, 선택적 근로시간제 근무요일/시간 : 주 5일(월~금) 근무지역 : 경기 - 성남시 분당구 급여 : 회사 내규에 따름 회사주소 : (13510) 경기 성남시 분당구 판교로 744 분당테크노파크 C동 702 호(야탑동) 3. 전형절 ​ 차 4. 접수기간 및 방법 접수기간 : 24. 2. 10(일) 까지 * 수시면접 진행 / 서류전형 합격자에게 개별 연락 목록보기","인원 생산기술 (신입/경력) [양산이관] ㆍ 양산 프로젝트 초도품 검증 및 문제점 보완 ㆍ 양산 프로젝트 생산자료 검토 및 보완 ㆍ 개발 완료 프로젝트 일부 생산 주관 ㆍ 생산팀 이관 [ 생산기술] ㆍ 생산 및 Field 발생 각종 문제점 분석 및 Reporting ㆍ RMA (Return Material Authorization) 분석 ㆍ 고객社 문제점 대응 : 통상적으로 장비 Level ㆍ 작업표준서 , 기술문서 작성 및 유지관리 [ 개발지원] ㆍ 협력개발품 일부 제작 지원 ㆍ 양산품 생산자료 준비 지원 [자격요건] ㆍ학력 : 전문대졸 이상 ㆍ전공 : 전자/컴퓨터 관련학과 ㆍ신입 또는 경력 3년 이상 ㆍ운전가능자 [우대사항] ㆍ방산 및 제조업체 해당 직무 경험자 ㆍ전자 회로설계 경험자 0명 2. 근무조건 및 환경 근무형태 : 정규직(수습기간) - 2개월, 선택적 근로시간제 근무요일/시간 : 주 5일(월~금) 근무지역 : 경기 - 성남시 분당구 급여 : 회사 내규에 따름 회사주소 : (13510) 경기 성남시 분당구 판교로 744 분당테크노파크 C동 702 호(야탑동) 3. 전형절 ​ 차 4. 접수기간 및 방법 접수기간 : 24. 2. 10(일) 까지 * 수시면접 진행 / 서류전형 합격자에게 개별 연락 목록보기",,,,경기,정규직,,,,,active,2026-03-05 18:58:07.240183,2026-03-05 18:58:07.240165,True
259,408,채용공고,http://www.cotstech.com/42_1/10,"[신입/경력] HW 시스템 설계 및 개발 채용 작성일 2024.01.25 https://www.saramin.co.kr/zf_user/jobs/view?rec_idx=47270619&view_type… [285] 코츠테크놀로지 개발직 채용 (신입 및 경력직) (HW 개발) 코츠테크놀로지㈜는 1999년 창립이래 임베디드 CPU보드, DSP보드, 각종 I/O보드, Power보드 및 특수목적용 LCD Monitor 등의 임베디드 컴퓨터와 그 주변기기를 전문적으로 연구/개발하여 이러한 제품의 수요산업분야인 첨단 방위산업(육해공)분야, 철도신호 제어분야, 전력망제어 산업분야, 첨단 자동화산업분야에 공급하고 있습니다. 첨단산업 및 방위산업용 VPX, VME, PCI 버스 외 다수의 산업 표준 버스 및 다양한 구조의 하드웨어와 소프트웨어를 개발하여 해외 기술에 의존하던 대량의 데이터와 신호처리, 고속/정밀제어, 고속통신 기능을 수행하는 첨단 컴퓨터와 특수환경에서 사용하는 Display기 등 고속·고신뢰성의 컴퓨팅 환경구축을 위한 컴퓨터 구성품들을 연구개발과 제조를 하고 있습니다. 1. 모집부문 및 자격요건 모집부문 담당업무 자격요건 및 우대사항 인원 HW 개발 (임베디드) (신입/경력) 임베디드 HW 설계 및 개발 ㆍx86 계열 Main Board 개발 ㆍEmbedded Computing Module 개발 ㆍProcessing, FPGA, Graphics & Video Modules ㆍEmbedded Systems 개발 ㆍMission Computers ㆍControl Display Units ㆍRugged Subsystems Display Unit HW 설계 및 개발 ㆍ기초 하드웨어 회로 설계 ㆍ디스플레이 인터페이스 회로 설계 ㆍEmbedded Systems 개발 ㆍ보드 성능 시험 [자격요건] ㆍ학력 : 대졸이상 ㆍ전공 : 전기/전자/통신 관련학과 ㆍ신입 또는 경력 [우대사항] ㆍ방산 개발 경험자 ㆍ해당직무 근무 경험자 ㆍ운전 가능자 ㆍ적극적인 자세 / 긍정적인 마인드 0명 2. 근무조건 및 환경 근무형태 : 정규직(수습기간) - 2개월, 선택적 근로시간제 근무요일/시간 : 주 5일(월~금) 근무지역 : 경기 - 성남시 분당구 급여 : 회사 내규에 따름 회사주소 : (13510) 경기 성남시 분당구 판교로 744 분당테크노파크 C동 702 호(야탑동) 3. 전형절 ​ 차 4. 접수기간 및 방법 접수기간 : ​ 24. 2. 1.(목) 까지 * 수시면접 진행 (서류전형 합격자에게 개별 연락) 이력서양식 : 사람인 온라인 이력서 접수방법 : 사람인 입사지원 5. 유의사항 입사지원 서류에 허위사실이 발견될 경우, 채용확정 이후라도 채용이 취소될 수 있습니다. 목록보기","모집부문 담당업무 자격요건 및 우대사항 인원 HW 개발 (임베디드) (신입/경력) 임베디드 HW 설계 및 개발 ㆍx86 계열 Main Board 개발 ㆍEmbedded Computing Module 개발 ㆍProcessing, FPGA, Graphics & Video Modules ㆍEmbedded Systems 개발 ㆍMission Computers ㆍControl Display Units ㆍRugged Subsystems Display Unit HW 설계 및 개발 ㆍ기초 하드웨어 회로 설계 ㆍ디스플레이 인터페이스 회로 설계 ㆍEmbedded Systems 개발 ㆍ보드 성능 시험 [자격요건] ㆍ학력 : 대졸이상 ㆍ전공 : 전기/전자/통신 관련학과 ㆍ신입 또는 경력 [우대사항] ㆍ방산 개발 경험자 ㆍ해당직무 근무 경험자 ㆍ운전 가능자 ㆍ적극적인 자세 / 긍정적인 마인드 0명 2. 근무조건 및 환경 근무형태 : 정규직(수습기간) - 2개월, 선택적 근로시간제 근무요일/시간 : 주 5일(월~금) 근무지역 : 경기 - 성남시 분당구 급여 : 회사 내규에 따름 회사주소 : (13510) 경기 성남시 분당구 판교로 744 분당테크노파크 C동 702 호(야탑동) 3. 전형절 ​ 차 4. 접수기간 및 방법 접수기간 : ​ 24. 2. 1.(목) 까지 * 수시면접 진행 (서류전형 합격자에게 개별 연락) 이력서양식 : 사람인 온라인 이력서 접수방법 : 사람인 입사지원 5. 유의사항 입사지원 서류에 허위사실이 발견될 경우, 채용확정 이후라도 채용이 취소될 수 있습니다. 목록보기","인원 HW 개발 (임베디드) (신입/경력) 임베디드 HW 설계 및 개발 ㆍx86 계열 Main Board 개발 ㆍEmbedded Computing Module 개발 ㆍProcessing, FPGA, Graphics & Video Modules ㆍEmbedded Systems 개발 ㆍMission Computers ㆍControl Display Units ㆍRugged Subsystems Display Unit HW 설계 및 개발 ㆍ기초 하드웨어 회로 설계 ㆍ디스플레이 인터페이스 회로 설계 ㆍEmbedded Systems 개발 ㆍ보드 성능 시험 [자격요건] ㆍ학력 : 대졸이상 ㆍ전공 : 전기/전자/통신 관련학과 ㆍ신입 또는 경력 [우대사항] ㆍ방산 개발 경험자 ㆍ해당직무 근무 경험자 ㆍ운전 가능자 ㆍ적극적인 자세 / 긍정적인 마인드 0명 2. 근무조건 및 환경 근무형태 : 정규직(수습기간) - 2개월, 선택적 근로시간제 근무요일/시간 : 주 5일(월~금) 근무지역 : 경기 - 성남시 분당구 급여 : 회사 내규에 따름 회사주소 : (13510) 경기 성남시 분당구 판교로 744 분당테크노파크 C동 702 호(야탑동) 3. 전형절 ​ 차 4. 접수기간 및 방법 접수기간 : ​ 24. 2. 1.(목) 까지 * 수시면접 진행 (서류전형 합격자에게 개별 연락) 이력서양식 : 사람인 온라인 이력서 접수방법 : 사람인 입사지원 5. 유의사항 입사지원 서류에 허위사실이 발견될 경우, 채용확정 이후라도 채용이 취소될 수 있습니다. 목록보기","ing, FPGA, Graphics & Video Modules ㆍEmbedded Systems 개발 ㆍMission Computers ㆍControl Display Units ㆍRugged Subsystems Display Unit HW 설계 및 개발 ㆍ기초 하드웨어 회로 설계 ㆍ디스플레이 인터페이스 회로 설계 ㆍEmbedded Systems 개발 ㆍ보드 성능 시험 [",,,경기,정규직,,,,,active,2026-03-05 18:58:07.626712,2026-03-05 18:58:07.626698,True
260,408,채용공고,http://www.cotstech.com/42_1/11,"[신입/경력] 전자제품 조립/테스트 담당자 채용 작성일 2024.01.25 https://www.saramin.co.kr/zf_user/jobs/view?rec_idx=47354186&view_type… [235] 코츠테크놀로지 채용 (신입 및 경력직) [ 전자제품 조립 / 시험(생산직) ] 코츠테크놀로지㈜는 1999년 창립이래 임베디드 CPU보드, DSP보드, 각종 I/O보드, Power보드 및 특수목적용 LCD Monitor 등의 임베디드 컴퓨터와 그 주변기기를 전문적으로 연구/개발하여 이러한 제품의 수요산업분야인 첨단 방위산업(육해공)분야, 철도신호 제어분야, 전력망제어 산업분야, 첨단 자동화산업분야에 공급하고 있습니다. 첨단산업 및 방위산업용 VPX, VME, PCI 버스 외 다수의 산업 표준 버스 및 다양한 구조의 하드웨어와 소프트웨어를 개발하여 해외 기술에 의존하던 대량의 데이터와 신호처리, 고속/정밀제어, 고속통신 기능을 수행하는 첨단 컴퓨터와 특수환경에서 사용하는 Display기 등 고속·고신뢰성의 컴퓨팅 환경구축을 위한 컴퓨터 구성품들을 연구개발과 제조를 하고 있습니다. 코츠테크놀로지㈜는 1999년 창립 이후로 임베디드 컴퓨터 제품개발 전문기업으로 세계수준의 최첨단 기술 경쟁력을 갖춘 '세계 최고의 임베디드 솔루션 기업'으로 성장하는 것을 목표로 하고 있습니다. 1. 모집부문 및 자격요건 모집부문 담당업무 자격요건 및 우대사항 인원 전자제품 조립/시험 (생산직) 제품 조립 및 시험(보드류) - 생산 공정에 따른 제품 조립 및 시험 - 라인작업 x [자격요건] - 학력 : 전문대졸 이상 - 전공 : 전자관련학과 - 색맹, 색약 등 이상이 없는 자 [우대사항] - 해당직무 근무/유사 제품 생산경험 - 관련학과 우대 - 운전가능자 - 인근거주자 - 간단한 엑셀자료 입력(MS 오피스 사용) 0명 2. 근무조건 및 환경 근무형태 : 정규직(수습기간) - 2개월, 선택적 근로시간제 근무요일/시간 : 주 5일(월~금) 근무지역 : 경기 - 성남시 분당구 급여 : 회사 내규에 따름 회사주소 : (13510) 경기 성남시 분당구 판교로 744 분당테크노파크 C동 702 호(야탑동) 3. 전형절 ​ 차 서류전형 -> 전화인터뷰 -> 면접전형 -> 최종합격 4. 접수기간 및 방법 접수기간 : 24. 2. 1. (목)까지 * 수시면접 진행 / 서류전형 합격자에게 개별 연락 이력서양식 : 사람인 온라인 이력서 접수방법 : 사람인 입사지원 5. 유의사항 입사지원 서류에 허위사실이 발견될 경우, 채용확정 이후라도 채용이 취소될 수 있습니다. 목록보기","모집부문 담당업무 자격요건 및 우대사항 인원 전자제품 조립/시험 (생산직) 제품 조립 및 시험(보드류) - 생산 공정에 따른 제품 조립 및 시험 - 라인작업 x [자격요건] - 학력 : 전문대졸 이상 - 전공 : 전자관련학과 - 색맹, 색약 등 이상이 없는 자 [우대사항] - 해당직무 근무/유사 제품 생산경험 - 관련학과 우대 - 운전가능자 - 인근거주자 - 간단한 엑셀자료 입력(MS 오피스 사용) 0명 2. 근무조건 및 환경 근무형태 : 정규직(수습기간) - 2개월, 선택적 근로시간제 근무요일/시간 : 주 5일(월~금) 근무지역 : 경기 - 성남시 분당구 급여 : 회사 내규에 따름 회사주소 : (13510) 경기 성남시 분당구 판교로 744 분당테크노파크 C동 702 호(야탑동) 3. 전형절 ​ 차 서류전형 -> 전화인터뷰 -> 면접전형 -> 최종합격 4. 접수기간 및 방법 접수기간 : 24. 2. 1. (목)까지 * 수시면접 진행 / 서류전형 합격자에게 개별 연락 이력서양식 : 사람인 온라인 이력서 접수방법 : 사람인 입사지원 5. 유의사항 입사지원 서류에 허위사실이 발견될 경우, 채용확정 이후라도 채용이 취소될 수 있습니다. 목록보기","인원 전자제품 조립/시험 (생산직) 제품 조립 및 시험(보드류) - 생산 공정에 따른 제품 조립 및 시험 - 라인작업 x [자격요건] - 학력 : 전문대졸 이상 - 전공 : 전자관련학과 - 색맹, 색약 등 이상이 없는 자 [우대사항] - 해당직무 근무/유사 제품 생산경험 - 관련학과 우대 - 운전가능자 - 인근거주자 - 간단한 엑셀자료 입력(MS 오피스 사용) 0명 2. 근무조건 및 환경 근무형태 : 정규직(수습기간) - 2개월, 선택적 근로시간제 근무요일/시간 : 주 5일(월~금) 근무지역 : 경기 - 성남시 분당구 급여 : 회사 내규에 따름 회사주소 : (13510) 경기 성남시 분당구 판교로 744 분당테크노파크 C동 702 호(야탑동) 3. 전형절 ​ 차 서류전형 -> 전화인터뷰 -> 면접전형 -> 최종합격 4. 접수기간 및 방법 접수기간 : 24. 2. 1. (목)까지 * 수시면접 진행 / 서류전형 합격자에게 개별 연락 이력서양식 : 사람인 온라인 이력서 접수방법 : 사람인 입사지원 5. 유의사항 입사지원 서류에 허위사실이 발견될 경우, 채용확정 이후라도 채용이 취소될 수 있습니다. 목록보기",,,,경기,정규직,,,,,active,2026-03-05 18:58:08.042301,2026-03-05 18:58:08.042284,True
261,408,채용공고,http://www.cotstech.com/42_1/12,"[신입/경력] 자재관리 담당자 채용 [채용마감] 작성일 2024.01.25 https://www.saramin.co.kr/zf_user/jobs/view?rec_idx=47270593&view_type… [269] 코츠테크놀로지 채용 (신입 및 경력직) [ 자재 관리] 코츠테크놀로지㈜는 1999년 창립이래 임베디드 CPU보드, DSP보드, 각종 I/O보드, Power보드 및 특수목적용 LCD Monitor 등의 임베디드 컴퓨터와 그 주변기기를 전문적으로 연구/개발하여 이러한 제품의 수요산업분야인 첨단 방위산업(육해공)분야, 철도신호 제어분야, 전력망제어 산업분야, 첨단 자동화산업분야에 공급하고 있습니다. 첨단산업 및 방위산업용 VPX, VME, PCI 버스 외 다수의 산업 표준 버스 및 다양한 구조의 하드웨어와 소프트웨어를 개발하여 해외 기술에 의존하던 대량의 데이터와 신호처리, 고속/정밀제어, 고속통신 기능을 수행하는 첨단 컴퓨터와 특수환경에서 사용하는 Display기 등 고속·고신뢰성의 컴퓨팅 환경구축을 위한 컴퓨터 구성품들을 연구개발과 제조를 하고 있습니다. 코츠테크놀로지㈜는 1999년 창립 이후로 임베디드 컴퓨터 제품개발 전문기업으로 세계수준의 최첨단 기술 경쟁력을 갖춘 '세계 최고의 임베디드 솔루션 기업'으로 성장하는 것을 목표로 하고 있습니다. 1. 모집부문 및 자격요건 모집부문 담당업무 자격요건 및 우대사항 인원 자재관리 ㆍ자재입출고 ㆍ재고관리 ㆍ창고관리 [자격요건] ㆍ학력 : 무관 ㆍ경력무관 (신입지원 가능) [우대사항] ㆍ해당 업무 유경험자 ㆍ더존ERP 유경험자 ㆍExcel 사용능력 우수자 0명 2. 근무조건 및 환경 근무형태 : 정규직(수습기간) - 2개월, 선택적 근로시간제 근무요일 : 주 5일(월~금) 근무지역 : 경기 - 성남시 분당구 급여 : 회사 내규에 따름 회사주소 : (13510) 경기 성남시 분당구 판교로 744 분당테크노파크 C동 702 호(야탑동) 3. 전형절 ​ 차 서류전형 - 면접 - 결과통보 4. 접수기간 및 방법 접수기간 : 24. 2. 1. (목)까지 * 수시면접 진행 / 서류전형 합격자에게 개별 연락 이력서양식 : 사람인 온라인 이력서 접수방법 : 사람인 입사지원 5. 유의사항 입사지원 서류에 허위사실이 발견될 경우, 채용확정 이후라도 채용이 취소될 수 있습니다. 목록보기","모집부문 담당업무 자격요건 및 우대사항 인원 자재관리 ㆍ자재입출고 ㆍ재고관리 ㆍ창고관리 [자격요건] ㆍ학력 : 무관 ㆍ경력무관 (신입지원 가능) [우대사항] ㆍ해당 업무 유경험자 ㆍ더존ERP 유경험자 ㆍExcel 사용능력 우수자 0명 2. 근무조건 및 환경 근무형태 : 정규직(수습기간) - 2개월, 선택적 근로시간제 근무요일 : 주 5일(월~금) 근무지역 : 경기 - 성남시 분당구 급여 : 회사 내규에 따름 회사주소 : (13510) 경기 성남시 분당구 판교로 744 분당테크노파크 C동 702 호(야탑동) 3. 전형절 ​ 차 서류전형 - 면접 - 결과통보 4. 접수기간 및 방법 접수기간 : 24. 2. 1. (목)까지 * 수시면접 진행 / 서류전형 합격자에게 개별 연락 이력서양식 : 사람인 온라인 이력서 접수방법 : 사람인 입사지원 5. 유의사항 입사지원 서류에 허위사실이 발견될 경우, 채용확정 이후라도 채용이 취소될 수 있습니다. 목록보기","인원 자재관리 ㆍ자재입출고 ㆍ재고관리 ㆍ창고관리 [자격요건] ㆍ학력 : 무관 ㆍ경력무관 (신입지원 가능) [우대사항] ㆍ해당 업무 유경험자 ㆍ더존ERP 유경험자 ㆍExcel 사용능력 우수자 0명 2. 근무조건 및 환경 근무형태 : 정규직(수습기간) - 2개월, 선택적 근로시간제 근무요일 : 주 5일(월~금) 근무지역 : 경기 - 성남시 분당구 급여 : 회사 내규에 따름 회사주소 : (13510) 경기 성남시 분당구 판교로 744 분당테크노파크 C동 702 호(야탑동) 3. 전형절 ​ 차 서류전형 - 면접 - 결과통보 4. 접수기간 및 방법 접수기간 : 24. 2. 1. (목)까지 * 수시면접 진행 / 서류전형 합격자에게 개별 연락 이력서양식 : 사람인 온라인 이력서 접수방법 : 사람인 입사지원 5. 유의사항 입사지원 서류에 허위사실이 발견될 경우, 채용확정 이후라도 채용이 취소될 수 있습니다. 목록보기",,,,경기,정규직,,,,,active,2026-03-05 18:58:08.453876,2026-03-05 18:58:08.453859,True
262,501,채용 | TEIA – 채용 절차 및 지원하기,http://www.teia.co.kr/recruit,"알림 뒤로 알림 설정 뒤로 더보기 게시물 알림 내 글 반응 내가 작성한 게시물이나 댓글에 다른 사람이 댓글이나 답글을 작성하면 알려줍니다. 공지사항 사이트에서 보내는 중요한 공지를 실시간으로 알려줍니다. Home 회사소개 CEO 비전 회사 연혁 협력사 News 솔루션 Smart Factory AI Factory VAS Careers 인재상 조직문화 채용 ESG Contact Home 회사소개 CEO 비전 회사 연혁 협력사 News 솔루션 Smart Factory AI Factory VAS Careers 인재상 조직문화 채용 ESG Contact Home 회사소개 CEO 비전 회사 연혁 협력사 News 솔루션 Smart Factory AI Factory VAS Careers 인재상 조직문화 채용 ESG Contact Hiring Process 채용 함께 성장할 동료를 기다립니다. TEIA는 혁신적인 기술과 사람 중심의 조직문화를 바탕으로 성장하는 회사입니다. 우리는 고객과 사회에 가치를 창출하고, 직원들이 스스로 성장할 수 있는 환경을 만드는 것을 목표로 합니다. 지원방법 STEP 1 온라인 지원서 제출 이력서와 경력기술서를 PDF로 업로드 STEP 2 서류 전형 지원자 경험과 역량 중심으로 검토 STEP 3 면접 전형 실무 면접 + 조직 문화 인터뷰 STEP 4 최종 합격 처우 협의 후 입사 확정 지원방법 STEP 1 온라인 지원서 제출 이력서와 경력기술서를 PDF로 업로드 STEP 2 서류 전형 지원자 경험과 역량 중심으로 검토 STEP 3 면접 전형 실무 면접 + 조직 문화 인터뷰 STEP 4 최종 합격 처우 협의 후 입사 확정 주식회사 테이아 CEO 이춘재 연락처 : 02-6390-6223 메일 : teia_sales@teia.co.kr 주소 : 경기도 과천시 과천대로7길 33 디테크타워 B동 303, 304호 사업자등록번호 : 148-86-00077 Company CEO 비전 회사연혁 협력사 Solution Smart Factory AI Factory VAS Careers 인재상 조직문화 채용 ESG",,,"채용 함께 성장할 동료를 기다립니다. TEIA는 혁신적인 기술과 사람 중심의 조직문화를 바탕으로 성장하는 회사입니다. 우리는 고객과 사회에 가치를 창출하고, 직원들이 스스로 성장할 수 있는 환경을 만드는 것을 목표로 합니다. 지원방법 STEP 1 온라인 지원서 제출 이력서와 경력기술서를 PDF로 업로드 STEP 2 서류 전형 지원자 경험과 역량 중심으로 검토 STEP 3 면접 전형 실무 면접 + 조직 문화 인터뷰 STEP 4 최종 합격 처우 협의 후 입사 확정 지원방법 STEP 1 온라인 지원서 제출 이력서와 경력기술서를 PDF로 업로드 STEP 2 서류 전형 지원자 경험과 역량 중심으로 검토 STEP 3 면접 전형 실무 면접 + 조직 문화 인터뷰 STEP 4 최종 합격 처우 협의 후 입사 확정 주식회사 테이아 CEO 이춘재 연락처 : 02-6390-6223 메일 : teia_sales@teia.co.kr 주소 : 경기도 과천시 과천대로7길 33 디테크타워 B동 303, 304호 사업자등록번호 : 148-86-00077 Company CEO 비전 회사연혁 협력사 Solution Smart Factory AI Factory VAS Careers 인재상 조직문화 채용 ESG 개인정보처리방침 서비스이용약관 © 2025 TEIA. ALL RIGHTS RESERVED 주식회사 테이아 CEO 이춘재 연락처 : 02-6390-6223 메일 : teia_sales@teia.co.kr 주소 : 경기도 과천시 과천대로7길 33 디테크타워 B동 303, 304, 312호 사업자등록번호 : 148-86-00077 © 2025 TEIA. ALL RIGHTS RESERVED Company CEO 비전 회사연혁 협력사 Solution Smart Factory AI Factory VAS Careers 인재상 조직문화 채용 ESG 개인정보처리방침",,,경기,,,,,,active,2026-03-05 18:58:37.947844,2026-03-05 18:58:37.947824,True
263,560,올댓아이엠씨,http://www.allthatcampus.com/careers/culture.html,"CAREERS 문화 복지 채용 우리, 올댓아이엠씨 는 젊게 일합니다. 01 우리는 청년 입니다. 나이에 상관없이 청년다운 열정과 태도로 일합니다. 02 우리는 함께 일 합니다. 혼자보다 서로 함께하는 것이 더 낫다고 믿습니다. 03 우리는 두려워 하지 않습니다. 새로운 도전을 두려워하지 않고, 부딪혀 봅니다. 04 우리는 라인 이 없습니다. 나의 안위를 위해 타인의 힘에 기대지 않습니다. 05 우리는 너, 나를 구분 짓지 않습니다. 내 것을 주장하지 않고, 나누며 함께 성장합니다. 06 우리는 수평적 소통 을 지향합니다. 자유롭고 수평적인 근무 문화를 지향합니다. 07 우리는 성과 로 평가합니다. 고객의 눈높이 그 이상의 성과를 지향합니다. 08 우리는 열린 자세 로 배웁니다. 끊임 없이 성장을 위한 배움을 이어갑니다. 올댓아이엠씨 는 구성원 모두가 성장하고, 올바르게 보상 받으며, 신나게 일할 수 있는 문화와 복지를 지향합니다. ALL THAT GROWTH #개인 성장 지원 발전시키고 싶은 능력 함양을 위한 사내 강의료, 기자재 구입 등 지원 #도서구입비 지원 매 월 최대 3권까지 업무관련 도서구입비 지원 #ALLCAM Morning 매주 월요일 아침 모든 구성원이 모여 프로젝트를 리뷰하고 지식을 나누는 시간 ALL THAT REWARD #성과 평가 개인별 기여도를 고려한 성과평가 및 연봉협상 진행 #성과금 인센티브 지급 및 장기근속자 포상 #국가지원 제도 내일채움공제, 재직자채움공제, 중소기업 전세대출 등 적극지원 ALL THAT REST #휴가 제도 샌드위치 휴무, 장기근속자 격리 휴가 생일 반차 등 각종 경조 휴가 #연차 사용 자유로운 연차사용 분위기 (업무 지장 없을 시 장기 휴가도 OK) #야근 지원 심야 야근 후 익일 탄력근무제, 야근 식대 및 택시비 지원 ALL THAT CULTURE #사내동아리 지원 사내동아리 활동 시 비용 지원 직급에 상관없이 누구나 사내동아리 창설 가능 #복장 자율 복장 착용 (고객사 미팅 및 행사 시 제외) #전시관람 지원 매 월 1회 근무시간 활용하여 서울內 전시회 관람 지원 올댓아이엠씨 는 언제나 반짝입니다. 채용공고 확인하러 가기 >",,,,"도서구입비, 식대",,서울,,,,,,active,2026-03-05 18:58:57.615061,2026-03-05 18:58:57.615042,True
264,566,채용안내,https://www.dohwa.co.kr/recruit/procedure,"주요메뉴 바로가기 컨텐츠 바로가기 도화엔지니어링 회사소개 Overview Vision People History CSR Contact us 사업소개 Overview Project 투자정보 경영정보 재무정보 전자공고 및 공시 IR 자료실 주식 및 주주정보 홍보센터 CI소개 최신뉴스 기업브로슈어 홍보영상 채용정보 채용안내 직무소개 채용지원 KOR KOR ENG ESP MENU RECRUIT 채용안내 Scroll 채용안내 직무소개 채용지원 05 RECRUIT DOHWA ENGINEERING 채용절차 직무소개 복리후생 최고 전문가 집단의 열정과 패기를 가진 구성원을 모십니다. 채용지원 바로가기 채용절차 01 서류전형 당사 소정 양식 인적성 검사 (해당 분야 별도 공지) 02 실무면접 전공면접 영어면접 03 경영진 면접 04 채용검진 후 최종합격 *지원부서나 지원 시기에 따라 세부 절차는 변동이 있을 수 있으니 자세한 내용은 각 채용 공고를 통해 확인하여 주시기 바랍니다. CAREER 채용지원 도화와 함께 세계인의 미래를 디자인할 여러분의 도전을 기다리고 있습니다. BUSINESS 사업소개 국내 · 외 토목건설 엔지니어링 분야의 선두주자, 도화엔지니어링의 다양한 프로젝트를 만나보세요. 맨위로가기 서울특별시 강남구 삼성로 438 (#06178) 대표전화 02-6323-3000 개인정보 처리방침 윤리경영 제보라인 DOHWA Engineering Co., LTD.",,,,,,서울,,,,,,active,2026-03-05 18:59:01.422237,2026-03-05 18:59:01.422217,True
265,593,새소식 및 채용 정보,https://octasolution.co.kr/support/news.php,새소식 및 채용 정보 홈 고객지원 새소식 및 채용 정보 새소식 및 채용 정보 No. 제목 조회수 날짜 8 2024년 옥타솔루션 유저 컨퍼런스 3752 24-10-16 7 개발자 채용공고 3770 23-02-01 6 PM 채용공고 3764 23-02-01 5 제3자 배정 유상증자 신주발행 공고 3746 19-08-12 4 핀테크사업자를 위한 AML/RBA조찬세미나 성황리에 종료 5518 18-03-19 3 핀테크사업자를 위한 AML/RBA 조찬세미나룸 변경 공지 3744 18-03-08 2 핀테크사업자를 위한 AML/RBA 조찬세미나 안내( 일시: 2018.3.16 07:00 - 09:00 ) 3738 18-03-05 1 새소식 및 채용정보 게시판입니다. 3742 17-11-20 1,,,,,,,,,,,,active,2026-03-05 18:59:07.171766,2026-03-05 18:59:07.171747,True
266,612,Service,https://thehsoft.com/service/process.html,"회사소개 CEO 인사말 비전&서비스 연혁 사업영역 모바일진료 모바일간호 환자용앱 Bedside 전광판 ESL 운영서비스 추진성과 비즈니스파트너 수상내역 인증내역 고객서비스 인재영입 채용절차 FAQ 오시는 길 회사소개 CEO 인사말 비전&서비스 연혁 사업영역 모바일진료 모바일간호 환자용앱 Bedside 전광판 ESL 운영서비스 추진성과 비즈니스파트너 수상내역 인증내역 고객서비스 인재영입 채용절차 FAQ 오시는 길 더에이치소프트 회사소개 CEO 인사말 비전&서비스 연혁 사업영역 모바일진료 모바일간호 환자용앱 Bedside 전광판 ESL 운영서비스 추진성과 비즈니스파트너 수상내역 인증내역 고객서비스 인재영입 채용절차 FAQ 오시는 길 Service 지금까지의 노력과 성과를 기반으로 앞으로도 바르게 성장하는 가치 서비스를 제공하겠습니다. 인재영입 채용절차 FAQ 오시는 길 채용절차 접수방법 및 제출 서류 모집안내 제출서류 · 이력서 · 경력기술서 · 최종근무지 근로소득원천징수영수증, 자격증 사본 (합격 시) · ※ 디자이너의 경우 포트폴리오 필수 제출 기타사항 · 서류제출처 : info@thehsoft.com · 서류전형 합격 시 면접 일정은 추후 통보합니다. top 오시는길 서울시 서초구 서초대로 286 서초프라자 708호 (교대역 9번 출구)",,,,,,서울,,,,,,active,2026-03-05 18:59:19.935112,2026-03-05 18:59:19.935096,True
267,612,Service,https://thehsoft.com/service/recruit.html,"더에이치소프트에서 인재를 모십니다. 응용프로그램개발 자격요건 · 학력 : 대졸이상(4년) · 경력 : 신입/경력 3년 이상 · 성별 : 무관 우대조건 · HTML5, X-Platform, Node.js, Javascript · Spring Framework 경험자 · X-Platform 구현 경험자 · 관련분야 자격증 보유자 · 병원업무 관련 프로그램 유경험자 디자이너(경력) 자격요건 · 학력 : 대졸이상(4년) · 경력 : 경력 3년 이상 · 성별 : 무관 필수조건 · 퍼블리싱(html, css) 가능자 · 반응형 웹에 대한 이해도 보유자 · 디자인/개발 프로세스 이해 우수자 · 포트폴리오 필수 첨부 · 제출 : help@thehsoft.com 우대조건 · 관련 프로젝트 참여 경험자 · 관련분야 자격증 보유자 · PowerPoint 작성 가능자 근무조건 근무형태 · 정규직(수습2개월/신입의경우 3개월) · 근무지:서울시 서초구 서초대로 286 서초프라자 708호 · 근무요일 : 주5일( 09:00~18:00) · 급여 : 회사 내규에 따름(면접 후 결정) 기타 · 연금/보험 : 4대보험 · 휴무 : 법정공휴일 휴무 · 복장 : 자유복장","· 학력 : 대졸이상(4년) · 경력 : 신입/경력 3년 이상 · 성별 : 무관 우대조건 · HTML5, X-Platform, Node.js, Javascript · Spring Framework 경험자 · X-Platform 구현 경험자 · 관련분야 자격증 보유자 · 병원업무 관련 프로그램 유경험자 디자이너(경력) 자격요건 · 학력 : 대졸이상(4년) · 경력 : 경력 3년 이상 · 성별 : 무관 필수조건 · 퍼블리싱(html, css) 가능자 · 반응형 웹에 대한 이해도 보유자 · 디자인/개발 프로세스 이해 우수자 · 포트폴리오 필수 첨부 · 제출 : help@thehsoft.com 우대조건 · 관련 프로젝트 참여 경험자 · 관련분야 자격증 보유자 · PowerPoint 작성 가능자 근무조건 근무형태 · 정규직(수습2개월/신입의경우 3개월) · 근무지:서울시 서초구 서초대로 286 서초프라자 708호 · 근무요일 : 주5일( 09:00~18:00) · 급여 : 회사 내규에 따름(면접 후 결정) 기타 · 연금/보험 : 4대보험 · 휴무 : 법정공휴일 휴무 · 복장 : 자유복장","조건 · HTML5, X-Platform, Node.js, Javascript · Spring Framework 경험자 · X-Platform 구현 경험자 · 관련분야 자격증 보유자 · 병원업무 관련 프로그램 유경험자 디자이너(경력) 자격요건 · 학력 : 대졸이상(4년) · 경력 : 경력 3년 이상 · 성별 : 무관 필수조건 · 퍼블리싱(html, css) 가능자 · 반응형 웹에 대한 이해도 보유자 · 디자인/개발 프로세스 이해 우수자 · 포트폴리오 필수 첨부 · 제출 : help@thehsoft.com 우대조건 · 관련 프로젝트 참여 경험자 · 관련분야 자격증 보유자 · PowerPoint 작성 가능자 근무조건 근무형태 · 정규직(수습2개월/신입의경우 3개월) · 근무지:서울시 서초구 서초대로 286 서초프라자 708호 · 근무요일 : 주5일( 09:00~18:00) · 급여 : 회사 내규에 따름(면접 후 결정) 기타 · 연금/보험 : 4대보험 · 휴무 : 법정공휴일 휴무 · 복장 : 자유복장",,,,서울,정규직,,,,,active,2026-03-05 18:59:20.282262,2026-03-05 18:59:20.282245,True
268,648,채용 :: 오아시스비즈니스,https://oasisbusiness.co.kr/careers,"프롭핀테크 업계로 JUMP-UP 하실 인재를 모십니다. 오아시스비즈니스는 부동산(Property)과 금융(Finance) 산업을 기술(Technoloygy)로 해결하고자 하는 프롭핀테크(PropFinTech) 스타트업입니다. Growth 성장 잠재력 Growth 성장 잠재력 Strategy 전략적 투자 Strategy 전략적 투자 Valuation 기업가치 상승 Valuation 기업가치 상승 Partnership 파트너십 구축 Partnership 파트너십 구축 지금 채용 중인 포지션 보러 가기 프롭핀테크 업계로 JUMP-UP 하실 인재를 모십니다. 오아시스비즈니스는 부동산(Property)과 금융(Finance) 산업을 기술(Technoloygy)로 해결하고자 하는 프롭핀테크(PropFinTech) 스타트업입니다. Growth 성장 잠재력 Growth 성장 잠재력 Strategy 전략적 투자 Strategy 전략적 투자 Valuation 기업가치 상승 Valuation 기업가치 상승 Partnership 파트너십 구축 Partnership 파트너십 구축 지금 채용 중인 포지션 보러 가기 채용 프로세스 서류 전형 업무 경험 및 직무 역량을 알 수 있는 자유 형식의 포트폴리오 제출 출 1차 면접(실무진) 제출한 자기소개서와 포트폴리오 기반의 실무 면접 진행 2차 면접(대표이사) 필요시 임원진 최종 면접 진행되며, 일부 직군은 생략됨 최종 합격 및 처우 협의 인사 담당자를 통해 입사 일정 및 입사 전 준비 사항 등 안내 출 지금 지원하기 채용 프로세스 서류 전형 업무 경험 및 직무 역량을 알 수 있는 자유 형식의 포트폴리오 제출 출 1차 면접(실무진) 제출한 자기소개서와 포트폴리오 기반의 실무 면접 진행 2차 면접(대표 이사) 필요시 임원진 최종 면접 진행되며, 일부 직군은 생략됨 최종합격 및 처우협의 인사 담당자를 통해 입사 일정 및 입사 전 준비 사항 등 안내 지금 지원하기 복리후생 안내 시차 출퇴근제 점심 식대 지급 야근 수당 지급 자기개발비 지원 반기당 인센티브 지급 복리후생 안내 시차 출퇴근제 유연한 출근 시간(08:00~10:00)으로, 팀원들과의 협업 관계 속에서 자신이 일하는 시간을 스스로 설정해 나갈 수 있습니다. 점심 식대 지급 비플페이 식권 앱을 사용중입니다. 제로페이가 되는 곳이라면 어디에서든 점심식사가 가능합니다. 야근 수당 지급 불가피한 야근이 생긴다면 야근 수당(연장 근로 수당)을 지원합니다. 자기개발비 지원 구성원의 지식이나 재능을 발달하게 하는 모든 자기개발 활동을 아낌없이 지원해드립니다. 반기당 인센티브 지급 6개월에 한번씩 성과 평가 진행 후 연봉의 최대 5% 인센티브를 지급합니다. Apply to join Team OASIS! 오아시스비즈니스와 함께 건설부동산 시장을 혁신하고 함께 성장해나갈 인재를 모십니다. 채용 지원하기 Apply to join Team OASIS! 오아시스비즈니스와 함께 건설부동산 시장을 혁신하고 함께 성장해나갈 인재를 모십니다. 채용 지원하기 Solution AI Data Voucher Cloud Voucher Open API Contact Careers © 주식회사 오아시스 비즈니스 대표이사 문욱 | 개인정보책임자 이석찬 | 사업자등록번호 194-87-01232 통신판매업신고번호 제2020-서울성동-01163호 본사 서울시 성동구 아차산로38. 2층(성수동1가, 개풍빌딩) 연구소 서울시 강남구 선릉로 667. 5층(논현동, 라이즈스퀘어) 서비스문의 info@oasisbusiness.co.kr | 고객센터 02-456-0990 서비스 이용 약관 | 개인정보 처리방침 Solution AI Data Voucher Cloud Voucher Open API Contact Careers © 주식회사 오아시스비즈니스 | 대표이사 문욱 | 개인정보책임자 이석찬 | 사업자등록번호 194-87-01232 | 통신판매업신고번호 제2020-서울성동-01163호 | 본사 서울시 성동구 연무장5가길25, 415-H12 (성수동2가, 성수역 SK V1 Tower) | 연구소 서울시 강남구 학동로 318. 3층(논현동, 유경빌딩 별관) | 서비스문의 info@oasisbusiness.co.kr | 고객센터 02-456-0990 서비스 이용 약관 | 개인정보 처리방침",,,,식대,,서울,,,,,,active,2026-03-05 18:59:34.445431,2026-03-05 18:59:34.445412,True
269,676,Recruit,https://medicalai.com/ko/recruit/?recruit_id=2,"Overview AiTiA ECG Center AiTiA ECG Triage AiTiA Series HeartSafe Recruit 진행중인 채용 공고가 2건 있습니다. 상시채용 R&D Center AI Group 상시채용 Data Science MEDICAL GROUP 모집인원 1명 채용포지션 메디컬그룹 DS(Data Science)팀 연구원 직위 연구원 필요 경력 신입지원가능 직무내용 심전도 기반 AI 데이터 분석 및 연구 전반을 주도합니다. · 임상 데이터 정제 및 분석 코호트 구축 - 임상 데이터를 수집하고 정제하며, 연구 목적에 맞는 분석용 데이터셋 구성 - 전자의무기록(EMR), 심전도(ECG), 심초음파(Echo), 혈액검사 등 다양한 의료 데이터를 수집, 정제, 통합 - 연구 목적에 맞는 분석용 코호트 및 테이블 구성 - 데이터 결측치 처리, 변수 전처리, 라벨링 등 분석 준비 업무 수행 · AI 기반 심전도 모델 개발 및 연구 - 자체 파이프라인을 활용한 ECG 신호 기반 딥러닝/머신러닝 모델 실험 및 성능 평가, 결과 분석 - 데이터 라벨링 전략 수립 및 품질 관리 - AI-ECG 모델의 다양한 임상 검증 연구 · 의료 데이터 기반 통계 분석 및 논문화 - 연구 데이터 분석 및 시각화 - 생존분석, 회귀분석 등 의학 통계 분석 수행 - 국내/외 학술지 투고 및 학회 발표용 초록 작성 등 연구 주도적 참여 · 유관 부서 프로젝트 협업 - AI 엔지니어, 기획/디자인 등 조직 내 다양한 팀과 협업하여 데이터 기반 의사결정 지원 우대사항 · PubMed 등재 국제학술지 논문 게재 실적 보유자(주저자·공동저자 포함) · 의료정보학, 디지털 헬스케어, 보건통계 등 관련 전공자 · 의료·헬스케어 데이터 기반 연구 과제 및 임상 연구 참여 경험분 · 전자의무기록(EMR), 심전도(ECG) 등 의료 도메인 데이터 구조에 대한 이해 지원 자격 · 석사 이상 학위 보유자 · R 또는 Python을 활용한 데이터 분석 및 시각화 활용 능력 · 기초 통계분석 (t-test, chi-square, 회귀분석 등)에 대한 이해와 적용 가능 수습기간 3개월 고용형태 정규직 면접형태 대면/온라인: 대면 전형절차 서류 전형 ➜ 실무자 면접(팀장) ➜ 사전 과제/실무 테스트 ➜ 임원진 면접(본부장, 그룹장) ➜ 최종 합격 지원 안내 · 지원서류: 경력 및 자기소개서 · 접수 및 문의: kangsora39@medicalai.com",,"· PubMed 등재 국제학술지 논문 게재 실적 보유자(주저자·공동저자 포함) · 의료정보학, 디지털 헬스케어, 보건통계 등 관련 전공자 · 의료·헬스케어 데이터 기반 연구 과제 및 임상 연구 참여 경험분 · 전자의무기록(EMR), 심전도(ECG) 등 의료 도메인 데이터 구조에 대한 이해 지원 자격 · 석사 이상 학위 보유자 · R 또는 Python을 활용한 데이터 분석 및 시각화 활용 능력 · 기초 통계분석 (t-test, chi-square, 회귀분석 등)에 대한 이해와 적용 가능 수습기간 3개월 고용형태 정규직 면접형태 대면/온라인: 대면 전형절차 서류 전형 ➜ 실무자 면접(팀장) ➜ 사전 과제/실무 테스트 ➜ 임원진 면접(본부장, 그룹장) ➜ 최종 합격 지원 안내 · 지원서류: 경력 및 자기소개서 · 접수 및 문의: kangsora39@medicalai.com","서류 전형 ➜ 실무자 면접(팀장) ➜ 사전 과제/실무 테스트 ➜ 임원진 면접(본부장, 그룹장) ➜ 최종 합격 지원 안내 · 지원서류: 경력 및 자기소개서 · 접수 및 문의: kangsora39@medicalai.com",,,,정규직,,,,,active,2026-03-05 18:59:47.826422,2026-03-05 18:59:47.826235,True
270,676,Recruit,https://medicalai.com/ko/recruit/?recruit_id=1,Overview AiTiA ECG Center AiTiA ECG Triage AiTiA Series HeartSafe Recruit 진행중인 채용 공고가 2건 있습니다. 상시채용 R&D Center AI Group 지원 기간 상시채용 직무 상세 · 최신 생체신호 관련 AI 기술 논문 서베이를 통한 연구 동향 파악 · 생체신호 데이터를 활용한 질병 진단 AI 모델 개발 및 분석 · 논문 투고 및 학회 발표를 통한 사내 기술 역량 고도화 지원 자격 · PyTorch 등 딥러닝 프레임워크에 익숙하신 분 · 논리적 사고와 자유로운 의견 교류가 가능한 분 · 문제 해결을 위한 도전적인 태도를 지닌 분 · 협업과 원활한 커뮤니케이션을 중시하시는 분 우대사항 · 생체신호(Time-series) 데이터를 활용한 연구 또는 서비스 개발 경험 · LLM을 활용한 심전도 관련 연구 또는 서비스 개발 경험 · SCI급 저널 및 주요 국제 학회 논문 게재 경험 · 컴퓨터공학등 관련 분야 석사 이상 학위 보유자 채용 절차 1. 서류 전형 2. 1차 면접 3. 2차 면접 4. 임원 면접 5. 최종 합격 및 처우 협의 근무 조건 · 고용 형태: 정규직 (필요 시 인턴십 후 정규직 전환 가능) · 근무 제도: 주 5일 / 일 8시간 자율 유연근무제 · 급여 조건: 면접 후 협의 지원 안내 · 지원서류: 경력 및 자기소개서 · 접수 및 문의: boboy18@medicalai.com 상시채용 Data Science MEDICAL GROUP,,· 생체신호(Time-series) 데이터를 활용한 연구 또는 서비스 개발 경험 · LLM을 활용한 심전도 관련 연구 또는 서비스 개발 경험 · SCI급 저널 및 주요 국제 학회 논문 게재 경험 · 컴퓨터공학등 관련 분야 석사 이상 학위 보유자 채용 절차 1. 서류 전형 2. 1차 면접 3. 2차 면접 4. 임원 면접 5. 최종 합격 및 처우 협의 근무 조건 · 고용 형태: 정규직 (필요 시 인턴십 후 정규직 전환 가능) · 근무 제도: 주 5일 / 일 8시간 자율 유연근무제 · 급여 조건: 면접 후 협의 지원 안내 · 지원서류: 경력 및 자기소개서 · 접수 및 문의: boboy18@medicalai.com 상시채용 Data Science MEDICAL GROUP,1. 서류 전형 2. 1차 면접 3. 2차 면접 4. 임원 면접 5. 최종 합격 및 처우 협의,,,,정규직,급여 조건: 면접 후 협의,,,,active,2026-03-05 18:59:48.237537,2026-03-05 18:59:48.237519,True
271,734,사이트맵,http://www.sejongict.com/recruitment.do,"커뮤니티 인재채용 커뮤니티 자료실 견적 및 문의 FAQ 인재채용 인재채용 인재상 기술 창의와 혁신 Technology Creativity and Innovation 기술에 대한 창의적 사고와 혁신을 통해 기술 품질을 높입니다. 자기 개발과 성장 Self-development and growth 긍정적 마인드로 꾸준한 자기 개발을 통해 기업과 동반성장을 실현합니다. 조직 협력과 소통 Organizational cooperation and communication 최고의 실력과 팀웍으로 조직의 협력과 소통을 선도합니다. 고객 감동과 신뢰 Customer Impression and Trust 고객에게 최고 품질의 서비스로 감동과 신뢰를 제공합니다. 채용안내 입사지원 공지사항 입사지원서로 입사지원 하실수 있습니다. 서류전형 지원자 이력과 경력을 종합적으로 심사합니다. 면접전형 지원자의 역량과 역할, 적성과 인성을 면접을 통해 평가합니다. 신체검사 건강 검진을 통한 근무 가능여부를 판단합니다. 최종합격 모든 전형을 통과한 지원자에게 최종합격 통보 후 채용합니다. 인사제도 채용 정규직 원칙, 계약직(프로젝트성 계약직) 급여 연봉제(추가 년간 성과 인센티브 협의) 평가 개인 역량 및 업적 평가 근무 일근직(주5일제) / 법정공휴일 휴무 복지 4대 보험 및 퇴직금 연차휴가 하계특별휴가 건강검진 상조회 운영 및 동호회 지원 기술사, 기능장 등 자격분야 지원 분기 및 년간 성과자 포상 평가에 따른 연봉제 재협상 제도",,,,건강검진,,,정규직,급여 연봉제(추가 년간 성과 인센티브 협의,,,,active,2026-03-05 18:59:59.360576,2026-03-05 18:59:59.360558,True
272,808,지오케이,http://www.goks.co.kr/31,"알림 뒤로 알림 설정 뒤로 더보기 게시물 알림 내 글 반응 내가 작성한 게시물이나 댓글에 다른 사람이 댓글이나 답글을 작성하면 알려줍니다. 공지사항 사이트에서 보내는 중요한 공지를 실시간으로 알려줍니다. 회사소개 CEO 인사말 연혁 비전 사업분야 주요실적 사업실적 인증 및 증명서 고객센터 오시는 길 문의하기 인재모집 인재상 채용공고 회사소개 CEO 인사말 연혁 비전 사업분야 주요실적 사업실적 인증 및 증명서 고객센터 오시는 길 문의하기 인재모집 인재상 채용공고 지오케이는 도전과 성취를 함께할 역량있는 인재 를 기다리고 있습니다 지오케이는 도전과 성취를 함께할 역량있는 인재 를 기다리고 있습니다 채용절차 전 세계를 무대로 활동하며, 글로벌 리더로 성장할 수 있는 기회를 제공합니다 1차 면접 (온라인 모집) 지원서 서류전형 2차 면접 (서류 합격자에 한함) 오프라인 장소: 지오케이 본사 채용 Q&A 궁금한 점이 있으신가요? 언제든지 답변해 드리겠습니다 지원서 제출 후 결과는 언제 알 수 있나요? 지원서 제출 후 약 2주 이내에 서류 심사 결과를 안내해 드립니다. 각 단계별 결과는 최대한 신속하게 안내해 드리며, 최종 결과는 모든 면접이 완료된 후 통보해 드립니다. 회사의 문화와 분위기는 어떤가요? 지오케이는 개방적이고 협력적인 문화를 지향합니다. 모든 직원이 자유롭게 의견을 나누고 협력하며, 함께 성장하는 분위기를 조성하고 있습니다. 우리는 모두가 서로를 존중하고, 팀워크를 중시합니다. 추가로 궁금한 사항이 있으면 어떻게 하나요? 추가로 궁금한 사항이 있으시면 언제든지 지오케이 채용 담당자에게 문의해 주세요. 채용 페이지에 있는 이메일을 통해 질문을 남기시면 신속하게 답변 드리겠습니다. 채용 문의 지오케이는 도전과 성장을 추구하는 인재를 기다리고 있습니다 지오케이 는 신뢰할 수 있는 보안 솔루션을 제공하며, 함께 미래를 설계할 인재를 찾고 있습니다 지오케이와 도전을 즐기고 성취를 함께 나눌 수 있는 인재를 기다리고 있습니다. 혁신을 주도할 창의적이고 열정적인 인재라면 지오케이와 변화를 만들어보세요. 채용절차 전 세계를 무대로 활동하며, 글로벌 리더로 성장할 수 있는 기회를 제공합니다. 1차 면접 (온라인 모집) 지원서 서류전형 2차 면접 (서류 합격자에 한함) 오프라인 장소: 지오케이 본사 채용 Q&A 궁금한 점이 있으신가요? 언제든지 답변해 드리겠습니다. 지원서 제출 후 결과는 언제 알 수 있나요? 지원서 제출 후 약 2주 이내에 서류 심사 결과를 안내해 드립니다. 각 단계별 결과는 최대한 신속하게 안내해 드리며, 최종 결과는 모든 면접이 완료된 후 통보해 드립니다. 회사의 문화와 분위기는 어떤가요? 지오케이는 개방적이고 협력적인 문화를 지향합니다. 모든 직원이 자유롭게 의견을 나누고 협력하며, 함께 성장하는 분위기를 조성하고 있습니다. 우리는 모두가 서로를 존중하고, 팀워크를 중시합니다. 추가로 궁금한 사항이 있으면 어떻게 하나요? 추가로 궁금한 사항이 있으시면 언제든지 지오케이 채용 담당자에게 문의해 주세요. 채용 페이지에 있는 이메일을 통해 질문을 남기시면 신속하게 답변 드리겠습니다. 채용 문의 지오케이는 도전과 성장을 추구하는 인재를 기다리고 있습니다. 지오케이 는 신뢰할 수 있는 보안 솔루션을 제공하며, 함께 미래를 설계할 인재를 찾고 있습니다. 지오케이와 도전을 즐기고 성취를 함께 나눌 수 있는 인재를 기다리고 있습니다. 혁신을 주도할 창의적이고 열정적인 인재라면 지오케이와 변화를 만들어보세요. (주) 지오케이 사업자 등록번호 : 263-86-02525 본 사 : 경기도 고양시 덕양구 삼원로 63, 8층 806~809호, 826호 세종지사 : 세종특별자치시 갈매로 364, 2014호 전화번호 : 031-994-6771 이메일 : goks@goks.co.kr FAX : 031-994-6772 CS CENTER 031-994-6771 주중 오전10시 - 오후 6시",,,,,,경기,,,,,,active,2026-03-05 19:01:14.982409,2026-03-05 19:01:14.982293,True
273,812,제이쓰리씨 채용공고,https://www.j3c.co.kr/shop_contents/myboard_read.htm?load_type=&page_idx=0&tag_on=&h_search_c=0&h_search_v=&me_popup=&myboard_code=em_recruit&page_limit=10&idx=1203291&page=1&category_idx=,"채용공고 신입/인턴/장학생 3D 모듈러 채용 접수기간 2023-11-01~2023-12-31 담당업무 3D 객체 모델링 및 텍스쳐 맵핑 하이/로우폴리 3D 디자인 및 모델링 자격요건 신입/경력1년이상 지원 가능 모델링 포트폴리오 첨부 필수 3D 모델링, 텍스처 수정 및 맵핑 등이 가능한 툴에 대한 사용 경험 우대사항 Unity3D, Unreal 등 과의 협업 경험이 있으신분 참고사항 채용마감시 마감 종료됩니다. 제출서류 이력서, 자기소개서, 포트폴리오 접수방법 홈페이지 지원 전형절차 접수 > 1차 면접 > 2차 면접 문의처 02-2038-0240 기타 유의사항 *대전거주자 우선 채용 - 서울, 부산 지원 가능 이전 글 다음 글 목록 지원하기 제이쓰리씨 회사소개 J3C 소개 주요 연혁 회사위치 인증/특허 사업영역 국방 M&S AR·VR·XR Simulator Digital Twin 보유기술 구축 사례 주요 실적 현황 회사소식 보도자료 공지사항 고객사 및 파트너사 고객지원 문의하기 채용공고 브로셔 언어선택 KOR ENG","신입/경력1년이상 지원 가능 모델링 포트폴리오 첨부 필수 3D 모델링, 텍스처 수정 및 맵핑 등이 가능한 툴에 대한 사용 경험 우대사항 Unity3D, Unreal 등 과의 협업 경험이 있으신분 참고사항 채용마감시 마감 종료됩니다. 제출서류 이력서, 자기소개서, 포트폴리오 접수방법 홈페이지 지원 전형절차 접수 > 1차 면접 > 2차 면접 문의처 02-2038-0240 기타 유의사항 *대전거주자 우선 채용 - 서울, 부산 지원 가능 이전 글 다음 글 목록 지원하기 제이쓰리씨 회사소개 J3C 소개 주요 연혁 회사위치 인증/특허 사업영역 국방 M&S AR·VR·XR Simulator Digital Twin 보유기술 구축 사례 주요 실적 현황 회사소식 보도자료 공지사항 고객사 및 파트너사 고객지원 문의하기","Unity3D, Unreal 등 과의 협업 경험이 있으신분 참고사항 채용마감시 마감 종료됩니다. 제출서류 이력서, 자기소개서, 포트폴리오 접수방법 홈페이지 지원 전형절차 접수 > 1차 면접 > 2차 면접 문의처 02-2038-0240 기타 유의사항 *대전거주자 우선 채용 - 서울, 부산 지원 가능 이전 글 다음 글 목록 지원하기 제이쓰리씨 회사소개 J3C 소개 주요 연혁 회사위치 인증/특허 사업영역 국방 M&S AR·VR·XR Simulator Digital Twin 보유기술 구축 사례 주요 실적 현황 회사소식 보도자료 공지사항 고객사 및 파트너사 고객지원 문의하기","접수 > 1차 면접 > 2차 면접 문의처 02-2038-0240 기타 유의사항 *대전거주자 우선 채용 - 서울, 부산 지원 가능 이전 글 다음 글 목록 지원하기 제이쓰리씨 회사소개 J3C 소개 주요 연혁 회사위치 인증/특허 사업영역 국방 M&S AR·VR·XR Simulator Digital Twin 보유기술 구축 사례 주요 실적 현황 회사소식 보도자료 공지사항 고객사 및 파트너사 고객지원 문의하기 채용공고 브로셔 언어선택 KOR ENG",,,서울,인턴,,,,,active,2026-03-05 19:01:18.494659,2026-03-05 19:01:18.494644,True
274,845,시설장 요양방문사 채용공고,http://sir.or.kr/%ea%b3%b5%ec%a7%80%ec%82%ac%ed%95%ad/?vid=32,"주요업무 시설장 1 명 정규직 사회복지사 자격증 소지자 및 관련 경력 3 년 이상 등 ( 재가시설 운영 경험자 우대 ) 기관 실무총괄 운영 요양보호사 00 명 정규직 , 계약직 요양보호사 1 급 또는 2 급 자격증 소지자 수급자 가정 방문 , 신체활동 · 가사 · 정서지원 등 3. 근무조건 구분 내용 근무시간 시설장 : 주 5 일 (09:00~18:00) 요양보호사 : 수급자 일정에 따른 탄력근무 (1 일 3~6 시간 ) 근무장소 은평구 일대 수급자 가정 임금수준 시설장 : 월 230 만원 ( 경력에 따라 협의 가능 ) 요양보호사 : 최소 시간당 12,700 원 이상 ( 등급별 차등지급 , 수당포함 )",,,,,,,,,,,,active,2026-03-05 19:01:26.679269,2026-03-05 19:01:26.679252,True
275,854,채용 정보,http://www.h2tech.kr/recruitment.html#job-2,"자격 요건 모집분야 프로그램 개발 접수기간 및 방법 제출서류 자격요건 -학력: 대졸이상 (졸업예정자 가능) -학력: 대졸이상 (졸업예정자 가능) -학력: 대졸이상 (졸업예정자 가능) -학력: 대졸이상 (졸업예정자 가능) -S/W(WEB, C/S) 개발에 관심이 많은 개발자 -JAVA / WEB 프로그램(javascript 필수) -경력,신입 우대사항 -C, C++, MFC, GCC 경험자 -전자정부 프레임워크, 스프링 가능자 -스스로 SW를 개발해본 유경험자 -관련 학과 전공자 -Python 개발 가능자 -정보처리기사 자격증 기간: 충원시까지 방법: 이메일 지원 -이력서, 자기소개서, 포트폴리오 제출 -최종 합격 후 주민등록 등본 제출 (허위 사실이 발견 될 경우 채용이 취소될 수 있습니다.) 채용 절차 서류심사 신입/경력 관계 없이 입사지원 양식에 맞게 이력서 작성 후 입사지원 실무진 면접 직무에 적합한 지원자의 역량과 인성, 가치관 및 발전가능성을 종합적으로 심사 임원진 면접 조직과 직무에 적합한 인재를 최종 선발 채용확정 개별 유선통화 및 E-mail, SNS를 통한 결과 안내",,,,,,,,,,,,active,2026-03-05 19:01:27.667594,2026-03-05 19:01:27.667569,True
276,854,자격 요건,http://www.h2tech.kr/recruitment.html#job-3,"모집분야 프로그램 개발 접수기간 및 방법 제출서류 자격요건 -학력: 대졸이상 (졸업예정자 가능) -학력: 대졸이상 (졸업예정자 가능) -학력: 대졸이상 (졸업예정자 가능) -학력: 대졸이상 (졸업예정자 가능) -S/W(WEB, C/S) 개발에 관심이 많은 개발자 -JAVA / WEB 프로그램(javascript 필수) -경력,신입 우대사항 -C, C++, MFC, GCC 경험자 -전자정부 프레임워크, 스프링 가능자 -스스로 SW를 개발해본 유경험자 -관련 학과 전공자 -Python 개발 가능자 -정보처리기사 자격증 기간: 충원시까지 방법: 이메일 지원 -이력서, 자기소개서, 포트폴리오 제출 -최종 합격 후 주민등록 등본 제출 (허위 사실이 발견 될 경우 채용이 취소될 수 있습니다.)",,,,,,,,,,,,active,2026-03-05 19:01:27.675568,2026-03-05 19:01:27.675553,True
277,854,채용 절차,http://www.h2tech.kr/recruitment.html#job-4,"서류심사 신입/경력 관계 없이 입사지원 양식에 맞게 이력서 작성 후 입사지원 실무진 면접 직무에 적합한 지원자의 역량과 인성, 가치관 및 발전가능성을 종합적으로 심사 임원진 면접 조직과 직무에 적합한 인재를 최종 선발 채용확정 개별 유선통화 및 E-mail, SNS를 통한 결과 안내",,,,,,,,,,,,active,2026-03-05 19:01:27.678456,2026-03-05 19:01:27.678445,True
278,861,SCM 사업부 신규 인력 채용,https://ls-thirautech.com/recruitment/?uid=111&mod=document&pageid=1,"채용정보 LS티라유텍은 직원과 함께 미래를 만들어 나갑니다 꿈과 열정, 긍정적인 마인드로 조직과 함께 성장할 당신을 기다립니다 인재상 복리후생 인재상 자신의 능력과 열정으로 역량을 키워 회사의 핵심인력으로 성장할 당신을 기다립니다. 업무에 대한 전문적인 지식을 갖추고 지속적인 학습과 성장을 통하여 회사와 개인의 공통 목표를 위해 노력하는 인재 긍정적인 사고를 갖추고 티라유텍의 열정, 역량, 배려의 덕목을 성실히 수행하여 사회에 공헌 할 수 있는 인재 성공을 확신하는 열정적인 자세로 새로운 변화에 적극적으로 대처/주도하고 최고를 위해 끊임없이 도전하는 인재 다양성을 존중하고 포용하는 마음으로 나보다는 상대방을 위해 생각하고, 보다 나은 미래를 위해 팀워크 할 수 있는 인재 열정 배려 역량 올바른 가치관 복리후생 Great Work Place 장기근속 포상 명절 귀성비 및 선물 자녀수당 건강수당 체육대회 및 야유회 지원 기숙사 퇴직연금 Work & Life Balance 경조휴가 및 경조금 자기계발 지원 학위취득 축하금 산전휴가 및 육아휴직 연차(반차) 휴가 Health Cart & Insurance 본인 종합건강검진 4대보험 채용공고 01. 입사지원 02. 서류심사 03. 면접심사 (필요시 2차면접 진행) 04. 결과통보 SCM 사업부 신규 인력 채용 접수마감 Author 경영기획팀 1 Date 2021-10-08 16:13 Views 2743 안녕하세요. 티라유텍에서 SCM 사업부 신규 인력을 모집하고 있습니다. 담당업무 : 채용분야 필수자격요건 우대 모집인원 연봉 SCM 제품파트 1. SQL (Oracle, SQL Server, ANSI SQL) 2. Web Development (HTML, javascript) 3. JAVA 경력 : 4년 이하 학력 : 대졸(2,3년) 이상 1. 산업공학 전공자 2. SCM경력자 0 명 협의 후 결 정 SCM 수행그룹 1. JAVA 2. SQL - PL/SQL, T-SQL 포함 (Oracle, SQL Server) 경력 : 5~11년 학력 : 대졸(2,3년) 이상 1. 산업공학 전공자 2. SCM 경력자 3. MES, SAP 시스템 경험자 ​0 명 협의 후 결정 SCM 물류 시스템 개발 1. Java 개발 경험자 2. HTML5/javascript 등 WEB 관련지식 보유 3. Oracle, MySQL 등 DB, SQL 지식 및 활용 경력 : 3년 이상 학력 : 대졸(2,3)년 이상 1. 물류, 산업공학, 컴퓨터공학 전공자 2. 제조/물류 업무 지식 있는 경험자 3. 국내외 물류 솔루션/시스템 프로젝트/개발 경험자 4. 외국어(영어) 가능자 0명 협의 후 결정 SCM 물류 자동화개발, 컨설팅 1. 물류자동화, 물류설비 등 WCS 경험자 2. 물류자동화 설비(AMR, AS/RS, Conveyor 등) 시스템 개발/운영 경험 또는 지식 보유자 3. 물류 자동화 설비(AMR, AS/RS, Conveyor 등) 시스템 개발/운영 경험자 또는 지식 보유자 경력 : 5년 이상 학력 : 대졸(2,3)년 이상 1. 물류, 산업공학, 컴퓨터공학 전공자 2. 자동화 라인 현장 운영 경험자 3. 다양한 설비들을 다루어본 경험자 4. 물류에 대한 지식이 있는 경험자 5. 외국어(영어) 가능자 0명 협의 후 결정 SCM 물류 시스템 개발/컨설팅 1. 물류업, 물류시스템 등 WMS/WCS 경험자 2. 물류/SCM 관련 제언/제안, Presales 컨설팅 지식 보유 3. 대기업/중견기업 물류설비 및 WCS 기술/지식 보유 경력 : 10년 이상 학력 : 대졸(4)년 이상 1. 물류, 산업공학, 컴퓨터공학 전공자 2. 제조/물류 업무 지식 있는 경험자 3. 국내외 물류 솔루션/시스템 프로젝트 PM/PL 경험자 4. 외국어(영어) 가능자 0명 협의 후 결정 SCM 생산 시스템 개발 1. Java 개발 경험자 2. HTML5/javascript 등 WEB관련 지식 보유 3. Oracle, MySQL 등 DB, SQL 지식 및 활용 경력 : 3년 이상 학력 : 대졸(2,3)년 이상 1. 물류, 산업공학, 컴퓨터공학 전공자 2. 제조/물류 업무 지식 있는 경험자 3. 국내외 MES, POP 프로젝트/개발 경험자 4. 외국어(영어) 가능자 0명 협의 후 결정 SCM 생산 시스템 개발/컨설팅 1. 제조업, 생산시스템 등 MES/POP 경험자 2. 제조 도메인/솔루션 제언/제안, Presales 컨설팅 지식 보유 3. 대기업/중견기업 물류설비 및 MES 기술/지식 보유 경력 : 10년 이상 학력 : 대졸(4)년 이상 1. 산업공학, 컴퓨터공학 전공자 2. 다양한 산업군 제조 프로세스에 대한 업무 지식 보유자 3. 국내외 MES 솔루션/시스템 프로젝트 PM/PL 경험자 4. 외국어(영어) 가능자 0명 협의 후 결정 SCM 사업지원 1. 정부지원 스마트공장 사업 관리 경험자 2. 영업 제안서 작성 경험 및 프레젠테이션 스킬 보유경력: 3년 이상 학력: 대졸(2,3)년 이상 1. 산업공학 전공자 2. 제조 및 물류 프로세스 업무 지식 보유자 3. 한글, word, PPT, Excel 등 문서 작성 능력 우수자 4. 대내외 커뮤니케이션 스킬 보유자 0명 협의 후 결정 모집기간 : 2021년 10월 08일 ~채용일 모집방법 : 채용사이트 ""사람인""에서 지원 지원 및 자세한 사항은 아래의 URL을 참고하여 주시기 바랍니다. URL : 사람인 페이로 이동 Like 0 Unlike 0 Print « ISP/PI Consulting 경력자 채용 물류자동화시스템 경력 사원 모집 (스프링 가능자 우대) » List","우대 모집인원 연봉 SCM 제품파트 1. SQL (Oracle, SQL Server, ANSI SQL) 2. Web Development (HTML, javascript) 3. JAVA 경력 : 4년 이하 학력 : 대졸(2,3년) 이상 1. 산업공학 전공자 2. SCM경력자 0 명 협의 후 결 정 SCM 수행그룹 1. JAVA 2. SQL - PL/SQL, T-SQL 포함 (Oracle, SQL Server) 경력 : 5~11년 학력 : 대졸(2,3년) 이상 1. 산업공학 전공자 2. SCM 경력자 3. MES, SAP 시스템 경험자 ​0 명 협의 후 결정 SCM 물류 시스템 개발 1. Java 개발 경험자 2. HTML5/javascript 등 WEB 관련지식 보유 3. Oracle, MySQL 등 DB, SQL 지식 및 활용 경력 : 3년 이상 학력 : 대졸(2,3)년 이상 1. 물류, 산업공학, 컴퓨터공학 전공자 2. 제조/물류 업무 지식 있는 경험자 3. 국내외 물류 솔루션/시스템 프로젝트/개발 경험자 4. 외국어(영어) 가능자 0명 협의 후 결정 SCM 물류 자동화개발, 컨설팅 1. 물류자동화, 물류설비 등 WCS 경험자 2. 물류자동화 설비(AMR, AS/RS, Conveyor 등) 시스템 개발/운영 경험 또는 지식 보유자 3. 물류 자동화 설비(AMR, AS/RS, Conveyor 등) 시스템 개발/운영 경험자 또는 지식 보유자 경력 : 5년 이상 학력 : 대졸(2,3)년 이상 1. 물류, 산업공학, 컴퓨터공학 전공자 2. 자동화 라인 현장 운영 경험자 3. 다양한 설비들을 다루어본 경험자 4. 물류에 대한 지식이 있는 경험자 5. 외국어(영어) 가능자 0명 협의 후 결정 SCM 물류 시스템 개발/컨설팅 1. 물류업, 물류시스템 등 WMS/WCS 경험자 2. 물류/SCM 관련 제언/제안, Presales 컨설팅 지식 보유 3. 대기업/중견기업 물류설비 및 WCS 기술/지식 보유 경력 : 10년 이상 학력 : 대졸(4)년 이상 1. 물류, 산업공학, 컴퓨터공학 전공자 2. 제조/물류 업무 지식 있는 경험자 3. 국내외 물류 솔루션/시스템 프로젝트 PM/PL 경험자 4. 외국어(영어) 가능자 0명 협의 후 결정 SCM 생산 시스템 개발 1. Java 개발 경험자 2. HTML5/javascript 등 WEB관련 지식 보유 3. Oracle, MySQL 등 DB, SQL 지식 및 활용 경력 : 3년 이상 학력 : 대졸(2,3)년 이상 1. 물류, 산업공학, 컴퓨터공학 전공자 2. 제조/물류 업무 지식 있는 경험자 3. 국내외 MES, POP 프로젝트/개발 경험자 4. 외국어(영어) 가능자 0명 협의 후 결정 SCM 생산 시스템 개발/컨설팅 1. 제조업, 생산시스템 등 MES/POP 경험자 2. 제조 도메인/솔루션 제언/제안, Presales 컨설팅 지식 보유 3. 대기업/중견기업 물류설비 및 MES 기술/지식 보유 경력 : 10년 이상 학력 : 대졸(4)년 이상 1. 산업공학, 컴퓨터공학 전공자 2. 다양한 산업군 제조 프로세스에 대한 업무 지식 보유자 3. 국내외 MES 솔루션/시스템 프로젝트 PM/PL 경험자 4. 외국어(영어) 가능자 0명 협의 후 결정 SCM 사업지원 1. 정부지원 스마트공장 사업 관리 경험자 2. 영업 제안서 작성 경험 및 프레젠테이션 스킬 보유경력: 3년 이상 학력: 대졸(2,3)년 이상 1. 산업공학 전공자 2. 제조 및 물류 프로세스 업무 지식 보유자 3. 한글, word, PPT, Excel 등 문서 작성 능력 우수자 4. 대내외 커뮤니케이션 스킬 보유자 0명 협의 후 결정 모집기간 : 2021년 10월 08일 ~채용일 모집방법 : 채용사이트 ""사람인""에서 지원 지원 및 자세한 사항은 아래의 URL을 참고하여 주시기 바랍니다. URL : 사람인 페이로 이동 Like 0 Unlike 0 Print « ISP/PI Consulting 경력자 채용 물류자동화시스템 경력 사원 모집 (스프링 가능자 우대) » List","모집인원 연봉 SCM 제품파트 1. SQL (Oracle, SQL Server, ANSI SQL) 2. Web Development (HTML, javascript) 3. JAVA 경력 : 4년 이하 학력 : 대졸(2,3년) 이상 1. 산업공학 전공자 2. SCM경력자 0 명 협의 후 결 정 SCM 수행그룹 1. JAVA 2. SQL - PL/SQL, T-SQL 포함 (Oracle, SQL Server) 경력 : 5~11년 학력 : 대졸(2,3년) 이상 1. 산업공학 전공자 2. SCM 경력자 3. MES, SAP 시스템 경험자 ​0 명 협의 후 결정 SCM 물류 시스템 개발 1. Java 개발 경험자 2. HTML5/javascript 등 WEB 관련지식 보유 3. Oracle, MySQL 등 DB, SQL 지식 및 활용 경력 : 3년 이상 학력 : 대졸(2,3)년 이상 1. 물류, 산업공학, 컴퓨터공학 전공자 2. 제조/물류 업무 지식 있는 경험자 3. 국내외 물류 솔루션/시스템 프로젝트/개발 경험자 4. 외국어(영어) 가능자 0명 협의 후 결정 SCM 물류 자동화개발, 컨설팅 1. 물류자동화, 물류설비 등 WCS 경험자 2. 물류자동화 설비(AMR, AS/RS, Conveyor 등) 시스템 개발/운영 경험 또는 지식 보유자 3. 물류 자동화 설비(AMR, AS/RS, Conveyor 등) 시스템 개발/운영 경험자 또는 지식 보유자 경력 : 5년 이상 학력 : 대졸(2,3)년 이상 1. 물류, 산업공학, 컴퓨터공학 전공자 2. 자동화 라인 현장 운영 경험자 3. 다양한 설비들을 다루어본 경험자 4. 물류에 대한 지식이 있는 경험자 5. 외국어(영어) 가능자 0명 협의 후 결정 SCM 물류 시스템 개발/컨설팅 1. 물류업, 물류시스템 등 WMS/WCS 경험자 2. 물류/SCM 관련 제언/제안, Presales 컨설팅 지식 보유 3. 대기업/중견기업 물류설비 및 WCS 기술/지식 보유 경력 : 10년 이상 학력 : 대졸(4)년 이상 1. 물류, 산업공학, 컴퓨터공학 전공자 2. 제조/물류 업무 지식 있는 경험자 3. 국내외 물류 솔루션/시스템 프로젝트 PM/PL 경험자 4. 외국어(영어) 가능자 0명 협의 후 결정 SCM 생산 시스템 개발 1. Java 개발 경험자 2. HTML5/javascript 등 WEB관련 지식 보유 3. Oracle, MySQL 등 DB, SQL 지식 및 활용 경력 : 3년 이상 학력 : 대졸(2,3)년 이상 1. 물류, 산업공학, 컴퓨터공학 전공자 2. 제조/물류 업무 지식 있는 경험자 3. 국내외 MES, POP 프로젝트/개발 경험자 4. 외국어(영어) 가능자 0명 협의 후 결정 SCM 생산 시스템 개발/컨설팅 1. 제조업, 생산시스템 등 MES/POP 경험자 2. 제조 도메인/솔루션 제언/제안, Presales 컨설팅 지식 보유 3. 대기업/중견기업 물류설비 및 MES 기술/지식 보유 경력 : 10년 이상 학력 : 대졸(4)년 이상 1. 산업공학, 컴퓨터공학 전공자 2. 다양한 산업군 제조 프로세스에 대한 업무 지식 보유자 3. 국내외 MES 솔루션/시스템 프로젝트 PM/PL 경험자 4. 외국어(영어) 가능자 0명 협의 후 결정 SCM 사업지원 1. 정부지원 스마트공장 사업 관리 경험자 2. 영업 제안서 작성 경험 및 프레젠테이션 스킬 보유경력: 3년 이상 학력: 대졸(2,3)년 이상 1. 산업공학 전공자 2. 제조 및 물류 프로세스 업무 지식 보유자 3. 한글, word, PPT, Excel 등 문서 작성 능력 우수자 4. 대내외 커뮤니케이션 스킬 보유자 0명 협의 후 결정 모집기간 : 2021년 10월 08일 ~채용일 모집방법 : 채용사이트 ""사람인""에서 지원 지원 및 자세한 사항은 아래의 URL을 참고하여 주시기 바랍니다. URL : 사람인 페이로 이동 Like 0 Unlike 0 Print « ISP/PI Consulting 경력자 채용 물류자동화시스템 경력 사원 모집 (스프링 가능자 우대) » List",,"건강검진, 경조휴가",,,,,,,,active,2026-03-05 19:01:44.753025,2026-03-05 19:01:44.752993,True
279,861,SCM 사업부 경력직 개발자 채용,https://ls-thirautech.com/recruitment/?uid=114&mod=document&pageid=1,"채용정보 LS티라유텍은 직원과 함께 미래를 만들어 나갑니다 꿈과 열정, 긍정적인 마인드로 조직과 함께 성장할 당신을 기다립니다 인재상 복리후생 인재상 자신의 능력과 열정으로 역량을 키워 회사의 핵심인력으로 성장할 당신을 기다립니다. 업무에 대한 전문적인 지식을 갖추고 지속적인 학습과 성장을 통하여 회사와 개인의 공통 목표를 위해 노력하는 인재 긍정적인 사고를 갖추고 티라유텍의 열정, 역량, 배려의 덕목을 성실히 수행하여 사회에 공헌 할 수 있는 인재 성공을 확신하는 열정적인 자세로 새로운 변화에 적극적으로 대처/주도하고 최고를 위해 끊임없이 도전하는 인재 다양성을 존중하고 포용하는 마음으로 나보다는 상대방을 위해 생각하고, 보다 나은 미래를 위해 팀워크 할 수 있는 인재 열정 배려 역량 올바른 가치관 복리후생 Great Work Place 장기근속 포상 명절 귀성비 및 선물 자녀수당 건강수당 체육대회 및 야유회 지원 기숙사 퇴직연금 Work & Life Balance 경조휴가 및 경조금 자기계발 지원 학위취득 축하금 산전휴가 및 육아휴직 연차(반차) 휴가 Health Cart & Insurance 본인 종합건강검진 4대보험 채용공고 01. 입사지원 02. 서류심사 03. 면접심사 (필요시 2차면접 진행) 04. 결과통보 SCM 사업부 경력직 개발자 채용 접수마감 Author 경영기획팀 1 Date 2021-10-21 15:21 Views 2561 안녕하세요. 티라유텍에서 SCM 사업부 경력자를 모집하고 있습니다. 담당업무 : 채용분야 필수자격요건 우대 모집인원 연봉 SCM 제품파트 1. SQL (Oracle, SQL Server, ANSI SQL) 2. Web Development (HTML, javascript) 3. JAVA 경력 : 4년 이하 학력 : 대졸(2,3년) 이상 1. 산업공학 전공자 2. SCM경력자 0 명 협의 후 결정 SCM 수행그룹 1. JAVA 2. SQL - PL/SQL, T-SQL 포함 (Oracle, SQL Server) 경력 : 5~11년 학력 : 대졸(2,3년) 이상 1. 산업공학 전공자 2. SCM 경력자 3. MES, SAP 시스템 경험자 ​0 명 협의 후 결정 SCM 물류 시스템 개발 1. Java 개발 경험자 2. HTML5/javascript 등 WEB 관련지식 보유 3. Oracle, MySQL 등 DB, SQL 지식 및 활용 경력 : 3년 이상 학력 : 대졸(2,3)년 이상 1. 물류, 산업공학, 컴퓨터공학 전공자 2. 제조/물류 업무 지식 있는 경험자 3. 국내외 물류 솔루션/시스템 프로젝트/개발 경험자 4. 외국어(영어) 가능자 0명 협의 후 결정 SCM 물류 자동화개발, 컨설팅 1. 물류자동화, 물류설비 등 WCS 경험자 2. 물류자동화 설비(AMR, AS/RS, Conveyor 등) 시스템 개발/운영 경험 또는 지식 보유자 3. 물류 자동화 설비(AMR, AS/RS, Conveyor 등) 시스템 개발/운영 경험자 또는 지식 보유자 경력 : 5년 이상 학력 : 대졸(2,3)년 이상 1. 물류, 산업공학, 컴퓨터공학 전공자 2. 자동화 라인 현장 운영 경험자 3. 다양한 설비들을 다루어본 경험자 4. 물류에 대한 지식이 있는 경험자 5. 외국어(영어) 가능자 0명 협의 후 결정 SCM 물류 시스템 개발/컨설팅 1. 물류업, 물류시스템 등 WMS/WCS 경험자 2. 물류/SCM 관련 제언/제안, Presales 컨설팅 지식 보유 3. 대기업/중견기업 물류설비 및 WCS 기술/지식 보유 경력 : 10년 이상 학력 : 대졸(4)년 이상 1. 물류, 산업공학, 컴퓨터공학 전공자 2. 제조/물류 업무 지식 있는 경험자 3. 국내외 물류 솔루션/시스템 프로젝트 PM/PL 경험자 4. 외국어(영어) 가능자 0명 협의 후 결정 SCM 생산 시스템 개발 1. Java 개발 경험자 2. HTML5/javascript 등 WEB관련 지식 보유 3. Oracle, MySQL 등 DB, SQL 지식 및 활용 경력 : 3년 이상 학력 : 대졸(2,3)년 이상 1. 물류, 산업공학, 컴퓨터공학 전공자 2. 제조/물류 업무 지식 있는 경험자 3. 국내외 MES, POP 프로젝트/개발 경험자 4. 외국어(영어) 가능자 0명 협의 후 결정 SCM 생산 시스템 개발/컨설팅 1. 제조업, 생산시스템 등 MES/POP 경험자 2. 제조 도메인/솔루션 제언/제안, Presales 컨설팅 지식 보유 3. 대기업/중견기업 물류설비 및 MES 기술/지식 보유 경력 : 10년 이상 학력 : 대졸(4)년 이상 1. 산업공학, 컴퓨터공학 전공자 2. 다양한 산업군 제조 프로세스에 대한 업무 지식 보유자 3. 국내외 MES 솔루션/시스템 프로젝트 PM/PL 경험자 4. 외국어(영어) 가능자 0명 협의 후 결정 SCM 사업지원 1. 정부지원 스마트공장 사업 관리 경험자 2. 영업 제안서 작성 경험 및 프레젠테이션 스킬 보유경력: 3년 이상 학력: 대졸(2,3)년 이상 1. 산업공학 전공자 2. 제조 및 물류 프로세스 업무 지식 보유자 3. 한글, word, PPT, Excel 등 문서 작성 능력 우수자 4. 대내외 커뮤니케이션 스킬 보유자 0명 협의 후 결정 모집기간 : 2021년 10월 21일 ~채용일 모집방법 : 채용사이트 ""사람인""에서 지원 지원 및 자세한 사항은 아래의 URL을 참고하여 주시기 바랍니다. URL : 사람인 페이로 이동 Like 0 Unlike 0 Print « 로봇사업부 채용(R&D 개발, PM) MES(공장자동화) Java/C#/Web(Javascript, JQuery) 개발자 모집 » List","우대 모집인원 연봉 SCM 제품파트 1. SQL (Oracle, SQL Server, ANSI SQL) 2. Web Development (HTML, javascript) 3. JAVA 경력 : 4년 이하 학력 : 대졸(2,3년) 이상 1. 산업공학 전공자 2. SCM경력자 0 명 협의 후 결정 SCM 수행그룹 1. JAVA 2. SQL - PL/SQL, T-SQL 포함 (Oracle, SQL Server) 경력 : 5~11년 학력 : 대졸(2,3년) 이상 1. 산업공학 전공자 2. SCM 경력자 3. MES, SAP 시스템 경험자 ​0 명 협의 후 결정 SCM 물류 시스템 개발 1. Java 개발 경험자 2. HTML5/javascript 등 WEB 관련지식 보유 3. Oracle, MySQL 등 DB, SQL 지식 및 활용 경력 : 3년 이상 학력 : 대졸(2,3)년 이상 1. 물류, 산업공학, 컴퓨터공학 전공자 2. 제조/물류 업무 지식 있는 경험자 3. 국내외 물류 솔루션/시스템 프로젝트/개발 경험자 4. 외국어(영어) 가능자 0명 협의 후 결정 SCM 물류 자동화개발, 컨설팅 1. 물류자동화, 물류설비 등 WCS 경험자 2. 물류자동화 설비(AMR, AS/RS, Conveyor 등) 시스템 개발/운영 경험 또는 지식 보유자 3. 물류 자동화 설비(AMR, AS/RS, Conveyor 등) 시스템 개발/운영 경험자 또는 지식 보유자 경력 : 5년 이상 학력 : 대졸(2,3)년 이상 1. 물류, 산업공학, 컴퓨터공학 전공자 2. 자동화 라인 현장 운영 경험자 3. 다양한 설비들을 다루어본 경험자 4. 물류에 대한 지식이 있는 경험자 5. 외국어(영어) 가능자 0명 협의 후 결정 SCM 물류 시스템 개발/컨설팅 1. 물류업, 물류시스템 등 WMS/WCS 경험자 2. 물류/SCM 관련 제언/제안, Presales 컨설팅 지식 보유 3. 대기업/중견기업 물류설비 및 WCS 기술/지식 보유 경력 : 10년 이상 학력 : 대졸(4)년 이상 1. 물류, 산업공학, 컴퓨터공학 전공자 2. 제조/물류 업무 지식 있는 경험자 3. 국내외 물류 솔루션/시스템 프로젝트 PM/PL 경험자 4. 외국어(영어) 가능자 0명 협의 후 결정 SCM 생산 시스템 개발 1. Java 개발 경험자 2. HTML5/javascript 등 WEB관련 지식 보유 3. Oracle, MySQL 등 DB, SQL 지식 및 활용 경력 : 3년 이상 학력 : 대졸(2,3)년 이상 1. 물류, 산업공학, 컴퓨터공학 전공자 2. 제조/물류 업무 지식 있는 경험자 3. 국내외 MES, POP 프로젝트/개발 경험자 4. 외국어(영어) 가능자 0명 협의 후 결정 SCM 생산 시스템 개발/컨설팅 1. 제조업, 생산시스템 등 MES/POP 경험자 2. 제조 도메인/솔루션 제언/제안, Presales 컨설팅 지식 보유 3. 대기업/중견기업 물류설비 및 MES 기술/지식 보유 경력 : 10년 이상 학력 : 대졸(4)년 이상 1. 산업공학, 컴퓨터공학 전공자 2. 다양한 산업군 제조 프로세스에 대한 업무 지식 보유자 3. 국내외 MES 솔루션/시스템 프로젝트 PM/PL 경험자 4. 외국어(영어) 가능자 0명 협의 후 결정 SCM 사업지원 1. 정부지원 스마트공장 사업 관리 경험자 2. 영업 제안서 작성 경험 및 프레젠테이션 스킬 보유경력: 3년 이상 학력: 대졸(2,3)년 이상 1. 산업공학 전공자 2. 제조 및 물류 프로세스 업무 지식 보유자 3. 한글, word, PPT, Excel 등 문서 작성 능력 우수자 4. 대내외 커뮤니케이션 스킬 보유자 0명 협의 후 결정 모집기간 : 2021년 10월 21일 ~채용일 모집방법 : 채용사이트 ""사람인""에서 지원 지원 및 자세한 사항은 아래의 URL을 참고하여 주시기 바랍니다. URL : 사람인 페이로 이동 Like 0 Unlike 0 Print « 로봇사업부 채용(R&D 개발, PM) MES(공장자동화) Java/C#/Web(Javascript, JQuery) 개발자 모집 » List","모집인원 연봉 SCM 제품파트 1. SQL (Oracle, SQL Server, ANSI SQL) 2. Web Development (HTML, javascript) 3. JAVA 경력 : 4년 이하 학력 : 대졸(2,3년) 이상 1. 산업공학 전공자 2. SCM경력자 0 명 협의 후 결정 SCM 수행그룹 1. JAVA 2. SQL - PL/SQL, T-SQL 포함 (Oracle, SQL Server) 경력 : 5~11년 학력 : 대졸(2,3년) 이상 1. 산업공학 전공자 2. SCM 경력자 3. MES, SAP 시스템 경험자 ​0 명 협의 후 결정 SCM 물류 시스템 개발 1. Java 개발 경험자 2. HTML5/javascript 등 WEB 관련지식 보유 3. Oracle, MySQL 등 DB, SQL 지식 및 활용 경력 : 3년 이상 학력 : 대졸(2,3)년 이상 1. 물류, 산업공학, 컴퓨터공학 전공자 2. 제조/물류 업무 지식 있는 경험자 3. 국내외 물류 솔루션/시스템 프로젝트/개발 경험자 4. 외국어(영어) 가능자 0명 협의 후 결정 SCM 물류 자동화개발, 컨설팅 1. 물류자동화, 물류설비 등 WCS 경험자 2. 물류자동화 설비(AMR, AS/RS, Conveyor 등) 시스템 개발/운영 경험 또는 지식 보유자 3. 물류 자동화 설비(AMR, AS/RS, Conveyor 등) 시스템 개발/운영 경험자 또는 지식 보유자 경력 : 5년 이상 학력 : 대졸(2,3)년 이상 1. 물류, 산업공학, 컴퓨터공학 전공자 2. 자동화 라인 현장 운영 경험자 3. 다양한 설비들을 다루어본 경험자 4. 물류에 대한 지식이 있는 경험자 5. 외국어(영어) 가능자 0명 협의 후 결정 SCM 물류 시스템 개발/컨설팅 1. 물류업, 물류시스템 등 WMS/WCS 경험자 2. 물류/SCM 관련 제언/제안, Presales 컨설팅 지식 보유 3. 대기업/중견기업 물류설비 및 WCS 기술/지식 보유 경력 : 10년 이상 학력 : 대졸(4)년 이상 1. 물류, 산업공학, 컴퓨터공학 전공자 2. 제조/물류 업무 지식 있는 경험자 3. 국내외 물류 솔루션/시스템 프로젝트 PM/PL 경험자 4. 외국어(영어) 가능자 0명 협의 후 결정 SCM 생산 시스템 개발 1. Java 개발 경험자 2. HTML5/javascript 등 WEB관련 지식 보유 3. Oracle, MySQL 등 DB, SQL 지식 및 활용 경력 : 3년 이상 학력 : 대졸(2,3)년 이상 1. 물류, 산업공학, 컴퓨터공학 전공자 2. 제조/물류 업무 지식 있는 경험자 3. 국내외 MES, POP 프로젝트/개발 경험자 4. 외국어(영어) 가능자 0명 협의 후 결정 SCM 생산 시스템 개발/컨설팅 1. 제조업, 생산시스템 등 MES/POP 경험자 2. 제조 도메인/솔루션 제언/제안, Presales 컨설팅 지식 보유 3. 대기업/중견기업 물류설비 및 MES 기술/지식 보유 경력 : 10년 이상 학력 : 대졸(4)년 이상 1. 산업공학, 컴퓨터공학 전공자 2. 다양한 산업군 제조 프로세스에 대한 업무 지식 보유자 3. 국내외 MES 솔루션/시스템 프로젝트 PM/PL 경험자 4. 외국어(영어) 가능자 0명 협의 후 결정 SCM 사업지원 1. 정부지원 스마트공장 사업 관리 경험자 2. 영업 제안서 작성 경험 및 프레젠테이션 스킬 보유경력: 3년 이상 학력: 대졸(2,3)년 이상 1. 산업공학 전공자 2. 제조 및 물류 프로세스 업무 지식 보유자 3. 한글, word, PPT, Excel 등 문서 작성 능력 우수자 4. 대내외 커뮤니케이션 스킬 보유자 0명 협의 후 결정 모집기간 : 2021년 10월 21일 ~채용일 모집방법 : 채용사이트 ""사람인""에서 지원 지원 및 자세한 사항은 아래의 URL을 참고하여 주시기 바랍니다. URL : 사람인 페이로 이동 Like 0 Unlike 0 Print « 로봇사업부 채용(R&D 개발, PM) MES(공장자동화) Java/C#/Web(Javascript, JQuery) 개발자 모집 » List",,"건강검진, 경조휴가",,,,,,,,active,2026-03-05 19:01:45.757099,2026-03-05 19:01:45.757083,True
280,861,"로봇사업부 채용(R&D 개발, PM)",https://ls-thirautech.com/recruitment/?uid=116&mod=document&pageid=1,"채용정보 LS티라유텍은 직원과 함께 미래를 만들어 나갑니다 꿈과 열정, 긍정적인 마인드로 조직과 함께 성장할 당신을 기다립니다 인재상 복리후생 인재상 자신의 능력과 열정으로 역량을 키워 회사의 핵심인력으로 성장할 당신을 기다립니다. 업무에 대한 전문적인 지식을 갖추고 지속적인 학습과 성장을 통하여 회사와 개인의 공통 목표를 위해 노력하는 인재 긍정적인 사고를 갖추고 티라유텍의 열정, 역량, 배려의 덕목을 성실히 수행하여 사회에 공헌 할 수 있는 인재 성공을 확신하는 열정적인 자세로 새로운 변화에 적극적으로 대처/주도하고 최고를 위해 끊임없이 도전하는 인재 다양성을 존중하고 포용하는 마음으로 나보다는 상대방을 위해 생각하고, 보다 나은 미래를 위해 팀워크 할 수 있는 인재 열정 배려 역량 올바른 가치관 복리후생 Great Work Place 장기근속 포상 명절 귀성비 및 선물 자녀수당 건강수당 체육대회 및 야유회 지원 기숙사 퇴직연금 Work & Life Balance 경조휴가 및 경조금 자기계발 지원 학위취득 축하금 산전휴가 및 육아휴직 연차(반차) 휴가 Health Cart & Insurance 본인 종합건강검진 4대보험 채용공고 01. 입사지원 02. 서류심사 03. 면접심사 (필요시 2차면접 진행) 04. 결과통보 로봇사업부 채용(R&D 개발, PM) 접수마감 Author 경영기획팀 1 Date 2021-10-21 15:27 Views 2805 안녕하세요. 티라유텍에서 R&D 개발, PM 경력자를 모집하고 있습니다. 담당업무 : 채용분야 필수자격요건 우대 모집인원 연봉 전장1 보드/전장 하드웨어 모듈 설계 및 개발 OrCAD를 이용한 도면 및 아트웍 설계펌웨어 및 기타 인터페이스 개발 경력 : 무관 (신입가능) 학력 : 대졸(2,3년) 이상 AMR/AGV H/W 설계 경력자 0 명 협의 후 결정 전장2 전장 제어함 도면 및 하네스 도면 설계 파워,센서,전자 부품 등으로 구성된 전장 시스템 및 하네스 제작 경력 : 무관 ( 신입가능 ) 학력 : 대졸(2,3년) 이상 회로 도면 이해 EPLAN 소프트웨어 사용 가능자 전기, 전자 장비 회로에 대한 지식 AMR/AGV HW 개발 경력자 0 명 협의 후 결정 로봇 제어 시스템 SW 로봇 제어 시스템 SW 개발 Python, C++ 기반 제어 시스템 개발 (ROS, ROS2) 경력 : 무관 (신입 가능) 학력 : 대졸(2,3년) 이상 로봇 관련 개발 경력자 ROS, ROS2 환경 개발 경력자로봇 관련 학과 전공자 0 명 협의 후 결정 로봇 운영 (관제) 시스템 SW 로봇 운영 (관제) 시스템 SW 개발 Python, Java, C++ 기반 운영(관제) 시스템 개발 경력 : 무관 (신입 가능) 학력 : 대졸(2,3년) 이상 로봇 관련 개발 경력자 웹기반 (Python, Java, C++ 등) 프로그램 가능자 관련 학과 (컴퓨터공학, 전산 등) 전공자 ​0 명 협의 후 결정 기구 설계 AMR/AGV 기구설계 로봇기구설계CAD/CAM 가능자 Solidworks 가능자 경력 : 신입 (경력 2년 이하) 학력 : 대졸(2,3년) 이상 ​AutoCAD, 정/동 해석 프로그램 활용 가능자 AGV/AMR 설계 유 경험자 스마트팩토리 관련 설계 유 경험자 ​0 명​ 협의 후 결정 PM 프로젝트 매니저 자율주행 이송로봇 셋업 계획 수립, 고객대응 및 관리 해외 출장 가능하신 분 경력 : 1년 이상 학력 : 대졸(2,3년) 이상 설비 (로봇 관련) 셋업 경력 해당 직무 근무 경력 0 명 협의 후 결정 모집기간 : 2021년 10월 21일 ~채용일 모집방법 : 채용사이트 ""사람인""에서 지원 지원 및 자세한 사항은 아래의 URL을 참고하여 주시기 바랍니다. URL : 사람인 페이로 이동 Like 0 Unlike 0 Print « MES(공장자동화) Java/C#/Web(Javascript, JQuery) 개발자 모집 하반기 기술지원&유지보수 채용 » List","우대 모집인원 연봉 전장1 보드/전장 하드웨어 모듈 설계 및 개발 OrCAD를 이용한 도면 및 아트웍 설계펌웨어 및 기타 인터페이스 개발 경력 : 무관 (신입가능) 학력 : 대졸(2,3년) 이상 AMR/AGV H/W 설계 경력자 0 명 협의 후 결정 전장2 전장 제어함 도면 및 하네스 도면 설계 파워,센서,전자 부품 등으로 구성된 전장 시스템 및 하네스 제작 경력 : 무관 ( 신입가능 ) 학력 : 대졸(2,3년) 이상 회로 도면 이해 EPLAN 소프트웨어 사용 가능자 전기, 전자 장비 회로에 대한 지식 AMR/AGV HW 개발 경력자 0 명 협의 후 결정 로봇 제어 시스템 SW 로봇 제어 시스템 SW 개발 Python, C++ 기반 제어 시스템 개발 (ROS, ROS2) 경력 : 무관 (신입 가능) 학력 : 대졸(2,3년) 이상 로봇 관련 개발 경력자 ROS, ROS2 환경 개발 경력자로봇 관련 학과 전공자 0 명 협의 후 결정 로봇 운영 (관제) 시스템 SW 로봇 운영 (관제) 시스템 SW 개발 Python, Java, C++ 기반 운영(관제) 시스템 개발 경력 : 무관 (신입 가능) 학력 : 대졸(2,3년) 이상 로봇 관련 개발 경력자 웹기반 (Python, Java, C++ 등) 프로그램 가능자 관련 학과 (컴퓨터공학, 전산 등) 전공자 ​0 명 협의 후 결정 기구 설계 AMR/AGV 기구설계 로봇기구설계CAD/CAM 가능자 Solidworks 가능자 경력 : 신입 (경력 2년 이하) 학력 : 대졸(2,3년) 이상 ​AutoCAD, 정/동 해석 프로그램 활용 가능자 AGV/AMR 설계 유 경험자 스마트팩토리 관련 설계 유 경험자 ​0 명​ 협의 후 결정 PM 프로젝트 매니저 자율주행 이송로봇 셋업 계획 수립, 고객대응 및 관리 해외 출장 가능하신 분 경력 : 1년 이상 학력 : 대졸(2,3년) 이상 설비 (로봇 관련) 셋업 경력 해당 직무 근무 경력 0 명 협의 후 결정 모집기간 : 2021년 10월 21일 ~채용일 모집방법 : 채용사이트 ""사람인""에서 지원 지원 및 자세한 사항은 아래의 URL을 참고하여 주시기 바랍니다. URL : 사람인 페이로 이동 Like 0 Unlike 0 Print « MES(공장자동화) Java/C#/Web(Javascript, JQuery) 개발자 모집 하반기 기술지원&유지보수 채용 » List","모집인원 연봉 전장1 보드/전장 하드웨어 모듈 설계 및 개발 OrCAD를 이용한 도면 및 아트웍 설계펌웨어 및 기타 인터페이스 개발 경력 : 무관 (신입가능) 학력 : 대졸(2,3년) 이상 AMR/AGV H/W 설계 경력자 0 명 협의 후 결정 전장2 전장 제어함 도면 및 하네스 도면 설계 파워,센서,전자 부품 등으로 구성된 전장 시스템 및 하네스 제작 경력 : 무관 ( 신입가능 ) 학력 : 대졸(2,3년) 이상 회로 도면 이해 EPLAN 소프트웨어 사용 가능자 전기, 전자 장비 회로에 대한 지식 AMR/AGV HW 개발 경력자 0 명 협의 후 결정 로봇 제어 시스템 SW 로봇 제어 시스템 SW 개발 Python, C++ 기반 제어 시스템 개발 (ROS, ROS2) 경력 : 무관 (신입 가능) 학력 : 대졸(2,3년) 이상 로봇 관련 개발 경력자 ROS, ROS2 환경 개발 경력자로봇 관련 학과 전공자 0 명 협의 후 결정 로봇 운영 (관제) 시스템 SW 로봇 운영 (관제) 시스템 SW 개발 Python, Java, C++ 기반 운영(관제) 시스템 개발 경력 : 무관 (신입 가능) 학력 : 대졸(2,3년) 이상 로봇 관련 개발 경력자 웹기반 (Python, Java, C++ 등) 프로그램 가능자 관련 학과 (컴퓨터공학, 전산 등) 전공자 ​0 명 협의 후 결정 기구 설계 AMR/AGV 기구설계 로봇기구설계CAD/CAM 가능자 Solidworks 가능자 경력 : 신입 (경력 2년 이하) 학력 : 대졸(2,3년) 이상 ​AutoCAD, 정/동 해석 프로그램 활용 가능자 AGV/AMR 설계 유 경험자 스마트팩토리 관련 설계 유 경험자 ​0 명​ 협의 후 결정 PM 프로젝트 매니저 자율주행 이송로봇 셋업 계획 수립, 고객대응 및 관리 해외 출장 가능하신 분 경력 : 1년 이상 학력 : 대졸(2,3년) 이상 설비 (로봇 관련) 셋업 경력 해당 직무 근무 경력 0 명 협의 후 결정 모집기간 : 2021년 10월 21일 ~채용일 모집방법 : 채용사이트 ""사람인""에서 지원 지원 및 자세한 사항은 아래의 URL을 참고하여 주시기 바랍니다. URL : 사람인 페이로 이동 Like 0 Unlike 0 Print « MES(공장자동화) Java/C#/Web(Javascript, JQuery) 개발자 모집 하반기 기술지원&유지보수 채용 » List",,"건강검진, 경조휴가",,,,,,,,active,2026-03-05 19:01:47.459927,2026-03-05 19:01:47.459912,True
281,861,"로봇사업부 채용(R&D 개발, PM)",https://ls-thirautech.com/recruitment/?uid=113&mod=document&pageid=1,"채용정보 LS티라유텍은 직원과 함께 미래를 만들어 나갑니다 꿈과 열정, 긍정적인 마인드로 조직과 함께 성장할 당신을 기다립니다 인재상 복리후생 인재상 자신의 능력과 열정으로 역량을 키워 회사의 핵심인력으로 성장할 당신을 기다립니다. 업무에 대한 전문적인 지식을 갖추고 지속적인 학습과 성장을 통하여 회사와 개인의 공통 목표를 위해 노력하는 인재 긍정적인 사고를 갖추고 티라유텍의 열정, 역량, 배려의 덕목을 성실히 수행하여 사회에 공헌 할 수 있는 인재 성공을 확신하는 열정적인 자세로 새로운 변화에 적극적으로 대처/주도하고 최고를 위해 끊임없이 도전하는 인재 다양성을 존중하고 포용하는 마음으로 나보다는 상대방을 위해 생각하고, 보다 나은 미래를 위해 팀워크 할 수 있는 인재 열정 배려 역량 올바른 가치관 복리후생 Great Work Place 장기근속 포상 명절 귀성비 및 선물 자녀수당 건강수당 체육대회 및 야유회 지원 기숙사 퇴직연금 Work & Life Balance 경조휴가 및 경조금 자기계발 지원 학위취득 축하금 산전휴가 및 육아휴직 연차(반차) 휴가 Health Cart & Insurance 본인 종합건강검진 4대보험 채용공고 01. 입사지원 02. 서류심사 03. 면접심사 (필요시 2차면접 진행) 04. 결과통보 로봇사업부 채용(R&D 개발, PM) 접수마감 Author 경영기획팀 1 Date 2021-10-08 16:18 Views 2487 안녕하세요. 티라유텍에서 R&D 개발, PM 경력자를 모집하고 있습니다. 담당업무 : 채용분야 필수자격요건 우대 모집인원 연봉 전장1 보드/전장 하드웨어 모듈 설계 및 개발 OrCAD를 이용한 도면 및 아트웍 설계펌웨어 및 기타 인터페이스 개발경력 : 무관 (신입가능) 학력 : 대졸(2,3년) 이상 AMR/AGV H/W 설계 경력자 0 명 협의 후 결정 전장2 전장 제어함 도면 및 하네스 도면 설계 파워,센서,전자 부품 등으로 구성된 전장 시스템 및 하네스 제작 경력 : 무관 ( 신입가능 ) 학력 : 대졸(2,3년) 이상 회로 도면 이해 EPLAN 소프트웨어 사용 가능자 전기, 전자 장비 회로에 대한 지식 AMR/AGV HW 개발 경력자 0 명 협의 후 결정 로봇 제어 시스템 SW 로봇 제어 시스템 SW 개발 Python, C++ 기반 제어 시스템 개발 (ROS, ROS2) 경력 : 무관 (신입 가능) 학력 : 대졸(2,3년) 이상 로봇 관련 개발 경력자 ROS, ROS2 환경 개발 경력자로봇 관련 학과 전공자 0 명 협의 후 결정 로봇 운영 (관제) 시스템 SW 로봇 운영 (관제) 시스템 SW 개발 Python, Java, C++ 기반 운영(관제) 시스템 개발 경력 : 무관 (신입 가능) 학력 : 대졸(2,3년) 이상 로봇 관련 개발 경력자 웹기반 (Python, Java, C++ 등) 프로그램 가능자 관련 학과 (컴퓨터공학, 전산 등) 전공자 ​0 명 협의 후 결정 기구 설계 AMR/AGV 기구설계 로봇기구설계CAD/CAM 가능자 Solidworks 가능자경력 : 신입 (경력 2년 이하) 학력 : 대졸(2,3년) 이상 ​AutoCAD, 정/동 해석 프로그램 활용 가능자 AGV/AMR 설계 유 경험자 스마트팩토리 관련 설계 유 경험자 ​0 명​ 협의 후 결정 PM 프로젝트 매니저 자율주행 이송로봇 셋업 계획 수립, 고객대응 및 관리 해외 출장 가능하신 분 경력 : 1년 이상 학력 : 대졸(2,3년) 이상 설비 (로봇 관련) 셋업 경력 해당 직무 근무 경력 0 명 협의 후 결정 모집기간 : 2021년 10월 08일 ~채용일 모집방법 : 채용사이트 ""사람인""에서 지원 지원 및 자세한 사항은 아래의 URL을 참고하여 주시기 바랍니다. URL : 사람인 페이로 이동 Like 0 Unlike 0 Print « 물류자동화시스템 경력 사원 모집 (스프링 가능자 우대) SCM 사업부 경력직 개발자 채용 » List","우대 모집인원 연봉 전장1 보드/전장 하드웨어 모듈 설계 및 개발 OrCAD를 이용한 도면 및 아트웍 설계펌웨어 및 기타 인터페이스 개발경력 : 무관 (신입가능) 학력 : 대졸(2,3년) 이상 AMR/AGV H/W 설계 경력자 0 명 협의 후 결정 전장2 전장 제어함 도면 및 하네스 도면 설계 파워,센서,전자 부품 등으로 구성된 전장 시스템 및 하네스 제작 경력 : 무관 ( 신입가능 ) 학력 : 대졸(2,3년) 이상 회로 도면 이해 EPLAN 소프트웨어 사용 가능자 전기, 전자 장비 회로에 대한 지식 AMR/AGV HW 개발 경력자 0 명 협의 후 결정 로봇 제어 시스템 SW 로봇 제어 시스템 SW 개발 Python, C++ 기반 제어 시스템 개발 (ROS, ROS2) 경력 : 무관 (신입 가능) 학력 : 대졸(2,3년) 이상 로봇 관련 개발 경력자 ROS, ROS2 환경 개발 경력자로봇 관련 학과 전공자 0 명 협의 후 결정 로봇 운영 (관제) 시스템 SW 로봇 운영 (관제) 시스템 SW 개발 Python, Java, C++ 기반 운영(관제) 시스템 개발 경력 : 무관 (신입 가능) 학력 : 대졸(2,3년) 이상 로봇 관련 개발 경력자 웹기반 (Python, Java, C++ 등) 프로그램 가능자 관련 학과 (컴퓨터공학, 전산 등) 전공자 ​0 명 협의 후 결정 기구 설계 AMR/AGV 기구설계 로봇기구설계CAD/CAM 가능자 Solidworks 가능자경력 : 신입 (경력 2년 이하) 학력 : 대졸(2,3년) 이상 ​AutoCAD, 정/동 해석 프로그램 활용 가능자 AGV/AMR 설계 유 경험자 스마트팩토리 관련 설계 유 경험자 ​0 명​ 협의 후 결정 PM 프로젝트 매니저 자율주행 이송로봇 셋업 계획 수립, 고객대응 및 관리 해외 출장 가능하신 분 경력 : 1년 이상 학력 : 대졸(2,3년) 이상 설비 (로봇 관련) 셋업 경력 해당 직무 근무 경력 0 명 협의 후 결정 모집기간 : 2021년 10월 08일 ~채용일 모집방법 : 채용사이트 ""사람인""에서 지원 지원 및 자세한 사항은 아래의 URL을 참고하여 주시기 바랍니다. URL : 사람인 페이로 이동 Like 0 Unlike 0 Print « 물류자동화시스템 경력 사원 모집 (스프링 가능자 우대) SCM 사업부 경력직 개발자 채용 » List","모집인원 연봉 전장1 보드/전장 하드웨어 모듈 설계 및 개발 OrCAD를 이용한 도면 및 아트웍 설계펌웨어 및 기타 인터페이스 개발경력 : 무관 (신입가능) 학력 : 대졸(2,3년) 이상 AMR/AGV H/W 설계 경력자 0 명 협의 후 결정 전장2 전장 제어함 도면 및 하네스 도면 설계 파워,센서,전자 부품 등으로 구성된 전장 시스템 및 하네스 제작 경력 : 무관 ( 신입가능 ) 학력 : 대졸(2,3년) 이상 회로 도면 이해 EPLAN 소프트웨어 사용 가능자 전기, 전자 장비 회로에 대한 지식 AMR/AGV HW 개발 경력자 0 명 협의 후 결정 로봇 제어 시스템 SW 로봇 제어 시스템 SW 개발 Python, C++ 기반 제어 시스템 개발 (ROS, ROS2) 경력 : 무관 (신입 가능) 학력 : 대졸(2,3년) 이상 로봇 관련 개발 경력자 ROS, ROS2 환경 개발 경력자로봇 관련 학과 전공자 0 명 협의 후 결정 로봇 운영 (관제) 시스템 SW 로봇 운영 (관제) 시스템 SW 개발 Python, Java, C++ 기반 운영(관제) 시스템 개발 경력 : 무관 (신입 가능) 학력 : 대졸(2,3년) 이상 로봇 관련 개발 경력자 웹기반 (Python, Java, C++ 등) 프로그램 가능자 관련 학과 (컴퓨터공학, 전산 등) 전공자 ​0 명 협의 후 결정 기구 설계 AMR/AGV 기구설계 로봇기구설계CAD/CAM 가능자 Solidworks 가능자경력 : 신입 (경력 2년 이하) 학력 : 대졸(2,3년) 이상 ​AutoCAD, 정/동 해석 프로그램 활용 가능자 AGV/AMR 설계 유 경험자 스마트팩토리 관련 설계 유 경험자 ​0 명​ 협의 후 결정 PM 프로젝트 매니저 자율주행 이송로봇 셋업 계획 수립, 고객대응 및 관리 해외 출장 가능하신 분 경력 : 1년 이상 학력 : 대졸(2,3년) 이상 설비 (로봇 관련) 셋업 경력 해당 직무 근무 경력 0 명 협의 후 결정 모집기간 : 2021년 10월 08일 ~채용일 모집방법 : 채용사이트 ""사람인""에서 지원 지원 및 자세한 사항은 아래의 URL을 참고하여 주시기 바랍니다. URL : 사람인 페이로 이동 Like 0 Unlike 0 Print « 물류자동화시스템 경력 사원 모집 (스프링 가능자 우대) SCM 사업부 경력직 개발자 채용 » List",,"건강검진, 경조휴가",,,,,,,,active,2026-03-05 19:01:48.447957,2026-03-05 19:01:48.447942,True
282,866,GS엠비즈,https://www.gsmbiz.com/recruit/information,"채용안내 GS엠비즈의 채용절차 및 채용유형에 대해 안내합니다. 인재채용 채용안내 채용절차 01 입사지원서 작성 GS엠비즈 홈페이지를 통한 온라인 지원서 접수만 가능합니다. 02 서류전형 선발과정의 초기단계로서 지원자가 제출한 서류를 기반으로 지원자의 적격성을 판단하는 단계로서 지원자의 경력,자질과 능력 및 잠재력을 파악합니다. 03 인/적성 검사 업무수행에 있어 기본이 되는 역량과 회사의 조직가치와 부합하는 인성을 파악합니다. 04 1차 면접전형 지원분야의 실무진과 다대일 면접이며, 직무적합성과 조직적합성을 판단합니다. 05 2차 면접전형 최종 임원진 면접으로 전체적인 회사와의 적합성 등을 판단합니다. 06 건강검진 07 최종합격 채용유형 ㆍ정기채용 년 1회 또는 2회 신입사원 공개채용을 진행합니다. ㆍ수시채용 추가로 필요 인력 발생 시 공개모집의 원칙아래 수시채용을 진행하고 있습니다. 입사지원하기",,,,건강검진,,,,,,,,active,2026-03-05 19:01:58.617635,2026-03-05 19:01:58.617618,True
283,888,一期一會,https://onelineai.com/careers_ml,"Position 금융 머신러닝 엔지니어 금융 머신러닝 엔지니어 회사 소개 OneLineAI는 금융 산업에 특화된 생성형 AI 솔루션 'OLA'를 개발하는 금융 AI 전문 기업입니다. 국내외 금융사의 규제 환경과 실무 요구사항을 반영하여 최적화된 AI 모델을 직접 기획 및 개발하고 있습니다. 저희는 개발한 모델을 실제 금융 기관의 업무에 즉시 활용할 수 있도록 신속하게 서비스에 반영합니다. 입사 시, 본인이 직접 설계한 모델과 알고리즘이 단기간 내에 금융 현장에 적용되는 빠른 개발 사이클과 성과를 경험할 수 있습니다. 포지션 상세 본 포지션은 ML 기반 금융 자산 랭킹 및 리서치를 담당하며, 머신러닝·딥러닝 기법을 활용해 자산 특성을 벡터화하고, 사용자·자산 신호를 결합한 랭킹 모델 개발 및 금융 시계열 분석을 통해 고도화된 투자 의사결정 지원 시스템을 구현합니다. 금융 데이터와 AI를 결합한 실무 경험을 쌓고, 특허 및 논문 등 지식 자산 창출에도 참여할 수 있는 기회가 주어집니다. 주요업무 ML 기반 자산 특성 추출 및 벡터화 ML 기반 사용자·자산 신호로 자산 랭킹 모델 학습 및 검증 ML/DL 기반 금융 시계열 처리 및 유관 특허 작성 자격요건 유관 경력 2–3년 보유 Pandas, NumPy, PyTorch 에 대한 고급 이상의 숙련도 랭킹/개인화/검색 시스템 실무 경험 금융 시계열 처리 및 이미지 데이터 처리 경험 우대사항 통계학·금융공학에 대한 이해. 정량 모델링·금융 데이터 처리에 대한 이해. 금융 분야 논문 및 특허 작성 경험. 금융 자산 리밸런싱 및 backtesting 프로젝트 경험 혜택 및 복지 근무 조건 고용 형태: 정규직 근무 지역: 공덕 프론트원 연봉: 회사 내규에 의함 (경력에 따라 협의) 복리후생 팀별 인센티브 제도 운영 선택적인 근로시간제 및 재택근무 점심, 저녁 식대 지원 업무 관련 교육비 지원 건강검진 지원 자기계발비 지원 개발 관련 장비 지원 기타: 생일 축하금, 명절 상여금, 경조사비 지원 채용 전형 서류 전형 - 코딩 테스트 or 과제 전달 - 1차 면접(기술 면접) - 2차 면접(컬쳐핏) - 처우 협의 - 최종 합류 (채용 절차는 지원자의 경력 및 회사의 사정에 따라 늘어나거나 줄어들 수 있습니다.) ※지원시 자유로운 형식의 이력서, 포트폴리오 필수 제출 기타사항 자기계발지원 식대지원 건강검진지원 보너스 AI 선도 기업 재택근무 마감일 상시 채용 근무지역 서울특별시 마포구 마포대로 122 14F 프론트원 Contact 지원하기 지원하기 一期一會 평생 한 번 뿐인 기회 세계 금융 판도를 바꾸고 있는 진정한 Pioneer 팀에 합류하는 일생 일대의 기회 포지션 지원하기 一期一會 평생 한 번 뿐인 기회 세계 금융 판도를 바꾸고 있는 진정한 Pioneer 팀에 합류하는 일생 일대의 기회 포지션 지원하기 一期一會 평생 한 번 뿐인 기회 세계 금융 판도를 바꾸고 있는 진정한 Pioneer 팀에 합류하는 일생 일대의 기회 포지션 지원하기 About OLA OLAF Careers Blog Contact Privacy Policy Terms © 2025 OneLineAI, Inc.","유관 경력 2–3년 보유 Pandas, NumPy, PyTorch 에 대한 고급 이상의 숙련도 랭킹/개인화/검색 시스템 실무 경험 금융 시계열 처리 및 이미지 데이터 처리 경험 우대사항 통계학·금융공학에 대한 이해. 정량 모델링·금융 데이터 처리에 대한 이해. 금융 분야 논문 및 특허 작성 경험. 금융 자산 리밸런싱 및 backtesting 프로젝트 경험 혜택 및 복지 근무 조건 고용 형태: 정규직 근무 지역: 공덕 프론트원 연봉: 회사 내규에 의함 (경력에 따라 협의)",통계학·금융공학에 대한 이해. 정량 모델링·금융 데이터 처리에 대한 이해. 금융 분야 논문 및 특허 작성 경험. 금융 자산 리밸런싱 및 backtesting 프로젝트 경험 혜택 및 복지 근무 조건 고용 형태: 정규직 근무 지역: 공덕 프론트원 연봉: 회사 내규에 의함 (경력에 따라 협의),"는 지원자의 경력 및 회사의 사정에 따라 늘어나거나 줄어들 수 있습니다.) ※지원시 자유로운 형식의 이력서, 포트폴리오 필수 제출 기타사항 자기계발지원 식대지원 건강검진지원 보너스 AI 선도 기업 재택근무 마감일 상시 채용 근무지역 서울특별시 마포구 마포대로 122 14F 프론트원 Contact 지원하기 지원하기 一期一會 평생 한 번 뿐인 기회 세계 금융 판도를 바꾸고 있는 진정한 Pioneer 팀에 합류하는 일생 일대의 기회 포지션 지원하기 一期一會 평생 한 번 뿐인 기회 세계 금융 판도를 바꾸고 있는 진정한 Pioneer 팀에 합류하는 일생 일대의 기회 포지션 지원하기 一期一會 평생 한 번 뿐인 기회 세계 금융 판도를 바꾸고 있는 진정한 Pioneer 팀에 합류하는 일생 일대의 기회 포지션 지원하기 About OLA OLAF Careers Blog Contact Privacy Policy Terms © 2025 OneLineAI, Inc. All rights reserved. About OLA OLAF Careers Blog Contact Privacy Policy Terms © 2025 OneLineAI, Inc. All rights reserved. About OLA OLAF Careers Blog Contact Privacy Policy Terms © 2025 OneLineAI, Inc. All rights reserved. OLA ・ 챗봇 이용자 280% 달성한 내용 보기 확인하기 홈 솔루션 채용 블로그 문의하기 OLA ・ 챗봇 이용자 280% 달성한 내용 보기 확인하기","건강검진, 경조사비, 교육비, 식대, 재택근무",,서울,정규직,연봉: 회사 내규에 의함 (경력에 따라 협의,,,,active,2026-03-05 19:02:07.819048,2026-03-05 19:02:07.819029,True
284,888,一期一會,https://onelineai.com/careers_fe,"Position 프론트엔드 엔지니어 (3년 이상) 프론트엔드 엔지니어 (3년 이상) 포지션 상세 원라인에이아이는 금융사의 생성형AI를 이용한 초개인화 서비스 도입을 가속화 하는 솔루션 OLA(올라)를 서비스 하고 있습니다. 서비스 런칭과 동시에 다수의 고객사를 확보하여 1,000%이상의 매출 신장을 이루고 있습니다. 올라 서비스를 고도화하고 글로벌 비즈니스로 확장하는데 함께 할 프론트엔드 엔지니어를 모십니다. 컴퓨터 공학의 지식에 기반한 새로운 비지니스 문제 해결에 관심이 많고 집요하게 문제를 해결하실 수 있는 분을 찾습니다. 주요업무 당사 AI 서비스 프론트엔드 개발 최적의 컴포넌트 배치와 최고의 성능을 위한 개발 사용자를 위한 UI/UX 를 고민하고 개선, 적용 자격요건 프론트엔드 개발 경력 3년 이상 컴퓨터 공학 개론 수준의 내용과 컴퓨팅적 사고에 대한 이해가 있으신 분 Node.js, Typescript, React, NextJS 활용이 가능하신 분 다양한 직군과 원활한 커뮤니케이션이 가능하신 분 우대사항 스스로 공부하며 발전해온 히스토리와 보여줄 수 있는 결과물이 있으신 분 사용자 - 프론트엔드 - 백엔드의 조화로움을 생각하며 개발하시는 분 웹 브라우저와 서버, 네트워크에 대한 깊은 이해가 있으신 분 퍼블리싱에 손이 굉장히 빠르신 분 대형 언어모델(LLM) 관련 프로젝트를 진행해보신 분 혜택 및 복지 근무 조건 고용 형태: 정규직 근무 지역: 공덕역 8번출구, 제2핀테크랩 연봉: 회사 내규에 의함 (경력에 따라 협의) 복리후생 팀별 인센티브 제도 운영 선택적인 근로시간제 및 재택근무 점심, 저녁 식대 지원 업무 관련 교육비 지원 건강검진 지원 자기계발비 지원 개발 관련 장비 지원 기타: 생일 축하금, 명절 상여금, 경조사비 지원 채용 전형 서류 전형 - 코딩 테스트 or 과제 전달 - 1차 면접(기술 면접) - 2차 면접(컬쳐핏) - 처우 협의 - 최종 합류 (채용 절차는 지원자의 경력 및 회사의 사정에 따라 늘어나거나 줄어들 수 있습니다.) ※지원시 자유로운 형식의 이력서, 포트폴리오 필수 제출 기술 스택 • 툴 React CSS HTML Node.Js TypeScript Next.js 기타사항 자기계발지원 식대지원 건강검진지원 보너스 AI 선도 기업 재택근무 마감일 상시 채용 근무지역 서울특별시 마포구 마포대로 122 14F 프론트원 Contact 지원하기 지원하기 一期一會 평생 한 번 뿐인 기회 세계 금융 판도를 바꾸고 있는 진정한 Pioneer 팀에 합류하는 일생 일대의 기회 포지션 지원하기 一期一會 평생 한 번 뿐인 기회 세계 금융 판도를 바꾸고 있는 진정한 Pioneer 팀에 합류하는 일생 일대의 기회 포지션 지원하기 一期一會 평생 한 번 뿐인 기회 세계 금융 판도를 바꾸고 있는 진정한 Pioneer 팀에 합류하는 일생 일대의 기회 포지션 지원하기 About OLA OLAF Careers Blog Contact Privacy Policy Terms © 2025 OneLineAI, Inc.","프론트엔드 개발 경력 3년 이상 컴퓨터 공학 개론 수준의 내용과 컴퓨팅적 사고에 대한 이해가 있으신 분 Node.js, Typescript, React, NextJS 활용이 가능하신 분 다양한 직군과 원활한 커뮤니케이션이 가능하신 분 우대사항 스스로 공부하며 발전해온 히스토리와 보여줄 수 있는 결과물이 있으신 분 사용자 - 프론트엔드 - 백엔드의 조화로움을 생각하며 개발하시는 분 웹 브라우저와 서버, 네트워크에 대한 깊은 이해가 있으신 분 퍼블리싱에 손이 굉장히 빠르신 분 대형 언어모델(LLM) 관련 프로젝트를 진행해보신 분 혜택 및 복지 근무 조건 고용 형태: 정규직 근무 지역: 공덕역 8번출구, 제2핀테크랩 연봉: 회사 내규에 의함 (경력에 따라 협의)","스스로 공부하며 발전해온 히스토리와 보여줄 수 있는 결과물이 있으신 분 사용자 - 프론트엔드 - 백엔드의 조화로움을 생각하며 개발하시는 분 웹 브라우저와 서버, 네트워크에 대한 깊은 이해가 있으신 분 퍼블리싱에 손이 굉장히 빠르신 분 대형 언어모델(LLM) 관련 프로젝트를 진행해보신 분 혜택 및 복지 근무 조건 고용 형태: 정규직 근무 지역: 공덕역 8번출구, 제2핀테크랩 연봉: 회사 내규에 의함 (경력에 따라 협의)","는 지원자의 경력 및 회사의 사정에 따라 늘어나거나 줄어들 수 있습니다.) ※지원시 자유로운 형식의 이력서, 포트폴리오 필수 제출 기술 스택 • 툴 React CSS HTML Node.Js TypeScript Next.js 기타사항 자기계발지원 식대지원 건강검진지원 보너스 AI 선도 기업 재택근무 마감일 상시 채용 근무지역 서울특별시 마포구 마포대로 122 14F 프론트원 Contact 지원하기 지원하기 一期一會 평생 한 번 뿐인 기회 세계 금융 판도를 바꾸고 있는 진정한 Pioneer 팀에 합류하는 일생 일대의 기회 포지션 지원하기 一期一會 평생 한 번 뿐인 기회 세계 금융 판도를 바꾸고 있는 진정한 Pioneer 팀에 합류하는 일생 일대의 기회 포지션 지원하기 一期一會 평생 한 번 뿐인 기회 세계 금융 판도를 바꾸고 있는 진정한 Pioneer 팀에 합류하는 일생 일대의 기회 포지션 지원하기 About OLA OLAF Careers Blog Contact Privacy Policy Terms © 2025 OneLineAI, Inc. All rights reserved. About OLA OLAF Careers Blog Contact Privacy Policy Terms © 2025 OneLineAI, Inc. All rights reserved. About OLA OLAF Careers Blog Contact Privacy Policy Terms © 2025 OneLineAI, Inc. All rights reserved. OLA ・ 챗봇 이용자 280% 달성한 내용 보기 확인하기 홈 솔루션 채용 블로그 문의하기 OLA ・ 챗봇 이용자 280% 달성한 내용 보기 확인하기","건강검진, 경조사비, 교육비, 식대, 재택근무",,서울,정규직,연봉: 회사 내규에 의함 (경력에 따라 협의,,,,active,2026-03-05 19:02:08.424029,2026-03-05 19:02:08.424010,True
285,888,一期一會,https://onelineai.com/careers_ai,"Position AI 엔지니어 AI 엔지니어 포지션 상세 원라인에이아이는 금융사의 생성형AI를 이용한 초개인화 서비스 도입을 가속화 하는 솔루션 OLA(올라)를 서비스 하고 있습니다. 서비스 런칭과 동시에 다수의 고객사를 확보하여 1,000%이상의 매출 신장을 이루고 있습니다. 올라 서비스를 고도화하고 글로벌 비즈니스로 확장하는데 함께 할 AI 엔지니어를 모십니다. 컴퓨터 공학의 지식에 기반한 데이터 문제를 해결하고 AI를 적극 활용하여 더욱 큰 문제에 끊임없이 도전하실 분을 찾습니다. 주요업무 당사 금융 AI 기반 서비스 개발을 위한 데이터 개발 및 AI Workflow 개발 AI 서비스를 안전하게 제공하기 위한 Ops 자격요건 데이터 관련 경력 2년 이상(데이터 분석 또는 데이터 엔지니어링) 컴퓨터 공학 개론 수준의 내용과 컴퓨팅적 사고에 대한 이해가 있으신 분 자료구조 및 데이터베이스(RDB, NoSQL, InMemory 등)에 대한 깊은 지식과 활용 능력이 있으신 분 LLM Application Architecture 에 대한 이해가 있으신 분 Prompt Engineering에 대한 이해가 있으신 분 금융 전문가 직군과 함께 금융 도메인 기반의 원활한 커뮤니케이션이 가능하신 분 우대사항 통계학 또는 산업공학, 컴퓨터공학을 전공하신 분 스스로 공부하고 발전해온 히스토리와 보여줄 수 있는 결과물이 있으신 분 LlamaIndex, LangChain 등 LLM Framework 에 대한 사용 경험과 이해가 있으신 분 대형 언어모델(LLM) 관련 프로젝트를 진행해보시고, 자신만의 결과물이 있으신 분 웹 브라우저와 서버, 네트워크에 대한 이해를 바탕으로 다른 개발 직군과 원활한 소통이 가능하신 분 Data Workflow Management(Perfect, Airflow 등)에 익숙하신 분 AI Native Development 에 관심이 있으신 분 혜택 및 복지 근무 조건 고용 형태: 정규직 근무 지역: 공덕역 8번출구, 제2핀테크랩 연봉: 회사 내규에 의함 (경력에 따라 협의) 복리후생 팀별 인센티브 제도 운영 선택적인 근로시간제 및 재택근무 점심, 저녁 식대 지원 업무 관련 교육비 지원 건강검진 지원 자기계발비 지원 개발 관련 장비 지원 기타: 생일 축하금, 명절 상여금, 경조사비 지원 채용 전형 서류 전형 - 코딩 테스트 or 과제 전달 - 1차 면접(기술 면접) - 2차 면접(컬쳐핏) - 처우 협의 - 최종 합류 (채용 절차는 지원자의 경력 및 회사의 사정에 따라 늘어나거나 줄어들 수 있습니다.) ※지원시 자유로운 형식의 이력서, 포트폴리오 필수 제출 기술 스택 • 툴 MongoDB Redis Python SQL TypeScript PostgreSQL ElasticSearch 기타사항 자기계발지원 식대지원 건강검진지원 보너스 AI 선도 기업 재택근무 마감일 상시 채용 근무지역 서울시 마포구 마포대로78 제2서울핀테크랩 Contact 지원하기 지원하기 지원하기 一期一會 평생 한 번 뿐인 기회 세계 금융 판도를 바꾸고 있는 진정한 Pioneer 팀에 합류하는 일생 일대의 기회 포지션 지원하기 一期一會 평생 한 번 뿐인 기회 세계 금융 판도를 바꾸고 있는 진정한 Pioneer 팀에 합류하는 일생 일대의 기회 포지션 지원하기 一期一會 평생 한 번 뿐인 기회 세계 금융 판도를 바꾸고 있는 진정한 Pioneer 팀에 합류하는 일생 일대의 기회 포지션 지원하기 About OLA OLAF Careers Blog Contact Privacy Policy Terms © 2025 OneLineAI, Inc.","데이터 관련 경력 2년 이상(데이터 분석 또는 데이터 엔지니어링) 컴퓨터 공학 개론 수준의 내용과 컴퓨팅적 사고에 대한 이해가 있으신 분 자료구조 및 데이터베이스(RDB, NoSQL, InMemory 등)에 대한 깊은 지식과 활용 능력이 있으신 분 LLM Application Architecture 에 대한 이해가 있으신 분 Prompt Engineering에 대한 이해가 있으신 분 금융 전문가 직군과 함께 금융 도메인 기반의 원활한 커뮤니케이션이 가능하신 분 우대사항 통계학 또는 산업공학, 컴퓨터공학을 전공하신 분 스스로 공부하고 발전해온 히스토리와 보여줄 수 있는 결과물이 있으신 분 LlamaIndex, LangChain 등 LLM Framework 에 대한 사용 경험과 이해가 있으신 분 대형 언어모델(LLM) 관련 프로젝트를 진행해보시고, 자신만의 결과물이 있으신 분 웹 브라우저와 서버, 네트워크에 대한 이해를 바탕으로 다른 개발 직군과 원활한 소통이 가능하신 분 Data Workflow Management(Perfect, Airflow 등)에 익숙하신 분 AI Native Development 에 관심이 있으신 분 혜택 및 복지 근무 조건 고용 형태: 정규직 근무 지역: 공덕역 8번출구, 제2핀테크랩 연봉: 회사 내규에 의함 (경력에 따라 협의)","통계학 또는 산업공학, 컴퓨터공학을 전공하신 분 스스로 공부하고 발전해온 히스토리와 보여줄 수 있는 결과물이 있으신 분 LlamaIndex, LangChain 등 LLM Framework 에 대한 사용 경험과 이해가 있으신 분 대형 언어모델(LLM) 관련 프로젝트를 진행해보시고, 자신만의 결과물이 있으신 분 웹 브라우저와 서버, 네트워크에 대한 이해를 바탕으로 다른 개발 직군과 원활한 소통이 가능하신 분 Data Workflow Management(Perfect, Airflow 등)에 익숙하신 분 AI Native Development 에 관심이 있으신 분 혜택 및 복지 근무 조건 고용 형태: 정규직 근무 지역: 공덕역 8번출구, 제2핀테크랩 연봉: 회사 내규에 의함 (경력에 따라 협의)","는 지원자의 경력 및 회사의 사정에 따라 늘어나거나 줄어들 수 있습니다.) ※지원시 자유로운 형식의 이력서, 포트폴리오 필수 제출 기술 스택 • 툴 MongoDB Redis Python SQL TypeScript PostgreSQL ElasticSearch 기타사항 자기계발지원 식대지원 건강검진지원 보너스 AI 선도 기업 재택근무 마감일 상시 채용 근무지역 서울시 마포구 마포대로78 제2서울핀테크랩 Contact 지원하기 지원하기 지원하기 一期一會 평생 한 번 뿐인 기회 세계 금융 판도를 바꾸고 있는 진정한 Pioneer 팀에 합류하는 일생 일대의 기회 포지션 지원하기 一期一會 평생 한 번 뿐인 기회 세계 금융 판도를 바꾸고 있는 진정한 Pioneer 팀에 합류하는 일생 일대의 기회 포지션 지원하기 一期一會 평생 한 번 뿐인 기회 세계 금융 판도를 바꾸고 있는 진정한 Pioneer 팀에 합류하는 일생 일대의 기회 포지션 지원하기 About OLA OLAF Careers Blog Contact Privacy Policy Terms © 2025 OneLineAI, Inc. All rights reserved. About OLA OLAF Careers Blog Contact Privacy Policy Terms © 2025 OneLineAI, Inc. All rights reserved. About OLA OLAF Careers Blog Contact Privacy Policy Terms © 2025 OneLineAI, Inc. All rights reserved. OLA ・ 챗봇 이용자 280% 달성한 내용 보기 확인하기 홈 솔루션 채용 블로그 문의하기 OLA ・ 챗봇 이용자 280% 달성한 내용 보기 확인하기","건강검진, 경조사비, 교육비, 식대, 재택근무",,서울,정규직,연봉: 회사 내규에 의함 (경력에 따라 협의,,,,active,2026-03-05 19:02:08.736793,2026-03-05 19:02:08.736775,True
286,888,一期一會,https://onelineai.com/careers_be,"OLA ・ 챗봇 이용자 280% 달성한 내용 보기 확인하기 홈 솔루션 채용 블로그 문의하기 OLA ・ 챗봇 이용자 280% 달성한 내용 보기 확인하기 Position 백엔드 엔지니어 시니어 백엔드 엔지니어 시니어 포지션 상세 원라인에이아이는 금융사의 생성형AI를 이용한 초개인화 서비스 도입을 가속화 하는 솔루션 OLA(올라)를 서비스 하고 있습니다. 서비스 런칭과 동시에 다수의 고객사를 확보하여 1,000%이상의 매출 신장을 이루고 있습니다. 올라 서비스를 고도화하고 글로벌 비즈니스로 확장하는데 함께 할 백엔드 엔지니어를 모십니다. 컴퓨터 공학의 지식에 기반한 새로운 비지니스 문제 해결에 관심이 많고 집요하게 문제를 해결하실 수 있는 분을 찾습니다. 주요업무 당사 AI 서비스 API 설계 및 개발 B2B SaaS 서비스 백엔드 개발 및 Ops 데이터베이스 설계 및 성능 최적화 코드 품질 관리 및 테스트 코드 작성 자격요건 백엔드 개발 실무 경험 최소 4년 이상 RESTful API 설계 및 개발 경험 RDBMS 설계 및 운영 등 다양한 DB 활용 경험 우대사항 AWS 클라우드 환경을 통한 개발-운영 경험 LLM 및 AI 활용 서비스 개발 경험 NoSQL 활용 및 ETL 등 대용량 데이터 처리 관련 경험 금융사 시스템 연계 및 금융 서비스 개발 경험 혜택 및 복지 근무 조건 고용 형태: 정규직 근무 지역: 공덕역 8번출구, 제2핀테크랩 연봉: 회사 내규에 의함 (경력에 따라 협의) 복리후생 팀별 인센티브 제도 운영 선택적인 근로시간제 및 재택근무 점심, 저녁 식대 지원 업무 관련 교육비 지원 건강검진 지원 자기계발비 지원 개발 관련 장비 지원 기타: 생일 축하금, 명절 상여금, 경조사비 지원 채용 전형 서류 전형 - 코딩 테스트 or 과제 전달 - 1차 면접(기술 면접) - 2차 면접(컬쳐핏) - 처우 협의 - 최종 합류 (채용 절차는 지원자의 경력 및 회사의 사정에 따라 늘어나거나 줄어들 수 있습니다.) ※지원시 자유로운 형식의 이력서, 포트폴리오 필수 제출 기술 스택 • 툴 Java Python AWS C++ NoSQL RDBMS 기타사항 자기계발지원 식대지원 건강검진지원 보너스 AI 선도 기업 재택근무 마감일 상시 채용 근무지역 서울특별시 마포구 마포대로 122 14F 프론트원 Contact 지원하기 지원하기 一期一會 평생 한 번 뿐인 기회 세계 금융 판도를 바꾸고 있는 진정한 Pioneer 팀에 합류하는 일생 일대의 기회 포지션 지원하기 一期一會 평생 한 번 뿐인 기회 세계 금융 판도를 바꾸고 있는 진정한 Pioneer 팀에 합류하는 일생 일대의 기회 포지션 지원하기 一期一會 평생 한 번 뿐인 기회 세계 금융 판도를 바꾸고 있는 진정한 Pioneer 팀에 합류하는 일생 일대의 기회 포지션 지원하기 About OLA OLAF Careers Blog Contact Privacy Policy Terms © 2025 OneLineAI, Inc.","백엔드 개발 실무 경험 최소 4년 이상 RESTful API 설계 및 개발 경험 RDBMS 설계 및 운영 등 다양한 DB 활용 경험 우대사항 AWS 클라우드 환경을 통한 개발-운영 경험 LLM 및 AI 활용 서비스 개발 경험 NoSQL 활용 및 ETL 등 대용량 데이터 처리 관련 경험 금융사 시스템 연계 및 금융 서비스 개발 경험 혜택 및 복지 근무 조건 고용 형태: 정규직 근무 지역: 공덕역 8번출구, 제2핀테크랩 연봉: 회사 내규에 의함 (경력에 따라 협의)","AWS 클라우드 환경을 통한 개발-운영 경험 LLM 및 AI 활용 서비스 개발 경험 NoSQL 활용 및 ETL 등 대용량 데이터 처리 관련 경험 금융사 시스템 연계 및 금융 서비스 개발 경험 혜택 및 복지 근무 조건 고용 형태: 정규직 근무 지역: 공덕역 8번출구, 제2핀테크랩 연봉: 회사 내규에 의함 (경력에 따라 협의)","는 지원자의 경력 및 회사의 사정에 따라 늘어나거나 줄어들 수 있습니다.) ※지원시 자유로운 형식의 이력서, 포트폴리오 필수 제출 기술 스택 • 툴 Java Python AWS C++ NoSQL RDBMS 기타사항 자기계발지원 식대지원 건강검진지원 보너스 AI 선도 기업 재택근무 마감일 상시 채용 근무지역 서울특별시 마포구 마포대로 122 14F 프론트원 Contact 지원하기 지원하기 一期一會 평생 한 번 뿐인 기회 세계 금융 판도를 바꾸고 있는 진정한 Pioneer 팀에 합류하는 일생 일대의 기회 포지션 지원하기 一期一會 평생 한 번 뿐인 기회 세계 금융 판도를 바꾸고 있는 진정한 Pioneer 팀에 합류하는 일생 일대의 기회 포지션 지원하기 一期一會 평생 한 번 뿐인 기회 세계 금융 판도를 바꾸고 있는 진정한 Pioneer 팀에 합류하는 일생 일대의 기회 포지션 지원하기 About OLA OLAF Careers Blog Contact Privacy Policy Terms © 2025 OneLineAI, Inc. All rights reserved. About OLA OLAF Careers Blog Contact Privacy Policy Terms © 2025 OneLineAI, Inc. All rights reserved. About OLA OLAF Careers Blog Contact Privacy Policy Terms © 2025 OneLineAI, Inc. All rights reserved.","건강검진, 경조사비, 교육비, 식대, 재택근무",,서울,정규직,연봉: 회사 내규에 의함 (경력에 따라 협의,,,,active,2026-03-05 19:02:08.871352,2026-03-05 19:02:08.871335,True
287,888,"정한얼 원라인에이아이 대표 ""금융 콘텐츠 자동화",https://onelineai.com/careers,"OLA ・ 챗봇 이용자 280% 달성한 내용 보기 확인하기 홈 솔루션 채용 블로그 문의하기 OLA ・ 챗봇 이용자 280% 달성한 내용 보기 확인하기 一期一會 평생 한 번 뿐인 기회 세계 금융 판도를 바꾸고 있는 진정한 Pioneer 팀에 합류하는 일생 일대의 기회 포지션 지원하기 一期一會 평생 한 번 뿐인 기회 세계 금융 판도를 바꾸고 있는 진정한 Pioneer 팀에 합류하는 일생 일대의 기회 포지션 지원하기 一期一會 평생 한 번 뿐인 기회 세계 금융 판도를 바꾸고 있는 진정한 Pioneer 팀에 합류하는 일생 일대의 기회 포지션 지원하기 폭풍성장중인 팀과 합류해보세요. Position 채용 중인 공고 시니어 백엔드 엔지니어 지원하기 프론트 엔지니어 지원하기 AI 엔지니어 지원하기 금융 머신러닝 엔지니어 지원하기 Article 언론 속의 원라인에이아이 정한얼 원라인에이아이 대표 ""금융 콘텐츠 자동화 솔루션으로 금융사 혁신"" 정한얼 원라인에이아이 대표 ""금융 콘텐츠 자동화 솔루션으로 금융사 혁신"" ""금융사 업무 혁신으로 '모바일트레이딩시스템(MTS) 2.0 시대를 열겠다."" 정한얼 원라인에이아이 대표는 20일 파이낸셜뉴스와 만나… 기사 보기 원라인에이아이, 한국판 AI 능력 평가 데이터셋 'KMMLU' 발표 금융 도메인 생성형 AI(인공지능) 전문기업 원라인에이아이(OneLineAI, 대표 정한얼)가 최근 대규모 한글 언어모델 평가 데이터셋 … 기사 보기 Interview 직무 인터뷰 서비스 개발 서비스 기획 AI 개발 About OLA OLAF Careers Blog Contact Privacy Policy Terms © 2025 OneLineAI, Inc.",,,,,,,,,,,,active,2026-03-05 19:02:08.954188,2026-03-05 19:02:08.954177,True
288,904,RECRUIT,http://www.solugate.com/recruit/recruit_pool,"RECRUIT 당신에게 또는 당신의 고객에게 정확하고 즐거운 정보를 제공합니다. 홈 RECRUIT 인재등록 채용정보 인사제도 인재등록 인재등록 인재등록 조회 * 표시는 필수 입력 항목입니다. 기본정보 * 이 름 * 생년월일 ' - ' 없이 숫자만 (예 : 19850101) * 성 별 남성 여성 * 연락처(휴대폰) * 이메일 중복확인 * 비밀번호 영문/숫자 조합으로 8자이상 12자 이하 * 비밀번호 확인 상세정보 입력 * 최종학력 고등학교 전문학사 학사 석사 박사 * 지원종류 신입 경력 신입/경력 * 희망분야 챗봇 개발 음성인식 개발 자연어 처리 자연어 연구(연구소) 음성인식 연구(연구소) 솔루션 영업 마케팅 기획 기타 * 경력사항(성과 중심) * 자기소개(입사 각오) 개인정보 수집 및 활용 동의(필수) 솔루게이트 인재채용 관련 개인정보취급방침 주식회사 솔루게이트는 인재채용 서비스와 관련하여 이용자 개개인의 정보를 효과적으로 보호하며 정보통신망 이용촉진 및 정보보호 등에 관한 법률 등 모든 관련법규를 준수하고, 개인정보와 이용자 정보를 적절하게 취급합니다. 인재채용 관련 개인정보취급방침 솔루게이트는 이용자 개개인의 정보를 효과적으로 보호하고 「정보통신망 이용촉진 및 정보보호 등에 관한 법률」, 「개인정보보호법」, 「통신비밀보호법」, 「전기통신사업법」 등 정보통신서비스제공자가 준수하여야 할 관련 법령상의 개인정보보호 규정을 준수하며, 개인정보취급방침을 만들어 이를 준수하고 있습니다. 이러한 개인정보취급방침은 관련 법률 및 정부 지침의 변경과 솔루게이트의 내부 방침의 변경에 의하여 수시로 변경될 수 있습니다. 솔루게이트의 인재채용 관련 개인정보취급방침이 변경될 경우, 변경사항은 솔루게이트의 인재채용 웹사이트에 게시됩니다. 또 변경사항에 의문이 있으실 경우는 언제라도 솔루게이트 전략기획실에 연락하여 확인하실 수 있습니다. 솔루게이트의 인재채용 관련 개인정보취급방침은 다음과 같은 내용을 담고 있습니다. - 수집하는 개인정보 항목 및 수집방법 - 개인정보의 수집 및 이용목적 - 수집한 개인정보의 공유 및 제공 - 수집한 개인정보의 취급 및 위탁 - 수집한 개인정보의 보유 및 이용기간 - 개인정보의 열람, 갱신, 수정 및 동의 철회, 이용자탈퇴 방법 - 개인정보의 파기절차 및 방법 - 이용자 및 법정대리인의 권리와 그 행사방법 - 개인정보 자동수집장치의 설치/운영 및 그 거부에 관한 사항 - 개인정보 관리책임자 및 관리담당자 - 개인정보보호를 위한 기술적/관리적 대책 - 고지의 의무 1. 수집하는 개인정보 항목 및 수집방법 솔루게이트는 당사의 인재채용 관련 서비스 제공을 위해, 개인을 식별하거나 특정할 수 있는 정보 및 관련 정보 또는 웹 서버의 로그 해석 등에서 얻어지는 정보를 수집하고 있습니다. ▶ 솔루게이트는 인재채용과 관련하여 입사지원 (인재등록), 상담, 서비스 신청 등을 위해 아래와 같은 개인정보를 수집하고 있습니다. - 입사지원 (인재등록) 시 수집하는 정보: 이름, 생년월일, 이메일, 주소, 연락처, 휴대전화번호, 지원부문, 희망근무지, 학력, 병역사항, 보훈사항, 어학, 경력사항, 자격증, 국가 등 - 이용자의 인재채용 서비스 및 웹사이트에 대한 질문이나 문의를 한 경우, 이용자가 당사의 인재채용 서비스를 이용할 때, 당사에 제공되는 정보 * 이용자가 상기의 개인정보 및 인재등록 정보를 제공함에 있어서, 고의 혹은 과실 등의 이유로 부정확한 정보를 제공한 경우, 이에 대한 불이익 및 불편사항이 발생할 수 있음을 알려드립니다. ▶ 솔루게이트는 인재채용과 관련하여 다음과 같은 방법으로 개인정보를 수집합니다. - 홈페이지를 통해 이용자가 입력한 정보 (입사지원서 혹은 인재등록 접수 등), 서면양식, 전화, 팩스에 의한 정보 (이용자가입, 지원서 접수) 2. 개인정보 수집 및 이용목적 솔루게이트는 인재채용과 관련하여 개인정보를 취득할 경우, 개인정보의 이용목적을 명확히 정하고, 그 목적 달성에 필요한 범위 내에서 적법하며 공정한 수단을 통해 실시합니다. 개인정보의 이용목적은 이용자 본인에게 명확히 밝히며, 이용목적에 변경이 발생한 경우, 또는 목적 외로 이용하는 경우는 소정의 절차에 따르도록 합니다. ▶ 솔루게이트는 인재채용과 관련하여 수집한 개인정보를 다음의 목적을 위해 활용합니다. - 입사지원 (인재등록): 입사지원 서비스 제공에 관한 계약 이행 및 기타 서비스 제공 - 이용자 관리: 이용자 서비스 이용에 따른 본인확인, 본인식별, 본인의사 확인, 원활한 의사소통 경로 확보, 채용관련 최신 정보 및 진행사항 안내, 부정 이용 방지와 비인가 사용 방지, 가입 의사 확인, 가입 및 가입횟수 제한, 분쟁 조정을 위한 기록보존, 불만처리 등 민원처리, 고지사항 전달 - 인재채용 서비스: 해당 선발전형 지원의사 확인, 지원자격 확인, 채용절차 진행, 직무수행능력 평가, 학력, 자격 및 경력 확인, (채용 시) 고용계약 기타 인사 관련 업무, 인재채용 서비스 관련 프로그램 개발 및 특화, 이용자의 서비스 이용에 대한 통계, 설문조사, 이벤트 등 정보 전달 및 행사 3. 수집한 개인정보의 공유 및 제공 솔루게이트는 인재채용과 관련하여 ｢2. 개인정보 수집 및 이용목적｣에서 고지한 범위 내에서 사용하며, 동 범위를 초과하여 이용하거나 타인 또는 타기업 혹은 기관에 제공하지 않습니다. ▶ 다만, 아래의 경우에는 예외로 합니다. - 이용자가 사전에 동의한 경우 - 법령의 규정에 의거하거나, 수사 목적으로 법령에 정해진 절차와 방법에 따라 수사기관의 요구가 있는 경우 - 통계작성 및 학술연구나 시장조사를 위하여 특정 개인을 식별할 수 없는 형태로 가공하여 제공하는 경우 ▶ 그러나, 이용자에 대하여 보다 더 질 높은 서비스 제공 등을 위해 이용자의 개인정보를 제3자 (제휴사)에게 제공하거나 공유할 수 있으며, 이러한 경우 아래와 같은 정보를 사전에 이용자에게 통지합니다. - 제공정보의 이용목적, - 제공대상 (제휴업체), - 제공정보 (이름, 이메일, 휴대전화번호, 주소) - 제공정보의 보유 및 이용기간 4. 수집한 개인정보의 취급 및 위탁 솔루게이트는 인재채용과 관련하여 이용자의 동의 없이 이용자의 개인정보 취급을 외부 업체에 위탁하지 않습니다. 향후 그러한 필요가 생길 경우, 위탁 대상자와 위탁 업무 내용에 대해 이용자에게 통지하고 필요한 경우 사전 동의를 받습니다. ▶ 업무위탁을 하는 경우: 인재채용과 관련하여 서비스 이행을 위해 지원자의 동의를 얻어 아래와 같이 외부 전문업체에 업무를 위탁하고 있으며, 관계 법령에 따라 개인정보가 안전하게 관리될 수 있도록 필요한 사항을 규정하고 있으며, 정보제공 목적 달성 시 혹은 계약 종료 시 지체 없이 파기합니다. - 교육기관: 한국토익위원회, 서울대텝스관리위원회 (자격검증) - 교육기관: 각 대학본부 (학력검증) - 의료기관: 전국 각 병원 (건강검진) - 컨설팅업체: 한국행동과학연구소 (인성, 적성검사) - 배송업체: 우정사업본부, 현대로지엠㈜, KGB (배송업무) - IT업체: (주)EC21 (인재채용 관리 시스템 개발 및 DBMS 시스템 운영) 5. 수집한 개인정보의 보유 및 이용기간 원칙적으로, 개인정보 수집 및 이용목적이 달성된 후에는 해당 정보를 지체 없이 파기합니다. 단, 다음의 정보에 대해서는 아래의 이유로 명시한 기간 동안 보존합니다. 이 경우 회사는 보관하는 정보를 그 보관의 목적으로만 이용하며 보존기간은 아래와 같습니다. ▶ 제출된 입사지원서 또는 인재등록 서류 - 보존이유: 입사관련 서류 보존방침 (학교 및 경력사항 관련 증빙서류 등) - 보존기간: 3년 6. 개인정보의 열람, 갱신, 수정 및 동의 철회, 이용자탈퇴 방법 솔루게이트는 인재채용과 관련하여 개인정보 및 이용자정보에 대해 이용자로부터 열람, 갱신, 수정 및 동의철회, 이용자 탈퇴 등의 요청이 있을 경우는 성실하게 대응하겠습니다. ▶ 개인정보의 열람, 갱신, 수정 및 동의철회, 이용자 탈퇴 등의 문의는 전화나 팩스, 이메일을 통해서 할 수 있습니다. - 전화: 070-8882-5252 - 팩스: 070-4405-7835 - 이메일: sales@solugate.com 솔루게이트는 인재채용과 관련하여 이용자로부터 동의철회, 열람, 수정 요청이 있는 경우 즉시 필요한 조치를 취하고, 특히 정보수정요청에 대해서는 해당 정보가 정정될 때까지 동 정보를 이용하지 않습니다. 솔루게이트는 인재채용과 관련하여 만14세 미만 아동에게는 개인정보 제공을 필요로 하는 서비스를 제공하지 않습니다. 7. 개인정보 파기절차 및 방법 솔루게이트는 인재채용과 관련하여 원칙적으로 개인정보 수집 및 이용목적이 달성된 후에는 해당 정보를 지체 없이 파기합니다. 단, 이용자가 이용자가입 및 채용지원 시 제출한 입사지원서 혹은 인재등록 서류는 입사관련 서류 보존방침에 따라 입사지원 시점부터 3년간 보관할 수 있습니다. 파기절차 및 방법은 다음과 같습니다. ▶ 파기절차 - 이용자가 입사지원 (인재등록) 등을 위해 입력하신 정보는 목적이 달성된 후 내부 방침 및 기타 관련 법령에 의한 정보보호 사유에 따라 ([5. 수집한 개인정보의 보유 및 이용기간] 참조), 별도의 DB (혹은 별도의 서류함)로 옮겨져 일정 기간 저장된 후 파기됩니다. - 별도로 옮겨진 동 개인정보는 법률에 의한 경우가 아니고서는 보유 이외의 다른 목적으로 이용되지 않습니다. ▶ 파기방법 - 종이에 출력된 개인정보는 분쇄기로 분쇄하거나 소각을 통하여 파기하고, - 전자적 파일형태로 저장된 개인정보는 기록을 재생할 수 없는 기술적 방법을 사용하여 삭제합니다. 8. 이용자의 권리와 그 행사방법 이용자는 언제든지 등록되어 있는 자신의 개인정보에 대해 조회 및 수정, 가입 해지 등을 요청할 수도 있으며, 그 행사방법으로는 서면, 전화 또는 이메일에 의한 방법으로 행사할 수 있습니다. 이용자가 개인정보의 오류에 대한 정정을 요청하신 경우에는 정정을 완료하기 전까지 당해 개인정보를 이용 또는 제공하지 않습니다. 또한 잘못된 개인정보를 제3자에게 이미 제공한 경우에는 정정 처리결과를 제3자에게 지체 없이 통지하여 정정이 이루어지도록 하겠습니다. 솔루게이트는 이용자 혹은 법정 대리인의 요청에 의해 해지 또는 삭제된 개인정보는 ""솔루게이트가 수집하는 개인정보의",,,,건강검진,,서울,,,,,,active,2026-03-05 19:02:18.356476,2026-03-05 19:02:18.356457,True
289,920,인재채용,https://www.hyosungitx.com/ko/recruit/recruitGuide.do,"인재채용 효성ITX의 성장과 함께할 인재를 기다립니다. HOME 인재채용 회사소개 사업분야 투자정보 ESG 홍보센터 인재채용 채용안내 인재상 인재육성 평가/보상 채용안내 채용안내 본사직군 각 사업부별 본사 채용은 연중 수시채용을 통해 이루어집니다. STEP 01 입사지원 STEP 02 서류전형 STEP 03 1차 면접 STEP 04 2차 면접 STEP 05 최종합격 채용안내 - 본사직군 구분 내용 채용시기 사업부별 채용계획에 따라 수시채용 모집분야 일반사무직 : 기획, 재무, 총무, 인사, 교육, 영업, 영업관리 등 IT : S/W 개발, IT시스템 개발 및 운영, 서버관리자, 보안관리자 등 접수 및 문의처 E-mail : HR@hyosung.com Tel : 02-2102-8489 상담직군 Contact Center 상담직군 채용은 Dodreami 사이트를 통해 수시채용이 이루어집니다. 상담직군 지원하기",,,,,,,,,,,,active,2026-03-05 19:02:23.942519,2026-03-05 19:02:23.942496,True
290,923,채용 정보 | 오픈메이드컨설팅,https://www.openmade.co.kr/about-us/recrute,"DA 컨설턴트 데이터 아키텍처 컨설팅 경험자 ​데이터 품질 관리 컨설팅 경험자 Data 모델러 데이터 모델링 5년 이상 경력자 SQL 튜닝 전문가 SQL 튜닝 5년 이상 전문가 DBA DBA 3년 이상 경력자 입사지원서 다운로드 지원서 아래 이메일로 보내기 khkim@openmade.co.kr 지원문의 TEL: 02-6310-6165 FAX: 02-6310-6166 지원방법 입사지원서 다운로드 받아 작성한 후 이메일 전송 지원기간 상시 모집 채용절차 1차: 서류전형 2차: 기본면접 및 기술인터뷰 ​3차: 연봉(급여) 협상 채용방식 정규직, ​계약직 인재 채용 끊임없는 혁신과 도전으로 업계를 선도하는 오픈메이드컨설팅과 함께 성장하며 미래를 만들어갈 열정적인 인재를 기다립니다. 당신의 가능성을 이곳에서 마음껏 펼쳐보세요. Recruit 오픈메이드컨설팅과 미래를 함께 할 인재를 모십니다.",,,,,,,정규직,,,,,active,2026-03-05 19:02:27.759059,2026-03-05 19:02:27.759020,True
291,924,Recruit,https://www.ifinfo.co.kr/recruit,"(주)이프정보시스템은 금융IT 분야를 이끌고 나갈 능력있고 패기있는 인재를 위해 입사의 기회가 항상 개방되어 있습니다. 지원해주신 여러분들의 소중한 정보는 검토 후 신속하게 개별 통보해 드리며, 자체 DB 구축 후 인원충원시 우선적으로 기회를 드립니다. 모집구분 모집분야 해당요건 인원 신입사원 금융IT 엔지니어 – 전산관련계열학과 전공자 – 상경계열학과 전공자 – 석사/박사 학위취득자 우대 00명 경력사원 금융IT 엔지니어 – 은행, 증권, 종금, 보험사 전산업무 3년 이상 경력자 – 국제금융, 외환관련 업무 경력자 – CBD/J2EE 프로젝트 경력자 – 해외 프로젝트 경력자 00명 금융IT 영업직 – 은행 및 금융권 IT영업 경력자 – 은행 전산기획 또는 업무기획팀 경력자 – 해외영업 경력자우대 00명 관련 자격증 또는 국제공인 자격증 소지자 우대 영어,중국어,일어 가능자 우대 해외업무 수행에 결격사유가 없는 자 접수방법 : [전자우편] whkim@ifinfo.co.kr ※담당자 : 김원희 차장 02-6383-3101 제출서류 : 이력서, 자기소개서(프로젝트, 경력위주 Free Format) 전형방법 : 서류전형 -> 면접 -> 2차면접 -> 채용 제출된 서류는 반환하지 않으며, 서류전형에 합격하신 분들에 한해 개별적으로 면접일자가 통보됩니다. 우리 (주)이프정보시스템의 모든 직원은 본인과 가족의 건강에 대하여 숭고한 책임의식을 가지고 전직원 금연을 실시하고 있습니다. 현재 흡연자의 경우라도 입사 후 금연에 성공할 수 있도록 동기부여하는 환경을 마련하고 있사오니 이점 양지하시기 바랍니다. 회사소개 이메일 무단수집 거부 찾아오시는 길",,"00명 경력사원 금융IT 엔지니어 – 은행, 증권, 종금, 보험사 전산업무 3년 이상 경력자 – 국제금융, 외환관련 업무 경력자 – CBD/J2EE 프로젝트 경력자 – 해외 프로젝트 경력자 00명 금융IT 영업직 – 은행 및 금융권 IT영업 경력자 – 은행 전산기획 또는 업무기획팀 경력자 – 해외영업 경력자우대 00명 관련 자격증 또는 국제공인 자격증 소지자 우대 영어,중국어,일어 가능자 우대 해외업무 수행에 결격사유가 없는 자 접수방법 : [전자우편] whkim@ifinfo.co.kr ※담당자 : 김원희 차장 02-6383-3101 제출서류 : 이력서, 자기소개서(프로젝트, 경력위주 Free Format) 전형방법 : 서류전형 -> 면접 -> 2차면접 -> 채용 제출된 서류는 반환하지 않으며, 서류전형에 합격하신 분들에 한해 개별적으로 면접일자가 통보됩니다. 우리 (주)이프정보시스템의 모든 직원은 본인과 가족의 건강에 대하여 숭고한 책임의식을 가지고 전직원 금연을 실시하고 있습니다. 현재 흡연자의 경우라도 입사 후 금연에 성공할 수 있도록 동기부여하는 환경을 마련하고 있사오니 이점 양지하시기 바랍니다. 회사소개 이메일 무단수집 거부 찾아오시는 길 Copyright 2001-2026 IF Information Systems All Rights Reserved. 주소 : 서울 강서구 마곡서로 152 두산더랜드타워 B동 801호(마곡동) 대표번호 : 02-6383-3101 | 팩스 : 02-6383-3104 본 사이트의 콘텐츠는 저작권법의 보호를 받는바, 무단 전재, 복사, 배포 등을 금합니다.",,,,서울,,,,,,active,2026-03-05 19:02:29.878569,2026-03-05 19:02:29.878549,True
292,934,2차 임원면접은 어떻게 진행되나요?,https://careers.suresofttech.com/recruit#job-18,2차 임원면접은 지원한 근무지와 무관하게 모두 판교 본사에서 대면으로 진행됩니다. * 총 소요시간 - 수시채용: 약 20분 내외 - 공개채용: 약 50분 내외,,,,,,,,,,,,active,2026-03-05 19:02:31.778888,2026-03-05 19:02:31.778868,True
293,934,"경력 지원자인데, 신입공개채용에 지원하면 경력인정이 되나요?",https://careers.suresofttech.com/recruit#job-26,"경력자는 신입사원 공개채용 공고에 지원할 경우, 경력 인정이 불가합니다. 경력 지원자로서 경력인정을 원하실 경우, 경력직 공고로 지원 바랍니다.",,,,,,,,,,,,active,2026-03-05 19:02:31.786171,2026-03-05 19:02:31.786161,True
294,941,infocube,https://www.infocube.co.kr/career,알림 뒤로 알림 설정 뒤로 더보기 게시물 알림 내 글 반응 내가 작성한 게시물이나 댓글에 다른 사람이 댓글이나 답글을 작성하면 알려줍니다. 공지사항 사이트에서 보내는 중요한 공지를 실시간으로 알려줍니다. COMPANY Overview Vision CEO Message History Customers Career CSR Location NEWS DELL PRODUCT Storage ALL-Flash & Hybrid File & Object Server AI Server DataCenter Server HCI DataProtection Backup Storage Backup Software TANIUM SUPPORT COMPANY Overview Vision CEO Message History Customers Career CSR Location NEWS DELL PRODUCT Storage ALL-Flash & Hybrid File & Object Server AI Server DataCenter Server HCI DataProtection Backup Storage Backup Software TANIUM SUPPORT 급여 관련 연봉제 / 퇴직연금 자격증 수당 / 성과급 경조사비 / 자녀 학비 보험 관련 4대보험 직장인 단체보험 개인 상해보험 업무 지원 통신료 / 식대 지원 유류대 / 주차료 지원 교육 지원 자격증 취득 지원 외국어 및 도서 지원 여가 지원 리조트 숙박 지원 골프 회원권 이용 행사 관련 아웃도어 행사 / 신년회 가족 송년회 / 1사1촌 기타 장기근속 포상 / 선물 생일 및 창사기념일 선물 계절별 특산품 선물 구분 모집분야 주요업무 및 자격요건 경력 기술지원 (엔지니어) • Dell Technologies 제품군 기술지원 • 가상화 및 OS 운영 가능자 우대 신입/경력 솔루션 영업 • IT 인프라 솔루션 제안 및 영업 • 고객사 관리 및 신규 발굴,경력 기술지원 (엔지니어) • Dell Technologies 제품군 기술지원 • 가상화 및 OS 운영 가능자 우대 신입/경력 솔루션 영업 • IT 인프라 솔루션 제안 및 영업 • 고객사 관리 및 신규 발굴,신입/경력 솔루션 영업 • IT 인프라 솔루션 제안 및 영업 • 고객사 관리 및 신규 발굴,,"경조사비, 식대",,,,,,,,active,2026-03-05 19:02:35.460351,2026-03-05 19:02:35.460331,True
295,958,채용 절차,https://careers.sktelecom.com/skRecruitStory/process,"채용 절차 SK텔레콤의 성장과 발전을 함께할 인재를 이렇게 선발합니다. Junior Talent 성장 잠재력을 보유하고 도전과 변화를 즐기는 신입 인재를 선발합니다. Junior Talent 채용 공고 확인하기 Expert Talent 전문적인 직무 역량을 보유한 최고의 경력 인재를 선발합니다. Expert Talent 채용 공고 확인하기 필기 전형 (SKCT/코딩테스트) 지원자의 인지/심층역량, 성장가능성, 조직적합도를 종합적인 관점으로 검사합니다. 서류 전형 업무 수행에 필요한 지원자의 경험과 소양, 보유 역량 등을 확인하고 검증하는 과정입니다. 서류 전형 업무 수행에 필요한 지원자의 경험과 소양, 보유 역량 등을 확인하고 검증하는 과정입니다. 1차 면접 직무 전문성과 실력을 집중 검증하는 과정입니다. 1차 면접 회사의 성장을 이끌기 위해 요구되는 소양과 역량을 다양하고 종합적인 관점으로 파악하는 과정입니다. 2차 면접 지원자가 SK텔레콤과 함께 성장할 수 있는 인재인지 리더가 심층적으로 검증합니다. 2차 면접 지원자가 SK텔레콤과 함께 성장할 수 있는 인재인지 심층적으로 판단합니다. SKCT SK에서 직무 수행을 위해 요구되는 역량을 다양하고 종합적인 관점으로 검사합니다. 건강 검진 SK텔레콤의 구성원이 되어 업무를 수행하고 행복을 추구하는 데에 건강 상 어려움과 불편함은 없는지 확인하고 지원하기 위해 시행합니다. 채용 절차 및 기타 궁금하신 사항은 ‘자주하는 질문’을 참고해주세요. 자주하는 질문 바로 가기 2024년 7월 22일 이후 새롭게 진행되는 채용 공고는​ SK 그룹 공통 채용 포털 ‘SK Careers’에 게시될 예정입니다. 기존에 전형이 진행 중이던 공고는​ ‘the Careers’에서 현황을 확인하실 수 있으니​ ​해당 내용을 참고하시어 아래 링크를 선택해주시기 바랍니다. the Careers 바로가기​ SK Careers 바로가기​​",,,"SK텔레콤의 성장과 발전을 함께할 인재를 이렇게 선발합니다. Junior Talent 성장 잠재력을 보유하고 도전과 변화를 즐기는 신입 인재를 선발합니다. Junior Talent 채용 공고 확인하기 Expert Talent 전문적인 직무 역량을 보유한 최고의 경력 인재를 선발합니다. Expert Talent 채용 공고 확인하기 필기 전형 (SKCT/코딩테스트) 지원자의 인지/심층역량, 성장가능성, 조직적합도를 종합적인 관점으로 검사합니다. 서류 전형 업무 수행에 필요한 지원자의 경험과 소양, 보유 역량 등을 확인하고 검증하는 과정입니다. 서류 전형 업무 수행에 필요한 지원자의 경험과 소양, 보유 역량 등을 확인하고 검증하는 과정입니다. 1차 면접 직무 전문성과 실력을 집중 검증하는 과정입니다. 1차 면접 회사의 성장을 이끌기 위해 요구되는 소양과 역량을 다양하고 종합적인 관점으로 파악하는 과정입니다. 2차 면접 지원자가 SK텔레콤과 함께 성장할 수 있는 인재인지 리더가 심층적으로 검증합니다. 2차 면접 지원자가 SK텔레콤과 함께 성장할 수 있는 인재인지 심층적으로 판단합니다. SKCT SK에서 직무 수행을 위해 요구되는 역량을 다양하고 종합적인 관점으로 검사합니다. 건강 검진 SK텔레콤의 구성원이 되어 업무를 수행하고 행복을 추구하는 데에 건강 상 어려움과 불편함은 없는지 확인하고 지원하기 위해 시행합니다.",,,,,,,,,active,2026-03-05 19:02:39.103987,2026-03-05 19:02:39.103962,True
296,959,메인콘텐츠,https://slowalk.co.kr/archives/23249#job-1,"채용 [채용중] 슬로워크 콘텐츠 마케터 or 브랜드 기획자 채용 공고(~3.13) 2026.3.3. We are creators for movement. 슬로워크는 좋은 브랜드 경험을 통해 긍정적인 움직임을 만듭니다. 우리와 함께 콘텐츠를 통해 좋은 브랜드 경험을 만들어가요. 좋은 콘텐츠가 만드는 브랜드의 파급력을 믿습니다. 채용분야 콘텐츠 마케터 or 브랜드 기획자 마케팅 감각과 감도있는 글쓰기를 바탕으로, 프로젝트 운영부터 브랜드 경험 확장까지 함께 고민할 기획팀 멤버를 찾습니다. 주요 업무 프로젝트 운영 콘텐츠 매니징 : 홈페이지 콘텐츠 업데이트 및 주제 기반 운영 (월별) 퍼포먼스 관리: 월간 성과 리포트 작성 및 데이터 기반의 콘텐츠 도달/전환 개선안 도출 커뮤니케이션: 클라이언트 및 유관 부서와의 유기적인 협업 및 일정 관리 기획팀 공통 업무 (브랜드 빌딩) 브랜드 전략 기획, 버벌 아이덴티티 등 개발 다양한 온/오프라인 채널(SNS, 뉴스레터, 책자 등)의 마케팅 콘텐츠 기획 및 원고 작성 운영 경험을 바탕으로 한 신규 프로젝트 제안 및 PM 업무 지원 인터널 브랜드 ‘돌멩이’ 프로젝트 ‘돌멩이’ 브랜드 가치를 담은 돌멩이레터 기획 및 작성(월1건) 인스타그램 운영 및 커뮤니티/커머스 등 브랜드 확장 과정 참여 지원 자격 3년 이상의 디지털 콘텐츠 기획 및 운영 경험이 있는 분 프로젝트의 일정과 과업을 스스로 관리할 수 있는 꼼꼼함이 있는 분 데이터(리포트)를 통해 콘텐츠의 보완점을 찾고 제안할 수 있는 분 브랜드 기획과 브랜딩 전반에 대한 깊은 호기심과 탐구심을 가진 분 우대 조건 브랜드 감도: 브랜드의 철학을 깊이 있게 해석하고, 이를 감도 높은 사용자 경험으로 설계할 줄 아는 분 제안 역량: 브랜딩 제안서 작성 및 발표 경험이 있는 분 데이터 기반 사고: GA4 등 로그 분석 툴 활용 경험이 있거나 리포트 기반의 운영 개선 경험이 있는 분 툴 활용: 피그마를 활용한 기획 및 협업 경험이 있는 분 AI 툴을 업무에 적극 도입하여 효율과 퀄리티를 높이는 실험을 즐기시는 분 채용절차 1차 심사 : 서류 2차 심사 : 면접 *필요에 따라 과제가 있을 수도 있습니다. *본 채용은 채용 시 마감됩니다. 업무 조건 채용 형태 : 입사 후 업무 적합성평가 기간(3개월) 후, 정규직으로 전환 업무 장소 : 서울특별시 마포구 동교로39길 4-13 3층 급여: 내규 협의 4대보험 가입, 1개월 근무 시 유급휴가 1일 사용 가능 노트북 등 업무에 필요한 하드웨어와 소프트웨어 제공 *주 2회 재택근무를 시행하고 있으며, 펫 프랜들리 사무실입니다. 제출 서류 *업무 역량과 관계없는 개인정보가 삽입되지 않게 주의해 주세요. 입사지원서 자기소개서 포트폴리오 직접 기획한 제안서&콘텐츠를 포함해주세요. 지원 방법 : 이메일(recruit+planning@slowalk.co.kr)로 서류 제출 (이메일 제목 : [채용 분야]지원자명) 문의 : recruit@slowalk.co.kr (문의는 메일로만 받습니다.)",,,,재택근무,,서울,,,,,,active,2026-03-05 19:02:40.987365,2026-03-05 19:02:40.987341,True
297,984,채용정보,http://shineit.co.kr?act=info.page&pcode=sub0106#job-2,"채용내용 채용분야 영업부, 기술부 채용기간 상시채용 전형절차 1 입사지원 recruit@shineit.co.kr 2 서류전형 3 개별면접 서류전형 통과자에 한해 개별 연락 진행 4 최종합격자발표 개별통보 근무조건 연봉 신입, 경력에 따라 다름 퇴직금 퇴직연금제도 운영 상여금 연봉 외 인센티브, 특별 상여금 근무시간 주 5일제 (9시~18시) 복리후생 4대보험 (건강보험, 국민연금,고용보험, 산재보험 ) 연차 근로기준법에 준하는 연차 지급 경조사 지원 사규에 따른 경조휴가 및 경조사비지원 휴가지원 법정휴일 및 근로자의 날 휴무 선물지급 명절, 생일 상여금 지급 장기근속자 포상 상여금 휴가 지원 식사 및 통신비, 운동지원금 지원 건강검진 건강검진 지원 근무외 수당 기술부 휴일 적용",,,,"건강검진, 경조사비, 경조휴가",,,,,,,,active,2026-03-05 19:02:46.162485,2026-03-05 19:02:46.162469,True
298,1000,Recruit,http://www.2ksystem.co.kr/sub4/sub_01.html,"채용 절차 및 지원 응시자격 ○ 성실, 근면하며 긍정적 성격의 소유자 ○ 해당분야 자격을 취득하셨거나 전공하신 분은 우대합니다. ○ 해외 여행에 결격사유가 없고 병역기피 사실이 없는 자 ○ 국가 보훈 대상자는 관계법령에 의거 전형 시 가점 부여 합니다. 모집시기 ○ 채용은 정기 채용과 경영환경 및 조직변화에 따라 수시로 실시하는 상시 채용으로 모집합니다. 입사 지원 시 제출된 서류의 내용 허위 기재 및 당사 기준에 결격사유가 있는 자는 입사를 취소할 수 있습니다. 제출 서류 및 문의 ○ 제출 서류 - 이력서(사진첨부), 자기소개서, 경력소개서(경력자에 한함), 자격증 사본(해당자에 한함) 각 1부. ○ 채용 문의 - 경영관리본부 TEL 062-974-0176 / E-mail : chkim@2ksystem.co.kr 로 연락 주시기 바랍니다. 입사지원",,"합니다. ○ 해외 여행에 결격사유가 없고 병역기피 사실이 없는 자 ○ 국가 보훈 대상자는 관계법령에 의거 전형 시 가점 부여 합니다. 모집시기 ○ 채용은 정기 채용과 경영환경 및 조직변화에 따라 수시로 실시하는 상시 채용으로 모집합니다. 입사 지원 시 제출된 서류의 내용 허위 기재 및 당사 기준에 결격사유가 있는 자는 입사를 취소할 수 있습니다. 제출 서류 및 문의 ○ 제출 서류 - 이력서(사진첨부), 자기소개서, 경력소개서(경력자에 한함), 자격증 사본(해당자에 한함) 각 1부. ○ 채용 문의 - 경영관리본부 TEL 062-974-0176 / E-mail : chkim@2ksystem.co.kr 로 연락 주시기 바랍니다. 입사지원","및 지원 응시자격 ○ 성실, 근면하며 긍정적 성격의 소유자 ○ 해당분야 자격을 취득하셨거나 전공하신 분은 우대합니다. ○ 해외 여행에 결격사유가 없고 병역기피 사실이 없는 자 ○ 국가 보훈 대상자는 관계법령에 의거 전형 시 가점 부여 합니다. 모집시기 ○ 채용은 정기 채용과 경영환경 및 조직변화에 따라 수시로 실시하는 상시 채용으로 모집합니다. 입사 지원 시 제출된 서류의 내용 허위 기재 및 당사 기준에 결격사유가 있는 자는 입사를 취소할 수 있습니다. 제출 서류 및 문의 ○ 제출 서류 - 이력서(사진첨부), 자기소개서, 경력소개서(경력자에 한함), 자격증 사본(해당자에 한함) 각 1부. ○ 채용 문의 - 경영관리본부 TEL 062-974-0176 / E-mail : chkim@2ksystem.co.kr 로 연락 주시기 바랍니다. 입사지원",,,,,,,,,active,2026-03-05 19:02:51.886874,2026-03-05 19:02:51.886855,True
299,1005,채용부문,http://www.formalworks.com/recruit,"01 채용안내 채용부문 개발 Java 응용프로그램 개발 (Standalone, Server, Client) 인포메이션 시스템 개발 프로그램 검증(검사) 도구 개발 Java GUI 개발 (Swing) 소프트웨어 시험 및 검증 임베디드 소프트웨어(자동차 등)시험 안전등급 소프트웨어(원자력 등)시험 안전등급 소프트웨어(원자력 등)인허가 지원 사이버보안 사이버보안 프로세스 수립/적용 제어 시스템 위협 분석 소프트웨어 개발 단계별 사이버보안 평가 세부내용 정규직 전문연구요원(병역특례) 지원자격 전산학과, 컴퓨터 공학 전공자 (복수전공, 부전공 포함) 4년제 대학교 졸업 이상 (졸업예정자 포함) 석사, 박사 학위자 우대 지원방법 이력서, 자기소개서, 포트폴리오(선택) 첨부 후 메일접수 recruit@formalworks.com 채용시기 정규직: 상반기, 하반기 지원자격 전산학과, 컴퓨터 공학 전공자 (복수전공, 부전공 포함) 석사 졸업예정자 및 졸업자 이상 (석박사 통합수료 포함) 지원방법 이력서, 자기소개서, 포트폴리오(선택) 첨부 후 메일접수 recruit@formalworks.com 채용시기 전문연구요원: 상시모집 채용절차 02 복리후생 ❮ ❯ 4대보험 국민연금, 고용보험 산재보험, 건강보험 휴일/휴가 연차, 경조휴가제, 반차 근로자의 날 휴무 급여제도 연봉제 퇴직금 별도 사무실 환경 휴게실, 회의실(PT가능) 안마의자, 다트 식사 저녁식사 제공, 간식 제공 에스프레소 머신기, 냉장고, 전자렌지 행사 워크샵,야유회",,"지원방법 이력서, 자기소개서, 포트폴리오(선택) 첨부 후 메일접수 recruit@formalworks.com 채용시기 정규직: 상반기, 하반기 지원자격 전산학과, 컴퓨터 공학 전공자 (복수전공, 부전공 포함) 석사 졸업예정자 및 졸업자 이상 (석박사 통합수료 포함) 지원방법 이력서, 자기소개서, 포트폴리오(선택) 첨부 후 메일접수 recruit@formalworks.com 채용시기 전문연구요원: 상시모집 채용절차 02",,경조휴가,,,정규직,,,,,active,2026-03-05 19:02:54.621170,2026-03-05 19:02:54.621138,True
